Running: -1
Reading from: "data_nproma20480/p_int.1.data"
Reading from: "data_nproma20480/p_diag.t1.1.data"
Reading from: "data_nproma20480/global_data.t0.1.data"
Reading from: "data_nproma20480/p_diag.t0.1.data"
Reading from: "data_nproma20480/global_data.t1.1.data"
Reading from: "data_nproma20480/p_metrics.t0.1.data"
Reading from: "data_nproma20480/p_patch.1.data"
Reading from: "data_nproma20480/p_metrics.t1.1.data"
Reading from: "data_nproma20480/p_prog.t0.1.data"
Reading from: "data_nproma20480/z_kin_hor_e.t1.1.data"
Reading from: "data_nproma20480/z_kin_hor_e.t0.1.data"
Reading from: "data_nproma20480/p_prog.t1.1.data"
Reading from: "data_nproma20480/ldeepatmo.1.data"
Reading from: "data_nproma20480/istep.1.data"
Reading from: "data_nproma20480/lvn_only.1.data"
Reading from: "data_nproma20480/z_vt_ie.t0.1.data"
Reading from: "data_nproma20480/z_w_concorr_me.t0.1.data"
Reading from: "data_nproma20480/ntnd.1.data"
Reading from: "data_nproma20480/z_vt_ie.t1.1.data"
Reading from: "data_nproma20480/z_w_concorr_me.t1.1.data"
Reading from: "data_nproma20480/dt_linintp_ubc.1.data"
Reading from: "data_nproma20480/dtime.1.data"
Step 1 variables, extra_diffu: 1, istep: 1, lvn_only: 0, ldeepatmo: 0
Iteration: 0
Timer velocity_no_nproma_if_prop_lvn_only_0_istep_1 took 3572 us
Iteration: 1
Timer velocity_no_nproma_if_prop_lvn_only_0_istep_1 took 408 us
Iteration: 2
Timer velocity_no_nproma_if_prop_lvn_only_0_istep_1 took 404 us
Iteration: 3
Timer velocity_no_nproma_if_prop_lvn_only_0_istep_1 took 405 us
Iteration: 4
Timer velocity_no_nproma_if_prop_lvn_only_0_istep_1 took 414 us
Iteration: 5
Timer velocity_no_nproma_if_prop_lvn_only_0_istep_1 took 412 us
Iteration: 6
Timer velocity_no_nproma_if_prop_lvn_only_0_istep_1 took 416 us
Iteration: 7
Timer velocity_no_nproma_if_prop_lvn_only_0_istep_1 took 410 us
Iteration: 8
Timer velocity_no_nproma_if_prop_lvn_only_0_istep_1 took 413 us
Iteration: 9
Timer velocity_no_nproma_if_prop_lvn_only_0_istep_1 took 413 us
Iteration: 10
Timer velocity_no_nproma_if_prop_lvn_only_0_istep_1 took 409 us
Iteration: 11
Timer velocity_no_nproma_if_prop_lvn_only_0_istep_1 took 411 us
Iteration: 12
Timer velocity_no_nproma_if_prop_lvn_only_0_istep_1 took 408 us
Iteration: 13
Timer velocity_no_nproma_if_prop_lvn_only_0_istep_1 took 408 us
Iteration: 14
Timer velocity_no_nproma_if_prop_lvn_only_0_istep_1 took 409 us
Iteration: 15
Timer velocity_no_nproma_if_prop_lvn_only_0_istep_1 took 408 us
Iteration: 16
Timer velocity_no_nproma_if_prop_lvn_only_0_istep_1 took 406 us
Iteration: 17
Timer velocity_no_nproma_if_prop_lvn_only_0_istep_1 took 410 us
Iteration: 18
Timer velocity_no_nproma_if_prop_lvn_only_0_istep_1 took 401 us
Iteration: 19
Timer velocity_no_nproma_if_prop_lvn_only_0_istep_1 took 405 us
Iteration: 20
Timer velocity_no_nproma_if_prop_lvn_only_0_istep_1 took 407 us
Iteration: 21
Timer velocity_no_nproma_if_prop_lvn_only_0_istep_1 took 406 us
Iteration: 22
Timer velocity_no_nproma_if_prop_lvn_only_0_istep_1 took 403 us
Iteration: 23
Timer velocity_no_nproma_if_prop_lvn_only_0_istep_1 took 403 us
Iteration: 24
Timer velocity_no_nproma_if_prop_lvn_only_0_istep_1 took 399 us
Iteration: 25
Timer velocity_no_nproma_if_prop_lvn_only_0_istep_1 took 401 us
Iteration: 26
Timer velocity_no_nproma_if_prop_lvn_only_0_istep_1 took 403 us
Iteration: 27
Timer velocity_no_nproma_if_prop_lvn_only_0_istep_1 took 399 us
Iteration: 28
Timer velocity_no_nproma_if_prop_lvn_only_0_istep_1 took 404 us
Iteration: 29
Timer velocity_no_nproma_if_prop_lvn_only_0_istep_1 took 396 us
Iteration: 30
Timer velocity_no_nproma_if_prop_lvn_only_0_istep_1 took 403 us
Iteration: 31
Timer velocity_no_nproma_if_prop_lvn_only_0_istep_1 took 404 us
Iteration: 32
Timer velocity_no_nproma_if_prop_lvn_only_0_istep_1 took 422 us
Iteration: 33
Timer velocity_no_nproma_if_prop_lvn_only_0_istep_1 took 418 us
Iteration: 34
Timer velocity_no_nproma_if_prop_lvn_only_0_istep_1 took 411 us
Iteration: 35
Timer velocity_no_nproma_if_prop_lvn_only_0_istep_1 took 421 us
Iteration: 36
Timer velocity_no_nproma_if_prop_lvn_only_0_istep_1 took 417 us
Iteration: 37
Timer velocity_no_nproma_if_prop_lvn_only_0_istep_1 took 422 us
Iteration: 38
Timer velocity_no_nproma_if_prop_lvn_only_0_istep_1 took 411 us
Iteration: 39
Timer velocity_no_nproma_if_prop_lvn_only_0_istep_1 took 421 us
Iteration: 40
Timer velocity_no_nproma_if_prop_lvn_only_0_istep_1 took 418 us
Iteration: 41
Timer velocity_no_nproma_if_prop_lvn_only_0_istep_1 took 419 us
Iteration: 42
Timer velocity_no_nproma_if_prop_lvn_only_0_istep_1 took 416 us
Iteration: 43
Timer velocity_no_nproma_if_prop_lvn_only_0_istep_1 took 415 us
Iteration: 44
Timer velocity_no_nproma_if_prop_lvn_only_0_istep_1 took 414 us
Iteration: 45
Timer velocity_no_nproma_if_prop_lvn_only_0_istep_1 took 418 us
Iteration: 46
Timer velocity_no_nproma_if_prop_lvn_only_0_istep_1 took 416 us
Iteration: 47
Timer velocity_no_nproma_if_prop_lvn_only_0_istep_1 took 413 us
Iteration: 48
Timer velocity_no_nproma_if_prop_lvn_only_0_istep_1 took 415 us
Iteration: 49
Timer velocity_no_nproma_if_prop_lvn_only_0_istep_1 took 417 us
Iteration: 50
Timer velocity_no_nproma_if_prop_lvn_only_0_istep_1 took 419 us
Iteration: 51
Timer velocity_no_nproma_if_prop_lvn_only_0_istep_1 took 415 us
Iteration: 52
Timer velocity_no_nproma_if_prop_lvn_only_0_istep_1 took 420 us
Iteration: 53
Timer velocity_no_nproma_if_prop_lvn_only_0_istep_1 took 409 us
Iteration: 54
Timer velocity_no_nproma_if_prop_lvn_only_0_istep_1 took 416 us
Iteration: 55
Timer velocity_no_nproma_if_prop_lvn_only_0_istep_1 took 421 us
Iteration: 56
Timer velocity_no_nproma_if_prop_lvn_only_0_istep_1 took 418 us
Iteration: 57
Timer velocity_no_nproma_if_prop_lvn_only_0_istep_1 took 410 us
Iteration: 58
Timer velocity_no_nproma_if_prop_lvn_only_0_istep_1 took 412 us
Iteration: 59
Timer velocity_no_nproma_if_prop_lvn_only_0_istep_1 took 410 us
Iteration: 60
Timer velocity_no_nproma_if_prop_lvn_only_0_istep_1 took 411 us
Iteration: 61
Timer velocity_no_nproma_if_prop_lvn_only_0_istep_1 took 410 us
Iteration: 62
Timer velocity_no_nproma_if_prop_lvn_only_0_istep_1 took 411 us
Iteration: 63
Timer velocity_no_nproma_if_prop_lvn_only_0_istep_1 took 414 us
Iteration: 64
Timer velocity_no_nproma_if_prop_lvn_only_0_istep_1 took 411 us
Iteration: 65
Timer velocity_no_nproma_if_prop_lvn_only_0_istep_1 took 407 us
Iteration: 66
Timer velocity_no_nproma_if_prop_lvn_only_0_istep_1 took 404 us
Iteration: 67
Timer velocity_no_nproma_if_prop_lvn_only_0_istep_1 took 415 us
Iteration: 68
Timer velocity_no_nproma_if_prop_lvn_only_0_istep_1 took 422 us
Iteration: 69
Timer velocity_no_nproma_if_prop_lvn_only_0_istep_1 took 413 us
Iteration: 70
Timer velocity_no_nproma_if_prop_lvn_only_0_istep_1 took 415 us
Iteration: 71
Timer velocity_no_nproma_if_prop_lvn_only_0_istep_1 took 409 us
Iteration: 72
Timer velocity_no_nproma_if_prop_lvn_only_0_istep_1 took 410 us
Iteration: 73
Timer velocity_no_nproma_if_prop_lvn_only_0_istep_1 took 409 us
Iteration: 74
Timer velocity_no_nproma_if_prop_lvn_only_0_istep_1 took 419 us
Iteration: 75
Timer velocity_no_nproma_if_prop_lvn_only_0_istep_1 took 410 us
Iteration: 76
Timer velocity_no_nproma_if_prop_lvn_only_0_istep_1 took 410 us
Iteration: 77
Timer velocity_no_nproma_if_prop_lvn_only_0_istep_1 took 429 us
Iteration: 78
Timer velocity_no_nproma_if_prop_lvn_only_0_istep_1 took 432 us
Iteration: 79
Timer velocity_no_nproma_if_prop_lvn_only_0_istep_1 took 429 us
Iteration: 80
Timer velocity_no_nproma_if_prop_lvn_only_0_istep_1 took 427 us
Iteration: 81
Timer velocity_no_nproma_if_prop_lvn_only_0_istep_1 took 421 us
Iteration: 82
Timer velocity_no_nproma_if_prop_lvn_only_0_istep_1 took 422 us
Iteration: 83
Timer velocity_no_nproma_if_prop_lvn_only_0_istep_1 took 411 us
Iteration: 84
Timer velocity_no_nproma_if_prop_lvn_only_0_istep_1 took 419 us
Iteration: 85
Timer velocity_no_nproma_if_prop_lvn_only_0_istep_1 took 417 us
Iteration: 86
Timer velocity_no_nproma_if_prop_lvn_only_0_istep_1 took 418 us
Iteration: 87
Timer velocity_no_nproma_if_prop_lvn_only_0_istep_1 took 418 us
Iteration: 88
Timer velocity_no_nproma_if_prop_lvn_only_0_istep_1 took 421 us
Iteration: 89
Timer velocity_no_nproma_if_prop_lvn_only_0_istep_1 took 414 us
Iteration: 90
Timer velocity_no_nproma_if_prop_lvn_only_0_istep_1 took 423 us
Iteration: 91
Timer velocity_no_nproma_if_prop_lvn_only_0_istep_1 took 412 us
Iteration: 92
Timer velocity_no_nproma_if_prop_lvn_only_0_istep_1 took 421 us
Iteration: 93
Timer velocity_no_nproma_if_prop_lvn_only_0_istep_1 took 431 us
Iteration: 94
Timer velocity_no_nproma_if_prop_lvn_only_0_istep_1 took 417 us
Iteration: 95
Timer velocity_no_nproma_if_prop_lvn_only_0_istep_1 took 419 us
Iteration: 96
Timer velocity_no_nproma_if_prop_lvn_only_0_istep_1 took 417 us
Iteration: 97
Timer velocity_no_nproma_if_prop_lvn_only_0_istep_1 took 416 us
Iteration: 98
Timer velocity_no_nproma_if_prop_lvn_only_0_istep_1 took 420 us
Iteration: 99
Timer velocity_no_nproma_if_prop_lvn_only_0_istep_1 took 423 us
Iteration: 100
Timer velocity_no_nproma_if_prop_lvn_only_0_istep_1 took 417 us
Iteration: 101
Timer velocity_no_nproma_if_prop_lvn_only_0_istep_1 took 425 us
Iteration: 102
Timer velocity_no_nproma_if_prop_lvn_only_0_istep_1 took 409 us
Iteration: 103
Timer velocity_no_nproma_if_prop_lvn_only_0_istep_1 took 421 us
Iteration: 104
Timer velocity_no_nproma_if_prop_lvn_only_0_istep_1 took 424 us
Iteration: 105
Timer velocity_no_nproma_if_prop_lvn_only_0_istep_1 took 415 us
Iteration: 106
Timer velocity_no_nproma_if_prop_lvn_only_0_istep_1 took 419 us
Iteration: 107
Timer velocity_no_nproma_if_prop_lvn_only_0_istep_1 took 421 us
Iteration: 108
Timer velocity_no_nproma_if_prop_lvn_only_0_istep_1 took 417 us
Iteration: 109
Timer velocity_no_nproma_if_prop_lvn_only_0_istep_1 took 427 us
Iteration: 110
Timer velocity_no_nproma_if_prop_lvn_only_0_istep_1 took 417 us
Iteration: 111
Timer velocity_no_nproma_if_prop_lvn_only_0_istep_1 took 420 us
Iteration: 112
Timer velocity_no_nproma_if_prop_lvn_only_0_istep_1 took 415 us
Iteration: 113
Timer velocity_no_nproma_if_prop_lvn_only_0_istep_1 took 417 us
Iteration: 114
Timer velocity_no_nproma_if_prop_lvn_only_0_istep_1 took 414 us
Iteration: 115
Timer velocity_no_nproma_if_prop_lvn_only_0_istep_1 took 424 us
Iteration: 116
Timer velocity_no_nproma_if_prop_lvn_only_0_istep_1 took 429 us
Iteration: 117
Timer velocity_no_nproma_if_prop_lvn_only_0_istep_1 took 419 us
Iteration: 118
Timer velocity_no_nproma_if_prop_lvn_only_0_istep_1 took 417 us
Iteration: 119
Timer velocity_no_nproma_if_prop_lvn_only_0_istep_1 took 416 us
Iteration: 120
Timer velocity_no_nproma_if_prop_lvn_only_0_istep_1 took 421 us
Iteration: 121
Timer velocity_no_nproma_if_prop_lvn_only_0_istep_1 took 422 us
Iteration: 122
Timer velocity_no_nproma_if_prop_lvn_only_0_istep_1 took 418 us
Iteration: 123
Timer velocity_no_nproma_if_prop_lvn_only_0_istep_1 took 414 us
Iteration: 124
Timer velocity_no_nproma_if_prop_lvn_only_0_istep_1 took 412 us
Iteration: 125
Timer velocity_no_nproma_if_prop_lvn_only_0_istep_1 took 417 us
Iteration: 126
Timer velocity_no_nproma_if_prop_lvn_only_0_istep_1 took 420 us
Iteration: 127
Timer velocity_no_nproma_if_prop_lvn_only_0_istep_1 took 409 us
Iteration: 128
Timer velocity_no_nproma_if_prop_lvn_only_0_istep_1 took 416 us
Iteration: 129
Timer velocity_no_nproma_if_prop_lvn_only_0_istep_1 took 423 us
Iteration: 130
Timer velocity_no_nproma_if_prop_lvn_only_0_istep_1 took 420 us
Iteration: 131
Timer velocity_no_nproma_if_prop_lvn_only_0_istep_1 took 422 us
Iteration: 132
Timer velocity_no_nproma_if_prop_lvn_only_0_istep_1 took 420 us
Iteration: 133
Timer velocity_no_nproma_if_prop_lvn_only_0_istep_1 took 420 us
Iteration: 134
Timer velocity_no_nproma_if_prop_lvn_only_0_istep_1 took 422 us
Iteration: 135
Timer velocity_no_nproma_if_prop_lvn_only_0_istep_1 took 427 us
Iteration: 136
Timer velocity_no_nproma_if_prop_lvn_only_0_istep_1 took 416 us
Iteration: 137
Timer velocity_no_nproma_if_prop_lvn_only_0_istep_1 took 421 us
Iteration: 138
Timer velocity_no_nproma_if_prop_lvn_only_0_istep_1 took 417 us
Iteration: 139
Timer velocity_no_nproma_if_prop_lvn_only_0_istep_1 took 425 us
Iteration: 140
Timer velocity_no_nproma_if_prop_lvn_only_0_istep_1 took 420 us
Iteration: 141
Timer velocity_no_nproma_if_prop_lvn_only_0_istep_1 took 422 us
Iteration: 142
Timer velocity_no_nproma_if_prop_lvn_only_0_istep_1 took 427 us
Iteration: 143
Timer velocity_no_nproma_if_prop_lvn_only_0_istep_1 took 415 us
Iteration: 144
Timer velocity_no_nproma_if_prop_lvn_only_0_istep_1 took 420 us
Iteration: 145
Timer velocity_no_nproma_if_prop_lvn_only_0_istep_1 took 422 us
Iteration: 146
Timer velocity_no_nproma_if_prop_lvn_only_0_istep_1 took 425 us
Iteration: 147
Timer velocity_no_nproma_if_prop_lvn_only_0_istep_1 took 416 us
Iteration: 148
Timer velocity_no_nproma_if_prop_lvn_only_0_istep_1 took 417 us
Iteration: 149
Timer velocity_no_nproma_if_prop_lvn_only_0_istep_1 took 419 us
Iteration: 150
Timer velocity_no_nproma_if_prop_lvn_only_0_istep_1 took 416 us
Iteration: 151
Timer velocity_no_nproma_if_prop_lvn_only_0_istep_1 took 421 us
Iteration: 152
Timer velocity_no_nproma_if_prop_lvn_only_0_istep_1 took 414 us
Iteration: 153
Timer velocity_no_nproma_if_prop_lvn_only_0_istep_1 took 418 us
Iteration: 154
Timer velocity_no_nproma_if_prop_lvn_only_0_istep_1 took 419 us
Iteration: 155
Timer velocity_no_nproma_if_prop_lvn_only_0_istep_1 took 408 us
Iteration: 156
Timer velocity_no_nproma_if_prop_lvn_only_0_istep_1 took 415 us
Iteration: 157
Timer velocity_no_nproma_if_prop_lvn_only_0_istep_1 took 418 us
Iteration: 158
Timer velocity_no_nproma_if_prop_lvn_only_0_istep_1 took 425 us
Iteration: 159
Timer velocity_no_nproma_if_prop_lvn_only_0_istep_1 took 420 us
Iteration: 160
Timer velocity_no_nproma_if_prop_lvn_only_0_istep_1 took 417 us
Iteration: 161
Timer velocity_no_nproma_if_prop_lvn_only_0_istep_1 took 420 us
Iteration: 162
Timer velocity_no_nproma_if_prop_lvn_only_0_istep_1 took 421 us
Iteration: 163
Timer velocity_no_nproma_if_prop_lvn_only_0_istep_1 took 419 us
Iteration: 164
Timer velocity_no_nproma_if_prop_lvn_only_0_istep_1 took 418 us
Iteration: 165
Timer velocity_no_nproma_if_prop_lvn_only_0_istep_1 took 428 us
Iteration: 166
Timer velocity_no_nproma_if_prop_lvn_only_0_istep_1 took 415 us
Iteration: 167
Timer velocity_no_nproma_if_prop_lvn_only_0_istep_1 took 419 us
Iteration: 168
Timer velocity_no_nproma_if_prop_lvn_only_0_istep_1 took 419 us
Iteration: 169
Timer velocity_no_nproma_if_prop_lvn_only_0_istep_1 took 416 us
Iteration: 170
Timer velocity_no_nproma_if_prop_lvn_only_0_istep_1 took 415 us
Iteration: 171
Timer velocity_no_nproma_if_prop_lvn_only_0_istep_1 took 416 us
Iteration: 172
Timer velocity_no_nproma_if_prop_lvn_only_0_istep_1 took 412 us
Iteration: 173
Timer velocity_no_nproma_if_prop_lvn_only_0_istep_1 took 418 us
Iteration: 174
Timer velocity_no_nproma_if_prop_lvn_only_0_istep_1 took 412 us
Iteration: 175
Timer velocity_no_nproma_if_prop_lvn_only_0_istep_1 took 416 us
Iteration: 176
Timer velocity_no_nproma_if_prop_lvn_only_0_istep_1 took 419 us
Iteration: 177
Timer velocity_no_nproma_if_prop_lvn_only_0_istep_1 took 424 us
Iteration: 178
Timer velocity_no_nproma_if_prop_lvn_only_0_istep_1 took 413 us
Iteration: 179
Timer velocity_no_nproma_if_prop_lvn_only_0_istep_1 took 429 us
Iteration: 180
Timer velocity_no_nproma_if_prop_lvn_only_0_istep_1 took 422 us
Iteration: 181
Timer velocity_no_nproma_if_prop_lvn_only_0_istep_1 took 417 us
Iteration: 182
Timer velocity_no_nproma_if_prop_lvn_only_0_istep_1 took 418 us
Iteration: 183
Timer velocity_no_nproma_if_prop_lvn_only_0_istep_1 took 416 us
Iteration: 184
Timer velocity_no_nproma_if_prop_lvn_only_0_istep_1 took 413 us
Iteration: 185
Timer velocity_no_nproma_if_prop_lvn_only_0_istep_1 took 411 us
Iteration: 186
Timer velocity_no_nproma_if_prop_lvn_only_0_istep_1 took 419 us
Iteration: 187
Timer velocity_no_nproma_if_prop_lvn_only_0_istep_1 took 417 us
Iteration: 188
Timer velocity_no_nproma_if_prop_lvn_only_0_istep_1 took 415 us
Iteration: 189
Timer velocity_no_nproma_if_prop_lvn_only_0_istep_1 took 415 us
Iteration: 190
Timer velocity_no_nproma_if_prop_lvn_only_0_istep_1 took 418 us
Iteration: 191
Timer velocity_no_nproma_if_prop_lvn_only_0_istep_1 took 422 us
Iteration: 192
Timer velocity_no_nproma_if_prop_lvn_only_0_istep_1 took 421 us
Iteration: 193
Timer velocity_no_nproma_if_prop_lvn_only_0_istep_1 took 420 us
Iteration: 194
Timer velocity_no_nproma_if_prop_lvn_only_0_istep_1 took 419 us
Iteration: 195
Timer velocity_no_nproma_if_prop_lvn_only_0_istep_1 took 409 us
Iteration: 196
Timer velocity_no_nproma_if_prop_lvn_only_0_istep_1 took 420 us
Iteration: 197
Timer velocity_no_nproma_if_prop_lvn_only_0_istep_1 took 407 us
Iteration: 198
Timer velocity_no_nproma_if_prop_lvn_only_0_istep_1 took 407 us
Iteration: 199
Timer velocity_no_nproma_if_prop_lvn_only_0_istep_1 took 408 us
Step 1 done.
Writing to: "/capstor/scratch/cscs/ybudanaz/icon-artifacts/velocity/gotwant/data_nproma20480/global_data_1.got"
Writing to: "/capstor/scratch/cscs/ybudanaz/icon-artifacts/velocity/gotwant/data_nproma20480/global_data_1.want"
Writing to: "/capstor/scratch/cscs/ybudanaz/icon-artifacts/velocity/gotwant/data_nproma20480/p_diag_1.got"
Writing to: "/capstor/scratch/cscs/ybudanaz/icon-artifacts/velocity/gotwant/data_nproma20480/p_metrics_1.got"
Writing to: "/capstor/scratch/cscs/ybudanaz/icon-artifacts/velocity/gotwant/data_nproma20480/p_diag_1.want"
Writing to: "/capstor/scratch/cscs/ybudanaz/icon-artifacts/velocity/gotwant/data_nproma20480/p_prog_1.got"
Writing to: "/capstor/scratch/cscs/ybudanaz/icon-artifacts/velocity/gotwant/data_nproma20480/p_metrics_1.want"
Writing to: "/capstor/scratch/cscs/ybudanaz/icon-artifacts/velocity/gotwant/data_nproma20480/p_prog_1.want"
Writing to: "/capstor/scratch/cscs/ybudanaz/icon-artifacts/velocity/gotwant/data_nproma20480/z_kin_hor_e_1.got"
Writing to: "/capstor/scratch/cscs/ybudanaz/icon-artifacts/velocity/gotwant/data_nproma20480/z_kin_hor_e_1.want"
Writing to: "/capstor/scratch/cscs/ybudanaz/icon-artifacts/velocity/gotwant/data_nproma20480/z_vt_ie_1.got"
Writing to: "/capstor/scratch/cscs/ybudanaz/icon-artifacts/velocity/gotwant/data_nproma20480/z_w_concorr_me_1.got"
Writing to: "/capstor/scratch/cscs/ybudanaz/icon-artifacts/velocity/gotwant/data_nproma20480/z_vt_ie_1.want"
Writing to: "/capstor/scratch/cscs/ybudanaz/icon-artifacts/velocity/gotwant/data_nproma20480/z_w_concorr_me_1.want"
Reading from: "data_nproma20480/p_diag.t0.2.data"
Reading from: "data_nproma20480/p_diag.t1.2.data"
Reading from: "data_nproma20480/global_data.t1.2.data"
Reading from: "data_nproma20480/p_int.2.data"
Reading from: "data_nproma20480/p_metrics.t1.2.data"
Reading from: "data_nproma20480/p_metrics.t0.2.data"
Reading from: "data_nproma20480/p_patch.2.data"
Reading from: "data_nproma20480/p_prog.t0.2.data"
Reading from: "data_nproma20480/z_kin_hor_e.t0.2.data"
Reading from: "data_nproma20480/p_prog.t1.2.data"
Reading from: "data_nproma20480/z_kin_hor_e.t1.2.data"
Reading from: "data_nproma20480/istep.2.data"
Reading from: "data_nproma20480/global_data.t0.2.data"
Reading from: "data_nproma20480/ldeepatmo.2.data"
Reading from: "data_nproma20480/lvn_only.2.data"
Reading from: "data_nproma20480/ntnd.2.data"
Reading from: "data_nproma20480/z_w_concorr_me.t0.2.data"
Reading from: "data_nproma20480/z_vt_ie.t0.2.data"
Reading from: "data_nproma20480/dt_linintp_ubc.2.data"
Reading from: "data_nproma20480/z_w_concorr_me.t1.2.data"
Reading from: "data_nproma20480/z_vt_ie.t1.2.data"
Reading from: "data_nproma20480/dtime.2.data"
Step 2 variables, extra_diffu: 1, istep: 2, lvn_only: 0, ldeepatmo: 0
Iteration: 0
Timer velocity_no_nproma_if_prop_lvn_only_0_istep_2 took 730 us
Iteration: 1
Timer velocity_no_nproma_if_prop_lvn_only_0_istep_2 took 306 us
Iteration: 2
Timer velocity_no_nproma_if_prop_lvn_only_0_istep_2 took 312 us
Iteration: 3
Timer velocity_no_nproma_if_prop_lvn_only_0_istep_2 took 300 us
Iteration: 4
Timer velocity_no_nproma_if_prop_lvn_only_0_istep_2 took 303 us
Iteration: 5
Timer velocity_no_nproma_if_prop_lvn_only_0_istep_2 took 298 us
Iteration: 6
Timer velocity_no_nproma_if_prop_lvn_only_0_istep_2 took 299 us
Iteration: 7
Timer velocity_no_nproma_if_prop_lvn_only_0_istep_2 took 293 us
Iteration: 8
Timer velocity_no_nproma_if_prop_lvn_only_0_istep_2 took 295 us
Iteration: 9
Timer velocity_no_nproma_if_prop_lvn_only_0_istep_2 took 300 us
Iteration: 10
Timer velocity_no_nproma_if_prop_lvn_only_0_istep_2 took 300 us
Iteration: 11
Timer velocity_no_nproma_if_prop_lvn_only_0_istep_2 took 298 us
Iteration: 12
Timer velocity_no_nproma_if_prop_lvn_only_0_istep_2 took 298 us
Iteration: 13
Timer velocity_no_nproma_if_prop_lvn_only_0_istep_2 took 294 us
Iteration: 14
Timer velocity_no_nproma_if_prop_lvn_only_0_istep_2 took 294 us
Iteration: 15
Timer velocity_no_nproma_if_prop_lvn_only_0_istep_2 took 294 us
Iteration: 16
Timer velocity_no_nproma_if_prop_lvn_only_0_istep_2 took 297 us
Iteration: 17
Timer velocity_no_nproma_if_prop_lvn_only_0_istep_2 took 301 us
Iteration: 18
Timer velocity_no_nproma_if_prop_lvn_only_0_istep_2 took 304 us
Iteration: 19
Timer velocity_no_nproma_if_prop_lvn_only_0_istep_2 took 302 us
Iteration: 20
Timer velocity_no_nproma_if_prop_lvn_only_0_istep_2 took 291 us
Iteration: 21
Timer velocity_no_nproma_if_prop_lvn_only_0_istep_2 took 293 us
Iteration: 22
Timer velocity_no_nproma_if_prop_lvn_only_0_istep_2 took 295 us
Iteration: 23
Timer velocity_no_nproma_if_prop_lvn_only_0_istep_2 took 297 us
Iteration: 24
Timer velocity_no_nproma_if_prop_lvn_only_0_istep_2 took 292 us
Iteration: 25
Timer velocity_no_nproma_if_prop_lvn_only_0_istep_2 took 297 us
Iteration: 26
Timer velocity_no_nproma_if_prop_lvn_only_0_istep_2 took 298 us
Iteration: 27
Timer velocity_no_nproma_if_prop_lvn_only_0_istep_2 took 302 us
Iteration: 28
Timer velocity_no_nproma_if_prop_lvn_only_0_istep_2 took 298 us
Iteration: 29
Timer velocity_no_nproma_if_prop_lvn_only_0_istep_2 took 290 us
Iteration: 30
Timer velocity_no_nproma_if_prop_lvn_only_0_istep_2 took 295 us
Iteration: 31
Timer velocity_no_nproma_if_prop_lvn_only_0_istep_2 took 299 us
Iteration: 32
Timer velocity_no_nproma_if_prop_lvn_only_0_istep_2 took 297 us
Iteration: 33
Timer velocity_no_nproma_if_prop_lvn_only_0_istep_2 took 296 us
Iteration: 34
Timer velocity_no_nproma_if_prop_lvn_only_0_istep_2 took 294 us
Iteration: 35
Timer velocity_no_nproma_if_prop_lvn_only_0_istep_2 took 295 us
Iteration: 36
Timer velocity_no_nproma_if_prop_lvn_only_0_istep_2 took 294 us
Iteration: 37
Timer velocity_no_nproma_if_prop_lvn_only_0_istep_2 took 297 us
Iteration: 38
Timer velocity_no_nproma_if_prop_lvn_only_0_istep_2 took 295 us
Iteration: 39
Timer velocity_no_nproma_if_prop_lvn_only_0_istep_2 took 295 us
Iteration: 40
Timer velocity_no_nproma_if_prop_lvn_only_0_istep_2 took 293 us
Iteration: 41
Timer velocity_no_nproma_if_prop_lvn_only_0_istep_2 took 296 us
Iteration: 42
Timer velocity_no_nproma_if_prop_lvn_only_0_istep_2 took 295 us
Iteration: 43
Timer velocity_no_nproma_if_prop_lvn_only_0_istep_2 took 291 us
Iteration: 44
Timer velocity_no_nproma_if_prop_lvn_only_0_istep_2 took 295 us
Iteration: 45
Timer velocity_no_nproma_if_prop_lvn_only_0_istep_2 took 293 us
Iteration: 46
Timer velocity_no_nproma_if_prop_lvn_only_0_istep_2 took 289 us
Iteration: 47
Timer velocity_no_nproma_if_prop_lvn_only_0_istep_2 took 298 us
Iteration: 48
Timer velocity_no_nproma_if_prop_lvn_only_0_istep_2 took 294 us
Iteration: 49
Timer velocity_no_nproma_if_prop_lvn_only_0_istep_2 took 289 us
Iteration: 50
Timer velocity_no_nproma_if_prop_lvn_only_0_istep_2 took 293 us
Iteration: 51
Timer velocity_no_nproma_if_prop_lvn_only_0_istep_2 took 288 us
Iteration: 52
Timer velocity_no_nproma_if_prop_lvn_only_0_istep_2 took 292 us
Iteration: 53
Timer velocity_no_nproma_if_prop_lvn_only_0_istep_2 took 289 us
Iteration: 54
Timer velocity_no_nproma_if_prop_lvn_only_0_istep_2 took 295 us
Iteration: 55
Timer velocity_no_nproma_if_prop_lvn_only_0_istep_2 took 295 us
Iteration: 56
Timer velocity_no_nproma_if_prop_lvn_only_0_istep_2 took 290 us
Iteration: 57
Timer velocity_no_nproma_if_prop_lvn_only_0_istep_2 took 293 us
Iteration: 58
Timer velocity_no_nproma_if_prop_lvn_only_0_istep_2 took 295 us
Iteration: 59
Timer velocity_no_nproma_if_prop_lvn_only_0_istep_2 took 287 us
Iteration: 60
Timer velocity_no_nproma_if_prop_lvn_only_0_istep_2 took 294 us
Iteration: 61
Timer velocity_no_nproma_if_prop_lvn_only_0_istep_2 took 292 us
Iteration: 62
Timer velocity_no_nproma_if_prop_lvn_only_0_istep_2 took 290 us
Iteration: 63
Timer velocity_no_nproma_if_prop_lvn_only_0_istep_2 took 289 us
Iteration: 64
Timer velocity_no_nproma_if_prop_lvn_only_0_istep_2 took 288 us
Iteration: 65
Timer velocity_no_nproma_if_prop_lvn_only_0_istep_2 took 289 us
Iteration: 66
Timer velocity_no_nproma_if_prop_lvn_only_0_istep_2 took 280 us
Iteration: 67
Timer velocity_no_nproma_if_prop_lvn_only_0_istep_2 took 270 us
Iteration: 68
Timer velocity_no_nproma_if_prop_lvn_only_0_istep_2 took 276 us
Iteration: 69
Timer velocity_no_nproma_if_prop_lvn_only_0_istep_2 took 282 us
Iteration: 70
Timer velocity_no_nproma_if_prop_lvn_only_0_istep_2 took 283 us
Iteration: 71
Timer velocity_no_nproma_if_prop_lvn_only_0_istep_2 took 282 us
Iteration: 72
Timer velocity_no_nproma_if_prop_lvn_only_0_istep_2 took 279 us
Iteration: 73
Timer velocity_no_nproma_if_prop_lvn_only_0_istep_2 took 282 us
Iteration: 74
Timer velocity_no_nproma_if_prop_lvn_only_0_istep_2 took 280 us
Iteration: 75
Timer velocity_no_nproma_if_prop_lvn_only_0_istep_2 took 278 us
Iteration: 76
Timer velocity_no_nproma_if_prop_lvn_only_0_istep_2 took 279 us
Iteration: 77
Timer velocity_no_nproma_if_prop_lvn_only_0_istep_2 took 277 us
Iteration: 78
Timer velocity_no_nproma_if_prop_lvn_only_0_istep_2 took 281 us
Iteration: 79
Timer velocity_no_nproma_if_prop_lvn_only_0_istep_2 took 282 us
Iteration: 80
Timer velocity_no_nproma_if_prop_lvn_only_0_istep_2 took 279 us
Iteration: 81
Timer velocity_no_nproma_if_prop_lvn_only_0_istep_2 took 282 us
Iteration: 82
Timer velocity_no_nproma_if_prop_lvn_only_0_istep_2 took 279 us
Iteration: 83
Timer velocity_no_nproma_if_prop_lvn_only_0_istep_2 took 286 us
Iteration: 84
Timer velocity_no_nproma_if_prop_lvn_only_0_istep_2 took 286 us
Iteration: 85
Timer velocity_no_nproma_if_prop_lvn_only_0_istep_2 took 283 us
Iteration: 86
Timer velocity_no_nproma_if_prop_lvn_only_0_istep_2 took 278 us
Iteration: 87
Timer velocity_no_nproma_if_prop_lvn_only_0_istep_2 took 278 us
Iteration: 88
Timer velocity_no_nproma_if_prop_lvn_only_0_istep_2 took 282 us
Iteration: 89
Timer velocity_no_nproma_if_prop_lvn_only_0_istep_2 took 282 us
Iteration: 90
Timer velocity_no_nproma_if_prop_lvn_only_0_istep_2 took 275 us
Iteration: 91
Timer velocity_no_nproma_if_prop_lvn_only_0_istep_2 took 283 us
Iteration: 92
Timer velocity_no_nproma_if_prop_lvn_only_0_istep_2 took 283 us
Iteration: 93
Timer velocity_no_nproma_if_prop_lvn_only_0_istep_2 took 283 us
Iteration: 94
Timer velocity_no_nproma_if_prop_lvn_only_0_istep_2 took 288 us
Iteration: 95
Timer velocity_no_nproma_if_prop_lvn_only_0_istep_2 took 285 us
Iteration: 96
Timer velocity_no_nproma_if_prop_lvn_only_0_istep_2 took 278 us
Iteration: 97
Timer velocity_no_nproma_if_prop_lvn_only_0_istep_2 took 279 us
Iteration: 98
Timer velocity_no_nproma_if_prop_lvn_only_0_istep_2 took 282 us
Iteration: 99
Timer velocity_no_nproma_if_prop_lvn_only_0_istep_2 took 276 us
Iteration: 100
Timer velocity_no_nproma_if_prop_lvn_only_0_istep_2 took 277 us
Iteration: 101
Timer velocity_no_nproma_if_prop_lvn_only_0_istep_2 took 283 us
Iteration: 102
Timer velocity_no_nproma_if_prop_lvn_only_0_istep_2 took 284 us
Iteration: 103
Timer velocity_no_nproma_if_prop_lvn_only_0_istep_2 took 280 us
Iteration: 104
Timer velocity_no_nproma_if_prop_lvn_only_0_istep_2 took 282 us
Iteration: 105
Timer velocity_no_nproma_if_prop_lvn_only_0_istep_2 took 280 us
Iteration: 106
Timer velocity_no_nproma_if_prop_lvn_only_0_istep_2 took 279 us
Iteration: 107
Timer velocity_no_nproma_if_prop_lvn_only_0_istep_2 took 290 us
Iteration: 108
Timer velocity_no_nproma_if_prop_lvn_only_0_istep_2 took 284 us
Iteration: 109
Timer velocity_no_nproma_if_prop_lvn_only_0_istep_2 took 281 us
Iteration: 110
Timer velocity_no_nproma_if_prop_lvn_only_0_istep_2 took 281 us
Iteration: 111
Timer velocity_no_nproma_if_prop_lvn_only_0_istep_2 took 284 us
Iteration: 112
Timer velocity_no_nproma_if_prop_lvn_only_0_istep_2 took 283 us
Iteration: 113
Timer velocity_no_nproma_if_prop_lvn_only_0_istep_2 took 283 us
Iteration: 114
Timer velocity_no_nproma_if_prop_lvn_only_0_istep_2 took 282 us
Iteration: 115
Timer velocity_no_nproma_if_prop_lvn_only_0_istep_2 took 277 us
Iteration: 116
Timer velocity_no_nproma_if_prop_lvn_only_0_istep_2 took 283 us
Iteration: 117
Timer velocity_no_nproma_if_prop_lvn_only_0_istep_2 took 285 us
Iteration: 118
Timer velocity_no_nproma_if_prop_lvn_only_0_istep_2 took 280 us
Iteration: 119
Timer velocity_no_nproma_if_prop_lvn_only_0_istep_2 took 283 us
Iteration: 120
Timer velocity_no_nproma_if_prop_lvn_only_0_istep_2 took 281 us
Iteration: 121
Timer velocity_no_nproma_if_prop_lvn_only_0_istep_2 took 286 us
Iteration: 122
Timer velocity_no_nproma_if_prop_lvn_only_0_istep_2 took 282 us
Iteration: 123
Timer velocity_no_nproma_if_prop_lvn_only_0_istep_2 took 280 us
Iteration: 124
Timer velocity_no_nproma_if_prop_lvn_only_0_istep_2 took 280 us
Iteration: 125
Timer velocity_no_nproma_if_prop_lvn_only_0_istep_2 took 286 us
Iteration: 126
Timer velocity_no_nproma_if_prop_lvn_only_0_istep_2 took 283 us
Iteration: 127
Timer velocity_no_nproma_if_prop_lvn_only_0_istep_2 took 279 us
Iteration: 128
Timer velocity_no_nproma_if_prop_lvn_only_0_istep_2 took 285 us
Iteration: 129
Timer velocity_no_nproma_if_prop_lvn_only_0_istep_2 took 281 us
Iteration: 130
Timer velocity_no_nproma_if_prop_lvn_only_0_istep_2 took 290 us
Iteration: 131
Timer velocity_no_nproma_if_prop_lvn_only_0_istep_2 took 287 us
Iteration: 132
Timer velocity_no_nproma_if_prop_lvn_only_0_istep_2 took 279 us
Iteration: 133
Timer velocity_no_nproma_if_prop_lvn_only_0_istep_2 took 287 us
Iteration: 134
Timer velocity_no_nproma_if_prop_lvn_only_0_istep_2 took 279 us
Iteration: 135
Timer velocity_no_nproma_if_prop_lvn_only_0_istep_2 took 281 us
Iteration: 136
Timer velocity_no_nproma_if_prop_lvn_only_0_istep_2 took 279 us
Iteration: 137
Timer velocity_no_nproma_if_prop_lvn_only_0_istep_2 took 281 us
Iteration: 138
Timer velocity_no_nproma_if_prop_lvn_only_0_istep_2 took 282 us
Iteration: 139
Timer velocity_no_nproma_if_prop_lvn_only_0_istep_2 took 284 us
Iteration: 140
Timer velocity_no_nproma_if_prop_lvn_only_0_istep_2 took 275 us
Iteration: 141
Timer velocity_no_nproma_if_prop_lvn_only_0_istep_2 took 280 us
Iteration: 142
Timer velocity_no_nproma_if_prop_lvn_only_0_istep_2 took 286 us
Iteration: 143
Timer velocity_no_nproma_if_prop_lvn_only_0_istep_2 took 277 us
Iteration: 144
Timer velocity_no_nproma_if_prop_lvn_only_0_istep_2 took 275 us
Iteration: 145
Timer velocity_no_nproma_if_prop_lvn_only_0_istep_2 took 280 us
Iteration: 146
Timer velocity_no_nproma_if_prop_lvn_only_0_istep_2 took 285 us
Iteration: 147
Timer velocity_no_nproma_if_prop_lvn_only_0_istep_2 took 283 us
Iteration: 148
Timer velocity_no_nproma_if_prop_lvn_only_0_istep_2 took 280 us
Iteration: 149
Timer velocity_no_nproma_if_prop_lvn_only_0_istep_2 took 283 us
Iteration: 150
Timer velocity_no_nproma_if_prop_lvn_only_0_istep_2 took 284 us
Iteration: 151
Timer velocity_no_nproma_if_prop_lvn_only_0_istep_2 took 285 us
Iteration: 152
Timer velocity_no_nproma_if_prop_lvn_only_0_istep_2 took 283 us
Iteration: 153
Timer velocity_no_nproma_if_prop_lvn_only_0_istep_2 took 281 us
Iteration: 154
Timer velocity_no_nproma_if_prop_lvn_only_0_istep_2 took 280 us
Iteration: 155
Timer velocity_no_nproma_if_prop_lvn_only_0_istep_2 took 280 us
Iteration: 156
Timer velocity_no_nproma_if_prop_lvn_only_0_istep_2 took 279 us
Iteration: 157
Timer velocity_no_nproma_if_prop_lvn_only_0_istep_2 took 280 us
Iteration: 158
Timer velocity_no_nproma_if_prop_lvn_only_0_istep_2 took 289 us
Iteration: 159
Timer velocity_no_nproma_if_prop_lvn_only_0_istep_2 took 279 us
Iteration: 160
Timer velocity_no_nproma_if_prop_lvn_only_0_istep_2 took 283 us
Iteration: 161
Timer velocity_no_nproma_if_prop_lvn_only_0_istep_2 took 280 us
Iteration: 162
Timer velocity_no_nproma_if_prop_lvn_only_0_istep_2 took 279 us
Iteration: 163
Timer velocity_no_nproma_if_prop_lvn_only_0_istep_2 took 281 us
Iteration: 164
Timer velocity_no_nproma_if_prop_lvn_only_0_istep_2 took 276 us
Iteration: 165
Timer velocity_no_nproma_if_prop_lvn_only_0_istep_2 took 280 us
Iteration: 166
Timer velocity_no_nproma_if_prop_lvn_only_0_istep_2 took 275 us
Iteration: 167
Timer velocity_no_nproma_if_prop_lvn_only_0_istep_2 took 284 us
Iteration: 168
Timer velocity_no_nproma_if_prop_lvn_only_0_istep_2 took 277 us
Iteration: 169
Timer velocity_no_nproma_if_prop_lvn_only_0_istep_2 took 281 us
Iteration: 170
Timer velocity_no_nproma_if_prop_lvn_only_0_istep_2 took 283 us
Iteration: 171
Timer velocity_no_nproma_if_prop_lvn_only_0_istep_2 took 284 us
Iteration: 172
Timer velocity_no_nproma_if_prop_lvn_only_0_istep_2 took 278 us
Iteration: 173
Timer velocity_no_nproma_if_prop_lvn_only_0_istep_2 took 281 us
Iteration: 174
Timer velocity_no_nproma_if_prop_lvn_only_0_istep_2 took 277 us
Iteration: 175
Timer velocity_no_nproma_if_prop_lvn_only_0_istep_2 took 280 us
Iteration: 176
Timer velocity_no_nproma_if_prop_lvn_only_0_istep_2 took 279 us
Iteration: 177
Timer velocity_no_nproma_if_prop_lvn_only_0_istep_2 took 279 us
Iteration: 178
Timer velocity_no_nproma_if_prop_lvn_only_0_istep_2 took 280 us
Iteration: 179
Timer velocity_no_nproma_if_prop_lvn_only_0_istep_2 took 279 us
Iteration: 180
Timer velocity_no_nproma_if_prop_lvn_only_0_istep_2 took 277 us
Iteration: 181
Timer velocity_no_nproma_if_prop_lvn_only_0_istep_2 took 285 us
Iteration: 182
Timer velocity_no_nproma_if_prop_lvn_only_0_istep_2 took 274 us
Iteration: 183
Timer velocity_no_nproma_if_prop_lvn_only_0_istep_2 took 279 us
Iteration: 184
Timer velocity_no_nproma_if_prop_lvn_only_0_istep_2 took 276 us
Iteration: 185
Timer velocity_no_nproma_if_prop_lvn_only_0_istep_2 took 277 us
Iteration: 186
Timer velocity_no_nproma_if_prop_lvn_only_0_istep_2 took 283 us
Iteration: 187
Timer velocity_no_nproma_if_prop_lvn_only_0_istep_2 took 287 us
Iteration: 188
Timer velocity_no_nproma_if_prop_lvn_only_0_istep_2 took 277 us
Iteration: 189
Timer velocity_no_nproma_if_prop_lvn_only_0_istep_2 took 281 us
Iteration: 190
Timer velocity_no_nproma_if_prop_lvn_only_0_istep_2 took 282 us
Iteration: 191
Timer velocity_no_nproma_if_prop_lvn_only_0_istep_2 took 282 us
Iteration: 192
Timer velocity_no_nproma_if_prop_lvn_only_0_istep_2 took 276 us
Iteration: 193
Timer velocity_no_nproma_if_prop_lvn_only_0_istep_2 took 285 us
Iteration: 194
Timer velocity_no_nproma_if_prop_lvn_only_0_istep_2 took 273 us
Iteration: 195
Timer velocity_no_nproma_if_prop_lvn_only_0_istep_2 took 282 us
Iteration: 196
Timer velocity_no_nproma_if_prop_lvn_only_0_istep_2 took 277 us
Iteration: 197
Timer velocity_no_nproma_if_prop_lvn_only_0_istep_2 took 285 us
Iteration: 198
Timer velocity_no_nproma_if_prop_lvn_only_0_istep_2 took 280 us
Iteration: 199
Timer velocity_no_nproma_if_prop_lvn_only_0_istep_2 took 278 us
Step 2 done.
Writing to: "/capstor/scratch/cscs/ybudanaz/icon-artifacts/velocity/gotwant/data_nproma20480/global_data_2.got"
Writing to: "/capstor/scratch/cscs/ybudanaz/icon-artifacts/velocity/gotwant/data_nproma20480/global_data_2.want"
Writing to: "/capstor/scratch/cscs/ybudanaz/icon-artifacts/velocity/gotwant/data_nproma20480/p_diag_2.got"
Writing to: "/capstor/scratch/cscs/ybudanaz/icon-artifacts/velocity/gotwant/data_nproma20480/p_diag_2.want"
Writing to: "/capstor/scratch/cscs/ybudanaz/icon-artifacts/velocity/gotwant/data_nproma20480/p_metrics_2.got"
Writing to: "/capstor/scratch/cscs/ybudanaz/icon-artifacts/velocity/gotwant/data_nproma20480/p_metrics_2.want"
Writing to: "/capstor/scratch/cscs/ybudanaz/icon-artifacts/velocity/gotwant/data_nproma20480/p_prog_2.got"
Writing to: "/capstor/scratch/cscs/ybudanaz/icon-artifacts/velocity/gotwant/data_nproma20480/p_prog_2.want"
Writing to: "/capstor/scratch/cscs/ybudanaz/icon-artifacts/velocity/gotwant/data_nproma20480/z_kin_hor_e_2.got"
Writing to: "/capstor/scratch/cscs/ybudanaz/icon-artifacts/velocity/gotwant/data_nproma20480/z_vt_ie_2.got"
Writing to: "/capstor/scratch/cscs/ybudanaz/icon-artifacts/velocity/gotwant/data_nproma20480/z_vt_ie_2.want"
Writing to: "/capstor/scratch/cscs/ybudanaz/icon-artifacts/velocity/gotwant/data_nproma20480/z_kin_hor_e_2.want"
Writing to: "/capstor/scratch/cscs/ybudanaz/icon-artifacts/velocity/gotwant/data_nproma20480/z_w_concorr_me_2.got"
Writing to: "/capstor/scratch/cscs/ybudanaz/icon-artifacts/velocity/gotwant/data_nproma20480/z_w_concorr_me_2.want"
Reading from: "data_nproma20480/p_int.7.data"
Reading from: "data_nproma20480/global_data.t0.7.data"
Reading from: "data_nproma20480/p_diag.t1.7.data"
Reading from: "data_nproma20480/global_data.t1.7.data"
Reading from: "data_nproma20480/p_patch.7.data"
Reading from: "data_nproma20480/p_diag.t0.7.data"
Reading from: "data_nproma20480/p_metrics.t1.7.data"
Reading from: "data_nproma20480/p_prog.t0.7.data"
Reading from: "data_nproma20480/z_kin_hor_e.t0.7.data"
Reading from: "data_nproma20480/z_vt_ie.t0.7.data"
Reading from: "data_nproma20480/p_prog.t1.7.data"
Reading from: "data_nproma20480/p_metrics.t0.7.data"
Reading from: "data_nproma20480/z_w_concorr_me.t0.7.data"
Reading from: "data_nproma20480/istep.7.data"
Reading from: "data_nproma20480/z_kin_hor_e.t1.7.data"
Reading from: "data_nproma20480/z_vt_ie.t1.7.data"
Reading from: "data_nproma20480/ldeepatmo.7.data"
Reading from: "data_nproma20480/z_w_concorr_me.t1.7.data"
Reading from: "data_nproma20480/lvn_only.7.data"
Reading from: "data_nproma20480/dt_linintp_ubc.7.data"
Reading from: "data_nproma20480/dtime.7.data"
Reading from: "data_nproma20480/ntnd.7.data"
Step 7 variables, extra_diffu: 1, istep: 1, lvn_only: 1, ldeepatmo: 0
Timer velocity_no_nproma_if_prop_lvn_only_1_istep_1 took 637 us
Timer velocity_no_nproma_if_prop_lvn_only_1_istep_1 took 314 us
Timer velocity_no_nproma_if_prop_lvn_only_1_istep_1 took 319 us
Timer velocity_no_nproma_if_prop_lvn_only_1_istep_1 took 315 us
Timer velocity_no_nproma_if_prop_lvn_only_1_istep_1 took 315 us
Timer velocity_no_nproma_if_prop_lvn_only_1_istep_1 took 309 us
Timer velocity_no_nproma_if_prop_lvn_only_1_istep_1 took 315 us
Timer velocity_no_nproma_if_prop_lvn_only_1_istep_1 took 310 us
Timer velocity_no_nproma_if_prop_lvn_only_1_istep_1 took 317 us
Timer velocity_no_nproma_if_prop_lvn_only_1_istep_1 took 307 us
Timer velocity_no_nproma_if_prop_lvn_only_1_istep_1 took 311 us
Timer velocity_no_nproma_if_prop_lvn_only_1_istep_1 took 303 us
Timer velocity_no_nproma_if_prop_lvn_only_1_istep_1 took 301 us
Timer velocity_no_nproma_if_prop_lvn_only_1_istep_1 took 302 us
Timer velocity_no_nproma_if_prop_lvn_only_1_istep_1 took 300 us
Timer velocity_no_nproma_if_prop_lvn_only_1_istep_1 took 301 us
Timer velocity_no_nproma_if_prop_lvn_only_1_istep_1 took 302 us
Timer velocity_no_nproma_if_prop_lvn_only_1_istep_1 took 304 us
Timer velocity_no_nproma_if_prop_lvn_only_1_istep_1 took 302 us
Timer velocity_no_nproma_if_prop_lvn_only_1_istep_1 took 305 us
Timer velocity_no_nproma_if_prop_lvn_only_1_istep_1 took 303 us
Timer velocity_no_nproma_if_prop_lvn_only_1_istep_1 took 304 us
Timer velocity_no_nproma_if_prop_lvn_only_1_istep_1 took 306 us
Timer velocity_no_nproma_if_prop_lvn_only_1_istep_1 took 296 us
Timer velocity_no_nproma_if_prop_lvn_only_1_istep_1 took 299 us
Timer velocity_no_nproma_if_prop_lvn_only_1_istep_1 took 302 us
Timer velocity_no_nproma_if_prop_lvn_only_1_istep_1 took 298 us
Timer velocity_no_nproma_if_prop_lvn_only_1_istep_1 took 295 us
Timer velocity_no_nproma_if_prop_lvn_only_1_istep_1 took 301 us
Timer velocity_no_nproma_if_prop_lvn_only_1_istep_1 took 299 us
Timer velocity_no_nproma_if_prop_lvn_only_1_istep_1 took 300 us
Timer velocity_no_nproma_if_prop_lvn_only_1_istep_1 took 299 us
Timer velocity_no_nproma_if_prop_lvn_only_1_istep_1 took 296 us
Timer velocity_no_nproma_if_prop_lvn_only_1_istep_1 took 301 us
Timer velocity_no_nproma_if_prop_lvn_only_1_istep_1 took 308 us
Timer velocity_no_nproma_if_prop_lvn_only_1_istep_1 took 295 us
Timer velocity_no_nproma_if_prop_lvn_only_1_istep_1 took 302 us
Timer velocity_no_nproma_if_prop_lvn_only_1_istep_1 took 296 us
Timer velocity_no_nproma_if_prop_lvn_only_1_istep_1 took 299 us
Timer velocity_no_nproma_if_prop_lvn_only_1_istep_1 took 291 us
Timer velocity_no_nproma_if_prop_lvn_only_1_istep_1 took 297 us
Timer velocity_no_nproma_if_prop_lvn_only_1_istep_1 took 292 us
Timer velocity_no_nproma_if_prop_lvn_only_1_istep_1 took 296 us
Timer velocity_no_nproma_if_prop_lvn_only_1_istep_1 took 296 us
Timer velocity_no_nproma_if_prop_lvn_only_1_istep_1 took 296 us
Timer velocity_no_nproma_if_prop_lvn_only_1_istep_1 took 297 us
Timer velocity_no_nproma_if_prop_lvn_only_1_istep_1 took 296 us
Timer velocity_no_nproma_if_prop_lvn_only_1_istep_1 took 293 us
Timer velocity_no_nproma_if_prop_lvn_only_1_istep_1 took 296 us
Timer velocity_no_nproma_if_prop_lvn_only_1_istep_1 took 300 us
Timer velocity_no_nproma_if_prop_lvn_only_1_istep_1 took 299 us
Timer velocity_no_nproma_if_prop_lvn_only_1_istep_1 took 291 us
Timer velocity_no_nproma_if_prop_lvn_only_1_istep_1 took 292 us
Timer velocity_no_nproma_if_prop_lvn_only_1_istep_1 took 298 us
Timer velocity_no_nproma_if_prop_lvn_only_1_istep_1 took 299 us
Timer velocity_no_nproma_if_prop_lvn_only_1_istep_1 took 295 us
Timer velocity_no_nproma_if_prop_lvn_only_1_istep_1 took 290 us
Timer velocity_no_nproma_if_prop_lvn_only_1_istep_1 took 289 us
Timer velocity_no_nproma_if_prop_lvn_only_1_istep_1 took 294 us
Timer velocity_no_nproma_if_prop_lvn_only_1_istep_1 took 289 us
Timer velocity_no_nproma_if_prop_lvn_only_1_istep_1 took 295 us
Timer velocity_no_nproma_if_prop_lvn_only_1_istep_1 took 295 us
Timer velocity_no_nproma_if_prop_lvn_only_1_istep_1 took 291 us
Timer velocity_no_nproma_if_prop_lvn_only_1_istep_1 took 287 us
Timer velocity_no_nproma_if_prop_lvn_only_1_istep_1 took 290 us
Timer velocity_no_nproma_if_prop_lvn_only_1_istep_1 took 295 us
Timer velocity_no_nproma_if_prop_lvn_only_1_istep_1 took 299 us
Timer velocity_no_nproma_if_prop_lvn_only_1_istep_1 took 291 us
Timer velocity_no_nproma_if_prop_lvn_only_1_istep_1 took 301 us
Timer velocity_no_nproma_if_prop_lvn_only_1_istep_1 took 298 us
Timer velocity_no_nproma_if_prop_lvn_only_1_istep_1 took 291 us
Timer velocity_no_nproma_if_prop_lvn_only_1_istep_1 took 289 us
Timer velocity_no_nproma_if_prop_lvn_only_1_istep_1 took 289 us
Timer velocity_no_nproma_if_prop_lvn_only_1_istep_1 took 592 us
Timer velocity_no_nproma_if_prop_lvn_only_1_istep_1 took 293 us
Timer velocity_no_nproma_if_prop_lvn_only_1_istep_1 took 289 us
Timer velocity_no_nproma_if_prop_lvn_only_1_istep_1 took 294 us
Timer velocity_no_nproma_if_prop_lvn_only_1_istep_1 took 289 us
Timer velocity_no_nproma_if_prop_lvn_only_1_istep_1 took 292 us
Timer velocity_no_nproma_if_prop_lvn_only_1_istep_1 took 289 us
Timer velocity_no_nproma_if_prop_lvn_only_1_istep_1 took 288 us
Timer velocity_no_nproma_if_prop_lvn_only_1_istep_1 took 288 us
Timer velocity_no_nproma_if_prop_lvn_only_1_istep_1 took 292 us
Timer velocity_no_nproma_if_prop_lvn_only_1_istep_1 took 289 us
Timer velocity_no_nproma_if_prop_lvn_only_1_istep_1 took 293 us
Timer velocity_no_nproma_if_prop_lvn_only_1_istep_1 took 287 us
Timer velocity_no_nproma_if_prop_lvn_only_1_istep_1 took 294 us
Timer velocity_no_nproma_if_prop_lvn_only_1_istep_1 took 297 us
Timer velocity_no_nproma_if_prop_lvn_only_1_istep_1 took 289 us
Timer velocity_no_nproma_if_prop_lvn_only_1_istep_1 took 286 us
Timer velocity_no_nproma_if_prop_lvn_only_1_istep_1 took 292 us
Timer velocity_no_nproma_if_prop_lvn_only_1_istep_1 took 290 us
Timer velocity_no_nproma_if_prop_lvn_only_1_istep_1 took 301 us
Timer velocity_no_nproma_if_prop_lvn_only_1_istep_1 took 285 us
Timer velocity_no_nproma_if_prop_lvn_only_1_istep_1 took 290 us
Timer velocity_no_nproma_if_prop_lvn_only_1_istep_1 took 285 us
Timer velocity_no_nproma_if_prop_lvn_only_1_istep_1 took 288 us
Timer velocity_no_nproma_if_prop_lvn_only_1_istep_1 took 286 us
Timer velocity_no_nproma_if_prop_lvn_only_1_istep_1 took 286 us
Timer velocity_no_nproma_if_prop_lvn_only_1_istep_1 took 287 us
Timer velocity_no_nproma_if_prop_lvn_only_1_istep_1 took 289 us
Timer velocity_no_nproma_if_prop_lvn_only_1_istep_1 took 283 us
Timer velocity_no_nproma_if_prop_lvn_only_1_istep_1 took 287 us
Timer velocity_no_nproma_if_prop_lvn_only_1_istep_1 took 285 us
Timer velocity_no_nproma_if_prop_lvn_only_1_istep_1 took 287 us
Timer velocity_no_nproma_if_prop_lvn_only_1_istep_1 took 295 us
Timer velocity_no_nproma_if_prop_lvn_only_1_istep_1 took 290 us
Timer velocity_no_nproma_if_prop_lvn_only_1_istep_1 took 294 us
Timer velocity_no_nproma_if_prop_lvn_only_1_istep_1 took 290 us
Timer velocity_no_nproma_if_prop_lvn_only_1_istep_1 took 284 us
Timer velocity_no_nproma_if_prop_lvn_only_1_istep_1 took 293 us
Timer velocity_no_nproma_if_prop_lvn_only_1_istep_1 took 286 us
Timer velocity_no_nproma_if_prop_lvn_only_1_istep_1 took 289 us
Timer velocity_no_nproma_if_prop_lvn_only_1_istep_1 took 290 us
Timer velocity_no_nproma_if_prop_lvn_only_1_istep_1 took 289 us
Timer velocity_no_nproma_if_prop_lvn_only_1_istep_1 took 287 us
Timer velocity_no_nproma_if_prop_lvn_only_1_istep_1 took 289 us
Timer velocity_no_nproma_if_prop_lvn_only_1_istep_1 took 287 us
Timer velocity_no_nproma_if_prop_lvn_only_1_istep_1 took 294 us
Timer velocity_no_nproma_if_prop_lvn_only_1_istep_1 took 289 us
Timer velocity_no_nproma_if_prop_lvn_only_1_istep_1 took 295 us
Timer velocity_no_nproma_if_prop_lvn_only_1_istep_1 took 288 us
Timer velocity_no_nproma_if_prop_lvn_only_1_istep_1 took 296 us
Timer velocity_no_nproma_if_prop_lvn_only_1_istep_1 took 292 us
Timer velocity_no_nproma_if_prop_lvn_only_1_istep_1 took 294 us
Timer velocity_no_nproma_if_prop_lvn_only_1_istep_1 took 286 us
Timer velocity_no_nproma_if_prop_lvn_only_1_istep_1 took 290 us
Timer velocity_no_nproma_if_prop_lvn_only_1_istep_1 took 289 us
Timer velocity_no_nproma_if_prop_lvn_only_1_istep_1 took 288 us
Timer velocity_no_nproma_if_prop_lvn_only_1_istep_1 took 286 us
Timer velocity_no_nproma_if_prop_lvn_only_1_istep_1 took 290 us
Timer velocity_no_nproma_if_prop_lvn_only_1_istep_1 took 289 us
Timer velocity_no_nproma_if_prop_lvn_only_1_istep_1 took 289 us
Timer velocity_no_nproma_if_prop_lvn_only_1_istep_1 took 286 us
Timer velocity_no_nproma_if_prop_lvn_only_1_istep_1 took 290 us
Timer velocity_no_nproma_if_prop_lvn_only_1_istep_1 took 287 us
Timer velocity_no_nproma_if_prop_lvn_only_1_istep_1 took 294 us
Timer velocity_no_nproma_if_prop_lvn_only_1_istep_1 took 289 us
Timer velocity_no_nproma_if_prop_lvn_only_1_istep_1 took 295 us
Timer velocity_no_nproma_if_prop_lvn_only_1_istep_1 took 286 us
Timer velocity_no_nproma_if_prop_lvn_only_1_istep_1 took 291 us
Timer velocity_no_nproma_if_prop_lvn_only_1_istep_1 took 286 us
Timer velocity_no_nproma_if_prop_lvn_only_1_istep_1 took 290 us
Timer velocity_no_nproma_if_prop_lvn_only_1_istep_1 took 288 us
Timer velocity_no_nproma_if_prop_lvn_only_1_istep_1 took 286 us
Timer velocity_no_nproma_if_prop_lvn_only_1_istep_1 took 292 us
Timer velocity_no_nproma_if_prop_lvn_only_1_istep_1 took 292 us
Timer velocity_no_nproma_if_prop_lvn_only_1_istep_1 took 286 us
Timer velocity_no_nproma_if_prop_lvn_only_1_istep_1 took 292 us
Timer velocity_no_nproma_if_prop_lvn_only_1_istep_1 took 286 us
Timer velocity_no_nproma_if_prop_lvn_only_1_istep_1 took 287 us
Timer velocity_no_nproma_if_prop_lvn_only_1_istep_1 took 286 us
Timer velocity_no_nproma_if_prop_lvn_only_1_istep_1 took 290 us
Timer velocity_no_nproma_if_prop_lvn_only_1_istep_1 took 288 us
Timer velocity_no_nproma_if_prop_lvn_only_1_istep_1 took 291 us
Timer velocity_no_nproma_if_prop_lvn_only_1_istep_1 took 290 us
Timer velocity_no_nproma_if_prop_lvn_only_1_istep_1 took 288 us
Timer velocity_no_nproma_if_prop_lvn_only_1_istep_1 took 290 us
Timer velocity_no_nproma_if_prop_lvn_only_1_istep_1 took 292 us
Timer velocity_no_nproma_if_prop_lvn_only_1_istep_1 took 293 us
Timer velocity_no_nproma_if_prop_lvn_only_1_istep_1 took 290 us
Timer velocity_no_nproma_if_prop_lvn_only_1_istep_1 took 293 us
Timer velocity_no_nproma_if_prop_lvn_only_1_istep_1 took 292 us
Timer velocity_no_nproma_if_prop_lvn_only_1_istep_1 took 293 us
Timer velocity_no_nproma_if_prop_lvn_only_1_istep_1 took 291 us
Timer velocity_no_nproma_if_prop_lvn_only_1_istep_1 took 287 us
Timer velocity_no_nproma_if_prop_lvn_only_1_istep_1 took 294 us
Timer velocity_no_nproma_if_prop_lvn_only_1_istep_1 took 288 us
Timer velocity_no_nproma_if_prop_lvn_only_1_istep_1 took 290 us
Timer velocity_no_nproma_if_prop_lvn_only_1_istep_1 took 290 us
Timer velocity_no_nproma_if_prop_lvn_only_1_istep_1 took 287 us
Timer velocity_no_nproma_if_prop_lvn_only_1_istep_1 took 293 us
Timer velocity_no_nproma_if_prop_lvn_only_1_istep_1 took 294 us
Timer velocity_no_nproma_if_prop_lvn_only_1_istep_1 took 299 us
Timer velocity_no_nproma_if_prop_lvn_only_1_istep_1 took 291 us
Timer velocity_no_nproma_if_prop_lvn_only_1_istep_1 took 288 us
Timer velocity_no_nproma_if_prop_lvn_only_1_istep_1 took 292 us
Timer velocity_no_nproma_if_prop_lvn_only_1_istep_1 took 292 us
Timer velocity_no_nproma_if_prop_lvn_only_1_istep_1 took 292 us
Timer velocity_no_nproma_if_prop_lvn_only_1_istep_1 took 289 us
Timer velocity_no_nproma_if_prop_lvn_only_1_istep_1 took 295 us
Timer velocity_no_nproma_if_prop_lvn_only_1_istep_1 took 290 us
Timer velocity_no_nproma_if_prop_lvn_only_1_istep_1 took 295 us
Timer velocity_no_nproma_if_prop_lvn_only_1_istep_1 took 290 us
Timer velocity_no_nproma_if_prop_lvn_only_1_istep_1 took 293 us
Timer velocity_no_nproma_if_prop_lvn_only_1_istep_1 took 290 us
Timer velocity_no_nproma_if_prop_lvn_only_1_istep_1 took 289 us
Timer velocity_no_nproma_if_prop_lvn_only_1_istep_1 took 290 us
Timer velocity_no_nproma_if_prop_lvn_only_1_istep_1 took 296 us
Timer velocity_no_nproma_if_prop_lvn_only_1_istep_1 took 290 us
Timer velocity_no_nproma_if_prop_lvn_only_1_istep_1 took 297 us
Timer velocity_no_nproma_if_prop_lvn_only_1_istep_1 took 295 us
Timer velocity_no_nproma_if_prop_lvn_only_1_istep_1 took 297 us
Timer velocity_no_nproma_if_prop_lvn_only_1_istep_1 took 290 us
Timer velocity_no_nproma_if_prop_lvn_only_1_istep_1 took 289 us
Timer velocity_no_nproma_if_prop_lvn_only_1_istep_1 took 286 us
Timer velocity_no_nproma_if_prop_lvn_only_1_istep_1 took 293 us
Timer velocity_no_nproma_if_prop_lvn_only_1_istep_1 took 288 us
Timer velocity_no_nproma_if_prop_lvn_only_1_istep_1 took 291 us
Timer velocity_no_nproma_if_prop_lvn_only_1_istep_1 took 287 us
Step 7 done.
Writing to: "/capstor/scratch/cscs/ybudanaz/icon-artifacts/velocity/gotwant/data_nproma20480/global_data_7.got"
Writing to: "/capstor/scratch/cscs/ybudanaz/icon-artifacts/velocity/gotwant/data_nproma20480/global_data_7.want"
Writing to: "/capstor/scratch/cscs/ybudanaz/icon-artifacts/velocity/gotwant/data_nproma20480/p_diag_7.got"
Writing to: "/capstor/scratch/cscs/ybudanaz/icon-artifacts/velocity/gotwant/data_nproma20480/p_metrics_7.got"
Writing to: "/capstor/scratch/cscs/ybudanaz/icon-artifacts/velocity/gotwant/data_nproma20480/p_metrics_7.want"
Writing to: "/capstor/scratch/cscs/ybudanaz/icon-artifacts/velocity/gotwant/data_nproma20480/p_diag_7.want"
Writing to: "/capstor/scratch/cscs/ybudanaz/icon-artifacts/velocity/gotwant/data_nproma20480/z_kin_hor_e_7.got"
Writing to: "/capstor/scratch/cscs/ybudanaz/icon-artifacts/velocity/gotwant/data_nproma20480/p_prog_7.want"
Writing to: "/capstor/scratch/cscs/ybudanaz/icon-artifacts/velocity/gotwant/data_nproma20480/z_vt_ie_7.got"
Writing to: "/capstor/scratch/cscs/ybudanaz/icon-artifacts/velocity/gotwant/data_nproma20480/z_kin_hor_e_7.want"
Writing to: "/capstor/scratch/cscs/ybudanaz/icon-artifacts/velocity/gotwant/data_nproma20480/z_vt_ie_7.want"
Writing to: "/capstor/scratch/cscs/ybudanaz/icon-artifacts/velocity/gotwant/data_nproma20480/p_prog_7.got"
Writing to: "/capstor/scratch/cscs/ybudanaz/icon-artifacts/velocity/gotwant/data_nproma20480/z_w_concorr_me_7.got"
Writing to: "/capstor/scratch/cscs/ybudanaz/icon-artifacts/velocity/gotwant/data_nproma20480/z_w_concorr_me_7.want"
Reading from: "data_nproma20480/p_int.9.data"
Reading from: "data_nproma20480/p_diag.t0.9.data"
Reading from: "data_nproma20480/p_patch.9.data"
Reading from: "data_nproma20480/global_data.t1.9.data"
Reading from: "data_nproma20480/p_metrics.t0.9.data"
Reading from: "data_nproma20480/p_prog.t0.9.data"
Reading from: "data_nproma20480/global_data.t0.9.data"
Reading from: "data_nproma20480/p_diag.t1.9.data"
Reading from: "data_nproma20480/istep.9.data"
Reading from: "data_nproma20480/p_prog.t1.9.data"
Reading from: "data_nproma20480/p_metrics.t1.9.data"
Reading from: "data_nproma20480/z_kin_hor_e.t0.9.data"
Reading from: "data_nproma20480/ldeepatmo.9.data"
Reading from: "data_nproma20480/z_w_concorr_me.t0.9.data"
Reading from: "data_nproma20480/lvn_only.9.data"
Reading from: "data_nproma20480/z_kin_hor_e.t1.9.data"
Reading from: "data_nproma20480/ntnd.9.data"
Reading from: "data_nproma20480/z_w_concorr_me.t1.9.data"
Reading from: "data_nproma20480/dt_linintp_ubc.9.data"
Reading from: "data_nproma20480/dtime.9.data"
Reading from: "data_nproma20480/z_vt_ie.t0.9.data"
Reading from: "data_nproma20480/z_vt_ie.t1.9.data"
Step 9 variables, extra_diffu: 1, istep: 2, lvn_only: 0, ldeepatmo: 0
Iteration: 0
Timer velocity_no_nproma_if_prop_lvn_only_0_istep_2 took 494 us
Iteration: 1
Timer velocity_no_nproma_if_prop_lvn_only_0_istep_2 took 292 us
Iteration: 2
Timer velocity_no_nproma_if_prop_lvn_only_0_istep_2 took 286 us
Iteration: 3
Timer velocity_no_nproma_if_prop_lvn_only_0_istep_2 took 286 us
Iteration: 4
Timer velocity_no_nproma_if_prop_lvn_only_0_istep_2 took 290 us
Iteration: 5
Timer velocity_no_nproma_if_prop_lvn_only_0_istep_2 took 281 us
Iteration: 6
Timer velocity_no_nproma_if_prop_lvn_only_0_istep_2 took 289 us
Iteration: 7
Timer velocity_no_nproma_if_prop_lvn_only_0_istep_2 took 288 us
Iteration: 8
Timer velocity_no_nproma_if_prop_lvn_only_0_istep_2 took 284 us
Iteration: 9
Timer velocity_no_nproma_if_prop_lvn_only_0_istep_2 took 286 us
Iteration: 10
Timer velocity_no_nproma_if_prop_lvn_only_0_istep_2 took 279 us
Iteration: 11
Timer velocity_no_nproma_if_prop_lvn_only_0_istep_2 took 279 us
Iteration: 12
Timer velocity_no_nproma_if_prop_lvn_only_0_istep_2 took 288 us
Iteration: 13
Timer velocity_no_nproma_if_prop_lvn_only_0_istep_2 took 282 us
Iteration: 14
Timer velocity_no_nproma_if_prop_lvn_only_0_istep_2 took 285 us
Iteration: 15
Timer velocity_no_nproma_if_prop_lvn_only_0_istep_2 took 279 us
Iteration: 16
Timer velocity_no_nproma_if_prop_lvn_only_0_istep_2 took 282 us
Iteration: 17
Timer velocity_no_nproma_if_prop_lvn_only_0_istep_2 took 298 us
Iteration: 18
Timer velocity_no_nproma_if_prop_lvn_only_0_istep_2 took 280 us
Iteration: 19
Timer velocity_no_nproma_if_prop_lvn_only_0_istep_2 took 283 us
Iteration: 20
Timer velocity_no_nproma_if_prop_lvn_only_0_istep_2 took 284 us
Iteration: 21
Timer velocity_no_nproma_if_prop_lvn_only_0_istep_2 took 280 us
Iteration: 22
Timer velocity_no_nproma_if_prop_lvn_only_0_istep_2 took 282 us
Iteration: 23
Timer velocity_no_nproma_if_prop_lvn_only_0_istep_2 took 281 us
Iteration: 24
Timer velocity_no_nproma_if_prop_lvn_only_0_istep_2 took 279 us
Iteration: 25
Timer velocity_no_nproma_if_prop_lvn_only_0_istep_2 took 286 us
Iteration: 26
Timer velocity_no_nproma_if_prop_lvn_only_0_istep_2 took 280 us
Iteration: 27
Timer velocity_no_nproma_if_prop_lvn_only_0_istep_2 took 285 us
Iteration: 28
Timer velocity_no_nproma_if_prop_lvn_only_0_istep_2 took 286 us
Iteration: 29
Timer velocity_no_nproma_if_prop_lvn_only_0_istep_2 took 277 us
Iteration: 30
Timer velocity_no_nproma_if_prop_lvn_only_0_istep_2 took 277 us
Iteration: 31
Timer velocity_no_nproma_if_prop_lvn_only_0_istep_2 took 278 us
Iteration: 32
Timer velocity_no_nproma_if_prop_lvn_only_0_istep_2 took 279 us
Iteration: 33
Timer velocity_no_nproma_if_prop_lvn_only_0_istep_2 took 283 us
Iteration: 34
Timer velocity_no_nproma_if_prop_lvn_only_0_istep_2 took 279 us
Iteration: 35
Timer velocity_no_nproma_if_prop_lvn_only_0_istep_2 took 287 us
Iteration: 36
Timer velocity_no_nproma_if_prop_lvn_only_0_istep_2 took 278 us
Iteration: 37
Timer velocity_no_nproma_if_prop_lvn_only_0_istep_2 took 284 us
Iteration: 38
Timer velocity_no_nproma_if_prop_lvn_only_0_istep_2 took 274 us
Iteration: 39
Timer velocity_no_nproma_if_prop_lvn_only_0_istep_2 took 285 us
Iteration: 40
Timer velocity_no_nproma_if_prop_lvn_only_0_istep_2 took 278 us
Iteration: 41
Timer velocity_no_nproma_if_prop_lvn_only_0_istep_2 took 282 us
Iteration: 42
Timer velocity_no_nproma_if_prop_lvn_only_0_istep_2 took 274 us
Iteration: 43
Timer velocity_no_nproma_if_prop_lvn_only_0_istep_2 took 283 us
Iteration: 44
Timer velocity_no_nproma_if_prop_lvn_only_0_istep_2 took 281 us
Iteration: 45
Timer velocity_no_nproma_if_prop_lvn_only_0_istep_2 took 282 us
Iteration: 46
Timer velocity_no_nproma_if_prop_lvn_only_0_istep_2 took 273 us
Iteration: 47
Timer velocity_no_nproma_if_prop_lvn_only_0_istep_2 took 277 us
Iteration: 48
Timer velocity_no_nproma_if_prop_lvn_only_0_istep_2 took 280 us
Iteration: 49
Timer velocity_no_nproma_if_prop_lvn_only_0_istep_2 took 282 us
Iteration: 50
Timer velocity_no_nproma_if_prop_lvn_only_0_istep_2 took 274 us
Iteration: 51
Timer velocity_no_nproma_if_prop_lvn_only_0_istep_2 took 283 us
Iteration: 52
Timer velocity_no_nproma_if_prop_lvn_only_0_istep_2 took 280 us
Iteration: 53
Timer velocity_no_nproma_if_prop_lvn_only_0_istep_2 took 273 us
Iteration: 54
Timer velocity_no_nproma_if_prop_lvn_only_0_istep_2 took 275 us
Iteration: 55
Timer velocity_no_nproma_if_prop_lvn_only_0_istep_2 took 280 us
Iteration: 56
Timer velocity_no_nproma_if_prop_lvn_only_0_istep_2 took 275 us
Iteration: 57
Timer velocity_no_nproma_if_prop_lvn_only_0_istep_2 took 278 us
Iteration: 58
Timer velocity_no_nproma_if_prop_lvn_only_0_istep_2 took 273 us
Iteration: 59
Timer velocity_no_nproma_if_prop_lvn_only_0_istep_2 took 280 us
Iteration: 60
Timer velocity_no_nproma_if_prop_lvn_only_0_istep_2 took 273 us
Iteration: 61
Timer velocity_no_nproma_if_prop_lvn_only_0_istep_2 took 282 us
Iteration: 62
Timer velocity_no_nproma_if_prop_lvn_only_0_istep_2 took 269 us
Iteration: 63
Timer velocity_no_nproma_if_prop_lvn_only_0_istep_2 took 273 us
Iteration: 64
Timer velocity_no_nproma_if_prop_lvn_only_0_istep_2 took 272 us
Iteration: 65
Timer velocity_no_nproma_if_prop_lvn_only_0_istep_2 took 280 us
Iteration: 66
Timer velocity_no_nproma_if_prop_lvn_only_0_istep_2 took 271 us
Iteration: 67
Timer velocity_no_nproma_if_prop_lvn_only_0_istep_2 took 276 us
Iteration: 68
Timer velocity_no_nproma_if_prop_lvn_only_0_istep_2 took 275 us
Iteration: 69
Timer velocity_no_nproma_if_prop_lvn_only_0_istep_2 took 278 us
Iteration: 70
Timer velocity_no_nproma_if_prop_lvn_only_0_istep_2 took 273 us
Iteration: 71
Timer velocity_no_nproma_if_prop_lvn_only_0_istep_2 took 271 us
Iteration: 72
Timer velocity_no_nproma_if_prop_lvn_only_0_istep_2 took 274 us
Iteration: 73
Timer velocity_no_nproma_if_prop_lvn_only_0_istep_2 took 274 us
Iteration: 74
Timer velocity_no_nproma_if_prop_lvn_only_0_istep_2 took 279 us
Iteration: 75
Timer velocity_no_nproma_if_prop_lvn_only_0_istep_2 took 277 us
Iteration: 76
Timer velocity_no_nproma_if_prop_lvn_only_0_istep_2 took 286 us
Iteration: 77
Timer velocity_no_nproma_if_prop_lvn_only_0_istep_2 took 281 us
Iteration: 78
Timer velocity_no_nproma_if_prop_lvn_only_0_istep_2 took 279 us
Iteration: 79
Timer velocity_no_nproma_if_prop_lvn_only_0_istep_2 took 278 us
Iteration: 80
Timer velocity_no_nproma_if_prop_lvn_only_0_istep_2 took 271 us
Iteration: 81
Timer velocity_no_nproma_if_prop_lvn_only_0_istep_2 took 269 us
Iteration: 82
Timer velocity_no_nproma_if_prop_lvn_only_0_istep_2 took 275 us
Iteration: 83
Timer velocity_no_nproma_if_prop_lvn_only_0_istep_2 took 273 us
Iteration: 84
Timer velocity_no_nproma_if_prop_lvn_only_0_istep_2 took 272 us
Iteration: 85
Timer velocity_no_nproma_if_prop_lvn_only_0_istep_2 took 273 us
Iteration: 86
Timer velocity_no_nproma_if_prop_lvn_only_0_istep_2 took 273 us
Iteration: 87
Timer velocity_no_nproma_if_prop_lvn_only_0_istep_2 took 272 us
Iteration: 88
Timer velocity_no_nproma_if_prop_lvn_only_0_istep_2 took 273 us
Iteration: 89
Timer velocity_no_nproma_if_prop_lvn_only_0_istep_2 took 272 us
Iteration: 90
Timer velocity_no_nproma_if_prop_lvn_only_0_istep_2 took 275 us
Iteration: 91
Timer velocity_no_nproma_if_prop_lvn_only_0_istep_2 took 275 us
Iteration: 92
Timer velocity_no_nproma_if_prop_lvn_only_0_istep_2 took 272 us
Iteration: 93
Timer velocity_no_nproma_if_prop_lvn_only_0_istep_2 took 273 us
Iteration: 94
Timer velocity_no_nproma_if_prop_lvn_only_0_istep_2 took 273 us
Iteration: 95
Timer velocity_no_nproma_if_prop_lvn_only_0_istep_2 took 275 us
Iteration: 96
Timer velocity_no_nproma_if_prop_lvn_only_0_istep_2 took 272 us
Iteration: 97
Timer velocity_no_nproma_if_prop_lvn_only_0_istep_2 took 270 us
Iteration: 98
Timer velocity_no_nproma_if_prop_lvn_only_0_istep_2 took 276 us
Iteration: 99
Timer velocity_no_nproma_if_prop_lvn_only_0_istep_2 took 270 us
Iteration: 100
Timer velocity_no_nproma_if_prop_lvn_only_0_istep_2 took 275 us
Iteration: 101
Timer velocity_no_nproma_if_prop_lvn_only_0_istep_2 took 270 us
Iteration: 102
Timer velocity_no_nproma_if_prop_lvn_only_0_istep_2 took 273 us
Iteration: 103
Timer velocity_no_nproma_if_prop_lvn_only_0_istep_2 took 275 us
Iteration: 104
Timer velocity_no_nproma_if_prop_lvn_only_0_istep_2 took 273 us
Iteration: 105
Timer velocity_no_nproma_if_prop_lvn_only_0_istep_2 took 277 us
Iteration: 106
Timer velocity_no_nproma_if_prop_lvn_only_0_istep_2 took 272 us
Iteration: 107
Timer velocity_no_nproma_if_prop_lvn_only_0_istep_2 took 268 us
Iteration: 108
Timer velocity_no_nproma_if_prop_lvn_only_0_istep_2 took 270 us
Iteration: 109
Timer velocity_no_nproma_if_prop_lvn_only_0_istep_2 took 275 us
Iteration: 110
Timer velocity_no_nproma_if_prop_lvn_only_0_istep_2 took 276 us
Iteration: 111
Timer velocity_no_nproma_if_prop_lvn_only_0_istep_2 took 276 us
Iteration: 112
Timer velocity_no_nproma_if_prop_lvn_only_0_istep_2 took 268 us
Iteration: 113
Timer velocity_no_nproma_if_prop_lvn_only_0_istep_2 took 270 us
Iteration: 114
Timer velocity_no_nproma_if_prop_lvn_only_0_istep_2 took 277 us
Iteration: 115
Timer velocity_no_nproma_if_prop_lvn_only_0_istep_2 took 277 us
Iteration: 116
Timer velocity_no_nproma_if_prop_lvn_only_0_istep_2 took 278 us
Iteration: 117
Timer velocity_no_nproma_if_prop_lvn_only_0_istep_2 took 277 us
Iteration: 118
Timer velocity_no_nproma_if_prop_lvn_only_0_istep_2 took 278 us
Iteration: 119
Timer velocity_no_nproma_if_prop_lvn_only_0_istep_2 took 277 us
Iteration: 120
Timer velocity_no_nproma_if_prop_lvn_only_0_istep_2 took 279 us
Iteration: 121
Timer velocity_no_nproma_if_prop_lvn_only_0_istep_2 took 282 us
Iteration: 122
Timer velocity_no_nproma_if_prop_lvn_only_0_istep_2 took 276 us
Iteration: 123
Timer velocity_no_nproma_if_prop_lvn_only_0_istep_2 took 278 us
Iteration: 124
Timer velocity_no_nproma_if_prop_lvn_only_0_istep_2 took 274 us
Iteration: 125
Timer velocity_no_nproma_if_prop_lvn_only_0_istep_2 took 272 us
Iteration: 126
Timer velocity_no_nproma_if_prop_lvn_only_0_istep_2 took 279 us
Iteration: 127
Timer velocity_no_nproma_if_prop_lvn_only_0_istep_2 took 278 us
Iteration: 128
Timer velocity_no_nproma_if_prop_lvn_only_0_istep_2 took 276 us
Iteration: 129
Timer velocity_no_nproma_if_prop_lvn_only_0_istep_2 took 284 us
Iteration: 130
Timer velocity_no_nproma_if_prop_lvn_only_0_istep_2 took 274 us
Iteration: 131
Timer velocity_no_nproma_if_prop_lvn_only_0_istep_2 took 276 us
Iteration: 132
Timer velocity_no_nproma_if_prop_lvn_only_0_istep_2 took 275 us
Iteration: 133
Timer velocity_no_nproma_if_prop_lvn_only_0_istep_2 took 277 us
Iteration: 134
Timer velocity_no_nproma_if_prop_lvn_only_0_istep_2 took 281 us
Iteration: 135
Timer velocity_no_nproma_if_prop_lvn_only_0_istep_2 took 281 us
Iteration: 136
Timer velocity_no_nproma_if_prop_lvn_only_0_istep_2 took 277 us
Iteration: 137
Timer velocity_no_nproma_if_prop_lvn_only_0_istep_2 took 282 us
Iteration: 138
Timer velocity_no_nproma_if_prop_lvn_only_0_istep_2 took 274 us
Iteration: 139
Timer velocity_no_nproma_if_prop_lvn_only_0_istep_2 took 281 us
Iteration: 140
Timer velocity_no_nproma_if_prop_lvn_only_0_istep_2 took 281 us
Iteration: 141
Timer velocity_no_nproma_if_prop_lvn_only_0_istep_2 took 277 us
Iteration: 142
Timer velocity_no_nproma_if_prop_lvn_only_0_istep_2 took 283 us
Iteration: 143
Timer velocity_no_nproma_if_prop_lvn_only_0_istep_2 took 277 us
Iteration: 144
Timer velocity_no_nproma_if_prop_lvn_only_0_istep_2 took 274 us
Iteration: 145
Timer velocity_no_nproma_if_prop_lvn_only_0_istep_2 took 275 us
Iteration: 146
Timer velocity_no_nproma_if_prop_lvn_only_0_istep_2 took 277 us
Iteration: 147
Timer velocity_no_nproma_if_prop_lvn_only_0_istep_2 took 283 us
Iteration: 148
Timer velocity_no_nproma_if_prop_lvn_only_0_istep_2 took 274 us
Iteration: 149
Timer velocity_no_nproma_if_prop_lvn_only_0_istep_2 took 276 us
Iteration: 150
Timer velocity_no_nproma_if_prop_lvn_only_0_istep_2 took 275 us
Iteration: 151
Timer velocity_no_nproma_if_prop_lvn_only_0_istep_2 took 280 us
Iteration: 152
Timer velocity_no_nproma_if_prop_lvn_only_0_istep_2 took 275 us
Iteration: 153
Timer velocity_no_nproma_if_prop_lvn_only_0_istep_2 took 275 us
Iteration: 154
Timer velocity_no_nproma_if_prop_lvn_only_0_istep_2 took 276 us
Iteration: 155
Timer velocity_no_nproma_if_prop_lvn_only_0_istep_2 took 281 us
Iteration: 156
Timer velocity_no_nproma_if_prop_lvn_only_0_istep_2 took 276 us
Iteration: 157
Timer velocity_no_nproma_if_prop_lvn_only_0_istep_2 took 278 us
Iteration: 158
Timer velocity_no_nproma_if_prop_lvn_only_0_istep_2 took 280 us
Iteration: 159
Timer velocity_no_nproma_if_prop_lvn_only_0_istep_2 took 279 us
Iteration: 160
Timer velocity_no_nproma_if_prop_lvn_only_0_istep_2 took 273 us
Iteration: 161
Timer velocity_no_nproma_if_prop_lvn_only_0_istep_2 took 283 us
Iteration: 162
Timer velocity_no_nproma_if_prop_lvn_only_0_istep_2 took 277 us
Iteration: 163
Timer velocity_no_nproma_if_prop_lvn_only_0_istep_2 took 286 us
Iteration: 164
Timer velocity_no_nproma_if_prop_lvn_only_0_istep_2 took 280 us
Iteration: 165
Timer velocity_no_nproma_if_prop_lvn_only_0_istep_2 took 279 us
Iteration: 166
Timer velocity_no_nproma_if_prop_lvn_only_0_istep_2 took 277 us
Iteration: 167
Timer velocity_no_nproma_if_prop_lvn_only_0_istep_2 took 275 us
Iteration: 168
Timer velocity_no_nproma_if_prop_lvn_only_0_istep_2 took 277 us
Iteration: 169
Timer velocity_no_nproma_if_prop_lvn_only_0_istep_2 took 278 us
Iteration: 170
Timer velocity_no_nproma_if_prop_lvn_only_0_istep_2 took 279 us
Iteration: 171
Timer velocity_no_nproma_if_prop_lvn_only_0_istep_2 took 281 us
Iteration: 172
Timer velocity_no_nproma_if_prop_lvn_only_0_istep_2 took 281 us
Iteration: 173
Timer velocity_no_nproma_if_prop_lvn_only_0_istep_2 took 274 us
Iteration: 174
Timer velocity_no_nproma_if_prop_lvn_only_0_istep_2 took 278 us
Iteration: 175
Timer velocity_no_nproma_if_prop_lvn_only_0_istep_2 took 271 us
Iteration: 176
Timer velocity_no_nproma_if_prop_lvn_only_0_istep_2 took 283 us
Iteration: 177
Timer velocity_no_nproma_if_prop_lvn_only_0_istep_2 took 276 us
Iteration: 178
Timer velocity_no_nproma_if_prop_lvn_only_0_istep_2 took 273 us
Iteration: 179
Timer velocity_no_nproma_if_prop_lvn_only_0_istep_2 took 275 us
Iteration: 180
Timer velocity_no_nproma_if_prop_lvn_only_0_istep_2 took 276 us
Iteration: 181
Timer velocity_no_nproma_if_prop_lvn_only_0_istep_2 took 280 us
Iteration: 182
Timer velocity_no_nproma_if_prop_lvn_only_0_istep_2 took 272 us
Iteration: 183
Timer velocity_no_nproma_if_prop_lvn_only_0_istep_2 took 275 us
Iteration: 184
Timer velocity_no_nproma_if_prop_lvn_only_0_istep_2 took 276 us
Iteration: 185
Timer velocity_no_nproma_if_prop_lvn_only_0_istep_2 took 282 us
Iteration: 186
Timer velocity_no_nproma_if_prop_lvn_only_0_istep_2 took 273 us
Iteration: 187
Timer velocity_no_nproma_if_prop_lvn_only_0_istep_2 took 282 us
Iteration: 188
Timer velocity_no_nproma_if_prop_lvn_only_0_istep_2 took 283 us
Iteration: 189
Timer velocity_no_nproma_if_prop_lvn_only_0_istep_2 took 280 us
Iteration: 190
Timer velocity_no_nproma_if_prop_lvn_only_0_istep_2 took 278 us
Iteration: 191
Timer velocity_no_nproma_if_prop_lvn_only_0_istep_2 took 275 us
Iteration: 192
Timer velocity_no_nproma_if_prop_lvn_only_0_istep_2 took 284 us
Iteration: 193
Timer velocity_no_nproma_if_prop_lvn_only_0_istep_2 took 276 us
Iteration: 194
Timer velocity_no_nproma_if_prop_lvn_only_0_istep_2 took 279 us
Iteration: 195
Timer velocity_no_nproma_if_prop_lvn_only_0_istep_2 took 275 us
Iteration: 196
Timer velocity_no_nproma_if_prop_lvn_only_0_istep_2 took 279 us
Iteration: 197
Timer velocity_no_nproma_if_prop_lvn_only_0_istep_2 took 278 us
Iteration: 198
Timer velocity_no_nproma_if_prop_lvn_only_0_istep_2 took 276 us
Iteration: 199
Timer velocity_no_nproma_if_prop_lvn_only_0_istep_2 took 286 us
Step 9 done.
Writing to: "/capstor/scratch/cscs/ybudanaz/icon-artifacts/velocity/gotwant/data_nproma20480/global_data_9.got"
Writing to: "/capstor/scratch/cscs/ybudanaz/icon-artifacts/velocity/gotwant/data_nproma20480/global_data_9.want"
Writing to: "/capstor/scratch/cscs/ybudanaz/icon-artifacts/velocity/gotwant/data_nproma20480/p_diag_9.got"
Writing to: "/capstor/scratch/cscs/ybudanaz/icon-artifacts/velocity/gotwant/data_nproma20480/p_diag_9.want"
Writing to: "/capstor/scratch/cscs/ybudanaz/icon-artifacts/velocity/gotwant/data_nproma20480/p_metrics_9.got"
Writing to: "/capstor/scratch/cscs/ybudanaz/icon-artifacts/velocity/gotwant/data_nproma20480/p_metrics_9.want"
Writing to: "/capstor/scratch/cscs/ybudanaz/icon-artifacts/velocity/gotwant/data_nproma20480/p_prog_9.got"
Writing to: "/capstor/scratch/cscs/ybudanaz/icon-artifacts/velocity/gotwant/data_nproma20480/p_prog_9.want"
Writing to: "/capstor/scratch/cscs/ybudanaz/icon-artifacts/velocity/gotwant/data_nproma20480/z_vt_ie_9.got"
Writing to: "/capstor/scratch/cscs/ybudanaz/icon-artifacts/velocity/gotwant/data_nproma20480/z_vt_ie_9.want"
Writing to: "/capstor/scratch/cscs/ybudanaz/icon-artifacts/velocity/gotwant/data_nproma20480/z_w_concorr_me_9.got"
Writing to: "/capstor/scratch/cscs/ybudanaz/icon-artifacts/velocity/gotwant/data_nproma20480/z_kin_hor_e_9.got"
Writing to: "/capstor/scratch/cscs/ybudanaz/icon-artifacts/velocity/gotwant/data_nproma20480/z_w_concorr_me_9.want"
Writing to: "/capstor/scratch/cscs/ybudanaz/icon-artifacts/velocity/gotwant/data_nproma20480/z_kin_hor_e_9.want"
Reading from: "data_nproma20480/global_data.t0.43.data"
Reading from: "data_nproma20480/p_int.43.data"
Reading from: "data_nproma20480/p_patch.43.data"
Reading from: "data_nproma20480/p_diag.t1.43.data"
Reading from: "data_nproma20480/p_diag.t0.43.data"
Reading from: "data_nproma20480/p_metrics.t0.43.data"
Reading from: "data_nproma20480/p_prog.t0.43.data"
Reading from: "data_nproma20480/z_vt_ie.t0.43.data"
Reading from: "data_nproma20480/p_prog.t1.43.data"
Reading from: "data_nproma20480/global_data.t1.43.data"
Reading from: "data_nproma20480/p_metrics.t1.43.data"
Reading from: "data_nproma20480/z_kin_hor_e.t1.43.data"
Reading from: "data_nproma20480/z_kin_hor_e.t0.43.data"
Reading from: "data_nproma20480/istep.43.data"
Reading from: "data_nproma20480/z_w_concorr_me.t0.43.data"
Reading from: "data_nproma20480/ldeepatmo.43.data"
Reading from: "data_nproma20480/z_vt_ie.t1.43.data"
Reading from: "data_nproma20480/z_w_concorr_me.t1.43.data"
Reading from: "data_nproma20480/lvn_only.43.data"
Reading from: "data_nproma20480/ntnd.43.data"
Reading from: "data_nproma20480/dt_linintp_ubc.43.data"
Reading from: "data_nproma20480/dtime.43.data"
Step 43 variables, extra_diffu: 1, istep: 1, lvn_only: 1, ldeepatmo: 0
Timer velocity_no_nproma_if_prop_lvn_only_1_istep_1 took 488 us
Timer velocity_no_nproma_if_prop_lvn_only_1_istep_1 took 308 us
Timer velocity_no_nproma_if_prop_lvn_only_1_istep_1 took 310 us
Timer velocity_no_nproma_if_prop_lvn_only_1_istep_1 took 307 us
Timer velocity_no_nproma_if_prop_lvn_only_1_istep_1 took 306 us
Timer velocity_no_nproma_if_prop_lvn_only_1_istep_1 took 308 us
Timer velocity_no_nproma_if_prop_lvn_only_1_istep_1 took 310 us
Timer velocity_no_nproma_if_prop_lvn_only_1_istep_1 took 309 us
Timer velocity_no_nproma_if_prop_lvn_only_1_istep_1 took 308 us
Timer velocity_no_nproma_if_prop_lvn_only_1_istep_1 took 303 us
Timer velocity_no_nproma_if_prop_lvn_only_1_istep_1 took 300 us
Timer velocity_no_nproma_if_prop_lvn_only_1_istep_1 took 307 us
Timer velocity_no_nproma_if_prop_lvn_only_1_istep_1 took 308 us
Timer velocity_no_nproma_if_prop_lvn_only_1_istep_1 took 306 us
Timer velocity_no_nproma_if_prop_lvn_only_1_istep_1 took 305 us
Timer velocity_no_nproma_if_prop_lvn_only_1_istep_1 took 306 us
Timer velocity_no_nproma_if_prop_lvn_only_1_istep_1 took 309 us
Timer velocity_no_nproma_if_prop_lvn_only_1_istep_1 took 302 us
Timer velocity_no_nproma_if_prop_lvn_only_1_istep_1 took 303 us
Timer velocity_no_nproma_if_prop_lvn_only_1_istep_1 took 296 us
Timer velocity_no_nproma_if_prop_lvn_only_1_istep_1 took 304 us
Timer velocity_no_nproma_if_prop_lvn_only_1_istep_1 took 295 us
Timer velocity_no_nproma_if_prop_lvn_only_1_istep_1 took 301 us
Timer velocity_no_nproma_if_prop_lvn_only_1_istep_1 took 297 us
Timer velocity_no_nproma_if_prop_lvn_only_1_istep_1 took 306 us
Timer velocity_no_nproma_if_prop_lvn_only_1_istep_1 took 297 us
Timer velocity_no_nproma_if_prop_lvn_only_1_istep_1 took 298 us
Timer velocity_no_nproma_if_prop_lvn_only_1_istep_1 took 295 us
Timer velocity_no_nproma_if_prop_lvn_only_1_istep_1 took 308 us
Timer velocity_no_nproma_if_prop_lvn_only_1_istep_1 took 299 us
Timer velocity_no_nproma_if_prop_lvn_only_1_istep_1 took 305 us
Timer velocity_no_nproma_if_prop_lvn_only_1_istep_1 took 297 us
Timer velocity_no_nproma_if_prop_lvn_only_1_istep_1 took 301 us
Timer velocity_no_nproma_if_prop_lvn_only_1_istep_1 took 298 us
Timer velocity_no_nproma_if_prop_lvn_only_1_istep_1 took 302 us
Timer velocity_no_nproma_if_prop_lvn_only_1_istep_1 took 299 us
Timer velocity_no_nproma_if_prop_lvn_only_1_istep_1 took 301 us
Timer velocity_no_nproma_if_prop_lvn_only_1_istep_1 took 300 us
Timer velocity_no_nproma_if_prop_lvn_only_1_istep_1 took 296 us
Timer velocity_no_nproma_if_prop_lvn_only_1_istep_1 took 296 us
Timer velocity_no_nproma_if_prop_lvn_only_1_istep_1 took 294 us
Timer velocity_no_nproma_if_prop_lvn_only_1_istep_1 took 302 us
Timer velocity_no_nproma_if_prop_lvn_only_1_istep_1 took 298 us
Timer velocity_no_nproma_if_prop_lvn_only_1_istep_1 took 297 us
Timer velocity_no_nproma_if_prop_lvn_only_1_istep_1 took 302 us
Timer velocity_no_nproma_if_prop_lvn_only_1_istep_1 took 301 us
Timer velocity_no_nproma_if_prop_lvn_only_1_istep_1 took 294 us
Timer velocity_no_nproma_if_prop_lvn_only_1_istep_1 took 297 us
Timer velocity_no_nproma_if_prop_lvn_only_1_istep_1 took 293 us
Timer velocity_no_nproma_if_prop_lvn_only_1_istep_1 took 300 us
Timer velocity_no_nproma_if_prop_lvn_only_1_istep_1 took 302 us
Timer velocity_no_nproma_if_prop_lvn_only_1_istep_1 took 298 us
Timer velocity_no_nproma_if_prop_lvn_only_1_istep_1 took 296 us
Timer velocity_no_nproma_if_prop_lvn_only_1_istep_1 took 298 us
Timer velocity_no_nproma_if_prop_lvn_only_1_istep_1 took 296 us
Timer velocity_no_nproma_if_prop_lvn_only_1_istep_1 took 299 us
Timer velocity_no_nproma_if_prop_lvn_only_1_istep_1 took 295 us
Timer velocity_no_nproma_if_prop_lvn_only_1_istep_1 took 297 us
Timer velocity_no_nproma_if_prop_lvn_only_1_istep_1 took 295 us
Timer velocity_no_nproma_if_prop_lvn_only_1_istep_1 took 295 us
Timer velocity_no_nproma_if_prop_lvn_only_1_istep_1 took 292 us
Timer velocity_no_nproma_if_prop_lvn_only_1_istep_1 took 301 us
Timer velocity_no_nproma_if_prop_lvn_only_1_istep_1 took 298 us
Timer velocity_no_nproma_if_prop_lvn_only_1_istep_1 took 293 us
Timer velocity_no_nproma_if_prop_lvn_only_1_istep_1 took 288 us
Timer velocity_no_nproma_if_prop_lvn_only_1_istep_1 took 294 us
Timer velocity_no_nproma_if_prop_lvn_only_1_istep_1 took 299 us
Timer velocity_no_nproma_if_prop_lvn_only_1_istep_1 took 294 us
Timer velocity_no_nproma_if_prop_lvn_only_1_istep_1 took 298 us
Timer velocity_no_nproma_if_prop_lvn_only_1_istep_1 took 294 us
Timer velocity_no_nproma_if_prop_lvn_only_1_istep_1 took 296 us
Timer velocity_no_nproma_if_prop_lvn_only_1_istep_1 took 289 us
Timer velocity_no_nproma_if_prop_lvn_only_1_istep_1 took 293 us
Timer velocity_no_nproma_if_prop_lvn_only_1_istep_1 took 293 us
Timer velocity_no_nproma_if_prop_lvn_only_1_istep_1 took 291 us
Timer velocity_no_nproma_if_prop_lvn_only_1_istep_1 took 295 us
Timer velocity_no_nproma_if_prop_lvn_only_1_istep_1 took 290 us
Timer velocity_no_nproma_if_prop_lvn_only_1_istep_1 took 294 us
Timer velocity_no_nproma_if_prop_lvn_only_1_istep_1 took 290 us
Timer velocity_no_nproma_if_prop_lvn_only_1_istep_1 took 288 us
Timer velocity_no_nproma_if_prop_lvn_only_1_istep_1 took 290 us
Timer velocity_no_nproma_if_prop_lvn_only_1_istep_1 took 308 us
Timer velocity_no_nproma_if_prop_lvn_only_1_istep_1 took 289 us
Timer velocity_no_nproma_if_prop_lvn_only_1_istep_1 took 289 us
Timer velocity_no_nproma_if_prop_lvn_only_1_istep_1 took 290 us
Timer velocity_no_nproma_if_prop_lvn_only_1_istep_1 took 293 us
Timer velocity_no_nproma_if_prop_lvn_only_1_istep_1 took 289 us
Timer velocity_no_nproma_if_prop_lvn_only_1_istep_1 took 291 us
Timer velocity_no_nproma_if_prop_lvn_only_1_istep_1 took 286 us
Timer velocity_no_nproma_if_prop_lvn_only_1_istep_1 took 292 us
Timer velocity_no_nproma_if_prop_lvn_only_1_istep_1 took 292 us
Timer velocity_no_nproma_if_prop_lvn_only_1_istep_1 took 293 us
Timer velocity_no_nproma_if_prop_lvn_only_1_istep_1 took 292 us
Timer velocity_no_nproma_if_prop_lvn_only_1_istep_1 took 288 us
Timer velocity_no_nproma_if_prop_lvn_only_1_istep_1 took 293 us
Timer velocity_no_nproma_if_prop_lvn_only_1_istep_1 took 292 us
Timer velocity_no_nproma_if_prop_lvn_only_1_istep_1 took 289 us
Timer velocity_no_nproma_if_prop_lvn_only_1_istep_1 took 291 us
Timer velocity_no_nproma_if_prop_lvn_only_1_istep_1 took 287 us
Timer velocity_no_nproma_if_prop_lvn_only_1_istep_1 took 291 us
Timer velocity_no_nproma_if_prop_lvn_only_1_istep_1 took 290 us
Timer velocity_no_nproma_if_prop_lvn_only_1_istep_1 took 289 us
Timer velocity_no_nproma_if_prop_lvn_only_1_istep_1 took 291 us
Timer velocity_no_nproma_if_prop_lvn_only_1_istep_1 took 292 us
Timer velocity_no_nproma_if_prop_lvn_only_1_istep_1 took 289 us
Timer velocity_no_nproma_if_prop_lvn_only_1_istep_1 took 289 us
Timer velocity_no_nproma_if_prop_lvn_only_1_istep_1 took 293 us
Timer velocity_no_nproma_if_prop_lvn_only_1_istep_1 took 287 us
Timer velocity_no_nproma_if_prop_lvn_only_1_istep_1 took 293 us
Timer velocity_no_nproma_if_prop_lvn_only_1_istep_1 took 286 us
Timer velocity_no_nproma_if_prop_lvn_only_1_istep_1 took 289 us
Timer velocity_no_nproma_if_prop_lvn_only_1_istep_1 took 290 us
Timer velocity_no_nproma_if_prop_lvn_only_1_istep_1 took 290 us
Timer velocity_no_nproma_if_prop_lvn_only_1_istep_1 took 291 us
Timer velocity_no_nproma_if_prop_lvn_only_1_istep_1 took 289 us
Timer velocity_no_nproma_if_prop_lvn_only_1_istep_1 took 291 us
Timer velocity_no_nproma_if_prop_lvn_only_1_istep_1 took 289 us
Timer velocity_no_nproma_if_prop_lvn_only_1_istep_1 took 287 us
Timer velocity_no_nproma_if_prop_lvn_only_1_istep_1 took 291 us
Timer velocity_no_nproma_if_prop_lvn_only_1_istep_1 took 292 us
Timer velocity_no_nproma_if_prop_lvn_only_1_istep_1 took 289 us
Timer velocity_no_nproma_if_prop_lvn_only_1_istep_1 took 2760 us
Timer velocity_no_nproma_if_prop_lvn_only_1_istep_1 took 294 us
Timer velocity_no_nproma_if_prop_lvn_only_1_istep_1 took 287 us
Timer velocity_no_nproma_if_prop_lvn_only_1_istep_1 took 290 us
Timer velocity_no_nproma_if_prop_lvn_only_1_istep_1 took 291 us
Timer velocity_no_nproma_if_prop_lvn_only_1_istep_1 took 291 us
Timer velocity_no_nproma_if_prop_lvn_only_1_istep_1 took 291 us
Timer velocity_no_nproma_if_prop_lvn_only_1_istep_1 took 291 us
Timer velocity_no_nproma_if_prop_lvn_only_1_istep_1 took 291 us
Timer velocity_no_nproma_if_prop_lvn_only_1_istep_1 took 293 us
Timer velocity_no_nproma_if_prop_lvn_only_1_istep_1 took 290 us
Timer velocity_no_nproma_if_prop_lvn_only_1_istep_1 took 291 us
Timer velocity_no_nproma_if_prop_lvn_only_1_istep_1 took 290 us
Timer velocity_no_nproma_if_prop_lvn_only_1_istep_1 took 291 us
Timer velocity_no_nproma_if_prop_lvn_only_1_istep_1 took 291 us
Timer velocity_no_nproma_if_prop_lvn_only_1_istep_1 took 294 us
Timer velocity_no_nproma_if_prop_lvn_only_1_istep_1 took 293 us
Timer velocity_no_nproma_if_prop_lvn_only_1_istep_1 took 291 us
Timer velocity_no_nproma_if_prop_lvn_only_1_istep_1 took 289 us
Timer velocity_no_nproma_if_prop_lvn_only_1_istep_1 took 291 us
Timer velocity_no_nproma_if_prop_lvn_only_1_istep_1 took 292 us
Timer velocity_no_nproma_if_prop_lvn_only_1_istep_1 took 283 us
Timer velocity_no_nproma_if_prop_lvn_only_1_istep_1 took 292 us
Timer velocity_no_nproma_if_prop_lvn_only_1_istep_1 took 288 us
Timer velocity_no_nproma_if_prop_lvn_only_1_istep_1 took 290 us
Timer velocity_no_nproma_if_prop_lvn_only_1_istep_1 took 289 us
Timer velocity_no_nproma_if_prop_lvn_only_1_istep_1 took 290 us
Timer velocity_no_nproma_if_prop_lvn_only_1_istep_1 took 294 us
Timer velocity_no_nproma_if_prop_lvn_only_1_istep_1 took 291 us
Timer velocity_no_nproma_if_prop_lvn_only_1_istep_1 took 293 us
Timer velocity_no_nproma_if_prop_lvn_only_1_istep_1 took 291 us
Timer velocity_no_nproma_if_prop_lvn_only_1_istep_1 took 292 us
Timer velocity_no_nproma_if_prop_lvn_only_1_istep_1 took 316 us
Timer velocity_no_nproma_if_prop_lvn_only_1_istep_1 took 288 us
Timer velocity_no_nproma_if_prop_lvn_only_1_istep_1 took 299 us
Timer velocity_no_nproma_if_prop_lvn_only_1_istep_1 took 289 us
Timer velocity_no_nproma_if_prop_lvn_only_1_istep_1 took 291 us
Timer velocity_no_nproma_if_prop_lvn_only_1_istep_1 took 292 us
Timer velocity_no_nproma_if_prop_lvn_only_1_istep_1 took 292 us
Timer velocity_no_nproma_if_prop_lvn_only_1_istep_1 took 290 us
Timer velocity_no_nproma_if_prop_lvn_only_1_istep_1 took 295 us
Timer velocity_no_nproma_if_prop_lvn_only_1_istep_1 took 294 us
Timer velocity_no_nproma_if_prop_lvn_only_1_istep_1 took 291 us
Timer velocity_no_nproma_if_prop_lvn_only_1_istep_1 took 291 us
Timer velocity_no_nproma_if_prop_lvn_only_1_istep_1 took 295 us
Timer velocity_no_nproma_if_prop_lvn_only_1_istep_1 took 291 us
Timer velocity_no_nproma_if_prop_lvn_only_1_istep_1 took 293 us
Timer velocity_no_nproma_if_prop_lvn_only_1_istep_1 took 291 us
Timer velocity_no_nproma_if_prop_lvn_only_1_istep_1 took 292 us
Timer velocity_no_nproma_if_prop_lvn_only_1_istep_1 took 294 us
Timer velocity_no_nproma_if_prop_lvn_only_1_istep_1 took 294 us
Timer velocity_no_nproma_if_prop_lvn_only_1_istep_1 took 293 us
Timer velocity_no_nproma_if_prop_lvn_only_1_istep_1 took 294 us
Timer velocity_no_nproma_if_prop_lvn_only_1_istep_1 took 295 us
Timer velocity_no_nproma_if_prop_lvn_only_1_istep_1 took 293 us
Timer velocity_no_nproma_if_prop_lvn_only_1_istep_1 took 294 us
Timer velocity_no_nproma_if_prop_lvn_only_1_istep_1 took 289 us
Timer velocity_no_nproma_if_prop_lvn_only_1_istep_1 took 290 us
Timer velocity_no_nproma_if_prop_lvn_only_1_istep_1 took 320 us
Timer velocity_no_nproma_if_prop_lvn_only_1_istep_1 took 291 us
Timer velocity_no_nproma_if_prop_lvn_only_1_istep_1 took 291 us
Timer velocity_no_nproma_if_prop_lvn_only_1_istep_1 took 294 us
Timer velocity_no_nproma_if_prop_lvn_only_1_istep_1 took 290 us
Timer velocity_no_nproma_if_prop_lvn_only_1_istep_1 took 290 us
Timer velocity_no_nproma_if_prop_lvn_only_1_istep_1 took 290 us
Timer velocity_no_nproma_if_prop_lvn_only_1_istep_1 took 293 us
Timer velocity_no_nproma_if_prop_lvn_only_1_istep_1 took 289 us
Timer velocity_no_nproma_if_prop_lvn_only_1_istep_1 took 289 us
Timer velocity_no_nproma_if_prop_lvn_only_1_istep_1 took 290 us
Timer velocity_no_nproma_if_prop_lvn_only_1_istep_1 took 289 us
Timer velocity_no_nproma_if_prop_lvn_only_1_istep_1 took 296 us
Timer velocity_no_nproma_if_prop_lvn_only_1_istep_1 took 296 us
Timer velocity_no_nproma_if_prop_lvn_only_1_istep_1 took 293 us
Timer velocity_no_nproma_if_prop_lvn_only_1_istep_1 took 288 us
Timer velocity_no_nproma_if_prop_lvn_only_1_istep_1 took 289 us
Timer velocity_no_nproma_if_prop_lvn_only_1_istep_1 took 290 us
Timer velocity_no_nproma_if_prop_lvn_only_1_istep_1 took 291 us
Timer velocity_no_nproma_if_prop_lvn_only_1_istep_1 took 288 us
Timer velocity_no_nproma_if_prop_lvn_only_1_istep_1 took 292 us
Step 43 done.
Writing to: "/capstor/scratch/cscs/ybudanaz/icon-artifacts/velocity/gotwant/data_nproma20480/global_data_43.got"
Writing to: "/capstor/scratch/cscs/ybudanaz/icon-artifacts/velocity/gotwant/data_nproma20480/p_diag_43.got"
Writing to: "/capstor/scratch/cscs/ybudanaz/icon-artifacts/velocity/gotwant/data_nproma20480/global_data_43.want"
Writing to: "/capstor/scratch/cscs/ybudanaz/icon-artifacts/velocity/gotwant/data_nproma20480/p_diag_43.want"
Writing to: "/capstor/scratch/cscs/ybudanaz/icon-artifacts/velocity/gotwant/data_nproma20480/p_prog_43.got"
Writing to: "/capstor/scratch/cscs/ybudanaz/icon-artifacts/velocity/gotwant/data_nproma20480/p_metrics_43.want"
Writing to: "/capstor/scratch/cscs/ybudanaz/icon-artifacts/velocity/gotwant/data_nproma20480/p_metrics_43.got"
Writing to: "/capstor/scratch/cscs/ybudanaz/icon-artifacts/velocity/gotwant/data_nproma20480/p_prog_43.want"
Writing to: "/capstor/scratch/cscs/ybudanaz/icon-artifacts/velocity/gotwant/data_nproma20480/z_kin_hor_e_43.got"
Writing to: "/capstor/scratch/cscs/ybudanaz/icon-artifacts/velocity/gotwant/data_nproma20480/z_kin_hor_e_43.want"
Writing to: "/capstor/scratch/cscs/ybudanaz/icon-artifacts/velocity/gotwant/data_nproma20480/z_vt_ie_43.got"
Writing to: "/capstor/scratch/cscs/ybudanaz/icon-artifacts/velocity/gotwant/data_nproma20480/z_w_concorr_me_43.got"
Writing to: "/capstor/scratch/cscs/ybudanaz/icon-artifacts/velocity/gotwant/data_nproma20480/z_vt_ie_43.want"
Writing to: "/capstor/scratch/cscs/ybudanaz/icon-artifacts/velocity/gotwant/data_nproma20480/z_w_concorr_me_43.want"
Reading from: "data_nproma20480/global_data.t1.93.data"
Reading from: "data_nproma20480/p_diag.t0.93.data"
Reading from: "data_nproma20480/p_patch.93.data"
Reading from: "data_nproma20480/global_data.t0.93.data"
Reading from: "data_nproma20480/p_diag.t1.93.data"
Reading from: "data_nproma20480/p_int.93.data"
Reading from: "data_nproma20480/p_metrics.t0.93.data"
Reading from: "data_nproma20480/p_metrics.t1.93.data"
Reading from: "data_nproma20480/z_kin_hor_e.t0.93.data"
Reading from: "data_nproma20480/z_vt_ie.t0.93.data"
Reading from: "data_nproma20480/istep.93.data"
Reading from: "data_nproma20480/p_prog.t0.93.data"
Reading from: "data_nproma20480/z_w_concorr_me.t0.93.data"
Reading from: "data_nproma20480/z_w_concorr_me.t1.93.data"
Reading from: "data_nproma20480/z_vt_ie.t1.93.data"
Reading from: "data_nproma20480/z_kin_hor_e.t1.93.data"
Reading from: "data_nproma20480/ldeepatmo.93.data"
Reading from: "data_nproma20480/lvn_only.93.data"
Reading from: "data_nproma20480/ntnd.93.data"
Reading from: "data_nproma20480/dtime.93.data"
Reading from: "data_nproma20480/dt_linintp_ubc.93.data"
Reading from: "data_nproma20480/p_prog.t1.93.data"
Step 93 variables, extra_diffu: 1, istep: 2, lvn_only: 0, ldeepatmo: 0
Iteration: 0
Timer velocity_no_nproma_if_prop_lvn_only_0_istep_2 took 516 us
Iteration: 1
Timer velocity_no_nproma_if_prop_lvn_only_0_istep_2 took 296 us
Iteration: 2
Timer velocity_no_nproma_if_prop_lvn_only_0_istep_2 took 296 us
Iteration: 3
Timer velocity_no_nproma_if_prop_lvn_only_0_istep_2 took 302 us
Iteration: 4
Timer velocity_no_nproma_if_prop_lvn_only_0_istep_2 took 314 us
Iteration: 5
Timer velocity_no_nproma_if_prop_lvn_only_0_istep_2 took 308 us
Iteration: 6
Timer velocity_no_nproma_if_prop_lvn_only_0_istep_2 took 294 us
Iteration: 7
Timer velocity_no_nproma_if_prop_lvn_only_0_istep_2 took 295 us
Iteration: 8
Timer velocity_no_nproma_if_prop_lvn_only_0_istep_2 took 299 us
Iteration: 9
Timer velocity_no_nproma_if_prop_lvn_only_0_istep_2 took 296 us
Iteration: 10
Timer velocity_no_nproma_if_prop_lvn_only_0_istep_2 took 301 us
Iteration: 11
Timer velocity_no_nproma_if_prop_lvn_only_0_istep_2 took 302 us
Iteration: 12
Timer velocity_no_nproma_if_prop_lvn_only_0_istep_2 took 295 us
Iteration: 13
Timer velocity_no_nproma_if_prop_lvn_only_0_istep_2 took 296 us
Iteration: 14
Timer velocity_no_nproma_if_prop_lvn_only_0_istep_2 took 298 us
Iteration: 15
Timer velocity_no_nproma_if_prop_lvn_only_0_istep_2 took 296 us
Iteration: 16
Timer velocity_no_nproma_if_prop_lvn_only_0_istep_2 took 295 us
Iteration: 17
Timer velocity_no_nproma_if_prop_lvn_only_0_istep_2 took 294 us
Iteration: 18
Timer velocity_no_nproma_if_prop_lvn_only_0_istep_2 took 292 us
Iteration: 19
Timer velocity_no_nproma_if_prop_lvn_only_0_istep_2 took 300 us
Iteration: 20
Timer velocity_no_nproma_if_prop_lvn_only_0_istep_2 took 294 us
Iteration: 21
Timer velocity_no_nproma_if_prop_lvn_only_0_istep_2 took 296 us
Iteration: 22
Timer velocity_no_nproma_if_prop_lvn_only_0_istep_2 took 293 us
Iteration: 23
Timer velocity_no_nproma_if_prop_lvn_only_0_istep_2 took 299 us
Iteration: 24
Timer velocity_no_nproma_if_prop_lvn_only_0_istep_2 took 292 us
Iteration: 25
Timer velocity_no_nproma_if_prop_lvn_only_0_istep_2 took 298 us
Iteration: 26
Timer velocity_no_nproma_if_prop_lvn_only_0_istep_2 took 289 us
Iteration: 27
Timer velocity_no_nproma_if_prop_lvn_only_0_istep_2 took 292 us
Iteration: 28
Timer velocity_no_nproma_if_prop_lvn_only_0_istep_2 took 286 us
Iteration: 29
Timer velocity_no_nproma_if_prop_lvn_only_0_istep_2 took 293 us
Iteration: 30
Timer velocity_no_nproma_if_prop_lvn_only_0_istep_2 took 286 us
Iteration: 31
Timer velocity_no_nproma_if_prop_lvn_only_0_istep_2 took 292 us
Iteration: 32
Timer velocity_no_nproma_if_prop_lvn_only_0_istep_2 took 292 us
Iteration: 33
Timer velocity_no_nproma_if_prop_lvn_only_0_istep_2 took 296 us
Iteration: 34
Timer velocity_no_nproma_if_prop_lvn_only_0_istep_2 took 291 us
Iteration: 35
Timer velocity_no_nproma_if_prop_lvn_only_0_istep_2 took 293 us
Iteration: 36
Timer velocity_no_nproma_if_prop_lvn_only_0_istep_2 took 288 us
Iteration: 37
Timer velocity_no_nproma_if_prop_lvn_only_0_istep_2 took 294 us
Iteration: 38
Timer velocity_no_nproma_if_prop_lvn_only_0_istep_2 took 288 us
Iteration: 39
Timer velocity_no_nproma_if_prop_lvn_only_0_istep_2 took 298 us
Iteration: 40
Timer velocity_no_nproma_if_prop_lvn_only_0_istep_2 took 283 us
Iteration: 41
Timer velocity_no_nproma_if_prop_lvn_only_0_istep_2 took 295 us
Iteration: 42
Timer velocity_no_nproma_if_prop_lvn_only_0_istep_2 took 290 us
Iteration: 43
Timer velocity_no_nproma_if_prop_lvn_only_0_istep_2 took 292 us
Iteration: 44
Timer velocity_no_nproma_if_prop_lvn_only_0_istep_2 took 297 us
Iteration: 45
Timer velocity_no_nproma_if_prop_lvn_only_0_istep_2 took 288 us
Iteration: 46
Timer velocity_no_nproma_if_prop_lvn_only_0_istep_2 took 287 us
Iteration: 47
Timer velocity_no_nproma_if_prop_lvn_only_0_istep_2 took 287 us
Iteration: 48
Timer velocity_no_nproma_if_prop_lvn_only_0_istep_2 took 290 us
Iteration: 49
Timer velocity_no_nproma_if_prop_lvn_only_0_istep_2 took 288 us
Iteration: 50
Timer velocity_no_nproma_if_prop_lvn_only_0_istep_2 took 287 us
Iteration: 51
Timer velocity_no_nproma_if_prop_lvn_only_0_istep_2 took 293 us
Iteration: 52
Timer velocity_no_nproma_if_prop_lvn_only_0_istep_2 took 284 us
Iteration: 53
Timer velocity_no_nproma_if_prop_lvn_only_0_istep_2 took 289 us
Iteration: 54
Timer velocity_no_nproma_if_prop_lvn_only_0_istep_2 took 289 us
Iteration: 55
Timer velocity_no_nproma_if_prop_lvn_only_0_istep_2 took 283 us
Iteration: 56
Timer velocity_no_nproma_if_prop_lvn_only_0_istep_2 took 285 us
Iteration: 57
Timer velocity_no_nproma_if_prop_lvn_only_0_istep_2 took 282 us
Iteration: 58
Timer velocity_no_nproma_if_prop_lvn_only_0_istep_2 took 291 us
Iteration: 59
Timer velocity_no_nproma_if_prop_lvn_only_0_istep_2 took 290 us
Iteration: 60
Timer velocity_no_nproma_if_prop_lvn_only_0_istep_2 took 289 us
Iteration: 61
Timer velocity_no_nproma_if_prop_lvn_only_0_istep_2 took 291 us
Iteration: 62
Timer velocity_no_nproma_if_prop_lvn_only_0_istep_2 took 282 us
Iteration: 63
Timer velocity_no_nproma_if_prop_lvn_only_0_istep_2 took 292 us
Iteration: 64
Timer velocity_no_nproma_if_prop_lvn_only_0_istep_2 took 289 us
Iteration: 65
Timer velocity_no_nproma_if_prop_lvn_only_0_istep_2 took 284 us
Iteration: 66
Timer velocity_no_nproma_if_prop_lvn_only_0_istep_2 took 286 us
Iteration: 67
Timer velocity_no_nproma_if_prop_lvn_only_0_istep_2 took 290 us
Iteration: 68
Timer velocity_no_nproma_if_prop_lvn_only_0_istep_2 took 281 us
Iteration: 69
Timer velocity_no_nproma_if_prop_lvn_only_0_istep_2 took 282 us
Iteration: 70
Timer velocity_no_nproma_if_prop_lvn_only_0_istep_2 took 283 us
Iteration: 71
Timer velocity_no_nproma_if_prop_lvn_only_0_istep_2 took 285 us
Iteration: 72
Timer velocity_no_nproma_if_prop_lvn_only_0_istep_2 took 289 us
Iteration: 73
Timer velocity_no_nproma_if_prop_lvn_only_0_istep_2 took 288 us
Iteration: 74
Timer velocity_no_nproma_if_prop_lvn_only_0_istep_2 took 282 us
Iteration: 75
Timer velocity_no_nproma_if_prop_lvn_only_0_istep_2 took 280 us
Iteration: 76
Timer velocity_no_nproma_if_prop_lvn_only_0_istep_2 took 283 us
Iteration: 77
Timer velocity_no_nproma_if_prop_lvn_only_0_istep_2 took 284 us
Iteration: 78
Timer velocity_no_nproma_if_prop_lvn_only_0_istep_2 took 284 us
Iteration: 79
Timer velocity_no_nproma_if_prop_lvn_only_0_istep_2 took 284 us
Iteration: 80
Timer velocity_no_nproma_if_prop_lvn_only_0_istep_2 took 288 us
Iteration: 81
Timer velocity_no_nproma_if_prop_lvn_only_0_istep_2 took 286 us
Iteration: 82
Timer velocity_no_nproma_if_prop_lvn_only_0_istep_2 took 286 us
Iteration: 83
Timer velocity_no_nproma_if_prop_lvn_only_0_istep_2 took 288 us
Iteration: 84
Timer velocity_no_nproma_if_prop_lvn_only_0_istep_2 took 285 us
Iteration: 85
Timer velocity_no_nproma_if_prop_lvn_only_0_istep_2 took 280 us
Iteration: 86
Timer velocity_no_nproma_if_prop_lvn_only_0_istep_2 took 281 us
Iteration: 87
Timer velocity_no_nproma_if_prop_lvn_only_0_istep_2 took 285 us
Iteration: 88
Timer velocity_no_nproma_if_prop_lvn_only_0_istep_2 took 281 us
Iteration: 89
Timer velocity_no_nproma_if_prop_lvn_only_0_istep_2 took 285 us
Iteration: 90
Timer velocity_no_nproma_if_prop_lvn_only_0_istep_2 took 291 us
Iteration: 91
Timer velocity_no_nproma_if_prop_lvn_only_0_istep_2 took 282 us
Iteration: 92
Timer velocity_no_nproma_if_prop_lvn_only_0_istep_2 took 286 us
Iteration: 93
Timer velocity_no_nproma_if_prop_lvn_only_0_istep_2 took 305 us
Iteration: 94
Timer velocity_no_nproma_if_prop_lvn_only_0_istep_2 took 290 us
Iteration: 95
Timer velocity_no_nproma_if_prop_lvn_only_0_istep_2 took 288 us
Iteration: 96
Timer velocity_no_nproma_if_prop_lvn_only_0_istep_2 took 287 us
Iteration: 97
Timer velocity_no_nproma_if_prop_lvn_only_0_istep_2 took 289 us
Iteration: 98
Timer velocity_no_nproma_if_prop_lvn_only_0_istep_2 took 283 us
Iteration: 99
Timer velocity_no_nproma_if_prop_lvn_only_0_istep_2 took 290 us
Iteration: 100
Timer velocity_no_nproma_if_prop_lvn_only_0_istep_2 took 291 us
Iteration: 101
Timer velocity_no_nproma_if_prop_lvn_only_0_istep_2 took 284 us
Iteration: 102
Timer velocity_no_nproma_if_prop_lvn_only_0_istep_2 took 280 us
Iteration: 103
Timer velocity_no_nproma_if_prop_lvn_only_0_istep_2 took 287 us
Iteration: 104
Timer velocity_no_nproma_if_prop_lvn_only_0_istep_2 took 284 us
Iteration: 105
Timer velocity_no_nproma_if_prop_lvn_only_0_istep_2 took 283 us
Iteration: 106
Timer velocity_no_nproma_if_prop_lvn_only_0_istep_2 took 280 us
Iteration: 107
Timer velocity_no_nproma_if_prop_lvn_only_0_istep_2 took 283 us
Iteration: 108
Timer velocity_no_nproma_if_prop_lvn_only_0_istep_2 took 282 us
Iteration: 109
Timer velocity_no_nproma_if_prop_lvn_only_0_istep_2 took 289 us
Iteration: 110
Timer velocity_no_nproma_if_prop_lvn_only_0_istep_2 took 289 us
Iteration: 111
Timer velocity_no_nproma_if_prop_lvn_only_0_istep_2 took 282 us
Iteration: 112
Timer velocity_no_nproma_if_prop_lvn_only_0_istep_2 took 287 us
Iteration: 113
Timer velocity_no_nproma_if_prop_lvn_only_0_istep_2 took 284 us
Iteration: 114
Timer velocity_no_nproma_if_prop_lvn_only_0_istep_2 took 285 us
Iteration: 115
Timer velocity_no_nproma_if_prop_lvn_only_0_istep_2 took 285 us
Iteration: 116
Timer velocity_no_nproma_if_prop_lvn_only_0_istep_2 took 285 us
Iteration: 117
Timer velocity_no_nproma_if_prop_lvn_only_0_istep_2 took 286 us
Iteration: 118
Timer velocity_no_nproma_if_prop_lvn_only_0_istep_2 took 281 us
Iteration: 119
Timer velocity_no_nproma_if_prop_lvn_only_0_istep_2 took 282 us
Iteration: 120
Timer velocity_no_nproma_if_prop_lvn_only_0_istep_2 took 283 us
Iteration: 121
Timer velocity_no_nproma_if_prop_lvn_only_0_istep_2 took 284 us
Iteration: 122
Timer velocity_no_nproma_if_prop_lvn_only_0_istep_2 took 282 us
Iteration: 123
Timer velocity_no_nproma_if_prop_lvn_only_0_istep_2 took 282 us
Iteration: 124
Timer velocity_no_nproma_if_prop_lvn_only_0_istep_2 took 287 us
Iteration: 125
Timer velocity_no_nproma_if_prop_lvn_only_0_istep_2 took 288 us
Iteration: 126
Timer velocity_no_nproma_if_prop_lvn_only_0_istep_2 took 282 us
Iteration: 127
Timer velocity_no_nproma_if_prop_lvn_only_0_istep_2 took 286 us
Iteration: 128
Timer velocity_no_nproma_if_prop_lvn_only_0_istep_2 took 285 us
Iteration: 129
Timer velocity_no_nproma_if_prop_lvn_only_0_istep_2 took 283 us
Iteration: 130
Timer velocity_no_nproma_if_prop_lvn_only_0_istep_2 took 275 us
Iteration: 131
Timer velocity_no_nproma_if_prop_lvn_only_0_istep_2 took 287 us
Iteration: 132
Timer velocity_no_nproma_if_prop_lvn_only_0_istep_2 took 286 us
Iteration: 133
Timer velocity_no_nproma_if_prop_lvn_only_0_istep_2 took 280 us
Iteration: 134
Timer velocity_no_nproma_if_prop_lvn_only_0_istep_2 took 278 us
Iteration: 135
Timer velocity_no_nproma_if_prop_lvn_only_0_istep_2 took 284 us
Iteration: 136
Timer velocity_no_nproma_if_prop_lvn_only_0_istep_2 took 280 us
Iteration: 137
Timer velocity_no_nproma_if_prop_lvn_only_0_istep_2 took 284 us
Iteration: 138
Timer velocity_no_nproma_if_prop_lvn_only_0_istep_2 took 280 us
Iteration: 139
Timer velocity_no_nproma_if_prop_lvn_only_0_istep_2 took 290 us
Iteration: 140
Timer velocity_no_nproma_if_prop_lvn_only_0_istep_2 took 290 us
Iteration: 141
Timer velocity_no_nproma_if_prop_lvn_only_0_istep_2 took 284 us
Iteration: 142
Timer velocity_no_nproma_if_prop_lvn_only_0_istep_2 took 279 us
Iteration: 143
Timer velocity_no_nproma_if_prop_lvn_only_0_istep_2 took 283 us
Iteration: 144
Timer velocity_no_nproma_if_prop_lvn_only_0_istep_2 took 287 us
Iteration: 145
Timer velocity_no_nproma_if_prop_lvn_only_0_istep_2 took 288 us
Iteration: 146
Timer velocity_no_nproma_if_prop_lvn_only_0_istep_2 took 293 us
Iteration: 147
Timer velocity_no_nproma_if_prop_lvn_only_0_istep_2 took 283 us
Iteration: 148
Timer velocity_no_nproma_if_prop_lvn_only_0_istep_2 took 281 us
Iteration: 149
Timer velocity_no_nproma_if_prop_lvn_only_0_istep_2 took 284 us
Iteration: 150
Timer velocity_no_nproma_if_prop_lvn_only_0_istep_2 took 282 us
Iteration: 151
Timer velocity_no_nproma_if_prop_lvn_only_0_istep_2 took 286 us
Iteration: 152
Timer velocity_no_nproma_if_prop_lvn_only_0_istep_2 took 282 us
Iteration: 153
Timer velocity_no_nproma_if_prop_lvn_only_0_istep_2 took 286 us
Iteration: 154
Timer velocity_no_nproma_if_prop_lvn_only_0_istep_2 took 286 us
Iteration: 155
Timer velocity_no_nproma_if_prop_lvn_only_0_istep_2 took 290 us
Iteration: 156
Timer velocity_no_nproma_if_prop_lvn_only_0_istep_2 took 288 us
Iteration: 157
Timer velocity_no_nproma_if_prop_lvn_only_0_istep_2 took 286 us
Iteration: 158
Timer velocity_no_nproma_if_prop_lvn_only_0_istep_2 took 284 us
Iteration: 159
Timer velocity_no_nproma_if_prop_lvn_only_0_istep_2 took 283 us
Iteration: 160
Timer velocity_no_nproma_if_prop_lvn_only_0_istep_2 took 289 us
Iteration: 161
Timer velocity_no_nproma_if_prop_lvn_only_0_istep_2 took 285 us
Iteration: 162
Timer velocity_no_nproma_if_prop_lvn_only_0_istep_2 took 290 us
Iteration: 163
Timer velocity_no_nproma_if_prop_lvn_only_0_istep_2 took 282 us
Iteration: 164
Timer velocity_no_nproma_if_prop_lvn_only_0_istep_2 took 278 us
Iteration: 165
Timer velocity_no_nproma_if_prop_lvn_only_0_istep_2 took 287 us
Iteration: 166
Timer velocity_no_nproma_if_prop_lvn_only_0_istep_2 took 295 us
Iteration: 167
Timer velocity_no_nproma_if_prop_lvn_only_0_istep_2 took 286 us
Iteration: 168
Timer velocity_no_nproma_if_prop_lvn_only_0_istep_2 took 287 us
Iteration: 169
Timer velocity_no_nproma_if_prop_lvn_only_0_istep_2 took 290 us
Iteration: 170
Timer velocity_no_nproma_if_prop_lvn_only_0_istep_2 took 281 us
Iteration: 171
Timer velocity_no_nproma_if_prop_lvn_only_0_istep_2 took 279 us
Iteration: 172
Timer velocity_no_nproma_if_prop_lvn_only_0_istep_2 took 280 us
Iteration: 173
Timer velocity_no_nproma_if_prop_lvn_only_0_istep_2 took 287 us
Iteration: 174
Timer velocity_no_nproma_if_prop_lvn_only_0_istep_2 took 285 us
Iteration: 175
Timer velocity_no_nproma_if_prop_lvn_only_0_istep_2 took 279 us
Iteration: 176
Timer velocity_no_nproma_if_prop_lvn_only_0_istep_2 took 286 us
Iteration: 177
Timer velocity_no_nproma_if_prop_lvn_only_0_istep_2 took 284 us
Iteration: 178
Timer velocity_no_nproma_if_prop_lvn_only_0_istep_2 took 281 us
Iteration: 179
Timer velocity_no_nproma_if_prop_lvn_only_0_istep_2 took 288 us
Iteration: 180
Timer velocity_no_nproma_if_prop_lvn_only_0_istep_2 took 288 us
Iteration: 181
Timer velocity_no_nproma_if_prop_lvn_only_0_istep_2 took 287 us
Iteration: 182
Timer velocity_no_nproma_if_prop_lvn_only_0_istep_2 took 288 us
Iteration: 183
Timer velocity_no_nproma_if_prop_lvn_only_0_istep_2 took 279 us
Iteration: 184
Timer velocity_no_nproma_if_prop_lvn_only_0_istep_2 took 286 us
Iteration: 185
Timer velocity_no_nproma_if_prop_lvn_only_0_istep_2 took 282 us
Iteration: 186
Timer velocity_no_nproma_if_prop_lvn_only_0_istep_2 took 285 us
Iteration: 187
Timer velocity_no_nproma_if_prop_lvn_only_0_istep_2 took 285 us
Iteration: 188
Timer velocity_no_nproma_if_prop_lvn_only_0_istep_2 took 287 us
Iteration: 189
Timer velocity_no_nproma_if_prop_lvn_only_0_istep_2 took 282 us
Iteration: 190
Timer velocity_no_nproma_if_prop_lvn_only_0_istep_2 took 283 us
Iteration: 191
Timer velocity_no_nproma_if_prop_lvn_only_0_istep_2 took 280 us
Iteration: 192
Timer velocity_no_nproma_if_prop_lvn_only_0_istep_2 took 283 us
Iteration: 193
Timer velocity_no_nproma_if_prop_lvn_only_0_istep_2 took 290 us
Iteration: 194
Timer velocity_no_nproma_if_prop_lvn_only_0_istep_2 took 281 us
Iteration: 195
Timer velocity_no_nproma_if_prop_lvn_only_0_istep_2 took 283 us
Iteration: 196
Timer velocity_no_nproma_if_prop_lvn_only_0_istep_2 took 285 us
Iteration: 197
Timer velocity_no_nproma_if_prop_lvn_only_0_istep_2 took 276 us
Iteration: 198
Timer velocity_no_nproma_if_prop_lvn_only_0_istep_2 took 283 us
Iteration: 199
Timer velocity_no_nproma_if_prop_lvn_only_0_istep_2 took 282 us
Step 93 done.
Writing to: "/capstor/scratch/cscs/ybudanaz/icon-artifacts/velocity/gotwant/data_nproma20480/global_data_93.got"
Writing to: "/capstor/scratch/cscs/ybudanaz/icon-artifacts/velocity/gotwant/data_nproma20480/global_data_93.want"
Writing to: "/capstor/scratch/cscs/ybudanaz/icon-artifacts/velocity/gotwant/data_nproma20480/p_diag_93.got"
Writing to: "/capstor/scratch/cscs/ybudanaz/icon-artifacts/velocity/gotwant/data_nproma20480/p_diag_93.want"
Writing to: "/capstor/scratch/cscs/ybudanaz/icon-artifacts/velocity/gotwant/data_nproma20480/p_prog_93.got"
Writing to: "/capstor/scratch/cscs/ybudanaz/icon-artifacts/velocity/gotwant/data_nproma20480/p_metrics_93.want"
Writing to: "/capstor/scratch/cscs/ybudanaz/icon-artifacts/velocity/gotwant/data_nproma20480/p_prog_93.want"
Writing to: "/capstor/scratch/cscs/ybudanaz/icon-artifacts/velocity/gotwant/data_nproma20480/p_metrics_93.got"
Writing to: "/capstor/scratch/cscs/ybudanaz/icon-artifacts/velocity/gotwant/data_nproma20480/z_vt_ie_93.got"
Writing to: "/capstor/scratch/cscs/ybudanaz/icon-artifacts/velocity/gotwant/data_nproma20480/z_kin_hor_e_93.got"
Writing to: "/capstor/scratch/cscs/ybudanaz/icon-artifacts/velocity/gotwant/data_nproma20480/z_kin_hor_e_93.want"
Writing to: "/capstor/scratch/cscs/ybudanaz/icon-artifacts/velocity/gotwant/data_nproma20480/z_w_concorr_me_93.got"
Writing to: "/capstor/scratch/cscs/ybudanaz/icon-artifacts/velocity/gotwant/data_nproma20480/z_vt_ie_93.want"
Writing to: "/capstor/scratch/cscs/ybudanaz/icon-artifacts/velocity/gotwant/data_nproma20480/z_w_concorr_me_93.want"
Reading from: "data_nproma20480/global_data.t0.463.data"
Reading from: "data_nproma20480/p_int.463.data"
Reading from: "data_nproma20480/global_data.t1.463.data"
Reading from: "data_nproma20480/p_patch.463.data"
Reading from: "data_nproma20480/p_diag.t1.463.data"
Reading from: "data_nproma20480/p_diag.t0.463.data"
Reading from: "data_nproma20480/p_metrics.t0.463.data"
Reading from: "data_nproma20480/p_metrics.t1.463.data"
Reading from: "data_nproma20480/z_kin_hor_e.t0.463.data"
Reading from: "data_nproma20480/istep.463.data"
Reading from: "data_nproma20480/z_w_concorr_me.t0.463.data"
Reading from: "data_nproma20480/ldeepatmo.463.data"
Reading from: "data_nproma20480/z_w_concorr_me.t1.463.data"
Reading from: "data_nproma20480/p_prog.t0.463.data"
Reading from: "data_nproma20480/lvn_only.463.data"
Reading from: "data_nproma20480/ntnd.463.data"
Reading from: "data_nproma20480/z_kin_hor_e.t1.463.data"
Reading from: "data_nproma20480/p_prog.t1.463.data"
Reading from: "data_nproma20480/z_vt_ie.t0.463.data"
Reading from: "data_nproma20480/z_vt_ie.t1.463.data"
Reading from: "data_nproma20480/dt_linintp_ubc.463.data"
Reading from: "data_nproma20480/dtime.463.data"
Step 463 variables, extra_diffu: 1, istep: 1, lvn_only: 1, ldeepatmo: 0
Timer velocity_no_nproma_if_prop_lvn_only_1_istep_1 took 503 us
Timer velocity_no_nproma_if_prop_lvn_only_1_istep_1 took 327 us
Timer velocity_no_nproma_if_prop_lvn_only_1_istep_1 took 325 us
Timer velocity_no_nproma_if_prop_lvn_only_1_istep_1 took 326 us
Timer velocity_no_nproma_if_prop_lvn_only_1_istep_1 took 328 us
Timer velocity_no_nproma_if_prop_lvn_only_1_istep_1 took 326 us
Timer velocity_no_nproma_if_prop_lvn_only_1_istep_1 took 321 us
Timer velocity_no_nproma_if_prop_lvn_only_1_istep_1 took 330 us
Timer velocity_no_nproma_if_prop_lvn_only_1_istep_1 took 330 us
Timer velocity_no_nproma_if_prop_lvn_only_1_istep_1 took 331 us
Timer velocity_no_nproma_if_prop_lvn_only_1_istep_1 took 323 us
Timer velocity_no_nproma_if_prop_lvn_only_1_istep_1 took 322 us
Timer velocity_no_nproma_if_prop_lvn_only_1_istep_1 took 321 us
Timer velocity_no_nproma_if_prop_lvn_only_1_istep_1 took 326 us
Timer velocity_no_nproma_if_prop_lvn_only_1_istep_1 took 313 us
Timer velocity_no_nproma_if_prop_lvn_only_1_istep_1 took 322 us
Timer velocity_no_nproma_if_prop_lvn_only_1_istep_1 took 321 us
Timer velocity_no_nproma_if_prop_lvn_only_1_istep_1 took 322 us
Timer velocity_no_nproma_if_prop_lvn_only_1_istep_1 took 321 us
Timer velocity_no_nproma_if_prop_lvn_only_1_istep_1 took 318 us
Timer velocity_no_nproma_if_prop_lvn_only_1_istep_1 took 326 us
Timer velocity_no_nproma_if_prop_lvn_only_1_istep_1 took 321 us
Timer velocity_no_nproma_if_prop_lvn_only_1_istep_1 took 313 us
Timer velocity_no_nproma_if_prop_lvn_only_1_istep_1 took 326 us
Timer velocity_no_nproma_if_prop_lvn_only_1_istep_1 took 315 us
Timer velocity_no_nproma_if_prop_lvn_only_1_istep_1 took 317 us
Timer velocity_no_nproma_if_prop_lvn_only_1_istep_1 took 323 us
Timer velocity_no_nproma_if_prop_lvn_only_1_istep_1 took 316 us
Timer velocity_no_nproma_if_prop_lvn_only_1_istep_1 took 340 us
Timer velocity_no_nproma_if_prop_lvn_only_1_istep_1 took 320 us
Timer velocity_no_nproma_if_prop_lvn_only_1_istep_1 took 318 us
Timer velocity_no_nproma_if_prop_lvn_only_1_istep_1 took 316 us
Timer velocity_no_nproma_if_prop_lvn_only_1_istep_1 took 314 us
Timer velocity_no_nproma_if_prop_lvn_only_1_istep_1 took 319 us
Timer velocity_no_nproma_if_prop_lvn_only_1_istep_1 took 328 us
Timer velocity_no_nproma_if_prop_lvn_only_1_istep_1 took 311 us
Timer velocity_no_nproma_if_prop_lvn_only_1_istep_1 took 307 us
Timer velocity_no_nproma_if_prop_lvn_only_1_istep_1 took 322 us
Timer velocity_no_nproma_if_prop_lvn_only_1_istep_1 took 315 us
Timer velocity_no_nproma_if_prop_lvn_only_1_istep_1 took 318 us
Timer velocity_no_nproma_if_prop_lvn_only_1_istep_1 took 316 us
Timer velocity_no_nproma_if_prop_lvn_only_1_istep_1 took 309 us
Timer velocity_no_nproma_if_prop_lvn_only_1_istep_1 took 312 us
Timer velocity_no_nproma_if_prop_lvn_only_1_istep_1 took 313 us
Timer velocity_no_nproma_if_prop_lvn_only_1_istep_1 took 314 us
Timer velocity_no_nproma_if_prop_lvn_only_1_istep_1 took 313 us
Timer velocity_no_nproma_if_prop_lvn_only_1_istep_1 took 317 us
Timer velocity_no_nproma_if_prop_lvn_only_1_istep_1 took 313 us
Timer velocity_no_nproma_if_prop_lvn_only_1_istep_1 took 311 us
Timer velocity_no_nproma_if_prop_lvn_only_1_istep_1 took 307 us
Timer velocity_no_nproma_if_prop_lvn_only_1_istep_1 took 313 us
Timer velocity_no_nproma_if_prop_lvn_only_1_istep_1 took 311 us
Timer velocity_no_nproma_if_prop_lvn_only_1_istep_1 took 308 us
Timer velocity_no_nproma_if_prop_lvn_only_1_istep_1 took 308 us
Timer velocity_no_nproma_if_prop_lvn_only_1_istep_1 took 310 us
Timer velocity_no_nproma_if_prop_lvn_only_1_istep_1 took 308 us
Timer velocity_no_nproma_if_prop_lvn_only_1_istep_1 took 306 us
Timer velocity_no_nproma_if_prop_lvn_only_1_istep_1 took 306 us
Timer velocity_no_nproma_if_prop_lvn_only_1_istep_1 took 310 us
Timer velocity_no_nproma_if_prop_lvn_only_1_istep_1 took 311 us
Timer velocity_no_nproma_if_prop_lvn_only_1_istep_1 took 310 us
Timer velocity_no_nproma_if_prop_lvn_only_1_istep_1 took 312 us
Timer velocity_no_nproma_if_prop_lvn_only_1_istep_1 took 311 us
Timer velocity_no_nproma_if_prop_lvn_only_1_istep_1 took 305 us
Timer velocity_no_nproma_if_prop_lvn_only_1_istep_1 took 312 us
Timer velocity_no_nproma_if_prop_lvn_only_1_istep_1 took 308 us
Timer velocity_no_nproma_if_prop_lvn_only_1_istep_1 took 309 us
Timer velocity_no_nproma_if_prop_lvn_only_1_istep_1 took 304 us
Timer velocity_no_nproma_if_prop_lvn_only_1_istep_1 took 309 us
Timer velocity_no_nproma_if_prop_lvn_only_1_istep_1 took 305 us
Timer velocity_no_nproma_if_prop_lvn_only_1_istep_1 took 310 us
Timer velocity_no_nproma_if_prop_lvn_only_1_istep_1 took 306 us
Timer velocity_no_nproma_if_prop_lvn_only_1_istep_1 took 300 us
Timer velocity_no_nproma_if_prop_lvn_only_1_istep_1 took 316 us
Timer velocity_no_nproma_if_prop_lvn_only_1_istep_1 took 308 us
Timer velocity_no_nproma_if_prop_lvn_only_1_istep_1 took 308 us
Timer velocity_no_nproma_if_prop_lvn_only_1_istep_1 took 312 us
Timer velocity_no_nproma_if_prop_lvn_only_1_istep_1 took 306 us
Timer velocity_no_nproma_if_prop_lvn_only_1_istep_1 took 313 us
Timer velocity_no_nproma_if_prop_lvn_only_1_istep_1 took 310 us
Timer velocity_no_nproma_if_prop_lvn_only_1_istep_1 took 307 us
Timer velocity_no_nproma_if_prop_lvn_only_1_istep_1 took 309 us
Timer velocity_no_nproma_if_prop_lvn_only_1_istep_1 took 302 us
Timer velocity_no_nproma_if_prop_lvn_only_1_istep_1 took 306 us
Timer velocity_no_nproma_if_prop_lvn_only_1_istep_1 took 310 us
Timer velocity_no_nproma_if_prop_lvn_only_1_istep_1 took 305 us
Timer velocity_no_nproma_if_prop_lvn_only_1_istep_1 took 303 us
Timer velocity_no_nproma_if_prop_lvn_only_1_istep_1 took 312 us
Timer velocity_no_nproma_if_prop_lvn_only_1_istep_1 took 313 us
Timer velocity_no_nproma_if_prop_lvn_only_1_istep_1 took 315 us
Timer velocity_no_nproma_if_prop_lvn_only_1_istep_1 took 310 us
Timer velocity_no_nproma_if_prop_lvn_only_1_istep_1 took 302 us
Timer velocity_no_nproma_if_prop_lvn_only_1_istep_1 took 313 us
Timer velocity_no_nproma_if_prop_lvn_only_1_istep_1 took 308 us
Timer velocity_no_nproma_if_prop_lvn_only_1_istep_1 took 299 us
Timer velocity_no_nproma_if_prop_lvn_only_1_istep_1 took 308 us
Timer velocity_no_nproma_if_prop_lvn_only_1_istep_1 took 310 us
Timer velocity_no_nproma_if_prop_lvn_only_1_istep_1 took 304 us
Timer velocity_no_nproma_if_prop_lvn_only_1_istep_1 took 308 us
Timer velocity_no_nproma_if_prop_lvn_only_1_istep_1 took 301 us
Timer velocity_no_nproma_if_prop_lvn_only_1_istep_1 took 307 us
Timer velocity_no_nproma_if_prop_lvn_only_1_istep_1 took 310 us
Timer velocity_no_nproma_if_prop_lvn_only_1_istep_1 took 304 us
Timer velocity_no_nproma_if_prop_lvn_only_1_istep_1 took 308 us
Timer velocity_no_nproma_if_prop_lvn_only_1_istep_1 took 301 us
Timer velocity_no_nproma_if_prop_lvn_only_1_istep_1 took 308 us
Timer velocity_no_nproma_if_prop_lvn_only_1_istep_1 took 303 us
Timer velocity_no_nproma_if_prop_lvn_only_1_istep_1 took 305 us
Timer velocity_no_nproma_if_prop_lvn_only_1_istep_1 took 311 us
Timer velocity_no_nproma_if_prop_lvn_only_1_istep_1 took 300 us
Timer velocity_no_nproma_if_prop_lvn_only_1_istep_1 took 307 us
Timer velocity_no_nproma_if_prop_lvn_only_1_istep_1 took 307 us
Timer velocity_no_nproma_if_prop_lvn_only_1_istep_1 took 305 us
Timer velocity_no_nproma_if_prop_lvn_only_1_istep_1 took 301 us
Timer velocity_no_nproma_if_prop_lvn_only_1_istep_1 took 306 us
Timer velocity_no_nproma_if_prop_lvn_only_1_istep_1 took 300 us
Timer velocity_no_nproma_if_prop_lvn_only_1_istep_1 took 321 us
Timer velocity_no_nproma_if_prop_lvn_only_1_istep_1 took 305 us
Timer velocity_no_nproma_if_prop_lvn_only_1_istep_1 took 306 us
Timer velocity_no_nproma_if_prop_lvn_only_1_istep_1 took 305 us
Timer velocity_no_nproma_if_prop_lvn_only_1_istep_1 took 313 us
Timer velocity_no_nproma_if_prop_lvn_only_1_istep_1 took 307 us
Timer velocity_no_nproma_if_prop_lvn_only_1_istep_1 took 303 us
Timer velocity_no_nproma_if_prop_lvn_only_1_istep_1 took 302 us
Timer velocity_no_nproma_if_prop_lvn_only_1_istep_1 took 304 us
Timer velocity_no_nproma_if_prop_lvn_only_1_istep_1 took 306 us
Timer velocity_no_nproma_if_prop_lvn_only_1_istep_1 took 312 us
Timer velocity_no_nproma_if_prop_lvn_only_1_istep_1 took 307 us
Timer velocity_no_nproma_if_prop_lvn_only_1_istep_1 took 305 us
Timer velocity_no_nproma_if_prop_lvn_only_1_istep_1 took 306 us
Timer velocity_no_nproma_if_prop_lvn_only_1_istep_1 took 299 us
Timer velocity_no_nproma_if_prop_lvn_only_1_istep_1 took 307 us
Timer velocity_no_nproma_if_prop_lvn_only_1_istep_1 took 307 us
Timer velocity_no_nproma_if_prop_lvn_only_1_istep_1 took 304 us
Timer velocity_no_nproma_if_prop_lvn_only_1_istep_1 took 306 us
Timer velocity_no_nproma_if_prop_lvn_only_1_istep_1 took 304 us
Timer velocity_no_nproma_if_prop_lvn_only_1_istep_1 took 309 us
Timer velocity_no_nproma_if_prop_lvn_only_1_istep_1 took 304 us
Timer velocity_no_nproma_if_prop_lvn_only_1_istep_1 took 307 us
Timer velocity_no_nproma_if_prop_lvn_only_1_istep_1 took 307 us
Timer velocity_no_nproma_if_prop_lvn_only_1_istep_1 took 308 us
Timer velocity_no_nproma_if_prop_lvn_only_1_istep_1 took 306 us
Timer velocity_no_nproma_if_prop_lvn_only_1_istep_1 took 308 us
Timer velocity_no_nproma_if_prop_lvn_only_1_istep_1 took 300 us
Timer velocity_no_nproma_if_prop_lvn_only_1_istep_1 took 299 us
Timer velocity_no_nproma_if_prop_lvn_only_1_istep_1 took 305 us
Timer velocity_no_nproma_if_prop_lvn_only_1_istep_1 took 308 us
Timer velocity_no_nproma_if_prop_lvn_only_1_istep_1 took 302 us
Timer velocity_no_nproma_if_prop_lvn_only_1_istep_1 took 308 us
Timer velocity_no_nproma_if_prop_lvn_only_1_istep_1 took 302 us
Timer velocity_no_nproma_if_prop_lvn_only_1_istep_1 took 307 us
Timer velocity_no_nproma_if_prop_lvn_only_1_istep_1 took 309 us
Timer velocity_no_nproma_if_prop_lvn_only_1_istep_1 took 309 us
Timer velocity_no_nproma_if_prop_lvn_only_1_istep_1 took 306 us
Timer velocity_no_nproma_if_prop_lvn_only_1_istep_1 took 309 us
Timer velocity_no_nproma_if_prop_lvn_only_1_istep_1 took 304 us
Timer velocity_no_nproma_if_prop_lvn_only_1_istep_1 took 304 us
Timer velocity_no_nproma_if_prop_lvn_only_1_istep_1 took 304 us
Timer velocity_no_nproma_if_prop_lvn_only_1_istep_1 took 306 us
Timer velocity_no_nproma_if_prop_lvn_only_1_istep_1 took 304 us
Timer velocity_no_nproma_if_prop_lvn_only_1_istep_1 took 310 us
Timer velocity_no_nproma_if_prop_lvn_only_1_istep_1 took 303 us
Timer velocity_no_nproma_if_prop_lvn_only_1_istep_1 took 305 us
Timer velocity_no_nproma_if_prop_lvn_only_1_istep_1 took 306 us
Timer velocity_no_nproma_if_prop_lvn_only_1_istep_1 took 326 us
Timer velocity_no_nproma_if_prop_lvn_only_1_istep_1 took 308 us
Timer velocity_no_nproma_if_prop_lvn_only_1_istep_1 took 301 us
Timer velocity_no_nproma_if_prop_lvn_only_1_istep_1 took 303 us
Timer velocity_no_nproma_if_prop_lvn_only_1_istep_1 took 306 us
Timer velocity_no_nproma_if_prop_lvn_only_1_istep_1 took 306 us
Timer velocity_no_nproma_if_prop_lvn_only_1_istep_1 took 308 us
Timer velocity_no_nproma_if_prop_lvn_only_1_istep_1 took 305 us
Timer velocity_no_nproma_if_prop_lvn_only_1_istep_1 took 303 us
Timer velocity_no_nproma_if_prop_lvn_only_1_istep_1 took 307 us
Timer velocity_no_nproma_if_prop_lvn_only_1_istep_1 took 301 us
Timer velocity_no_nproma_if_prop_lvn_only_1_istep_1 took 306 us
Timer velocity_no_nproma_if_prop_lvn_only_1_istep_1 took 306 us
Timer velocity_no_nproma_if_prop_lvn_only_1_istep_1 took 305 us
Timer velocity_no_nproma_if_prop_lvn_only_1_istep_1 took 304 us
Timer velocity_no_nproma_if_prop_lvn_only_1_istep_1 took 301 us
Timer velocity_no_nproma_if_prop_lvn_only_1_istep_1 took 302 us
Timer velocity_no_nproma_if_prop_lvn_only_1_istep_1 took 302 us
Timer velocity_no_nproma_if_prop_lvn_only_1_istep_1 took 301 us
Timer velocity_no_nproma_if_prop_lvn_only_1_istep_1 took 301 us
Timer velocity_no_nproma_if_prop_lvn_only_1_istep_1 took 307 us
Timer velocity_no_nproma_if_prop_lvn_only_1_istep_1 took 302 us
Timer velocity_no_nproma_if_prop_lvn_only_1_istep_1 took 302 us
Timer velocity_no_nproma_if_prop_lvn_only_1_istep_1 took 304 us
Timer velocity_no_nproma_if_prop_lvn_only_1_istep_1 took 304 us
Timer velocity_no_nproma_if_prop_lvn_only_1_istep_1 took 306 us
Timer velocity_no_nproma_if_prop_lvn_only_1_istep_1 took 309 us
Timer velocity_no_nproma_if_prop_lvn_only_1_istep_1 took 301 us
Timer velocity_no_nproma_if_prop_lvn_only_1_istep_1 took 303 us
Timer velocity_no_nproma_if_prop_lvn_only_1_istep_1 took 305 us
Timer velocity_no_nproma_if_prop_lvn_only_1_istep_1 took 307 us
Timer velocity_no_nproma_if_prop_lvn_only_1_istep_1 took 301 us
Timer velocity_no_nproma_if_prop_lvn_only_1_istep_1 took 306 us
Timer velocity_no_nproma_if_prop_lvn_only_1_istep_1 took 309 us
Timer velocity_no_nproma_if_prop_lvn_only_1_istep_1 took 306 us
Timer velocity_no_nproma_if_prop_lvn_only_1_istep_1 took 294 us
Step 463 done.
Writing to: "/capstor/scratch/cscs/ybudanaz/icon-artifacts/velocity/gotwant/data_nproma20480/global_data_463.got"
Writing to: "/capstor/scratch/cscs/ybudanaz/icon-artifacts/velocity/gotwant/data_nproma20480/global_data_463.want"
Writing to: "/capstor/scratch/cscs/ybudanaz/icon-artifacts/velocity/gotwant/data_nproma20480/p_diag_463.got"
Writing to: "/capstor/scratch/cscs/ybudanaz/icon-artifacts/velocity/gotwant/data_nproma20480/p_prog_463.got"
Writing to: "/capstor/scratch/cscs/ybudanaz/icon-artifacts/velocity/gotwant/data_nproma20480/p_metrics_463.got"
Writing to: "/capstor/scratch/cscs/ybudanaz/icon-artifacts/velocity/gotwant/data_nproma20480/p_metrics_463.want"
Writing to: "/capstor/scratch/cscs/ybudanaz/icon-artifacts/velocity/gotwant/data_nproma20480/p_prog_463.want"
Writing to: "/capstor/scratch/cscs/ybudanaz/icon-artifacts/velocity/gotwant/data_nproma20480/z_kin_hor_e_463.got"
Writing to: "/capstor/scratch/cscs/ybudanaz/icon-artifacts/velocity/gotwant/data_nproma20480/p_diag_463.want"
Writing to: "/capstor/scratch/cscs/ybudanaz/icon-artifacts/velocity/gotwant/data_nproma20480/z_kin_hor_e_463.want"
Writing to: "/capstor/scratch/cscs/ybudanaz/icon-artifacts/velocity/gotwant/data_nproma20480/z_vt_ie_463.got"
Writing to: "/capstor/scratch/cscs/ybudanaz/icon-artifacts/velocity/gotwant/data_nproma20480/z_w_concorr_me_463.got"
Writing to: "/capstor/scratch/cscs/ybudanaz/icon-artifacts/velocity/gotwant/data_nproma20480/z_w_concorr_me_463.want"
Writing to: "/capstor/scratch/cscs/ybudanaz/icon-artifacts/velocity/gotwant/data_nproma20480/z_vt_ie_463.want"
Reading from: "data_nproma20480/global_data.t1.519.data"
Reading from: "data_nproma20480/p_diag.t0.519.data"
Reading from: "data_nproma20480/global_data.t0.519.data"
Reading from: "data_nproma20480/p_int.519.data"
Reading from: "data_nproma20480/p_diag.t1.519.data"
Reading from: "data_nproma20480/p_patch.519.data"
Reading from: "data_nproma20480/p_metrics.t0.519.data"
Reading from: "data_nproma20480/p_metrics.t1.519.data"
Reading from: "data_nproma20480/p_prog.t0.519.data"
Reading from: "data_nproma20480/p_prog.t1.519.data"
Reading from: "data_nproma20480/istep.519.data"
Reading from: "data_nproma20480/z_kin_hor_e.t0.519.data"
Reading from: "data_nproma20480/z_kin_hor_e.t1.519.data"
Reading from: "data_nproma20480/ldeepatmo.519.data"
Reading from: "data_nproma20480/z_w_concorr_me.t0.519.data"
Reading from: "data_nproma20480/z_vt_ie.t0.519.data"
Reading from: "data_nproma20480/lvn_only.519.data"
Reading from: "data_nproma20480/z_vt_ie.t1.519.data"
Reading from: "data_nproma20480/ntnd.519.data"
Reading from: "data_nproma20480/dt_linintp_ubc.519.data"
Reading from: "data_nproma20480/z_w_concorr_me.t1.519.data"
Reading from: "data_nproma20480/dtime.519.data"
Step 519 variables, extra_diffu: 1, istep: 2, lvn_only: 0, ldeepatmo: 0
Iteration: 0
Timer velocity_no_nproma_if_prop_lvn_only_0_istep_2 took 525 us
Iteration: 1
Timer velocity_no_nproma_if_prop_lvn_only_0_istep_2 took 313 us
Iteration: 2
Timer velocity_no_nproma_if_prop_lvn_only_0_istep_2 took 311 us
Iteration: 3
Timer velocity_no_nproma_if_prop_lvn_only_0_istep_2 took 309 us
Iteration: 4
Timer velocity_no_nproma_if_prop_lvn_only_0_istep_2 took 312 us
Iteration: 5
Timer velocity_no_nproma_if_prop_lvn_only_0_istep_2 took 300 us
Iteration: 6
Timer velocity_no_nproma_if_prop_lvn_only_0_istep_2 took 313 us
Iteration: 7
Timer velocity_no_nproma_if_prop_lvn_only_0_istep_2 took 306 us
Iteration: 8
Timer velocity_no_nproma_if_prop_lvn_only_0_istep_2 took 308 us
Iteration: 9
Timer velocity_no_nproma_if_prop_lvn_only_0_istep_2 took 306 us
Iteration: 10
Timer velocity_no_nproma_if_prop_lvn_only_0_istep_2 took 298 us
Iteration: 11
Timer velocity_no_nproma_if_prop_lvn_only_0_istep_2 took 306 us
Iteration: 12
Timer velocity_no_nproma_if_prop_lvn_only_0_istep_2 took 301 us
Iteration: 13
Timer velocity_no_nproma_if_prop_lvn_only_0_istep_2 took 304 us
Iteration: 14
Timer velocity_no_nproma_if_prop_lvn_only_0_istep_2 took 299 us
Iteration: 15
Timer velocity_no_nproma_if_prop_lvn_only_0_istep_2 took 299 us
Iteration: 16
Timer velocity_no_nproma_if_prop_lvn_only_0_istep_2 took 303 us
Iteration: 17
Timer velocity_no_nproma_if_prop_lvn_only_0_istep_2 took 302 us
Iteration: 18
Timer velocity_no_nproma_if_prop_lvn_only_0_istep_2 took 298 us
Iteration: 19
Timer velocity_no_nproma_if_prop_lvn_only_0_istep_2 took 304 us
Iteration: 20
Timer velocity_no_nproma_if_prop_lvn_only_0_istep_2 took 297 us
Iteration: 21
Timer velocity_no_nproma_if_prop_lvn_only_0_istep_2 took 300 us
Iteration: 22
Timer velocity_no_nproma_if_prop_lvn_only_0_istep_2 took 294 us
Iteration: 23
Timer velocity_no_nproma_if_prop_lvn_only_0_istep_2 took 296 us
Iteration: 24
Timer velocity_no_nproma_if_prop_lvn_only_0_istep_2 took 298 us
Iteration: 25
Timer velocity_no_nproma_if_prop_lvn_only_0_istep_2 took 299 us
Iteration: 26
Timer velocity_no_nproma_if_prop_lvn_only_0_istep_2 took 292 us
Iteration: 27
Timer velocity_no_nproma_if_prop_lvn_only_0_istep_2 took 298 us
Iteration: 28
Timer velocity_no_nproma_if_prop_lvn_only_0_istep_2 took 304 us
Iteration: 29
Timer velocity_no_nproma_if_prop_lvn_only_0_istep_2 took 298 us
Iteration: 30
Timer velocity_no_nproma_if_prop_lvn_only_0_istep_2 took 296 us
Iteration: 31
Timer velocity_no_nproma_if_prop_lvn_only_0_istep_2 took 303 us
Iteration: 32
Timer velocity_no_nproma_if_prop_lvn_only_0_istep_2 took 296 us
Iteration: 33
Timer velocity_no_nproma_if_prop_lvn_only_0_istep_2 took 300 us
Iteration: 34
Timer velocity_no_nproma_if_prop_lvn_only_0_istep_2 took 292 us
Iteration: 35
Timer velocity_no_nproma_if_prop_lvn_only_0_istep_2 took 293 us
Iteration: 36
Timer velocity_no_nproma_if_prop_lvn_only_0_istep_2 took 296 us
Iteration: 37
Timer velocity_no_nproma_if_prop_lvn_only_0_istep_2 took 294 us
Iteration: 38
Timer velocity_no_nproma_if_prop_lvn_only_0_istep_2 took 299 us
Iteration: 39
Timer velocity_no_nproma_if_prop_lvn_only_0_istep_2 took 297 us
Iteration: 40
Timer velocity_no_nproma_if_prop_lvn_only_0_istep_2 took 295 us
Iteration: 41
Timer velocity_no_nproma_if_prop_lvn_only_0_istep_2 took 297 us
Iteration: 42
Timer velocity_no_nproma_if_prop_lvn_only_0_istep_2 took 299 us
Iteration: 43
Timer velocity_no_nproma_if_prop_lvn_only_0_istep_2 took 297 us
Iteration: 44
Timer velocity_no_nproma_if_prop_lvn_only_0_istep_2 took 300 us
Iteration: 45
Timer velocity_no_nproma_if_prop_lvn_only_0_istep_2 took 294 us
Iteration: 46
Timer velocity_no_nproma_if_prop_lvn_only_0_istep_2 took 288 us
Iteration: 47
Timer velocity_no_nproma_if_prop_lvn_only_0_istep_2 took 296 us
Iteration: 48
Timer velocity_no_nproma_if_prop_lvn_only_0_istep_2 took 293 us
Iteration: 49
Timer velocity_no_nproma_if_prop_lvn_only_0_istep_2 took 290 us
Iteration: 50
Timer velocity_no_nproma_if_prop_lvn_only_0_istep_2 took 294 us
Iteration: 51
Timer velocity_no_nproma_if_prop_lvn_only_0_istep_2 took 295 us
Iteration: 52
Timer velocity_no_nproma_if_prop_lvn_only_0_istep_2 took 294 us
Iteration: 53
Timer velocity_no_nproma_if_prop_lvn_only_0_istep_2 took 292 us
Iteration: 54
Timer velocity_no_nproma_if_prop_lvn_only_0_istep_2 took 288 us
Iteration: 55
Timer velocity_no_nproma_if_prop_lvn_only_0_istep_2 took 292 us
Iteration: 56
Timer velocity_no_nproma_if_prop_lvn_only_0_istep_2 took 300 us
Iteration: 57
Timer velocity_no_nproma_if_prop_lvn_only_0_istep_2 took 296 us
Iteration: 58
Timer velocity_no_nproma_if_prop_lvn_only_0_istep_2 took 293 us
Iteration: 59
Timer velocity_no_nproma_if_prop_lvn_only_0_istep_2 took 294 us
Iteration: 60
Timer velocity_no_nproma_if_prop_lvn_only_0_istep_2 took 292 us
Iteration: 61
Timer velocity_no_nproma_if_prop_lvn_only_0_istep_2 took 294 us
Iteration: 62
Timer velocity_no_nproma_if_prop_lvn_only_0_istep_2 took 284 us
Iteration: 63
Timer velocity_no_nproma_if_prop_lvn_only_0_istep_2 took 290 us
Iteration: 64
Timer velocity_no_nproma_if_prop_lvn_only_0_istep_2 took 294 us
Iteration: 65
Timer velocity_no_nproma_if_prop_lvn_only_0_istep_2 took 292 us
Iteration: 66
Timer velocity_no_nproma_if_prop_lvn_only_0_istep_2 took 301 us
Iteration: 67
Timer velocity_no_nproma_if_prop_lvn_only_0_istep_2 took 291 us
Iteration: 68
Timer velocity_no_nproma_if_prop_lvn_only_0_istep_2 took 293 us
Iteration: 69
Timer velocity_no_nproma_if_prop_lvn_only_0_istep_2 took 287 us
Iteration: 70
Timer velocity_no_nproma_if_prop_lvn_only_0_istep_2 took 291 us
Iteration: 71
Timer velocity_no_nproma_if_prop_lvn_only_0_istep_2 took 289 us
Iteration: 72
Timer velocity_no_nproma_if_prop_lvn_only_0_istep_2 took 293 us
Iteration: 73
Timer velocity_no_nproma_if_prop_lvn_only_0_istep_2 took 290 us
Iteration: 74
Timer velocity_no_nproma_if_prop_lvn_only_0_istep_2 took 293 us
Iteration: 75
Timer velocity_no_nproma_if_prop_lvn_only_0_istep_2 took 288 us
Iteration: 76
Timer velocity_no_nproma_if_prop_lvn_only_0_istep_2 took 293 us
Iteration: 77
Timer velocity_no_nproma_if_prop_lvn_only_0_istep_2 took 289 us
Iteration: 78
Timer velocity_no_nproma_if_prop_lvn_only_0_istep_2 took 294 us
Iteration: 79
Timer velocity_no_nproma_if_prop_lvn_only_0_istep_2 took 288 us
Iteration: 80
Timer velocity_no_nproma_if_prop_lvn_only_0_istep_2 took 288 us
Iteration: 81
Timer velocity_no_nproma_if_prop_lvn_only_0_istep_2 took 293 us
Iteration: 82
Timer velocity_no_nproma_if_prop_lvn_only_0_istep_2 took 292 us
Iteration: 83
Timer velocity_no_nproma_if_prop_lvn_only_0_istep_2 took 294 us
Iteration: 84
Timer velocity_no_nproma_if_prop_lvn_only_0_istep_2 took 285 us
Iteration: 85
Timer velocity_no_nproma_if_prop_lvn_only_0_istep_2 took 288 us
Iteration: 86
Timer velocity_no_nproma_if_prop_lvn_only_0_istep_2 took 289 us
Iteration: 87
Timer velocity_no_nproma_if_prop_lvn_only_0_istep_2 took 290 us
Iteration: 88
Timer velocity_no_nproma_if_prop_lvn_only_0_istep_2 took 293 us
Iteration: 89
Timer velocity_no_nproma_if_prop_lvn_only_0_istep_2 took 292 us
Iteration: 90
Timer velocity_no_nproma_if_prop_lvn_only_0_istep_2 took 291 us
Iteration: 91
Timer velocity_no_nproma_if_prop_lvn_only_0_istep_2 took 294 us
Iteration: 92
Timer velocity_no_nproma_if_prop_lvn_only_0_istep_2 took 289 us
Iteration: 93
Timer velocity_no_nproma_if_prop_lvn_only_0_istep_2 took 287 us
Iteration: 94
Timer velocity_no_nproma_if_prop_lvn_only_0_istep_2 took 291 us
Iteration: 95
Timer velocity_no_nproma_if_prop_lvn_only_0_istep_2 took 285 us
Iteration: 96
Timer velocity_no_nproma_if_prop_lvn_only_0_istep_2 took 292 us
Iteration: 97
Timer velocity_no_nproma_if_prop_lvn_only_0_istep_2 took 288 us
Iteration: 98
Timer velocity_no_nproma_if_prop_lvn_only_0_istep_2 took 294 us
Iteration: 99
Timer velocity_no_nproma_if_prop_lvn_only_0_istep_2 took 291 us
Iteration: 100
Timer velocity_no_nproma_if_prop_lvn_only_0_istep_2 took 286 us
Iteration: 101
Timer velocity_no_nproma_if_prop_lvn_only_0_istep_2 took 287 us
Iteration: 102
Timer velocity_no_nproma_if_prop_lvn_only_0_istep_2 took 286 us
Iteration: 103
Timer velocity_no_nproma_if_prop_lvn_only_0_istep_2 took 293 us
Iteration: 104
Timer velocity_no_nproma_if_prop_lvn_only_0_istep_2 took 289 us
Iteration: 105
Timer velocity_no_nproma_if_prop_lvn_only_0_istep_2 took 286 us
Iteration: 106
Timer velocity_no_nproma_if_prop_lvn_only_0_istep_2 took 284 us
Iteration: 107
Timer velocity_no_nproma_if_prop_lvn_only_0_istep_2 took 289 us
Iteration: 108
Timer velocity_no_nproma_if_prop_lvn_only_0_istep_2 took 283 us
Iteration: 109
Timer velocity_no_nproma_if_prop_lvn_only_0_istep_2 took 289 us
Iteration: 110
Timer velocity_no_nproma_if_prop_lvn_only_0_istep_2 took 284 us
Iteration: 111
Timer velocity_no_nproma_if_prop_lvn_only_0_istep_2 took 284 us
Iteration: 112
Timer velocity_no_nproma_if_prop_lvn_only_0_istep_2 took 286 us
Iteration: 113
Timer velocity_no_nproma_if_prop_lvn_only_0_istep_2 took 286 us
Iteration: 114
Timer velocity_no_nproma_if_prop_lvn_only_0_istep_2 took 287 us
Iteration: 115
Timer velocity_no_nproma_if_prop_lvn_only_0_istep_2 took 288 us
Iteration: 116
Timer velocity_no_nproma_if_prop_lvn_only_0_istep_2 took 283 us
Iteration: 117
Timer velocity_no_nproma_if_prop_lvn_only_0_istep_2 took 286 us
Iteration: 118
Timer velocity_no_nproma_if_prop_lvn_only_0_istep_2 took 290 us
Iteration: 119
Timer velocity_no_nproma_if_prop_lvn_only_0_istep_2 took 286 us
Iteration: 120
Timer velocity_no_nproma_if_prop_lvn_only_0_istep_2 took 281 us
Iteration: 121
Timer velocity_no_nproma_if_prop_lvn_only_0_istep_2 took 285 us
Iteration: 122
Timer velocity_no_nproma_if_prop_lvn_only_0_istep_2 took 289 us
Iteration: 123
Timer velocity_no_nproma_if_prop_lvn_only_0_istep_2 took 290 us
Iteration: 124
Timer velocity_no_nproma_if_prop_lvn_only_0_istep_2 took 289 us
Iteration: 125
Timer velocity_no_nproma_if_prop_lvn_only_0_istep_2 took 289 us
Iteration: 126
Timer velocity_no_nproma_if_prop_lvn_only_0_istep_2 took 282 us
Iteration: 127
Timer velocity_no_nproma_if_prop_lvn_only_0_istep_2 took 282 us
Iteration: 128
Timer velocity_no_nproma_if_prop_lvn_only_0_istep_2 took 291 us
Iteration: 129
Timer velocity_no_nproma_if_prop_lvn_only_0_istep_2 took 291 us
Iteration: 130
Timer velocity_no_nproma_if_prop_lvn_only_0_istep_2 took 288 us
Iteration: 131
Timer velocity_no_nproma_if_prop_lvn_only_0_istep_2 took 284 us
Iteration: 132
Timer velocity_no_nproma_if_prop_lvn_only_0_istep_2 took 284 us
Iteration: 133
Timer velocity_no_nproma_if_prop_lvn_only_0_istep_2 took 288 us
Iteration: 134
Timer velocity_no_nproma_if_prop_lvn_only_0_istep_2 took 288 us
Iteration: 135
Timer velocity_no_nproma_if_prop_lvn_only_0_istep_2 took 286 us
Iteration: 136
Timer velocity_no_nproma_if_prop_lvn_only_0_istep_2 took 290 us
Iteration: 137
Timer velocity_no_nproma_if_prop_lvn_only_0_istep_2 took 287 us
Iteration: 138
Timer velocity_no_nproma_if_prop_lvn_only_0_istep_2 took 284 us
Iteration: 139
Timer velocity_no_nproma_if_prop_lvn_only_0_istep_2 took 284 us
Iteration: 140
Timer velocity_no_nproma_if_prop_lvn_only_0_istep_2 took 283 us
Iteration: 141
Timer velocity_no_nproma_if_prop_lvn_only_0_istep_2 took 282 us
Iteration: 142
Timer velocity_no_nproma_if_prop_lvn_only_0_istep_2 took 290 us
Iteration: 143
Timer velocity_no_nproma_if_prop_lvn_only_0_istep_2 took 287 us
Iteration: 144
Timer velocity_no_nproma_if_prop_lvn_only_0_istep_2 took 292 us
Iteration: 145
Timer velocity_no_nproma_if_prop_lvn_only_0_istep_2 took 287 us
Iteration: 146
Timer velocity_no_nproma_if_prop_lvn_only_0_istep_2 took 285 us
Iteration: 147
Timer velocity_no_nproma_if_prop_lvn_only_0_istep_2 took 281 us
Iteration: 148
Timer velocity_no_nproma_if_prop_lvn_only_0_istep_2 took 289 us
Iteration: 149
Timer velocity_no_nproma_if_prop_lvn_only_0_istep_2 took 288 us
Iteration: 150
Timer velocity_no_nproma_if_prop_lvn_only_0_istep_2 took 287 us
Iteration: 151
Timer velocity_no_nproma_if_prop_lvn_only_0_istep_2 took 279 us
Iteration: 152
Timer velocity_no_nproma_if_prop_lvn_only_0_istep_2 took 309 us
Iteration: 153
Timer velocity_no_nproma_if_prop_lvn_only_0_istep_2 took 305 us
Iteration: 154
Timer velocity_no_nproma_if_prop_lvn_only_0_istep_2 took 296 us
Iteration: 155
Timer velocity_no_nproma_if_prop_lvn_only_0_istep_2 took 299 us
Iteration: 156
Timer velocity_no_nproma_if_prop_lvn_only_0_istep_2 took 299 us
Iteration: 157
Timer velocity_no_nproma_if_prop_lvn_only_0_istep_2 took 298 us
Iteration: 158
Timer velocity_no_nproma_if_prop_lvn_only_0_istep_2 took 298 us
Iteration: 159
Timer velocity_no_nproma_if_prop_lvn_only_0_istep_2 took 297 us
Iteration: 160
Timer velocity_no_nproma_if_prop_lvn_only_0_istep_2 took 292 us
Iteration: 161
Timer velocity_no_nproma_if_prop_lvn_only_0_istep_2 took 301 us
Iteration: 162
Timer velocity_no_nproma_if_prop_lvn_only_0_istep_2 took 305 us
Iteration: 163
Timer velocity_no_nproma_if_prop_lvn_only_0_istep_2 took 290 us
Iteration: 164
Timer velocity_no_nproma_if_prop_lvn_only_0_istep_2 took 294 us
Iteration: 165
Timer velocity_no_nproma_if_prop_lvn_only_0_istep_2 took 295 us
Iteration: 166
Timer velocity_no_nproma_if_prop_lvn_only_0_istep_2 took 296 us
Iteration: 167
Timer velocity_no_nproma_if_prop_lvn_only_0_istep_2 took 287 us
Iteration: 168
Timer velocity_no_nproma_if_prop_lvn_only_0_istep_2 took 306 us
Iteration: 169
Timer velocity_no_nproma_if_prop_lvn_only_0_istep_2 took 299 us
Iteration: 170
Timer velocity_no_nproma_if_prop_lvn_only_0_istep_2 took 296 us
Iteration: 171
Timer velocity_no_nproma_if_prop_lvn_only_0_istep_2 took 299 us
Iteration: 172
Timer velocity_no_nproma_if_prop_lvn_only_0_istep_2 took 288 us
Iteration: 173
Timer velocity_no_nproma_if_prop_lvn_only_0_istep_2 took 290 us
Iteration: 174
Timer velocity_no_nproma_if_prop_lvn_only_0_istep_2 took 290 us
Iteration: 175
Timer velocity_no_nproma_if_prop_lvn_only_0_istep_2 took 300 us
Iteration: 176
Timer velocity_no_nproma_if_prop_lvn_only_0_istep_2 took 299 us
Iteration: 177
Timer velocity_no_nproma_if_prop_lvn_only_0_istep_2 took 294 us
Iteration: 178
Timer velocity_no_nproma_if_prop_lvn_only_0_istep_2 took 288 us
Iteration: 179
Timer velocity_no_nproma_if_prop_lvn_only_0_istep_2 took 298 us
Iteration: 180
Timer velocity_no_nproma_if_prop_lvn_only_0_istep_2 took 293 us
Iteration: 181
Timer velocity_no_nproma_if_prop_lvn_only_0_istep_2 took 295 us
Iteration: 182
Timer velocity_no_nproma_if_prop_lvn_only_0_istep_2 took 296 us
Iteration: 183
Timer velocity_no_nproma_if_prop_lvn_only_0_istep_2 took 295 us
Iteration: 184
Timer velocity_no_nproma_if_prop_lvn_only_0_istep_2 took 287 us
Iteration: 185
Timer velocity_no_nproma_if_prop_lvn_only_0_istep_2 took 289 us
Iteration: 186
Timer velocity_no_nproma_if_prop_lvn_only_0_istep_2 took 280 us
Iteration: 187
Timer velocity_no_nproma_if_prop_lvn_only_0_istep_2 took 290 us
Iteration: 188
Timer velocity_no_nproma_if_prop_lvn_only_0_istep_2 took 286 us
Iteration: 189
Timer velocity_no_nproma_if_prop_lvn_only_0_istep_2 took 284 us
Iteration: 190
Timer velocity_no_nproma_if_prop_lvn_only_0_istep_2 took 286 us
Iteration: 191
Timer velocity_no_nproma_if_prop_lvn_only_0_istep_2 took 283 us
Iteration: 192
Timer velocity_no_nproma_if_prop_lvn_only_0_istep_2 took 284 us
Iteration: 193
Timer velocity_no_nproma_if_prop_lvn_only_0_istep_2 took 282 us
Iteration: 194
Timer velocity_no_nproma_if_prop_lvn_only_0_istep_2 took 283 us
Iteration: 195
Timer velocity_no_nproma_if_prop_lvn_only_0_istep_2 took 282 us
Iteration: 196
Timer velocity_no_nproma_if_prop_lvn_only_0_istep_2 took 280 us
Iteration: 197
Timer velocity_no_nproma_if_prop_lvn_only_0_istep_2 took 284 us
Iteration: 198
Timer velocity_no_nproma_if_prop_lvn_only_0_istep_2 took 278 us
Iteration: 199
Timer velocity_no_nproma_if_prop_lvn_only_0_istep_2 took 281 us
Step 519 done.
Writing to: "/capstor/scratch/cscs/ybudanaz/icon-artifacts/velocity/gotwant/data_nproma20480/global_data_519.got"
Writing to: "/capstor/scratch/cscs/ybudanaz/icon-artifacts/velocity/gotwant/data_nproma20480/global_data_519.want"
Writing to: "/capstor/scratch/cscs/ybudanaz/icon-artifacts/velocity/gotwant/data_nproma20480/p_diag_519.want"
Writing to: "/capstor/scratch/cscs/ybudanaz/icon-artifacts/velocity/gotwant/data_nproma20480/p_diag_519.got"
Writing to: "/capstor/scratch/cscs/ybudanaz/icon-artifacts/velocity/gotwant/data_nproma20480/p_metrics_519.got"
Writing to: "/capstor/scratch/cscs/ybudanaz/icon-artifacts/velocity/gotwant/data_nproma20480/p_metrics_519.want"
Writing to: "/capstor/scratch/cscs/ybudanaz/icon-artifacts/velocity/gotwant/data_nproma20480/p_prog_519.got"
Writing to: "/capstor/scratch/cscs/ybudanaz/icon-artifacts/velocity/gotwant/data_nproma20480/p_prog_519.want"
Writing to: "/capstor/scratch/cscs/ybudanaz/icon-artifacts/velocity/gotwant/data_nproma20480/z_kin_hor_e_519.got"
Writing to: "/capstor/scratch/cscs/ybudanaz/icon-artifacts/velocity/gotwant/data_nproma20480/z_vt_ie_519.got"
Writing to: "/capstor/scratch/cscs/ybudanaz/icon-artifacts/velocity/gotwant/data_nproma20480/z_kin_hor_e_519.want"
Writing to: "/capstor/scratch/cscs/ybudanaz/icon-artifacts/velocity/gotwant/data_nproma20480/z_w_concorr_me_519.got"
Writing to: "/capstor/scratch/cscs/ybudanaz/icon-artifacts/velocity/gotwant/data_nproma20480/z_vt_ie_519.want"
Writing to: "/capstor/scratch/cscs/ybudanaz/icon-artifacts/velocity/gotwant/data_nproma20480/z_w_concorr_me_519.want"
Reading from: "data_nproma20480/p_diag.t0.1140.data"
Reading from: "data_nproma20480/global_data.t0.1140.data"
Reading from: "data_nproma20480/p_patch.1140.data"
Reading from: "data_nproma20480/p_int.1140.data"
Reading from: "data_nproma20480/global_data.t1.1140.data"
Reading from: "data_nproma20480/p_diag.t1.1140.data"
Reading from: "data_nproma20480/p_metrics.t1.1140.data"
Reading from: "data_nproma20480/p_metrics.t0.1140.data"
Reading from: "data_nproma20480/p_prog.t0.1140.data"
Reading from: "data_nproma20480/p_prog.t1.1140.data"
Reading from: "data_nproma20480/z_kin_hor_e.t0.1140.data"
Reading from: "data_nproma20480/z_vt_ie.t0.1140.data"
Reading from: "data_nproma20480/istep.1140.data"
Reading from: "data_nproma20480/ldeepatmo.1140.data"
Reading from: "data_nproma20480/lvn_only.1140.data"
Reading from: "data_nproma20480/z_w_concorr_me.t0.1140.data"
Reading from: "data_nproma20480/z_kin_hor_e.t1.1140.data"
Reading from: "data_nproma20480/z_vt_ie.t1.1140.data"
Reading from: "data_nproma20480/ntnd.1140.data"
Reading from: "data_nproma20480/z_w_concorr_me.t1.1140.data"
Reading from: "data_nproma20480/dt_linintp_ubc.1140.data"
Reading from: "data_nproma20480/dtime.1140.data"
Step 1140 variables, extra_diffu: 1, istep: 2, lvn_only: 0, ldeepatmo: 0
Iteration: 0
Timer velocity_no_nproma_if_prop_lvn_only_0_istep_2 took 520 us
Iteration: 1
Timer velocity_no_nproma_if_prop_lvn_only_0_istep_2 took 307 us
Iteration: 2
Timer velocity_no_nproma_if_prop_lvn_only_0_istep_2 took 312 us
Iteration: 3
Timer velocity_no_nproma_if_prop_lvn_only_0_istep_2 took 318 us
Iteration: 4
Timer velocity_no_nproma_if_prop_lvn_only_0_istep_2 took 318 us
Iteration: 5
Timer velocity_no_nproma_if_prop_lvn_only_0_istep_2 took 310 us
Iteration: 6
Timer velocity_no_nproma_if_prop_lvn_only_0_istep_2 took 301 us
Iteration: 7
Timer velocity_no_nproma_if_prop_lvn_only_0_istep_2 took 310 us
Iteration: 8
Timer velocity_no_nproma_if_prop_lvn_only_0_istep_2 took 314 us
Iteration: 9
Timer velocity_no_nproma_if_prop_lvn_only_0_istep_2 took 305 us
Iteration: 10
Timer velocity_no_nproma_if_prop_lvn_only_0_istep_2 took 310 us
Iteration: 11
Timer velocity_no_nproma_if_prop_lvn_only_0_istep_2 took 313 us
Iteration: 12
Timer velocity_no_nproma_if_prop_lvn_only_0_istep_2 took 310 us
Iteration: 13
Timer velocity_no_nproma_if_prop_lvn_only_0_istep_2 took 308 us
Iteration: 14
Timer velocity_no_nproma_if_prop_lvn_only_0_istep_2 took 303 us
Iteration: 15
Timer velocity_no_nproma_if_prop_lvn_only_0_istep_2 took 311 us
Iteration: 16
Timer velocity_no_nproma_if_prop_lvn_only_0_istep_2 took 307 us
Iteration: 17
Timer velocity_no_nproma_if_prop_lvn_only_0_istep_2 took 306 us
Iteration: 18
Timer velocity_no_nproma_if_prop_lvn_only_0_istep_2 took 306 us
Iteration: 19
Timer velocity_no_nproma_if_prop_lvn_only_0_istep_2 took 298 us
Iteration: 20
Timer velocity_no_nproma_if_prop_lvn_only_0_istep_2 took 300 us
Iteration: 21
Timer velocity_no_nproma_if_prop_lvn_only_0_istep_2 took 299 us
Iteration: 22
Timer velocity_no_nproma_if_prop_lvn_only_0_istep_2 took 303 us
Iteration: 23
Timer velocity_no_nproma_if_prop_lvn_only_0_istep_2 took 298 us
Iteration: 24
Timer velocity_no_nproma_if_prop_lvn_only_0_istep_2 took 298 us
Iteration: 25
Timer velocity_no_nproma_if_prop_lvn_only_0_istep_2 took 303 us
Iteration: 26
Timer velocity_no_nproma_if_prop_lvn_only_0_istep_2 took 301 us
Iteration: 27
Timer velocity_no_nproma_if_prop_lvn_only_0_istep_2 took 301 us
Iteration: 28
Timer velocity_no_nproma_if_prop_lvn_only_0_istep_2 took 302 us
Iteration: 29
Timer velocity_no_nproma_if_prop_lvn_only_0_istep_2 took 307 us
Iteration: 30
Timer velocity_no_nproma_if_prop_lvn_only_0_istep_2 took 301 us
Iteration: 31
Timer velocity_no_nproma_if_prop_lvn_only_0_istep_2 took 301 us
Iteration: 32
Timer velocity_no_nproma_if_prop_lvn_only_0_istep_2 took 297 us
Iteration: 33
Timer velocity_no_nproma_if_prop_lvn_only_0_istep_2 took 312 us
Iteration: 34
Timer velocity_no_nproma_if_prop_lvn_only_0_istep_2 took 305 us
Iteration: 35
Timer velocity_no_nproma_if_prop_lvn_only_0_istep_2 took 301 us
Iteration: 36
Timer velocity_no_nproma_if_prop_lvn_only_0_istep_2 took 298 us
Iteration: 37
Timer velocity_no_nproma_if_prop_lvn_only_0_istep_2 took 302 us
Iteration: 38
Timer velocity_no_nproma_if_prop_lvn_only_0_istep_2 took 299 us
Iteration: 39
Timer velocity_no_nproma_if_prop_lvn_only_0_istep_2 took 302 us
Iteration: 40
Timer velocity_no_nproma_if_prop_lvn_only_0_istep_2 took 299 us
Iteration: 41
Timer velocity_no_nproma_if_prop_lvn_only_0_istep_2 took 306 us
Iteration: 42
Timer velocity_no_nproma_if_prop_lvn_only_0_istep_2 took 301 us
Iteration: 43
Timer velocity_no_nproma_if_prop_lvn_only_0_istep_2 took 295 us
Iteration: 44
Timer velocity_no_nproma_if_prop_lvn_only_0_istep_2 took 302 us
Iteration: 45
Timer velocity_no_nproma_if_prop_lvn_only_0_istep_2 took 291 us
Iteration: 46
Timer velocity_no_nproma_if_prop_lvn_only_0_istep_2 took 297 us
Iteration: 47
Timer velocity_no_nproma_if_prop_lvn_only_0_istep_2 took 295 us
Iteration: 48
Timer velocity_no_nproma_if_prop_lvn_only_0_istep_2 took 296 us
Iteration: 49
Timer velocity_no_nproma_if_prop_lvn_only_0_istep_2 took 293 us
Iteration: 50
Timer velocity_no_nproma_if_prop_lvn_only_0_istep_2 took 299 us
Iteration: 51
Timer velocity_no_nproma_if_prop_lvn_only_0_istep_2 took 297 us
Iteration: 52
Timer velocity_no_nproma_if_prop_lvn_only_0_istep_2 took 291 us
Iteration: 53
Timer velocity_no_nproma_if_prop_lvn_only_0_istep_2 took 293 us
Iteration: 54
Timer velocity_no_nproma_if_prop_lvn_only_0_istep_2 took 291 us
Iteration: 55
Timer velocity_no_nproma_if_prop_lvn_only_0_istep_2 took 301 us
Iteration: 56
Timer velocity_no_nproma_if_prop_lvn_only_0_istep_2 took 294 us
Iteration: 57
Timer velocity_no_nproma_if_prop_lvn_only_0_istep_2 took 294 us
Iteration: 58
Timer velocity_no_nproma_if_prop_lvn_only_0_istep_2 took 292 us
Iteration: 59
Timer velocity_no_nproma_if_prop_lvn_only_0_istep_2 took 291 us
Iteration: 60
Timer velocity_no_nproma_if_prop_lvn_only_0_istep_2 took 290 us
Iteration: 61
Timer velocity_no_nproma_if_prop_lvn_only_0_istep_2 took 289 us
Iteration: 62
Timer velocity_no_nproma_if_prop_lvn_only_0_istep_2 took 287 us
Iteration: 63
Timer velocity_no_nproma_if_prop_lvn_only_0_istep_2 took 282 us
Iteration: 64
Timer velocity_no_nproma_if_prop_lvn_only_0_istep_2 took 293 us
Iteration: 65
Timer velocity_no_nproma_if_prop_lvn_only_0_istep_2 took 292 us
Iteration: 66
Timer velocity_no_nproma_if_prop_lvn_only_0_istep_2 took 288 us
Iteration: 67
Timer velocity_no_nproma_if_prop_lvn_only_0_istep_2 took 289 us
Iteration: 68
Timer velocity_no_nproma_if_prop_lvn_only_0_istep_2 took 293 us
Iteration: 69
Timer velocity_no_nproma_if_prop_lvn_only_0_istep_2 took 289 us
Iteration: 70
Timer velocity_no_nproma_if_prop_lvn_only_0_istep_2 took 288 us
Iteration: 71
Timer velocity_no_nproma_if_prop_lvn_only_0_istep_2 took 293 us
Iteration: 72
Timer velocity_no_nproma_if_prop_lvn_only_0_istep_2 took 290 us
Iteration: 73
Timer velocity_no_nproma_if_prop_lvn_only_0_istep_2 took 289 us
Iteration: 74
Timer velocity_no_nproma_if_prop_lvn_only_0_istep_2 took 289 us
Iteration: 75
Timer velocity_no_nproma_if_prop_lvn_only_0_istep_2 took 289 us
Iteration: 76
Timer velocity_no_nproma_if_prop_lvn_only_0_istep_2 took 283 us
Iteration: 77
Timer velocity_no_nproma_if_prop_lvn_only_0_istep_2 took 293 us
Iteration: 78
Timer velocity_no_nproma_if_prop_lvn_only_0_istep_2 took 289 us
Iteration: 79
Timer velocity_no_nproma_if_prop_lvn_only_0_istep_2 took 289 us
Iteration: 80
Timer velocity_no_nproma_if_prop_lvn_only_0_istep_2 took 286 us
Iteration: 81
Timer velocity_no_nproma_if_prop_lvn_only_0_istep_2 took 289 us
Iteration: 82
Timer velocity_no_nproma_if_prop_lvn_only_0_istep_2 took 285 us
Iteration: 83
Timer velocity_no_nproma_if_prop_lvn_only_0_istep_2 took 289 us
Iteration: 84
Timer velocity_no_nproma_if_prop_lvn_only_0_istep_2 took 297 us
Iteration: 85
Timer velocity_no_nproma_if_prop_lvn_only_0_istep_2 took 286 us
Iteration: 86
Timer velocity_no_nproma_if_prop_lvn_only_0_istep_2 took 289 us
Iteration: 87
Timer velocity_no_nproma_if_prop_lvn_only_0_istep_2 took 286 us
Iteration: 88
Timer velocity_no_nproma_if_prop_lvn_only_0_istep_2 took 290 us
Iteration: 89
Timer velocity_no_nproma_if_prop_lvn_only_0_istep_2 took 289 us
Iteration: 90
Timer velocity_no_nproma_if_prop_lvn_only_0_istep_2 took 288 us
Iteration: 91
Timer velocity_no_nproma_if_prop_lvn_only_0_istep_2 took 291 us
Iteration: 92
Timer velocity_no_nproma_if_prop_lvn_only_0_istep_2 took 288 us
Iteration: 93
Timer velocity_no_nproma_if_prop_lvn_only_0_istep_2 took 283 us
Iteration: 94
Timer velocity_no_nproma_if_prop_lvn_only_0_istep_2 took 286 us
Iteration: 95
Timer velocity_no_nproma_if_prop_lvn_only_0_istep_2 took 294 us
Iteration: 96
Timer velocity_no_nproma_if_prop_lvn_only_0_istep_2 took 290 us
Iteration: 97
Timer velocity_no_nproma_if_prop_lvn_only_0_istep_2 took 287 us
Iteration: 98
Timer velocity_no_nproma_if_prop_lvn_only_0_istep_2 took 289 us
Iteration: 99
Timer velocity_no_nproma_if_prop_lvn_only_0_istep_2 took 287 us
Iteration: 100
Timer velocity_no_nproma_if_prop_lvn_only_0_istep_2 took 290 us
Iteration: 101
Timer velocity_no_nproma_if_prop_lvn_only_0_istep_2 took 299 us
Iteration: 102
Timer velocity_no_nproma_if_prop_lvn_only_0_istep_2 took 290 us
Iteration: 103
Timer velocity_no_nproma_if_prop_lvn_only_0_istep_2 took 291 us
Iteration: 104
Timer velocity_no_nproma_if_prop_lvn_only_0_istep_2 took 286 us
Iteration: 105
Timer velocity_no_nproma_if_prop_lvn_only_0_istep_2 took 291 us
Iteration: 106
Timer velocity_no_nproma_if_prop_lvn_only_0_istep_2 took 290 us
Iteration: 107
Timer velocity_no_nproma_if_prop_lvn_only_0_istep_2 took 289 us
Iteration: 108
Timer velocity_no_nproma_if_prop_lvn_only_0_istep_2 took 284 us
Iteration: 109
Timer velocity_no_nproma_if_prop_lvn_only_0_istep_2 took 286 us
Iteration: 110
Timer velocity_no_nproma_if_prop_lvn_only_0_istep_2 took 283 us
Iteration: 111
Timer velocity_no_nproma_if_prop_lvn_only_0_istep_2 took 289 us
Iteration: 112
Timer velocity_no_nproma_if_prop_lvn_only_0_istep_2 took 290 us
Iteration: 113
Timer velocity_no_nproma_if_prop_lvn_only_0_istep_2 took 288 us
Iteration: 114
Timer velocity_no_nproma_if_prop_lvn_only_0_istep_2 took 289 us
Iteration: 115
Timer velocity_no_nproma_if_prop_lvn_only_0_istep_2 took 284 us
Iteration: 116
Timer velocity_no_nproma_if_prop_lvn_only_0_istep_2 took 293 us
Iteration: 117
Timer velocity_no_nproma_if_prop_lvn_only_0_istep_2 took 287 us
Iteration: 118
Timer velocity_no_nproma_if_prop_lvn_only_0_istep_2 took 292 us
Iteration: 119
Timer velocity_no_nproma_if_prop_lvn_only_0_istep_2 took 285 us
Iteration: 120
Timer velocity_no_nproma_if_prop_lvn_only_0_istep_2 took 289 us
Iteration: 121
Timer velocity_no_nproma_if_prop_lvn_only_0_istep_2 took 291 us
Iteration: 122
Timer velocity_no_nproma_if_prop_lvn_only_0_istep_2 took 292 us
Iteration: 123
Timer velocity_no_nproma_if_prop_lvn_only_0_istep_2 took 291 us
Iteration: 124
Timer velocity_no_nproma_if_prop_lvn_only_0_istep_2 took 287 us
Iteration: 125
Timer velocity_no_nproma_if_prop_lvn_only_0_istep_2 took 279 us
Iteration: 126
Timer velocity_no_nproma_if_prop_lvn_only_0_istep_2 took 288 us
Iteration: 127
Timer velocity_no_nproma_if_prop_lvn_only_0_istep_2 took 290 us
Iteration: 128
Timer velocity_no_nproma_if_prop_lvn_only_0_istep_2 took 285 us
Iteration: 129
Timer velocity_no_nproma_if_prop_lvn_only_0_istep_2 took 288 us
Iteration: 130
Timer velocity_no_nproma_if_prop_lvn_only_0_istep_2 took 286 us
Iteration: 131
Timer velocity_no_nproma_if_prop_lvn_only_0_istep_2 took 289 us
Iteration: 132
Timer velocity_no_nproma_if_prop_lvn_only_0_istep_2 took 292 us
Iteration: 133
Timer velocity_no_nproma_if_prop_lvn_only_0_istep_2 took 292 us
Iteration: 134
Timer velocity_no_nproma_if_prop_lvn_only_0_istep_2 took 289 us
Iteration: 135
Timer velocity_no_nproma_if_prop_lvn_only_0_istep_2 took 275 us
Iteration: 136
Timer velocity_no_nproma_if_prop_lvn_only_0_istep_2 took 287 us
Iteration: 137
Timer velocity_no_nproma_if_prop_lvn_only_0_istep_2 took 289 us
Iteration: 138
Timer velocity_no_nproma_if_prop_lvn_only_0_istep_2 took 282 us
Iteration: 139
Timer velocity_no_nproma_if_prop_lvn_only_0_istep_2 took 281 us
Iteration: 140
Timer velocity_no_nproma_if_prop_lvn_only_0_istep_2 took 285 us
Iteration: 141
Timer velocity_no_nproma_if_prop_lvn_only_0_istep_2 took 286 us
Iteration: 142
Timer velocity_no_nproma_if_prop_lvn_only_0_istep_2 took 276 us
Iteration: 143
Timer velocity_no_nproma_if_prop_lvn_only_0_istep_2 took 282 us
Iteration: 144
Timer velocity_no_nproma_if_prop_lvn_only_0_istep_2 took 282 us
Iteration: 145
Timer velocity_no_nproma_if_prop_lvn_only_0_istep_2 took 282 us
Iteration: 146
Timer velocity_no_nproma_if_prop_lvn_only_0_istep_2 took 279 us
Iteration: 147
Timer velocity_no_nproma_if_prop_lvn_only_0_istep_2 took 286 us
Iteration: 148
Timer velocity_no_nproma_if_prop_lvn_only_0_istep_2 took 280 us
Iteration: 149
Timer velocity_no_nproma_if_prop_lvn_only_0_istep_2 took 286 us
Iteration: 150
Timer velocity_no_nproma_if_prop_lvn_only_0_istep_2 took 282 us
Iteration: 151
Timer velocity_no_nproma_if_prop_lvn_only_0_istep_2 took 278 us
Iteration: 152
Timer velocity_no_nproma_if_prop_lvn_only_0_istep_2 took 279 us
Iteration: 153
Timer velocity_no_nproma_if_prop_lvn_only_0_istep_2 took 278 us
Iteration: 154
Timer velocity_no_nproma_if_prop_lvn_only_0_istep_2 took 274 us
Iteration: 155
Timer velocity_no_nproma_if_prop_lvn_only_0_istep_2 took 282 us
Iteration: 156
Timer velocity_no_nproma_if_prop_lvn_only_0_istep_2 took 287 us
Iteration: 157
Timer velocity_no_nproma_if_prop_lvn_only_0_istep_2 took 283 us
Iteration: 158
Timer velocity_no_nproma_if_prop_lvn_only_0_istep_2 took 285 us
Iteration: 159
Timer velocity_no_nproma_if_prop_lvn_only_0_istep_2 took 284 us
Iteration: 160
Timer velocity_no_nproma_if_prop_lvn_only_0_istep_2 took 282 us
Iteration: 161
Timer velocity_no_nproma_if_prop_lvn_only_0_istep_2 took 288 us
Iteration: 162
Timer velocity_no_nproma_if_prop_lvn_only_0_istep_2 took 279 us
Iteration: 163
Timer velocity_no_nproma_if_prop_lvn_only_0_istep_2 took 280 us
Iteration: 164
Timer velocity_no_nproma_if_prop_lvn_only_0_istep_2 took 281 us
Iteration: 165
Timer velocity_no_nproma_if_prop_lvn_only_0_istep_2 took 285 us
Iteration: 166
Timer velocity_no_nproma_if_prop_lvn_only_0_istep_2 took 284 us
Iteration: 167
Timer velocity_no_nproma_if_prop_lvn_only_0_istep_2 took 287 us
Iteration: 168
Timer velocity_no_nproma_if_prop_lvn_only_0_istep_2 took 281 us
Iteration: 169
Timer velocity_no_nproma_if_prop_lvn_only_0_istep_2 took 284 us
Iteration: 170
Timer velocity_no_nproma_if_prop_lvn_only_0_istep_2 took 283 us
Iteration: 171
Timer velocity_no_nproma_if_prop_lvn_only_0_istep_2 took 281 us
Iteration: 172
Timer velocity_no_nproma_if_prop_lvn_only_0_istep_2 took 280 us
Iteration: 173
Timer velocity_no_nproma_if_prop_lvn_only_0_istep_2 took 279 us
Iteration: 174
Timer velocity_no_nproma_if_prop_lvn_only_0_istep_2 took 282 us
Iteration: 175
Timer velocity_no_nproma_if_prop_lvn_only_0_istep_2 took 288 us
Iteration: 176
Timer velocity_no_nproma_if_prop_lvn_only_0_istep_2 took 286 us
Iteration: 177
Timer velocity_no_nproma_if_prop_lvn_only_0_istep_2 took 280 us
Iteration: 178
Timer velocity_no_nproma_if_prop_lvn_only_0_istep_2 took 282 us
Iteration: 179
Timer velocity_no_nproma_if_prop_lvn_only_0_istep_2 took 285 us
Iteration: 180
Timer velocity_no_nproma_if_prop_lvn_only_0_istep_2 took 284 us
Iteration: 181
Timer velocity_no_nproma_if_prop_lvn_only_0_istep_2 took 278 us
Iteration: 182
Timer velocity_no_nproma_if_prop_lvn_only_0_istep_2 took 285 us
Iteration: 183
Timer velocity_no_nproma_if_prop_lvn_only_0_istep_2 took 282 us
Iteration: 184
Timer velocity_no_nproma_if_prop_lvn_only_0_istep_2 took 283 us
Iteration: 185
Timer velocity_no_nproma_if_prop_lvn_only_0_istep_2 took 283 us
Iteration: 186
Timer velocity_no_nproma_if_prop_lvn_only_0_istep_2 took 289 us
Iteration: 187
Timer velocity_no_nproma_if_prop_lvn_only_0_istep_2 took 285 us
Iteration: 188
Timer velocity_no_nproma_if_prop_lvn_only_0_istep_2 took 282 us
Iteration: 189
Timer velocity_no_nproma_if_prop_lvn_only_0_istep_2 took 286 us
Iteration: 190
Timer velocity_no_nproma_if_prop_lvn_only_0_istep_2 took 285 us
Iteration: 191
Timer velocity_no_nproma_if_prop_lvn_only_0_istep_2 took 283 us
Iteration: 192
Timer velocity_no_nproma_if_prop_lvn_only_0_istep_2 took 278 us
Iteration: 193
Timer velocity_no_nproma_if_prop_lvn_only_0_istep_2 took 278 us
Iteration: 194
Timer velocity_no_nproma_if_prop_lvn_only_0_istep_2 took 299 us
Iteration: 195
Timer velocity_no_nproma_if_prop_lvn_only_0_istep_2 took 283 us
Iteration: 196
Timer velocity_no_nproma_if_prop_lvn_only_0_istep_2 took 278 us
Iteration: 197
Timer velocity_no_nproma_if_prop_lvn_only_0_istep_2 took 280 us
Iteration: 198
Timer velocity_no_nproma_if_prop_lvn_only_0_istep_2 took 286 us
Iteration: 199
Timer velocity_no_nproma_if_prop_lvn_only_0_istep_2 took 287 us
Step 1140 done.
Writing to: "/capstor/scratch/cscs/ybudanaz/icon-artifacts/velocity/gotwant/data_nproma20480/global_data_1140.got"
Writing to: "/capstor/scratch/cscs/ybudanaz/icon-artifacts/velocity/gotwant/data_nproma20480/p_diag_1140.got"
Writing to: "/capstor/scratch/cscs/ybudanaz/icon-artifacts/velocity/gotwant/data_nproma20480/p_diag_1140.want"
Writing to: "/capstor/scratch/cscs/ybudanaz/icon-artifacts/velocity/gotwant/data_nproma20480/global_data_1140.want"
Writing to: "/capstor/scratch/cscs/ybudanaz/icon-artifacts/velocity/gotwant/data_nproma20480/p_prog_1140.got"
Writing to: "/capstor/scratch/cscs/ybudanaz/icon-artifacts/velocity/gotwant/data_nproma20480/p_metrics_1140.got"
Writing to: "/capstor/scratch/cscs/ybudanaz/icon-artifacts/velocity/gotwant/data_nproma20480/p_metrics_1140.want"
Writing to: "/capstor/scratch/cscs/ybudanaz/icon-artifacts/velocity/gotwant/data_nproma20480/z_kin_hor_e_1140.got"
Writing to: "/capstor/scratch/cscs/ybudanaz/icon-artifacts/velocity/gotwant/data_nproma20480/z_kin_hor_e_1140.want"
Writing to: "/capstor/scratch/cscs/ybudanaz/icon-artifacts/velocity/gotwant/data_nproma20480/z_vt_ie_1140.got"
Writing to: "/capstor/scratch/cscs/ybudanaz/icon-artifacts/velocity/gotwant/data_nproma20480/z_w_concorr_me_1140.got"
Writing to: "/capstor/scratch/cscs/ybudanaz/icon-artifacts/velocity/gotwant/data_nproma20480/p_prog_1140.want"
Writing to: "/capstor/scratch/cscs/ybudanaz/icon-artifacts/velocity/gotwant/data_nproma20480/z_w_concorr_me_1140.want"
Writing to: "/capstor/scratch/cscs/ybudanaz/icon-artifacts/velocity/gotwant/data_nproma20480/z_vt_ie_1140.want"
Reading from: "data_nproma20480/global_data.t1.1814.data"
Reading from: "data_nproma20480/global_data.t0.1814.data"
Reading from: "data_nproma20480/p_diag.t1.1814.data"
Reading from: "data_nproma20480/p_patch.1814.data"
Reading from: "data_nproma20480/p_int.1814.data"
Reading from: "data_nproma20480/p_metrics.t0.1814.data"
Reading from: "data_nproma20480/p_prog.t0.1814.data"
Reading from: "data_nproma20480/z_kin_hor_e.t0.1814.data"
Reading from: "data_nproma20480/p_metrics.t1.1814.data"
Reading from: "data_nproma20480/p_prog.t1.1814.data"
Reading from: "data_nproma20480/p_diag.t0.1814.data"
Reading from: "data_nproma20480/istep.1814.data"
Reading from: "data_nproma20480/z_vt_ie.t0.1814.data"
Reading from: "data_nproma20480/ldeepatmo.1814.data"
Reading from: "data_nproma20480/lvn_only.1814.data"
Reading from: "data_nproma20480/z_vt_ie.t1.1814.data"
Reading from: "data_nproma20480/ntnd.1814.data"
Reading from: "data_nproma20480/z_kin_hor_e.t1.1814.data"
Reading from: "data_nproma20480/z_w_concorr_me.t1.1814.data"
Reading from: "data_nproma20480/dt_linintp_ubc.1814.data"
Reading from: "data_nproma20480/dtime.1814.data"
Reading from: "data_nproma20480/z_w_concorr_me.t0.1814.data"
Step 1814 variables, extra_diffu: 1, istep: 2, lvn_only: 0, ldeepatmo: 0
Iteration: 0
Timer velocity_no_nproma_if_prop_lvn_only_0_istep_2 took 521 us
Iteration: 1
Timer velocity_no_nproma_if_prop_lvn_only_0_istep_2 took 311 us
Iteration: 2
Timer velocity_no_nproma_if_prop_lvn_only_0_istep_2 took 306 us
Iteration: 3
Timer velocity_no_nproma_if_prop_lvn_only_0_istep_2 took 308 us
Iteration: 4
Timer velocity_no_nproma_if_prop_lvn_only_0_istep_2 took 302 us
Iteration: 5
Timer velocity_no_nproma_if_prop_lvn_only_0_istep_2 took 305 us
Iteration: 6
Timer velocity_no_nproma_if_prop_lvn_only_0_istep_2 took 303 us
Iteration: 7
Timer velocity_no_nproma_if_prop_lvn_only_0_istep_2 took 304 us
Iteration: 8
Timer velocity_no_nproma_if_prop_lvn_only_0_istep_2 took 304 us
Iteration: 9
Timer velocity_no_nproma_if_prop_lvn_only_0_istep_2 took 305 us
Iteration: 10
Timer velocity_no_nproma_if_prop_lvn_only_0_istep_2 took 306 us
Iteration: 11
Timer velocity_no_nproma_if_prop_lvn_only_0_istep_2 took 305 us
Iteration: 12
Timer velocity_no_nproma_if_prop_lvn_only_0_istep_2 took 308 us
Iteration: 13
Timer velocity_no_nproma_if_prop_lvn_only_0_istep_2 took 302 us
Iteration: 14
Timer velocity_no_nproma_if_prop_lvn_only_0_istep_2 took 303 us
Iteration: 15
Timer velocity_no_nproma_if_prop_lvn_only_0_istep_2 took 306 us
Iteration: 16
Timer velocity_no_nproma_if_prop_lvn_only_0_istep_2 took 304 us
Iteration: 17
Timer velocity_no_nproma_if_prop_lvn_only_0_istep_2 took 302 us
Iteration: 18
Timer velocity_no_nproma_if_prop_lvn_only_0_istep_2 took 308 us
Iteration: 19
Timer velocity_no_nproma_if_prop_lvn_only_0_istep_2 took 298 us
Iteration: 20
Timer velocity_no_nproma_if_prop_lvn_only_0_istep_2 took 299 us
Iteration: 21
Timer velocity_no_nproma_if_prop_lvn_only_0_istep_2 took 293 us
Iteration: 22
Timer velocity_no_nproma_if_prop_lvn_only_0_istep_2 took 299 us
Iteration: 23
Timer velocity_no_nproma_if_prop_lvn_only_0_istep_2 took 288 us
Iteration: 24
Timer velocity_no_nproma_if_prop_lvn_only_0_istep_2 took 302 us
Iteration: 25
Timer velocity_no_nproma_if_prop_lvn_only_0_istep_2 took 284 us
Iteration: 26
Timer velocity_no_nproma_if_prop_lvn_only_0_istep_2 took 300 us
Iteration: 27
Timer velocity_no_nproma_if_prop_lvn_only_0_istep_2 took 293 us
Iteration: 28
Timer velocity_no_nproma_if_prop_lvn_only_0_istep_2 took 288 us
Iteration: 29
Timer velocity_no_nproma_if_prop_lvn_only_0_istep_2 took 296 us
Iteration: 30
Timer velocity_no_nproma_if_prop_lvn_only_0_istep_2 took 298 us
Iteration: 31
Timer velocity_no_nproma_if_prop_lvn_only_0_istep_2 took 290 us
Iteration: 32
Timer velocity_no_nproma_if_prop_lvn_only_0_istep_2 took 290 us
Iteration: 33
Timer velocity_no_nproma_if_prop_lvn_only_0_istep_2 took 292 us
Iteration: 34
Timer velocity_no_nproma_if_prop_lvn_only_0_istep_2 took 280 us
Iteration: 35
Timer velocity_no_nproma_if_prop_lvn_only_0_istep_2 took 294 us
Iteration: 36
Timer velocity_no_nproma_if_prop_lvn_only_0_istep_2 took 292 us
Iteration: 37
Timer velocity_no_nproma_if_prop_lvn_only_0_istep_2 took 291 us
Iteration: 38
Timer velocity_no_nproma_if_prop_lvn_only_0_istep_2 took 290 us
Iteration: 39
Timer velocity_no_nproma_if_prop_lvn_only_0_istep_2 took 288 us
Iteration: 40
Timer velocity_no_nproma_if_prop_lvn_only_0_istep_2 took 301 us
Iteration: 41
Timer velocity_no_nproma_if_prop_lvn_only_0_istep_2 took 300 us
Iteration: 42
Timer velocity_no_nproma_if_prop_lvn_only_0_istep_2 took 293 us
Iteration: 43
Timer velocity_no_nproma_if_prop_lvn_only_0_istep_2 took 298 us
Iteration: 44
Timer velocity_no_nproma_if_prop_lvn_only_0_istep_2 took 294 us
Iteration: 45
Timer velocity_no_nproma_if_prop_lvn_only_0_istep_2 took 292 us
Iteration: 46
Timer velocity_no_nproma_if_prop_lvn_only_0_istep_2 took 297 us
Iteration: 47
Timer velocity_no_nproma_if_prop_lvn_only_0_istep_2 took 294 us
Iteration: 48
Timer velocity_no_nproma_if_prop_lvn_only_0_istep_2 took 295 us
Iteration: 49
Timer velocity_no_nproma_if_prop_lvn_only_0_istep_2 took 302 us
Iteration: 50
Timer velocity_no_nproma_if_prop_lvn_only_0_istep_2 took 295 us
Iteration: 51
Timer velocity_no_nproma_if_prop_lvn_only_0_istep_2 took 296 us
Iteration: 52
Timer velocity_no_nproma_if_prop_lvn_only_0_istep_2 took 294 us
Iteration: 53
Timer velocity_no_nproma_if_prop_lvn_only_0_istep_2 took 292 us
Iteration: 54
Timer velocity_no_nproma_if_prop_lvn_only_0_istep_2 took 297 us
Iteration: 55
Timer velocity_no_nproma_if_prop_lvn_only_0_istep_2 took 297 us
Iteration: 56
Timer velocity_no_nproma_if_prop_lvn_only_0_istep_2 took 297 us
Iteration: 57
Timer velocity_no_nproma_if_prop_lvn_only_0_istep_2 took 299 us
Iteration: 58
Timer velocity_no_nproma_if_prop_lvn_only_0_istep_2 took 299 us
Iteration: 59
Timer velocity_no_nproma_if_prop_lvn_only_0_istep_2 took 297 us
Iteration: 60
Timer velocity_no_nproma_if_prop_lvn_only_0_istep_2 took 295 us
Iteration: 61
Timer velocity_no_nproma_if_prop_lvn_only_0_istep_2 took 303 us
Iteration: 62
Timer velocity_no_nproma_if_prop_lvn_only_0_istep_2 took 295 us
Iteration: 63
Timer velocity_no_nproma_if_prop_lvn_only_0_istep_2 took 290 us
Iteration: 64
Timer velocity_no_nproma_if_prop_lvn_only_0_istep_2 took 294 us
Iteration: 65
Timer velocity_no_nproma_if_prop_lvn_only_0_istep_2 took 298 us
Iteration: 66
Timer velocity_no_nproma_if_prop_lvn_only_0_istep_2 took 301 us
Iteration: 67
Timer velocity_no_nproma_if_prop_lvn_only_0_istep_2 took 294 us
Iteration: 68
Timer velocity_no_nproma_if_prop_lvn_only_0_istep_2 took 295 us
Iteration: 69
Timer velocity_no_nproma_if_prop_lvn_only_0_istep_2 took 298 us
Iteration: 70
Timer velocity_no_nproma_if_prop_lvn_only_0_istep_2 took 297 us
Iteration: 71
Timer velocity_no_nproma_if_prop_lvn_only_0_istep_2 took 298 us
Iteration: 72
Timer velocity_no_nproma_if_prop_lvn_only_0_istep_2 took 296 us
Iteration: 73
Timer velocity_no_nproma_if_prop_lvn_only_0_istep_2 took 290 us
Iteration: 74
Timer velocity_no_nproma_if_prop_lvn_only_0_istep_2 took 298 us
Iteration: 75
Timer velocity_no_nproma_if_prop_lvn_only_0_istep_2 took 295 us
Iteration: 76
Timer velocity_no_nproma_if_prop_lvn_only_0_istep_2 took 298 us
Iteration: 77
Timer velocity_no_nproma_if_prop_lvn_only_0_istep_2 took 298 us
Iteration: 78
Timer velocity_no_nproma_if_prop_lvn_only_0_istep_2 took 293 us
Iteration: 79
Timer velocity_no_nproma_if_prop_lvn_only_0_istep_2 took 299 us
Iteration: 80
Timer velocity_no_nproma_if_prop_lvn_only_0_istep_2 took 292 us
Iteration: 81
Timer velocity_no_nproma_if_prop_lvn_only_0_istep_2 took 292 us
Iteration: 82
Timer velocity_no_nproma_if_prop_lvn_only_0_istep_2 took 294 us
Iteration: 83
Timer velocity_no_nproma_if_prop_lvn_only_0_istep_2 took 294 us
Iteration: 84
Timer velocity_no_nproma_if_prop_lvn_only_0_istep_2 took 295 us
Iteration: 85
Timer velocity_no_nproma_if_prop_lvn_only_0_istep_2 took 298 us
Iteration: 86
Timer velocity_no_nproma_if_prop_lvn_only_0_istep_2 took 294 us
Iteration: 87
Timer velocity_no_nproma_if_prop_lvn_only_0_istep_2 took 292 us
Iteration: 88
Timer velocity_no_nproma_if_prop_lvn_only_0_istep_2 took 297 us
Iteration: 89
Timer velocity_no_nproma_if_prop_lvn_only_0_istep_2 took 299 us
Iteration: 90
Timer velocity_no_nproma_if_prop_lvn_only_0_istep_2 took 291 us
Iteration: 91
Timer velocity_no_nproma_if_prop_lvn_only_0_istep_2 took 290 us
Iteration: 92
Timer velocity_no_nproma_if_prop_lvn_only_0_istep_2 took 299 us
Iteration: 93
Timer velocity_no_nproma_if_prop_lvn_only_0_istep_2 took 300 us
Iteration: 94
Timer velocity_no_nproma_if_prop_lvn_only_0_istep_2 took 294 us
Iteration: 95
Timer velocity_no_nproma_if_prop_lvn_only_0_istep_2 took 295 us
Iteration: 96
Timer velocity_no_nproma_if_prop_lvn_only_0_istep_2 took 296 us
Iteration: 97
Timer velocity_no_nproma_if_prop_lvn_only_0_istep_2 took 287 us
Iteration: 98
Timer velocity_no_nproma_if_prop_lvn_only_0_istep_2 took 296 us
Iteration: 99
Timer velocity_no_nproma_if_prop_lvn_only_0_istep_2 took 290 us
Iteration: 100
Timer velocity_no_nproma_if_prop_lvn_only_0_istep_2 took 296 us
Iteration: 101
Timer velocity_no_nproma_if_prop_lvn_only_0_istep_2 took 296 us
Iteration: 102
Timer velocity_no_nproma_if_prop_lvn_only_0_istep_2 took 282 us
Iteration: 103
Timer velocity_no_nproma_if_prop_lvn_only_0_istep_2 took 295 us
Iteration: 104
Timer velocity_no_nproma_if_prop_lvn_only_0_istep_2 took 290 us
Iteration: 105
Timer velocity_no_nproma_if_prop_lvn_only_0_istep_2 took 297 us
Iteration: 106
Timer velocity_no_nproma_if_prop_lvn_only_0_istep_2 took 298 us
Iteration: 107
Timer velocity_no_nproma_if_prop_lvn_only_0_istep_2 took 297 us
Iteration: 108
Timer velocity_no_nproma_if_prop_lvn_only_0_istep_2 took 293 us
Iteration: 109
Timer velocity_no_nproma_if_prop_lvn_only_0_istep_2 took 290 us
Iteration: 110
Timer velocity_no_nproma_if_prop_lvn_only_0_istep_2 took 292 us
Iteration: 111
Timer velocity_no_nproma_if_prop_lvn_only_0_istep_2 took 284 us
Iteration: 112
Timer velocity_no_nproma_if_prop_lvn_only_0_istep_2 took 287 us
Iteration: 113
Timer velocity_no_nproma_if_prop_lvn_only_0_istep_2 took 284 us
Iteration: 114
Timer velocity_no_nproma_if_prop_lvn_only_0_istep_2 took 290 us
Iteration: 115
Timer velocity_no_nproma_if_prop_lvn_only_0_istep_2 took 284 us
Iteration: 116
Timer velocity_no_nproma_if_prop_lvn_only_0_istep_2 took 289 us
Iteration: 117
Timer velocity_no_nproma_if_prop_lvn_only_0_istep_2 took 290 us
Iteration: 118
Timer velocity_no_nproma_if_prop_lvn_only_0_istep_2 took 290 us
Iteration: 119
Timer velocity_no_nproma_if_prop_lvn_only_0_istep_2 took 281 us
Iteration: 120
Timer velocity_no_nproma_if_prop_lvn_only_0_istep_2 took 281 us
Iteration: 121
Timer velocity_no_nproma_if_prop_lvn_only_0_istep_2 took 282 us
Iteration: 122
Timer velocity_no_nproma_if_prop_lvn_only_0_istep_2 took 285 us
Iteration: 123
Timer velocity_no_nproma_if_prop_lvn_only_0_istep_2 took 291 us
Iteration: 124
Timer velocity_no_nproma_if_prop_lvn_only_0_istep_2 took 275 us
Iteration: 125
Timer velocity_no_nproma_if_prop_lvn_only_0_istep_2 took 284 us
Iteration: 126
Timer velocity_no_nproma_if_prop_lvn_only_0_istep_2 took 280 us
Iteration: 127
Timer velocity_no_nproma_if_prop_lvn_only_0_istep_2 took 283 us
Iteration: 128
Timer velocity_no_nproma_if_prop_lvn_only_0_istep_2 took 285 us
Iteration: 129
Timer velocity_no_nproma_if_prop_lvn_only_0_istep_2 took 281 us
Iteration: 130
Timer velocity_no_nproma_if_prop_lvn_only_0_istep_2 took 278 us
Iteration: 131
Timer velocity_no_nproma_if_prop_lvn_only_0_istep_2 took 281 us
Iteration: 132
Timer velocity_no_nproma_if_prop_lvn_only_0_istep_2 took 277 us
Iteration: 133
Timer velocity_no_nproma_if_prop_lvn_only_0_istep_2 took 288 us
Iteration: 134
Timer velocity_no_nproma_if_prop_lvn_only_0_istep_2 took 286 us
Iteration: 135
Timer velocity_no_nproma_if_prop_lvn_only_0_istep_2 took 285 us
Iteration: 136
Timer velocity_no_nproma_if_prop_lvn_only_0_istep_2 took 277 us
Iteration: 137
Timer velocity_no_nproma_if_prop_lvn_only_0_istep_2 took 279 us
Iteration: 138
Timer velocity_no_nproma_if_prop_lvn_only_0_istep_2 took 283 us
Iteration: 139
Timer velocity_no_nproma_if_prop_lvn_only_0_istep_2 took 284 us
Iteration: 140
Timer velocity_no_nproma_if_prop_lvn_only_0_istep_2 took 276 us
Iteration: 141
Timer velocity_no_nproma_if_prop_lvn_only_0_istep_2 took 279 us
Iteration: 142
Timer velocity_no_nproma_if_prop_lvn_only_0_istep_2 took 280 us
Iteration: 143
Timer velocity_no_nproma_if_prop_lvn_only_0_istep_2 took 280 us
Iteration: 144
Timer velocity_no_nproma_if_prop_lvn_only_0_istep_2 took 287 us
Iteration: 145
Timer velocity_no_nproma_if_prop_lvn_only_0_istep_2 took 284 us
Iteration: 146
Timer velocity_no_nproma_if_prop_lvn_only_0_istep_2 took 280 us
Iteration: 147
Timer velocity_no_nproma_if_prop_lvn_only_0_istep_2 took 280 us
Iteration: 148
Timer velocity_no_nproma_if_prop_lvn_only_0_istep_2 took 280 us
Iteration: 149
Timer velocity_no_nproma_if_prop_lvn_only_0_istep_2 took 285 us
Iteration: 150
Timer velocity_no_nproma_if_prop_lvn_only_0_istep_2 took 279 us
Iteration: 151
Timer velocity_no_nproma_if_prop_lvn_only_0_istep_2 took 281 us
Iteration: 152
Timer velocity_no_nproma_if_prop_lvn_only_0_istep_2 took 286 us
Iteration: 153
Timer velocity_no_nproma_if_prop_lvn_only_0_istep_2 took 286 us
Iteration: 154
Timer velocity_no_nproma_if_prop_lvn_only_0_istep_2 took 286 us
Iteration: 155
Timer velocity_no_nproma_if_prop_lvn_only_0_istep_2 took 282 us
Iteration: 156
Timer velocity_no_nproma_if_prop_lvn_only_0_istep_2 took 283 us
Iteration: 157
Timer velocity_no_nproma_if_prop_lvn_only_0_istep_2 took 280 us
Iteration: 158
Timer velocity_no_nproma_if_prop_lvn_only_0_istep_2 took 301 us
Iteration: 159
Timer velocity_no_nproma_if_prop_lvn_only_0_istep_2 took 281 us
Iteration: 160
Timer velocity_no_nproma_if_prop_lvn_only_0_istep_2 took 282 us
Iteration: 161
Timer velocity_no_nproma_if_prop_lvn_only_0_istep_2 took 284 us
Iteration: 162
Timer velocity_no_nproma_if_prop_lvn_only_0_istep_2 took 285 us
Iteration: 163
Timer velocity_no_nproma_if_prop_lvn_only_0_istep_2 took 285 us
Iteration: 164
Timer velocity_no_nproma_if_prop_lvn_only_0_istep_2 took 283 us
Iteration: 165
Timer velocity_no_nproma_if_prop_lvn_only_0_istep_2 took 282 us
Iteration: 166
Timer velocity_no_nproma_if_prop_lvn_only_0_istep_2 took 277 us
Iteration: 167
Timer velocity_no_nproma_if_prop_lvn_only_0_istep_2 took 286 us
Iteration: 168
Timer velocity_no_nproma_if_prop_lvn_only_0_istep_2 took 282 us
Iteration: 169
Timer velocity_no_nproma_if_prop_lvn_only_0_istep_2 took 286 us
Iteration: 170
Timer velocity_no_nproma_if_prop_lvn_only_0_istep_2 took 278 us
Iteration: 171
Timer velocity_no_nproma_if_prop_lvn_only_0_istep_2 took 285 us
Iteration: 172
Timer velocity_no_nproma_if_prop_lvn_only_0_istep_2 took 289 us
Iteration: 173
Timer velocity_no_nproma_if_prop_lvn_only_0_istep_2 took 287 us
Iteration: 174
Timer velocity_no_nproma_if_prop_lvn_only_0_istep_2 took 289 us
Iteration: 175
Timer velocity_no_nproma_if_prop_lvn_only_0_istep_2 took 280 us
Iteration: 176
Timer velocity_no_nproma_if_prop_lvn_only_0_istep_2 took 285 us
Iteration: 177
Timer velocity_no_nproma_if_prop_lvn_only_0_istep_2 took 278 us
Iteration: 178
Timer velocity_no_nproma_if_prop_lvn_only_0_istep_2 took 281 us
Iteration: 179
Timer velocity_no_nproma_if_prop_lvn_only_0_istep_2 took 286 us
Iteration: 180
Timer velocity_no_nproma_if_prop_lvn_only_0_istep_2 took 283 us
Iteration: 181
Timer velocity_no_nproma_if_prop_lvn_only_0_istep_2 took 285 us
Iteration: 182
Timer velocity_no_nproma_if_prop_lvn_only_0_istep_2 took 284 us
Iteration: 183
Timer velocity_no_nproma_if_prop_lvn_only_0_istep_2 took 280 us
Iteration: 184
Timer velocity_no_nproma_if_prop_lvn_only_0_istep_2 took 284 us
Iteration: 185
Timer velocity_no_nproma_if_prop_lvn_only_0_istep_2 took 283 us
Iteration: 186
Timer velocity_no_nproma_if_prop_lvn_only_0_istep_2 took 275 us
Iteration: 187
Timer velocity_no_nproma_if_prop_lvn_only_0_istep_2 took 280 us
Iteration: 188
Timer velocity_no_nproma_if_prop_lvn_only_0_istep_2 took 281 us
Iteration: 189
Timer velocity_no_nproma_if_prop_lvn_only_0_istep_2 took 282 us
Iteration: 190
Timer velocity_no_nproma_if_prop_lvn_only_0_istep_2 took 278 us
Iteration: 191
Timer velocity_no_nproma_if_prop_lvn_only_0_istep_2 took 281 us
Iteration: 192
Timer velocity_no_nproma_if_prop_lvn_only_0_istep_2 took 289 us
Iteration: 193
Timer velocity_no_nproma_if_prop_lvn_only_0_istep_2 took 280 us
Iteration: 194
Timer velocity_no_nproma_if_prop_lvn_only_0_istep_2 took 283 us
Iteration: 195
Timer velocity_no_nproma_if_prop_lvn_only_0_istep_2 took 285 us
Iteration: 196
Timer velocity_no_nproma_if_prop_lvn_only_0_istep_2 took 289 us
Iteration: 197
Timer velocity_no_nproma_if_prop_lvn_only_0_istep_2 took 282 us
Iteration: 198
Timer velocity_no_nproma_if_prop_lvn_only_0_istep_2 took 280 us
Iteration: 199
Timer velocity_no_nproma_if_prop_lvn_only_0_istep_2 took 285 us
Step 1814 done.
Writing to: "/capstor/scratch/cscs/ybudanaz/icon-artifacts/velocity/gotwant/data_nproma20480/global_data_1814.got"
Writing to: "/capstor/scratch/cscs/ybudanaz/icon-artifacts/velocity/gotwant/data_nproma20480/global_data_1814.want"
Writing to: "/capstor/scratch/cscs/ybudanaz/icon-artifacts/velocity/gotwant/data_nproma20480/p_diag_1814.want"
Writing to: "/capstor/scratch/cscs/ybudanaz/icon-artifacts/velocity/gotwant/data_nproma20480/p_diag_1814.got"
Writing to: "/capstor/scratch/cscs/ybudanaz/icon-artifacts/velocity/gotwant/data_nproma20480/p_prog_1814.got"
Writing to: "/capstor/scratch/cscs/ybudanaz/icon-artifacts/velocity/gotwant/data_nproma20480/p_metrics_1814.got"
Writing to: "/capstor/scratch/cscs/ybudanaz/icon-artifacts/velocity/gotwant/data_nproma20480/p_metrics_1814.want"
Writing to: "/capstor/scratch/cscs/ybudanaz/icon-artifacts/velocity/gotwant/data_nproma20480/p_prog_1814.want"
Writing to: "/capstor/scratch/cscs/ybudanaz/icon-artifacts/velocity/gotwant/data_nproma20480/z_kin_hor_e_1814.got"
Writing to: "/capstor/scratch/cscs/ybudanaz/icon-artifacts/velocity/gotwant/data_nproma20480/z_kin_hor_e_1814.want"
Writing to: "/capstor/scratch/cscs/ybudanaz/icon-artifacts/velocity/gotwant/data_nproma20480/z_vt_ie_1814.got"
Writing to: "/capstor/scratch/cscs/ybudanaz/icon-artifacts/velocity/gotwant/data_nproma20480/z_w_concorr_me_1814.got"
Writing to: "/capstor/scratch/cscs/ybudanaz/icon-artifacts/velocity/gotwant/data_nproma20480/z_vt_ie_1814.want"
Writing to: "/capstor/scratch/cscs/ybudanaz/icon-artifacts/velocity/gotwant/data_nproma20480/z_w_concorr_me_1814.want"
Reading from: "data_nproma20480/p_int.2593.data"
Reading from: "data_nproma20480/global_data.t0.2593.data"
Reading from: "data_nproma20480/p_diag.t0.2593.data"
Reading from: "data_nproma20480/p_patch.2593.data"
Reading from: "data_nproma20480/p_diag.t1.2593.data"
Reading from: "data_nproma20480/global_data.t1.2593.data"
Reading from: "data_nproma20480/p_metrics.t0.2593.data"
Reading from: "data_nproma20480/p_metrics.t1.2593.data"
Reading from: "data_nproma20480/z_kin_hor_e.t0.2593.data"
Reading from: "data_nproma20480/p_prog.t1.2593.data"
Reading from: "data_nproma20480/z_vt_ie.t0.2593.data"
Reading from: "data_nproma20480/z_kin_hor_e.t1.2593.data"
Reading from: "data_nproma20480/istep.2593.data"
Reading from: "data_nproma20480/z_vt_ie.t1.2593.data"
Reading from: "data_nproma20480/z_w_concorr_me.t0.2593.data"
Reading from: "data_nproma20480/z_w_concorr_me.t1.2593.data"
Reading from: "data_nproma20480/lvn_only.2593.data"
Reading from: "data_nproma20480/p_prog.t0.2593.data"
Reading from: "data_nproma20480/ntnd.2593.data"
Reading from: "data_nproma20480/dt_linintp_ubc.2593.data"
Reading from: "data_nproma20480/dtime.2593.data"
Reading from: "data_nproma20480/ldeepatmo.2593.data"
Step 2593 variables, extra_diffu: 1, istep: 1, lvn_only: 1, ldeepatmo: 0
Timer velocity_no_nproma_if_prop_lvn_only_1_istep_1 took 481 us
Timer velocity_no_nproma_if_prop_lvn_only_1_istep_1 took 308 us
Timer velocity_no_nproma_if_prop_lvn_only_1_istep_1 took 303 us
Timer velocity_no_nproma_if_prop_lvn_only_1_istep_1 took 311 us
Timer velocity_no_nproma_if_prop_lvn_only_1_istep_1 took 298 us
Timer velocity_no_nproma_if_prop_lvn_only_1_istep_1 took 301 us
Timer velocity_no_nproma_if_prop_lvn_only_1_istep_1 took 302 us
Timer velocity_no_nproma_if_prop_lvn_only_1_istep_1 took 297 us
Timer velocity_no_nproma_if_prop_lvn_only_1_istep_1 took 298 us
Timer velocity_no_nproma_if_prop_lvn_only_1_istep_1 took 299 us
Timer velocity_no_nproma_if_prop_lvn_only_1_istep_1 took 300 us
Timer velocity_no_nproma_if_prop_lvn_only_1_istep_1 took 306 us
Timer velocity_no_nproma_if_prop_lvn_only_1_istep_1 took 303 us
Timer velocity_no_nproma_if_prop_lvn_only_1_istep_1 took 300 us
Timer velocity_no_nproma_if_prop_lvn_only_1_istep_1 took 300 us
Timer velocity_no_nproma_if_prop_lvn_only_1_istep_1 took 302 us
Timer velocity_no_nproma_if_prop_lvn_only_1_istep_1 took 298 us
Timer velocity_no_nproma_if_prop_lvn_only_1_istep_1 took 301 us
Timer velocity_no_nproma_if_prop_lvn_only_1_istep_1 took 302 us
Timer velocity_no_nproma_if_prop_lvn_only_1_istep_1 took 302 us
Timer velocity_no_nproma_if_prop_lvn_only_1_istep_1 took 299 us
Timer velocity_no_nproma_if_prop_lvn_only_1_istep_1 took 303 us
Timer velocity_no_nproma_if_prop_lvn_only_1_istep_1 took 298 us
Timer velocity_no_nproma_if_prop_lvn_only_1_istep_1 took 299 us
Timer velocity_no_nproma_if_prop_lvn_only_1_istep_1 took 298 us
Timer velocity_no_nproma_if_prop_lvn_only_1_istep_1 took 297 us
Timer velocity_no_nproma_if_prop_lvn_only_1_istep_1 took 297 us
Timer velocity_no_nproma_if_prop_lvn_only_1_istep_1 took 303 us
Timer velocity_no_nproma_if_prop_lvn_only_1_istep_1 took 295 us
Timer velocity_no_nproma_if_prop_lvn_only_1_istep_1 took 295 us
Timer velocity_no_nproma_if_prop_lvn_only_1_istep_1 took 297 us
Timer velocity_no_nproma_if_prop_lvn_only_1_istep_1 took 300 us
Timer velocity_no_nproma_if_prop_lvn_only_1_istep_1 took 296 us
Timer velocity_no_nproma_if_prop_lvn_only_1_istep_1 took 305 us
Timer velocity_no_nproma_if_prop_lvn_only_1_istep_1 took 297 us
Timer velocity_no_nproma_if_prop_lvn_only_1_istep_1 took 297 us
Timer velocity_no_nproma_if_prop_lvn_only_1_istep_1 took 295 us
Timer velocity_no_nproma_if_prop_lvn_only_1_istep_1 took 299 us
Timer velocity_no_nproma_if_prop_lvn_only_1_istep_1 took 298 us
Timer velocity_no_nproma_if_prop_lvn_only_1_istep_1 took 295 us
Timer velocity_no_nproma_if_prop_lvn_only_1_istep_1 took 301 us
Timer velocity_no_nproma_if_prop_lvn_only_1_istep_1 took 298 us
Timer velocity_no_nproma_if_prop_lvn_only_1_istep_1 took 297 us
Timer velocity_no_nproma_if_prop_lvn_only_1_istep_1 took 296 us
Timer velocity_no_nproma_if_prop_lvn_only_1_istep_1 took 296 us
Timer velocity_no_nproma_if_prop_lvn_only_1_istep_1 took 300 us
Timer velocity_no_nproma_if_prop_lvn_only_1_istep_1 took 296 us
Timer velocity_no_nproma_if_prop_lvn_only_1_istep_1 took 294 us
Timer velocity_no_nproma_if_prop_lvn_only_1_istep_1 took 291 us
Timer velocity_no_nproma_if_prop_lvn_only_1_istep_1 took 298 us
Timer velocity_no_nproma_if_prop_lvn_only_1_istep_1 took 291 us
Timer velocity_no_nproma_if_prop_lvn_only_1_istep_1 took 296 us
Timer velocity_no_nproma_if_prop_lvn_only_1_istep_1 took 293 us
Timer velocity_no_nproma_if_prop_lvn_only_1_istep_1 took 296 us
Timer velocity_no_nproma_if_prop_lvn_only_1_istep_1 took 298 us
Timer velocity_no_nproma_if_prop_lvn_only_1_istep_1 took 300 us
Timer velocity_no_nproma_if_prop_lvn_only_1_istep_1 took 300 us
Timer velocity_no_nproma_if_prop_lvn_only_1_istep_1 took 300 us
Timer velocity_no_nproma_if_prop_lvn_only_1_istep_1 took 297 us
Timer velocity_no_nproma_if_prop_lvn_only_1_istep_1 took 299 us
Timer velocity_no_nproma_if_prop_lvn_only_1_istep_1 took 297 us
Timer velocity_no_nproma_if_prop_lvn_only_1_istep_1 took 295 us
Timer velocity_no_nproma_if_prop_lvn_only_1_istep_1 took 295 us
Timer velocity_no_nproma_if_prop_lvn_only_1_istep_1 took 297 us
Timer velocity_no_nproma_if_prop_lvn_only_1_istep_1 took 292 us
Timer velocity_no_nproma_if_prop_lvn_only_1_istep_1 took 297 us
Timer velocity_no_nproma_if_prop_lvn_only_1_istep_1 took 294 us
Timer velocity_no_nproma_if_prop_lvn_only_1_istep_1 took 292 us
Timer velocity_no_nproma_if_prop_lvn_only_1_istep_1 took 290 us
Timer velocity_no_nproma_if_prop_lvn_only_1_istep_1 took 293 us
Timer velocity_no_nproma_if_prop_lvn_only_1_istep_1 took 296 us
Timer velocity_no_nproma_if_prop_lvn_only_1_istep_1 took 294 us
Timer velocity_no_nproma_if_prop_lvn_only_1_istep_1 took 293 us
Timer velocity_no_nproma_if_prop_lvn_only_1_istep_1 took 298 us
Timer velocity_no_nproma_if_prop_lvn_only_1_istep_1 took 296 us
Timer velocity_no_nproma_if_prop_lvn_only_1_istep_1 took 296 us
Timer velocity_no_nproma_if_prop_lvn_only_1_istep_1 took 289 us
Timer velocity_no_nproma_if_prop_lvn_only_1_istep_1 took 296 us
Timer velocity_no_nproma_if_prop_lvn_only_1_istep_1 took 294 us
Timer velocity_no_nproma_if_prop_lvn_only_1_istep_1 took 299 us
Timer velocity_no_nproma_if_prop_lvn_only_1_istep_1 took 294 us
Timer velocity_no_nproma_if_prop_lvn_only_1_istep_1 took 291 us
Timer velocity_no_nproma_if_prop_lvn_only_1_istep_1 took 292 us
Timer velocity_no_nproma_if_prop_lvn_only_1_istep_1 took 296 us
Timer velocity_no_nproma_if_prop_lvn_only_1_istep_1 took 297 us
Timer velocity_no_nproma_if_prop_lvn_only_1_istep_1 took 292 us
Timer velocity_no_nproma_if_prop_lvn_only_1_istep_1 took 286 us
Timer velocity_no_nproma_if_prop_lvn_only_1_istep_1 took 299 us
Timer velocity_no_nproma_if_prop_lvn_only_1_istep_1 took 291 us
Timer velocity_no_nproma_if_prop_lvn_only_1_istep_1 took 302 us
Timer velocity_no_nproma_if_prop_lvn_only_1_istep_1 took 295 us
Timer velocity_no_nproma_if_prop_lvn_only_1_istep_1 took 294 us
Timer velocity_no_nproma_if_prop_lvn_only_1_istep_1 took 295 us
Timer velocity_no_nproma_if_prop_lvn_only_1_istep_1 took 288 us
Timer velocity_no_nproma_if_prop_lvn_only_1_istep_1 took 293 us
Timer velocity_no_nproma_if_prop_lvn_only_1_istep_1 took 299 us
Timer velocity_no_nproma_if_prop_lvn_only_1_istep_1 took 291 us
Timer velocity_no_nproma_if_prop_lvn_only_1_istep_1 took 293 us
Timer velocity_no_nproma_if_prop_lvn_only_1_istep_1 took 288 us
Timer velocity_no_nproma_if_prop_lvn_only_1_istep_1 took 298 us
Timer velocity_no_nproma_if_prop_lvn_only_1_istep_1 took 300 us
Timer velocity_no_nproma_if_prop_lvn_only_1_istep_1 took 295 us
Timer velocity_no_nproma_if_prop_lvn_only_1_istep_1 took 292 us
Timer velocity_no_nproma_if_prop_lvn_only_1_istep_1 took 287 us
Timer velocity_no_nproma_if_prop_lvn_only_1_istep_1 took 296 us
Timer velocity_no_nproma_if_prop_lvn_only_1_istep_1 took 296 us
Timer velocity_no_nproma_if_prop_lvn_only_1_istep_1 took 319 us
Timer velocity_no_nproma_if_prop_lvn_only_1_istep_1 took 321 us
Timer velocity_no_nproma_if_prop_lvn_only_1_istep_1 took 312 us
Timer velocity_no_nproma_if_prop_lvn_only_1_istep_1 took 309 us
Timer velocity_no_nproma_if_prop_lvn_only_1_istep_1 took 287 us
Timer velocity_no_nproma_if_prop_lvn_only_1_istep_1 took 295 us
Timer velocity_no_nproma_if_prop_lvn_only_1_istep_1 took 289 us
Timer velocity_no_nproma_if_prop_lvn_only_1_istep_1 took 291 us
Timer velocity_no_nproma_if_prop_lvn_only_1_istep_1 took 329 us
Timer velocity_no_nproma_if_prop_lvn_only_1_istep_1 took 290 us
Timer velocity_no_nproma_if_prop_lvn_only_1_istep_1 took 292 us
Timer velocity_no_nproma_if_prop_lvn_only_1_istep_1 took 288 us
Timer velocity_no_nproma_if_prop_lvn_only_1_istep_1 took 288 us
Timer velocity_no_nproma_if_prop_lvn_only_1_istep_1 took 286 us
Timer velocity_no_nproma_if_prop_lvn_only_1_istep_1 took 286 us
Timer velocity_no_nproma_if_prop_lvn_only_1_istep_1 took 289 us
Timer velocity_no_nproma_if_prop_lvn_only_1_istep_1 took 283 us
Timer velocity_no_nproma_if_prop_lvn_only_1_istep_1 took 292 us
Timer velocity_no_nproma_if_prop_lvn_only_1_istep_1 took 289 us
Timer velocity_no_nproma_if_prop_lvn_only_1_istep_1 took 286 us
Timer velocity_no_nproma_if_prop_lvn_only_1_istep_1 took 284 us
Timer velocity_no_nproma_if_prop_lvn_only_1_istep_1 took 288 us
Timer velocity_no_nproma_if_prop_lvn_only_1_istep_1 took 288 us
Timer velocity_no_nproma_if_prop_lvn_only_1_istep_1 took 297 us
Timer velocity_no_nproma_if_prop_lvn_only_1_istep_1 took 286 us
Timer velocity_no_nproma_if_prop_lvn_only_1_istep_1 took 287 us
Timer velocity_no_nproma_if_prop_lvn_only_1_istep_1 took 281 us
Timer velocity_no_nproma_if_prop_lvn_only_1_istep_1 took 281 us
Timer velocity_no_nproma_if_prop_lvn_only_1_istep_1 took 281 us
Timer velocity_no_nproma_if_prop_lvn_only_1_istep_1 took 284 us
Timer velocity_no_nproma_if_prop_lvn_only_1_istep_1 took 289 us
Timer velocity_no_nproma_if_prop_lvn_only_1_istep_1 took 285 us
Timer velocity_no_nproma_if_prop_lvn_only_1_istep_1 took 283 us
Timer velocity_no_nproma_if_prop_lvn_only_1_istep_1 took 291 us
Timer velocity_no_nproma_if_prop_lvn_only_1_istep_1 took 282 us
Timer velocity_no_nproma_if_prop_lvn_only_1_istep_1 took 282 us
Timer velocity_no_nproma_if_prop_lvn_only_1_istep_1 took 283 us
Timer velocity_no_nproma_if_prop_lvn_only_1_istep_1 took 284 us
Timer velocity_no_nproma_if_prop_lvn_only_1_istep_1 took 282 us
Timer velocity_no_nproma_if_prop_lvn_only_1_istep_1 took 287 us
Timer velocity_no_nproma_if_prop_lvn_only_1_istep_1 took 280 us
Timer velocity_no_nproma_if_prop_lvn_only_1_istep_1 took 282 us
Timer velocity_no_nproma_if_prop_lvn_only_1_istep_1 took 291 us
Timer velocity_no_nproma_if_prop_lvn_only_1_istep_1 took 292 us
Timer velocity_no_nproma_if_prop_lvn_only_1_istep_1 took 280 us
Timer velocity_no_nproma_if_prop_lvn_only_1_istep_1 took 286 us
Timer velocity_no_nproma_if_prop_lvn_only_1_istep_1 took 285 us
Timer velocity_no_nproma_if_prop_lvn_only_1_istep_1 took 282 us
Timer velocity_no_nproma_if_prop_lvn_only_1_istep_1 took 282 us
Timer velocity_no_nproma_if_prop_lvn_only_1_istep_1 took 287 us
Timer velocity_no_nproma_if_prop_lvn_only_1_istep_1 took 280 us
Timer velocity_no_nproma_if_prop_lvn_only_1_istep_1 took 286 us
Timer velocity_no_nproma_if_prop_lvn_only_1_istep_1 took 283 us
Timer velocity_no_nproma_if_prop_lvn_only_1_istep_1 took 288 us
Timer velocity_no_nproma_if_prop_lvn_only_1_istep_1 took 281 us
Timer velocity_no_nproma_if_prop_lvn_only_1_istep_1 took 285 us
Timer velocity_no_nproma_if_prop_lvn_only_1_istep_1 took 281 us
Timer velocity_no_nproma_if_prop_lvn_only_1_istep_1 took 283 us
Timer velocity_no_nproma_if_prop_lvn_only_1_istep_1 took 278 us
Timer velocity_no_nproma_if_prop_lvn_only_1_istep_1 took 284 us
Timer velocity_no_nproma_if_prop_lvn_only_1_istep_1 took 281 us
Timer velocity_no_nproma_if_prop_lvn_only_1_istep_1 took 284 us
Timer velocity_no_nproma_if_prop_lvn_only_1_istep_1 took 279 us
Timer velocity_no_nproma_if_prop_lvn_only_1_istep_1 took 277 us
Timer velocity_no_nproma_if_prop_lvn_only_1_istep_1 took 280 us
Timer velocity_no_nproma_if_prop_lvn_only_1_istep_1 took 284 us
Timer velocity_no_nproma_if_prop_lvn_only_1_istep_1 took 280 us
Timer velocity_no_nproma_if_prop_lvn_only_1_istep_1 took 287 us
Timer velocity_no_nproma_if_prop_lvn_only_1_istep_1 took 275 us
Timer velocity_no_nproma_if_prop_lvn_only_1_istep_1 took 284 us
Timer velocity_no_nproma_if_prop_lvn_only_1_istep_1 took 277 us
Timer velocity_no_nproma_if_prop_lvn_only_1_istep_1 took 277 us
Timer velocity_no_nproma_if_prop_lvn_only_1_istep_1 took 280 us
Timer velocity_no_nproma_if_prop_lvn_only_1_istep_1 took 282 us
Timer velocity_no_nproma_if_prop_lvn_only_1_istep_1 took 281 us
Timer velocity_no_nproma_if_prop_lvn_only_1_istep_1 took 286 us
Timer velocity_no_nproma_if_prop_lvn_only_1_istep_1 took 277 us
Timer velocity_no_nproma_if_prop_lvn_only_1_istep_1 took 277 us
Timer velocity_no_nproma_if_prop_lvn_only_1_istep_1 took 275 us
Timer velocity_no_nproma_if_prop_lvn_only_1_istep_1 took 291 us
Timer velocity_no_nproma_if_prop_lvn_only_1_istep_1 took 284 us
Timer velocity_no_nproma_if_prop_lvn_only_1_istep_1 took 279 us
Timer velocity_no_nproma_if_prop_lvn_only_1_istep_1 took 284 us
Timer velocity_no_nproma_if_prop_lvn_only_1_istep_1 took 285 us
Timer velocity_no_nproma_if_prop_lvn_only_1_istep_1 took 286 us
Timer velocity_no_nproma_if_prop_lvn_only_1_istep_1 took 285 us
Timer velocity_no_nproma_if_prop_lvn_only_1_istep_1 took 282 us
Timer velocity_no_nproma_if_prop_lvn_only_1_istep_1 took 287 us
Timer velocity_no_nproma_if_prop_lvn_only_1_istep_1 took 283 us
Timer velocity_no_nproma_if_prop_lvn_only_1_istep_1 took 281 us
Timer velocity_no_nproma_if_prop_lvn_only_1_istep_1 took 283 us
Timer velocity_no_nproma_if_prop_lvn_only_1_istep_1 took 285 us
Timer velocity_no_nproma_if_prop_lvn_only_1_istep_1 took 278 us
Timer velocity_no_nproma_if_prop_lvn_only_1_istep_1 took 292 us
Step 2593 done.
Writing to: "/capstor/scratch/cscs/ybudanaz/icon-artifacts/velocity/gotwant/data_nproma20480/global_data_2593.got"
Writing to: "/capstor/scratch/cscs/ybudanaz/icon-artifacts/velocity/gotwant/data_nproma20480/p_diag_2593.got"
Writing to: "/capstor/scratch/cscs/ybudanaz/icon-artifacts/velocity/gotwant/data_nproma20480/p_diag_2593.want"
Writing to: "/capstor/scratch/cscs/ybudanaz/icon-artifacts/velocity/gotwant/data_nproma20480/global_data_2593.want"
Writing to: "/capstor/scratch/cscs/ybudanaz/icon-artifacts/velocity/gotwant/data_nproma20480/p_prog_2593.got"
Writing to: "/capstor/scratch/cscs/ybudanaz/icon-artifacts/velocity/gotwant/data_nproma20480/z_vt_ie_2593.got"
Writing to: "/capstor/scratch/cscs/ybudanaz/icon-artifacts/velocity/gotwant/data_nproma20480/p_prog_2593.want"
Writing to: "/capstor/scratch/cscs/ybudanaz/icon-artifacts/velocity/gotwant/data_nproma20480/z_w_concorr_me_2593.got"
Writing to: "/capstor/scratch/cscs/ybudanaz/icon-artifacts/velocity/gotwant/data_nproma20480/z_vt_ie_2593.want"
Writing to: "/capstor/scratch/cscs/ybudanaz/icon-artifacts/velocity/gotwant/data_nproma20480/z_kin_hor_e_2593.want"
Writing to: "/capstor/scratch/cscs/ybudanaz/icon-artifacts/velocity/gotwant/data_nproma20480/z_w_concorr_me_2593.want"
Writing to: "/capstor/scratch/cscs/ybudanaz/icon-artifacts/velocity/gotwant/data_nproma20480/z_kin_hor_e_2593.got"
Writing to: "/capstor/scratch/cscs/ybudanaz/icon-artifacts/velocity/gotwant/data_nproma20480/p_metrics_2593.got"
Writing to: "/capstor/scratch/cscs/ybudanaz/icon-artifacts/velocity/gotwant/data_nproma20480/p_metrics_2593.want"
Reading from: "data_nproma20480/p_int.5701.data"
Reading from: "data_nproma20480/global_data.t0.5701.data"
Reading from: "data_nproma20480/global_data.t1.5701.data"
Reading from: "data_nproma20480/p_diag.t1.5701.data"
Reading from: "data_nproma20480/p_metrics.t0.5701.data"
Reading from: "data_nproma20480/p_prog.t0.5701.data"
Reading from: "data_nproma20480/p_prog.t1.5701.data"
Reading from: "data_nproma20480/p_diag.t0.5701.data"
Reading from: "data_nproma20480/istep.5701.data"
Reading from: "data_nproma20480/z_kin_hor_e.t0.5701.data"
Reading from: "data_nproma20480/z_kin_hor_e.t1.5701.data"
Reading from: "data_nproma20480/p_metrics.t1.5701.data"
Reading from: "data_nproma20480/ldeepatmo.5701.data"
Reading from: "data_nproma20480/p_patch.5701.data"
Reading from: "data_nproma20480/z_vt_ie.t1.5701.data"
Reading from: "data_nproma20480/lvn_only.5701.data"
Reading from: "data_nproma20480/z_w_concorr_me.t0.5701.data"
Reading from: "data_nproma20480/z_vt_ie.t0.5701.data"
Reading from: "data_nproma20480/ntnd.5701.data"
Reading from: "data_nproma20480/dt_linintp_ubc.5701.data"
Reading from: "data_nproma20480/z_w_concorr_me.t1.5701.data"
Reading from: "data_nproma20480/dtime.5701.data"
Step 5701 variables, extra_diffu: 1, istep: 1, lvn_only: 1, ldeepatmo: 0
Timer velocity_no_nproma_if_prop_lvn_only_1_istep_1 took 492 us
Timer velocity_no_nproma_if_prop_lvn_only_1_istep_1 took 318 us
Timer velocity_no_nproma_if_prop_lvn_only_1_istep_1 took 305 us
Timer velocity_no_nproma_if_prop_lvn_only_1_istep_1 took 304 us
Timer velocity_no_nproma_if_prop_lvn_only_1_istep_1 took 303 us
Timer velocity_no_nproma_if_prop_lvn_only_1_istep_1 took 304 us
Timer velocity_no_nproma_if_prop_lvn_only_1_istep_1 took 299 us
Timer velocity_no_nproma_if_prop_lvn_only_1_istep_1 took 306 us
Timer velocity_no_nproma_if_prop_lvn_only_1_istep_1 took 296 us
Timer velocity_no_nproma_if_prop_lvn_only_1_istep_1 took 301 us
Timer velocity_no_nproma_if_prop_lvn_only_1_istep_1 took 305 us
Timer velocity_no_nproma_if_prop_lvn_only_1_istep_1 took 301 us
Timer velocity_no_nproma_if_prop_lvn_only_1_istep_1 took 307 us
Timer velocity_no_nproma_if_prop_lvn_only_1_istep_1 took 306 us
Timer velocity_no_nproma_if_prop_lvn_only_1_istep_1 took 299 us
Timer velocity_no_nproma_if_prop_lvn_only_1_istep_1 took 297 us
Timer velocity_no_nproma_if_prop_lvn_only_1_istep_1 took 299 us
Timer velocity_no_nproma_if_prop_lvn_only_1_istep_1 took 308 us
Timer velocity_no_nproma_if_prop_lvn_only_1_istep_1 took 297 us
Timer velocity_no_nproma_if_prop_lvn_only_1_istep_1 took 298 us
Timer velocity_no_nproma_if_prop_lvn_only_1_istep_1 took 299 us
Timer velocity_no_nproma_if_prop_lvn_only_1_istep_1 took 298 us
Timer velocity_no_nproma_if_prop_lvn_only_1_istep_1 took 294 us
Timer velocity_no_nproma_if_prop_lvn_only_1_istep_1 took 293 us
Timer velocity_no_nproma_if_prop_lvn_only_1_istep_1 took 299 us
Timer velocity_no_nproma_if_prop_lvn_only_1_istep_1 took 297 us
Timer velocity_no_nproma_if_prop_lvn_only_1_istep_1 took 303 us
Timer velocity_no_nproma_if_prop_lvn_only_1_istep_1 took 299 us
Timer velocity_no_nproma_if_prop_lvn_only_1_istep_1 took 300 us
Timer velocity_no_nproma_if_prop_lvn_only_1_istep_1 took 300 us
Timer velocity_no_nproma_if_prop_lvn_only_1_istep_1 took 301 us
Timer velocity_no_nproma_if_prop_lvn_only_1_istep_1 took 298 us
Timer velocity_no_nproma_if_prop_lvn_only_1_istep_1 took 302 us
Timer velocity_no_nproma_if_prop_lvn_only_1_istep_1 took 303 us
Timer velocity_no_nproma_if_prop_lvn_only_1_istep_1 took 298 us
Timer velocity_no_nproma_if_prop_lvn_only_1_istep_1 took 303 us
Timer velocity_no_nproma_if_prop_lvn_only_1_istep_1 took 294 us
Timer velocity_no_nproma_if_prop_lvn_only_1_istep_1 took 304 us
Timer velocity_no_nproma_if_prop_lvn_only_1_istep_1 took 295 us
Timer velocity_no_nproma_if_prop_lvn_only_1_istep_1 took 299 us
Timer velocity_no_nproma_if_prop_lvn_only_1_istep_1 took 298 us
Timer velocity_no_nproma_if_prop_lvn_only_1_istep_1 took 300 us
Timer velocity_no_nproma_if_prop_lvn_only_1_istep_1 took 298 us
Timer velocity_no_nproma_if_prop_lvn_only_1_istep_1 took 300 us
Timer velocity_no_nproma_if_prop_lvn_only_1_istep_1 took 299 us
Timer velocity_no_nproma_if_prop_lvn_only_1_istep_1 took 293 us
Timer velocity_no_nproma_if_prop_lvn_only_1_istep_1 took 290 us
Timer velocity_no_nproma_if_prop_lvn_only_1_istep_1 took 299 us
Timer velocity_no_nproma_if_prop_lvn_only_1_istep_1 took 291 us
Timer velocity_no_nproma_if_prop_lvn_only_1_istep_1 took 297 us
Timer velocity_no_nproma_if_prop_lvn_only_1_istep_1 took 295 us
Timer velocity_no_nproma_if_prop_lvn_only_1_istep_1 took 291 us
Timer velocity_no_nproma_if_prop_lvn_only_1_istep_1 took 294 us
Timer velocity_no_nproma_if_prop_lvn_only_1_istep_1 took 299 us
Timer velocity_no_nproma_if_prop_lvn_only_1_istep_1 took 294 us
Timer velocity_no_nproma_if_prop_lvn_only_1_istep_1 took 295 us
Timer velocity_no_nproma_if_prop_lvn_only_1_istep_1 took 297 us
Timer velocity_no_nproma_if_prop_lvn_only_1_istep_1 took 295 us
Timer velocity_no_nproma_if_prop_lvn_only_1_istep_1 took 296 us
Timer velocity_no_nproma_if_prop_lvn_only_1_istep_1 took 294 us
Timer velocity_no_nproma_if_prop_lvn_only_1_istep_1 took 291 us
Timer velocity_no_nproma_if_prop_lvn_only_1_istep_1 took 292 us
Timer velocity_no_nproma_if_prop_lvn_only_1_istep_1 took 290 us
Timer velocity_no_nproma_if_prop_lvn_only_1_istep_1 took 299 us
Timer velocity_no_nproma_if_prop_lvn_only_1_istep_1 took 299 us
Timer velocity_no_nproma_if_prop_lvn_only_1_istep_1 took 294 us
Timer velocity_no_nproma_if_prop_lvn_only_1_istep_1 took 296 us
Timer velocity_no_nproma_if_prop_lvn_only_1_istep_1 took 298 us
Timer velocity_no_nproma_if_prop_lvn_only_1_istep_1 took 294 us
Timer velocity_no_nproma_if_prop_lvn_only_1_istep_1 took 290 us
Timer velocity_no_nproma_if_prop_lvn_only_1_istep_1 took 307 us
Timer velocity_no_nproma_if_prop_lvn_only_1_istep_1 took 296 us
Timer velocity_no_nproma_if_prop_lvn_only_1_istep_1 took 294 us
Timer velocity_no_nproma_if_prop_lvn_only_1_istep_1 took 292 us
Timer velocity_no_nproma_if_prop_lvn_only_1_istep_1 took 296 us
Timer velocity_no_nproma_if_prop_lvn_only_1_istep_1 took 296 us
Timer velocity_no_nproma_if_prop_lvn_only_1_istep_1 took 293 us
Timer velocity_no_nproma_if_prop_lvn_only_1_istep_1 took 296 us
Timer velocity_no_nproma_if_prop_lvn_only_1_istep_1 took 298 us
Timer velocity_no_nproma_if_prop_lvn_only_1_istep_1 took 294 us
Timer velocity_no_nproma_if_prop_lvn_only_1_istep_1 took 297 us
Timer velocity_no_nproma_if_prop_lvn_only_1_istep_1 took 295 us
Timer velocity_no_nproma_if_prop_lvn_only_1_istep_1 took 290 us
Timer velocity_no_nproma_if_prop_lvn_only_1_istep_1 took 295 us
Timer velocity_no_nproma_if_prop_lvn_only_1_istep_1 took 291 us
Timer velocity_no_nproma_if_prop_lvn_only_1_istep_1 took 295 us
Timer velocity_no_nproma_if_prop_lvn_only_1_istep_1 took 294 us
Timer velocity_no_nproma_if_prop_lvn_only_1_istep_1 took 296 us
Timer velocity_no_nproma_if_prop_lvn_only_1_istep_1 took 296 us
Timer velocity_no_nproma_if_prop_lvn_only_1_istep_1 took 297 us
Timer velocity_no_nproma_if_prop_lvn_only_1_istep_1 took 290 us
Timer velocity_no_nproma_if_prop_lvn_only_1_istep_1 took 296 us
Timer velocity_no_nproma_if_prop_lvn_only_1_istep_1 took 300 us
Timer velocity_no_nproma_if_prop_lvn_only_1_istep_1 took 297 us
Timer velocity_no_nproma_if_prop_lvn_only_1_istep_1 took 290 us
Timer velocity_no_nproma_if_prop_lvn_only_1_istep_1 took 289 us
Timer velocity_no_nproma_if_prop_lvn_only_1_istep_1 took 294 us
Timer velocity_no_nproma_if_prop_lvn_only_1_istep_1 took 292 us
Timer velocity_no_nproma_if_prop_lvn_only_1_istep_1 took 292 us
Timer velocity_no_nproma_if_prop_lvn_only_1_istep_1 took 291 us
Timer velocity_no_nproma_if_prop_lvn_only_1_istep_1 took 294 us
Timer velocity_no_nproma_if_prop_lvn_only_1_istep_1 took 293 us
Timer velocity_no_nproma_if_prop_lvn_only_1_istep_1 took 290 us
Timer velocity_no_nproma_if_prop_lvn_only_1_istep_1 took 293 us
Timer velocity_no_nproma_if_prop_lvn_only_1_istep_1 took 292 us
Timer velocity_no_nproma_if_prop_lvn_only_1_istep_1 took 287 us
Timer velocity_no_nproma_if_prop_lvn_only_1_istep_1 took 287 us
Timer velocity_no_nproma_if_prop_lvn_only_1_istep_1 took 294 us
Timer velocity_no_nproma_if_prop_lvn_only_1_istep_1 took 288 us
Timer velocity_no_nproma_if_prop_lvn_only_1_istep_1 took 286 us
Timer velocity_no_nproma_if_prop_lvn_only_1_istep_1 took 298 us
Timer velocity_no_nproma_if_prop_lvn_only_1_istep_1 took 288 us
Timer velocity_no_nproma_if_prop_lvn_only_1_istep_1 took 287 us
Timer velocity_no_nproma_if_prop_lvn_only_1_istep_1 took 288 us
Timer velocity_no_nproma_if_prop_lvn_only_1_istep_1 took 294 us
Timer velocity_no_nproma_if_prop_lvn_only_1_istep_1 took 297 us
Timer velocity_no_nproma_if_prop_lvn_only_1_istep_1 took 289 us
Timer velocity_no_nproma_if_prop_lvn_only_1_istep_1 took 292 us
Timer velocity_no_nproma_if_prop_lvn_only_1_istep_1 took 292 us
Timer velocity_no_nproma_if_prop_lvn_only_1_istep_1 took 290 us
Timer velocity_no_nproma_if_prop_lvn_only_1_istep_1 took 286 us
Timer velocity_no_nproma_if_prop_lvn_only_1_istep_1 took 285 us
Timer velocity_no_nproma_if_prop_lvn_only_1_istep_1 took 290 us
Timer velocity_no_nproma_if_prop_lvn_only_1_istep_1 took 287 us
Timer velocity_no_nproma_if_prop_lvn_only_1_istep_1 took 287 us
Timer velocity_no_nproma_if_prop_lvn_only_1_istep_1 took 287 us
Timer velocity_no_nproma_if_prop_lvn_only_1_istep_1 took 287 us
Timer velocity_no_nproma_if_prop_lvn_only_1_istep_1 took 288 us
Timer velocity_no_nproma_if_prop_lvn_only_1_istep_1 took 291 us
Timer velocity_no_nproma_if_prop_lvn_only_1_istep_1 took 293 us
Timer velocity_no_nproma_if_prop_lvn_only_1_istep_1 took 290 us
Timer velocity_no_nproma_if_prop_lvn_only_1_istep_1 took 287 us
Timer velocity_no_nproma_if_prop_lvn_only_1_istep_1 took 291 us
Timer velocity_no_nproma_if_prop_lvn_only_1_istep_1 took 288 us
Timer velocity_no_nproma_if_prop_lvn_only_1_istep_1 took 295 us
Timer velocity_no_nproma_if_prop_lvn_only_1_istep_1 took 290 us
Timer velocity_no_nproma_if_prop_lvn_only_1_istep_1 took 285 us
Timer velocity_no_nproma_if_prop_lvn_only_1_istep_1 took 284 us
Timer velocity_no_nproma_if_prop_lvn_only_1_istep_1 took 290 us
Timer velocity_no_nproma_if_prop_lvn_only_1_istep_1 took 296 us
Timer velocity_no_nproma_if_prop_lvn_only_1_istep_1 took 288 us
Timer velocity_no_nproma_if_prop_lvn_only_1_istep_1 took 285 us
Timer velocity_no_nproma_if_prop_lvn_only_1_istep_1 took 288 us
Timer velocity_no_nproma_if_prop_lvn_only_1_istep_1 took 295 us
Timer velocity_no_nproma_if_prop_lvn_only_1_istep_1 took 295 us
Timer velocity_no_nproma_if_prop_lvn_only_1_istep_1 took 287 us
Timer velocity_no_nproma_if_prop_lvn_only_1_istep_1 took 290 us
Timer velocity_no_nproma_if_prop_lvn_only_1_istep_1 took 294 us
Timer velocity_no_nproma_if_prop_lvn_only_1_istep_1 took 291 us
Timer velocity_no_nproma_if_prop_lvn_only_1_istep_1 took 289 us
Timer velocity_no_nproma_if_prop_lvn_only_1_istep_1 took 292 us
Timer velocity_no_nproma_if_prop_lvn_only_1_istep_1 took 289 us
Timer velocity_no_nproma_if_prop_lvn_only_1_istep_1 took 290 us
Timer velocity_no_nproma_if_prop_lvn_only_1_istep_1 took 289 us
Timer velocity_no_nproma_if_prop_lvn_only_1_istep_1 took 292 us
Timer velocity_no_nproma_if_prop_lvn_only_1_istep_1 took 288 us
Timer velocity_no_nproma_if_prop_lvn_only_1_istep_1 took 295 us
Timer velocity_no_nproma_if_prop_lvn_only_1_istep_1 took 282 us
Timer velocity_no_nproma_if_prop_lvn_only_1_istep_1 took 287 us
Timer velocity_no_nproma_if_prop_lvn_only_1_istep_1 took 288 us
Timer velocity_no_nproma_if_prop_lvn_only_1_istep_1 took 289 us
Timer velocity_no_nproma_if_prop_lvn_only_1_istep_1 took 286 us
Timer velocity_no_nproma_if_prop_lvn_only_1_istep_1 took 290 us
Timer velocity_no_nproma_if_prop_lvn_only_1_istep_1 took 291 us
Timer velocity_no_nproma_if_prop_lvn_only_1_istep_1 took 288 us
Timer velocity_no_nproma_if_prop_lvn_only_1_istep_1 took 287 us
Timer velocity_no_nproma_if_prop_lvn_only_1_istep_1 took 290 us
Timer velocity_no_nproma_if_prop_lvn_only_1_istep_1 took 294 us
Timer velocity_no_nproma_if_prop_lvn_only_1_istep_1 took 284 us
Timer velocity_no_nproma_if_prop_lvn_only_1_istep_1 took 289 us
Timer velocity_no_nproma_if_prop_lvn_only_1_istep_1 took 288 us
Timer velocity_no_nproma_if_prop_lvn_only_1_istep_1 took 296 us
Timer velocity_no_nproma_if_prop_lvn_only_1_istep_1 took 289 us
Timer velocity_no_nproma_if_prop_lvn_only_1_istep_1 took 284 us
Timer velocity_no_nproma_if_prop_lvn_only_1_istep_1 took 290 us
Timer velocity_no_nproma_if_prop_lvn_only_1_istep_1 took 289 us
Timer velocity_no_nproma_if_prop_lvn_only_1_istep_1 took 293 us
Timer velocity_no_nproma_if_prop_lvn_only_1_istep_1 took 292 us
Timer velocity_no_nproma_if_prop_lvn_only_1_istep_1 took 289 us
Timer velocity_no_nproma_if_prop_lvn_only_1_istep_1 took 290 us
Timer velocity_no_nproma_if_prop_lvn_only_1_istep_1 took 283 us
Timer velocity_no_nproma_if_prop_lvn_only_1_istep_1 took 291 us
Timer velocity_no_nproma_if_prop_lvn_only_1_istep_1 took 289 us
Timer velocity_no_nproma_if_prop_lvn_only_1_istep_1 took 291 us
Timer velocity_no_nproma_if_prop_lvn_only_1_istep_1 took 287 us
Timer velocity_no_nproma_if_prop_lvn_only_1_istep_1 took 294 us
Timer velocity_no_nproma_if_prop_lvn_only_1_istep_1 took 291 us
Timer velocity_no_nproma_if_prop_lvn_only_1_istep_1 took 290 us
Timer velocity_no_nproma_if_prop_lvn_only_1_istep_1 took 292 us
Timer velocity_no_nproma_if_prop_lvn_only_1_istep_1 took 289 us
Timer velocity_no_nproma_if_prop_lvn_only_1_istep_1 took 282 us
Timer velocity_no_nproma_if_prop_lvn_only_1_istep_1 took 284 us
Timer velocity_no_nproma_if_prop_lvn_only_1_istep_1 took 285 us
Timer velocity_no_nproma_if_prop_lvn_only_1_istep_1 took 287 us
Timer velocity_no_nproma_if_prop_lvn_only_1_istep_1 took 286 us
Timer velocity_no_nproma_if_prop_lvn_only_1_istep_1 took 290 us
Timer velocity_no_nproma_if_prop_lvn_only_1_istep_1 took 290 us
Timer velocity_no_nproma_if_prop_lvn_only_1_istep_1 took 289 us
Timer velocity_no_nproma_if_prop_lvn_only_1_istep_1 took 286 us
Timer velocity_no_nproma_if_prop_lvn_only_1_istep_1 took 293 us
Step 5701 done.
Writing to: "/capstor/scratch/cscs/ybudanaz/icon-artifacts/velocity/gotwant/data_nproma20480/global_data_5701.got"
Writing to: "/capstor/scratch/cscs/ybudanaz/icon-artifacts/velocity/gotwant/data_nproma20480/p_diag_5701.got"
Writing to: "/capstor/scratch/cscs/ybudanaz/icon-artifacts/velocity/gotwant/data_nproma20480/p_diag_5701.want"
Writing to: "/capstor/scratch/cscs/ybudanaz/icon-artifacts/velocity/gotwant/data_nproma20480/global_data_5701.want"
Writing to: "/capstor/scratch/cscs/ybudanaz/icon-artifacts/velocity/gotwant/data_nproma20480/p_metrics_5701.got"
Writing to: "/capstor/scratch/cscs/ybudanaz/icon-artifacts/velocity/gotwant/data_nproma20480/p_prog_5701.want"
Writing to: "/capstor/scratch/cscs/ybudanaz/icon-artifacts/velocity/gotwant/data_nproma20480/p_metrics_5701.want"
Writing to: "/capstor/scratch/cscs/ybudanaz/icon-artifacts/velocity/gotwant/data_nproma20480/z_kin_hor_e_5701.got"
Writing to: "/capstor/scratch/cscs/ybudanaz/icon-artifacts/velocity/gotwant/data_nproma20480/p_prog_5701.got"
Writing to: "/capstor/scratch/cscs/ybudanaz/icon-artifacts/velocity/gotwant/data_nproma20480/z_vt_ie_5701.got"
Writing to: "/capstor/scratch/cscs/ybudanaz/icon-artifacts/velocity/gotwant/data_nproma20480/z_kin_hor_e_5701.want"
Writing to: "/capstor/scratch/cscs/ybudanaz/icon-artifacts/velocity/gotwant/data_nproma20480/z_w_concorr_me_5701.got"
Writing to: "/capstor/scratch/cscs/ybudanaz/icon-artifacts/velocity/gotwant/data_nproma20480/z_vt_ie_5701.want"
Writing to: "/capstor/scratch/cscs/ybudanaz/icon-artifacts/velocity/gotwant/data_nproma20480/z_w_concorr_me_5701.want"
