Running: -1
Reading from: "data_nproma20480/global_data.t0.1.data"
Reading from: "data_nproma20480/p_metrics.t1.1.data"
Reading from: "data_nproma20480/p_int.1.data"
Reading from: "data_nproma20480/p_diag.t0.1.data"
Reading from: "data_nproma20480/p_diag.t1.1.data"
Reading from: "data_nproma20480/p_patch.1.data"
Reading from: "data_nproma20480/p_metrics.t0.1.data"
Reading from: "data_nproma20480/global_data.t1.1.data"
Reading from: "data_nproma20480/p_prog.t0.1.data"
Reading from: "data_nproma20480/istep.1.data"
Reading from: "data_nproma20480/p_prog.t1.1.data"
Reading from: "data_nproma20480/ldeepatmo.1.data"
Reading from: "data_nproma20480/dt_linintp_ubc.1.data"
Reading from: "data_nproma20480/z_vt_ie.t1.1.data"
Reading from: "data_nproma20480/z_w_concorr_me.t0.1.data"
Reading from: "data_nproma20480/z_vt_ie.t0.1.data"
Reading from: "data_nproma20480/lvn_only.1.data"
Reading from: "data_nproma20480/dtime.1.data"
Reading from: "data_nproma20480/ntnd.1.data"
Reading from: "data_nproma20480/z_w_concorr_me.t1.1.data"
Reading from: "data_nproma20480/z_kin_hor_e.t0.1.data"
Reading from: "data_nproma20480/z_kin_hor_e.t1.1.data"
Step 1 variables, extra_diffu: 1, istep: 1, lvn_only: 0, ldeepatmo: 0
Iteration: 0
Timer Host Based C++ Timer took 5011 us
Iteration: 1
Timer Host Based C++ Timer took 438 us
Iteration: 2
Timer Host Based C++ Timer took 434 us
Iteration: 3
Timer Host Based C++ Timer took 432 us
Iteration: 4
Timer Host Based C++ Timer took 434 us
Iteration: 5
Timer Host Based C++ Timer took 426 us
Iteration: 6
Timer Host Based C++ Timer took 428 us
Iteration: 7
Timer Host Based C++ Timer took 420 us
Iteration: 8
Timer Host Based C++ Timer took 421 us
Iteration: 9
Timer Host Based C++ Timer took 428 us
Iteration: 10
Timer Host Based C++ Timer took 422 us
Iteration: 11
Timer Host Based C++ Timer took 420 us
Iteration: 12
Timer Host Based C++ Timer took 422 us
Iteration: 13
Timer Host Based C++ Timer took 426 us
Iteration: 14
Timer Host Based C++ Timer took 427 us
Iteration: 15
Timer Host Based C++ Timer took 431 us
Iteration: 16
Timer Host Based C++ Timer took 426 us
Iteration: 17
Timer Host Based C++ Timer took 420 us
Iteration: 18
Timer Host Based C++ Timer took 424 us
Iteration: 19
Timer Host Based C++ Timer took 424 us
Iteration: 20
Timer Host Based C++ Timer took 427 us
Iteration: 21
Timer Host Based C++ Timer took 422 us
Iteration: 22
Timer Host Based C++ Timer took 424 us
Iteration: 23
Timer Host Based C++ Timer took 425 us
Iteration: 24
Timer Host Based C++ Timer took 418 us
Iteration: 25
Timer Host Based C++ Timer took 425 us
Iteration: 26
Timer Host Based C++ Timer took 422 us
Iteration: 27
Timer Host Based C++ Timer took 418 us
Iteration: 28
Timer Host Based C++ Timer took 423 us
Iteration: 29
Timer Host Based C++ Timer took 424 us
Iteration: 30
Timer Host Based C++ Timer took 418 us
Iteration: 31
Timer Host Based C++ Timer took 419 us
Iteration: 32
Timer Host Based C++ Timer took 419 us
Iteration: 33
Timer Host Based C++ Timer took 423 us
Iteration: 34
Timer Host Based C++ Timer took 423 us
Iteration: 35
Timer Host Based C++ Timer took 422 us
Iteration: 36
Timer Host Based C++ Timer took 422 us
Iteration: 37
Timer Host Based C++ Timer took 416 us
Iteration: 38
Timer Host Based C++ Timer took 423 us
Iteration: 39
Timer Host Based C++ Timer took 426 us
Iteration: 40
Timer Host Based C++ Timer took 423 us
Iteration: 41
Timer Host Based C++ Timer took 422 us
Iteration: 42
Timer Host Based C++ Timer took 417 us
Iteration: 43
Timer Host Based C++ Timer took 424 us
Iteration: 44
Timer Host Based C++ Timer took 421 us
Iteration: 45
Timer Host Based C++ Timer took 422 us
Iteration: 46
Timer Host Based C++ Timer took 420 us
Iteration: 47
Timer Host Based C++ Timer took 417 us
Iteration: 48
Timer Host Based C++ Timer took 421 us
Iteration: 49
Timer Host Based C++ Timer took 421 us
Iteration: 50
Timer Host Based C++ Timer took 425 us
Iteration: 51
Timer Host Based C++ Timer took 420 us
Iteration: 52
Timer Host Based C++ Timer took 422 us
Iteration: 53
Timer Host Based C++ Timer took 421 us
Iteration: 54
Timer Host Based C++ Timer took 418 us
Iteration: 55
Timer Host Based C++ Timer took 425 us
Iteration: 56
Timer Host Based C++ Timer took 421 us
Iteration: 57
Timer Host Based C++ Timer took 418 us
Iteration: 58
Timer Host Based C++ Timer took 419 us
Iteration: 59
Timer Host Based C++ Timer took 422 us
Iteration: 60
Timer Host Based C++ Timer took 423 us
Iteration: 61
Timer Host Based C++ Timer took 422 us
Iteration: 62
Timer Host Based C++ Timer took 429 us
Iteration: 63
Timer Host Based C++ Timer took 423 us
Iteration: 64
Timer Host Based C++ Timer took 423 us
Iteration: 65
Timer Host Based C++ Timer took 422 us
Iteration: 66
Timer Host Based C++ Timer took 423 us
Iteration: 67
Timer Host Based C++ Timer took 425 us
Iteration: 68
Timer Host Based C++ Timer took 420 us
Iteration: 69
Timer Host Based C++ Timer took 423 us
Iteration: 70
Timer Host Based C++ Timer took 419 us
Iteration: 71
Timer Host Based C++ Timer took 420 us
Iteration: 72
Timer Host Based C++ Timer took 427 us
Iteration: 73
Timer Host Based C++ Timer took 421 us
Iteration: 74
Timer Host Based C++ Timer took 421 us
Iteration: 75
Timer Host Based C++ Timer took 417 us
Iteration: 76
Timer Host Based C++ Timer took 420 us
Iteration: 77
Timer Host Based C++ Timer took 420 us
Iteration: 78
Timer Host Based C++ Timer took 426 us
Iteration: 79
Timer Host Based C++ Timer took 424 us
Iteration: 80
Timer Host Based C++ Timer took 430 us
Iteration: 81
Timer Host Based C++ Timer took 449 us
Iteration: 82
Timer Host Based C++ Timer took 441 us
Iteration: 83
Timer Host Based C++ Timer took 440 us
Iteration: 84
Timer Host Based C++ Timer took 439 us
Iteration: 85
Timer Host Based C++ Timer took 439 us
Iteration: 86
Timer Host Based C++ Timer took 435 us
Iteration: 87
Timer Host Based C++ Timer took 436 us
Iteration: 88
Timer Host Based C++ Timer took 436 us
Iteration: 89
Timer Host Based C++ Timer took 436 us
Iteration: 90
Timer Host Based C++ Timer took 445 us
Iteration: 91
Timer Host Based C++ Timer took 440 us
Iteration: 92
Timer Host Based C++ Timer took 433 us
Iteration: 93
Timer Host Based C++ Timer took 436 us
Iteration: 94
Timer Host Based C++ Timer took 434 us
Iteration: 95
Timer Host Based C++ Timer took 437 us
Iteration: 96
Timer Host Based C++ Timer took 456 us
Iteration: 97
Timer Host Based C++ Timer took 437 us
Iteration: 98
Timer Host Based C++ Timer took 431 us
Iteration: 99
Timer Host Based C++ Timer took 436 us
Iteration: 100
Timer Host Based C++ Timer took 434 us
Iteration: 101
Timer Host Based C++ Timer took 437 us
Iteration: 102
Timer Host Based C++ Timer took 436 us
Iteration: 103
Timer Host Based C++ Timer took 431 us
Iteration: 104
Timer Host Based C++ Timer took 435 us
Iteration: 105
Timer Host Based C++ Timer took 433 us
Iteration: 106
Timer Host Based C++ Timer took 434 us
Iteration: 107
Timer Host Based C++ Timer took 435 us
Iteration: 108
Timer Host Based C++ Timer took 427 us
Iteration: 109
Timer Host Based C++ Timer took 430 us
Iteration: 110
Timer Host Based C++ Timer took 429 us
Iteration: 111
Timer Host Based C++ Timer took 434 us
Iteration: 112
Timer Host Based C++ Timer took 429 us
Iteration: 113
Timer Host Based C++ Timer took 433 us
Iteration: 114
Timer Host Based C++ Timer took 432 us
Iteration: 115
Timer Host Based C++ Timer took 426 us
Iteration: 116
Timer Host Based C++ Timer took 429 us
Iteration: 117
Timer Host Based C++ Timer took 428 us
Iteration: 118
Timer Host Based C++ Timer took 432 us
Iteration: 119
Timer Host Based C++ Timer took 429 us
Iteration: 120
Timer Host Based C++ Timer took 426 us
Iteration: 121
Timer Host Based C++ Timer took 429 us
Iteration: 122
Timer Host Based C++ Timer took 428 us
Iteration: 123
Timer Host Based C++ Timer took 423 us
Iteration: 124
Timer Host Based C++ Timer took 428 us
Iteration: 125
Timer Host Based C++ Timer took 426 us
Iteration: 126
Timer Host Based C++ Timer took 428 us
Iteration: 127
Timer Host Based C++ Timer took 422 us
Iteration: 128
Timer Host Based C++ Timer took 427 us
Iteration: 129
Timer Host Based C++ Timer took 428 us
Iteration: 130
Timer Host Based C++ Timer took 428 us
Iteration: 131
Timer Host Based C++ Timer took 425 us
Iteration: 132
Timer Host Based C++ Timer took 426 us
Iteration: 133
Timer Host Based C++ Timer took 430 us
Iteration: 134
Timer Host Based C++ Timer took 425 us
Iteration: 135
Timer Host Based C++ Timer took 427 us
Iteration: 136
Timer Host Based C++ Timer took 423 us
Iteration: 137
Timer Host Based C++ Timer took 431 us
Iteration: 138
Timer Host Based C++ Timer took 425 us
Iteration: 139
Timer Host Based C++ Timer took 429 us
Iteration: 140
Timer Host Based C++ Timer took 426 us
Iteration: 141
Timer Host Based C++ Timer took 426 us
Iteration: 142
Timer Host Based C++ Timer took 426 us
Iteration: 143
Timer Host Based C++ Timer took 427 us
Iteration: 144
Timer Host Based C++ Timer took 425 us
Iteration: 145
Timer Host Based C++ Timer took 431 us
Iteration: 146
Timer Host Based C++ Timer took 424 us
Iteration: 147
Timer Host Based C++ Timer took 425 us
Iteration: 148
Timer Host Based C++ Timer took 429 us
Iteration: 149
Timer Host Based C++ Timer took 422 us
Iteration: 150
Timer Host Based C++ Timer took 423 us
Iteration: 151
Timer Host Based C++ Timer took 421 us
Iteration: 152
Timer Host Based C++ Timer took 417 us
Iteration: 153
Timer Host Based C++ Timer took 424 us
Iteration: 154
Timer Host Based C++ Timer took 421 us
Iteration: 155
Timer Host Based C++ Timer took 422 us
Iteration: 156
Timer Host Based C++ Timer took 417 us
Iteration: 157
Timer Host Based C++ Timer took 420 us
Iteration: 158
Timer Host Based C++ Timer took 423 us
Iteration: 159
Timer Host Based C++ Timer took 425 us
Iteration: 160
Timer Host Based C++ Timer took 416 us
Iteration: 161
Timer Host Based C++ Timer took 422 us
Iteration: 162
Timer Host Based C++ Timer took 422 us
Iteration: 163
Timer Host Based C++ Timer took 421 us
Iteration: 164
Timer Host Based C++ Timer took 424 us
Iteration: 165
Timer Host Based C++ Timer took 422 us
Iteration: 166
Timer Host Based C++ Timer took 422 us
Iteration: 167
Timer Host Based C++ Timer took 419 us
Iteration: 168
Timer Host Based C++ Timer took 419 us
Iteration: 169
Timer Host Based C++ Timer took 424 us
Iteration: 170
Timer Host Based C++ Timer took 417 us
Iteration: 171
Timer Host Based C++ Timer took 418 us
Iteration: 172
Timer Host Based C++ Timer took 414 us
Iteration: 173
Timer Host Based C++ Timer took 418 us
Iteration: 174
Timer Host Based C++ Timer took 423 us
Iteration: 175
Timer Host Based C++ Timer took 423 us
Iteration: 176
Timer Host Based C++ Timer took 418 us
Iteration: 177
Timer Host Based C++ Timer took 419 us
Iteration: 178
Timer Host Based C++ Timer took 417 us
Iteration: 179
Timer Host Based C++ Timer took 425 us
Iteration: 180
Timer Host Based C++ Timer took 418 us
Iteration: 181
Timer Host Based C++ Timer took 422 us
Iteration: 182
Timer Host Based C++ Timer took 421 us
Iteration: 183
Timer Host Based C++ Timer took 426 us
Iteration: 184
Timer Host Based C++ Timer took 424 us
Iteration: 185
Timer Host Based C++ Timer took 423 us
Iteration: 186
Timer Host Based C++ Timer took 418 us
Iteration: 187
Timer Host Based C++ Timer took 422 us
Iteration: 188
Timer Host Based C++ Timer took 419 us
Iteration: 189
Timer Host Based C++ Timer took 426 us
Iteration: 190
Timer Host Based C++ Timer took 419 us
Iteration: 191
Timer Host Based C++ Timer took 421 us
Iteration: 192
Timer Host Based C++ Timer took 417 us
Iteration: 193
Timer Host Based C++ Timer took 419 us
Iteration: 194
Timer Host Based C++ Timer took 416 us
Iteration: 195
Timer Host Based C++ Timer took 416 us
Iteration: 196
Timer Host Based C++ Timer took 419 us
Iteration: 197
Timer Host Based C++ Timer took 417 us
Iteration: 198
Timer Host Based C++ Timer took 414 us
Iteration: 199
Timer Host Based C++ Timer took 419 us
Iteration: 200
Timer Host Based C++ Timer took 422 us
Iteration: 201
Timer Host Based C++ Timer took 416 us
Iteration: 202
Timer Host Based C++ Timer took 416 us
Iteration: 203
Timer Host Based C++ Timer took 413 us
Iteration: 204
Timer Host Based C++ Timer took 419 us
Iteration: 205
Timer Host Based C++ Timer took 416 us
Iteration: 206
Timer Host Based C++ Timer took 414 us
Iteration: 207
Timer Host Based C++ Timer took 417 us
Iteration: 208
Timer Host Based C++ Timer took 416 us
Iteration: 209
Timer Host Based C++ Timer took 418 us
Iteration: 210
Timer Host Based C++ Timer took 420 us
Iteration: 211
Timer Host Based C++ Timer took 418 us
Iteration: 212
Timer Host Based C++ Timer took 418 us
Iteration: 213
Timer Host Based C++ Timer took 420 us
Iteration: 214
Timer Host Based C++ Timer took 418 us
Iteration: 215
Timer Host Based C++ Timer took 408 us
Iteration: 216
Timer Host Based C++ Timer took 417 us
Iteration: 217
Timer Host Based C++ Timer took 415 us
Iteration: 218
Timer Host Based C++ Timer took 418 us
Iteration: 219
Timer Host Based C++ Timer took 420 us
Iteration: 220
Timer Host Based C++ Timer took 416 us
Iteration: 221
Timer Host Based C++ Timer took 412 us
Iteration: 222
Timer Host Based C++ Timer took 419 us
Iteration: 223
Timer Host Based C++ Timer took 412 us
Iteration: 224
Timer Host Based C++ Timer took 418 us
Iteration: 225
Timer Host Based C++ Timer took 417 us
Iteration: 226
Timer Host Based C++ Timer took 412 us
Iteration: 227
Timer Host Based C++ Timer took 421 us
Iteration: 228
Timer Host Based C++ Timer took 416 us
Iteration: 229
Timer Host Based C++ Timer took 415 us
Iteration: 230
Timer Host Based C++ Timer took 414 us
Iteration: 231
Timer Host Based C++ Timer took 420 us
Iteration: 232
Timer Host Based C++ Timer took 416 us
Iteration: 233
Timer Host Based C++ Timer took 418 us
Iteration: 234
Timer Host Based C++ Timer took 415 us
Iteration: 235
Timer Host Based C++ Timer took 415 us
Iteration: 236
Timer Host Based C++ Timer took 414 us
Iteration: 237
Timer Host Based C++ Timer took 416 us
Iteration: 238
Timer Host Based C++ Timer took 413 us
Iteration: 239
Timer Host Based C++ Timer took 416 us
Iteration: 240
Timer Host Based C++ Timer took 418 us
Iteration: 241
Timer Host Based C++ Timer took 414 us
Iteration: 242
Timer Host Based C++ Timer took 414 us
Iteration: 243
Timer Host Based C++ Timer took 416 us
Iteration: 244
Timer Host Based C++ Timer took 414 us
Iteration: 245
Timer Host Based C++ Timer took 421 us
Iteration: 246
Timer Host Based C++ Timer took 414 us
Iteration: 247
Timer Host Based C++ Timer took 418 us
Iteration: 248
Timer Host Based C++ Timer took 417 us
Iteration: 249
Timer Host Based C++ Timer took 416 us
Iteration: 250
Timer Host Based C++ Timer took 419 us
Iteration: 251
Timer Host Based C++ Timer took 415 us
Iteration: 252
Timer Host Based C++ Timer took 416 us
Iteration: 253
Timer Host Based C++ Timer took 413 us
Iteration: 254
Timer Host Based C++ Timer took 413 us
Iteration: 255
Timer Host Based C++ Timer took 415 us
Iteration: 256
Timer Host Based C++ Timer took 419 us
Iteration: 257
Timer Host Based C++ Timer took 412 us
Iteration: 258
Timer Host Based C++ Timer took 421 us
Iteration: 259
Timer Host Based C++ Timer took 417 us
Iteration: 260
Timer Host Based C++ Timer took 416 us
Iteration: 261
Timer Host Based C++ Timer took 438 us
Iteration: 262
Timer Host Based C++ Timer took 420 us
Iteration: 263
Timer Host Based C++ Timer took 420 us
Iteration: 264
Timer Host Based C++ Timer took 418 us
Iteration: 265
Timer Host Based C++ Timer took 427 us
Iteration: 266
Timer Host Based C++ Timer took 413 us
Iteration: 267
Timer Host Based C++ Timer took 413 us
Iteration: 268
Timer Host Based C++ Timer took 410 us
Iteration: 269
Timer Host Based C++ Timer took 411 us
Iteration: 270
Timer Host Based C++ Timer took 408 us
Iteration: 271
Timer Host Based C++ Timer took 405 us
Iteration: 272
Timer Host Based C++ Timer took 405 us
Iteration: 273
Timer Host Based C++ Timer took 404 us
Iteration: 274
Timer Host Based C++ Timer took 406 us
Iteration: 275
Timer Host Based C++ Timer took 401 us
Iteration: 276
Timer Host Based C++ Timer took 409 us
Iteration: 277
Timer Host Based C++ Timer took 412 us
Iteration: 278
Timer Host Based C++ Timer took 410 us
Iteration: 279
Timer Host Based C++ Timer took 407 us
Iteration: 280
Timer Host Based C++ Timer took 408 us
Iteration: 281
Timer Host Based C++ Timer took 410 us
Iteration: 282
Timer Host Based C++ Timer took 403 us
Iteration: 283
Timer Host Based C++ Timer took 414 us
Iteration: 284
Timer Host Based C++ Timer took 413 us
Iteration: 285
Timer Host Based C++ Timer took 413 us
Iteration: 286
Timer Host Based C++ Timer took 410 us
Iteration: 287
Timer Host Based C++ Timer took 411 us
Iteration: 288
Timer Host Based C++ Timer took 408 us
Iteration: 289
Timer Host Based C++ Timer took 412 us
Iteration: 290
Timer Host Based C++ Timer took 403 us
Iteration: 291
Timer Host Based C++ Timer took 410 us
Iteration: 292
Timer Host Based C++ Timer took 409 us
Iteration: 293
Timer Host Based C++ Timer took 409 us
Iteration: 294
Timer Host Based C++ Timer took 409 us
Iteration: 295
Timer Host Based C++ Timer took 409 us
Iteration: 296
Timer Host Based C++ Timer took 407 us
Iteration: 297
Timer Host Based C++ Timer took 407 us
Iteration: 298
Timer Host Based C++ Timer took 418 us
Iteration: 299
Timer Host Based C++ Timer took 412 us
Iteration: 300
Timer Host Based C++ Timer took 404 us
Iteration: 301
Timer Host Based C++ Timer took 405 us
Iteration: 302
Timer Host Based C++ Timer took 410 us
Iteration: 303
Timer Host Based C++ Timer took 411 us
Iteration: 304
Timer Host Based C++ Timer took 404 us
Iteration: 305
Timer Host Based C++ Timer took 406 us
Iteration: 306
Timer Host Based C++ Timer took 411 us
Iteration: 307
Timer Host Based C++ Timer took 413 us
Iteration: 308
Timer Host Based C++ Timer took 405 us
Iteration: 309
Timer Host Based C++ Timer took 403 us
Iteration: 310
Timer Host Based C++ Timer took 408 us
Iteration: 311
Timer Host Based C++ Timer took 411 us
Iteration: 312
Timer Host Based C++ Timer took 411 us
Iteration: 313
Timer Host Based C++ Timer took 407 us
Iteration: 314
Timer Host Based C++ Timer took 408 us
Iteration: 315
Timer Host Based C++ Timer took 725 us
Iteration: 316
Timer Host Based C++ Timer took 410 us
Iteration: 317
Timer Host Based C++ Timer took 408 us
Iteration: 318
Timer Host Based C++ Timer took 411 us
Iteration: 319
Timer Host Based C++ Timer took 410 us
Iteration: 320
Timer Host Based C++ Timer took 414 us
Iteration: 321
Timer Host Based C++ Timer took 410 us
Iteration: 322
Timer Host Based C++ Timer took 409 us
Iteration: 323
Timer Host Based C++ Timer took 408 us
Iteration: 324
Timer Host Based C++ Timer took 411 us
Iteration: 325
Timer Host Based C++ Timer took 407 us
Iteration: 326
Timer Host Based C++ Timer took 409 us
Iteration: 327
Timer Host Based C++ Timer took 413 us
Iteration: 328
Timer Host Based C++ Timer took 409 us
Iteration: 329
Timer Host Based C++ Timer took 411 us
Iteration: 330
Timer Host Based C++ Timer took 411 us
Iteration: 331
Timer Host Based C++ Timer took 410 us
Iteration: 332
Timer Host Based C++ Timer took 408 us
Iteration: 333
Timer Host Based C++ Timer took 408 us
Iteration: 334
Timer Host Based C++ Timer took 3535 us
Iteration: 335
Timer Host Based C++ Timer took 403 us
Iteration: 336
Timer Host Based C++ Timer took 407 us
Iteration: 337
Timer Host Based C++ Timer took 411 us
Iteration: 338
Timer Host Based C++ Timer took 407 us
Iteration: 339
Timer Host Based C++ Timer took 412 us
Iteration: 340
Timer Host Based C++ Timer took 410 us
Iteration: 341
Timer Host Based C++ Timer took 413 us
Iteration: 342
Timer Host Based C++ Timer took 410 us
Iteration: 343
Timer Host Based C++ Timer took 411 us
Iteration: 344
Timer Host Based C++ Timer took 413 us
Iteration: 345
Timer Host Based C++ Timer took 408 us
Iteration: 346
Timer Host Based C++ Timer took 407 us
Iteration: 347
Timer Host Based C++ Timer took 407 us
Iteration: 348
Timer Host Based C++ Timer took 404 us
Iteration: 349
Timer Host Based C++ Timer took 409 us
Iteration: 350
Timer Host Based C++ Timer took 402 us
Iteration: 351
Timer Host Based C++ Timer took 410 us
Iteration: 352
Timer Host Based C++ Timer took 407 us
Iteration: 353
Timer Host Based C++ Timer took 407 us
Iteration: 354
Timer Host Based C++ Timer took 410 us
Iteration: 355
Timer Host Based C++ Timer took 412 us
Iteration: 356
Timer Host Based C++ Timer took 405 us
Iteration: 357
Timer Host Based C++ Timer took 408 us
Iteration: 358
Timer Host Based C++ Timer took 413 us
Iteration: 359
Timer Host Based C++ Timer took 413 us
Iteration: 360
Timer Host Based C++ Timer took 410 us
Iteration: 361
Timer Host Based C++ Timer took 421 us
Iteration: 362
Timer Host Based C++ Timer took 411 us
Iteration: 363
Timer Host Based C++ Timer took 404 us
Iteration: 364
Timer Host Based C++ Timer took 440 us
Iteration: 365
Timer Host Based C++ Timer took 419 us
Iteration: 366
Timer Host Based C++ Timer took 417 us
Iteration: 367
Timer Host Based C++ Timer took 1858 us
Iteration: 368
Timer Host Based C++ Timer took 412 us
Iteration: 369
Timer Host Based C++ Timer took 415 us
Iteration: 370
Timer Host Based C++ Timer took 413 us
Iteration: 371
Timer Host Based C++ Timer took 409 us
Iteration: 372
Timer Host Based C++ Timer took 413 us
Iteration: 373
Timer Host Based C++ Timer took 413 us
Iteration: 374
Timer Host Based C++ Timer took 410 us
Iteration: 375
Timer Host Based C++ Timer took 411 us
Iteration: 376
Timer Host Based C++ Timer took 410 us
Iteration: 377
Timer Host Based C++ Timer took 411 us
Iteration: 378
Timer Host Based C++ Timer took 407 us
Iteration: 379
Timer Host Based C++ Timer took 410 us
Iteration: 380
Timer Host Based C++ Timer took 411 us
Iteration: 381
Timer Host Based C++ Timer took 411 us
Iteration: 382
Timer Host Based C++ Timer took 411 us
Iteration: 383
Timer Host Based C++ Timer took 410 us
Iteration: 384
Timer Host Based C++ Timer took 410 us
Iteration: 385
Timer Host Based C++ Timer took 473 us
Iteration: 386
Timer Host Based C++ Timer took 412 us
Iteration: 387
Timer Host Based C++ Timer took 409 us
Iteration: 388
Timer Host Based C++ Timer took 409 us
Iteration: 389
Timer Host Based C++ Timer took 408 us
Iteration: 390
Timer Host Based C++ Timer took 410 us
Iteration: 391
Timer Host Based C++ Timer took 406 us
Iteration: 392
Timer Host Based C++ Timer took 413 us
Iteration: 393
Timer Host Based C++ Timer took 413 us
Iteration: 394
Timer Host Based C++ Timer took 414 us
Iteration: 395
Timer Host Based C++ Timer took 410 us
Iteration: 396
Timer Host Based C++ Timer took 407 us
Iteration: 397
Timer Host Based C++ Timer took 411 us
Iteration: 398
Timer Host Based C++ Timer took 414 us
Iteration: 399
Timer Host Based C++ Timer took 407 us
Iteration: 400
Timer Host Based C++ Timer took 414 us
Iteration: 401
Timer Host Based C++ Timer took 410 us
Iteration: 402
Timer Host Based C++ Timer took 405 us
Iteration: 403
Timer Host Based C++ Timer took 410 us
Iteration: 404
Timer Host Based C++ Timer took 411 us
Iteration: 405
Timer Host Based C++ Timer took 408 us
Iteration: 406
Timer Host Based C++ Timer took 409 us
Iteration: 407
Timer Host Based C++ Timer took 406 us
Iteration: 408
Timer Host Based C++ Timer took 412 us
Iteration: 409
Timer Host Based C++ Timer took 409 us
Iteration: 410
Timer Host Based C++ Timer took 404 us
Iteration: 411
Timer Host Based C++ Timer took 414 us
Iteration: 412
Timer Host Based C++ Timer took 405 us
Iteration: 413
Timer Host Based C++ Timer took 405 us
Iteration: 414
Timer Host Based C++ Timer took 406 us
Iteration: 415
Timer Host Based C++ Timer took 410 us
Iteration: 416
Timer Host Based C++ Timer took 413 us
Iteration: 417
Timer Host Based C++ Timer took 410 us
Iteration: 418
Timer Host Based C++ Timer took 406 us
Iteration: 419
Timer Host Based C++ Timer took 408 us
Iteration: 420
Timer Host Based C++ Timer took 408 us
Iteration: 421
Timer Host Based C++ Timer took 408 us
Iteration: 422
Timer Host Based C++ Timer took 410 us
Iteration: 423
Timer Host Based C++ Timer took 404 us
Iteration: 424
Timer Host Based C++ Timer took 409 us
Iteration: 425
Timer Host Based C++ Timer took 408 us
Iteration: 426
Timer Host Based C++ Timer took 412 us
Iteration: 427
Timer Host Based C++ Timer took 409 us
Iteration: 428
Timer Host Based C++ Timer took 404 us
Iteration: 429
Timer Host Based C++ Timer took 408 us
Iteration: 430
Timer Host Based C++ Timer took 406 us
Iteration: 431
Timer Host Based C++ Timer took 404 us
Iteration: 432
Timer Host Based C++ Timer took 411 us
Iteration: 433
Timer Host Based C++ Timer took 407 us
Iteration: 434
Timer Host Based C++ Timer took 407 us
Iteration: 435
Timer Host Based C++ Timer took 402 us
Iteration: 436
Timer Host Based C++ Timer took 405 us
Iteration: 437
Timer Host Based C++ Timer took 406 us
Iteration: 438
Timer Host Based C++ Timer took 409 us
Iteration: 439
Timer Host Based C++ Timer took 409 us
Iteration: 440
Timer Host Based C++ Timer took 407 us
Iteration: 441
Timer Host Based C++ Timer took 410 us
Iteration: 442
Timer Host Based C++ Timer took 403 us
Iteration: 443
Timer Host Based C++ Timer took 407 us
Iteration: 444
Timer Host Based C++ Timer took 403 us
Iteration: 445
Timer Host Based C++ Timer took 402 us
Iteration: 446
Timer Host Based C++ Timer took 408 us
Iteration: 447
Timer Host Based C++ Timer took 405 us
Iteration: 448
Timer Host Based C++ Timer took 406 us
Iteration: 449
Timer Host Based C++ Timer took 407 us
Iteration: 450
Timer Host Based C++ Timer took 406 us
Iteration: 451
Timer Host Based C++ Timer took 410 us
Iteration: 452
Timer Host Based C++ Timer took 406 us
Iteration: 453
Timer Host Based C++ Timer took 405 us
Iteration: 454
Timer Host Based C++ Timer took 407 us
Iteration: 455
Timer Host Based C++ Timer took 409 us
Iteration: 456
Timer Host Based C++ Timer took 411 us
Iteration: 457
Timer Host Based C++ Timer took 404 us
Iteration: 458
Timer Host Based C++ Timer took 404 us
Iteration: 459
Timer Host Based C++ Timer took 401 us
Iteration: 460
Timer Host Based C++ Timer took 397 us
Iteration: 461
Timer Host Based C++ Timer took 402 us
Iteration: 462
Timer Host Based C++ Timer took 401 us
Iteration: 463
Timer Host Based C++ Timer took 400 us
Iteration: 464
Timer Host Based C++ Timer took 403 us
Iteration: 465
Timer Host Based C++ Timer took 399 us
Iteration: 466
Timer Host Based C++ Timer took 397 us
Iteration: 467
Timer Host Based C++ Timer took 400 us
Iteration: 468
Timer Host Based C++ Timer took 399 us
Iteration: 469
Timer Host Based C++ Timer took 398 us
Iteration: 470
Timer Host Based C++ Timer took 393 us
Iteration: 471
Timer Host Based C++ Timer took 394 us
Iteration: 472
Timer Host Based C++ Timer took 401 us
Iteration: 473
Timer Host Based C++ Timer took 398 us
Iteration: 474
Timer Host Based C++ Timer took 397 us
Iteration: 475
Timer Host Based C++ Timer took 401 us
Iteration: 476
Timer Host Based C++ Timer took 398 us
Iteration: 477
Timer Host Based C++ Timer took 398 us
Iteration: 478
Timer Host Based C++ Timer took 399 us
Iteration: 479
Timer Host Based C++ Timer took 397 us
Iteration: 480
Timer Host Based C++ Timer took 395 us
Iteration: 481
Timer Host Based C++ Timer took 395 us
Iteration: 482
Timer Host Based C++ Timer took 398 us
Iteration: 483
Timer Host Based C++ Timer took 396 us
Iteration: 484
Timer Host Based C++ Timer took 399 us
Iteration: 485
Timer Host Based C++ Timer took 399 us
Iteration: 486
Timer Host Based C++ Timer took 398 us
Iteration: 487
Timer Host Based C++ Timer took 398 us
Iteration: 488
Timer Host Based C++ Timer took 401 us
Iteration: 489
Timer Host Based C++ Timer took 396 us
Iteration: 490
Timer Host Based C++ Timer took 398 us
Iteration: 491
Timer Host Based C++ Timer took 397 us
Iteration: 492
Timer Host Based C++ Timer took 399 us
Iteration: 493
Timer Host Based C++ Timer took 397 us
Iteration: 494
Timer Host Based C++ Timer took 400 us
Iteration: 495
Timer Host Based C++ Timer took 398 us
Iteration: 496
Timer Host Based C++ Timer took 396 us
Iteration: 497
Timer Host Based C++ Timer took 398 us
Iteration: 498
Timer Host Based C++ Timer took 396 us
Iteration: 499
Timer Host Based C++ Timer took 397 us
Iteration: 500
Timer Host Based C++ Timer took 398 us
Iteration: 501
Timer Host Based C++ Timer took 394 us
Iteration: 502
Timer Host Based C++ Timer took 399 us
Iteration: 503
Timer Host Based C++ Timer took 399 us
Iteration: 504
Timer Host Based C++ Timer took 399 us
Iteration: 505
Timer Host Based C++ Timer took 402 us
Iteration: 506
Timer Host Based C++ Timer took 401 us
Iteration: 507
Timer Host Based C++ Timer took 400 us
Iteration: 508
Timer Host Based C++ Timer took 395 us
Iteration: 509
Timer Host Based C++ Timer took 397 us
Iteration: 510
Timer Host Based C++ Timer took 396 us
Iteration: 511
Timer Host Based C++ Timer took 399 us
Iteration: 512
Timer Host Based C++ Timer took 400 us
Iteration: 513
Timer Host Based C++ Timer took 398 us
Iteration: 514
Timer Host Based C++ Timer took 393 us
Iteration: 515
Timer Host Based C++ Timer took 397 us
Iteration: 516
Timer Host Based C++ Timer took 397 us
Iteration: 517
Timer Host Based C++ Timer took 395 us
Iteration: 518
Timer Host Based C++ Timer took 396 us
Iteration: 519
Timer Host Based C++ Timer took 402 us
Iteration: 520
Timer Host Based C++ Timer took 398 us
Iteration: 521
Timer Host Based C++ Timer took 397 us
Iteration: 522
Timer Host Based C++ Timer took 401 us
Iteration: 523
Timer Host Based C++ Timer took 399 us
Iteration: 524
Timer Host Based C++ Timer took 403 us
Iteration: 525
Timer Host Based C++ Timer took 398 us
Iteration: 526
Timer Host Based C++ Timer took 398 us
Iteration: 527
Timer Host Based C++ Timer took 398 us
Iteration: 528
Timer Host Based C++ Timer took 401 us
Iteration: 529
Timer Host Based C++ Timer took 396 us
Iteration: 530
Timer Host Based C++ Timer took 398 us
Iteration: 531
Timer Host Based C++ Timer took 401 us
Iteration: 532
Timer Host Based C++ Timer took 402 us
Iteration: 533
Timer Host Based C++ Timer took 398 us
Iteration: 534
Timer Host Based C++ Timer took 398 us
Iteration: 535
Timer Host Based C++ Timer took 397 us
Iteration: 536
Timer Host Based C++ Timer took 396 us
Iteration: 537
Timer Host Based C++ Timer took 399 us
Iteration: 538
Timer Host Based C++ Timer took 398 us
Iteration: 539
Timer Host Based C++ Timer took 398 us
Iteration: 540
Timer Host Based C++ Timer took 398 us
Iteration: 541
Timer Host Based C++ Timer took 401 us
Iteration: 542
Timer Host Based C++ Timer took 397 us
Iteration: 543
Timer Host Based C++ Timer took 401 us
Iteration: 544
Timer Host Based C++ Timer took 400 us
Iteration: 545
Timer Host Based C++ Timer took 400 us
Iteration: 546
Timer Host Based C++ Timer took 396 us
Iteration: 547
Timer Host Based C++ Timer took 400 us
Iteration: 548
Timer Host Based C++ Timer took 397 us
Iteration: 549
Timer Host Based C++ Timer took 398 us
Iteration: 550
Timer Host Based C++ Timer took 396 us
Iteration: 551
Timer Host Based C++ Timer took 395 us
Iteration: 552
Timer Host Based C++ Timer took 398 us
Iteration: 553
Timer Host Based C++ Timer took 399 us
Iteration: 554
Timer Host Based C++ Timer took 396 us
Iteration: 555
Timer Host Based C++ Timer took 400 us
Iteration: 556
Timer Host Based C++ Timer took 398 us
Iteration: 557
Timer Host Based C++ Timer took 401 us
Iteration: 558
Timer Host Based C++ Timer took 395 us
Iteration: 559
Timer Host Based C++ Timer took 400 us
Iteration: 560
Timer Host Based C++ Timer took 400 us
Iteration: 561
Timer Host Based C++ Timer took 399 us
Iteration: 562
Timer Host Based C++ Timer took 397 us
Iteration: 563
Timer Host Based C++ Timer took 399 us
Iteration: 564
Timer Host Based C++ Timer took 396 us
Iteration: 565
Timer Host Based C++ Timer took 395 us
Iteration: 566
Timer Host Based C++ Timer took 400 us
Iteration: 567
Timer Host Based C++ Timer took 400 us
Iteration: 568
Timer Host Based C++ Timer took 398 us
Iteration: 569
Timer Host Based C++ Timer took 399 us
Iteration: 570
Timer Host Based C++ Timer took 397 us
Iteration: 571
Timer Host Based C++ Timer took 402 us
Iteration: 572
Timer Host Based C++ Timer took 397 us
Iteration: 573
Timer Host Based C++ Timer took 399 us
Iteration: 574
Timer Host Based C++ Timer took 400 us
Iteration: 575
Timer Host Based C++ Timer took 400 us
Iteration: 576
Timer Host Based C++ Timer took 397 us
Iteration: 577
Timer Host Based C++ Timer took 398 us
Iteration: 578
Timer Host Based C++ Timer took 399 us
Iteration: 579
Timer Host Based C++ Timer took 399 us
Iteration: 580
Timer Host Based C++ Timer took 396 us
Iteration: 581
Timer Host Based C++ Timer took 398 us
Iteration: 582
Timer Host Based C++ Timer took 400 us
Iteration: 583
Timer Host Based C++ Timer took 399 us
Iteration: 584
Timer Host Based C++ Timer took 402 us
Iteration: 585
Timer Host Based C++ Timer took 399 us
Iteration: 586
Timer Host Based C++ Timer took 399 us
Iteration: 587
Timer Host Based C++ Timer took 400 us
Iteration: 588
Timer Host Based C++ Timer took 399 us
Iteration: 589
Timer Host Based C++ Timer took 398 us
Iteration: 590
Timer Host Based C++ Timer took 400 us
Iteration: 591
Timer Host Based C++ Timer took 401 us
Iteration: 592
Timer Host Based C++ Timer took 398 us
Iteration: 593
Timer Host Based C++ Timer took 399 us
Iteration: 594
Timer Host Based C++ Timer took 400 us
Iteration: 595
Timer Host Based C++ Timer took 400 us
Iteration: 596
Timer Host Based C++ Timer took 399 us
Iteration: 597
Timer Host Based C++ Timer took 401 us
Iteration: 598
Timer Host Based C++ Timer took 400 us
Iteration: 599
Timer Host Based C++ Timer took 398 us
Iteration: 600
Timer Host Based C++ Timer took 404 us
Iteration: 601
Timer Host Based C++ Timer took 396 us
Iteration: 602
Timer Host Based C++ Timer took 397 us
Iteration: 603
Timer Host Based C++ Timer took 398 us
Iteration: 604
Timer Host Based C++ Timer took 397 us
Iteration: 605
Timer Host Based C++ Timer took 397 us
Iteration: 606
Timer Host Based C++ Timer took 397 us
Iteration: 607
Timer Host Based C++ Timer took 409 us
Iteration: 608
Timer Host Based C++ Timer took 398 us
Iteration: 609
Timer Host Based C++ Timer took 397 us
Iteration: 610
Timer Host Based C++ Timer took 401 us
Iteration: 611
Timer Host Based C++ Timer took 398 us
Iteration: 612
Timer Host Based C++ Timer took 396 us
Iteration: 613
Timer Host Based C++ Timer took 397 us
Iteration: 614
Timer Host Based C++ Timer took 402 us
Iteration: 615
Timer Host Based C++ Timer took 397 us
Iteration: 616
Timer Host Based C++ Timer took 396 us
Iteration: 617
Timer Host Based C++ Timer took 399 us
Iteration: 618
Timer Host Based C++ Timer took 397 us
Iteration: 619
Timer Host Based C++ Timer took 397 us
Iteration: 620
Timer Host Based C++ Timer took 398 us
Iteration: 621
Timer Host Based C++ Timer took 398 us
Iteration: 622
Timer Host Based C++ Timer took 395 us
Iteration: 623
Timer Host Based C++ Timer took 395 us
Iteration: 624
Timer Host Based C++ Timer took 396 us
Iteration: 625
Timer Host Based C++ Timer took 398 us
Iteration: 626
Timer Host Based C++ Timer took 396 us
Iteration: 627
Timer Host Based C++ Timer took 397 us
Iteration: 628
Timer Host Based C++ Timer took 392 us
Iteration: 629
Timer Host Based C++ Timer took 396 us
Iteration: 630
Timer Host Based C++ Timer took 397 us
Iteration: 631
Timer Host Based C++ Timer took 397 us
Iteration: 632
Timer Host Based C++ Timer took 397 us
Iteration: 633
Timer Host Based C++ Timer took 397 us
Iteration: 634
Timer Host Based C++ Timer took 395 us
Iteration: 635
Timer Host Based C++ Timer took 390 us
Iteration: 636
Timer Host Based C++ Timer took 395 us
Iteration: 637
Timer Host Based C++ Timer took 395 us
Iteration: 638
Timer Host Based C++ Timer took 400 us
Iteration: 639
Timer Host Based C++ Timer took 397 us
Iteration: 640
Timer Host Based C++ Timer took 393 us
Iteration: 641
Timer Host Based C++ Timer took 398 us
Iteration: 642
Timer Host Based C++ Timer took 440 us
Iteration: 643
Timer Host Based C++ Timer took 397 us
Iteration: 644
Timer Host Based C++ Timer took 400 us
Iteration: 645
Timer Host Based C++ Timer took 395 us
Iteration: 646
Timer Host Based C++ Timer took 397 us
Iteration: 647
Timer Host Based C++ Timer took 394 us
Iteration: 648
Timer Host Based C++ Timer took 394 us
Iteration: 649
Timer Host Based C++ Timer took 392 us
Iteration: 650
Timer Host Based C++ Timer took 395 us
Iteration: 651
Timer Host Based C++ Timer took 394 us
Iteration: 652
Timer Host Based C++ Timer took 393 us
Iteration: 653
Timer Host Based C++ Timer took 399 us
Iteration: 654
Timer Host Based C++ Timer took 398 us
Iteration: 655
Timer Host Based C++ Timer took 392 us
Iteration: 656
Timer Host Based C++ Timer took 396 us
Iteration: 657
Timer Host Based C++ Timer took 395 us
Iteration: 658
Timer Host Based C++ Timer took 396 us
Iteration: 659
Timer Host Based C++ Timer took 395 us
Iteration: 660
Timer Host Based C++ Timer took 396 us
Iteration: 661
Timer Host Based C++ Timer took 395 us
Iteration: 662
Timer Host Based C++ Timer took 396 us
Iteration: 663
Timer Host Based C++ Timer took 394 us
Iteration: 664
Timer Host Based C++ Timer took 395 us
Iteration: 665
Timer Host Based C++ Timer took 397 us
Iteration: 666
Timer Host Based C++ Timer took 393 us
Iteration: 667
Timer Host Based C++ Timer took 393 us
Iteration: 668
Timer Host Based C++ Timer took 396 us
Iteration: 669
Timer Host Based C++ Timer took 397 us
Iteration: 670
Timer Host Based C++ Timer took 403 us
Iteration: 671
Timer Host Based C++ Timer took 398 us
Iteration: 672
Timer Host Based C++ Timer took 396 us
Iteration: 673
Timer Host Based C++ Timer took 398 us
Iteration: 674
Timer Host Based C++ Timer took 398 us
Iteration: 675
Timer Host Based C++ Timer took 391 us
Iteration: 676
Timer Host Based C++ Timer took 393 us
Iteration: 677
Timer Host Based C++ Timer took 399 us
Iteration: 678
Timer Host Based C++ Timer took 400 us
Iteration: 679
Timer Host Based C++ Timer took 396 us
Iteration: 680
Timer Host Based C++ Timer took 398 us
Iteration: 681
Timer Host Based C++ Timer took 398 us
Iteration: 682
Timer Host Based C++ Timer took 398 us
Iteration: 683
Timer Host Based C++ Timer took 397 us
Iteration: 684
Timer Host Based C++ Timer took 397 us
Iteration: 685
Timer Host Based C++ Timer took 396 us
Iteration: 686
Timer Host Based C++ Timer took 393 us
Iteration: 687
Timer Host Based C++ Timer took 399 us
Iteration: 688
Timer Host Based C++ Timer took 396 us
Iteration: 689
Timer Host Based C++ Timer took 395 us
Iteration: 690
Timer Host Based C++ Timer took 398 us
Iteration: 691
Timer Host Based C++ Timer took 393 us
Iteration: 692
Timer Host Based C++ Timer took 395 us
Iteration: 693
Timer Host Based C++ Timer took 397 us
Iteration: 694
Timer Host Based C++ Timer took 397 us
Iteration: 695
Timer Host Based C++ Timer took 395 us
Iteration: 696
Timer Host Based C++ Timer took 393 us
Iteration: 697
Timer Host Based C++ Timer took 397 us
Iteration: 698
Timer Host Based C++ Timer took 395 us
Iteration: 699
Timer Host Based C++ Timer took 399 us
Iteration: 700
Timer Host Based C++ Timer took 397 us
Iteration: 701
Timer Host Based C++ Timer took 395 us
Iteration: 702
Timer Host Based C++ Timer took 395 us
Iteration: 703
Timer Host Based C++ Timer took 396 us
Iteration: 704
Timer Host Based C++ Timer took 393 us
Iteration: 705
Timer Host Based C++ Timer took 393 us
Iteration: 706
Timer Host Based C++ Timer took 395 us
Iteration: 707
Timer Host Based C++ Timer took 396 us
Iteration: 708
Timer Host Based C++ Timer took 395 us
Iteration: 709
Timer Host Based C++ Timer took 397 us
Iteration: 710
Timer Host Based C++ Timer took 392 us
Iteration: 711
Timer Host Based C++ Timer took 393 us
Iteration: 712
Timer Host Based C++ Timer took 395 us
Iteration: 713
Timer Host Based C++ Timer took 395 us
Iteration: 714
Timer Host Based C++ Timer took 398 us
Iteration: 715
Timer Host Based C++ Timer took 398 us
Iteration: 716
Timer Host Based C++ Timer took 398 us
Iteration: 717
Timer Host Based C++ Timer took 400 us
Iteration: 718
Timer Host Based C++ Timer took 398 us
Iteration: 719
Timer Host Based C++ Timer took 397 us
Iteration: 720
Timer Host Based C++ Timer took 394 us
Iteration: 721
Timer Host Based C++ Timer took 403 us
Iteration: 722
Timer Host Based C++ Timer took 398 us
Iteration: 723
Timer Host Based C++ Timer took 395 us
Iteration: 724
Timer Host Based C++ Timer took 394 us
Iteration: 725
Timer Host Based C++ Timer took 395 us
Iteration: 726
Timer Host Based C++ Timer took 396 us
Iteration: 727
Timer Host Based C++ Timer took 397 us
Iteration: 728
Timer Host Based C++ Timer took 393 us
Iteration: 729
Timer Host Based C++ Timer took 396 us
Iteration: 730
Timer Host Based C++ Timer took 396 us
Iteration: 731
Timer Host Based C++ Timer took 947 us
Iteration: 732
Timer Host Based C++ Timer took 394 us
Iteration: 733
Timer Host Based C++ Timer took 395 us
Iteration: 734
Timer Host Based C++ Timer took 397 us
Iteration: 735
Timer Host Based C++ Timer took 396 us
Iteration: 736
Timer Host Based C++ Timer took 393 us
Iteration: 737
Timer Host Based C++ Timer took 397 us
Iteration: 738
Timer Host Based C++ Timer took 397 us
Iteration: 739
Timer Host Based C++ Timer took 396 us
Iteration: 740
Timer Host Based C++ Timer took 396 us
Iteration: 741
Timer Host Based C++ Timer took 395 us
Iteration: 742
Timer Host Based C++ Timer took 397 us
Iteration: 743
Timer Host Based C++ Timer took 395 us
Iteration: 744
Timer Host Based C++ Timer took 394 us
Iteration: 745
Timer Host Based C++ Timer took 394 us
Iteration: 746
Timer Host Based C++ Timer took 394 us
Iteration: 747
Timer Host Based C++ Timer took 398 us
Iteration: 748
Timer Host Based C++ Timer took 392 us
Iteration: 749
Timer Host Based C++ Timer took 395 us
Iteration: 750
Timer Host Based C++ Timer took 395 us
Iteration: 751
Timer Host Based C++ Timer took 392 us
Iteration: 752
Timer Host Based C++ Timer took 395 us
Iteration: 753
Timer Host Based C++ Timer took 394 us
Iteration: 754
Timer Host Based C++ Timer took 396 us
Iteration: 755
Timer Host Based C++ Timer took 394 us
Iteration: 756
Timer Host Based C++ Timer took 394 us
Iteration: 757
Timer Host Based C++ Timer took 397 us
Iteration: 758
Timer Host Based C++ Timer took 395 us
Iteration: 759
Timer Host Based C++ Timer took 396 us
Iteration: 760
Timer Host Based C++ Timer took 397 us
Iteration: 761
Timer Host Based C++ Timer took 389 us
Iteration: 762
Timer Host Based C++ Timer took 393 us
Iteration: 763
Timer Host Based C++ Timer took 395 us
Iteration: 764
Timer Host Based C++ Timer took 399 us
Iteration: 765
Timer Host Based C++ Timer took 394 us
Iteration: 766
Timer Host Based C++ Timer took 395 us
Iteration: 767
Timer Host Based C++ Timer took 397 us
Iteration: 768
Timer Host Based C++ Timer took 398 us
Iteration: 769
Timer Host Based C++ Timer took 396 us
Iteration: 770
Timer Host Based C++ Timer took 399 us
Iteration: 771
Timer Host Based C++ Timer took 398 us
Iteration: 772
Timer Host Based C++ Timer took 393 us
Iteration: 773
Timer Host Based C++ Timer took 392 us
Iteration: 774
Timer Host Based C++ Timer took 396 us
Iteration: 775
Timer Host Based C++ Timer took 392 us
Iteration: 776
Timer Host Based C++ Timer took 397 us
Iteration: 777
Timer Host Based C++ Timer took 394 us
Iteration: 778
Timer Host Based C++ Timer took 397 us
Iteration: 779
Timer Host Based C++ Timer took 397 us
Iteration: 780
Timer Host Based C++ Timer took 392 us
Iteration: 781
Timer Host Based C++ Timer took 396 us
Iteration: 782
Timer Host Based C++ Timer took 396 us
Iteration: 783
Timer Host Based C++ Timer took 393 us
Iteration: 784
Timer Host Based C++ Timer took 397 us
Iteration: 785
Timer Host Based C++ Timer took 395 us
Iteration: 786
Timer Host Based C++ Timer took 397 us
Iteration: 787
Timer Host Based C++ Timer took 395 us
Iteration: 788
Timer Host Based C++ Timer took 396 us
Iteration: 789
Timer Host Based C++ Timer took 393 us
Iteration: 790
Timer Host Based C++ Timer took 395 us
Iteration: 791
Timer Host Based C++ Timer took 394 us
Iteration: 792
Timer Host Based C++ Timer took 393 us
Iteration: 793
Timer Host Based C++ Timer took 396 us
Iteration: 794
Timer Host Based C++ Timer took 397 us
Iteration: 795
Timer Host Based C++ Timer took 394 us
Iteration: 796
Timer Host Based C++ Timer took 395 us
Iteration: 797
Timer Host Based C++ Timer took 398 us
Iteration: 798
Timer Host Based C++ Timer took 394 us
Iteration: 799
Timer Host Based C++ Timer took 397 us
Iteration: 800
Timer Host Based C++ Timer took 396 us
Iteration: 801
Timer Host Based C++ Timer took 395 us
Iteration: 802
Timer Host Based C++ Timer took 393 us
Iteration: 803
Timer Host Based C++ Timer took 396 us
Iteration: 804
Timer Host Based C++ Timer took 395 us
Iteration: 805
Timer Host Based C++ Timer took 394 us
Iteration: 806
Timer Host Based C++ Timer took 394 us
Iteration: 807
Timer Host Based C++ Timer took 393 us
Iteration: 808
Timer Host Based C++ Timer took 394 us
Iteration: 809
Timer Host Based C++ Timer took 398 us
Iteration: 810
Timer Host Based C++ Timer took 391 us
Iteration: 811
Timer Host Based C++ Timer took 394 us
Iteration: 812
Timer Host Based C++ Timer took 395 us
Iteration: 813
Timer Host Based C++ Timer took 400 us
Iteration: 814
Timer Host Based C++ Timer took 393 us
Iteration: 815
Timer Host Based C++ Timer took 395 us
Iteration: 816
Timer Host Based C++ Timer took 396 us
Iteration: 817
Timer Host Based C++ Timer took 396 us
Iteration: 818
Timer Host Based C++ Timer took 398 us
Iteration: 819
Timer Host Based C++ Timer took 395 us
Iteration: 820
Timer Host Based C++ Timer took 393 us
Iteration: 821
Timer Host Based C++ Timer took 395 us
Iteration: 822
Timer Host Based C++ Timer took 392 us
Iteration: 823
Timer Host Based C++ Timer took 398 us
Iteration: 824
Timer Host Based C++ Timer took 396 us
Iteration: 825
Timer Host Based C++ Timer took 395 us
Iteration: 826
Timer Host Based C++ Timer took 397 us
Iteration: 827
Timer Host Based C++ Timer took 394 us
Iteration: 828
Timer Host Based C++ Timer took 397 us
Iteration: 829
Timer Host Based C++ Timer took 402 us
Iteration: 830
Timer Host Based C++ Timer took 397 us
Iteration: 831
Timer Host Based C++ Timer took 398 us
Iteration: 832
Timer Host Based C++ Timer took 398 us
Iteration: 833
Timer Host Based C++ Timer took 392 us
Iteration: 834
Timer Host Based C++ Timer took 394 us
Iteration: 835
Timer Host Based C++ Timer took 394 us
Iteration: 836
Timer Host Based C++ Timer took 395 us
Iteration: 837
Timer Host Based C++ Timer took 393 us
Iteration: 838
Timer Host Based C++ Timer took 400 us
Iteration: 839
Timer Host Based C++ Timer took 397 us
Iteration: 840
Timer Host Based C++ Timer took 395 us
Iteration: 841
Timer Host Based C++ Timer took 395 us
Iteration: 842
Timer Host Based C++ Timer took 399 us
Iteration: 843
Timer Host Based C++ Timer took 397 us
Iteration: 844
Timer Host Based C++ Timer took 397 us
Iteration: 845
Timer Host Based C++ Timer took 404 us
Iteration: 846
Timer Host Based C++ Timer took 404 us
Iteration: 847
Timer Host Based C++ Timer took 399 us
Iteration: 848
Timer Host Based C++ Timer took 401 us
Iteration: 849
Timer Host Based C++ Timer took 398 us
Iteration: 850
Timer Host Based C++ Timer took 402 us
Iteration: 851
Timer Host Based C++ Timer took 398 us
Iteration: 852
Timer Host Based C++ Timer took 397 us
Iteration: 853
Timer Host Based C++ Timer took 397 us
Iteration: 854
Timer Host Based C++ Timer took 397 us
Iteration: 855
Timer Host Based C++ Timer took 397 us
Iteration: 856
Timer Host Based C++ Timer took 400 us
Iteration: 857
Timer Host Based C++ Timer took 402 us
Iteration: 858
Timer Host Based C++ Timer took 398 us
Iteration: 859
Timer Host Based C++ Timer took 396 us
Iteration: 860
Timer Host Based C++ Timer took 397 us
Iteration: 861
Timer Host Based C++ Timer took 398 us
Iteration: 862
Timer Host Based C++ Timer took 400 us
Iteration: 863
Timer Host Based C++ Timer took 400 us
Iteration: 864
Timer Host Based C++ Timer took 395 us
Iteration: 865
Timer Host Based C++ Timer took 395 us
Iteration: 866
Timer Host Based C++ Timer took 398 us
Iteration: 867
Timer Host Based C++ Timer took 396 us
Iteration: 868
Timer Host Based C++ Timer took 398 us
Iteration: 869
Timer Host Based C++ Timer took 397 us
Iteration: 870
Timer Host Based C++ Timer took 400 us
Iteration: 871
Timer Host Based C++ Timer took 400 us
Iteration: 872
Timer Host Based C++ Timer took 395 us
Iteration: 873
Timer Host Based C++ Timer took 395 us
Iteration: 874
Timer Host Based C++ Timer took 397 us
Iteration: 875
Timer Host Based C++ Timer took 395 us
Iteration: 876
Timer Host Based C++ Timer took 399 us
Iteration: 877
Timer Host Based C++ Timer took 399 us
Iteration: 878
Timer Host Based C++ Timer took 399 us
Iteration: 879
Timer Host Based C++ Timer took 397 us
Iteration: 880
Timer Host Based C++ Timer took 396 us
Iteration: 881
Timer Host Based C++ Timer took 398 us
Iteration: 882
Timer Host Based C++ Timer took 399 us
Iteration: 883
Timer Host Based C++ Timer took 396 us
Iteration: 884
Timer Host Based C++ Timer took 400 us
Iteration: 885
Timer Host Based C++ Timer took 400 us
Iteration: 886
Timer Host Based C++ Timer took 409 us
Iteration: 887
Timer Host Based C++ Timer took 401 us
Iteration: 888
Timer Host Based C++ Timer took 398 us
Iteration: 889
Timer Host Based C++ Timer took 404 us
Iteration: 890
Timer Host Based C++ Timer took 395 us
Iteration: 891
Timer Host Based C++ Timer took 401 us
Iteration: 892
Timer Host Based C++ Timer took 397 us
Iteration: 893
Timer Host Based C++ Timer took 403 us
Iteration: 894
Timer Host Based C++ Timer took 399 us
Iteration: 895
Timer Host Based C++ Timer took 398 us
Iteration: 896
Timer Host Based C++ Timer took 397 us
Iteration: 897
Timer Host Based C++ Timer took 402 us
Iteration: 898
Timer Host Based C++ Timer took 399 us
Iteration: 899
Timer Host Based C++ Timer took 398 us
Iteration: 900
Timer Host Based C++ Timer took 399 us
Iteration: 901
Timer Host Based C++ Timer took 403 us
Iteration: 902
Timer Host Based C++ Timer took 399 us
Iteration: 903
Timer Host Based C++ Timer took 398 us
Iteration: 904
Timer Host Based C++ Timer took 400 us
Iteration: 905
Timer Host Based C++ Timer took 397 us
Iteration: 906
Timer Host Based C++ Timer took 396 us
Iteration: 907
Timer Host Based C++ Timer took 397 us
Iteration: 908
Timer Host Based C++ Timer took 397 us
Iteration: 909
Timer Host Based C++ Timer took 399 us
Iteration: 910
Timer Host Based C++ Timer took 396 us
Iteration: 911
Timer Host Based C++ Timer took 399 us
Iteration: 912
Timer Host Based C++ Timer took 399 us
Iteration: 913
Timer Host Based C++ Timer took 397 us
Iteration: 914
Timer Host Based C++ Timer took 399 us
Iteration: 915
Timer Host Based C++ Timer took 398 us
Iteration: 916
Timer Host Based C++ Timer took 397 us
Iteration: 917
Timer Host Based C++ Timer took 399 us
Iteration: 918
Timer Host Based C++ Timer took 398 us
Iteration: 919
Timer Host Based C++ Timer took 400 us
Iteration: 920
Timer Host Based C++ Timer took 397 us
Iteration: 921
Timer Host Based C++ Timer took 403 us
Iteration: 922
Timer Host Based C++ Timer took 396 us
Iteration: 923
Timer Host Based C++ Timer took 400 us
Iteration: 924
Timer Host Based C++ Timer took 398 us
Iteration: 925
Timer Host Based C++ Timer took 396 us
Iteration: 926
Timer Host Based C++ Timer took 398 us
Iteration: 927
Timer Host Based C++ Timer took 392 us
Iteration: 928
Timer Host Based C++ Timer took 394 us
Iteration: 929
Timer Host Based C++ Timer took 400 us
Iteration: 930
Timer Host Based C++ Timer took 398 us
Iteration: 931
Timer Host Based C++ Timer took 400 us
Iteration: 932
Timer Host Based C++ Timer took 395 us
Iteration: 933
Timer Host Based C++ Timer took 393 us
Iteration: 934
Timer Host Based C++ Timer took 396 us
Iteration: 935
Timer Host Based C++ Timer took 397 us
Iteration: 936
Timer Host Based C++ Timer took 396 us
Iteration: 937
Timer Host Based C++ Timer took 400 us
Iteration: 938
Timer Host Based C++ Timer took 396 us
Iteration: 939
Timer Host Based C++ Timer took 394 us
Iteration: 940
Timer Host Based C++ Timer took 402 us
Iteration: 941
Timer Host Based C++ Timer took 392 us
Iteration: 942
Timer Host Based C++ Timer took 396 us
Iteration: 943
Timer Host Based C++ Timer took 397 us
Iteration: 944
Timer Host Based C++ Timer took 398 us
Iteration: 945
Timer Host Based C++ Timer took 400 us
Iteration: 946
Timer Host Based C++ Timer took 399 us
Iteration: 947
Timer Host Based C++ Timer took 400 us
Iteration: 948
Timer Host Based C++ Timer took 395 us
Iteration: 949
Timer Host Based C++ Timer took 397 us
Iteration: 950
Timer Host Based C++ Timer took 398 us
Iteration: 951
Timer Host Based C++ Timer took 397 us
Iteration: 952
Timer Host Based C++ Timer took 398 us
Iteration: 953
Timer Host Based C++ Timer took 396 us
Iteration: 954
Timer Host Based C++ Timer took 398 us
Iteration: 955
Timer Host Based C++ Timer took 398 us
Iteration: 956
Timer Host Based C++ Timer took 400 us
Iteration: 957
Timer Host Based C++ Timer took 395 us
Iteration: 958
Timer Host Based C++ Timer took 395 us
Iteration: 959
Timer Host Based C++ Timer took 401 us
Iteration: 960
Timer Host Based C++ Timer took 396 us
Iteration: 961
Timer Host Based C++ Timer took 397 us
Iteration: 962
Timer Host Based C++ Timer took 398 us
Iteration: 963
Timer Host Based C++ Timer took 398 us
Iteration: 964
Timer Host Based C++ Timer took 398 us
Iteration: 965
Timer Host Based C++ Timer took 394 us
Iteration: 966
Timer Host Based C++ Timer took 399 us
Iteration: 967
Timer Host Based C++ Timer took 401 us
Iteration: 968
Timer Host Based C++ Timer took 399 us
Iteration: 969
Timer Host Based C++ Timer took 395 us
Iteration: 970
Timer Host Based C++ Timer took 432 us
Iteration: 971
Timer Host Based C++ Timer took 414 us
Iteration: 972
Timer Host Based C++ Timer took 411 us
Iteration: 973
Timer Host Based C++ Timer took 411 us
Iteration: 974
Timer Host Based C++ Timer took 394 us
Iteration: 975
Timer Host Based C++ Timer took 396 us
Iteration: 976
Timer Host Based C++ Timer took 396 us
Iteration: 977
Timer Host Based C++ Timer took 398 us
Iteration: 978
Timer Host Based C++ Timer took 396 us
Iteration: 979
Timer Host Based C++ Timer took 400 us
Iteration: 980
Timer Host Based C++ Timer took 401 us
Iteration: 981
Timer Host Based C++ Timer took 393 us
Iteration: 982
Timer Host Based C++ Timer took 392 us
Iteration: 983
Timer Host Based C++ Timer took 395 us
Iteration: 984
Timer Host Based C++ Timer took 393 us
Iteration: 985
Timer Host Based C++ Timer took 395 us
Iteration: 986
Timer Host Based C++ Timer took 395 us
Iteration: 987
Timer Host Based C++ Timer took 396 us
Iteration: 988
Timer Host Based C++ Timer took 396 us
Iteration: 989
Timer Host Based C++ Timer took 395 us
Iteration: 990
Timer Host Based C++ Timer took 394 us
Iteration: 991
Timer Host Based C++ Timer took 395 us
Iteration: 992
Timer Host Based C++ Timer took 395 us
Iteration: 993
Timer Host Based C++ Timer took 392 us
Iteration: 994
Timer Host Based C++ Timer took 398 us
Iteration: 995
Timer Host Based C++ Timer took 396 us
Iteration: 996
Timer Host Based C++ Timer took 395 us
Iteration: 997
Timer Host Based C++ Timer took 395 us
Iteration: 998
Timer Host Based C++ Timer took 395 us
Iteration: 999
Timer Host Based C++ Timer took 397 us
Step 1 done.
Writing to: "/capstor/scratch/cscs/ybudanaz/icon-artifacts/velocity/gotwant/data_nproma20480/global_data_1.got"
Writing to: "/capstor/scratch/cscs/ybudanaz/icon-artifacts/velocity/gotwant/data_nproma20480/global_data_1.want"
Writing to: "/capstor/scratch/cscs/ybudanaz/icon-artifacts/velocity/gotwant/data_nproma20480/p_diag_1.got"
Writing to: "/capstor/scratch/cscs/ybudanaz/icon-artifacts/velocity/gotwant/data_nproma20480/p_diag_1.want"
Writing to: "/capstor/scratch/cscs/ybudanaz/icon-artifacts/velocity/gotwant/data_nproma20480/p_metrics_1.got"
Writing to: "/capstor/scratch/cscs/ybudanaz/icon-artifacts/velocity/gotwant/data_nproma20480/p_metrics_1.want"
Writing to: "/capstor/scratch/cscs/ybudanaz/icon-artifacts/velocity/gotwant/data_nproma20480/p_prog_1.got"
Writing to: "/capstor/scratch/cscs/ybudanaz/icon-artifacts/velocity/gotwant/data_nproma20480/p_prog_1.want"
Writing to: "/capstor/scratch/cscs/ybudanaz/icon-artifacts/velocity/gotwant/data_nproma20480/z_kin_hor_e_1.got"
Writing to: "/capstor/scratch/cscs/ybudanaz/icon-artifacts/velocity/gotwant/data_nproma20480/z_vt_ie_1.got"
Writing to: "/capstor/scratch/cscs/ybudanaz/icon-artifacts/velocity/gotwant/data_nproma20480/z_kin_hor_e_1.want"
Writing to: "/capstor/scratch/cscs/ybudanaz/icon-artifacts/velocity/gotwant/data_nproma20480/z_w_concorr_me_1.got"
Writing to: "/capstor/scratch/cscs/ybudanaz/icon-artifacts/velocity/gotwant/data_nproma20480/z_vt_ie_1.want"
Writing to: "/capstor/scratch/cscs/ybudanaz/icon-artifacts/velocity/gotwant/data_nproma20480/z_w_concorr_me_1.want"
Reading from: "data_nproma20480/global_data.t1.2.data"
Reading from: "data_nproma20480/p_int.2.data"
Reading from: "data_nproma20480/p_patch.2.data"
Reading from: "data_nproma20480/global_data.t0.2.data"
Reading from: "data_nproma20480/p_diag.t0.2.data"
Reading from: "data_nproma20480/p_diag.t1.2.data"
Reading from: "data_nproma20480/z_vt_ie.t0.2.data"
Reading from: "data_nproma20480/istep.2.data"
Reading from: "data_nproma20480/p_metrics.t1.2.data"
Reading from: "data_nproma20480/z_kin_hor_e.t1.2.data"
Reading from: "data_nproma20480/z_kin_hor_e.t0.2.data"
Reading from: "data_nproma20480/p_metrics.t0.2.data"
Reading from: "data_nproma20480/p_prog.t0.2.data"
Reading from: "data_nproma20480/z_vt_ie.t1.2.data"
Reading from: "data_nproma20480/ldeepatmo.2.data"
Reading from: "data_nproma20480/lvn_only.2.data"
Reading from: "data_nproma20480/p_prog.t1.2.data"
Reading from: "data_nproma20480/z_w_concorr_me.t0.2.data"
Reading from: "data_nproma20480/ntnd.2.data"
Reading from: "data_nproma20480/z_w_concorr_me.t1.2.data"
Reading from: "data_nproma20480/dt_linintp_ubc.2.data"
Reading from: "data_nproma20480/dtime.2.data"
Step 2 variables, extra_diffu: 1, istep: 2, lvn_only: 0, ldeepatmo: 0
Iteration: 0
Timer Host Based C++ Timer took 894 us
Iteration: 1
Timer Host Based C++ Timer took 313 us
Iteration: 2
Timer Host Based C++ Timer took 313 us
Iteration: 3
Timer Host Based C++ Timer took 314 us
Iteration: 4
Timer Host Based C++ Timer took 318 us
Iteration: 5
Timer Host Based C++ Timer took 316 us
Iteration: 6
Timer Host Based C++ Timer took 316 us
Iteration: 7
Timer Host Based C++ Timer took 311 us
Iteration: 8
Timer Host Based C++ Timer took 313 us
Iteration: 9
Timer Host Based C++ Timer took 316 us
Iteration: 10
Timer Host Based C++ Timer took 312 us
Iteration: 11
Timer Host Based C++ Timer took 313 us
Iteration: 12
Timer Host Based C++ Timer took 314 us
Iteration: 13
Timer Host Based C++ Timer took 313 us
Iteration: 14
Timer Host Based C++ Timer took 309 us
Iteration: 15
Timer Host Based C++ Timer took 314 us
Iteration: 16
Timer Host Based C++ Timer took 314 us
Iteration: 17
Timer Host Based C++ Timer took 308 us
Iteration: 18
Timer Host Based C++ Timer took 309 us
Iteration: 19
Timer Host Based C++ Timer took 314 us
Iteration: 20
Timer Host Based C++ Timer took 299 us
Iteration: 21
Timer Host Based C++ Timer took 312 us
Iteration: 22
Timer Host Based C++ Timer took 312 us
Iteration: 23
Timer Host Based C++ Timer took 317 us
Iteration: 24
Timer Host Based C++ Timer took 304 us
Iteration: 25
Timer Host Based C++ Timer took 314 us
Iteration: 26
Timer Host Based C++ Timer took 311 us
Iteration: 27
Timer Host Based C++ Timer took 307 us
Iteration: 28
Timer Host Based C++ Timer took 312 us
Iteration: 29
Timer Host Based C++ Timer took 307 us
Iteration: 30
Timer Host Based C++ Timer took 310 us
Iteration: 31
Timer Host Based C++ Timer took 311 us
Iteration: 32
Timer Host Based C++ Timer took 310 us
Iteration: 33
Timer Host Based C++ Timer took 311 us
Iteration: 34
Timer Host Based C++ Timer took 322 us
Iteration: 35
Timer Host Based C++ Timer took 303 us
Iteration: 36
Timer Host Based C++ Timer took 305 us
Iteration: 37
Timer Host Based C++ Timer took 306 us
Iteration: 38
Timer Host Based C++ Timer took 299 us
Iteration: 39
Timer Host Based C++ Timer took 304 us
Iteration: 40
Timer Host Based C++ Timer took 307 us
Iteration: 41
Timer Host Based C++ Timer took 310 us
Iteration: 42
Timer Host Based C++ Timer took 306 us
Iteration: 43
Timer Host Based C++ Timer took 304 us
Iteration: 44
Timer Host Based C++ Timer took 304 us
Iteration: 45
Timer Host Based C++ Timer took 305 us
Iteration: 46
Timer Host Based C++ Timer took 307 us
Iteration: 47
Timer Host Based C++ Timer took 298 us
Iteration: 48
Timer Host Based C++ Timer took 309 us
Iteration: 49
Timer Host Based C++ Timer took 308 us
Iteration: 50
Timer Host Based C++ Timer took 305 us
Iteration: 51
Timer Host Based C++ Timer took 301 us
Iteration: 52
Timer Host Based C++ Timer took 303 us
Iteration: 53
Timer Host Based C++ Timer took 307 us
Iteration: 54
Timer Host Based C++ Timer took 300 us
Iteration: 55
Timer Host Based C++ Timer took 309 us
Iteration: 56
Timer Host Based C++ Timer took 302 us
Iteration: 57
Timer Host Based C++ Timer took 308 us
Iteration: 58
Timer Host Based C++ Timer took 310 us
Iteration: 59
Timer Host Based C++ Timer took 302 us
Iteration: 60
Timer Host Based C++ Timer took 304 us
Iteration: 61
Timer Host Based C++ Timer took 304 us
Iteration: 62
Timer Host Based C++ Timer took 308 us
Iteration: 63
Timer Host Based C++ Timer took 306 us
Iteration: 64
Timer Host Based C++ Timer took 306 us
Iteration: 65
Timer Host Based C++ Timer took 306 us
Iteration: 66
Timer Host Based C++ Timer took 303 us
Iteration: 67
Timer Host Based C++ Timer took 301 us
Iteration: 68
Timer Host Based C++ Timer took 300 us
Iteration: 69
Timer Host Based C++ Timer took 299 us
Iteration: 70
Timer Host Based C++ Timer took 302 us
Iteration: 71
Timer Host Based C++ Timer took 300 us
Iteration: 72
Timer Host Based C++ Timer took 306 us
Iteration: 73
Timer Host Based C++ Timer took 303 us
Iteration: 74
Timer Host Based C++ Timer took 303 us
Iteration: 75
Timer Host Based C++ Timer took 301 us
Iteration: 76
Timer Host Based C++ Timer took 300 us
Iteration: 77
Timer Host Based C++ Timer took 307 us
Iteration: 78
Timer Host Based C++ Timer took 303 us
Iteration: 79
Timer Host Based C++ Timer took 303 us
Iteration: 80
Timer Host Based C++ Timer took 302 us
Iteration: 81
Timer Host Based C++ Timer took 308 us
Iteration: 82
Timer Host Based C++ Timer took 309 us
Iteration: 83
Timer Host Based C++ Timer took 304 us
Iteration: 84
Timer Host Based C++ Timer took 298 us
Iteration: 85
Timer Host Based C++ Timer took 305 us
Iteration: 86
Timer Host Based C++ Timer took 307 us
Iteration: 87
Timer Host Based C++ Timer took 305 us
Iteration: 88
Timer Host Based C++ Timer took 304 us
Iteration: 89
Timer Host Based C++ Timer took 302 us
Iteration: 90
Timer Host Based C++ Timer took 303 us
Iteration: 91
Timer Host Based C++ Timer took 303 us
Iteration: 92
Timer Host Based C++ Timer took 305 us
Iteration: 93
Timer Host Based C++ Timer took 303 us
Iteration: 94
Timer Host Based C++ Timer took 310 us
Iteration: 95
Timer Host Based C++ Timer took 305 us
Iteration: 96
Timer Host Based C++ Timer took 301 us
Iteration: 97
Timer Host Based C++ Timer took 306 us
Iteration: 98
Timer Host Based C++ Timer took 305 us
Iteration: 99
Timer Host Based C++ Timer took 305 us
Iteration: 100
Timer Host Based C++ Timer took 309 us
Iteration: 101
Timer Host Based C++ Timer took 306 us
Iteration: 102
Timer Host Based C++ Timer took 307 us
Iteration: 103
Timer Host Based C++ Timer took 306 us
Iteration: 104
Timer Host Based C++ Timer took 298 us
Iteration: 105
Timer Host Based C++ Timer took 306 us
Iteration: 106
Timer Host Based C++ Timer took 307 us
Iteration: 107
Timer Host Based C++ Timer took 303 us
Iteration: 108
Timer Host Based C++ Timer took 302 us
Iteration: 109
Timer Host Based C++ Timer took 303 us
Iteration: 110
Timer Host Based C++ Timer took 306 us
Iteration: 111
Timer Host Based C++ Timer took 301 us
Iteration: 112
Timer Host Based C++ Timer took 304 us
Iteration: 113
Timer Host Based C++ Timer took 297 us
Iteration: 114
Timer Host Based C++ Timer took 299 us
Iteration: 115
Timer Host Based C++ Timer took 301 us
Iteration: 116
Timer Host Based C++ Timer took 307 us
Iteration: 117
Timer Host Based C++ Timer took 301 us
Iteration: 118
Timer Host Based C++ Timer took 301 us
Iteration: 119
Timer Host Based C++ Timer took 300 us
Iteration: 120
Timer Host Based C++ Timer took 306 us
Iteration: 121
Timer Host Based C++ Timer took 303 us
Iteration: 122
Timer Host Based C++ Timer took 297 us
Iteration: 123
Timer Host Based C++ Timer took 301 us
Iteration: 124
Timer Host Based C++ Timer took 298 us
Iteration: 125
Timer Host Based C++ Timer took 301 us
Iteration: 126
Timer Host Based C++ Timer took 300 us
Iteration: 127
Timer Host Based C++ Timer took 295 us
Iteration: 128
Timer Host Based C++ Timer took 301 us
Iteration: 129
Timer Host Based C++ Timer took 297 us
Iteration: 130
Timer Host Based C++ Timer took 301 us
Iteration: 131
Timer Host Based C++ Timer took 301 us
Iteration: 132
Timer Host Based C++ Timer took 302 us
Iteration: 133
Timer Host Based C++ Timer took 302 us
Iteration: 134
Timer Host Based C++ Timer took 301 us
Iteration: 135
Timer Host Based C++ Timer took 300 us
Iteration: 136
Timer Host Based C++ Timer took 304 us
Iteration: 137
Timer Host Based C++ Timer took 300 us
Iteration: 138
Timer Host Based C++ Timer took 298 us
Iteration: 139
Timer Host Based C++ Timer took 300 us
Iteration: 140
Timer Host Based C++ Timer took 302 us
Iteration: 141
Timer Host Based C++ Timer took 302 us
Iteration: 142
Timer Host Based C++ Timer took 301 us
Iteration: 143
Timer Host Based C++ Timer took 300 us
Iteration: 144
Timer Host Based C++ Timer took 300 us
Iteration: 145
Timer Host Based C++ Timer took 302 us
Iteration: 146
Timer Host Based C++ Timer took 297 us
Iteration: 147
Timer Host Based C++ Timer took 299 us
Iteration: 148
Timer Host Based C++ Timer took 294 us
Iteration: 149
Timer Host Based C++ Timer took 303 us
Iteration: 150
Timer Host Based C++ Timer took 294 us
Iteration: 151
Timer Host Based C++ Timer took 338 us
Iteration: 152
Timer Host Based C++ Timer took 289 us
Iteration: 153
Timer Host Based C++ Timer took 290 us
Iteration: 154
Timer Host Based C++ Timer took 290 us
Iteration: 155
Timer Host Based C++ Timer took 290 us
Iteration: 156
Timer Host Based C++ Timer took 290 us
Iteration: 157
Timer Host Based C++ Timer took 290 us
Iteration: 158
Timer Host Based C++ Timer took 289 us
Iteration: 159
Timer Host Based C++ Timer took 288 us
Iteration: 160
Timer Host Based C++ Timer took 287 us
Iteration: 161
Timer Host Based C++ Timer took 291 us
Iteration: 162
Timer Host Based C++ Timer took 296 us
Iteration: 163
Timer Host Based C++ Timer took 293 us
Iteration: 164
Timer Host Based C++ Timer took 293 us
Iteration: 165
Timer Host Based C++ Timer took 291 us
Iteration: 166
Timer Host Based C++ Timer took 292 us
Iteration: 167
Timer Host Based C++ Timer took 291 us
Iteration: 168
Timer Host Based C++ Timer took 296 us
Iteration: 169
Timer Host Based C++ Timer took 294 us
Iteration: 170
Timer Host Based C++ Timer took 294 us
Iteration: 171
Timer Host Based C++ Timer took 292 us
Iteration: 172
Timer Host Based C++ Timer took 293 us
Iteration: 173
Timer Host Based C++ Timer took 294 us
Iteration: 174
Timer Host Based C++ Timer took 296 us
Iteration: 175
Timer Host Based C++ Timer took 290 us
Iteration: 176
Timer Host Based C++ Timer took 287 us
Iteration: 177
Timer Host Based C++ Timer took 294 us
Iteration: 178
Timer Host Based C++ Timer took 294 us
Iteration: 179
Timer Host Based C++ Timer took 293 us
Iteration: 180
Timer Host Based C++ Timer took 289 us
Iteration: 181
Timer Host Based C++ Timer took 293 us
Iteration: 182
Timer Host Based C++ Timer took 293 us
Iteration: 183
Timer Host Based C++ Timer took 289 us
Iteration: 184
Timer Host Based C++ Timer took 288 us
Iteration: 185
Timer Host Based C++ Timer took 287 us
Iteration: 186
Timer Host Based C++ Timer took 294 us
Iteration: 187
Timer Host Based C++ Timer took 289 us
Iteration: 188
Timer Host Based C++ Timer took 293 us
Iteration: 189
Timer Host Based C++ Timer took 285 us
Iteration: 190
Timer Host Based C++ Timer took 292 us
Iteration: 191
Timer Host Based C++ Timer took 290 us
Iteration: 192
Timer Host Based C++ Timer took 294 us
Iteration: 193
Timer Host Based C++ Timer took 294 us
Iteration: 194
Timer Host Based C++ Timer took 293 us
Iteration: 195
Timer Host Based C++ Timer took 292 us
Iteration: 196
Timer Host Based C++ Timer took 290 us
Iteration: 197
Timer Host Based C++ Timer took 290 us
Iteration: 198
Timer Host Based C++ Timer took 291 us
Iteration: 199
Timer Host Based C++ Timer took 289 us
Iteration: 200
Timer Host Based C++ Timer took 292 us
Iteration: 201
Timer Host Based C++ Timer took 299 us
Iteration: 202
Timer Host Based C++ Timer took 300 us
Iteration: 203
Timer Host Based C++ Timer took 296 us
Iteration: 204
Timer Host Based C++ Timer took 299 us
Iteration: 205
Timer Host Based C++ Timer took 297 us
Iteration: 206
Timer Host Based C++ Timer took 293 us
Iteration: 207
Timer Host Based C++ Timer took 291 us
Iteration: 208
Timer Host Based C++ Timer took 293 us
Iteration: 209
Timer Host Based C++ Timer took 296 us
Iteration: 210
Timer Host Based C++ Timer took 301 us
Iteration: 211
Timer Host Based C++ Timer took 295 us
Iteration: 212
Timer Host Based C++ Timer took 293 us
Iteration: 213
Timer Host Based C++ Timer took 296 us
Iteration: 214
Timer Host Based C++ Timer took 302 us
Iteration: 215
Timer Host Based C++ Timer took 290 us
Iteration: 216
Timer Host Based C++ Timer took 296 us
Iteration: 217
Timer Host Based C++ Timer took 293 us
Iteration: 218
Timer Host Based C++ Timer took 301 us
Iteration: 219
Timer Host Based C++ Timer took 292 us
Iteration: 220
Timer Host Based C++ Timer took 296 us
Iteration: 221
Timer Host Based C++ Timer took 297 us
Iteration: 222
Timer Host Based C++ Timer took 297 us
Iteration: 223
Timer Host Based C++ Timer took 299 us
Iteration: 224
Timer Host Based C++ Timer took 301 us
Iteration: 225
Timer Host Based C++ Timer took 295 us
Iteration: 226
Timer Host Based C++ Timer took 296 us
Iteration: 227
Timer Host Based C++ Timer took 305 us
Iteration: 228
Timer Host Based C++ Timer took 295 us
Iteration: 229
Timer Host Based C++ Timer took 294 us
Iteration: 230
Timer Host Based C++ Timer took 295 us
Iteration: 231
Timer Host Based C++ Timer took 295 us
Iteration: 232
Timer Host Based C++ Timer took 301 us
Iteration: 233
Timer Host Based C++ Timer took 291 us
Iteration: 234
Timer Host Based C++ Timer took 298 us
Iteration: 235
Timer Host Based C++ Timer took 299 us
Iteration: 236
Timer Host Based C++ Timer took 297 us
Iteration: 237
Timer Host Based C++ Timer took 296 us
Iteration: 238
Timer Host Based C++ Timer took 293 us
Iteration: 239
Timer Host Based C++ Timer took 297 us
Iteration: 240
Timer Host Based C++ Timer took 294 us
Iteration: 241
Timer Host Based C++ Timer took 295 us
Iteration: 242
Timer Host Based C++ Timer took 295 us
Iteration: 243
Timer Host Based C++ Timer took 293 us
Iteration: 244
Timer Host Based C++ Timer took 294 us
Iteration: 245
Timer Host Based C++ Timer took 293 us
Iteration: 246
Timer Host Based C++ Timer took 297 us
Iteration: 247
Timer Host Based C++ Timer took 295 us
Iteration: 248
Timer Host Based C++ Timer took 286 us
Iteration: 249
Timer Host Based C++ Timer took 288 us
Iteration: 250
Timer Host Based C++ Timer took 294 us
Iteration: 251
Timer Host Based C++ Timer took 284 us
Iteration: 252
Timer Host Based C++ Timer took 287 us
Iteration: 253
Timer Host Based C++ Timer took 294 us
Iteration: 254
Timer Host Based C++ Timer took 292 us
Iteration: 255
Timer Host Based C++ Timer took 286 us
Iteration: 256
Timer Host Based C++ Timer took 289 us
Iteration: 257
Timer Host Based C++ Timer took 292 us
Iteration: 258
Timer Host Based C++ Timer took 286 us
Iteration: 259
Timer Host Based C++ Timer took 290 us
Iteration: 260
Timer Host Based C++ Timer took 285 us
Iteration: 261
Timer Host Based C++ Timer took 286 us
Iteration: 262
Timer Host Based C++ Timer took 291 us
Iteration: 263
Timer Host Based C++ Timer took 285 us
Iteration: 264
Timer Host Based C++ Timer took 290 us
Iteration: 265
Timer Host Based C++ Timer took 288 us
Iteration: 266
Timer Host Based C++ Timer took 290 us
Iteration: 267
Timer Host Based C++ Timer took 288 us
Iteration: 268
Timer Host Based C++ Timer took 286 us
Iteration: 269
Timer Host Based C++ Timer took 292 us
Iteration: 270
Timer Host Based C++ Timer took 295 us
Iteration: 271
Timer Host Based C++ Timer took 289 us
Iteration: 272
Timer Host Based C++ Timer took 289 us
Iteration: 273
Timer Host Based C++ Timer took 286 us
Iteration: 274
Timer Host Based C++ Timer took 288 us
Iteration: 275
Timer Host Based C++ Timer took 290 us
Iteration: 276
Timer Host Based C++ Timer took 287 us
Iteration: 277
Timer Host Based C++ Timer took 288 us
Iteration: 278
Timer Host Based C++ Timer took 286 us
Iteration: 279
Timer Host Based C++ Timer took 288 us
Iteration: 280
Timer Host Based C++ Timer took 292 us
Iteration: 281
Timer Host Based C++ Timer took 292 us
Iteration: 282
Timer Host Based C++ Timer took 292 us
Iteration: 283
Timer Host Based C++ Timer took 288 us
Iteration: 284
Timer Host Based C++ Timer took 291 us
Iteration: 285
Timer Host Based C++ Timer took 286 us
Iteration: 286
Timer Host Based C++ Timer took 291 us
Iteration: 287
Timer Host Based C++ Timer took 288 us
Iteration: 288
Timer Host Based C++ Timer took 288 us
Iteration: 289
Timer Host Based C++ Timer took 285 us
Iteration: 290
Timer Host Based C++ Timer took 285 us
Iteration: 291
Timer Host Based C++ Timer took 289 us
Iteration: 292
Timer Host Based C++ Timer took 291 us
Iteration: 293
Timer Host Based C++ Timer took 292 us
Iteration: 294
Timer Host Based C++ Timer took 291 us
Iteration: 295
Timer Host Based C++ Timer took 286 us
Iteration: 296
Timer Host Based C++ Timer took 286 us
Iteration: 297
Timer Host Based C++ Timer took 288 us
Iteration: 298
Timer Host Based C++ Timer took 292 us
Iteration: 299
Timer Host Based C++ Timer took 288 us
Iteration: 300
Timer Host Based C++ Timer took 290 us
Iteration: 301
Timer Host Based C++ Timer took 288 us
Iteration: 302
Timer Host Based C++ Timer took 287 us
Iteration: 303
Timer Host Based C++ Timer took 287 us
Iteration: 304
Timer Host Based C++ Timer took 290 us
Iteration: 305
Timer Host Based C++ Timer took 287 us
Iteration: 306
Timer Host Based C++ Timer took 289 us
Iteration: 307
Timer Host Based C++ Timer took 288 us
Iteration: 308
Timer Host Based C++ Timer took 286 us
Iteration: 309
Timer Host Based C++ Timer took 289 us
Iteration: 310
Timer Host Based C++ Timer took 289 us
Iteration: 311
Timer Host Based C++ Timer took 284 us
Iteration: 312
Timer Host Based C++ Timer took 289 us
Iteration: 313
Timer Host Based C++ Timer took 285 us
Iteration: 314
Timer Host Based C++ Timer took 289 us
Iteration: 315
Timer Host Based C++ Timer took 289 us
Iteration: 316
Timer Host Based C++ Timer took 288 us
Iteration: 317
Timer Host Based C++ Timer took 292 us
Iteration: 318
Timer Host Based C++ Timer took 287 us
Iteration: 319
Timer Host Based C++ Timer took 285 us
Iteration: 320
Timer Host Based C++ Timer took 288 us
Iteration: 321
Timer Host Based C++ Timer took 285 us
Iteration: 322
Timer Host Based C++ Timer took 287 us
Iteration: 323
Timer Host Based C++ Timer took 287 us
Iteration: 324
Timer Host Based C++ Timer took 292 us
Iteration: 325
Timer Host Based C++ Timer took 284 us
Iteration: 326
Timer Host Based C++ Timer took 292 us
Iteration: 327
Timer Host Based C++ Timer took 284 us
Iteration: 328
Timer Host Based C++ Timer took 283 us
Iteration: 329
Timer Host Based C++ Timer took 314 us
Iteration: 330
Timer Host Based C++ Timer took 310 us
Iteration: 331
Timer Host Based C++ Timer took 309 us
Iteration: 332
Timer Host Based C++ Timer took 309 us
Iteration: 333
Timer Host Based C++ Timer took 307 us
Iteration: 334
Timer Host Based C++ Timer took 305 us
Iteration: 335
Timer Host Based C++ Timer took 308 us
Iteration: 336
Timer Host Based C++ Timer took 322 us
Iteration: 337
Timer Host Based C++ Timer took 310 us
Iteration: 338
Timer Host Based C++ Timer took 309 us
Iteration: 339
Timer Host Based C++ Timer took 305 us
Iteration: 340
Timer Host Based C++ Timer took 309 us
Iteration: 341
Timer Host Based C++ Timer took 305 us
Iteration: 342
Timer Host Based C++ Timer took 303 us
Iteration: 343
Timer Host Based C++ Timer took 301 us
Iteration: 344
Timer Host Based C++ Timer took 288 us
Iteration: 345
Timer Host Based C++ Timer took 279 us
Iteration: 346
Timer Host Based C++ Timer took 286 us
Iteration: 347
Timer Host Based C++ Timer took 284 us
Iteration: 348
Timer Host Based C++ Timer took 284 us
Iteration: 349
Timer Host Based C++ Timer took 282 us
Iteration: 350
Timer Host Based C++ Timer took 284 us
Iteration: 351
Timer Host Based C++ Timer took 281 us
Iteration: 352
Timer Host Based C++ Timer took 285 us
Iteration: 353
Timer Host Based C++ Timer took 279 us
Iteration: 354
Timer Host Based C++ Timer took 284 us
Iteration: 355
Timer Host Based C++ Timer took 279 us
Iteration: 356
Timer Host Based C++ Timer took 281 us
Iteration: 357
Timer Host Based C++ Timer took 281 us
Iteration: 358
Timer Host Based C++ Timer took 287 us
Iteration: 359
Timer Host Based C++ Timer took 283 us
Iteration: 360
Timer Host Based C++ Timer took 283 us
Iteration: 361
Timer Host Based C++ Timer took 288 us
Iteration: 362
Timer Host Based C++ Timer took 282 us
Iteration: 363
Timer Host Based C++ Timer took 281 us
Iteration: 364
Timer Host Based C++ Timer took 286 us
Iteration: 365
Timer Host Based C++ Timer took 283 us
Iteration: 366
Timer Host Based C++ Timer took 289 us
Iteration: 367
Timer Host Based C++ Timer took 282 us
Iteration: 368
Timer Host Based C++ Timer took 287 us
Iteration: 369
Timer Host Based C++ Timer took 285 us
Iteration: 370
Timer Host Based C++ Timer took 290 us
Iteration: 371
Timer Host Based C++ Timer took 291 us
Iteration: 372
Timer Host Based C++ Timer took 289 us
Iteration: 373
Timer Host Based C++ Timer took 286 us
Iteration: 374
Timer Host Based C++ Timer took 291 us
Iteration: 375
Timer Host Based C++ Timer took 292 us
Iteration: 376
Timer Host Based C++ Timer took 290 us
Iteration: 377
Timer Host Based C++ Timer took 289 us
Iteration: 378
Timer Host Based C++ Timer took 288 us
Iteration: 379
Timer Host Based C++ Timer took 290 us
Iteration: 380
Timer Host Based C++ Timer took 289 us
Iteration: 381
Timer Host Based C++ Timer took 291 us
Iteration: 382
Timer Host Based C++ Timer took 292 us
Iteration: 383
Timer Host Based C++ Timer took 285 us
Iteration: 384
Timer Host Based C++ Timer took 289 us
Iteration: 385
Timer Host Based C++ Timer took 287 us
Iteration: 386
Timer Host Based C++ Timer took 289 us
Iteration: 387
Timer Host Based C++ Timer took 291 us
Iteration: 388
Timer Host Based C++ Timer took 290 us
Iteration: 389
Timer Host Based C++ Timer took 291 us
Iteration: 390
Timer Host Based C++ Timer took 292 us
Iteration: 391
Timer Host Based C++ Timer took 291 us
Iteration: 392
Timer Host Based C++ Timer took 287 us
Iteration: 393
Timer Host Based C++ Timer took 290 us
Iteration: 394
Timer Host Based C++ Timer took 288 us
Iteration: 395
Timer Host Based C++ Timer took 286 us
Iteration: 396
Timer Host Based C++ Timer took 293 us
Iteration: 397
Timer Host Based C++ Timer took 284 us
Iteration: 398
Timer Host Based C++ Timer took 288 us
Iteration: 399
Timer Host Based C++ Timer took 290 us
Iteration: 400
Timer Host Based C++ Timer took 291 us
Iteration: 401
Timer Host Based C++ Timer took 289 us
Iteration: 402
Timer Host Based C++ Timer took 285 us
Iteration: 403
Timer Host Based C++ Timer took 287 us
Iteration: 404
Timer Host Based C++ Timer took 299 us
Iteration: 405
Timer Host Based C++ Timer took 289 us
Iteration: 406
Timer Host Based C++ Timer took 287 us
Iteration: 407
Timer Host Based C++ Timer took 287 us
Iteration: 408
Timer Host Based C++ Timer took 287 us
Iteration: 409
Timer Host Based C++ Timer took 290 us
Iteration: 410
Timer Host Based C++ Timer took 289 us
Iteration: 411
Timer Host Based C++ Timer took 287 us
Iteration: 412
Timer Host Based C++ Timer took 286 us
Iteration: 413
Timer Host Based C++ Timer took 289 us
Iteration: 414
Timer Host Based C++ Timer took 287 us
Iteration: 415
Timer Host Based C++ Timer took 286 us
Iteration: 416
Timer Host Based C++ Timer took 291 us
Iteration: 417
Timer Host Based C++ Timer took 289 us
Iteration: 418
Timer Host Based C++ Timer took 287 us
Iteration: 419
Timer Host Based C++ Timer took 286 us
Iteration: 420
Timer Host Based C++ Timer took 295 us
Iteration: 421
Timer Host Based C++ Timer took 288 us
Iteration: 422
Timer Host Based C++ Timer took 294 us
Iteration: 423
Timer Host Based C++ Timer took 289 us
Iteration: 424
Timer Host Based C++ Timer took 292 us
Iteration: 425
Timer Host Based C++ Timer took 288 us
Iteration: 426
Timer Host Based C++ Timer took 290 us
Iteration: 427
Timer Host Based C++ Timer took 290 us
Iteration: 428
Timer Host Based C++ Timer took 291 us
Iteration: 429
Timer Host Based C++ Timer took 290 us
Iteration: 430
Timer Host Based C++ Timer took 293 us
Iteration: 431
Timer Host Based C++ Timer took 290 us
Iteration: 432
Timer Host Based C++ Timer took 290 us
Iteration: 433
Timer Host Based C++ Timer took 287 us
Iteration: 434
Timer Host Based C++ Timer took 290 us
Iteration: 435
Timer Host Based C++ Timer took 287 us
Iteration: 436
Timer Host Based C++ Timer took 290 us
Iteration: 437
Timer Host Based C++ Timer took 287 us
Iteration: 438
Timer Host Based C++ Timer took 291 us
Iteration: 439
Timer Host Based C++ Timer took 285 us
Iteration: 440
Timer Host Based C++ Timer took 294 us
Iteration: 441
Timer Host Based C++ Timer took 288 us
Iteration: 442
Timer Host Based C++ Timer took 293 us
Iteration: 443
Timer Host Based C++ Timer took 290 us
Iteration: 444
Timer Host Based C++ Timer took 286 us
Iteration: 445
Timer Host Based C++ Timer took 289 us
Iteration: 446
Timer Host Based C++ Timer took 289 us
Iteration: 447
Timer Host Based C++ Timer took 286 us
Iteration: 448
Timer Host Based C++ Timer took 290 us
Iteration: 449
Timer Host Based C++ Timer took 290 us
Iteration: 450
Timer Host Based C++ Timer took 285 us
Iteration: 451
Timer Host Based C++ Timer took 289 us
Iteration: 452
Timer Host Based C++ Timer took 290 us
Iteration: 453
Timer Host Based C++ Timer took 289 us
Iteration: 454
Timer Host Based C++ Timer took 291 us
Iteration: 455
Timer Host Based C++ Timer took 290 us
Iteration: 456
Timer Host Based C++ Timer took 288 us
Iteration: 457
Timer Host Based C++ Timer took 291 us
Iteration: 458
Timer Host Based C++ Timer took 288 us
Iteration: 459
Timer Host Based C++ Timer took 291 us
Iteration: 460
Timer Host Based C++ Timer took 292 us
Iteration: 461
Timer Host Based C++ Timer took 289 us
Iteration: 462
Timer Host Based C++ Timer took 289 us
Iteration: 463
Timer Host Based C++ Timer took 290 us
Iteration: 464
Timer Host Based C++ Timer took 292 us
Iteration: 465
Timer Host Based C++ Timer took 290 us
Iteration: 466
Timer Host Based C++ Timer took 287 us
Iteration: 467
Timer Host Based C++ Timer took 284 us
Iteration: 468
Timer Host Based C++ Timer took 290 us
Iteration: 469
Timer Host Based C++ Timer took 285 us
Iteration: 470
Timer Host Based C++ Timer took 288 us
Iteration: 471
Timer Host Based C++ Timer took 290 us
Iteration: 472
Timer Host Based C++ Timer took 288 us
Iteration: 473
Timer Host Based C++ Timer took 284 us
Iteration: 474
Timer Host Based C++ Timer took 285 us
Iteration: 475
Timer Host Based C++ Timer took 284 us
Iteration: 476
Timer Host Based C++ Timer took 291 us
Iteration: 477
Timer Host Based C++ Timer took 286 us
Iteration: 478
Timer Host Based C++ Timer took 290 us
Iteration: 479
Timer Host Based C++ Timer took 286 us
Iteration: 480
Timer Host Based C++ Timer took 292 us
Iteration: 481
Timer Host Based C++ Timer took 290 us
Iteration: 482
Timer Host Based C++ Timer took 292 us
Iteration: 483
Timer Host Based C++ Timer took 285 us
Iteration: 484
Timer Host Based C++ Timer took 289 us
Iteration: 485
Timer Host Based C++ Timer took 287 us
Iteration: 486
Timer Host Based C++ Timer took 284 us
Iteration: 487
Timer Host Based C++ Timer took 289 us
Iteration: 488
Timer Host Based C++ Timer took 289 us
Iteration: 489
Timer Host Based C++ Timer took 286 us
Iteration: 490
Timer Host Based C++ Timer took 290 us
Iteration: 491
Timer Host Based C++ Timer took 285 us
Iteration: 492
Timer Host Based C++ Timer took 288 us
Iteration: 493
Timer Host Based C++ Timer took 290 us
Iteration: 494
Timer Host Based C++ Timer took 290 us
Iteration: 495
Timer Host Based C++ Timer took 286 us
Iteration: 496
Timer Host Based C++ Timer took 284 us
Iteration: 497
Timer Host Based C++ Timer took 287 us
Iteration: 498
Timer Host Based C++ Timer took 293 us
Iteration: 499
Timer Host Based C++ Timer took 285 us
Iteration: 500
Timer Host Based C++ Timer took 284 us
Iteration: 501
Timer Host Based C++ Timer took 288 us
Iteration: 502
Timer Host Based C++ Timer took 292 us
Iteration: 503
Timer Host Based C++ Timer took 285 us
Iteration: 504
Timer Host Based C++ Timer took 286 us
Iteration: 505
Timer Host Based C++ Timer took 283 us
Iteration: 506
Timer Host Based C++ Timer took 292 us
Iteration: 507
Timer Host Based C++ Timer took 290 us
Iteration: 508
Timer Host Based C++ Timer took 286 us
Iteration: 509
Timer Host Based C++ Timer took 285 us
Iteration: 510
Timer Host Based C++ Timer took 284 us
Iteration: 511
Timer Host Based C++ Timer took 287 us
Iteration: 512
Timer Host Based C++ Timer took 292 us
Iteration: 513
Timer Host Based C++ Timer took 284 us
Iteration: 514
Timer Host Based C++ Timer took 289 us
Iteration: 515
Timer Host Based C++ Timer took 286 us
Iteration: 516
Timer Host Based C++ Timer took 281 us
Iteration: 517
Timer Host Based C++ Timer took 287 us
Iteration: 518
Timer Host Based C++ Timer took 287 us
Iteration: 519
Timer Host Based C++ Timer took 287 us
Iteration: 520
Timer Host Based C++ Timer took 283 us
Iteration: 521
Timer Host Based C++ Timer took 288 us
Iteration: 522
Timer Host Based C++ Timer took 288 us
Iteration: 523
Timer Host Based C++ Timer took 285 us
Iteration: 524
Timer Host Based C++ Timer took 282 us
Iteration: 525
Timer Host Based C++ Timer took 287 us
Iteration: 526
Timer Host Based C++ Timer took 289 us
Iteration: 527
Timer Host Based C++ Timer took 288 us
Iteration: 528
Timer Host Based C++ Timer took 289 us
Iteration: 529
Timer Host Based C++ Timer took 287 us
Iteration: 530
Timer Host Based C++ Timer took 287 us
Iteration: 531
Timer Host Based C++ Timer took 288 us
Iteration: 532
Timer Host Based C++ Timer took 285 us
Iteration: 533
Timer Host Based C++ Timer took 281 us
Iteration: 534
Timer Host Based C++ Timer took 283 us
Iteration: 535
Timer Host Based C++ Timer took 286 us
Iteration: 536
Timer Host Based C++ Timer took 286 us
Iteration: 537
Timer Host Based C++ Timer took 287 us
Iteration: 538
Timer Host Based C++ Timer took 282 us
Iteration: 539
Timer Host Based C++ Timer took 287 us
Iteration: 540
Timer Host Based C++ Timer took 287 us
Iteration: 541
Timer Host Based C++ Timer took 291 us
Iteration: 542
Timer Host Based C++ Timer took 290 us
Iteration: 543
Timer Host Based C++ Timer took 309 us
Iteration: 544
Timer Host Based C++ Timer took 306 us
Iteration: 545
Timer Host Based C++ Timer took 302 us
Iteration: 546
Timer Host Based C++ Timer took 305 us
Iteration: 547
Timer Host Based C++ Timer took 301 us
Iteration: 548
Timer Host Based C++ Timer took 305 us
Iteration: 549
Timer Host Based C++ Timer took 306 us
Iteration: 550
Timer Host Based C++ Timer took 307 us
Iteration: 551
Timer Host Based C++ Timer took 307 us
Iteration: 552
Timer Host Based C++ Timer took 301 us
Iteration: 553
Timer Host Based C++ Timer took 301 us
Iteration: 554
Timer Host Based C++ Timer took 303 us
Iteration: 555
Timer Host Based C++ Timer took 306 us
Iteration: 556
Timer Host Based C++ Timer took 305 us
Iteration: 557
Timer Host Based C++ Timer took 305 us
Iteration: 558
Timer Host Based C++ Timer took 309 us
Iteration: 559
Timer Host Based C++ Timer took 302 us
Iteration: 560
Timer Host Based C++ Timer took 306 us
Iteration: 561
Timer Host Based C++ Timer took 305 us
Iteration: 562
Timer Host Based C++ Timer took 308 us
Iteration: 563
Timer Host Based C++ Timer took 302 us
Iteration: 564
Timer Host Based C++ Timer took 308 us
Iteration: 565
Timer Host Based C++ Timer took 301 us
Iteration: 566
Timer Host Based C++ Timer took 305 us
Iteration: 567
Timer Host Based C++ Timer took 302 us
Iteration: 568
Timer Host Based C++ Timer took 303 us
Iteration: 569
Timer Host Based C++ Timer took 304 us
Iteration: 570
Timer Host Based C++ Timer took 303 us
Iteration: 571
Timer Host Based C++ Timer took 298 us
Iteration: 572
Timer Host Based C++ Timer took 303 us
Iteration: 573
Timer Host Based C++ Timer took 300 us
Iteration: 574
Timer Host Based C++ Timer took 300 us
Iteration: 575
Timer Host Based C++ Timer took 304 us
Iteration: 576
Timer Host Based C++ Timer took 302 us
Iteration: 577
Timer Host Based C++ Timer took 307 us
Iteration: 578
Timer Host Based C++ Timer took 302 us
Iteration: 579
Timer Host Based C++ Timer took 298 us
Iteration: 580
Timer Host Based C++ Timer took 300 us
Iteration: 581
Timer Host Based C++ Timer took 299 us
Iteration: 582
Timer Host Based C++ Timer took 298 us
Iteration: 583
Timer Host Based C++ Timer took 304 us
Iteration: 584
Timer Host Based C++ Timer took 305 us
Iteration: 585
Timer Host Based C++ Timer took 297 us
Iteration: 586
Timer Host Based C++ Timer took 305 us
Iteration: 587
Timer Host Based C++ Timer took 301 us
Iteration: 588
Timer Host Based C++ Timer took 301 us
Iteration: 589
Timer Host Based C++ Timer took 302 us
Iteration: 590
Timer Host Based C++ Timer took 299 us
Iteration: 591
Timer Host Based C++ Timer took 303 us
Iteration: 592
Timer Host Based C++ Timer took 301 us
Iteration: 593
Timer Host Based C++ Timer took 302 us
Iteration: 594
Timer Host Based C++ Timer took 309 us
Iteration: 595
Timer Host Based C++ Timer took 304 us
Iteration: 596
Timer Host Based C++ Timer took 303 us
Iteration: 597
Timer Host Based C++ Timer took 300 us
Iteration: 598
Timer Host Based C++ Timer took 304 us
Iteration: 599
Timer Host Based C++ Timer took 304 us
Iteration: 600
Timer Host Based C++ Timer took 307 us
Iteration: 601
Timer Host Based C++ Timer took 308 us
Iteration: 602
Timer Host Based C++ Timer took 302 us
Iteration: 603
Timer Host Based C++ Timer took 299 us
Iteration: 604
Timer Host Based C++ Timer took 304 us
Iteration: 605
Timer Host Based C++ Timer took 298 us
Iteration: 606
Timer Host Based C++ Timer took 312 us
Iteration: 607
Timer Host Based C++ Timer took 297 us
Iteration: 608
Timer Host Based C++ Timer took 296 us
Iteration: 609
Timer Host Based C++ Timer took 302 us
Iteration: 610
Timer Host Based C++ Timer took 298 us
Iteration: 611
Timer Host Based C++ Timer took 300 us
Iteration: 612
Timer Host Based C++ Timer took 302 us
Iteration: 613
Timer Host Based C++ Timer took 299 us
Iteration: 614
Timer Host Based C++ Timer took 298 us
Iteration: 615
Timer Host Based C++ Timer took 296 us
Iteration: 616
Timer Host Based C++ Timer took 300 us
Iteration: 617
Timer Host Based C++ Timer took 301 us
Iteration: 618
Timer Host Based C++ Timer took 301 us
Iteration: 619
Timer Host Based C++ Timer took 301 us
Iteration: 620
Timer Host Based C++ Timer took 299 us
Iteration: 621
Timer Host Based C++ Timer took 297 us
Iteration: 622
Timer Host Based C++ Timer took 299 us
Iteration: 623
Timer Host Based C++ Timer took 303 us
Iteration: 624
Timer Host Based C++ Timer took 299 us
Iteration: 625
Timer Host Based C++ Timer took 298 us
Iteration: 626
Timer Host Based C++ Timer took 303 us
Iteration: 627
Timer Host Based C++ Timer took 302 us
Iteration: 628
Timer Host Based C++ Timer took 294 us
Iteration: 629
Timer Host Based C++ Timer took 300 us
Iteration: 630
Timer Host Based C++ Timer took 299 us
Iteration: 631
Timer Host Based C++ Timer took 296 us
Iteration: 632
Timer Host Based C++ Timer took 301 us
Iteration: 633
Timer Host Based C++ Timer took 298 us
Iteration: 634
Timer Host Based C++ Timer took 300 us
Iteration: 635
Timer Host Based C++ Timer took 295 us
Iteration: 636
Timer Host Based C++ Timer took 282 us
Iteration: 637
Timer Host Based C++ Timer took 276 us
Iteration: 638
Timer Host Based C++ Timer took 285 us
Iteration: 639
Timer Host Based C++ Timer took 282 us
Iteration: 640
Timer Host Based C++ Timer took 282 us
Iteration: 641
Timer Host Based C++ Timer took 281 us
Iteration: 642
Timer Host Based C++ Timer took 276 us
Iteration: 643
Timer Host Based C++ Timer took 280 us
Iteration: 644
Timer Host Based C++ Timer took 280 us
Iteration: 645
Timer Host Based C++ Timer took 279 us
Iteration: 646
Timer Host Based C++ Timer took 282 us
Iteration: 647
Timer Host Based C++ Timer took 281 us
Iteration: 648
Timer Host Based C++ Timer took 282 us
Iteration: 649
Timer Host Based C++ Timer took 281 us
Iteration: 650
Timer Host Based C++ Timer took 282 us
Iteration: 651
Timer Host Based C++ Timer took 277 us
Iteration: 652
Timer Host Based C++ Timer took 285 us
Iteration: 653
Timer Host Based C++ Timer took 282 us
Iteration: 654
Timer Host Based C++ Timer took 283 us
Iteration: 655
Timer Host Based C++ Timer took 283 us
Iteration: 656
Timer Host Based C++ Timer took 285 us
Iteration: 657
Timer Host Based C++ Timer took 281 us
Iteration: 658
Timer Host Based C++ Timer took 291 us
Iteration: 659
Timer Host Based C++ Timer took 283 us
Iteration: 660
Timer Host Based C++ Timer took 286 us
Iteration: 661
Timer Host Based C++ Timer took 285 us
Iteration: 662
Timer Host Based C++ Timer took 289 us
Iteration: 663
Timer Host Based C++ Timer took 289 us
Iteration: 664
Timer Host Based C++ Timer took 288 us
Iteration: 665
Timer Host Based C++ Timer took 286 us
Iteration: 666
Timer Host Based C++ Timer took 280 us
Iteration: 667
Timer Host Based C++ Timer took 285 us
Iteration: 668
Timer Host Based C++ Timer took 289 us
Iteration: 669
Timer Host Based C++ Timer took 285 us
Iteration: 670
Timer Host Based C++ Timer took 286 us
Iteration: 671
Timer Host Based C++ Timer took 282 us
Iteration: 672
Timer Host Based C++ Timer took 287 us
Iteration: 673
Timer Host Based C++ Timer took 283 us
Iteration: 674
Timer Host Based C++ Timer took 283 us
Iteration: 675
Timer Host Based C++ Timer took 284 us
Iteration: 676
Timer Host Based C++ Timer took 288 us
Iteration: 677
Timer Host Based C++ Timer took 284 us
Iteration: 678
Timer Host Based C++ Timer took 287 us
Iteration: 679
Timer Host Based C++ Timer took 284 us
Iteration: 680
Timer Host Based C++ Timer took 286 us
Iteration: 681
Timer Host Based C++ Timer took 286 us
Iteration: 682
Timer Host Based C++ Timer took 289 us
Iteration: 683
Timer Host Based C++ Timer took 284 us
Iteration: 684
Timer Host Based C++ Timer took 282 us
Iteration: 685
Timer Host Based C++ Timer took 284 us
Iteration: 686
Timer Host Based C++ Timer took 291 us
Iteration: 687
Timer Host Based C++ Timer took 288 us
Iteration: 688
Timer Host Based C++ Timer took 288 us
Iteration: 689
Timer Host Based C++ Timer took 282 us
Iteration: 690
Timer Host Based C++ Timer took 282 us
Iteration: 691
Timer Host Based C++ Timer took 285 us
Iteration: 692
Timer Host Based C++ Timer took 290 us
Iteration: 693
Timer Host Based C++ Timer took 287 us
Iteration: 694
Timer Host Based C++ Timer took 291 us
Iteration: 695
Timer Host Based C++ Timer took 285 us
Iteration: 696
Timer Host Based C++ Timer took 287 us
Iteration: 697
Timer Host Based C++ Timer took 287 us
Iteration: 698
Timer Host Based C++ Timer took 288 us
Iteration: 699
Timer Host Based C++ Timer took 285 us
Iteration: 700
Timer Host Based C++ Timer took 289 us
Iteration: 701
Timer Host Based C++ Timer took 289 us
Iteration: 702
Timer Host Based C++ Timer took 292 us
Iteration: 703
Timer Host Based C++ Timer took 285 us
Iteration: 704
Timer Host Based C++ Timer took 286 us
Iteration: 705
Timer Host Based C++ Timer took 288 us
Iteration: 706
Timer Host Based C++ Timer took 288 us
Iteration: 707
Timer Host Based C++ Timer took 284 us
Iteration: 708
Timer Host Based C++ Timer took 290 us
Iteration: 709
Timer Host Based C++ Timer took 288 us
Iteration: 710
Timer Host Based C++ Timer took 288 us
Iteration: 711
Timer Host Based C++ Timer took 288 us
Iteration: 712
Timer Host Based C++ Timer took 282 us
Iteration: 713
Timer Host Based C++ Timer took 296 us
Iteration: 714
Timer Host Based C++ Timer took 286 us
Iteration: 715
Timer Host Based C++ Timer took 286 us
Iteration: 716
Timer Host Based C++ Timer took 290 us
Iteration: 717
Timer Host Based C++ Timer took 286 us
Iteration: 718
Timer Host Based C++ Timer took 283 us
Iteration: 719
Timer Host Based C++ Timer took 285 us
Iteration: 720
Timer Host Based C++ Timer took 291 us
Iteration: 721
Timer Host Based C++ Timer took 291 us
Iteration: 722
Timer Host Based C++ Timer took 289 us
Iteration: 723
Timer Host Based C++ Timer took 286 us
Iteration: 724
Timer Host Based C++ Timer took 293 us
Iteration: 725
Timer Host Based C++ Timer took 286 us
Iteration: 726
Timer Host Based C++ Timer took 291 us
Iteration: 727
Timer Host Based C++ Timer took 285 us
Iteration: 728
Timer Host Based C++ Timer took 287 us
Iteration: 729
Timer Host Based C++ Timer took 287 us
Iteration: 730
Timer Host Based C++ Timer took 290 us
Iteration: 731
Timer Host Based C++ Timer took 280 us
Iteration: 732
Timer Host Based C++ Timer took 287 us
Iteration: 733
Timer Host Based C++ Timer took 282 us
Iteration: 734
Timer Host Based C++ Timer took 298 us
Iteration: 735
Timer Host Based C++ Timer took 285 us
Iteration: 736
Timer Host Based C++ Timer took 288 us
Iteration: 737
Timer Host Based C++ Timer took 286 us
Iteration: 738
Timer Host Based C++ Timer took 280 us
Iteration: 739
Timer Host Based C++ Timer took 285 us
Iteration: 740
Timer Host Based C++ Timer took 287 us
Iteration: 741
Timer Host Based C++ Timer took 282 us
Iteration: 742
Timer Host Based C++ Timer took 282 us
Iteration: 743
Timer Host Based C++ Timer took 281 us
Iteration: 744
Timer Host Based C++ Timer took 290 us
Iteration: 745
Timer Host Based C++ Timer took 279 us
Iteration: 746
Timer Host Based C++ Timer took 290 us
Iteration: 747
Timer Host Based C++ Timer took 285 us
Iteration: 748
Timer Host Based C++ Timer took 283 us
Iteration: 749
Timer Host Based C++ Timer took 283 us
Iteration: 750
Timer Host Based C++ Timer took 288 us
Iteration: 751
Timer Host Based C++ Timer took 286 us
Iteration: 752
Timer Host Based C++ Timer took 287 us
Iteration: 753
Timer Host Based C++ Timer took 286 us
Iteration: 754
Timer Host Based C++ Timer took 288 us
Iteration: 755
Timer Host Based C++ Timer took 287 us
Iteration: 756
Timer Host Based C++ Timer took 280 us
Iteration: 757
Timer Host Based C++ Timer took 284 us
Iteration: 758
Timer Host Based C++ Timer took 284 us
Iteration: 759
Timer Host Based C++ Timer took 284 us
Iteration: 760
Timer Host Based C++ Timer took 281 us
Iteration: 761
Timer Host Based C++ Timer took 286 us
Iteration: 762
Timer Host Based C++ Timer took 289 us
Iteration: 763
Timer Host Based C++ Timer took 288 us
Iteration: 764
Timer Host Based C++ Timer took 286 us
Iteration: 765
Timer Host Based C++ Timer took 284 us
Iteration: 766
Timer Host Based C++ Timer took 287 us
Iteration: 767
Timer Host Based C++ Timer took 282 us
Iteration: 768
Timer Host Based C++ Timer took 287 us
Iteration: 769
Timer Host Based C++ Timer took 283 us
Iteration: 770
Timer Host Based C++ Timer took 288 us
Iteration: 771
Timer Host Based C++ Timer took 287 us
Iteration: 772
Timer Host Based C++ Timer took 285 us
Iteration: 773
Timer Host Based C++ Timer took 285 us
Iteration: 774
Timer Host Based C++ Timer took 288 us
Iteration: 775
Timer Host Based C++ Timer took 284 us
Iteration: 776
Timer Host Based C++ Timer took 288 us
Iteration: 777
Timer Host Based C++ Timer took 286 us
Iteration: 778
Timer Host Based C++ Timer took 289 us
Iteration: 779
Timer Host Based C++ Timer took 285 us
Iteration: 780
Timer Host Based C++ Timer took 281 us
Iteration: 781
Timer Host Based C++ Timer took 285 us
Iteration: 782
Timer Host Based C++ Timer took 287 us
Iteration: 783
Timer Host Based C++ Timer took 281 us
Iteration: 784
Timer Host Based C++ Timer took 286 us
Iteration: 785
Timer Host Based C++ Timer took 288 us
Iteration: 786
Timer Host Based C++ Timer took 288 us
Iteration: 787
Timer Host Based C++ Timer took 288 us
Iteration: 788
Timer Host Based C++ Timer took 287 us
Iteration: 789
Timer Host Based C++ Timer took 283 us
Iteration: 790
Timer Host Based C++ Timer took 288 us
Iteration: 791
Timer Host Based C++ Timer took 286 us
Iteration: 792
Timer Host Based C++ Timer took 284 us
Iteration: 793
Timer Host Based C++ Timer took 284 us
Iteration: 794
Timer Host Based C++ Timer took 289 us
Iteration: 795
Timer Host Based C++ Timer took 282 us
Iteration: 796
Timer Host Based C++ Timer took 287 us
Iteration: 797
Timer Host Based C++ Timer took 285 us
Iteration: 798
Timer Host Based C++ Timer took 282 us
Iteration: 799
Timer Host Based C++ Timer took 283 us
Iteration: 800
Timer Host Based C++ Timer took 289 us
Iteration: 801
Timer Host Based C++ Timer took 285 us
Iteration: 802
Timer Host Based C++ Timer took 281 us
Iteration: 803
Timer Host Based C++ Timer took 287 us
Iteration: 804
Timer Host Based C++ Timer took 286 us
Iteration: 805
Timer Host Based C++ Timer took 285 us
Iteration: 806
Timer Host Based C++ Timer took 285 us
Iteration: 807
Timer Host Based C++ Timer took 286 us
Iteration: 808
Timer Host Based C++ Timer took 290 us
Iteration: 809
Timer Host Based C++ Timer took 285 us
Iteration: 810
Timer Host Based C++ Timer took 289 us
Iteration: 811
Timer Host Based C++ Timer took 284 us
Iteration: 812
Timer Host Based C++ Timer took 288 us
Iteration: 813
Timer Host Based C++ Timer took 286 us
Iteration: 814
Timer Host Based C++ Timer took 288 us
Iteration: 815
Timer Host Based C++ Timer took 288 us
Iteration: 816
Timer Host Based C++ Timer took 284 us
Iteration: 817
Timer Host Based C++ Timer took 287 us
Iteration: 818
Timer Host Based C++ Timer took 286 us
Iteration: 819
Timer Host Based C++ Timer took 285 us
Iteration: 820
Timer Host Based C++ Timer took 286 us
Iteration: 821
Timer Host Based C++ Timer took 285 us
Iteration: 822
Timer Host Based C++ Timer took 289 us
Iteration: 823
Timer Host Based C++ Timer took 287 us
Iteration: 824
Timer Host Based C++ Timer took 284 us
Iteration: 825
Timer Host Based C++ Timer took 290 us
Iteration: 826
Timer Host Based C++ Timer took 284 us
Iteration: 827
Timer Host Based C++ Timer took 288 us
Iteration: 828
Timer Host Based C++ Timer took 288 us
Iteration: 829
Timer Host Based C++ Timer took 286 us
Iteration: 830
Timer Host Based C++ Timer took 291 us
Iteration: 831
Timer Host Based C++ Timer took 286 us
Iteration: 832
Timer Host Based C++ Timer took 299 us
Iteration: 833
Timer Host Based C++ Timer took 285 us
Iteration: 834
Timer Host Based C++ Timer took 291 us
Iteration: 835
Timer Host Based C++ Timer took 287 us
Iteration: 836
Timer Host Based C++ Timer took 303 us
Iteration: 837
Timer Host Based C++ Timer took 288 us
Iteration: 838
Timer Host Based C++ Timer took 285 us
Iteration: 839
Timer Host Based C++ Timer took 282 us
Iteration: 840
Timer Host Based C++ Timer took 285 us
Iteration: 841
Timer Host Based C++ Timer took 283 us
Iteration: 842
Timer Host Based C++ Timer took 291 us
Iteration: 843
Timer Host Based C++ Timer took 287 us
Iteration: 844
Timer Host Based C++ Timer took 283 us
Iteration: 845
Timer Host Based C++ Timer took 288 us
Iteration: 846
Timer Host Based C++ Timer took 286 us
Iteration: 847
Timer Host Based C++ Timer took 291 us
Iteration: 848
Timer Host Based C++ Timer took 289 us
Iteration: 849
Timer Host Based C++ Timer took 285 us
Iteration: 850
Timer Host Based C++ Timer took 282 us
Iteration: 851
Timer Host Based C++ Timer took 285 us
Iteration: 852
Timer Host Based C++ Timer took 285 us
Iteration: 853
Timer Host Based C++ Timer took 290 us
Iteration: 854
Timer Host Based C++ Timer took 288 us
Iteration: 855
Timer Host Based C++ Timer took 291 us
Iteration: 856
Timer Host Based C++ Timer took 287 us
Iteration: 857
Timer Host Based C++ Timer took 285 us
Iteration: 858
Timer Host Based C++ Timer took 286 us
Iteration: 859
Timer Host Based C++ Timer took 284 us
Iteration: 860
Timer Host Based C++ Timer took 284 us
Iteration: 861
Timer Host Based C++ Timer took 282 us
Iteration: 862
Timer Host Based C++ Timer took 287 us
Iteration: 863
Timer Host Based C++ Timer took 281 us
Iteration: 864
Timer Host Based C++ Timer took 289 us
Iteration: 865
Timer Host Based C++ Timer took 288 us
Iteration: 866
Timer Host Based C++ Timer took 288 us
Iteration: 867
Timer Host Based C++ Timer took 286 us
Iteration: 868
Timer Host Based C++ Timer took 287 us
Iteration: 869
Timer Host Based C++ Timer took 286 us
Iteration: 870
Timer Host Based C++ Timer took 286 us
Iteration: 871
Timer Host Based C++ Timer took 283 us
Iteration: 872
Timer Host Based C++ Timer took 283 us
Iteration: 873
Timer Host Based C++ Timer took 283 us
Iteration: 874
Timer Host Based C++ Timer took 289 us
Iteration: 875
Timer Host Based C++ Timer took 281 us
Iteration: 876
Timer Host Based C++ Timer took 288 us
Iteration: 877
Timer Host Based C++ Timer took 283 us
Iteration: 878
Timer Host Based C++ Timer took 289 us
Iteration: 879
Timer Host Based C++ Timer took 284 us
Iteration: 880
Timer Host Based C++ Timer took 287 us
Iteration: 881
Timer Host Based C++ Timer took 284 us
Iteration: 882
Timer Host Based C++ Timer took 291 us
Iteration: 883
Timer Host Based C++ Timer took 289 us
Iteration: 884
Timer Host Based C++ Timer took 288 us
Iteration: 885
Timer Host Based C++ Timer took 286 us
Iteration: 886
Timer Host Based C++ Timer took 288 us
Iteration: 887
Timer Host Based C++ Timer took 286 us
Iteration: 888
Timer Host Based C++ Timer took 279 us
Iteration: 889
Timer Host Based C++ Timer took 287 us
Iteration: 890
Timer Host Based C++ Timer took 291 us
Iteration: 891
Timer Host Based C++ Timer took 285 us
Iteration: 892
Timer Host Based C++ Timer took 289 us
Iteration: 893
Timer Host Based C++ Timer took 286 us
Iteration: 894
Timer Host Based C++ Timer took 284 us
Iteration: 895
Timer Host Based C++ Timer took 285 us
Iteration: 896
Timer Host Based C++ Timer took 284 us
Iteration: 897
Timer Host Based C++ Timer took 283 us
Iteration: 898
Timer Host Based C++ Timer took 283 us
Iteration: 899
Timer Host Based C++ Timer took 284 us
Iteration: 900
Timer Host Based C++ Timer took 289 us
Iteration: 901
Timer Host Based C++ Timer took 285 us
Iteration: 902
Timer Host Based C++ Timer took 288 us
Iteration: 903
Timer Host Based C++ Timer took 284 us
Iteration: 904
Timer Host Based C++ Timer took 285 us
Iteration: 905
Timer Host Based C++ Timer took 287 us
Iteration: 906
Timer Host Based C++ Timer took 287 us
Iteration: 907
Timer Host Based C++ Timer took 285 us
Iteration: 908
Timer Host Based C++ Timer took 284 us
Iteration: 909
Timer Host Based C++ Timer took 290 us
Iteration: 910
Timer Host Based C++ Timer took 282 us
Iteration: 911
Timer Host Based C++ Timer took 284 us
Iteration: 912
Timer Host Based C++ Timer took 289 us
Iteration: 913
Timer Host Based C++ Timer took 290 us
Iteration: 914
Timer Host Based C++ Timer took 284 us
Iteration: 915
Timer Host Based C++ Timer took 288 us
Iteration: 916
Timer Host Based C++ Timer took 286 us
Iteration: 917
Timer Host Based C++ Timer took 280 us
Iteration: 918
Timer Host Based C++ Timer took 289 us
Iteration: 919
Timer Host Based C++ Timer took 283 us
Iteration: 920
Timer Host Based C++ Timer took 284 us
Iteration: 921
Timer Host Based C++ Timer took 285 us
Iteration: 922
Timer Host Based C++ Timer took 286 us
Iteration: 923
Timer Host Based C++ Timer took 283 us
Iteration: 924
Timer Host Based C++ Timer took 284 us
Iteration: 925
Timer Host Based C++ Timer took 287 us
Iteration: 926
Timer Host Based C++ Timer took 287 us
Iteration: 927
Timer Host Based C++ Timer took 287 us
Iteration: 928
Timer Host Based C++ Timer took 289 us
Iteration: 929
Timer Host Based C++ Timer took 288 us
Iteration: 930
Timer Host Based C++ Timer took 291 us
Iteration: 931
Timer Host Based C++ Timer took 287 us
Iteration: 932
Timer Host Based C++ Timer took 285 us
Iteration: 933
Timer Host Based C++ Timer took 284 us
Iteration: 934
Timer Host Based C++ Timer took 301 us
Iteration: 935
Timer Host Based C++ Timer took 283 us
Iteration: 936
Timer Host Based C++ Timer took 294 us
Iteration: 937
Timer Host Based C++ Timer took 284 us
Iteration: 938
Timer Host Based C++ Timer took 289 us
Iteration: 939
Timer Host Based C++ Timer took 284 us
Iteration: 940
Timer Host Based C++ Timer took 285 us
Iteration: 941
Timer Host Based C++ Timer took 287 us
Iteration: 942
Timer Host Based C++ Timer took 290 us
Iteration: 943
Timer Host Based C++ Timer took 284 us
Iteration: 944
Timer Host Based C++ Timer took 287 us
Iteration: 945
Timer Host Based C++ Timer took 289 us
Iteration: 946
Timer Host Based C++ Timer took 283 us
Iteration: 947
Timer Host Based C++ Timer took 284 us
Iteration: 948
Timer Host Based C++ Timer took 283 us
Iteration: 949
Timer Host Based C++ Timer took 284 us
Iteration: 950
Timer Host Based C++ Timer took 292 us
Iteration: 951
Timer Host Based C++ Timer took 289 us
Iteration: 952
Timer Host Based C++ Timer took 290 us
Iteration: 953
Timer Host Based C++ Timer took 282 us
Iteration: 954
Timer Host Based C++ Timer took 291 us
Iteration: 955
Timer Host Based C++ Timer took 283 us
Iteration: 956
Timer Host Based C++ Timer took 286 us
Iteration: 957
Timer Host Based C++ Timer took 285 us
Iteration: 958
Timer Host Based C++ Timer took 286 us
Iteration: 959
Timer Host Based C++ Timer took 282 us
Iteration: 960
Timer Host Based C++ Timer took 287 us
Iteration: 961
Timer Host Based C++ Timer took 284 us
Iteration: 962
Timer Host Based C++ Timer took 287 us
Iteration: 963
Timer Host Based C++ Timer took 281 us
Iteration: 964
Timer Host Based C++ Timer took 287 us
Iteration: 965
Timer Host Based C++ Timer took 287 us
Iteration: 966
Timer Host Based C++ Timer took 289 us
Iteration: 967
Timer Host Based C++ Timer took 285 us
Iteration: 968
Timer Host Based C++ Timer took 287 us
Iteration: 969
Timer Host Based C++ Timer took 286 us
Iteration: 970
Timer Host Based C++ Timer took 285 us
Iteration: 971
Timer Host Based C++ Timer took 287 us
Iteration: 972
Timer Host Based C++ Timer took 288 us
Iteration: 973
Timer Host Based C++ Timer took 284 us
Iteration: 974
Timer Host Based C++ Timer took 289 us
Iteration: 975
Timer Host Based C++ Timer took 284 us
Iteration: 976
Timer Host Based C++ Timer took 284 us
Iteration: 977
Timer Host Based C++ Timer took 286 us
Iteration: 978
Timer Host Based C++ Timer took 284 us
Iteration: 979
Timer Host Based C++ Timer took 283 us
Iteration: 980
Timer Host Based C++ Timer took 282 us
Iteration: 981
Timer Host Based C++ Timer took 282 us
Iteration: 982
Timer Host Based C++ Timer took 284 us
Iteration: 983
Timer Host Based C++ Timer took 278 us
Iteration: 984
Timer Host Based C++ Timer took 285 us
Iteration: 985
Timer Host Based C++ Timer took 284 us
Iteration: 986
Timer Host Based C++ Timer took 284 us
Iteration: 987
Timer Host Based C++ Timer took 283 us
Iteration: 988
Timer Host Based C++ Timer took 284 us
Iteration: 989
Timer Host Based C++ Timer took 281 us
Iteration: 990
Timer Host Based C++ Timer took 287 us
Iteration: 991
Timer Host Based C++ Timer took 286 us
Iteration: 992
Timer Host Based C++ Timer took 288 us
Iteration: 993
Timer Host Based C++ Timer took 290 us
Iteration: 994
Timer Host Based C++ Timer took 289 us
Iteration: 995
Timer Host Based C++ Timer took 283 us
Iteration: 996
Timer Host Based C++ Timer took 288 us
Iteration: 997
Timer Host Based C++ Timer took 285 us
Iteration: 998
Timer Host Based C++ Timer took 287 us
Iteration: 999
Timer Host Based C++ Timer took 285 us
Step 2 done.
Writing to: "/capstor/scratch/cscs/ybudanaz/icon-artifacts/velocity/gotwant/data_nproma20480/global_data_2.got"
Writing to: "/capstor/scratch/cscs/ybudanaz/icon-artifacts/velocity/gotwant/data_nproma20480/global_data_2.want"
Writing to: "/capstor/scratch/cscs/ybudanaz/icon-artifacts/velocity/gotwant/data_nproma20480/p_diag_2.got"
Writing to: "/capstor/scratch/cscs/ybudanaz/icon-artifacts/velocity/gotwant/data_nproma20480/p_metrics_2.got"
Writing to: "/capstor/scratch/cscs/ybudanaz/icon-artifacts/velocity/gotwant/data_nproma20480/p_diag_2.want"
Writing to: "/capstor/scratch/cscs/ybudanaz/icon-artifacts/velocity/gotwant/data_nproma20480/p_metrics_2.want"
Writing to: "/capstor/scratch/cscs/ybudanaz/icon-artifacts/velocity/gotwant/data_nproma20480/p_prog_2.got"
Writing to: "/capstor/scratch/cscs/ybudanaz/icon-artifacts/velocity/gotwant/data_nproma20480/z_kin_hor_e_2.got"
Writing to: "/capstor/scratch/cscs/ybudanaz/icon-artifacts/velocity/gotwant/data_nproma20480/p_prog_2.want"
Writing to: "/capstor/scratch/cscs/ybudanaz/icon-artifacts/velocity/gotwant/data_nproma20480/z_vt_ie_2.got"
Writing to: "/capstor/scratch/cscs/ybudanaz/icon-artifacts/velocity/gotwant/data_nproma20480/z_kin_hor_e_2.want"
Writing to: "/capstor/scratch/cscs/ybudanaz/icon-artifacts/velocity/gotwant/data_nproma20480/z_vt_ie_2.want"
Writing to: "/capstor/scratch/cscs/ybudanaz/icon-artifacts/velocity/gotwant/data_nproma20480/z_w_concorr_me_2.got"
Writing to: "/capstor/scratch/cscs/ybudanaz/icon-artifacts/velocity/gotwant/data_nproma20480/z_w_concorr_me_2.want"
Reading from: "data_nproma20480/p_int.7.data"
Reading from: "data_nproma20480/global_data.t0.7.data"
Reading from: "data_nproma20480/global_data.t1.7.data"
Reading from: "data_nproma20480/p_diag.t0.7.data"
Reading from: "data_nproma20480/p_prog.t0.7.data"
Reading from: "data_nproma20480/z_vt_ie.t0.7.data"
Reading from: "data_nproma20480/p_metrics.t0.7.data"
Reading from: "data_nproma20480/p_prog.t1.7.data"
Reading from: "data_nproma20480/p_diag.t1.7.data"
Reading from: "data_nproma20480/z_kin_hor_e.t1.7.data"
Reading from: "data_nproma20480/z_w_concorr_me.t0.7.data"
Reading from: "data_nproma20480/p_metrics.t1.7.data"
Reading from: "data_nproma20480/lvn_only.7.data"
Reading from: "data_nproma20480/z_kin_hor_e.t0.7.data"
Reading from: "data_nproma20480/ntnd.7.data"
Reading from: "data_nproma20480/dt_linintp_ubc.7.data"
Reading from: "data_nproma20480/istep.7.data"
Reading from: "data_nproma20480/p_patch.7.data"
Reading from: "data_nproma20480/z_w_concorr_me.t1.7.data"
Reading from: "data_nproma20480/z_vt_ie.t1.7.data"
Reading from: "data_nproma20480/ldeepatmo.7.data"
Reading from: "data_nproma20480/dtime.7.data"
Step 7 variables, extra_diffu: 1, istep: 1, lvn_only: 1, ldeepatmo: 0
Timer Host Based C++ Timer took 812 us
Timer Host Based C++ Timer took 385 us
Timer Host Based C++ Timer took 328 us
Timer Host Based C++ Timer took 322 us
Timer Host Based C++ Timer took 330 us
Timer Host Based C++ Timer took 321 us
Timer Host Based C++ Timer took 332 us
Timer Host Based C++ Timer took 320 us
Timer Host Based C++ Timer took 317 us
Timer Host Based C++ Timer took 319 us
Timer Host Based C++ Timer took 323 us
Timer Host Based C++ Timer took 317 us
Timer Host Based C++ Timer took 321 us
Timer Host Based C++ Timer took 322 us
Timer Host Based C++ Timer took 321 us
Timer Host Based C++ Timer took 316 us
Timer Host Based C++ Timer took 324 us
Timer Host Based C++ Timer took 321 us
Timer Host Based C++ Timer took 317 us
Timer Host Based C++ Timer took 321 us
Timer Host Based C++ Timer took 317 us
Timer Host Based C++ Timer took 321 us
Timer Host Based C++ Timer took 328 us
Timer Host Based C++ Timer took 317 us
Timer Host Based C++ Timer took 324 us
Timer Host Based C++ Timer took 324 us
Timer Host Based C++ Timer took 323 us
Timer Host Based C++ Timer took 323 us
Timer Host Based C++ Timer took 324 us
Timer Host Based C++ Timer took 317 us
Timer Host Based C++ Timer took 323 us
Timer Host Based C++ Timer took 322 us
Timer Host Based C++ Timer took 312 us
Timer Host Based C++ Timer took 327 us
Timer Host Based C++ Timer took 314 us
Timer Host Based C++ Timer took 323 us
Timer Host Based C++ Timer took 325 us
Timer Host Based C++ Timer took 316 us
Timer Host Based C++ Timer took 318 us
Timer Host Based C++ Timer took 325 us
Timer Host Based C++ Timer took 320 us
Timer Host Based C++ Timer took 322 us
Timer Host Based C++ Timer took 316 us
Timer Host Based C++ Timer took 312 us
Timer Host Based C++ Timer took 320 us
Timer Host Based C++ Timer took 324 us
Timer Host Based C++ Timer took 314 us
Timer Host Based C++ Timer took 319 us
Timer Host Based C++ Timer took 309 us
Timer Host Based C++ Timer took 318 us
Timer Host Based C++ Timer took 311 us
Timer Host Based C++ Timer took 321 us
Timer Host Based C++ Timer took 316 us
Timer Host Based C++ Timer took 313 us
Timer Host Based C++ Timer took 318 us
Timer Host Based C++ Timer took 315 us
Timer Host Based C++ Timer took 313 us
Timer Host Based C++ Timer took 314 us
Timer Host Based C++ Timer took 318 us
Timer Host Based C++ Timer took 320 us
Timer Host Based C++ Timer took 317 us
Timer Host Based C++ Timer took 315 us
Timer Host Based C++ Timer took 310 us
Timer Host Based C++ Timer took 314 us
Timer Host Based C++ Timer took 319 us
Timer Host Based C++ Timer took 311 us
Timer Host Based C++ Timer took 314 us
Timer Host Based C++ Timer took 314 us
Timer Host Based C++ Timer took 323 us
Timer Host Based C++ Timer took 312 us
Timer Host Based C++ Timer took 307 us
Timer Host Based C++ Timer took 312 us
Timer Host Based C++ Timer took 318 us
Timer Host Based C++ Timer took 312 us
Timer Host Based C++ Timer took 316 us
Timer Host Based C++ Timer took 309 us
Timer Host Based C++ Timer took 308 us
Timer Host Based C++ Timer took 309 us
Timer Host Based C++ Timer took 310 us
Timer Host Based C++ Timer took 309 us
Timer Host Based C++ Timer took 315 us
Timer Host Based C++ Timer took 318 us
Timer Host Based C++ Timer took 308 us
Timer Host Based C++ Timer took 311 us
Timer Host Based C++ Timer took 306 us
Timer Host Based C++ Timer took 312 us
Timer Host Based C++ Timer took 312 us
Timer Host Based C++ Timer took 310 us
Timer Host Based C++ Timer took 310 us
Timer Host Based C++ Timer took 310 us
Timer Host Based C++ Timer took 314 us
Timer Host Based C++ Timer took 305 us
Timer Host Based C++ Timer took 315 us
Timer Host Based C++ Timer took 310 us
Timer Host Based C++ Timer took 316 us
Timer Host Based C++ Timer took 303 us
Timer Host Based C++ Timer took 310 us
Timer Host Based C++ Timer took 307 us
Timer Host Based C++ Timer took 313 us
Timer Host Based C++ Timer took 304 us
Timer Host Based C++ Timer took 305 us
Timer Host Based C++ Timer took 305 us
Timer Host Based C++ Timer took 309 us
Timer Host Based C++ Timer took 311 us
Timer Host Based C++ Timer took 308 us
Timer Host Based C++ Timer took 311 us
Timer Host Based C++ Timer took 312 us
Timer Host Based C++ Timer took 305 us
Timer Host Based C++ Timer took 305 us
Timer Host Based C++ Timer took 310 us
Timer Host Based C++ Timer took 309 us
Timer Host Based C++ Timer took 311 us
Timer Host Based C++ Timer took 308 us
Timer Host Based C++ Timer took 307 us
Timer Host Based C++ Timer took 312 us
Timer Host Based C++ Timer took 314 us
Timer Host Based C++ Timer took 307 us
Timer Host Based C++ Timer took 317 us
Timer Host Based C++ Timer took 317 us
Timer Host Based C++ Timer took 307 us
Timer Host Based C++ Timer took 311 us
Timer Host Based C++ Timer took 315 us
Timer Host Based C++ Timer took 308 us
Timer Host Based C++ Timer took 313 us
Timer Host Based C++ Timer took 314 us
Timer Host Based C++ Timer took 305 us
Timer Host Based C++ Timer took 316 us
Timer Host Based C++ Timer took 304 us
Timer Host Based C++ Timer took 310 us
Timer Host Based C++ Timer took 307 us
Timer Host Based C++ Timer took 315 us
Timer Host Based C++ Timer took 316 us
Timer Host Based C++ Timer took 314 us
Timer Host Based C++ Timer took 311 us
Timer Host Based C++ Timer took 312 us
Timer Host Based C++ Timer took 302 us
Timer Host Based C++ Timer took 301 us
Timer Host Based C++ Timer took 308 us
Timer Host Based C++ Timer took 308 us
Timer Host Based C++ Timer took 307 us
Timer Host Based C++ Timer took 308 us
Timer Host Based C++ Timer took 305 us
Timer Host Based C++ Timer took 307 us
Timer Host Based C++ Timer took 306 us
Timer Host Based C++ Timer took 317 us
Timer Host Based C++ Timer took 305 us
Timer Host Based C++ Timer took 309 us
Timer Host Based C++ Timer took 306 us
Timer Host Based C++ Timer took 304 us
Timer Host Based C++ Timer took 310 us
Timer Host Based C++ Timer took 308 us
Timer Host Based C++ Timer took 311 us
Timer Host Based C++ Timer took 306 us
Timer Host Based C++ Timer took 313 us
Timer Host Based C++ Timer took 311 us
Timer Host Based C++ Timer took 308 us
Timer Host Based C++ Timer took 308 us
Timer Host Based C++ Timer took 466 us
Timer Host Based C++ Timer took 305 us
Timer Host Based C++ Timer took 303 us
Timer Host Based C++ Timer took 311 us
Timer Host Based C++ Timer took 311 us
Timer Host Based C++ Timer took 309 us
Timer Host Based C++ Timer took 304 us
Timer Host Based C++ Timer took 303 us
Timer Host Based C++ Timer took 305 us
Timer Host Based C++ Timer took 311 us
Timer Host Based C++ Timer took 339 us
Timer Host Based C++ Timer took 331 us
Timer Host Based C++ Timer took 324 us
Timer Host Based C++ Timer took 331 us
Timer Host Based C++ Timer took 330 us
Timer Host Based C++ Timer took 306 us
Timer Host Based C++ Timer took 302 us
Timer Host Based C++ Timer took 308 us
Timer Host Based C++ Timer took 308 us
Timer Host Based C++ Timer took 306 us
Timer Host Based C++ Timer took 310 us
Timer Host Based C++ Timer took 309 us
Timer Host Based C++ Timer took 304 us
Timer Host Based C++ Timer took 308 us
Timer Host Based C++ Timer took 302 us
Timer Host Based C++ Timer took 311 us
Timer Host Based C++ Timer took 304 us
Timer Host Based C++ Timer took 328 us
Timer Host Based C++ Timer took 320 us
Timer Host Based C++ Timer took 326 us
Timer Host Based C++ Timer took 318 us
Timer Host Based C++ Timer took 328 us
Timer Host Based C++ Timer took 320 us
Timer Host Based C++ Timer took 318 us
Timer Host Based C++ Timer took 316 us
Timer Host Based C++ Timer took 333 us
Timer Host Based C++ Timer took 321 us
Timer Host Based C++ Timer took 330 us
Timer Host Based C++ Timer took 319 us
Timer Host Based C++ Timer took 333 us
Timer Host Based C++ Timer took 322 us
Timer Host Based C++ Timer took 329 us
Timer Host Based C++ Timer took 326 us
Timer Host Based C++ Timer took 318 us
Timer Host Based C++ Timer took 324 us
Timer Host Based C++ Timer took 323 us
Timer Host Based C++ Timer took 319 us
Timer Host Based C++ Timer took 319 us
Timer Host Based C++ Timer took 333 us
Timer Host Based C++ Timer took 330 us
Timer Host Based C++ Timer took 318 us
Timer Host Based C++ Timer took 327 us
Timer Host Based C++ Timer took 316 us
Timer Host Based C++ Timer took 326 us
Timer Host Based C++ Timer took 322 us
Timer Host Based C++ Timer took 576 us
Timer Host Based C++ Timer took 319 us
Timer Host Based C++ Timer took 324 us
Timer Host Based C++ Timer took 326 us
Timer Host Based C++ Timer took 328 us
Timer Host Based C++ Timer took 323 us
Timer Host Based C++ Timer took 321 us
Timer Host Based C++ Timer took 318 us
Timer Host Based C++ Timer took 313 us
Timer Host Based C++ Timer took 318 us
Timer Host Based C++ Timer took 322 us
Timer Host Based C++ Timer took 327 us
Timer Host Based C++ Timer took 329 us
Timer Host Based C++ Timer took 318 us
Timer Host Based C++ Timer took 323 us
Timer Host Based C++ Timer took 324 us
Timer Host Based C++ Timer took 334 us
Timer Host Based C++ Timer took 322 us
Timer Host Based C++ Timer took 322 us
Timer Host Based C++ Timer took 313 us
Timer Host Based C++ Timer took 319 us
Timer Host Based C++ Timer took 321 us
Timer Host Based C++ Timer took 318 us
Timer Host Based C++ Timer took 316 us
Timer Host Based C++ Timer took 320 us
Timer Host Based C++ Timer took 316 us
Timer Host Based C++ Timer took 317 us
Timer Host Based C++ Timer took 315 us
Timer Host Based C++ Timer took 315 us
Timer Host Based C++ Timer took 316 us
Timer Host Based C++ Timer took 317 us
Timer Host Based C++ Timer took 315 us
Timer Host Based C++ Timer took 314 us
Timer Host Based C++ Timer took 315 us
Timer Host Based C++ Timer took 318 us
Timer Host Based C++ Timer took 311 us
Timer Host Based C++ Timer took 316 us
Timer Host Based C++ Timer took 311 us
Timer Host Based C++ Timer took 311 us
Timer Host Based C++ Timer took 310 us
Timer Host Based C++ Timer took 316 us
Timer Host Based C++ Timer took 310 us
Timer Host Based C++ Timer took 315 us
Timer Host Based C++ Timer took 311 us
Timer Host Based C++ Timer took 317 us
Timer Host Based C++ Timer took 318 us
Timer Host Based C++ Timer took 310 us
Timer Host Based C++ Timer took 320 us
Timer Host Based C++ Timer took 309 us
Timer Host Based C++ Timer took 310 us
Timer Host Based C++ Timer took 318 us
Timer Host Based C++ Timer took 311 us
Timer Host Based C++ Timer took 318 us
Timer Host Based C++ Timer took 316 us
Timer Host Based C++ Timer took 315 us
Timer Host Based C++ Timer took 307 us
Timer Host Based C++ Timer took 310 us
Timer Host Based C++ Timer took 309 us
Timer Host Based C++ Timer took 314 us
Timer Host Based C++ Timer took 308 us
Timer Host Based C++ Timer took 309 us
Timer Host Based C++ Timer took 312 us
Timer Host Based C++ Timer took 314 us
Timer Host Based C++ Timer took 308 us
Timer Host Based C++ Timer took 308 us
Timer Host Based C++ Timer took 308 us
Timer Host Based C++ Timer took 311 us
Timer Host Based C++ Timer took 311 us
Timer Host Based C++ Timer took 312 us
Timer Host Based C++ Timer took 308 us
Timer Host Based C++ Timer took 312 us
Timer Host Based C++ Timer took 311 us
Timer Host Based C++ Timer took 313 us
Timer Host Based C++ Timer took 307 us
Timer Host Based C++ Timer took 304 us
Timer Host Based C++ Timer took 307 us
Timer Host Based C++ Timer took 309 us
Timer Host Based C++ Timer took 311 us
Timer Host Based C++ Timer took 309 us
Timer Host Based C++ Timer took 308 us
Timer Host Based C++ Timer took 303 us
Timer Host Based C++ Timer took 304 us
Timer Host Based C++ Timer took 317 us
Timer Host Based C++ Timer took 311 us
Timer Host Based C++ Timer took 307 us
Timer Host Based C++ Timer took 319 us
Timer Host Based C++ Timer took 302 us
Timer Host Based C++ Timer took 303 us
Timer Host Based C++ Timer took 310 us
Timer Host Based C++ Timer took 312 us
Timer Host Based C++ Timer took 312 us
Timer Host Based C++ Timer took 304 us
Timer Host Based C++ Timer took 309 us
Timer Host Based C++ Timer took 309 us
Timer Host Based C++ Timer took 306 us
Timer Host Based C++ Timer took 304 us
Timer Host Based C++ Timer took 309 us
Timer Host Based C++ Timer took 315 us
Timer Host Based C++ Timer took 314 us
Timer Host Based C++ Timer took 306 us
Timer Host Based C++ Timer took 314 us
Timer Host Based C++ Timer took 305 us
Timer Host Based C++ Timer took 312 us
Timer Host Based C++ Timer took 311 us
Timer Host Based C++ Timer took 306 us
Timer Host Based C++ Timer took 305 us
Timer Host Based C++ Timer took 314 us
Timer Host Based C++ Timer took 305 us
Timer Host Based C++ Timer took 307 us
Timer Host Based C++ Timer took 311 us
Timer Host Based C++ Timer took 313 us
Timer Host Based C++ Timer took 315 us
Timer Host Based C++ Timer took 314 us
Timer Host Based C++ Timer took 314 us
Timer Host Based C++ Timer took 310 us
Timer Host Based C++ Timer took 305 us
Timer Host Based C++ Timer took 321 us
Timer Host Based C++ Timer took 308 us
Timer Host Based C++ Timer took 309 us
Timer Host Based C++ Timer took 303 us
Timer Host Based C++ Timer took 311 us
Timer Host Based C++ Timer took 308 us
Timer Host Based C++ Timer took 302 us
Timer Host Based C++ Timer took 308 us
Timer Host Based C++ Timer took 316 us
Timer Host Based C++ Timer took 307 us
Timer Host Based C++ Timer took 313 us
Timer Host Based C++ Timer took 313 us
Timer Host Based C++ Timer took 321 us
Timer Host Based C++ Timer took 312 us
Timer Host Based C++ Timer took 305 us
Timer Host Based C++ Timer took 313 us
Timer Host Based C++ Timer took 311 us
Timer Host Based C++ Timer took 310 us
Timer Host Based C++ Timer took 307 us
Timer Host Based C++ Timer took 309 us
Timer Host Based C++ Timer took 311 us
Timer Host Based C++ Timer took 306 us
Timer Host Based C++ Timer took 303 us
Timer Host Based C++ Timer took 311 us
Timer Host Based C++ Timer took 304 us
Timer Host Based C++ Timer took 307 us
Timer Host Based C++ Timer took 312 us
Timer Host Based C++ Timer took 308 us
Timer Host Based C++ Timer took 310 us
Timer Host Based C++ Timer took 309 us
Timer Host Based C++ Timer took 309 us
Timer Host Based C++ Timer took 309 us
Timer Host Based C++ Timer took 309 us
Timer Host Based C++ Timer took 304 us
Timer Host Based C++ Timer took 309 us
Timer Host Based C++ Timer took 311 us
Timer Host Based C++ Timer took 303 us
Timer Host Based C++ Timer took 311 us
Timer Host Based C++ Timer took 311 us
Timer Host Based C++ Timer took 314 us
Timer Host Based C++ Timer took 314 us
Timer Host Based C++ Timer took 315 us
Timer Host Based C++ Timer took 314 us
Timer Host Based C++ Timer took 306 us
Timer Host Based C++ Timer took 306 us
Timer Host Based C++ Timer took 310 us
Timer Host Based C++ Timer took 306 us
Timer Host Based C++ Timer took 312 us
Timer Host Based C++ Timer took 312 us
Timer Host Based C++ Timer took 306 us
Timer Host Based C++ Timer took 304 us
Timer Host Based C++ Timer took 311 us
Timer Host Based C++ Timer took 317 us
Timer Host Based C++ Timer took 323 us
Timer Host Based C++ Timer took 308 us
Timer Host Based C++ Timer took 311 us
Timer Host Based C++ Timer took 309 us
Timer Host Based C++ Timer took 309 us
Timer Host Based C++ Timer took 309 us
Timer Host Based C++ Timer took 310 us
Timer Host Based C++ Timer took 312 us
Timer Host Based C++ Timer took 307 us
Timer Host Based C++ Timer took 311 us
Timer Host Based C++ Timer took 307 us
Timer Host Based C++ Timer took 308 us
Timer Host Based C++ Timer took 307 us
Timer Host Based C++ Timer took 308 us
Timer Host Based C++ Timer took 306 us
Timer Host Based C++ Timer took 319 us
Timer Host Based C++ Timer took 309 us
Timer Host Based C++ Timer took 317 us
Timer Host Based C++ Timer took 308 us
Timer Host Based C++ Timer took 316 us
Timer Host Based C++ Timer took 330 us
Timer Host Based C++ Timer took 331 us
Timer Host Based C++ Timer took 315 us
Timer Host Based C++ Timer took 303 us
Timer Host Based C++ Timer took 313 us
Timer Host Based C++ Timer took 309 us
Timer Host Based C++ Timer took 300 us
Timer Host Based C++ Timer took 310 us
Timer Host Based C++ Timer took 303 us
Timer Host Based C++ Timer took 306 us
Timer Host Based C++ Timer took 301 us
Timer Host Based C++ Timer took 305 us
Timer Host Based C++ Timer took 305 us
Timer Host Based C++ Timer took 307 us
Timer Host Based C++ Timer took 306 us
Timer Host Based C++ Timer took 307 us
Timer Host Based C++ Timer took 298 us
Timer Host Based C++ Timer took 312 us
Timer Host Based C++ Timer took 302 us
Timer Host Based C++ Timer took 307 us
Timer Host Based C++ Timer took 311 us
Timer Host Based C++ Timer took 304 us
Timer Host Based C++ Timer took 306 us
Timer Host Based C++ Timer took 313 us
Timer Host Based C++ Timer took 315 us
Timer Host Based C++ Timer took 307 us
Timer Host Based C++ Timer took 311 us
Timer Host Based C++ Timer took 312 us
Timer Host Based C++ Timer took 306 us
Timer Host Based C++ Timer took 307 us
Timer Host Based C++ Timer took 306 us
Timer Host Based C++ Timer took 310 us
Timer Host Based C++ Timer took 304 us
Timer Host Based C++ Timer took 303 us
Timer Host Based C++ Timer took 309 us
Timer Host Based C++ Timer took 309 us
Timer Host Based C++ Timer took 315 us
Timer Host Based C++ Timer took 302 us
Timer Host Based C++ Timer took 304 us
Timer Host Based C++ Timer took 301 us
Timer Host Based C++ Timer took 310 us
Timer Host Based C++ Timer took 307 us
Timer Host Based C++ Timer took 305 us
Timer Host Based C++ Timer took 311 us
Timer Host Based C++ Timer took 306 us
Timer Host Based C++ Timer took 305 us
Timer Host Based C++ Timer took 311 us
Timer Host Based C++ Timer took 307 us
Timer Host Based C++ Timer took 304 us
Timer Host Based C++ Timer took 307 us
Timer Host Based C++ Timer took 307 us
Timer Host Based C++ Timer took 311 us
Timer Host Based C++ Timer took 306 us
Timer Host Based C++ Timer took 307 us
Timer Host Based C++ Timer took 313 us
Timer Host Based C++ Timer took 311 us
Timer Host Based C++ Timer took 307 us
Timer Host Based C++ Timer took 314 us
Timer Host Based C++ Timer took 305 us
Timer Host Based C++ Timer took 312 us
Timer Host Based C++ Timer took 311 us
Timer Host Based C++ Timer took 307 us
Timer Host Based C++ Timer took 304 us
Timer Host Based C++ Timer took 302 us
Timer Host Based C++ Timer took 311 us
Timer Host Based C++ Timer took 308 us
Timer Host Based C++ Timer took 316 us
Timer Host Based C++ Timer took 312 us
Timer Host Based C++ Timer took 311 us
Timer Host Based C++ Timer took 316 us
Timer Host Based C++ Timer took 307 us
Timer Host Based C++ Timer took 310 us
Timer Host Based C++ Timer took 308 us
Timer Host Based C++ Timer took 302 us
Timer Host Based C++ Timer took 303 us
Timer Host Based C++ Timer took 306 us
Timer Host Based C++ Timer took 311 us
Timer Host Based C++ Timer took 312 us
Timer Host Based C++ Timer took 308 us
Timer Host Based C++ Timer took 308 us
Timer Host Based C++ Timer took 318 us
Timer Host Based C++ Timer took 317 us
Timer Host Based C++ Timer took 311 us
Timer Host Based C++ Timer took 303 us
Timer Host Based C++ Timer took 307 us
Timer Host Based C++ Timer took 314 us
Timer Host Based C++ Timer took 311 us
Timer Host Based C++ Timer took 311 us
Timer Host Based C++ Timer took 301 us
Timer Host Based C++ Timer took 309 us
Timer Host Based C++ Timer took 316 us
Timer Host Based C++ Timer took 307 us
Timer Host Based C++ Timer took 303 us
Timer Host Based C++ Timer took 308 us
Timer Host Based C++ Timer took 308 us
Timer Host Based C++ Timer took 310 us
Timer Host Based C++ Timer took 313 us
Timer Host Based C++ Timer took 303 us
Timer Host Based C++ Timer took 308 us
Timer Host Based C++ Timer took 311 us
Timer Host Based C++ Timer took 309 us
Timer Host Based C++ Timer took 306 us
Timer Host Based C++ Timer took 302 us
Timer Host Based C++ Timer took 314 us
Timer Host Based C++ Timer took 307 us
Timer Host Based C++ Timer took 303 us
Timer Host Based C++ Timer took 303 us
Timer Host Based C++ Timer took 310 us
Timer Host Based C++ Timer took 306 us
Timer Host Based C++ Timer took 314 us
Timer Host Based C++ Timer took 300 us
Timer Host Based C++ Timer took 311 us
Timer Host Based C++ Timer took 304 us
Timer Host Based C++ Timer took 309 us
Timer Host Based C++ Timer took 308 us
Timer Host Based C++ Timer took 311 us
Timer Host Based C++ Timer took 310 us
Timer Host Based C++ Timer took 302 us
Timer Host Based C++ Timer took 305 us
Timer Host Based C++ Timer took 312 us
Timer Host Based C++ Timer took 299 us
Timer Host Based C++ Timer took 302 us
Timer Host Based C++ Timer took 310 us
Timer Host Based C++ Timer took 303 us
Timer Host Based C++ Timer took 304 us
Timer Host Based C++ Timer took 310 us
Timer Host Based C++ Timer took 300 us
Timer Host Based C++ Timer took 306 us
Timer Host Based C++ Timer took 306 us
Timer Host Based C++ Timer took 311 us
Timer Host Based C++ Timer took 310 us
Timer Host Based C++ Timer took 317 us
Timer Host Based C++ Timer took 304 us
Timer Host Based C++ Timer took 313 us
Timer Host Based C++ Timer took 301 us
Timer Host Based C++ Timer took 307 us
Timer Host Based C++ Timer took 314 us
Timer Host Based C++ Timer took 308 us
Timer Host Based C++ Timer took 310 us
Timer Host Based C++ Timer took 311 us
Timer Host Based C++ Timer took 309 us
Timer Host Based C++ Timer took 312 us
Timer Host Based C++ Timer took 309 us
Timer Host Based C++ Timer took 305 us
Timer Host Based C++ Timer took 312 us
Timer Host Based C++ Timer took 315 us
Timer Host Based C++ Timer took 306 us
Timer Host Based C++ Timer took 310 us
Timer Host Based C++ Timer took 309 us
Timer Host Based C++ Timer took 311 us
Timer Host Based C++ Timer took 306 us
Timer Host Based C++ Timer took 306 us
Timer Host Based C++ Timer took 307 us
Timer Host Based C++ Timer took 310 us
Timer Host Based C++ Timer took 302 us
Timer Host Based C++ Timer took 311 us
Timer Host Based C++ Timer took 306 us
Timer Host Based C++ Timer took 314 us
Timer Host Based C++ Timer took 315 us
Timer Host Based C++ Timer took 302 us
Timer Host Based C++ Timer took 306 us
Timer Host Based C++ Timer took 303 us
Timer Host Based C++ Timer took 314 us
Timer Host Based C++ Timer took 308 us
Timer Host Based C++ Timer took 308 us
Timer Host Based C++ Timer took 305 us
Timer Host Based C++ Timer took 304 us
Timer Host Based C++ Timer took 314 us
Timer Host Based C++ Timer took 305 us
Timer Host Based C++ Timer took 302 us
Timer Host Based C++ Timer took 309 us
Timer Host Based C++ Timer took 303 us
Timer Host Based C++ Timer took 311 us
Timer Host Based C++ Timer took 325 us
Timer Host Based C++ Timer took 312 us
Timer Host Based C++ Timer took 305 us
Timer Host Based C++ Timer took 305 us
Timer Host Based C++ Timer took 312 us
Timer Host Based C++ Timer took 307 us
Timer Host Based C++ Timer took 309 us
Timer Host Based C++ Timer took 307 us
Timer Host Based C++ Timer took 314 us
Timer Host Based C++ Timer took 308 us
Timer Host Based C++ Timer took 314 us
Timer Host Based C++ Timer took 316 us
Timer Host Based C++ Timer took 304 us
Timer Host Based C++ Timer took 314 us
Timer Host Based C++ Timer took 305 us
Timer Host Based C++ Timer took 303 us
Timer Host Based C++ Timer took 301 us
Timer Host Based C++ Timer took 303 us
Timer Host Based C++ Timer took 313 us
Timer Host Based C++ Timer took 300 us
Timer Host Based C++ Timer took 312 us
Timer Host Based C++ Timer took 308 us
Timer Host Based C++ Timer took 304 us
Timer Host Based C++ Timer took 305 us
Timer Host Based C++ Timer took 304 us
Timer Host Based C++ Timer took 316 us
Timer Host Based C++ Timer took 306 us
Timer Host Based C++ Timer took 302 us
Timer Host Based C++ Timer took 306 us
Timer Host Based C++ Timer took 315 us
Timer Host Based C++ Timer took 307 us
Timer Host Based C++ Timer took 304 us
Timer Host Based C++ Timer took 303 us
Timer Host Based C++ Timer took 311 us
Timer Host Based C++ Timer took 308 us
Timer Host Based C++ Timer took 309 us
Timer Host Based C++ Timer took 302 us
Timer Host Based C++ Timer took 300 us
Timer Host Based C++ Timer took 308 us
Timer Host Based C++ Timer took 303 us
Timer Host Based C++ Timer took 309 us
Timer Host Based C++ Timer took 310 us
Timer Host Based C++ Timer took 307 us
Timer Host Based C++ Timer took 316 us
Timer Host Based C++ Timer took 313 us
Timer Host Based C++ Timer took 313 us
Timer Host Based C++ Timer took 302 us
Timer Host Based C++ Timer took 314 us
Timer Host Based C++ Timer took 311 us
Timer Host Based C++ Timer took 308 us
Timer Host Based C++ Timer took 305 us
Timer Host Based C++ Timer took 321 us
Timer Host Based C++ Timer took 307 us
Timer Host Based C++ Timer took 303 us
Timer Host Based C++ Timer took 306 us
Timer Host Based C++ Timer took 304 us
Timer Host Based C++ Timer took 302 us
Timer Host Based C++ Timer took 312 us
Timer Host Based C++ Timer took 304 us
Timer Host Based C++ Timer took 306 us
Timer Host Based C++ Timer took 302 us
Timer Host Based C++ Timer took 312 us
Timer Host Based C++ Timer took 311 us
Timer Host Based C++ Timer took 310 us
Timer Host Based C++ Timer took 305 us
Timer Host Based C++ Timer took 307 us
Timer Host Based C++ Timer took 311 us
Timer Host Based C++ Timer took 304 us
Timer Host Based C++ Timer took 314 us
Timer Host Based C++ Timer took 301 us
Timer Host Based C++ Timer took 311 us
Timer Host Based C++ Timer took 308 us
Timer Host Based C++ Timer took 307 us
Timer Host Based C++ Timer took 310 us
Timer Host Based C++ Timer took 310 us
Timer Host Based C++ Timer took 312 us
Timer Host Based C++ Timer took 312 us
Timer Host Based C++ Timer took 305 us
Timer Host Based C++ Timer took 307 us
Timer Host Based C++ Timer took 308 us
Timer Host Based C++ Timer took 320 us
Timer Host Based C++ Timer took 310 us
Timer Host Based C++ Timer took 310 us
Timer Host Based C++ Timer took 306 us
Timer Host Based C++ Timer took 306 us
Timer Host Based C++ Timer took 309 us
Timer Host Based C++ Timer took 314 us
Timer Host Based C++ Timer took 305 us
Timer Host Based C++ Timer took 301 us
Timer Host Based C++ Timer took 307 us
Timer Host Based C++ Timer took 303 us
Timer Host Based C++ Timer took 304 us
Timer Host Based C++ Timer took 310 us
Timer Host Based C++ Timer took 309 us
Timer Host Based C++ Timer took 304 us
Timer Host Based C++ Timer took 306 us
Timer Host Based C++ Timer took 307 us
Timer Host Based C++ Timer took 305 us
Timer Host Based C++ Timer took 300 us
Timer Host Based C++ Timer took 301 us
Timer Host Based C++ Timer took 312 us
Timer Host Based C++ Timer took 299 us
Timer Host Based C++ Timer took 303 us
Timer Host Based C++ Timer took 309 us
Timer Host Based C++ Timer took 303 us
Timer Host Based C++ Timer took 311 us
Timer Host Based C++ Timer took 304 us
Timer Host Based C++ Timer took 312 us
Timer Host Based C++ Timer took 313 us
Timer Host Based C++ Timer took 306 us
Timer Host Based C++ Timer took 310 us
Timer Host Based C++ Timer took 309 us
Timer Host Based C++ Timer took 315 us
Timer Host Based C++ Timer took 306 us
Timer Host Based C++ Timer took 305 us
Timer Host Based C++ Timer took 307 us
Timer Host Based C++ Timer took 305 us
Timer Host Based C++ Timer took 302 us
Timer Host Based C++ Timer took 305 us
Timer Host Based C++ Timer took 302 us
Timer Host Based C++ Timer took 304 us
Timer Host Based C++ Timer took 301 us
Timer Host Based C++ Timer took 306 us
Timer Host Based C++ Timer took 307 us
Timer Host Based C++ Timer took 309 us
Timer Host Based C++ Timer took 308 us
Timer Host Based C++ Timer took 309 us
Timer Host Based C++ Timer took 300 us
Timer Host Based C++ Timer took 306 us
Timer Host Based C++ Timer took 312 us
Timer Host Based C++ Timer took 315 us
Timer Host Based C++ Timer took 312 us
Timer Host Based C++ Timer took 315 us
Timer Host Based C++ Timer took 309 us
Timer Host Based C++ Timer took 301 us
Timer Host Based C++ Timer took 300 us
Timer Host Based C++ Timer took 310 us
Timer Host Based C++ Timer took 307 us
Timer Host Based C++ Timer took 311 us
Timer Host Based C++ Timer took 303 us
Timer Host Based C++ Timer took 309 us
Timer Host Based C++ Timer took 299 us
Timer Host Based C++ Timer took 300 us
Timer Host Based C++ Timer took 310 us
Timer Host Based C++ Timer took 310 us
Timer Host Based C++ Timer took 307 us
Timer Host Based C++ Timer took 314 us
Timer Host Based C++ Timer took 308 us
Timer Host Based C++ Timer took 310 us
Timer Host Based C++ Timer took 304 us
Timer Host Based C++ Timer took 309 us
Timer Host Based C++ Timer took 312 us
Timer Host Based C++ Timer took 314 us
Timer Host Based C++ Timer took 303 us
Timer Host Based C++ Timer took 310 us
Timer Host Based C++ Timer took 310 us
Timer Host Based C++ Timer took 306 us
Timer Host Based C++ Timer took 310 us
Timer Host Based C++ Timer took 310 us
Timer Host Based C++ Timer took 309 us
Timer Host Based C++ Timer took 308 us
Timer Host Based C++ Timer took 316 us
Timer Host Based C++ Timer took 310 us
Timer Host Based C++ Timer took 303 us
Timer Host Based C++ Timer took 309 us
Timer Host Based C++ Timer took 304 us
Timer Host Based C++ Timer took 306 us
Timer Host Based C++ Timer took 305 us
Timer Host Based C++ Timer took 303 us
Timer Host Based C++ Timer took 309 us
Timer Host Based C++ Timer took 310 us
Timer Host Based C++ Timer took 310 us
Timer Host Based C++ Timer took 311 us
Timer Host Based C++ Timer took 307 us
Timer Host Based C++ Timer took 307 us
Timer Host Based C++ Timer took 309 us
Timer Host Based C++ Timer took 309 us
Timer Host Based C++ Timer took 300 us
Timer Host Based C++ Timer took 303 us
Timer Host Based C++ Timer took 313 us
Timer Host Based C++ Timer took 306 us
Timer Host Based C++ Timer took 309 us
Timer Host Based C++ Timer took 303 us
Timer Host Based C++ Timer took 312 us
Timer Host Based C++ Timer took 310 us
Timer Host Based C++ Timer took 308 us
Timer Host Based C++ Timer took 312 us
Timer Host Based C++ Timer took 306 us
Timer Host Based C++ Timer took 313 us
Timer Host Based C++ Timer took 300 us
Timer Host Based C++ Timer took 303 us
Timer Host Based C++ Timer took 312 us
Timer Host Based C++ Timer took 308 us
Timer Host Based C++ Timer took 305 us
Timer Host Based C++ Timer took 301 us
Timer Host Based C++ Timer took 310 us
Timer Host Based C++ Timer took 313 us
Timer Host Based C++ Timer took 309 us
Timer Host Based C++ Timer took 301 us
Timer Host Based C++ Timer took 308 us
Timer Host Based C++ Timer took 311 us
Timer Host Based C++ Timer took 310 us
Timer Host Based C++ Timer took 316 us
Timer Host Based C++ Timer took 308 us
Timer Host Based C++ Timer took 306 us
Timer Host Based C++ Timer took 299 us
Timer Host Based C++ Timer took 304 us
Timer Host Based C++ Timer took 311 us
Timer Host Based C++ Timer took 307 us
Timer Host Based C++ Timer took 303 us
Timer Host Based C++ Timer took 311 us
Timer Host Based C++ Timer took 310 us
Timer Host Based C++ Timer took 309 us
Timer Host Based C++ Timer took 308 us
Timer Host Based C++ Timer took 308 us
Timer Host Based C++ Timer took 317 us
Timer Host Based C++ Timer took 315 us
Timer Host Based C++ Timer took 308 us
Timer Host Based C++ Timer took 304 us
Timer Host Based C++ Timer took 306 us
Timer Host Based C++ Timer took 310 us
Timer Host Based C++ Timer took 306 us
Timer Host Based C++ Timer took 306 us
Timer Host Based C++ Timer took 302 us
Timer Host Based C++ Timer took 314 us
Timer Host Based C++ Timer took 308 us
Timer Host Based C++ Timer took 314 us
Timer Host Based C++ Timer took 306 us
Timer Host Based C++ Timer took 305 us
Timer Host Based C++ Timer took 305 us
Timer Host Based C++ Timer took 313 us
Timer Host Based C++ Timer took 313 us
Timer Host Based C++ Timer took 313 us
Timer Host Based C++ Timer took 309 us
Timer Host Based C++ Timer took 305 us
Timer Host Based C++ Timer took 304 us
Timer Host Based C++ Timer took 308 us
Timer Host Based C++ Timer took 307 us
Timer Host Based C++ Timer took 311 us
Timer Host Based C++ Timer took 308 us
Timer Host Based C++ Timer took 306 us
Timer Host Based C++ Timer took 311 us
Timer Host Based C++ Timer took 304 us
Timer Host Based C++ Timer took 304 us
Timer Host Based C++ Timer took 311 us
Timer Host Based C++ Timer took 304 us
Timer Host Based C++ Timer took 306 us
Timer Host Based C++ Timer took 310 us
Timer Host Based C++ Timer took 304 us
Timer Host Based C++ Timer took 304 us
Timer Host Based C++ Timer took 306 us
Timer Host Based C++ Timer took 305 us
Timer Host Based C++ Timer took 304 us
Timer Host Based C++ Timer took 328 us
Timer Host Based C++ Timer took 314 us
Timer Host Based C++ Timer took 307 us
Timer Host Based C++ Timer took 308 us
Timer Host Based C++ Timer took 306 us
Timer Host Based C++ Timer took 302 us
Timer Host Based C++ Timer took 308 us
Timer Host Based C++ Timer took 303 us
Timer Host Based C++ Timer took 306 us
Timer Host Based C++ Timer took 309 us
Timer Host Based C++ Timer took 300 us
Timer Host Based C++ Timer took 307 us
Timer Host Based C++ Timer took 306 us
Timer Host Based C++ Timer took 316 us
Timer Host Based C++ Timer took 310 us
Timer Host Based C++ Timer took 308 us
Timer Host Based C++ Timer took 305 us
Timer Host Based C++ Timer took 309 us
Timer Host Based C++ Timer took 303 us
Timer Host Based C++ Timer took 298 us
Timer Host Based C++ Timer took 311 us
Timer Host Based C++ Timer took 307 us
Timer Host Based C++ Timer took 309 us
Timer Host Based C++ Timer took 313 us
Timer Host Based C++ Timer took 308 us
Timer Host Based C++ Timer took 300 us
Timer Host Based C++ Timer took 307 us
Timer Host Based C++ Timer took 306 us
Timer Host Based C++ Timer took 302 us
Timer Host Based C++ Timer took 306 us
Timer Host Based C++ Timer took 298 us
Timer Host Based C++ Timer took 312 us
Timer Host Based C++ Timer took 303 us
Timer Host Based C++ Timer took 302 us
Timer Host Based C++ Timer took 305 us
Timer Host Based C++ Timer took 301 us
Timer Host Based C++ Timer took 304 us
Timer Host Based C++ Timer took 311 us
Timer Host Based C++ Timer took 307 us
Timer Host Based C++ Timer took 308 us
Timer Host Based C++ Timer took 306 us
Timer Host Based C++ Timer took 303 us
Timer Host Based C++ Timer took 305 us
Timer Host Based C++ Timer took 309 us
Timer Host Based C++ Timer took 303 us
Timer Host Based C++ Timer took 309 us
Timer Host Based C++ Timer took 306 us
Timer Host Based C++ Timer took 312 us
Timer Host Based C++ Timer took 301 us
Timer Host Based C++ Timer took 305 us
Timer Host Based C++ Timer took 306 us
Timer Host Based C++ Timer took 299 us
Timer Host Based C++ Timer took 301 us
Timer Host Based C++ Timer took 304 us
Timer Host Based C++ Timer took 304 us
Timer Host Based C++ Timer took 303 us
Timer Host Based C++ Timer took 304 us
Timer Host Based C++ Timer took 303 us
Timer Host Based C++ Timer took 308 us
Timer Host Based C++ Timer took 312 us
Timer Host Based C++ Timer took 306 us
Timer Host Based C++ Timer took 309 us
Timer Host Based C++ Timer took 312 us
Timer Host Based C++ Timer took 315 us
Timer Host Based C++ Timer took 319 us
Timer Host Based C++ Timer took 303 us
Timer Host Based C++ Timer took 298 us
Timer Host Based C++ Timer took 299 us
Timer Host Based C++ Timer took 310 us
Timer Host Based C++ Timer took 312 us
Timer Host Based C++ Timer took 305 us
Timer Host Based C++ Timer took 300 us
Timer Host Based C++ Timer took 306 us
Timer Host Based C++ Timer took 307 us
Timer Host Based C++ Timer took 310 us
Timer Host Based C++ Timer took 298 us
Timer Host Based C++ Timer took 306 us
Timer Host Based C++ Timer took 303 us
Timer Host Based C++ Timer took 329 us
Timer Host Based C++ Timer took 325 us
Timer Host Based C++ Timer took 310 us
Timer Host Based C++ Timer took 308 us
Timer Host Based C++ Timer took 302 us
Timer Host Based C++ Timer took 303 us
Timer Host Based C++ Timer took 305 us
Timer Host Based C++ Timer took 311 us
Timer Host Based C++ Timer took 302 us
Timer Host Based C++ Timer took 307 us
Timer Host Based C++ Timer took 303 us
Timer Host Based C++ Timer took 302 us
Timer Host Based C++ Timer took 308 us
Timer Host Based C++ Timer took 296 us
Timer Host Based C++ Timer took 307 us
Timer Host Based C++ Timer took 304 us
Timer Host Based C++ Timer took 302 us
Timer Host Based C++ Timer took 305 us
Timer Host Based C++ Timer took 296 us
Timer Host Based C++ Timer took 307 us
Timer Host Based C++ Timer took 300 us
Timer Host Based C++ Timer took 305 us
Timer Host Based C++ Timer took 308 us
Timer Host Based C++ Timer took 307 us
Timer Host Based C++ Timer took 301 us
Timer Host Based C++ Timer took 302 us
Timer Host Based C++ Timer took 303 us
Timer Host Based C++ Timer took 299 us
Timer Host Based C++ Timer took 299 us
Timer Host Based C++ Timer took 298 us
Timer Host Based C++ Timer took 301 us
Timer Host Based C++ Timer took 309 us
Timer Host Based C++ Timer took 307 us
Timer Host Based C++ Timer took 295 us
Timer Host Based C++ Timer took 296 us
Timer Host Based C++ Timer took 295 us
Timer Host Based C++ Timer took 297 us
Timer Host Based C++ Timer took 306 us
Timer Host Based C++ Timer took 297 us
Timer Host Based C++ Timer took 299 us
Timer Host Based C++ Timer took 301 us
Timer Host Based C++ Timer took 304 us
Timer Host Based C++ Timer took 299 us
Timer Host Based C++ Timer took 300 us
Timer Host Based C++ Timer took 297 us
Timer Host Based C++ Timer took 302 us
Timer Host Based C++ Timer took 296 us
Timer Host Based C++ Timer took 299 us
Timer Host Based C++ Timer took 300 us
Timer Host Based C++ Timer took 323 us
Timer Host Based C++ Timer took 305 us
Timer Host Based C++ Timer took 306 us
Timer Host Based C++ Timer took 304 us
Timer Host Based C++ Timer took 308 us
Timer Host Based C++ Timer took 311 us
Timer Host Based C++ Timer took 300 us
Timer Host Based C++ Timer took 305 us
Timer Host Based C++ Timer took 304 us
Timer Host Based C++ Timer took 310 us
Timer Host Based C++ Timer took 302 us
Timer Host Based C++ Timer took 309 us
Timer Host Based C++ Timer took 307 us
Timer Host Based C++ Timer took 303 us
Timer Host Based C++ Timer took 299 us
Timer Host Based C++ Timer took 300 us
Timer Host Based C++ Timer took 311 us
Timer Host Based C++ Timer took 299 us
Timer Host Based C++ Timer took 309 us
Timer Host Based C++ Timer took 301 us
Timer Host Based C++ Timer took 309 us
Timer Host Based C++ Timer took 303 us
Timer Host Based C++ Timer took 307 us
Timer Host Based C++ Timer took 301 us
Timer Host Based C++ Timer took 306 us
Timer Host Based C++ Timer took 310 us
Timer Host Based C++ Timer took 310 us
Timer Host Based C++ Timer took 304 us
Timer Host Based C++ Timer took 303 us
Timer Host Based C++ Timer took 300 us
Timer Host Based C++ Timer took 299 us
Timer Host Based C++ Timer took 311 us
Timer Host Based C++ Timer took 305 us
Timer Host Based C++ Timer took 304 us
Timer Host Based C++ Timer took 301 us
Timer Host Based C++ Timer took 304 us
Timer Host Based C++ Timer took 302 us
Timer Host Based C++ Timer took 309 us
Timer Host Based C++ Timer took 302 us
Timer Host Based C++ Timer took 310 us
Timer Host Based C++ Timer took 302 us
Timer Host Based C++ Timer took 300 us
Timer Host Based C++ Timer took 309 us
Timer Host Based C++ Timer took 310 us
Timer Host Based C++ Timer took 311 us
Timer Host Based C++ Timer took 310 us
Step 7 done.
Writing to: "/capstor/scratch/cscs/ybudanaz/icon-artifacts/velocity/gotwant/data_nproma20480/global_data_7.got"
Writing to: "/capstor/scratch/cscs/ybudanaz/icon-artifacts/velocity/gotwant/data_nproma20480/global_data_7.want"
Writing to: "/capstor/scratch/cscs/ybudanaz/icon-artifacts/velocity/gotwant/data_nproma20480/p_diag_7.got"
Writing to: "/capstor/scratch/cscs/ybudanaz/icon-artifacts/velocity/gotwant/data_nproma20480/p_metrics_7.got"
Writing to: "/capstor/scratch/cscs/ybudanaz/icon-artifacts/velocity/gotwant/data_nproma20480/p_metrics_7.want"
Writing to: "/capstor/scratch/cscs/ybudanaz/icon-artifacts/velocity/gotwant/data_nproma20480/p_diag_7.want"
Writing to: "/capstor/scratch/cscs/ybudanaz/icon-artifacts/velocity/gotwant/data_nproma20480/p_prog_7.got"
Writing to: "/capstor/scratch/cscs/ybudanaz/icon-artifacts/velocity/gotwant/data_nproma20480/z_kin_hor_e_7.got"
Writing to: "/capstor/scratch/cscs/ybudanaz/icon-artifacts/velocity/gotwant/data_nproma20480/p_prog_7.want"
Writing to: "/capstor/scratch/cscs/ybudanaz/icon-artifacts/velocity/gotwant/data_nproma20480/z_kin_hor_e_7.want"
Writing to: "/capstor/scratch/cscs/ybudanaz/icon-artifacts/velocity/gotwant/data_nproma20480/z_w_concorr_me_7.got"
Writing to: "/capstor/scratch/cscs/ybudanaz/icon-artifacts/velocity/gotwant/data_nproma20480/z_vt_ie_7.want"
Writing to: "/capstor/scratch/cscs/ybudanaz/icon-artifacts/velocity/gotwant/data_nproma20480/z_vt_ie_7.got"
Writing to: "/capstor/scratch/cscs/ybudanaz/icon-artifacts/velocity/gotwant/data_nproma20480/z_w_concorr_me_7.want"
Reading from: "data_nproma20480/p_diag.t0.9.data"
Reading from: "data_nproma20480/p_int.9.data"
Reading from: "data_nproma20480/p_patch.9.data"
Reading from: "data_nproma20480/global_data.t0.9.data"
Reading from: "data_nproma20480/p_diag.t1.9.data"
Reading from: "data_nproma20480/global_data.t1.9.data"
Reading from: "data_nproma20480/p_metrics.t0.9.data"
Reading from: "data_nproma20480/p_metrics.t1.9.data"
Reading from: "data_nproma20480/p_prog.t0.9.data"
Reading from: "data_nproma20480/z_kin_hor_e.t1.9.data"
Reading from: "data_nproma20480/z_vt_ie.t0.9.data"
Reading from: "data_nproma20480/z_vt_ie.t1.9.data"
Reading from: "data_nproma20480/istep.9.data"
Reading from: "data_nproma20480/ldeepatmo.9.data"
Reading from: "data_nproma20480/z_w_concorr_me.t0.9.data"
Reading from: "data_nproma20480/p_prog.t1.9.data"
Reading from: "data_nproma20480/z_w_concorr_me.t1.9.data"
Reading from: "data_nproma20480/ntnd.9.data"
Reading from: "data_nproma20480/dtime.9.data"
Reading from: "data_nproma20480/lvn_only.9.data"
Reading from: "data_nproma20480/dt_linintp_ubc.9.data"
Reading from: "data_nproma20480/z_kin_hor_e.t0.9.data"
Step 9 variables, extra_diffu: 1, istep: 2, lvn_only: 0, ldeepatmo: 0
Iteration: 0
Timer Host Based C++ Timer took 541 us
Iteration: 1
Timer Host Based C++ Timer took 311 us
Iteration: 2
Timer Host Based C++ Timer took 300 us
Iteration: 3
Timer Host Based C++ Timer took 309 us
Iteration: 4
Timer Host Based C++ Timer took 305 us
Iteration: 5
Timer Host Based C++ Timer took 299 us
Iteration: 6
Timer Host Based C++ Timer took 306 us
Iteration: 7
Timer Host Based C++ Timer took 308 us
Iteration: 8
Timer Host Based C++ Timer took 308 us
Iteration: 9
Timer Host Based C++ Timer took 308 us
Iteration: 10
Timer Host Based C++ Timer took 305 us
Iteration: 11
Timer Host Based C++ Timer took 313 us
Iteration: 12
Timer Host Based C++ Timer took 310 us
Iteration: 13
Timer Host Based C++ Timer took 309 us
Iteration: 14
Timer Host Based C++ Timer took 302 us
Iteration: 15
Timer Host Based C++ Timer took 305 us
Iteration: 16
Timer Host Based C++ Timer took 306 us
Iteration: 17
Timer Host Based C++ Timer took 305 us
Iteration: 18
Timer Host Based C++ Timer took 301 us
Iteration: 19
Timer Host Based C++ Timer took 301 us
Iteration: 20
Timer Host Based C++ Timer took 305 us
Iteration: 21
Timer Host Based C++ Timer took 298 us
Iteration: 22
Timer Host Based C++ Timer took 300 us
Iteration: 23
Timer Host Based C++ Timer took 303 us
Iteration: 24
Timer Host Based C++ Timer took 306 us
Iteration: 25
Timer Host Based C++ Timer took 304 us
Iteration: 26
Timer Host Based C++ Timer took 301 us
Iteration: 27
Timer Host Based C++ Timer took 312 us
Iteration: 28
Timer Host Based C++ Timer took 302 us
Iteration: 29
Timer Host Based C++ Timer took 303 us
Iteration: 30
Timer Host Based C++ Timer took 301 us
Iteration: 31
Timer Host Based C++ Timer took 304 us
Iteration: 32
Timer Host Based C++ Timer took 303 us
Iteration: 33
Timer Host Based C++ Timer took 299 us
Iteration: 34
Timer Host Based C++ Timer took 301 us
Iteration: 35
Timer Host Based C++ Timer took 304 us
Iteration: 36
Timer Host Based C++ Timer took 300 us
Iteration: 37
Timer Host Based C++ Timer took 302 us
Iteration: 38
Timer Host Based C++ Timer took 302 us
Iteration: 39
Timer Host Based C++ Timer took 296 us
Iteration: 40
Timer Host Based C++ Timer took 305 us
Iteration: 41
Timer Host Based C++ Timer took 300 us
Iteration: 42
Timer Host Based C++ Timer took 303 us
Iteration: 43
Timer Host Based C++ Timer took 299 us
Iteration: 44
Timer Host Based C++ Timer took 304 us
Iteration: 45
Timer Host Based C++ Timer took 302 us
Iteration: 46
Timer Host Based C++ Timer took 302 us
Iteration: 47
Timer Host Based C++ Timer took 301 us
Iteration: 48
Timer Host Based C++ Timer took 301 us
Iteration: 49
Timer Host Based C++ Timer took 294 us
Iteration: 50
Timer Host Based C++ Timer took 292 us
Iteration: 51
Timer Host Based C++ Timer took 300 us
Iteration: 52
Timer Host Based C++ Timer took 299 us
Iteration: 53
Timer Host Based C++ Timer took 299 us
Iteration: 54
Timer Host Based C++ Timer took 302 us
Iteration: 55
Timer Host Based C++ Timer took 301 us
Iteration: 56
Timer Host Based C++ Timer took 302 us
Iteration: 57
Timer Host Based C++ Timer took 301 us
Iteration: 58
Timer Host Based C++ Timer took 304 us
Iteration: 59
Timer Host Based C++ Timer took 299 us
Iteration: 60
Timer Host Based C++ Timer took 297 us
Iteration: 61
Timer Host Based C++ Timer took 300 us
Iteration: 62
Timer Host Based C++ Timer took 296 us
Iteration: 63
Timer Host Based C++ Timer took 300 us
Iteration: 64
Timer Host Based C++ Timer took 293 us
Iteration: 65
Timer Host Based C++ Timer took 298 us
Iteration: 66
Timer Host Based C++ Timer took 302 us
Iteration: 67
Timer Host Based C++ Timer took 302 us
Iteration: 68
Timer Host Based C++ Timer took 292 us
Iteration: 69
Timer Host Based C++ Timer took 301 us
Iteration: 70
Timer Host Based C++ Timer took 302 us
Iteration: 71
Timer Host Based C++ Timer took 302 us
Iteration: 72
Timer Host Based C++ Timer took 305 us
Iteration: 73
Timer Host Based C++ Timer took 299 us
Iteration: 74
Timer Host Based C++ Timer took 300 us
Iteration: 75
Timer Host Based C++ Timer took 299 us
Iteration: 76
Timer Host Based C++ Timer took 299 us
Iteration: 77
Timer Host Based C++ Timer took 300 us
Iteration: 78
Timer Host Based C++ Timer took 300 us
Iteration: 79
Timer Host Based C++ Timer took 300 us
Iteration: 80
Timer Host Based C++ Timer took 304 us
Iteration: 81
Timer Host Based C++ Timer took 300 us
Iteration: 82
Timer Host Based C++ Timer took 306 us
Iteration: 83
Timer Host Based C++ Timer took 300 us
Iteration: 84
Timer Host Based C++ Timer took 299 us
Iteration: 85
Timer Host Based C++ Timer took 297 us
Iteration: 86
Timer Host Based C++ Timer took 302 us
Iteration: 87
Timer Host Based C++ Timer took 304 us
Iteration: 88
Timer Host Based C++ Timer took 301 us
Iteration: 89
Timer Host Based C++ Timer took 300 us
Iteration: 90
Timer Host Based C++ Timer took 296 us
Iteration: 91
Timer Host Based C++ Timer took 302 us
Iteration: 92
Timer Host Based C++ Timer took 299 us
Iteration: 93
Timer Host Based C++ Timer took 298 us
Iteration: 94
Timer Host Based C++ Timer took 312 us
Iteration: 95
Timer Host Based C++ Timer took 300 us
Iteration: 96
Timer Host Based C++ Timer took 303 us
Iteration: 97
Timer Host Based C++ Timer took 297 us
Iteration: 98
Timer Host Based C++ Timer took 303 us
Iteration: 99
Timer Host Based C++ Timer took 300 us
Iteration: 100
Timer Host Based C++ Timer took 298 us
Iteration: 101
Timer Host Based C++ Timer took 300 us
Iteration: 102
Timer Host Based C++ Timer took 298 us
Iteration: 103
Timer Host Based C++ Timer took 299 us
Iteration: 104
Timer Host Based C++ Timer took 302 us
Iteration: 105
Timer Host Based C++ Timer took 300 us
Iteration: 106
Timer Host Based C++ Timer took 302 us
Iteration: 107
Timer Host Based C++ Timer took 302 us
Iteration: 108
Timer Host Based C++ Timer took 295 us
Iteration: 109
Timer Host Based C++ Timer took 301 us
Iteration: 110
Timer Host Based C++ Timer took 292 us
Iteration: 111
Timer Host Based C++ Timer took 299 us
Iteration: 112
Timer Host Based C++ Timer took 303 us
Iteration: 113
Timer Host Based C++ Timer took 299 us
Iteration: 114
Timer Host Based C++ Timer took 290 us
Iteration: 115
Timer Host Based C++ Timer took 301 us
Iteration: 116
Timer Host Based C++ Timer took 297 us
Iteration: 117
Timer Host Based C++ Timer took 295 us
Iteration: 118
Timer Host Based C++ Timer took 299 us
Iteration: 119
Timer Host Based C++ Timer took 300 us
Iteration: 120
Timer Host Based C++ Timer took 299 us
Iteration: 121
Timer Host Based C++ Timer took 302 us
Iteration: 122
Timer Host Based C++ Timer took 294 us
Iteration: 123
Timer Host Based C++ Timer took 296 us
Iteration: 124
Timer Host Based C++ Timer took 298 us
Iteration: 125
Timer Host Based C++ Timer took 308 us
Iteration: 126
Timer Host Based C++ Timer took 300 us
Iteration: 127
Timer Host Based C++ Timer took 296 us
Iteration: 128
Timer Host Based C++ Timer took 298 us
Iteration: 129
Timer Host Based C++ Timer took 295 us
Iteration: 130
Timer Host Based C++ Timer took 301 us
Iteration: 131
Timer Host Based C++ Timer took 299 us
Iteration: 132
Timer Host Based C++ Timer took 294 us
Iteration: 133
Timer Host Based C++ Timer took 299 us
Iteration: 134
Timer Host Based C++ Timer took 306 us
Iteration: 135
Timer Host Based C++ Timer took 300 us
Iteration: 136
Timer Host Based C++ Timer took 298 us
Iteration: 137
Timer Host Based C++ Timer took 296 us
Iteration: 138
Timer Host Based C++ Timer took 300 us
Iteration: 139
Timer Host Based C++ Timer took 300 us
Iteration: 140
Timer Host Based C++ Timer took 306 us
Iteration: 141
Timer Host Based C++ Timer took 301 us
Iteration: 142
Timer Host Based C++ Timer took 293 us
Iteration: 143
Timer Host Based C++ Timer took 300 us
Iteration: 144
Timer Host Based C++ Timer took 298 us
Iteration: 145
Timer Host Based C++ Timer took 298 us
Iteration: 146
Timer Host Based C++ Timer took 291 us
Iteration: 147
Timer Host Based C++ Timer took 300 us
Iteration: 148
Timer Host Based C++ Timer took 299 us
Iteration: 149
Timer Host Based C++ Timer took 294 us
Iteration: 150
Timer Host Based C++ Timer took 302 us
Iteration: 151
Timer Host Based C++ Timer took 297 us
Iteration: 152
Timer Host Based C++ Timer took 296 us
Iteration: 153
Timer Host Based C++ Timer took 294 us
Iteration: 154
Timer Host Based C++ Timer took 297 us
Iteration: 155
Timer Host Based C++ Timer took 297 us
Iteration: 156
Timer Host Based C++ Timer took 299 us
Iteration: 157
Timer Host Based C++ Timer took 296 us
Iteration: 158
Timer Host Based C++ Timer took 299 us
Iteration: 159
Timer Host Based C++ Timer took 296 us
Iteration: 160
Timer Host Based C++ Timer took 297 us
Iteration: 161
Timer Host Based C++ Timer took 295 us
Iteration: 162
Timer Host Based C++ Timer took 304 us
Iteration: 163
Timer Host Based C++ Timer took 301 us
Iteration: 164
Timer Host Based C++ Timer took 298 us
Iteration: 165
Timer Host Based C++ Timer took 296 us
Iteration: 166
Timer Host Based C++ Timer took 296 us
Iteration: 167
Timer Host Based C++ Timer took 296 us
Iteration: 168
Timer Host Based C++ Timer took 301 us
Iteration: 169
Timer Host Based C++ Timer took 299 us
Iteration: 170
Timer Host Based C++ Timer took 293 us
Iteration: 171
Timer Host Based C++ Timer took 295 us
Iteration: 172
Timer Host Based C++ Timer took 294 us
Iteration: 173
Timer Host Based C++ Timer took 296 us
Iteration: 174
Timer Host Based C++ Timer took 300 us
Iteration: 175
Timer Host Based C++ Timer took 295 us
Iteration: 176
Timer Host Based C++ Timer took 299 us
Iteration: 177
Timer Host Based C++ Timer took 290 us
Iteration: 178
Timer Host Based C++ Timer took 298 us
Iteration: 179
Timer Host Based C++ Timer took 298 us
Iteration: 180
Timer Host Based C++ Timer took 299 us
Iteration: 181
Timer Host Based C++ Timer took 298 us
Iteration: 182
Timer Host Based C++ Timer took 292 us
Iteration: 183
Timer Host Based C++ Timer took 299 us
Iteration: 184
Timer Host Based C++ Timer took 296 us
Iteration: 185
Timer Host Based C++ Timer took 296 us
Iteration: 186
Timer Host Based C++ Timer took 300 us
Iteration: 187
Timer Host Based C++ Timer took 296 us
Iteration: 188
Timer Host Based C++ Timer took 298 us
Iteration: 189
Timer Host Based C++ Timer took 290 us
Iteration: 190
Timer Host Based C++ Timer took 294 us
Iteration: 191
Timer Host Based C++ Timer took 296 us
Iteration: 192
Timer Host Based C++ Timer took 299 us
Iteration: 193
Timer Host Based C++ Timer took 292 us
Iteration: 194
Timer Host Based C++ Timer took 295 us
Iteration: 195
Timer Host Based C++ Timer took 295 us
Iteration: 196
Timer Host Based C++ Timer took 298 us
Iteration: 197
Timer Host Based C++ Timer took 298 us
Iteration: 198
Timer Host Based C++ Timer took 298 us
Iteration: 199
Timer Host Based C++ Timer took 294 us
Iteration: 200
Timer Host Based C++ Timer took 297 us
Iteration: 201
Timer Host Based C++ Timer took 292 us
Iteration: 202
Timer Host Based C++ Timer took 292 us
Iteration: 203
Timer Host Based C++ Timer took 297 us
Iteration: 204
Timer Host Based C++ Timer took 303 us
Iteration: 205
Timer Host Based C++ Timer took 299 us
Iteration: 206
Timer Host Based C++ Timer took 294 us
Iteration: 207
Timer Host Based C++ Timer took 296 us
Iteration: 208
Timer Host Based C++ Timer took 295 us
Iteration: 209
Timer Host Based C++ Timer took 295 us
Iteration: 210
Timer Host Based C++ Timer took 300 us
Iteration: 211
Timer Host Based C++ Timer took 293 us
Iteration: 212
Timer Host Based C++ Timer took 294 us
Iteration: 213
Timer Host Based C++ Timer took 297 us
Iteration: 214
Timer Host Based C++ Timer took 293 us
Iteration: 215
Timer Host Based C++ Timer took 299 us
Iteration: 216
Timer Host Based C++ Timer took 294 us
Iteration: 217
Timer Host Based C++ Timer took 346 us
Iteration: 218
Timer Host Based C++ Timer took 307 us
Iteration: 219
Timer Host Based C++ Timer took 298 us
Iteration: 220
Timer Host Based C++ Timer took 299 us
Iteration: 221
Timer Host Based C++ Timer took 300 us
Iteration: 222
Timer Host Based C++ Timer took 297 us
Iteration: 223
Timer Host Based C++ Timer took 294 us
Iteration: 224
Timer Host Based C++ Timer took 300 us
Iteration: 225
Timer Host Based C++ Timer took 296 us
Iteration: 226
Timer Host Based C++ Timer took 292 us
Iteration: 227
Timer Host Based C++ Timer took 295 us
Iteration: 228
Timer Host Based C++ Timer took 296 us
Iteration: 229
Timer Host Based C++ Timer took 295 us
Iteration: 230
Timer Host Based C++ Timer took 296 us
Iteration: 231
Timer Host Based C++ Timer took 294 us
Iteration: 232
Timer Host Based C++ Timer took 295 us
Iteration: 233
Timer Host Based C++ Timer took 293 us
Iteration: 234
Timer Host Based C++ Timer took 297 us
Iteration: 235
Timer Host Based C++ Timer took 298 us
Iteration: 236
Timer Host Based C++ Timer took 295 us
Iteration: 237
Timer Host Based C++ Timer took 297 us
Iteration: 238
Timer Host Based C++ Timer took 305 us
Iteration: 239
Timer Host Based C++ Timer took 292 us
Iteration: 240
Timer Host Based C++ Timer took 297 us
Iteration: 241
Timer Host Based C++ Timer took 294 us
Iteration: 242
Timer Host Based C++ Timer took 296 us
Iteration: 243
Timer Host Based C++ Timer took 290 us
Iteration: 244
Timer Host Based C++ Timer took 293 us
Iteration: 245
Timer Host Based C++ Timer took 295 us
Iteration: 246
Timer Host Based C++ Timer took 292 us
Iteration: 247
Timer Host Based C++ Timer took 295 us
Iteration: 248
Timer Host Based C++ Timer took 296 us
Iteration: 249
Timer Host Based C++ Timer took 295 us
Iteration: 250
Timer Host Based C++ Timer took 296 us
Iteration: 251
Timer Host Based C++ Timer took 294 us
Iteration: 252
Timer Host Based C++ Timer took 296 us
Iteration: 253
Timer Host Based C++ Timer took 298 us
Iteration: 254
Timer Host Based C++ Timer took 296 us
Iteration: 255
Timer Host Based C++ Timer took 293 us
Iteration: 256
Timer Host Based C++ Timer took 293 us
Iteration: 257
Timer Host Based C++ Timer took 295 us
Iteration: 258
Timer Host Based C++ Timer took 295 us
Iteration: 259
Timer Host Based C++ Timer took 293 us
Iteration: 260
Timer Host Based C++ Timer took 297 us
Iteration: 261
Timer Host Based C++ Timer took 292 us
Iteration: 262
Timer Host Based C++ Timer took 295 us
Iteration: 263
Timer Host Based C++ Timer took 288 us
Iteration: 264
Timer Host Based C++ Timer took 299 us
Iteration: 265
Timer Host Based C++ Timer took 291 us
Iteration: 266
Timer Host Based C++ Timer took 294 us
Iteration: 267
Timer Host Based C++ Timer took 296 us
Iteration: 268
Timer Host Based C++ Timer took 292 us
Iteration: 269
Timer Host Based C++ Timer took 294 us
Iteration: 270
Timer Host Based C++ Timer took 292 us
Iteration: 271
Timer Host Based C++ Timer took 293 us
Iteration: 272
Timer Host Based C++ Timer took 295 us
Iteration: 273
Timer Host Based C++ Timer took 293 us
Iteration: 274
Timer Host Based C++ Timer took 296 us
Iteration: 275
Timer Host Based C++ Timer took 289 us
Iteration: 276
Timer Host Based C++ Timer took 298 us
Iteration: 277
Timer Host Based C++ Timer took 294 us
Iteration: 278
Timer Host Based C++ Timer took 291 us
Iteration: 279
Timer Host Based C++ Timer took 295 us
Iteration: 280
Timer Host Based C++ Timer took 299 us
Iteration: 281
Timer Host Based C++ Timer took 295 us
Iteration: 282
Timer Host Based C++ Timer took 297 us
Iteration: 283
Timer Host Based C++ Timer took 294 us
Iteration: 284
Timer Host Based C++ Timer took 298 us
Iteration: 285
Timer Host Based C++ Timer took 296 us
Iteration: 286
Timer Host Based C++ Timer took 296 us
Iteration: 287
Timer Host Based C++ Timer took 296 us
Iteration: 288
Timer Host Based C++ Timer took 296 us
Iteration: 289
Timer Host Based C++ Timer took 294 us
Iteration: 290
Timer Host Based C++ Timer took 296 us
Iteration: 291
Timer Host Based C++ Timer took 295 us
Iteration: 292
Timer Host Based C++ Timer took 296 us
Iteration: 293
Timer Host Based C++ Timer took 297 us
Iteration: 294
Timer Host Based C++ Timer took 291 us
Iteration: 295
Timer Host Based C++ Timer took 293 us
Iteration: 296
Timer Host Based C++ Timer took 295 us
Iteration: 297
Timer Host Based C++ Timer took 294 us
Iteration: 298
Timer Host Based C++ Timer took 298 us
Iteration: 299
Timer Host Based C++ Timer took 299 us
Iteration: 300
Timer Host Based C++ Timer took 297 us
Iteration: 301
Timer Host Based C++ Timer took 294 us
Iteration: 302
Timer Host Based C++ Timer took 294 us
Iteration: 303
Timer Host Based C++ Timer took 293 us
Iteration: 304
Timer Host Based C++ Timer took 300 us
Iteration: 305
Timer Host Based C++ Timer took 299 us
Iteration: 306
Timer Host Based C++ Timer took 293 us
Iteration: 307
Timer Host Based C++ Timer took 295 us
Iteration: 308
Timer Host Based C++ Timer took 295 us
Iteration: 309
Timer Host Based C++ Timer took 293 us
Iteration: 310
Timer Host Based C++ Timer took 298 us
Iteration: 311
Timer Host Based C++ Timer took 297 us
Iteration: 312
Timer Host Based C++ Timer took 290 us
Iteration: 313
Timer Host Based C++ Timer took 297 us
Iteration: 314
Timer Host Based C++ Timer took 292 us
Iteration: 315
Timer Host Based C++ Timer took 294 us
Iteration: 316
Timer Host Based C++ Timer took 295 us
Iteration: 317
Timer Host Based C++ Timer took 294 us
Iteration: 318
Timer Host Based C++ Timer took 290 us
Iteration: 319
Timer Host Based C++ Timer took 297 us
Iteration: 320
Timer Host Based C++ Timer took 295 us
Iteration: 321
Timer Host Based C++ Timer took 293 us
Iteration: 322
Timer Host Based C++ Timer took 293 us
Iteration: 323
Timer Host Based C++ Timer took 296 us
Iteration: 324
Timer Host Based C++ Timer took 298 us
Iteration: 325
Timer Host Based C++ Timer took 300 us
Iteration: 326
Timer Host Based C++ Timer took 295 us
Iteration: 327
Timer Host Based C++ Timer took 297 us
Iteration: 328
Timer Host Based C++ Timer took 292 us
Iteration: 329
Timer Host Based C++ Timer took 297 us
Iteration: 330
Timer Host Based C++ Timer took 297 us
Iteration: 331
Timer Host Based C++ Timer took 297 us
Iteration: 332
Timer Host Based C++ Timer took 294 us
Iteration: 333
Timer Host Based C++ Timer took 295 us
Iteration: 334
Timer Host Based C++ Timer took 295 us
Iteration: 335
Timer Host Based C++ Timer took 297 us
Iteration: 336
Timer Host Based C++ Timer took 299 us
Iteration: 337
Timer Host Based C++ Timer took 296 us
Iteration: 338
Timer Host Based C++ Timer took 295 us
Iteration: 339
Timer Host Based C++ Timer took 291 us
Iteration: 340
Timer Host Based C++ Timer took 299 us
Iteration: 341
Timer Host Based C++ Timer took 297 us
Iteration: 342
Timer Host Based C++ Timer took 296 us
Iteration: 343
Timer Host Based C++ Timer took 297 us
Iteration: 344
Timer Host Based C++ Timer took 299 us
Iteration: 345
Timer Host Based C++ Timer took 298 us
Iteration: 346
Timer Host Based C++ Timer took 295 us
Iteration: 347
Timer Host Based C++ Timer took 293 us
Iteration: 348
Timer Host Based C++ Timer took 293 us
Iteration: 349
Timer Host Based C++ Timer took 293 us
Iteration: 350
Timer Host Based C++ Timer took 293 us
Iteration: 351
Timer Host Based C++ Timer took 296 us
Iteration: 352
Timer Host Based C++ Timer took 299 us
Iteration: 353
Timer Host Based C++ Timer took 296 us
Iteration: 354
Timer Host Based C++ Timer took 295 us
Iteration: 355
Timer Host Based C++ Timer took 300 us
Iteration: 356
Timer Host Based C++ Timer took 296 us
Iteration: 357
Timer Host Based C++ Timer took 295 us
Iteration: 358
Timer Host Based C++ Timer took 299 us
Iteration: 359
Timer Host Based C++ Timer took 315 us
Iteration: 360
Timer Host Based C++ Timer took 299 us
Iteration: 361
Timer Host Based C++ Timer took 297 us
Iteration: 362
Timer Host Based C++ Timer took 298 us
Iteration: 363
Timer Host Based C++ Timer took 293 us
Iteration: 364
Timer Host Based C++ Timer took 300 us
Iteration: 365
Timer Host Based C++ Timer took 296 us
Iteration: 366
Timer Host Based C++ Timer took 297 us
Iteration: 367
Timer Host Based C++ Timer took 297 us
Iteration: 368
Timer Host Based C++ Timer took 296 us
Iteration: 369
Timer Host Based C++ Timer took 294 us
Iteration: 370
Timer Host Based C++ Timer took 300 us
Iteration: 371
Timer Host Based C++ Timer took 298 us
Iteration: 372
Timer Host Based C++ Timer took 298 us
Iteration: 373
Timer Host Based C++ Timer took 298 us
Iteration: 374
Timer Host Based C++ Timer took 294 us
Iteration: 375
Timer Host Based C++ Timer took 294 us
Iteration: 376
Timer Host Based C++ Timer took 296 us
Iteration: 377
Timer Host Based C++ Timer took 288 us
Iteration: 378
Timer Host Based C++ Timer took 297 us
Iteration: 379
Timer Host Based C++ Timer took 295 us
Iteration: 380
Timer Host Based C++ Timer took 294 us
Iteration: 381
Timer Host Based C++ Timer took 294 us
Iteration: 382
Timer Host Based C++ Timer took 296 us
Iteration: 383
Timer Host Based C++ Timer took 298 us
Iteration: 384
Timer Host Based C++ Timer took 299 us
Iteration: 385
Timer Host Based C++ Timer took 293 us
Iteration: 386
Timer Host Based C++ Timer took 296 us
Iteration: 387
Timer Host Based C++ Timer took 296 us
Iteration: 388
Timer Host Based C++ Timer took 297 us
Iteration: 389
Timer Host Based C++ Timer took 290 us
Iteration: 390
Timer Host Based C++ Timer took 296 us
Iteration: 391
Timer Host Based C++ Timer took 301 us
Iteration: 392
Timer Host Based C++ Timer took 296 us
Iteration: 393
Timer Host Based C++ Timer took 297 us
Iteration: 394
Timer Host Based C++ Timer took 295 us
Iteration: 395
Timer Host Based C++ Timer took 296 us
Iteration: 396
Timer Host Based C++ Timer took 298 us
Iteration: 397
Timer Host Based C++ Timer took 294 us
Iteration: 398
Timer Host Based C++ Timer took 293 us
Iteration: 399
Timer Host Based C++ Timer took 294 us
Iteration: 400
Timer Host Based C++ Timer took 295 us
Iteration: 401
Timer Host Based C++ Timer took 295 us
Iteration: 402
Timer Host Based C++ Timer took 293 us
Iteration: 403
Timer Host Based C++ Timer took 299 us
Iteration: 404
Timer Host Based C++ Timer took 294 us
Iteration: 405
Timer Host Based C++ Timer took 293 us
Iteration: 406
Timer Host Based C++ Timer took 296 us
Iteration: 407
Timer Host Based C++ Timer took 296 us
Iteration: 408
Timer Host Based C++ Timer took 294 us
Iteration: 409
Timer Host Based C++ Timer took 290 us
Iteration: 410
Timer Host Based C++ Timer took 293 us
Iteration: 411
Timer Host Based C++ Timer took 297 us
Iteration: 412
Timer Host Based C++ Timer took 298 us
Iteration: 413
Timer Host Based C++ Timer took 299 us
Iteration: 414
Timer Host Based C++ Timer took 296 us
Iteration: 415
Timer Host Based C++ Timer took 292 us
Iteration: 416
Timer Host Based C++ Timer took 294 us
Iteration: 417
Timer Host Based C++ Timer took 294 us
Iteration: 418
Timer Host Based C++ Timer took 296 us
Iteration: 419
Timer Host Based C++ Timer took 299 us
Iteration: 420
Timer Host Based C++ Timer took 295 us
Iteration: 421
Timer Host Based C++ Timer took 300 us
Iteration: 422
Timer Host Based C++ Timer took 297 us
Iteration: 423
Timer Host Based C++ Timer took 293 us
Iteration: 424
Timer Host Based C++ Timer took 294 us
Iteration: 425
Timer Host Based C++ Timer took 292 us
Iteration: 426
Timer Host Based C++ Timer took 293 us
Iteration: 427
Timer Host Based C++ Timer took 295 us
Iteration: 428
Timer Host Based C++ Timer took 293 us
Iteration: 429
Timer Host Based C++ Timer took 295 us
Iteration: 430
Timer Host Based C++ Timer took 294 us
Iteration: 431
Timer Host Based C++ Timer took 293 us
Iteration: 432
Timer Host Based C++ Timer took 297 us
Iteration: 433
Timer Host Based C++ Timer took 296 us
Iteration: 434
Timer Host Based C++ Timer took 295 us
Iteration: 435
Timer Host Based C++ Timer took 293 us
Iteration: 436
Timer Host Based C++ Timer took 293 us
Iteration: 437
Timer Host Based C++ Timer took 296 us
Iteration: 438
Timer Host Based C++ Timer took 293 us
Iteration: 439
Timer Host Based C++ Timer took 293 us
Iteration: 440
Timer Host Based C++ Timer took 297 us
Iteration: 441
Timer Host Based C++ Timer took 295 us
Iteration: 442
Timer Host Based C++ Timer took 295 us
Iteration: 443
Timer Host Based C++ Timer took 293 us
Iteration: 444
Timer Host Based C++ Timer took 295 us
Iteration: 445
Timer Host Based C++ Timer took 293 us
Iteration: 446
Timer Host Based C++ Timer took 289 us
Iteration: 447
Timer Host Based C++ Timer took 293 us
Iteration: 448
Timer Host Based C++ Timer took 290 us
Iteration: 449
Timer Host Based C++ Timer took 289 us
Iteration: 450
Timer Host Based C++ Timer took 292 us
Iteration: 451
Timer Host Based C++ Timer took 294 us
Iteration: 452
Timer Host Based C++ Timer took 295 us
Iteration: 453
Timer Host Based C++ Timer took 295 us
Iteration: 454
Timer Host Based C++ Timer took 293 us
Iteration: 455
Timer Host Based C++ Timer took 296 us
Iteration: 456
Timer Host Based C++ Timer took 290 us
Iteration: 457
Timer Host Based C++ Timer took 290 us
Iteration: 458
Timer Host Based C++ Timer took 293 us
Iteration: 459
Timer Host Based C++ Timer took 292 us
Iteration: 460
Timer Host Based C++ Timer took 293 us
Iteration: 461
Timer Host Based C++ Timer took 294 us
Iteration: 462
Timer Host Based C++ Timer took 296 us
Iteration: 463
Timer Host Based C++ Timer took 296 us
Iteration: 464
Timer Host Based C++ Timer took 295 us
Iteration: 465
Timer Host Based C++ Timer took 290 us
Iteration: 466
Timer Host Based C++ Timer took 293 us
Iteration: 467
Timer Host Based C++ Timer took 289 us
Iteration: 468
Timer Host Based C++ Timer took 296 us
Iteration: 469
Timer Host Based C++ Timer took 294 us
Iteration: 470
Timer Host Based C++ Timer took 297 us
Iteration: 471
Timer Host Based C++ Timer took 294 us
Iteration: 472
Timer Host Based C++ Timer took 295 us
Iteration: 473
Timer Host Based C++ Timer took 289 us
Iteration: 474
Timer Host Based C++ Timer took 299 us
Iteration: 475
Timer Host Based C++ Timer took 295 us
Iteration: 476
Timer Host Based C++ Timer took 295 us
Iteration: 477
Timer Host Based C++ Timer took 293 us
Iteration: 478
Timer Host Based C++ Timer took 289 us
Iteration: 479
Timer Host Based C++ Timer took 292 us
Iteration: 480
Timer Host Based C++ Timer took 295 us
Iteration: 481
Timer Host Based C++ Timer took 296 us
Iteration: 482
Timer Host Based C++ Timer took 294 us
Iteration: 483
Timer Host Based C++ Timer took 296 us
Iteration: 484
Timer Host Based C++ Timer took 294 us
Iteration: 485
Timer Host Based C++ Timer took 293 us
Iteration: 486
Timer Host Based C++ Timer took 292 us
Iteration: 487
Timer Host Based C++ Timer took 294 us
Iteration: 488
Timer Host Based C++ Timer took 294 us
Iteration: 489
Timer Host Based C++ Timer took 297 us
Iteration: 490
Timer Host Based C++ Timer took 298 us
Iteration: 491
Timer Host Based C++ Timer took 292 us
Iteration: 492
Timer Host Based C++ Timer took 290 us
Iteration: 493
Timer Host Based C++ Timer took 293 us
Iteration: 494
Timer Host Based C++ Timer took 294 us
Iteration: 495
Timer Host Based C++ Timer took 294 us
Iteration: 496
Timer Host Based C++ Timer took 296 us
Iteration: 497
Timer Host Based C++ Timer took 298 us
Iteration: 498
Timer Host Based C++ Timer took 288 us
Iteration: 499
Timer Host Based C++ Timer took 293 us
Iteration: 500
Timer Host Based C++ Timer took 294 us
Iteration: 501
Timer Host Based C++ Timer took 290 us
Iteration: 502
Timer Host Based C++ Timer took 293 us
Iteration: 503
Timer Host Based C++ Timer took 292 us
Iteration: 504
Timer Host Based C++ Timer took 288 us
Iteration: 505
Timer Host Based C++ Timer took 294 us
Iteration: 506
Timer Host Based C++ Timer took 294 us
Iteration: 507
Timer Host Based C++ Timer took 289 us
Iteration: 508
Timer Host Based C++ Timer took 294 us
Iteration: 509
Timer Host Based C++ Timer took 291 us
Iteration: 510
Timer Host Based C++ Timer took 293 us
Iteration: 511
Timer Host Based C++ Timer took 292 us
Iteration: 512
Timer Host Based C++ Timer took 294 us
Iteration: 513
Timer Host Based C++ Timer took 290 us
Iteration: 514
Timer Host Based C++ Timer took 295 us
Iteration: 515
Timer Host Based C++ Timer took 288 us
Iteration: 516
Timer Host Based C++ Timer took 293 us
Iteration: 517
Timer Host Based C++ Timer took 293 us
Iteration: 518
Timer Host Based C++ Timer took 294 us
Iteration: 519
Timer Host Based C++ Timer took 294 us
Iteration: 520
Timer Host Based C++ Timer took 294 us
Iteration: 521
Timer Host Based C++ Timer took 294 us
Iteration: 522
Timer Host Based C++ Timer took 293 us
Iteration: 523
Timer Host Based C++ Timer took 292 us
Iteration: 524
Timer Host Based C++ Timer took 294 us
Iteration: 525
Timer Host Based C++ Timer took 295 us
Iteration: 526
Timer Host Based C++ Timer took 297 us
Iteration: 527
Timer Host Based C++ Timer took 293 us
Iteration: 528
Timer Host Based C++ Timer took 291 us
Iteration: 529
Timer Host Based C++ Timer took 291 us
Iteration: 530
Timer Host Based C++ Timer took 295 us
Iteration: 531
Timer Host Based C++ Timer took 291 us
Iteration: 532
Timer Host Based C++ Timer took 297 us
Iteration: 533
Timer Host Based C++ Timer took 292 us
Iteration: 534
Timer Host Based C++ Timer took 295 us
Iteration: 535
Timer Host Based C++ Timer took 292 us
Iteration: 536
Timer Host Based C++ Timer took 288 us
Iteration: 537
Timer Host Based C++ Timer took 294 us
Iteration: 538
Timer Host Based C++ Timer took 296 us
Iteration: 539
Timer Host Based C++ Timer took 294 us
Iteration: 540
Timer Host Based C++ Timer took 294 us
Iteration: 541
Timer Host Based C++ Timer took 292 us
Iteration: 542
Timer Host Based C++ Timer took 291 us
Iteration: 543
Timer Host Based C++ Timer took 295 us
Iteration: 544
Timer Host Based C++ Timer took 294 us
Iteration: 545
Timer Host Based C++ Timer took 289 us
Iteration: 546
Timer Host Based C++ Timer took 290 us
Iteration: 547
Timer Host Based C++ Timer took 292 us
Iteration: 548
Timer Host Based C++ Timer took 293 us
Iteration: 549
Timer Host Based C++ Timer took 291 us
Iteration: 550
Timer Host Based C++ Timer took 293 us
Iteration: 551
Timer Host Based C++ Timer took 293 us
Iteration: 552
Timer Host Based C++ Timer took 293 us
Iteration: 553
Timer Host Based C++ Timer took 293 us
Iteration: 554
Timer Host Based C++ Timer took 292 us
Iteration: 555
Timer Host Based C++ Timer took 294 us
Iteration: 556
Timer Host Based C++ Timer took 293 us
Iteration: 557
Timer Host Based C++ Timer took 290 us
Iteration: 558
Timer Host Based C++ Timer took 294 us
Iteration: 559
Timer Host Based C++ Timer took 291 us
Iteration: 560
Timer Host Based C++ Timer took 296 us
Iteration: 561
Timer Host Based C++ Timer took 290 us
Iteration: 562
Timer Host Based C++ Timer took 296 us
Iteration: 563
Timer Host Based C++ Timer took 292 us
Iteration: 564
Timer Host Based C++ Timer took 296 us
Iteration: 565
Timer Host Based C++ Timer took 295 us
Iteration: 566
Timer Host Based C++ Timer took 295 us
Iteration: 567
Timer Host Based C++ Timer took 292 us
Iteration: 568
Timer Host Based C++ Timer took 296 us
Iteration: 569
Timer Host Based C++ Timer took 293 us
Iteration: 570
Timer Host Based C++ Timer took 291 us
Iteration: 571
Timer Host Based C++ Timer took 296 us
Iteration: 572
Timer Host Based C++ Timer took 295 us
Iteration: 573
Timer Host Based C++ Timer took 288 us
Iteration: 574
Timer Host Based C++ Timer took 293 us
Iteration: 575
Timer Host Based C++ Timer took 294 us
Iteration: 576
Timer Host Based C++ Timer took 290 us
Iteration: 577
Timer Host Based C++ Timer took 294 us
Iteration: 578
Timer Host Based C++ Timer took 296 us
Iteration: 579
Timer Host Based C++ Timer took 295 us
Iteration: 580
Timer Host Based C++ Timer took 296 us
Iteration: 581
Timer Host Based C++ Timer took 289 us
Iteration: 582
Timer Host Based C++ Timer took 297 us
Iteration: 583
Timer Host Based C++ Timer took 293 us
Iteration: 584
Timer Host Based C++ Timer took 296 us
Iteration: 585
Timer Host Based C++ Timer took 293 us
Iteration: 586
Timer Host Based C++ Timer took 290 us
Iteration: 587
Timer Host Based C++ Timer took 287 us
Iteration: 588
Timer Host Based C++ Timer took 293 us
Iteration: 589
Timer Host Based C++ Timer took 292 us
Iteration: 590
Timer Host Based C++ Timer took 289 us
Iteration: 591
Timer Host Based C++ Timer took 288 us
Iteration: 592
Timer Host Based C++ Timer took 293 us
Iteration: 593
Timer Host Based C++ Timer took 293 us
Iteration: 594
Timer Host Based C++ Timer took 295 us
Iteration: 595
Timer Host Based C++ Timer took 295 us
Iteration: 596
Timer Host Based C++ Timer took 295 us
Iteration: 597
Timer Host Based C++ Timer took 289 us
Iteration: 598
Timer Host Based C++ Timer took 296 us
Iteration: 599
Timer Host Based C++ Timer took 291 us
Iteration: 600
Timer Host Based C++ Timer took 290 us
Iteration: 601
Timer Host Based C++ Timer took 293 us
Iteration: 602
Timer Host Based C++ Timer took 292 us
Iteration: 603
Timer Host Based C++ Timer took 290 us
Iteration: 604
Timer Host Based C++ Timer took 291 us
Iteration: 605
Timer Host Based C++ Timer took 289 us
Iteration: 606
Timer Host Based C++ Timer took 293 us
Iteration: 607
Timer Host Based C++ Timer took 293 us
Iteration: 608
Timer Host Based C++ Timer took 297 us
Iteration: 609
Timer Host Based C++ Timer took 290 us
Iteration: 610
Timer Host Based C++ Timer took 295 us
Iteration: 611
Timer Host Based C++ Timer took 291 us
Iteration: 612
Timer Host Based C++ Timer took 293 us
Iteration: 613
Timer Host Based C++ Timer took 290 us
Iteration: 614
Timer Host Based C++ Timer took 293 us
Iteration: 615
Timer Host Based C++ Timer took 291 us
Iteration: 616
Timer Host Based C++ Timer took 291 us
Iteration: 617
Timer Host Based C++ Timer took 295 us
Iteration: 618
Timer Host Based C++ Timer took 296 us
Iteration: 619
Timer Host Based C++ Timer took 293 us
Iteration: 620
Timer Host Based C++ Timer took 288 us
Iteration: 621
Timer Host Based C++ Timer took 291 us
Iteration: 622
Timer Host Based C++ Timer took 295 us
Iteration: 623
Timer Host Based C++ Timer took 299 us
Iteration: 624
Timer Host Based C++ Timer took 294 us
Iteration: 625
Timer Host Based C++ Timer took 298 us
Iteration: 626
Timer Host Based C++ Timer took 295 us
Iteration: 627
Timer Host Based C++ Timer took 292 us
Iteration: 628
Timer Host Based C++ Timer took 288 us
Iteration: 629
Timer Host Based C++ Timer took 291 us
Iteration: 630
Timer Host Based C++ Timer took 291 us
Iteration: 631
Timer Host Based C++ Timer took 298 us
Iteration: 632
Timer Host Based C++ Timer took 291 us
Iteration: 633
Timer Host Based C++ Timer took 290 us
Iteration: 634
Timer Host Based C++ Timer took 292 us
Iteration: 635
Timer Host Based C++ Timer took 291 us
Iteration: 636
Timer Host Based C++ Timer took 292 us
Iteration: 637
Timer Host Based C++ Timer took 294 us
Iteration: 638
Timer Host Based C++ Timer took 292 us
Iteration: 639
Timer Host Based C++ Timer took 290 us
Iteration: 640
Timer Host Based C++ Timer took 295 us
Iteration: 641
Timer Host Based C++ Timer took 305 us
Iteration: 642
Timer Host Based C++ Timer took 288 us
Iteration: 643
Timer Host Based C++ Timer took 292 us
Iteration: 644
Timer Host Based C++ Timer took 298 us
Iteration: 645
Timer Host Based C++ Timer took 295 us
Iteration: 646
Timer Host Based C++ Timer took 298 us
Iteration: 647
Timer Host Based C++ Timer took 288 us
Iteration: 648
Timer Host Based C++ Timer took 295 us
Iteration: 649
Timer Host Based C++ Timer took 292 us
Iteration: 650
Timer Host Based C++ Timer took 294 us
Iteration: 651
Timer Host Based C++ Timer took 293 us
Iteration: 652
Timer Host Based C++ Timer took 294 us
Iteration: 653
Timer Host Based C++ Timer took 294 us
Iteration: 654
Timer Host Based C++ Timer took 291 us
Iteration: 655
Timer Host Based C++ Timer took 297 us
Iteration: 656
Timer Host Based C++ Timer took 294 us
Iteration: 657
Timer Host Based C++ Timer took 288 us
Iteration: 658
Timer Host Based C++ Timer took 285 us
Iteration: 659
Timer Host Based C++ Timer took 292 us
Iteration: 660
Timer Host Based C++ Timer took 293 us
Iteration: 661
Timer Host Based C++ Timer took 290 us
Iteration: 662
Timer Host Based C++ Timer took 323 us
Iteration: 663
Timer Host Based C++ Timer took 292 us
Iteration: 664
Timer Host Based C++ Timer took 289 us
Iteration: 665
Timer Host Based C++ Timer took 292 us
Iteration: 666
Timer Host Based C++ Timer took 297 us
Iteration: 667
Timer Host Based C++ Timer took 295 us
Iteration: 668
Timer Host Based C++ Timer took 293 us
Iteration: 669
Timer Host Based C++ Timer took 290 us
Iteration: 670
Timer Host Based C++ Timer took 292 us
Iteration: 671
Timer Host Based C++ Timer took 290 us
Iteration: 672
Timer Host Based C++ Timer took 289 us
Iteration: 673
Timer Host Based C++ Timer took 293 us
Iteration: 674
Timer Host Based C++ Timer took 290 us
Iteration: 675
Timer Host Based C++ Timer took 293 us
Iteration: 676
Timer Host Based C++ Timer took 295 us
Iteration: 677
Timer Host Based C++ Timer took 295 us
Iteration: 678
Timer Host Based C++ Timer took 292 us
Iteration: 679
Timer Host Based C++ Timer took 290 us
Iteration: 680
Timer Host Based C++ Timer took 296 us
Iteration: 681
Timer Host Based C++ Timer took 290 us
Iteration: 682
Timer Host Based C++ Timer took 293 us
Iteration: 683
Timer Host Based C++ Timer took 292 us
Iteration: 684
Timer Host Based C++ Timer took 288 us
Iteration: 685
Timer Host Based C++ Timer took 293 us
Iteration: 686
Timer Host Based C++ Timer took 290 us
Iteration: 687
Timer Host Based C++ Timer took 292 us
Iteration: 688
Timer Host Based C++ Timer took 287 us
Iteration: 689
Timer Host Based C++ Timer took 292 us
Iteration: 690
Timer Host Based C++ Timer took 289 us
Iteration: 691
Timer Host Based C++ Timer took 289 us
Iteration: 692
Timer Host Based C++ Timer took 286 us
Iteration: 693
Timer Host Based C++ Timer took 291 us
Iteration: 694
Timer Host Based C++ Timer took 290 us
Iteration: 695
Timer Host Based C++ Timer took 288 us
Iteration: 696
Timer Host Based C++ Timer took 292 us
Iteration: 697
Timer Host Based C++ Timer took 290 us
Iteration: 698
Timer Host Based C++ Timer took 291 us
Iteration: 699
Timer Host Based C++ Timer took 284 us
Iteration: 700
Timer Host Based C++ Timer took 286 us
Iteration: 701
Timer Host Based C++ Timer took 287 us
Iteration: 702
Timer Host Based C++ Timer took 291 us
Iteration: 703
Timer Host Based C++ Timer took 286 us
Iteration: 704
Timer Host Based C++ Timer took 291 us
Iteration: 705
Timer Host Based C++ Timer took 291 us
Iteration: 706
Timer Host Based C++ Timer took 285 us
Iteration: 707
Timer Host Based C++ Timer took 294 us
Iteration: 708
Timer Host Based C++ Timer took 295 us
Iteration: 709
Timer Host Based C++ Timer took 293 us
Iteration: 710
Timer Host Based C++ Timer took 290 us
Iteration: 711
Timer Host Based C++ Timer took 292 us
Iteration: 712
Timer Host Based C++ Timer took 292 us
Iteration: 713
Timer Host Based C++ Timer took 290 us
Iteration: 714
Timer Host Based C++ Timer took 293 us
Iteration: 715
Timer Host Based C++ Timer took 289 us
Iteration: 716
Timer Host Based C++ Timer took 289 us
Iteration: 717
Timer Host Based C++ Timer took 289 us
Iteration: 718
Timer Host Based C++ Timer took 290 us
Iteration: 719
Timer Host Based C++ Timer took 285 us
Iteration: 720
Timer Host Based C++ Timer took 292 us
Iteration: 721
Timer Host Based C++ Timer took 292 us
Iteration: 722
Timer Host Based C++ Timer took 294 us
Iteration: 723
Timer Host Based C++ Timer took 292 us
Iteration: 724
Timer Host Based C++ Timer took 292 us
Iteration: 725
Timer Host Based C++ Timer took 290 us
Iteration: 726
Timer Host Based C++ Timer took 292 us
Iteration: 727
Timer Host Based C++ Timer took 295 us
Iteration: 728
Timer Host Based C++ Timer took 286 us
Iteration: 729
Timer Host Based C++ Timer took 294 us
Iteration: 730
Timer Host Based C++ Timer took 295 us
Iteration: 731
Timer Host Based C++ Timer took 289 us
Iteration: 732
Timer Host Based C++ Timer took 291 us
Iteration: 733
Timer Host Based C++ Timer took 299 us
Iteration: 734
Timer Host Based C++ Timer took 291 us
Iteration: 735
Timer Host Based C++ Timer took 289 us
Iteration: 736
Timer Host Based C++ Timer took 290 us
Iteration: 737
Timer Host Based C++ Timer took 290 us
Iteration: 738
Timer Host Based C++ Timer took 296 us
Iteration: 739
Timer Host Based C++ Timer took 289 us
Iteration: 740
Timer Host Based C++ Timer took 292 us
Iteration: 741
Timer Host Based C++ Timer took 290 us
Iteration: 742
Timer Host Based C++ Timer took 291 us
Iteration: 743
Timer Host Based C++ Timer took 289 us
Iteration: 744
Timer Host Based C++ Timer took 291 us
Iteration: 745
Timer Host Based C++ Timer took 291 us
Iteration: 746
Timer Host Based C++ Timer took 293 us
Iteration: 747
Timer Host Based C++ Timer took 288 us
Iteration: 748
Timer Host Based C++ Timer took 291 us
Iteration: 749
Timer Host Based C++ Timer took 291 us
Iteration: 750
Timer Host Based C++ Timer took 286 us
Iteration: 751
Timer Host Based C++ Timer took 293 us
Iteration: 752
Timer Host Based C++ Timer took 295 us
Iteration: 753
Timer Host Based C++ Timer took 288 us
Iteration: 754
Timer Host Based C++ Timer took 293 us
Iteration: 755
Timer Host Based C++ Timer took 292 us
Iteration: 756
Timer Host Based C++ Timer took 293 us
Iteration: 757
Timer Host Based C++ Timer took 292 us
Iteration: 758
Timer Host Based C++ Timer took 292 us
Iteration: 759
Timer Host Based C++ Timer took 286 us
Iteration: 760
Timer Host Based C++ Timer took 293 us
Iteration: 761
Timer Host Based C++ Timer took 291 us
Iteration: 762
Timer Host Based C++ Timer took 292 us
Iteration: 763
Timer Host Based C++ Timer took 292 us
Iteration: 764
Timer Host Based C++ Timer took 292 us
Iteration: 765
Timer Host Based C++ Timer took 290 us
Iteration: 766
Timer Host Based C++ Timer took 293 us
Iteration: 767
Timer Host Based C++ Timer took 289 us
Iteration: 768
Timer Host Based C++ Timer took 288 us
Iteration: 769
Timer Host Based C++ Timer took 302 us
Iteration: 770
Timer Host Based C++ Timer took 290 us
Iteration: 771
Timer Host Based C++ Timer took 291 us
Iteration: 772
Timer Host Based C++ Timer took 293 us
Iteration: 773
Timer Host Based C++ Timer took 290 us
Iteration: 774
Timer Host Based C++ Timer took 292 us
Iteration: 775
Timer Host Based C++ Timer took 290 us
Iteration: 776
Timer Host Based C++ Timer took 295 us
Iteration: 777
Timer Host Based C++ Timer took 291 us
Iteration: 778
Timer Host Based C++ Timer took 294 us
Iteration: 779
Timer Host Based C++ Timer took 290 us
Iteration: 780
Timer Host Based C++ Timer took 290 us
Iteration: 781
Timer Host Based C++ Timer took 293 us
Iteration: 782
Timer Host Based C++ Timer took 293 us
Iteration: 783
Timer Host Based C++ Timer took 293 us
Iteration: 784
Timer Host Based C++ Timer took 290 us
Iteration: 785
Timer Host Based C++ Timer took 290 us
Iteration: 786
Timer Host Based C++ Timer took 296 us
Iteration: 787
Timer Host Based C++ Timer took 291 us
Iteration: 788
Timer Host Based C++ Timer took 292 us
Iteration: 789
Timer Host Based C++ Timer took 293 us
Iteration: 790
Timer Host Based C++ Timer took 293 us
Iteration: 791
Timer Host Based C++ Timer took 293 us
Iteration: 792
Timer Host Based C++ Timer took 294 us
Iteration: 793
Timer Host Based C++ Timer took 294 us
Iteration: 794
Timer Host Based C++ Timer took 288 us
Iteration: 795
Timer Host Based C++ Timer took 292 us
Iteration: 796
Timer Host Based C++ Timer took 287 us
Iteration: 797
Timer Host Based C++ Timer took 284 us
Iteration: 798
Timer Host Based C++ Timer took 295 us
Iteration: 799
Timer Host Based C++ Timer took 293 us
Iteration: 800
Timer Host Based C++ Timer took 290 us
Iteration: 801
Timer Host Based C++ Timer took 291 us
Iteration: 802
Timer Host Based C++ Timer took 291 us
Iteration: 803
Timer Host Based C++ Timer took 290 us
Iteration: 804
Timer Host Based C++ Timer took 293 us
Iteration: 805
Timer Host Based C++ Timer took 287 us
Iteration: 806
Timer Host Based C++ Timer took 305 us
Iteration: 807
Timer Host Based C++ Timer took 289 us
Iteration: 808
Timer Host Based C++ Timer took 290 us
Iteration: 809
Timer Host Based C++ Timer took 291 us
Iteration: 810
Timer Host Based C++ Timer took 289 us
Iteration: 811
Timer Host Based C++ Timer took 288 us
Iteration: 812
Timer Host Based C++ Timer took 288 us
Iteration: 813
Timer Host Based C++ Timer took 292 us
Iteration: 814
Timer Host Based C++ Timer took 290 us
Iteration: 815
Timer Host Based C++ Timer took 292 us
Iteration: 816
Timer Host Based C++ Timer took 295 us
Iteration: 817
Timer Host Based C++ Timer took 287 us
Iteration: 818
Timer Host Based C++ Timer took 289 us
Iteration: 819
Timer Host Based C++ Timer took 290 us
Iteration: 820
Timer Host Based C++ Timer took 293 us
Iteration: 821
Timer Host Based C++ Timer took 285 us
Iteration: 822
Timer Host Based C++ Timer took 294 us
Iteration: 823
Timer Host Based C++ Timer took 290 us
Iteration: 824
Timer Host Based C++ Timer took 290 us
Iteration: 825
Timer Host Based C++ Timer took 289 us
Iteration: 826
Timer Host Based C++ Timer took 293 us
Iteration: 827
Timer Host Based C++ Timer took 289 us
Iteration: 828
Timer Host Based C++ Timer took 288 us
Iteration: 829
Timer Host Based C++ Timer took 290 us
Iteration: 830
Timer Host Based C++ Timer took 291 us
Iteration: 831
Timer Host Based C++ Timer took 288 us
Iteration: 832
Timer Host Based C++ Timer took 293 us
Iteration: 833
Timer Host Based C++ Timer took 291 us
Iteration: 834
Timer Host Based C++ Timer took 288 us
Iteration: 835
Timer Host Based C++ Timer took 288 us
Iteration: 836
Timer Host Based C++ Timer took 284 us
Iteration: 837
Timer Host Based C++ Timer took 290 us
Iteration: 838
Timer Host Based C++ Timer took 290 us
Iteration: 839
Timer Host Based C++ Timer took 290 us
Iteration: 840
Timer Host Based C++ Timer took 286 us
Iteration: 841
Timer Host Based C++ Timer took 294 us
Iteration: 842
Timer Host Based C++ Timer took 293 us
Iteration: 843
Timer Host Based C++ Timer took 333 us
Iteration: 844
Timer Host Based C++ Timer took 285 us
Iteration: 845
Timer Host Based C++ Timer took 288 us
Iteration: 846
Timer Host Based C++ Timer took 287 us
Iteration: 847
Timer Host Based C++ Timer took 291 us
Iteration: 848
Timer Host Based C++ Timer took 287 us
Iteration: 849
Timer Host Based C++ Timer took 288 us
Iteration: 850
Timer Host Based C++ Timer took 286 us
Iteration: 851
Timer Host Based C++ Timer took 287 us
Iteration: 852
Timer Host Based C++ Timer took 289 us
Iteration: 853
Timer Host Based C++ Timer took 292 us
Iteration: 854
Timer Host Based C++ Timer took 285 us
Iteration: 855
Timer Host Based C++ Timer took 287 us
Iteration: 856
Timer Host Based C++ Timer took 291 us
Iteration: 857
Timer Host Based C++ Timer took 289 us
Iteration: 858
Timer Host Based C++ Timer took 290 us
Iteration: 859
Timer Host Based C++ Timer took 289 us
Iteration: 860
Timer Host Based C++ Timer took 290 us
Iteration: 861
Timer Host Based C++ Timer took 285 us
Iteration: 862
Timer Host Based C++ Timer took 286 us
Iteration: 863
Timer Host Based C++ Timer took 285 us
Iteration: 864
Timer Host Based C++ Timer took 291 us
Iteration: 865
Timer Host Based C++ Timer took 283 us
Iteration: 866
Timer Host Based C++ Timer took 294 us
Iteration: 867
Timer Host Based C++ Timer took 289 us
Iteration: 868
Timer Host Based C++ Timer took 290 us
Iteration: 869
Timer Host Based C++ Timer took 291 us
Iteration: 870
Timer Host Based C++ Timer took 291 us
Iteration: 871
Timer Host Based C++ Timer took 285 us
Iteration: 872
Timer Host Based C++ Timer took 290 us
Iteration: 873
Timer Host Based C++ Timer took 291 us
Iteration: 874
Timer Host Based C++ Timer took 289 us
Iteration: 875
Timer Host Based C++ Timer took 292 us
Iteration: 876
Timer Host Based C++ Timer took 292 us
Iteration: 877
Timer Host Based C++ Timer took 286 us
Iteration: 878
Timer Host Based C++ Timer took 298 us
Iteration: 879
Timer Host Based C++ Timer took 291 us
Iteration: 880
Timer Host Based C++ Timer took 291 us
Iteration: 881
Timer Host Based C++ Timer took 294 us
Iteration: 882
Timer Host Based C++ Timer took 289 us
Iteration: 883
Timer Host Based C++ Timer took 288 us
Iteration: 884
Timer Host Based C++ Timer took 291 us
Iteration: 885
Timer Host Based C++ Timer took 290 us
Iteration: 886
Timer Host Based C++ Timer took 291 us
Iteration: 887
Timer Host Based C++ Timer took 290 us
Iteration: 888
Timer Host Based C++ Timer took 292 us
Iteration: 889
Timer Host Based C++ Timer took 291 us
Iteration: 890
Timer Host Based C++ Timer took 287 us
Iteration: 891
Timer Host Based C++ Timer took 291 us
Iteration: 892
Timer Host Based C++ Timer took 291 us
Iteration: 893
Timer Host Based C++ Timer took 291 us
Iteration: 894
Timer Host Based C++ Timer took 291 us
Iteration: 895
Timer Host Based C++ Timer took 290 us
Iteration: 896
Timer Host Based C++ Timer took 294 us
Iteration: 897
Timer Host Based C++ Timer took 283 us
Iteration: 898
Timer Host Based C++ Timer took 287 us
Iteration: 899
Timer Host Based C++ Timer took 289 us
Iteration: 900
Timer Host Based C++ Timer took 294 us
Iteration: 901
Timer Host Based C++ Timer took 290 us
Iteration: 902
Timer Host Based C++ Timer took 291 us
Iteration: 903
Timer Host Based C++ Timer took 294 us
Iteration: 904
Timer Host Based C++ Timer took 293 us
Iteration: 905
Timer Host Based C++ Timer took 290 us
Iteration: 906
Timer Host Based C++ Timer took 291 us
Iteration: 907
Timer Host Based C++ Timer took 294 us
Iteration: 908
Timer Host Based C++ Timer took 296 us
Iteration: 909
Timer Host Based C++ Timer took 289 us
Iteration: 910
Timer Host Based C++ Timer took 290 us
Iteration: 911
Timer Host Based C++ Timer took 289 us
Iteration: 912
Timer Host Based C++ Timer took 295 us
Iteration: 913
Timer Host Based C++ Timer took 292 us
Iteration: 914
Timer Host Based C++ Timer took 297 us
Iteration: 915
Timer Host Based C++ Timer took 289 us
Iteration: 916
Timer Host Based C++ Timer took 291 us
Iteration: 917
Timer Host Based C++ Timer took 290 us
Iteration: 918
Timer Host Based C++ Timer took 290 us
Iteration: 919
Timer Host Based C++ Timer took 288 us
Iteration: 920
Timer Host Based C++ Timer took 292 us
Iteration: 921
Timer Host Based C++ Timer took 290 us
Iteration: 922
Timer Host Based C++ Timer took 287 us
Iteration: 923
Timer Host Based C++ Timer took 289 us
Iteration: 924
Timer Host Based C++ Timer took 294 us
Iteration: 925
Timer Host Based C++ Timer took 286 us
Iteration: 926
Timer Host Based C++ Timer took 294 us
Iteration: 927
Timer Host Based C++ Timer took 290 us
Iteration: 928
Timer Host Based C++ Timer took 288 us
Iteration: 929
Timer Host Based C++ Timer took 289 us
Iteration: 930
Timer Host Based C++ Timer took 298 us
Iteration: 931
Timer Host Based C++ Timer took 291 us
Iteration: 932
Timer Host Based C++ Timer took 290 us
Iteration: 933
Timer Host Based C++ Timer took 289 us
Iteration: 934
Timer Host Based C++ Timer took 290 us
Iteration: 935
Timer Host Based C++ Timer took 289 us
Iteration: 936
Timer Host Based C++ Timer took 288 us
Iteration: 937
Timer Host Based C++ Timer took 288 us
Iteration: 938
Timer Host Based C++ Timer took 291 us
Iteration: 939
Timer Host Based C++ Timer took 289 us
Iteration: 940
Timer Host Based C++ Timer took 283 us
Iteration: 941
Timer Host Based C++ Timer took 290 us
Iteration: 942
Timer Host Based C++ Timer took 285 us
Iteration: 943
Timer Host Based C++ Timer took 285 us
Iteration: 944
Timer Host Based C++ Timer took 286 us
Iteration: 945
Timer Host Based C++ Timer took 285 us
Iteration: 946
Timer Host Based C++ Timer took 290 us
Iteration: 947
Timer Host Based C++ Timer took 280 us
Iteration: 948
Timer Host Based C++ Timer took 284 us
Iteration: 949
Timer Host Based C++ Timer took 285 us
Iteration: 950
Timer Host Based C++ Timer took 287 us
Iteration: 951
Timer Host Based C++ Timer took 286 us
Iteration: 952
Timer Host Based C++ Timer took 287 us
Iteration: 953
Timer Host Based C++ Timer took 289 us
Iteration: 954
Timer Host Based C++ Timer took 287 us
Iteration: 955
Timer Host Based C++ Timer took 287 us
Iteration: 956
Timer Host Based C++ Timer took 289 us
Iteration: 957
Timer Host Based C++ Timer took 283 us
Iteration: 958
Timer Host Based C++ Timer took 289 us
Iteration: 959
Timer Host Based C++ Timer took 287 us
Iteration: 960
Timer Host Based C++ Timer took 291 us
Iteration: 961
Timer Host Based C++ Timer took 286 us
Iteration: 962
Timer Host Based C++ Timer took 291 us
Iteration: 963
Timer Host Based C++ Timer took 290 us
Iteration: 964
Timer Host Based C++ Timer took 291 us
Iteration: 965
Timer Host Based C++ Timer took 310 us
Iteration: 966
Timer Host Based C++ Timer took 292 us
Iteration: 967
Timer Host Based C++ Timer took 288 us
Iteration: 968
Timer Host Based C++ Timer took 291 us
Iteration: 969
Timer Host Based C++ Timer took 286 us
Iteration: 970
Timer Host Based C++ Timer took 286 us
Iteration: 971
Timer Host Based C++ Timer took 287 us
Iteration: 972
Timer Host Based C++ Timer took 289 us
Iteration: 973
Timer Host Based C++ Timer took 287 us
Iteration: 974
Timer Host Based C++ Timer took 290 us
Iteration: 975
Timer Host Based C++ Timer took 286 us
Iteration: 976
Timer Host Based C++ Timer took 288 us
Iteration: 977
Timer Host Based C++ Timer took 289 us
Iteration: 978
Timer Host Based C++ Timer took 282 us
Iteration: 979
Timer Host Based C++ Timer took 288 us
Iteration: 980
Timer Host Based C++ Timer took 286 us
Iteration: 981
Timer Host Based C++ Timer took 288 us
Iteration: 982
Timer Host Based C++ Timer took 288 us
Iteration: 983
Timer Host Based C++ Timer took 288 us
Iteration: 984
Timer Host Based C++ Timer took 288 us
Iteration: 985
Timer Host Based C++ Timer took 289 us
Iteration: 986
Timer Host Based C++ Timer took 290 us
Iteration: 987
Timer Host Based C++ Timer took 285 us
Iteration: 988
Timer Host Based C++ Timer took 287 us
Iteration: 989
Timer Host Based C++ Timer took 285 us
Iteration: 990
Timer Host Based C++ Timer took 288 us
Iteration: 991
Timer Host Based C++ Timer took 285 us
Iteration: 992
Timer Host Based C++ Timer took 288 us
Iteration: 993
Timer Host Based C++ Timer took 287 us
Iteration: 994
Timer Host Based C++ Timer took 290 us
Iteration: 995
Timer Host Based C++ Timer took 286 us
Iteration: 996
Timer Host Based C++ Timer took 290 us
Iteration: 997
Timer Host Based C++ Timer took 288 us
Iteration: 998
Timer Host Based C++ Timer took 287 us
Iteration: 999
Timer Host Based C++ Timer took 283 us
Step 9 done.
Writing to: "/capstor/scratch/cscs/ybudanaz/icon-artifacts/velocity/gotwant/data_nproma20480/global_data_9.got"
Writing to: "/capstor/scratch/cscs/ybudanaz/icon-artifacts/velocity/gotwant/data_nproma20480/global_data_9.want"
Writing to: "/capstor/scratch/cscs/ybudanaz/icon-artifacts/velocity/gotwant/data_nproma20480/p_diag_9.got"
Writing to: "/capstor/scratch/cscs/ybudanaz/icon-artifacts/velocity/gotwant/data_nproma20480/p_metrics_9.got"
Writing to: "/capstor/scratch/cscs/ybudanaz/icon-artifacts/velocity/gotwant/data_nproma20480/p_prog_9.got"
Writing to: "/capstor/scratch/cscs/ybudanaz/icon-artifacts/velocity/gotwant/data_nproma20480/p_diag_9.want"
Writing to: "/capstor/scratch/cscs/ybudanaz/icon-artifacts/velocity/gotwant/data_nproma20480/p_prog_9.want"
Writing to: "/capstor/scratch/cscs/ybudanaz/icon-artifacts/velocity/gotwant/data_nproma20480/p_metrics_9.want"
Writing to: "/capstor/scratch/cscs/ybudanaz/icon-artifacts/velocity/gotwant/data_nproma20480/z_kin_hor_e_9.got"
Writing to: "/capstor/scratch/cscs/ybudanaz/icon-artifacts/velocity/gotwant/data_nproma20480/z_vt_ie_9.got"
Writing to: "/capstor/scratch/cscs/ybudanaz/icon-artifacts/velocity/gotwant/data_nproma20480/z_kin_hor_e_9.want"
Writing to: "/capstor/scratch/cscs/ybudanaz/icon-artifacts/velocity/gotwant/data_nproma20480/z_vt_ie_9.want"
Writing to: "/capstor/scratch/cscs/ybudanaz/icon-artifacts/velocity/gotwant/data_nproma20480/z_w_concorr_me_9.got"
Writing to: "/capstor/scratch/cscs/ybudanaz/icon-artifacts/velocity/gotwant/data_nproma20480/z_w_concorr_me_9.want"
Reading from: "data_nproma20480/p_patch.43.data"
Reading from: "data_nproma20480/global_data.t0.43.data"
Reading from: "data_nproma20480/p_diag.t0.43.data"
Reading from: "data_nproma20480/p_diag.t1.43.data"
Reading from: "data_nproma20480/p_metrics.t1.43.data"
Reading from: "data_nproma20480/p_int.43.data"
Reading from: "data_nproma20480/p_metrics.t0.43.data"
Reading from: "data_nproma20480/global_data.t1.43.data"
Reading from: "data_nproma20480/p_prog.t0.43.data"
Reading from: "data_nproma20480/istep.43.data"
Reading from: "data_nproma20480/z_kin_hor_e.t0.43.data"
Reading from: "data_nproma20480/z_vt_ie.t0.43.data"
Reading from: "data_nproma20480/dtime.43.data"
Reading from: "data_nproma20480/dt_linintp_ubc.43.data"
Reading from: "data_nproma20480/z_vt_ie.t1.43.data"
Reading from: "data_nproma20480/z_w_concorr_me.t0.43.data"
Reading from: "data_nproma20480/ldeepatmo.43.data"
Reading from: "data_nproma20480/z_w_concorr_me.t1.43.data"
Reading from: "data_nproma20480/ntnd.43.data"
Reading from: "data_nproma20480/p_prog.t1.43.data"
Reading from: "data_nproma20480/z_kin_hor_e.t1.43.data"
Reading from: "data_nproma20480/lvn_only.43.data"
Step 43 variables, extra_diffu: 1, istep: 1, lvn_only: 1, ldeepatmo: 0
Timer Host Based C++ Timer took 525 us
Timer Host Based C++ Timer took 327 us
Timer Host Based C++ Timer took 329 us
Timer Host Based C++ Timer took 321 us
Timer Host Based C++ Timer took 323 us
Timer Host Based C++ Timer took 320 us
Timer Host Based C++ Timer took 316 us
Timer Host Based C++ Timer took 320 us
Timer Host Based C++ Timer took 317 us
Timer Host Based C++ Timer took 320 us
Timer Host Based C++ Timer took 312 us
Timer Host Based C++ Timer took 317 us
Timer Host Based C++ Timer took 313 us
Timer Host Based C++ Timer took 319 us
Timer Host Based C++ Timer took 316 us
Timer Host Based C++ Timer took 314 us
Timer Host Based C++ Timer took 313 us
Timer Host Based C++ Timer took 315 us
Timer Host Based C++ Timer took 316 us
Timer Host Based C++ Timer took 316 us
Timer Host Based C++ Timer took 311 us
Timer Host Based C++ Timer took 313 us
Timer Host Based C++ Timer took 319 us
Timer Host Based C++ Timer took 314 us
Timer Host Based C++ Timer took 310 us
Timer Host Based C++ Timer took 314 us
Timer Host Based C++ Timer took 313 us
Timer Host Based C++ Timer took 322 us
Timer Host Based C++ Timer took 313 us
Timer Host Based C++ Timer took 315 us
Timer Host Based C++ Timer took 315 us
Timer Host Based C++ Timer took 317 us
Timer Host Based C++ Timer took 312 us
Timer Host Based C++ Timer took 315 us
Timer Host Based C++ Timer took 307 us
Timer Host Based C++ Timer took 310 us
Timer Host Based C++ Timer took 316 us
Timer Host Based C++ Timer took 310 us
Timer Host Based C++ Timer took 308 us
Timer Host Based C++ Timer took 325 us
Timer Host Based C++ Timer took 322 us
Timer Host Based C++ Timer took 316 us
Timer Host Based C++ Timer took 314 us
Timer Host Based C++ Timer took 312 us
Timer Host Based C++ Timer took 310 us
Timer Host Based C++ Timer took 318 us
Timer Host Based C++ Timer took 318 us
Timer Host Based C++ Timer took 320 us
Timer Host Based C++ Timer took 322 us
Timer Host Based C++ Timer took 318 us
Timer Host Based C++ Timer took 317 us
Timer Host Based C++ Timer took 311 us
Timer Host Based C++ Timer took 312 us
Timer Host Based C++ Timer took 311 us
Timer Host Based C++ Timer took 322 us
Timer Host Based C++ Timer took 330 us
Timer Host Based C++ Timer took 312 us
Timer Host Based C++ Timer took 308 us
Timer Host Based C++ Timer took 309 us
Timer Host Based C++ Timer took 320 us
Timer Host Based C++ Timer took 306 us
Timer Host Based C++ Timer took 314 us
Timer Host Based C++ Timer took 319 us
Timer Host Based C++ Timer took 306 us
Timer Host Based C++ Timer took 312 us
Timer Host Based C++ Timer took 319 us
Timer Host Based C++ Timer took 313 us
Timer Host Based C++ Timer took 314 us
Timer Host Based C++ Timer took 316 us
Timer Host Based C++ Timer took 312 us
Timer Host Based C++ Timer took 311 us
Timer Host Based C++ Timer took 313 us
Timer Host Based C++ Timer took 316 us
Timer Host Based C++ Timer took 312 us
Timer Host Based C++ Timer took 312 us
Timer Host Based C++ Timer took 309 us
Timer Host Based C++ Timer took 314 us
Timer Host Based C++ Timer took 314 us
Timer Host Based C++ Timer took 312 us
Timer Host Based C++ Timer took 318 us
Timer Host Based C++ Timer took 310 us
Timer Host Based C++ Timer took 310 us
Timer Host Based C++ Timer took 313 us
Timer Host Based C++ Timer took 307 us
Timer Host Based C++ Timer took 306 us
Timer Host Based C++ Timer took 313 us
Timer Host Based C++ Timer took 314 us
Timer Host Based C++ Timer took 313 us
Timer Host Based C++ Timer took 305 us
Timer Host Based C++ Timer took 305 us
Timer Host Based C++ Timer took 313 us
Timer Host Based C++ Timer took 308 us
Timer Host Based C++ Timer took 308 us
Timer Host Based C++ Timer took 309 us
Timer Host Based C++ Timer took 317 us
Timer Host Based C++ Timer took 311 us
Timer Host Based C++ Timer took 304 us
Timer Host Based C++ Timer took 306 us
Timer Host Based C++ Timer took 299 us
Timer Host Based C++ Timer took 310 us
Timer Host Based C++ Timer took 315 us
Timer Host Based C++ Timer took 407 us
Timer Host Based C++ Timer took 308 us
Timer Host Based C++ Timer took 307 us
Timer Host Based C++ Timer took 317 us
Timer Host Based C++ Timer took 308 us
Timer Host Based C++ Timer took 305 us
Timer Host Based C++ Timer took 308 us
Timer Host Based C++ Timer took 310 us
Timer Host Based C++ Timer took 305 us
Timer Host Based C++ Timer took 311 us
Timer Host Based C++ Timer took 302 us
Timer Host Based C++ Timer took 310 us
Timer Host Based C++ Timer took 309 us
Timer Host Based C++ Timer took 309 us
Timer Host Based C++ Timer took 307 us
Timer Host Based C++ Timer took 306 us
Timer Host Based C++ Timer took 301 us
Timer Host Based C++ Timer took 302 us
Timer Host Based C++ Timer took 305 us
Timer Host Based C++ Timer took 307 us
Timer Host Based C++ Timer took 305 us
Timer Host Based C++ Timer took 303 us
Timer Host Based C++ Timer took 307 us
Timer Host Based C++ Timer took 303 us
Timer Host Based C++ Timer took 305 us
Timer Host Based C++ Timer took 311 us
Timer Host Based C++ Timer took 312 us
Timer Host Based C++ Timer took 305 us
Timer Host Based C++ Timer took 311 us
Timer Host Based C++ Timer took 311 us
Timer Host Based C++ Timer took 307 us
Timer Host Based C++ Timer took 304 us
Timer Host Based C++ Timer took 306 us
Timer Host Based C++ Timer took 299 us
Timer Host Based C++ Timer took 304 us
Timer Host Based C++ Timer took 309 us
Timer Host Based C++ Timer took 304 us
Timer Host Based C++ Timer took 307 us
Timer Host Based C++ Timer took 306 us
Timer Host Based C++ Timer took 304 us
Timer Host Based C++ Timer took 302 us
Timer Host Based C++ Timer took 299 us
Timer Host Based C++ Timer took 300 us
Timer Host Based C++ Timer took 306 us
Timer Host Based C++ Timer took 300 us
Timer Host Based C++ Timer took 300 us
Timer Host Based C++ Timer took 305 us
Timer Host Based C++ Timer took 300 us
Timer Host Based C++ Timer took 301 us
Timer Host Based C++ Timer took 300 us
Timer Host Based C++ Timer took 303 us
Timer Host Based C++ Timer took 300 us
Timer Host Based C++ Timer took 301 us
Timer Host Based C++ Timer took 300 us
Timer Host Based C++ Timer took 309 us
Timer Host Based C++ Timer took 298 us
Timer Host Based C++ Timer took 301 us
Timer Host Based C++ Timer took 303 us
Timer Host Based C++ Timer took 310 us
Timer Host Based C++ Timer took 305 us
Timer Host Based C++ Timer took 301 us
Timer Host Based C++ Timer took 308 us
Timer Host Based C++ Timer took 303 us
Timer Host Based C++ Timer took 307 us
Timer Host Based C++ Timer took 307 us
Timer Host Based C++ Timer took 309 us
Timer Host Based C++ Timer took 309 us
Timer Host Based C++ Timer took 309 us
Timer Host Based C++ Timer took 301 us
Timer Host Based C++ Timer took 307 us
Timer Host Based C++ Timer took 303 us
Timer Host Based C++ Timer took 303 us
Timer Host Based C++ Timer took 307 us
Timer Host Based C++ Timer took 305 us
Timer Host Based C++ Timer took 307 us
Timer Host Based C++ Timer took 305 us
Timer Host Based C++ Timer took 303 us
Timer Host Based C++ Timer took 308 us
Timer Host Based C++ Timer took 306 us
Timer Host Based C++ Timer took 304 us
Timer Host Based C++ Timer took 308 us
Timer Host Based C++ Timer took 301 us
Timer Host Based C++ Timer took 310 us
Timer Host Based C++ Timer took 304 us
Timer Host Based C++ Timer took 311 us
Timer Host Based C++ Timer took 301 us
Timer Host Based C++ Timer took 303 us
Timer Host Based C++ Timer took 307 us
Timer Host Based C++ Timer took 301 us
Timer Host Based C++ Timer took 297 us
Timer Host Based C++ Timer took 299 us
Timer Host Based C++ Timer took 301 us
Timer Host Based C++ Timer took 301 us
Timer Host Based C++ Timer took 300 us
Timer Host Based C++ Timer took 299 us
Timer Host Based C++ Timer took 297 us
Timer Host Based C++ Timer took 301 us
Timer Host Based C++ Timer took 302 us
Timer Host Based C++ Timer took 296 us
Timer Host Based C++ Timer took 297 us
Timer Host Based C++ Timer took 298 us
Timer Host Based C++ Timer took 297 us
Timer Host Based C++ Timer took 297 us
Timer Host Based C++ Timer took 303 us
Timer Host Based C++ Timer took 305 us
Timer Host Based C++ Timer took 304 us
Timer Host Based C++ Timer took 305 us
Timer Host Based C++ Timer took 294 us
Timer Host Based C++ Timer took 301 us
Timer Host Based C++ Timer took 299 us
Timer Host Based C++ Timer took 297 us
Timer Host Based C++ Timer took 311 us
Timer Host Based C++ Timer took 299 us
Timer Host Based C++ Timer took 300 us
Timer Host Based C++ Timer took 298 us
Timer Host Based C++ Timer took 297 us
Timer Host Based C++ Timer took 298 us
Timer Host Based C++ Timer took 297 us
Timer Host Based C++ Timer took 300 us
Timer Host Based C++ Timer took 295 us
Timer Host Based C++ Timer took 298 us
Timer Host Based C++ Timer took 296 us
Timer Host Based C++ Timer took 300 us
Timer Host Based C++ Timer took 294 us
Timer Host Based C++ Timer took 298 us
Timer Host Based C++ Timer took 303 us
Timer Host Based C++ Timer took 299 us
Timer Host Based C++ Timer took 306 us
Timer Host Based C++ Timer took 299 us
Timer Host Based C++ Timer took 296 us
Timer Host Based C++ Timer took 297 us
Timer Host Based C++ Timer took 303 us
Timer Host Based C++ Timer took 298 us
Timer Host Based C++ Timer took 302 us
Timer Host Based C++ Timer took 298 us
Timer Host Based C++ Timer took 302 us
Timer Host Based C++ Timer took 294 us
Timer Host Based C++ Timer took 293 us
Timer Host Based C++ Timer took 302 us
Timer Host Based C++ Timer took 300 us
Timer Host Based C++ Timer took 300 us
Timer Host Based C++ Timer took 311 us
Timer Host Based C++ Timer took 299 us
Timer Host Based C++ Timer took 300 us
Timer Host Based C++ Timer took 294 us
Timer Host Based C++ Timer took 303 us
Timer Host Based C++ Timer took 298 us
Timer Host Based C++ Timer took 307 us
Timer Host Based C++ Timer took 301 us
Timer Host Based C++ Timer took 293 us
Timer Host Based C++ Timer took 298 us
Timer Host Based C++ Timer took 309 us
Timer Host Based C++ Timer took 302 us
Timer Host Based C++ Timer took 306 us
Timer Host Based C++ Timer took 301 us
Timer Host Based C++ Timer took 301 us
Timer Host Based C++ Timer took 302 us
Timer Host Based C++ Timer took 304 us
Timer Host Based C++ Timer took 301 us
Timer Host Based C++ Timer took 306 us
Timer Host Based C++ Timer took 305 us
Timer Host Based C++ Timer took 300 us
Timer Host Based C++ Timer took 301 us
Timer Host Based C++ Timer took 302 us
Timer Host Based C++ Timer took 300 us
Timer Host Based C++ Timer took 302 us
Timer Host Based C++ Timer took 293 us
Timer Host Based C++ Timer took 303 us
Timer Host Based C++ Timer took 307 us
Timer Host Based C++ Timer took 295 us
Timer Host Based C++ Timer took 299 us
Timer Host Based C++ Timer took 300 us
Timer Host Based C++ Timer took 293 us
Timer Host Based C++ Timer took 300 us
Timer Host Based C++ Timer took 299 us
Timer Host Based C++ Timer took 298 us
Timer Host Based C++ Timer took 298 us
Timer Host Based C++ Timer took 299 us
Timer Host Based C++ Timer took 305 us
Timer Host Based C++ Timer took 298 us
Timer Host Based C++ Timer took 299 us
Timer Host Based C++ Timer took 299 us
Timer Host Based C++ Timer took 301 us
Timer Host Based C++ Timer took 303 us
Timer Host Based C++ Timer took 302 us
Timer Host Based C++ Timer took 306 us
Timer Host Based C++ Timer took 297 us
Timer Host Based C++ Timer took 302 us
Timer Host Based C++ Timer took 293 us
Timer Host Based C++ Timer took 294 us
Timer Host Based C++ Timer took 302 us
Timer Host Based C++ Timer took 302 us
Timer Host Based C++ Timer took 301 us
Timer Host Based C++ Timer took 294 us
Timer Host Based C++ Timer took 297 us
Timer Host Based C++ Timer took 301 us
Timer Host Based C++ Timer took 292 us
Timer Host Based C++ Timer took 297 us
Timer Host Based C++ Timer took 330 us
Timer Host Based C++ Timer took 302 us
Timer Host Based C++ Timer took 292 us
Timer Host Based C++ Timer took 293 us
Timer Host Based C++ Timer took 296 us
Timer Host Based C++ Timer took 297 us
Timer Host Based C++ Timer took 298 us
Timer Host Based C++ Timer took 299 us
Timer Host Based C++ Timer took 298 us
Timer Host Based C++ Timer took 296 us
Timer Host Based C++ Timer took 300 us
Timer Host Based C++ Timer took 302 us
Timer Host Based C++ Timer took 293 us
Timer Host Based C++ Timer took 295 us
Timer Host Based C++ Timer took 295 us
Timer Host Based C++ Timer took 330 us
Timer Host Based C++ Timer took 300 us
Timer Host Based C++ Timer took 300 us
Timer Host Based C++ Timer took 298 us
Timer Host Based C++ Timer took 297 us
Timer Host Based C++ Timer took 294 us
Timer Host Based C++ Timer took 300 us
Timer Host Based C++ Timer took 296 us
Timer Host Based C++ Timer took 301 us
Timer Host Based C++ Timer took 299 us
Timer Host Based C++ Timer took 298 us
Timer Host Based C++ Timer took 300 us
Timer Host Based C++ Timer took 296 us
Timer Host Based C++ Timer took 302 us
Timer Host Based C++ Timer took 293 us
Timer Host Based C++ Timer took 293 us
Timer Host Based C++ Timer took 301 us
Timer Host Based C++ Timer took 302 us
Timer Host Based C++ Timer took 297 us
Timer Host Based C++ Timer took 301 us
Timer Host Based C++ Timer took 306 us
Timer Host Based C++ Timer took 295 us
Timer Host Based C++ Timer took 293 us
Timer Host Based C++ Timer took 302 us
Timer Host Based C++ Timer took 301 us
Timer Host Based C++ Timer took 300 us
Timer Host Based C++ Timer took 296 us
Timer Host Based C++ Timer took 297 us
Timer Host Based C++ Timer took 295 us
Timer Host Based C++ Timer took 298 us
Timer Host Based C++ Timer took 293 us
Timer Host Based C++ Timer took 302 us
Timer Host Based C++ Timer took 302 us
Timer Host Based C++ Timer took 300 us
Timer Host Based C++ Timer took 300 us
Timer Host Based C++ Timer took 298 us
Timer Host Based C++ Timer took 292 us
Timer Host Based C++ Timer took 299 us
Timer Host Based C++ Timer took 299 us
Timer Host Based C++ Timer took 294 us
Timer Host Based C++ Timer took 303 us
Timer Host Based C++ Timer took 293 us
Timer Host Based C++ Timer took 300 us
Timer Host Based C++ Timer took 301 us
Timer Host Based C++ Timer took 295 us
Timer Host Based C++ Timer took 302 us
Timer Host Based C++ Timer took 301 us
Timer Host Based C++ Timer took 298 us
Timer Host Based C++ Timer took 295 us
Timer Host Based C++ Timer took 299 us
Timer Host Based C++ Timer took 295 us
Timer Host Based C++ Timer took 295 us
Timer Host Based C++ Timer took 294 us
Timer Host Based C++ Timer took 297 us
Timer Host Based C++ Timer took 295 us
Timer Host Based C++ Timer took 299 us
Timer Host Based C++ Timer took 306 us
Timer Host Based C++ Timer took 298 us
Timer Host Based C++ Timer took 297 us
Timer Host Based C++ Timer took 296 us
Timer Host Based C++ Timer took 298 us
Timer Host Based C++ Timer took 300 us
Timer Host Based C++ Timer took 300 us
Timer Host Based C++ Timer took 296 us
Timer Host Based C++ Timer took 301 us
Timer Host Based C++ Timer took 297 us
Timer Host Based C++ Timer took 305 us
Timer Host Based C++ Timer took 295 us
Timer Host Based C++ Timer took 297 us
Timer Host Based C++ Timer took 302 us
Timer Host Based C++ Timer took 303 us
Timer Host Based C++ Timer took 307 us
Timer Host Based C++ Timer took 296 us
Timer Host Based C++ Timer took 298 us
Timer Host Based C++ Timer took 298 us
Timer Host Based C++ Timer took 298 us
Timer Host Based C++ Timer took 300 us
Timer Host Based C++ Timer took 303 us
Timer Host Based C++ Timer took 301 us
Timer Host Based C++ Timer took 297 us
Timer Host Based C++ Timer took 303 us
Timer Host Based C++ Timer took 306 us
Timer Host Based C++ Timer took 300 us
Timer Host Based C++ Timer took 294 us
Timer Host Based C++ Timer took 303 us
Timer Host Based C++ Timer took 310 us
Timer Host Based C++ Timer took 298 us
Timer Host Based C++ Timer took 300 us
Timer Host Based C++ Timer took 291 us
Timer Host Based C++ Timer took 290 us
Timer Host Based C++ Timer took 295 us
Timer Host Based C++ Timer took 299 us
Timer Host Based C++ Timer took 305 us
Timer Host Based C++ Timer took 299 us
Timer Host Based C++ Timer took 295 us
Timer Host Based C++ Timer took 301 us
Timer Host Based C++ Timer took 292 us
Timer Host Based C++ Timer took 300 us
Timer Host Based C++ Timer took 293 us
Timer Host Based C++ Timer took 296 us
Timer Host Based C++ Timer took 292 us
Timer Host Based C++ Timer took 294 us
Timer Host Based C++ Timer took 294 us
Timer Host Based C++ Timer took 302 us
Timer Host Based C++ Timer took 297 us
Timer Host Based C++ Timer took 293 us
Timer Host Based C++ Timer took 297 us
Timer Host Based C++ Timer took 291 us
Timer Host Based C++ Timer took 291 us
Timer Host Based C++ Timer took 297 us
Timer Host Based C++ Timer took 383 us
Timer Host Based C++ Timer took 298 us
Timer Host Based C++ Timer took 301 us
Timer Host Based C++ Timer took 293 us
Timer Host Based C++ Timer took 299 us
Timer Host Based C++ Timer took 295 us
Timer Host Based C++ Timer took 291 us
Timer Host Based C++ Timer took 295 us
Timer Host Based C++ Timer took 304 us
Timer Host Based C++ Timer took 297 us
Timer Host Based C++ Timer took 293 us
Timer Host Based C++ Timer took 292 us
Timer Host Based C++ Timer took 291 us
Timer Host Based C++ Timer took 292 us
Timer Host Based C++ Timer took 295 us
Timer Host Based C++ Timer took 295 us
Timer Host Based C++ Timer took 297 us
Timer Host Based C++ Timer took 300 us
Timer Host Based C++ Timer took 298 us
Timer Host Based C++ Timer took 293 us
Timer Host Based C++ Timer took 300 us
Timer Host Based C++ Timer took 292 us
Timer Host Based C++ Timer took 291 us
Timer Host Based C++ Timer took 292 us
Timer Host Based C++ Timer took 293 us
Timer Host Based C++ Timer took 299 us
Timer Host Based C++ Timer took 291 us
Timer Host Based C++ Timer took 294 us
Timer Host Based C++ Timer took 298 us
Timer Host Based C++ Timer took 298 us
Timer Host Based C++ Timer took 295 us
Timer Host Based C++ Timer took 300 us
Timer Host Based C++ Timer took 295 us
Timer Host Based C++ Timer took 298 us
Timer Host Based C++ Timer took 295 us
Timer Host Based C++ Timer took 303 us
Timer Host Based C++ Timer took 291 us
Timer Host Based C++ Timer took 296 us
Timer Host Based C++ Timer took 297 us
Timer Host Based C++ Timer took 300 us
Timer Host Based C++ Timer took 293 us
Timer Host Based C++ Timer took 302 us
Timer Host Based C++ Timer took 302 us
Timer Host Based C++ Timer took 299 us
Timer Host Based C++ Timer took 297 us
Timer Host Based C++ Timer took 299 us
Timer Host Based C++ Timer took 302 us
Timer Host Based C++ Timer took 294 us
Timer Host Based C++ Timer took 298 us
Timer Host Based C++ Timer took 306 us
Timer Host Based C++ Timer took 303 us
Timer Host Based C++ Timer took 293 us
Timer Host Based C++ Timer took 302 us
Timer Host Based C++ Timer took 294 us
Timer Host Based C++ Timer took 301 us
Timer Host Based C++ Timer took 297 us
Timer Host Based C++ Timer took 293 us
Timer Host Based C++ Timer took 298 us
Timer Host Based C++ Timer took 295 us
Timer Host Based C++ Timer took 300 us
Timer Host Based C++ Timer took 296 us
Timer Host Based C++ Timer took 297 us
Timer Host Based C++ Timer took 295 us
Timer Host Based C++ Timer took 293 us
Timer Host Based C++ Timer took 295 us
Timer Host Based C++ Timer took 296 us
Timer Host Based C++ Timer took 293 us
Timer Host Based C++ Timer took 292 us
Timer Host Based C++ Timer took 293 us
Timer Host Based C++ Timer took 294 us
Timer Host Based C++ Timer took 302 us
Timer Host Based C++ Timer took 292 us
Timer Host Based C++ Timer took 296 us
Timer Host Based C++ Timer took 293 us
Timer Host Based C++ Timer took 304 us
Timer Host Based C++ Timer took 295 us
Timer Host Based C++ Timer took 298 us
Timer Host Based C++ Timer took 297 us
Timer Host Based C++ Timer took 301 us
Timer Host Based C++ Timer took 294 us
Timer Host Based C++ Timer took 301 us
Timer Host Based C++ Timer took 296 us
Timer Host Based C++ Timer took 289 us
Timer Host Based C++ Timer took 299 us
Timer Host Based C++ Timer took 295 us
Timer Host Based C++ Timer took 294 us
Timer Host Based C++ Timer took 293 us
Timer Host Based C++ Timer took 299 us
Timer Host Based C++ Timer took 296 us
Timer Host Based C++ Timer took 294 us
Timer Host Based C++ Timer took 293 us
Timer Host Based C++ Timer took 298 us
Timer Host Based C++ Timer took 298 us
Timer Host Based C++ Timer took 295 us
Timer Host Based C++ Timer took 301 us
Timer Host Based C++ Timer took 294 us
Timer Host Based C++ Timer took 296 us
Timer Host Based C++ Timer took 298 us
Timer Host Based C++ Timer took 298 us
Timer Host Based C++ Timer took 299 us
Timer Host Based C++ Timer took 296 us
Timer Host Based C++ Timer took 300 us
Timer Host Based C++ Timer took 293 us
Timer Host Based C++ Timer took 293 us
Timer Host Based C++ Timer took 294 us
Timer Host Based C++ Timer took 297 us
Timer Host Based C++ Timer took 297 us
Timer Host Based C++ Timer took 299 us
Timer Host Based C++ Timer took 299 us
Timer Host Based C++ Timer took 295 us
Timer Host Based C++ Timer took 297 us
Timer Host Based C++ Timer took 297 us
Timer Host Based C++ Timer took 297 us
Timer Host Based C++ Timer took 298 us
Timer Host Based C++ Timer took 297 us
Timer Host Based C++ Timer took 305 us
Timer Host Based C++ Timer took 305 us
Timer Host Based C++ Timer took 299 us
Timer Host Based C++ Timer took 293 us
Timer Host Based C++ Timer took 298 us
Timer Host Based C++ Timer took 298 us
Timer Host Based C++ Timer took 297 us
Timer Host Based C++ Timer took 298 us
Timer Host Based C++ Timer took 299 us
Timer Host Based C++ Timer took 300 us
Timer Host Based C++ Timer took 298 us
Timer Host Based C++ Timer took 303 us
Timer Host Based C++ Timer took 296 us
Timer Host Based C++ Timer took 301 us
Timer Host Based C++ Timer took 298 us
Timer Host Based C++ Timer took 295 us
Timer Host Based C++ Timer took 302 us
Timer Host Based C++ Timer took 299 us
Timer Host Based C++ Timer took 298 us
Timer Host Based C++ Timer took 299 us
Timer Host Based C++ Timer took 298 us
Timer Host Based C++ Timer took 300 us
Timer Host Based C++ Timer took 302 us
Timer Host Based C++ Timer took 298 us
Timer Host Based C++ Timer took 300 us
Timer Host Based C++ Timer took 302 us
Timer Host Based C++ Timer took 297 us
Timer Host Based C++ Timer took 301 us
Timer Host Based C++ Timer took 298 us
Timer Host Based C++ Timer took 299 us
Timer Host Based C++ Timer took 301 us
Timer Host Based C++ Timer took 296 us
Timer Host Based C++ Timer took 301 us
Timer Host Based C++ Timer took 291 us
Timer Host Based C++ Timer took 299 us
Timer Host Based C++ Timer took 297 us
Timer Host Based C++ Timer took 304 us
Timer Host Based C++ Timer took 300 us
Timer Host Based C++ Timer took 298 us
Timer Host Based C++ Timer took 300 us
Timer Host Based C++ Timer took 298 us
Timer Host Based C++ Timer took 292 us
Timer Host Based C++ Timer took 302 us
Timer Host Based C++ Timer took 301 us
Timer Host Based C++ Timer took 295 us
Timer Host Based C++ Timer took 301 us
Timer Host Based C++ Timer took 303 us
Timer Host Based C++ Timer took 294 us
Timer Host Based C++ Timer took 293 us
Timer Host Based C++ Timer took 290 us
Timer Host Based C++ Timer took 293 us
Timer Host Based C++ Timer took 298 us
Timer Host Based C++ Timer took 293 us
Timer Host Based C++ Timer took 293 us
Timer Host Based C++ Timer took 296 us
Timer Host Based C++ Timer took 293 us
Timer Host Based C++ Timer took 296 us
Timer Host Based C++ Timer took 296 us
Timer Host Based C++ Timer took 343 us
Timer Host Based C++ Timer took 326 us
Timer Host Based C++ Timer took 324 us
Timer Host Based C++ Timer took 321 us
Timer Host Based C++ Timer took 321 us
Timer Host Based C++ Timer took 330 us
Timer Host Based C++ Timer took 321 us
Timer Host Based C++ Timer took 320 us
Timer Host Based C++ Timer took 321 us
Timer Host Based C++ Timer took 310 us
Timer Host Based C++ Timer took 320 us
Timer Host Based C++ Timer took 323 us
Timer Host Based C++ Timer took 325 us
Timer Host Based C++ Timer took 320 us
Timer Host Based C++ Timer took 320 us
Timer Host Based C++ Timer took 318 us
Timer Host Based C++ Timer took 323 us
Timer Host Based C++ Timer took 328 us
Timer Host Based C++ Timer took 322 us
Timer Host Based C++ Timer took 319 us
Timer Host Based C++ Timer took 323 us
Timer Host Based C++ Timer took 317 us
Timer Host Based C++ Timer took 316 us
Timer Host Based C++ Timer took 322 us
Timer Host Based C++ Timer took 321 us
Timer Host Based C++ Timer took 319 us
Timer Host Based C++ Timer took 318 us
Timer Host Based C++ Timer took 323 us
Timer Host Based C++ Timer took 321 us
Timer Host Based C++ Timer took 318 us
Timer Host Based C++ Timer took 319 us
Timer Host Based C++ Timer took 314 us
Timer Host Based C++ Timer took 322 us
Timer Host Based C++ Timer took 315 us
Timer Host Based C++ Timer took 323 us
Timer Host Based C++ Timer took 323 us
Timer Host Based C++ Timer took 317 us
Timer Host Based C++ Timer took 319 us
Timer Host Based C++ Timer took 325 us
Timer Host Based C++ Timer took 321 us
Timer Host Based C++ Timer took 322 us
Timer Host Based C++ Timer took 315 us
Timer Host Based C++ Timer took 319 us
Timer Host Based C++ Timer took 312 us
Timer Host Based C++ Timer took 317 us
Timer Host Based C++ Timer took 327 us
Timer Host Based C++ Timer took 316 us
Timer Host Based C++ Timer took 325 us
Timer Host Based C++ Timer took 317 us
Timer Host Based C++ Timer took 324 us
Timer Host Based C++ Timer took 316 us
Timer Host Based C++ Timer took 313 us
Timer Host Based C++ Timer took 322 us
Timer Host Based C++ Timer took 318 us
Timer Host Based C++ Timer took 317 us
Timer Host Based C++ Timer took 312 us
Timer Host Based C++ Timer took 320 us
Timer Host Based C++ Timer took 320 us
Timer Host Based C++ Timer took 318 us
Timer Host Based C++ Timer took 316 us
Timer Host Based C++ Timer took 327 us
Timer Host Based C++ Timer took 319 us
Timer Host Based C++ Timer took 319 us
Timer Host Based C++ Timer took 322 us
Timer Host Based C++ Timer took 323 us
Timer Host Based C++ Timer took 318 us
Timer Host Based C++ Timer took 318 us
Timer Host Based C++ Timer took 320 us
Timer Host Based C++ Timer took 322 us
Timer Host Based C++ Timer took 318 us
Timer Host Based C++ Timer took 325 us
Timer Host Based C++ Timer took 322 us
Timer Host Based C++ Timer took 324 us
Timer Host Based C++ Timer took 327 us
Timer Host Based C++ Timer took 321 us
Timer Host Based C++ Timer took 321 us
Timer Host Based C++ Timer took 316 us
Timer Host Based C++ Timer took 320 us
Timer Host Based C++ Timer took 315 us
Timer Host Based C++ Timer took 317 us
Timer Host Based C++ Timer took 321 us
Timer Host Based C++ Timer took 314 us
Timer Host Based C++ Timer took 320 us
Timer Host Based C++ Timer took 316 us
Timer Host Based C++ Timer took 321 us
Timer Host Based C++ Timer took 325 us
Timer Host Based C++ Timer took 314 us
Timer Host Based C++ Timer took 320 us
Timer Host Based C++ Timer took 321 us
Timer Host Based C++ Timer took 314 us
Timer Host Based C++ Timer took 321 us
Timer Host Based C++ Timer took 317 us
Timer Host Based C++ Timer took 317 us
Timer Host Based C++ Timer took 322 us
Timer Host Based C++ Timer took 309 us
Timer Host Based C++ Timer took 324 us
Timer Host Based C++ Timer took 315 us
Timer Host Based C++ Timer took 312 us
Timer Host Based C++ Timer took 323 us
Timer Host Based C++ Timer took 321 us
Timer Host Based C++ Timer took 321 us
Timer Host Based C++ Timer took 320 us
Timer Host Based C++ Timer took 317 us
Timer Host Based C++ Timer took 316 us
Timer Host Based C++ Timer took 317 us
Timer Host Based C++ Timer took 327 us
Timer Host Based C++ Timer took 325 us
Timer Host Based C++ Timer took 316 us
Timer Host Based C++ Timer took 331 us
Timer Host Based C++ Timer took 319 us
Timer Host Based C++ Timer took 316 us
Timer Host Based C++ Timer took 323 us
Timer Host Based C++ Timer took 319 us
Timer Host Based C++ Timer took 322 us
Timer Host Based C++ Timer took 325 us
Timer Host Based C++ Timer took 315 us
Timer Host Based C++ Timer took 312 us
Timer Host Based C++ Timer took 320 us
Timer Host Based C++ Timer took 314 us
Timer Host Based C++ Timer took 312 us
Timer Host Based C++ Timer took 312 us
Timer Host Based C++ Timer took 314 us
Timer Host Based C++ Timer took 320 us
Timer Host Based C++ Timer took 321 us
Timer Host Based C++ Timer took 327 us
Timer Host Based C++ Timer took 318 us
Timer Host Based C++ Timer took 312 us
Timer Host Based C++ Timer took 315 us
Timer Host Based C++ Timer took 314 us
Timer Host Based C++ Timer took 321 us
Timer Host Based C++ Timer took 325 us
Timer Host Based C++ Timer took 318 us
Timer Host Based C++ Timer took 318 us
Timer Host Based C++ Timer took 324 us
Timer Host Based C++ Timer took 315 us
Timer Host Based C++ Timer took 323 us
Timer Host Based C++ Timer took 317 us
Timer Host Based C++ Timer took 323 us
Timer Host Based C++ Timer took 320 us
Timer Host Based C++ Timer took 316 us
Timer Host Based C++ Timer took 317 us
Timer Host Based C++ Timer took 320 us
Timer Host Based C++ Timer took 320 us
Timer Host Based C++ Timer took 322 us
Timer Host Based C++ Timer took 315 us
Timer Host Based C++ Timer took 328 us
Timer Host Based C++ Timer took 316 us
Timer Host Based C++ Timer took 314 us
Timer Host Based C++ Timer took 318 us
Timer Host Based C++ Timer took 327 us
Timer Host Based C++ Timer took 318 us
Timer Host Based C++ Timer took 317 us
Timer Host Based C++ Timer took 314 us
Timer Host Based C++ Timer took 317 us
Timer Host Based C++ Timer took 315 us
Timer Host Based C++ Timer took 314 us
Timer Host Based C++ Timer took 312 us
Timer Host Based C++ Timer took 310 us
Timer Host Based C++ Timer took 318 us
Timer Host Based C++ Timer took 326 us
Timer Host Based C++ Timer took 321 us
Timer Host Based C++ Timer took 312 us
Timer Host Based C++ Timer took 319 us
Timer Host Based C++ Timer took 313 us
Timer Host Based C++ Timer took 316 us
Timer Host Based C++ Timer took 318 us
Timer Host Based C++ Timer took 316 us
Timer Host Based C++ Timer took 318 us
Timer Host Based C++ Timer took 315 us
Timer Host Based C++ Timer took 317 us
Timer Host Based C++ Timer took 313 us
Timer Host Based C++ Timer took 320 us
Timer Host Based C++ Timer took 316 us
Timer Host Based C++ Timer took 319 us
Timer Host Based C++ Timer took 321 us
Timer Host Based C++ Timer took 320 us
Timer Host Based C++ Timer took 318 us
Timer Host Based C++ Timer took 319 us
Timer Host Based C++ Timer took 319 us
Timer Host Based C++ Timer took 320 us
Timer Host Based C++ Timer took 322 us
Timer Host Based C++ Timer took 314 us
Timer Host Based C++ Timer took 312 us
Timer Host Based C++ Timer took 315 us
Timer Host Based C++ Timer took 324 us
Timer Host Based C++ Timer took 318 us
Timer Host Based C++ Timer took 318 us
Timer Host Based C++ Timer took 322 us
Timer Host Based C++ Timer took 322 us
Timer Host Based C++ Timer took 313 us
Timer Host Based C++ Timer took 327 us
Timer Host Based C++ Timer took 316 us
Timer Host Based C++ Timer took 326 us
Timer Host Based C++ Timer took 319 us
Timer Host Based C++ Timer took 324 us
Timer Host Based C++ Timer took 322 us
Timer Host Based C++ Timer took 317 us
Timer Host Based C++ Timer took 320 us
Timer Host Based C++ Timer took 323 us
Timer Host Based C++ Timer took 312 us
Timer Host Based C++ Timer took 316 us
Timer Host Based C++ Timer took 315 us
Timer Host Based C++ Timer took 315 us
Timer Host Based C++ Timer took 324 us
Timer Host Based C++ Timer took 322 us
Timer Host Based C++ Timer took 327 us
Timer Host Based C++ Timer took 313 us
Timer Host Based C++ Timer took 314 us
Timer Host Based C++ Timer took 311 us
Timer Host Based C++ Timer took 322 us
Timer Host Based C++ Timer took 323 us
Timer Host Based C++ Timer took 318 us
Timer Host Based C++ Timer took 318 us
Timer Host Based C++ Timer took 315 us
Timer Host Based C++ Timer took 317 us
Timer Host Based C++ Timer took 315 us
Timer Host Based C++ Timer took 326 us
Timer Host Based C++ Timer took 316 us
Timer Host Based C++ Timer took 321 us
Timer Host Based C++ Timer took 325 us
Timer Host Based C++ Timer took 316 us
Timer Host Based C++ Timer took 323 us
Timer Host Based C++ Timer took 315 us
Timer Host Based C++ Timer took 319 us
Timer Host Based C++ Timer took 321 us
Timer Host Based C++ Timer took 324 us
Timer Host Based C++ Timer took 317 us
Timer Host Based C++ Timer took 321 us
Timer Host Based C++ Timer took 325 us
Timer Host Based C++ Timer took 325 us
Timer Host Based C++ Timer took 320 us
Timer Host Based C++ Timer took 337 us
Timer Host Based C++ Timer took 317 us
Timer Host Based C++ Timer took 319 us
Timer Host Based C++ Timer took 321 us
Timer Host Based C++ Timer took 324 us
Timer Host Based C++ Timer took 315 us
Timer Host Based C++ Timer took 314 us
Timer Host Based C++ Timer took 314 us
Timer Host Based C++ Timer took 307 us
Timer Host Based C++ Timer took 315 us
Timer Host Based C++ Timer took 308 us
Timer Host Based C++ Timer took 317 us
Timer Host Based C++ Timer took 317 us
Timer Host Based C++ Timer took 313 us
Timer Host Based C++ Timer took 311 us
Timer Host Based C++ Timer took 308 us
Timer Host Based C++ Timer took 310 us
Timer Host Based C++ Timer took 310 us
Timer Host Based C++ Timer took 309 us
Timer Host Based C++ Timer took 320 us
Timer Host Based C++ Timer took 317 us
Timer Host Based C++ Timer took 309 us
Timer Host Based C++ Timer took 312 us
Timer Host Based C++ Timer took 313 us
Timer Host Based C++ Timer took 310 us
Timer Host Based C++ Timer took 307 us
Timer Host Based C++ Timer took 319 us
Timer Host Based C++ Timer took 311 us
Timer Host Based C++ Timer took 306 us
Timer Host Based C++ Timer took 316 us
Timer Host Based C++ Timer took 309 us
Timer Host Based C++ Timer took 311 us
Timer Host Based C++ Timer took 308 us
Timer Host Based C++ Timer took 309 us
Timer Host Based C++ Timer took 308 us
Timer Host Based C++ Timer took 316 us
Timer Host Based C++ Timer took 309 us
Timer Host Based C++ Timer took 314 us
Timer Host Based C++ Timer took 307 us
Timer Host Based C++ Timer took 307 us
Timer Host Based C++ Timer took 311 us
Timer Host Based C++ Timer took 310 us
Timer Host Based C++ Timer took 312 us
Timer Host Based C++ Timer took 310 us
Timer Host Based C++ Timer took 315 us
Timer Host Based C++ Timer took 315 us
Timer Host Based C++ Timer took 309 us
Timer Host Based C++ Timer took 308 us
Timer Host Based C++ Timer took 315 us
Timer Host Based C++ Timer took 310 us
Timer Host Based C++ Timer took 311 us
Timer Host Based C++ Timer took 314 us
Timer Host Based C++ Timer took 311 us
Timer Host Based C++ Timer took 308 us
Timer Host Based C++ Timer took 308 us
Timer Host Based C++ Timer took 307 us
Timer Host Based C++ Timer took 308 us
Timer Host Based C++ Timer took 310 us
Timer Host Based C++ Timer took 316 us
Timer Host Based C++ Timer took 311 us
Timer Host Based C++ Timer took 312 us
Timer Host Based C++ Timer took 307 us
Timer Host Based C++ Timer took 305 us
Timer Host Based C++ Timer took 311 us
Timer Host Based C++ Timer took 306 us
Timer Host Based C++ Timer took 310 us
Timer Host Based C++ Timer took 302 us
Timer Host Based C++ Timer took 315 us
Timer Host Based C++ Timer took 307 us
Timer Host Based C++ Timer took 307 us
Timer Host Based C++ Timer took 305 us
Timer Host Based C++ Timer took 309 us
Timer Host Based C++ Timer took 305 us
Timer Host Based C++ Timer took 308 us
Timer Host Based C++ Timer took 313 us
Timer Host Based C++ Timer took 308 us
Timer Host Based C++ Timer took 309 us
Timer Host Based C++ Timer took 315 us
Timer Host Based C++ Timer took 307 us
Timer Host Based C++ Timer took 310 us
Timer Host Based C++ Timer took 308 us
Timer Host Based C++ Timer took 310 us
Timer Host Based C++ Timer took 310 us
Timer Host Based C++ Timer took 310 us
Timer Host Based C++ Timer took 313 us
Timer Host Based C++ Timer took 305 us
Timer Host Based C++ Timer took 307 us
Timer Host Based C++ Timer took 307 us
Timer Host Based C++ Timer took 311 us
Timer Host Based C++ Timer took 311 us
Timer Host Based C++ Timer took 310 us
Timer Host Based C++ Timer took 309 us
Timer Host Based C++ Timer took 306 us
Timer Host Based C++ Timer took 311 us
Timer Host Based C++ Timer took 308 us
Timer Host Based C++ Timer took 308 us
Timer Host Based C++ Timer took 309 us
Timer Host Based C++ Timer took 309 us
Timer Host Based C++ Timer took 314 us
Timer Host Based C++ Timer took 308 us
Timer Host Based C++ Timer took 310 us
Timer Host Based C++ Timer took 309 us
Timer Host Based C++ Timer took 311 us
Timer Host Based C++ Timer took 306 us
Timer Host Based C++ Timer took 304 us
Timer Host Based C++ Timer took 306 us
Timer Host Based C++ Timer took 311 us
Timer Host Based C++ Timer took 305 us
Timer Host Based C++ Timer took 312 us
Timer Host Based C++ Timer took 307 us
Timer Host Based C++ Timer took 312 us
Timer Host Based C++ Timer took 308 us
Timer Host Based C++ Timer took 313 us
Timer Host Based C++ Timer took 307 us
Timer Host Based C++ Timer took 317 us
Timer Host Based C++ Timer took 305 us
Timer Host Based C++ Timer took 307 us
Timer Host Based C++ Timer took 308 us
Timer Host Based C++ Timer took 306 us
Timer Host Based C++ Timer took 310 us
Timer Host Based C++ Timer took 314 us
Timer Host Based C++ Timer took 307 us
Timer Host Based C++ Timer took 316 us
Timer Host Based C++ Timer took 308 us
Timer Host Based C++ Timer took 310 us
Timer Host Based C++ Timer took 306 us
Timer Host Based C++ Timer took 311 us
Timer Host Based C++ Timer took 306 us
Timer Host Based C++ Timer took 308 us
Timer Host Based C++ Timer took 315 us
Timer Host Based C++ Timer took 310 us
Timer Host Based C++ Timer took 310 us
Timer Host Based C++ Timer took 309 us
Timer Host Based C++ Timer took 310 us
Timer Host Based C++ Timer took 312 us
Timer Host Based C++ Timer took 311 us
Timer Host Based C++ Timer took 304 us
Timer Host Based C++ Timer took 303 us
Timer Host Based C++ Timer took 309 us
Timer Host Based C++ Timer took 309 us
Timer Host Based C++ Timer took 311 us
Timer Host Based C++ Timer took 308 us
Timer Host Based C++ Timer took 306 us
Timer Host Based C++ Timer took 311 us
Timer Host Based C++ Timer took 311 us
Timer Host Based C++ Timer took 305 us
Timer Host Based C++ Timer took 305 us
Timer Host Based C++ Timer took 313 us
Timer Host Based C++ Timer took 308 us
Timer Host Based C++ Timer took 306 us
Timer Host Based C++ Timer took 304 us
Timer Host Based C++ Timer took 307 us
Timer Host Based C++ Timer took 311 us
Timer Host Based C++ Timer took 306 us
Timer Host Based C++ Timer took 307 us
Timer Host Based C++ Timer took 308 us
Timer Host Based C++ Timer took 308 us
Timer Host Based C++ Timer took 308 us
Timer Host Based C++ Timer took 305 us
Timer Host Based C++ Timer took 305 us
Timer Host Based C++ Timer took 309 us
Timer Host Based C++ Timer took 312 us
Timer Host Based C++ Timer took 308 us
Timer Host Based C++ Timer took 309 us
Timer Host Based C++ Timer took 314 us
Timer Host Based C++ Timer took 315 us
Timer Host Based C++ Timer took 306 us
Timer Host Based C++ Timer took 305 us
Timer Host Based C++ Timer took 313 us
Timer Host Based C++ Timer took 314 us
Timer Host Based C++ Timer took 312 us
Timer Host Based C++ Timer took 305 us
Step 43 done.
Writing to: "/capstor/scratch/cscs/ybudanaz/icon-artifacts/velocity/gotwant/data_nproma20480/global_data_43.got"
Writing to: "/capstor/scratch/cscs/ybudanaz/icon-artifacts/velocity/gotwant/data_nproma20480/p_diag_43.got"
Writing to: "/capstor/scratch/cscs/ybudanaz/icon-artifacts/velocity/gotwant/data_nproma20480/global_data_43.want"
Writing to: "/capstor/scratch/cscs/ybudanaz/icon-artifacts/velocity/gotwant/data_nproma20480/p_metrics_43.got"
Writing to: "/capstor/scratch/cscs/ybudanaz/icon-artifacts/velocity/gotwant/data_nproma20480/p_diag_43.want"
Writing to: "/capstor/scratch/cscs/ybudanaz/icon-artifacts/velocity/gotwant/data_nproma20480/p_metrics_43.want"
Writing to: "/capstor/scratch/cscs/ybudanaz/icon-artifacts/velocity/gotwant/data_nproma20480/p_prog_43.got"
Writing to: "/capstor/scratch/cscs/ybudanaz/icon-artifacts/velocity/gotwant/data_nproma20480/p_prog_43.want"
Writing to: "/capstor/scratch/cscs/ybudanaz/icon-artifacts/velocity/gotwant/data_nproma20480/z_vt_ie_43.got"
Writing to: "/capstor/scratch/cscs/ybudanaz/icon-artifacts/velocity/gotwant/data_nproma20480/z_kin_hor_e_43.got"
Writing to: "/capstor/scratch/cscs/ybudanaz/icon-artifacts/velocity/gotwant/data_nproma20480/z_vt_ie_43.want"
Writing to: "/capstor/scratch/cscs/ybudanaz/icon-artifacts/velocity/gotwant/data_nproma20480/z_w_concorr_me_43.got"
Writing to: "/capstor/scratch/cscs/ybudanaz/icon-artifacts/velocity/gotwant/data_nproma20480/z_kin_hor_e_43.want"
Writing to: "/capstor/scratch/cscs/ybudanaz/icon-artifacts/velocity/gotwant/data_nproma20480/z_w_concorr_me_43.want"
Reading from: "data_nproma20480/p_int.93.data"
Reading from: "data_nproma20480/p_diag.t0.93.data"
Reading from: "data_nproma20480/global_data.t0.93.data"
Reading from: "data_nproma20480/global_data.t1.93.data"
Reading from: "data_nproma20480/p_patch.93.data"
Reading from: "data_nproma20480/p_metrics.t0.93.data"
Reading from: "data_nproma20480/z_kin_hor_e.t1.93.data"
Reading from: "data_nproma20480/p_diag.t1.93.data"
Reading from: "data_nproma20480/p_metrics.t1.93.data"
Reading from: "data_nproma20480/z_kin_hor_e.t0.93.data"
Reading from: "data_nproma20480/p_prog.t0.93.data"
Reading from: "data_nproma20480/z_vt_ie.t1.93.data"
Reading from: "data_nproma20480/z_vt_ie.t0.93.data"
Reading from: "data_nproma20480/ldeepatmo.93.data"
Reading from: "data_nproma20480/z_w_concorr_me.t0.93.data"
Reading from: "data_nproma20480/istep.93.data"
Reading from: "data_nproma20480/lvn_only.93.data"
Reading from: "data_nproma20480/dt_linintp_ubc.93.data"
Reading from: "data_nproma20480/z_w_concorr_me.t1.93.data"
Reading from: "data_nproma20480/ntnd.93.data"
Reading from: "data_nproma20480/dtime.93.data"
Reading from: "data_nproma20480/p_prog.t1.93.data"
Step 93 variables, extra_diffu: 1, istep: 2, lvn_only: 0, ldeepatmo: 0
Iteration: 0
Timer Host Based C++ Timer took 539 us
Iteration: 1
Timer Host Based C++ Timer took 306 us
Iteration: 2
Timer Host Based C++ Timer took 311 us
Iteration: 3
Timer Host Based C++ Timer took 315 us
Iteration: 4
Timer Host Based C++ Timer took 307 us
Iteration: 5
Timer Host Based C++ Timer took 312 us
Iteration: 6
Timer Host Based C++ Timer took 311 us
Iteration: 7
Timer Host Based C++ Timer took 312 us
Iteration: 8
Timer Host Based C++ Timer took 301 us
Iteration: 9
Timer Host Based C++ Timer took 297 us
Iteration: 10
Timer Host Based C++ Timer took 309 us
Iteration: 11
Timer Host Based C++ Timer took 311 us
Iteration: 12
Timer Host Based C++ Timer took 310 us
Iteration: 13
Timer Host Based C++ Timer took 313 us
Iteration: 14
Timer Host Based C++ Timer took 309 us
Iteration: 15
Timer Host Based C++ Timer took 314 us
Iteration: 16
Timer Host Based C++ Timer took 310 us
Iteration: 17
Timer Host Based C++ Timer took 305 us
Iteration: 18
Timer Host Based C++ Timer took 310 us
Iteration: 19
Timer Host Based C++ Timer took 303 us
Iteration: 20
Timer Host Based C++ Timer took 310 us
Iteration: 21
Timer Host Based C++ Timer took 308 us
Iteration: 22
Timer Host Based C++ Timer took 305 us
Iteration: 23
Timer Host Based C++ Timer took 308 us
Iteration: 24
Timer Host Based C++ Timer took 306 us
Iteration: 25
Timer Host Based C++ Timer took 302 us
Iteration: 26
Timer Host Based C++ Timer took 306 us
Iteration: 27
Timer Host Based C++ Timer took 311 us
Iteration: 28
Timer Host Based C++ Timer took 304 us
Iteration: 29
Timer Host Based C++ Timer took 312 us
Iteration: 30
Timer Host Based C++ Timer took 312 us
Iteration: 31
Timer Host Based C++ Timer took 311 us
Iteration: 32
Timer Host Based C++ Timer took 312 us
Iteration: 33
Timer Host Based C++ Timer took 308 us
Iteration: 34
Timer Host Based C++ Timer took 310 us
Iteration: 35
Timer Host Based C++ Timer took 308 us
Iteration: 36
Timer Host Based C++ Timer took 310 us
Iteration: 37
Timer Host Based C++ Timer took 314 us
Iteration: 38
Timer Host Based C++ Timer took 311 us
Iteration: 39
Timer Host Based C++ Timer took 313 us
Iteration: 40
Timer Host Based C++ Timer took 312 us
Iteration: 41
Timer Host Based C++ Timer took 311 us
Iteration: 42
Timer Host Based C++ Timer took 310 us
Iteration: 43
Timer Host Based C++ Timer took 312 us
Iteration: 44
Timer Host Based C++ Timer took 303 us
Iteration: 45
Timer Host Based C++ Timer took 307 us
Iteration: 46
Timer Host Based C++ Timer took 305 us
Iteration: 47
Timer Host Based C++ Timer took 303 us
Iteration: 48
Timer Host Based C++ Timer took 304 us
Iteration: 49
Timer Host Based C++ Timer took 307 us
Iteration: 50
Timer Host Based C++ Timer took 305 us
Iteration: 51
Timer Host Based C++ Timer took 308 us
Iteration: 52
Timer Host Based C++ Timer took 316 us
Iteration: 53
Timer Host Based C++ Timer took 303 us
Iteration: 54
Timer Host Based C++ Timer took 308 us
Iteration: 55
Timer Host Based C++ Timer took 305 us
Iteration: 56
Timer Host Based C++ Timer took 304 us
Iteration: 57
Timer Host Based C++ Timer took 313 us
Iteration: 58
Timer Host Based C++ Timer took 312 us
Iteration: 59
Timer Host Based C++ Timer took 310 us
Iteration: 60
Timer Host Based C++ Timer took 313 us
Iteration: 61
Timer Host Based C++ Timer took 302 us
Iteration: 62
Timer Host Based C++ Timer took 308 us
Iteration: 63
Timer Host Based C++ Timer took 309 us
Iteration: 64
Timer Host Based C++ Timer took 308 us
Iteration: 65
Timer Host Based C++ Timer took 300 us
Iteration: 66
Timer Host Based C++ Timer took 309 us
Iteration: 67
Timer Host Based C++ Timer took 307 us
Iteration: 68
Timer Host Based C++ Timer took 307 us
Iteration: 69
Timer Host Based C++ Timer took 308 us
Iteration: 70
Timer Host Based C++ Timer took 314 us
Iteration: 71
Timer Host Based C++ Timer took 310 us
Iteration: 72
Timer Host Based C++ Timer took 312 us
Iteration: 73
Timer Host Based C++ Timer took 312 us
Iteration: 74
Timer Host Based C++ Timer took 303 us
Iteration: 75
Timer Host Based C++ Timer took 310 us
Iteration: 76
Timer Host Based C++ Timer took 302 us
Iteration: 77
Timer Host Based C++ Timer took 304 us
Iteration: 78
Timer Host Based C++ Timer took 309 us
Iteration: 79
Timer Host Based C++ Timer took 310 us
Iteration: 80
Timer Host Based C++ Timer took 299 us
Iteration: 81
Timer Host Based C++ Timer took 307 us
Iteration: 82
Timer Host Based C++ Timer took 308 us
Iteration: 83
Timer Host Based C++ Timer took 304 us
Iteration: 84
Timer Host Based C++ Timer took 303 us
Iteration: 85
Timer Host Based C++ Timer took 306 us
Iteration: 86
Timer Host Based C++ Timer took 298 us
Iteration: 87
Timer Host Based C++ Timer took 307 us
Iteration: 88
Timer Host Based C++ Timer took 311 us
Iteration: 89
Timer Host Based C++ Timer took 305 us
Iteration: 90
Timer Host Based C++ Timer took 303 us
Iteration: 91
Timer Host Based C++ Timer took 301 us
Iteration: 92
Timer Host Based C++ Timer took 304 us
Iteration: 93
Timer Host Based C++ Timer took 308 us
Iteration: 94
Timer Host Based C++ Timer took 307 us
Iteration: 95
Timer Host Based C++ Timer took 305 us
Iteration: 96
Timer Host Based C++ Timer took 305 us
Iteration: 97
Timer Host Based C++ Timer took 297 us
Iteration: 98
Timer Host Based C++ Timer took 307 us
Iteration: 99
Timer Host Based C++ Timer took 306 us
Iteration: 100
Timer Host Based C++ Timer took 304 us
Iteration: 101
Timer Host Based C++ Timer took 304 us
Iteration: 102
Timer Host Based C++ Timer took 307 us
Iteration: 103
Timer Host Based C++ Timer took 305 us
Iteration: 104
Timer Host Based C++ Timer took 307 us
Iteration: 105
Timer Host Based C++ Timer took 302 us
Iteration: 106
Timer Host Based C++ Timer took 303 us
Iteration: 107
Timer Host Based C++ Timer took 304 us
Iteration: 108
Timer Host Based C++ Timer took 306 us
Iteration: 109
Timer Host Based C++ Timer took 301 us
Iteration: 110
Timer Host Based C++ Timer took 299 us
Iteration: 111
Timer Host Based C++ Timer took 300 us
Iteration: 112
Timer Host Based C++ Timer took 297 us
Iteration: 113
Timer Host Based C++ Timer took 298 us
Iteration: 114
Timer Host Based C++ Timer took 303 us
Iteration: 115
Timer Host Based C++ Timer took 298 us
Iteration: 116
Timer Host Based C++ Timer took 299 us
Iteration: 117
Timer Host Based C++ Timer took 305 us
Iteration: 118
Timer Host Based C++ Timer took 302 us
Iteration: 119
Timer Host Based C++ Timer took 302 us
Iteration: 120
Timer Host Based C++ Timer took 309 us
Iteration: 121
Timer Host Based C++ Timer took 304 us
Iteration: 122
Timer Host Based C++ Timer took 301 us
Iteration: 123
Timer Host Based C++ Timer took 297 us
Iteration: 124
Timer Host Based C++ Timer took 298 us
Iteration: 125
Timer Host Based C++ Timer took 298 us
Iteration: 126
Timer Host Based C++ Timer took 300 us
Iteration: 127
Timer Host Based C++ Timer took 301 us
Iteration: 128
Timer Host Based C++ Timer took 304 us
Iteration: 129
Timer Host Based C++ Timer took 301 us
Iteration: 130
Timer Host Based C++ Timer took 304 us
Iteration: 131
Timer Host Based C++ Timer took 303 us
Iteration: 132
Timer Host Based C++ Timer took 304 us
Iteration: 133
Timer Host Based C++ Timer took 299 us
Iteration: 134
Timer Host Based C++ Timer took 298 us
Iteration: 135
Timer Host Based C++ Timer took 298 us
Iteration: 136
Timer Host Based C++ Timer took 293 us
Iteration: 137
Timer Host Based C++ Timer took 297 us
Iteration: 138
Timer Host Based C++ Timer took 299 us
Iteration: 139
Timer Host Based C++ Timer took 302 us
Iteration: 140
Timer Host Based C++ Timer took 302 us
Iteration: 141
Timer Host Based C++ Timer took 300 us
Iteration: 142
Timer Host Based C++ Timer took 300 us
Iteration: 143
Timer Host Based C++ Timer took 301 us
Iteration: 144
Timer Host Based C++ Timer took 298 us
Iteration: 145
Timer Host Based C++ Timer took 302 us
Iteration: 146
Timer Host Based C++ Timer took 304 us
Iteration: 147
Timer Host Based C++ Timer took 299 us
Iteration: 148
Timer Host Based C++ Timer took 305 us
Iteration: 149
Timer Host Based C++ Timer took 300 us
Iteration: 150
Timer Host Based C++ Timer took 299 us
Iteration: 151
Timer Host Based C++ Timer took 304 us
Iteration: 152
Timer Host Based C++ Timer took 300 us
Iteration: 153
Timer Host Based C++ Timer took 301 us
Iteration: 154
Timer Host Based C++ Timer took 303 us
Iteration: 155
Timer Host Based C++ Timer took 300 us
Iteration: 156
Timer Host Based C++ Timer took 302 us
Iteration: 157
Timer Host Based C++ Timer took 300 us
Iteration: 158
Timer Host Based C++ Timer took 299 us
Iteration: 159
Timer Host Based C++ Timer took 289 us
Iteration: 160
Timer Host Based C++ Timer took 301 us
Iteration: 161
Timer Host Based C++ Timer took 296 us
Iteration: 162
Timer Host Based C++ Timer took 298 us
Iteration: 163
Timer Host Based C++ Timer took 295 us
Iteration: 164
Timer Host Based C++ Timer took 298 us
Iteration: 165
Timer Host Based C++ Timer took 294 us
Iteration: 166
Timer Host Based C++ Timer took 297 us
Iteration: 167
Timer Host Based C++ Timer took 299 us
Iteration: 168
Timer Host Based C++ Timer took 296 us
Iteration: 169
Timer Host Based C++ Timer took 295 us
Iteration: 170
Timer Host Based C++ Timer took 309 us
Iteration: 171
Timer Host Based C++ Timer took 293 us
Iteration: 172
Timer Host Based C++ Timer took 296 us
Iteration: 173
Timer Host Based C++ Timer took 295 us
Iteration: 174
Timer Host Based C++ Timer took 293 us
Iteration: 175
Timer Host Based C++ Timer took 293 us
Iteration: 176
Timer Host Based C++ Timer took 293 us
Iteration: 177
Timer Host Based C++ Timer took 295 us
Iteration: 178
Timer Host Based C++ Timer took 295 us
Iteration: 179
Timer Host Based C++ Timer took 293 us
Iteration: 180
Timer Host Based C++ Timer took 295 us
Iteration: 181
Timer Host Based C++ Timer took 292 us
Iteration: 182
Timer Host Based C++ Timer took 292 us
Iteration: 183
Timer Host Based C++ Timer took 292 us
Iteration: 184
Timer Host Based C++ Timer took 294 us
Iteration: 185
Timer Host Based C++ Timer took 292 us
Iteration: 186
Timer Host Based C++ Timer took 316 us
Iteration: 187
Timer Host Based C++ Timer took 295 us
Iteration: 188
Timer Host Based C++ Timer took 289 us
Iteration: 189
Timer Host Based C++ Timer took 292 us
Iteration: 190
Timer Host Based C++ Timer took 289 us
Iteration: 191
Timer Host Based C++ Timer took 295 us
Iteration: 192
Timer Host Based C++ Timer took 294 us
Iteration: 193
Timer Host Based C++ Timer took 450 us
Iteration: 194
Timer Host Based C++ Timer took 296 us
Iteration: 195
Timer Host Based C++ Timer took 292 us
Iteration: 196
Timer Host Based C++ Timer took 291 us
Iteration: 197
Timer Host Based C++ Timer took 295 us
Iteration: 198
Timer Host Based C++ Timer took 295 us
Iteration: 199
Timer Host Based C++ Timer took 291 us
Iteration: 200
Timer Host Based C++ Timer took 297 us
Iteration: 201
Timer Host Based C++ Timer took 292 us
Iteration: 202
Timer Host Based C++ Timer took 289 us
Iteration: 203
Timer Host Based C++ Timer took 289 us
Iteration: 204
Timer Host Based C++ Timer took 295 us
Iteration: 205
Timer Host Based C++ Timer took 293 us
Iteration: 206
Timer Host Based C++ Timer took 288 us
Iteration: 207
Timer Host Based C++ Timer took 291 us
Iteration: 208
Timer Host Based C++ Timer took 295 us
Iteration: 209
Timer Host Based C++ Timer took 291 us
Iteration: 210
Timer Host Based C++ Timer took 293 us
Iteration: 211
Timer Host Based C++ Timer took 288 us
Iteration: 212
Timer Host Based C++ Timer took 290 us
Iteration: 213
Timer Host Based C++ Timer took 292 us
Iteration: 214
Timer Host Based C++ Timer took 294 us
Iteration: 215
Timer Host Based C++ Timer took 289 us
Iteration: 216
Timer Host Based C++ Timer took 295 us
Iteration: 217
Timer Host Based C++ Timer took 288 us
Iteration: 218
Timer Host Based C++ Timer took 293 us
Iteration: 219
Timer Host Based C++ Timer took 291 us
Iteration: 220
Timer Host Based C++ Timer took 291 us
Iteration: 221
Timer Host Based C++ Timer took 294 us
Iteration: 222
Timer Host Based C++ Timer took 293 us
Iteration: 223
Timer Host Based C++ Timer took 289 us
Iteration: 224
Timer Host Based C++ Timer took 295 us
Iteration: 225
Timer Host Based C++ Timer took 289 us
Iteration: 226
Timer Host Based C++ Timer took 292 us
Iteration: 227
Timer Host Based C++ Timer took 289 us
Iteration: 228
Timer Host Based C++ Timer took 290 us
Iteration: 229
Timer Host Based C++ Timer took 291 us
Iteration: 230
Timer Host Based C++ Timer took 292 us
Iteration: 231
Timer Host Based C++ Timer took 294 us
Iteration: 232
Timer Host Based C++ Timer took 297 us
Iteration: 233
Timer Host Based C++ Timer took 293 us
Iteration: 234
Timer Host Based C++ Timer took 295 us
Iteration: 235
Timer Host Based C++ Timer took 291 us
Iteration: 236
Timer Host Based C++ Timer took 291 us
Iteration: 237
Timer Host Based C++ Timer took 294 us
Iteration: 238
Timer Host Based C++ Timer took 294 us
Iteration: 239
Timer Host Based C++ Timer took 289 us
Iteration: 240
Timer Host Based C++ Timer took 292 us
Iteration: 241
Timer Host Based C++ Timer took 293 us
Iteration: 242
Timer Host Based C++ Timer took 294 us
Iteration: 243
Timer Host Based C++ Timer took 293 us
Iteration: 244
Timer Host Based C++ Timer took 311 us
Iteration: 245
Timer Host Based C++ Timer took 303 us
Iteration: 246
Timer Host Based C++ Timer took 303 us
Iteration: 247
Timer Host Based C++ Timer took 300 us
Iteration: 248
Timer Host Based C++ Timer took 302 us
Iteration: 249
Timer Host Based C++ Timer took 300 us
Iteration: 250
Timer Host Based C++ Timer took 299 us
Iteration: 251
Timer Host Based C++ Timer took 299 us
Iteration: 252
Timer Host Based C++ Timer took 301 us
Iteration: 253
Timer Host Based C++ Timer took 302 us
Iteration: 254
Timer Host Based C++ Timer took 298 us
Iteration: 255
Timer Host Based C++ Timer took 299 us
Iteration: 256
Timer Host Based C++ Timer took 300 us
Iteration: 257
Timer Host Based C++ Timer took 294 us
Iteration: 258
Timer Host Based C++ Timer took 297 us
Iteration: 259
Timer Host Based C++ Timer took 300 us
Iteration: 260
Timer Host Based C++ Timer took 298 us
Iteration: 261
Timer Host Based C++ Timer took 297 us
Iteration: 262
Timer Host Based C++ Timer took 296 us
Iteration: 263
Timer Host Based C++ Timer took 298 us
Iteration: 264
Timer Host Based C++ Timer took 292 us
Iteration: 265
Timer Host Based C++ Timer took 297 us
Iteration: 266
Timer Host Based C++ Timer took 298 us
Iteration: 267
Timer Host Based C++ Timer took 298 us
Iteration: 268
Timer Host Based C++ Timer took 297 us
Iteration: 269
Timer Host Based C++ Timer took 298 us
Iteration: 270
Timer Host Based C++ Timer took 299 us
Iteration: 271
Timer Host Based C++ Timer took 299 us
Iteration: 272
Timer Host Based C++ Timer took 293 us
Iteration: 273
Timer Host Based C++ Timer took 297 us
Iteration: 274
Timer Host Based C++ Timer took 302 us
Iteration: 275
Timer Host Based C++ Timer took 296 us
Iteration: 276
Timer Host Based C++ Timer took 293 us
Iteration: 277
Timer Host Based C++ Timer took 298 us
Iteration: 278
Timer Host Based C++ Timer took 297 us
Iteration: 279
Timer Host Based C++ Timer took 302 us
Iteration: 280
Timer Host Based C++ Timer took 294 us
Iteration: 281
Timer Host Based C++ Timer took 298 us
Iteration: 282
Timer Host Based C++ Timer took 302 us
Iteration: 283
Timer Host Based C++ Timer took 291 us
Iteration: 284
Timer Host Based C++ Timer took 297 us
Iteration: 285
Timer Host Based C++ Timer took 299 us
Iteration: 286
Timer Host Based C++ Timer took 302 us
Iteration: 287
Timer Host Based C++ Timer took 295 us
Iteration: 288
Timer Host Based C++ Timer took 299 us
Iteration: 289
Timer Host Based C++ Timer took 292 us
Iteration: 290
Timer Host Based C++ Timer took 298 us
Iteration: 291
Timer Host Based C++ Timer took 297 us
Iteration: 292
Timer Host Based C++ Timer took 297 us
Iteration: 293
Timer Host Based C++ Timer took 298 us
Iteration: 294
Timer Host Based C++ Timer took 298 us
Iteration: 295
Timer Host Based C++ Timer took 298 us
Iteration: 296
Timer Host Based C++ Timer took 297 us
Iteration: 297
Timer Host Based C++ Timer took 296 us
Iteration: 298
Timer Host Based C++ Timer took 300 us
Iteration: 299
Timer Host Based C++ Timer took 299 us
Iteration: 300
Timer Host Based C++ Timer took 296 us
Iteration: 301
Timer Host Based C++ Timer took 294 us
Iteration: 302
Timer Host Based C++ Timer took 295 us
Iteration: 303
Timer Host Based C++ Timer took 296 us
Iteration: 304
Timer Host Based C++ Timer took 298 us
Iteration: 305
Timer Host Based C++ Timer took 293 us
Iteration: 306
Timer Host Based C++ Timer took 299 us
Iteration: 307
Timer Host Based C++ Timer took 295 us
Iteration: 308
Timer Host Based C++ Timer took 298 us
Iteration: 309
Timer Host Based C++ Timer took 296 us
Iteration: 310
Timer Host Based C++ Timer took 301 us
Iteration: 311
Timer Host Based C++ Timer took 292 us
Iteration: 312
Timer Host Based C++ Timer took 299 us
Iteration: 313
Timer Host Based C++ Timer took 300 us
Iteration: 314
Timer Host Based C++ Timer took 294 us
Iteration: 315
Timer Host Based C++ Timer took 297 us
Iteration: 316
Timer Host Based C++ Timer took 297 us
Iteration: 317
Timer Host Based C++ Timer took 299 us
Iteration: 318
Timer Host Based C++ Timer took 298 us
Iteration: 319
Timer Host Based C++ Timer took 296 us
Iteration: 320
Timer Host Based C++ Timer took 298 us
Iteration: 321
Timer Host Based C++ Timer took 293 us
Iteration: 322
Timer Host Based C++ Timer took 294 us
Iteration: 323
Timer Host Based C++ Timer took 295 us
Iteration: 324
Timer Host Based C++ Timer took 297 us
Iteration: 325
Timer Host Based C++ Timer took 294 us
Iteration: 326
Timer Host Based C++ Timer took 299 us
Iteration: 327
Timer Host Based C++ Timer took 292 us
Iteration: 328
Timer Host Based C++ Timer took 293 us
Iteration: 329
Timer Host Based C++ Timer took 303 us
Iteration: 330
Timer Host Based C++ Timer took 298 us
Iteration: 331
Timer Host Based C++ Timer took 295 us
Iteration: 332
Timer Host Based C++ Timer took 299 us
Iteration: 333
Timer Host Based C++ Timer took 295 us
Iteration: 334
Timer Host Based C++ Timer took 292 us
Iteration: 335
Timer Host Based C++ Timer took 290 us
Iteration: 336
Timer Host Based C++ Timer took 294 us
Iteration: 337
Timer Host Based C++ Timer took 296 us
Iteration: 338
Timer Host Based C++ Timer took 298 us
Iteration: 339
Timer Host Based C++ Timer took 298 us
Iteration: 340
Timer Host Based C++ Timer took 302 us
Iteration: 341
Timer Host Based C++ Timer took 301 us
Iteration: 342
Timer Host Based C++ Timer took 298 us
Iteration: 343
Timer Host Based C++ Timer took 296 us
Iteration: 344
Timer Host Based C++ Timer took 295 us
Iteration: 345
Timer Host Based C++ Timer took 298 us
Iteration: 346
Timer Host Based C++ Timer took 304 us
Iteration: 347
Timer Host Based C++ Timer took 297 us
Iteration: 348
Timer Host Based C++ Timer took 301 us
Iteration: 349
Timer Host Based C++ Timer took 297 us
Iteration: 350
Timer Host Based C++ Timer took 299 us
Iteration: 351
Timer Host Based C++ Timer took 298 us
Iteration: 352
Timer Host Based C++ Timer took 300 us
Iteration: 353
Timer Host Based C++ Timer took 297 us
Iteration: 354
Timer Host Based C++ Timer took 297 us
Iteration: 355
Timer Host Based C++ Timer took 296 us
Iteration: 356
Timer Host Based C++ Timer took 297 us
Iteration: 357
Timer Host Based C++ Timer took 296 us
Iteration: 358
Timer Host Based C++ Timer took 296 us
Iteration: 359
Timer Host Based C++ Timer took 300 us
Iteration: 360
Timer Host Based C++ Timer took 299 us
Iteration: 361
Timer Host Based C++ Timer took 300 us
Iteration: 362
Timer Host Based C++ Timer took 295 us
Iteration: 363
Timer Host Based C++ Timer took 296 us
Iteration: 364
Timer Host Based C++ Timer took 298 us
Iteration: 365
Timer Host Based C++ Timer took 295 us
Iteration: 366
Timer Host Based C++ Timer took 300 us
Iteration: 367
Timer Host Based C++ Timer took 291 us
Iteration: 368
Timer Host Based C++ Timer took 301 us
Iteration: 369
Timer Host Based C++ Timer took 308 us
Iteration: 370
Timer Host Based C++ Timer took 303 us
Iteration: 371
Timer Host Based C++ Timer took 294 us
Iteration: 372
Timer Host Based C++ Timer took 296 us
Iteration: 373
Timer Host Based C++ Timer took 292 us
Iteration: 374
Timer Host Based C++ Timer took 296 us
Iteration: 375
Timer Host Based C++ Timer took 294 us
Iteration: 376
Timer Host Based C++ Timer took 298 us
Iteration: 377
Timer Host Based C++ Timer took 296 us
Iteration: 378
Timer Host Based C++ Timer took 296 us
Iteration: 379
Timer Host Based C++ Timer took 294 us
Iteration: 380
Timer Host Based C++ Timer took 296 us
Iteration: 381
Timer Host Based C++ Timer took 288 us
Iteration: 382
Timer Host Based C++ Timer took 290 us
Iteration: 383
Timer Host Based C++ Timer took 285 us
Iteration: 384
Timer Host Based C++ Timer took 290 us
Iteration: 385
Timer Host Based C++ Timer took 286 us
Iteration: 386
Timer Host Based C++ Timer took 285 us
Iteration: 387
Timer Host Based C++ Timer took 284 us
Iteration: 388
Timer Host Based C++ Timer took 283 us
Iteration: 389
Timer Host Based C++ Timer took 284 us
Iteration: 390
Timer Host Based C++ Timer took 284 us
Iteration: 391
Timer Host Based C++ Timer took 284 us
Iteration: 392
Timer Host Based C++ Timer took 289 us
Iteration: 393
Timer Host Based C++ Timer took 284 us
Iteration: 394
Timer Host Based C++ Timer took 280 us
Iteration: 395
Timer Host Based C++ Timer took 285 us
Iteration: 396
Timer Host Based C++ Timer took 288 us
Iteration: 397
Timer Host Based C++ Timer took 280 us
Iteration: 398
Timer Host Based C++ Timer took 288 us
Iteration: 399
Timer Host Based C++ Timer took 289 us
Iteration: 400
Timer Host Based C++ Timer took 288 us
Iteration: 401
Timer Host Based C++ Timer took 285 us
Iteration: 402
Timer Host Based C++ Timer took 292 us
Iteration: 403
Timer Host Based C++ Timer took 284 us
Iteration: 404
Timer Host Based C++ Timer took 292 us
Iteration: 405
Timer Host Based C++ Timer took 287 us
Iteration: 406
Timer Host Based C++ Timer took 290 us
Iteration: 407
Timer Host Based C++ Timer took 290 us
Iteration: 408
Timer Host Based C++ Timer took 291 us
Iteration: 409
Timer Host Based C++ Timer took 290 us
Iteration: 410
Timer Host Based C++ Timer took 291 us
Iteration: 411
Timer Host Based C++ Timer took 287 us
Iteration: 412
Timer Host Based C++ Timer took 293 us
Iteration: 413
Timer Host Based C++ Timer took 290 us
Iteration: 414
Timer Host Based C++ Timer took 290 us
Iteration: 415
Timer Host Based C++ Timer took 285 us
Iteration: 416
Timer Host Based C++ Timer took 294 us
Iteration: 417
Timer Host Based C++ Timer took 292 us
Iteration: 418
Timer Host Based C++ Timer took 288 us
Iteration: 419
Timer Host Based C++ Timer took 291 us
Iteration: 420
Timer Host Based C++ Timer took 295 us
Iteration: 421
Timer Host Based C++ Timer took 292 us
Iteration: 422
Timer Host Based C++ Timer took 290 us
Iteration: 423
Timer Host Based C++ Timer took 292 us
Iteration: 424
Timer Host Based C++ Timer took 286 us
Iteration: 425
Timer Host Based C++ Timer took 294 us
Iteration: 426
Timer Host Based C++ Timer took 290 us
Iteration: 427
Timer Host Based C++ Timer took 290 us
Iteration: 428
Timer Host Based C++ Timer took 295 us
Iteration: 429
Timer Host Based C++ Timer took 295 us
Iteration: 430
Timer Host Based C++ Timer took 289 us
Iteration: 431
Timer Host Based C++ Timer took 292 us
Iteration: 432
Timer Host Based C++ Timer took 294 us
Iteration: 433
Timer Host Based C++ Timer took 296 us
Iteration: 434
Timer Host Based C++ Timer took 296 us
Iteration: 435
Timer Host Based C++ Timer took 291 us
Iteration: 436
Timer Host Based C++ Timer took 292 us
Iteration: 437
Timer Host Based C++ Timer took 295 us
Iteration: 438
Timer Host Based C++ Timer took 293 us
Iteration: 439
Timer Host Based C++ Timer took 290 us
Iteration: 440
Timer Host Based C++ Timer took 294 us
Iteration: 441
Timer Host Based C++ Timer took 291 us
Iteration: 442
Timer Host Based C++ Timer took 293 us
Iteration: 443
Timer Host Based C++ Timer took 293 us
Iteration: 444
Timer Host Based C++ Timer took 296 us
Iteration: 445
Timer Host Based C++ Timer took 287 us
Iteration: 446
Timer Host Based C++ Timer took 295 us
Iteration: 447
Timer Host Based C++ Timer took 292 us
Iteration: 448
Timer Host Based C++ Timer took 295 us
Iteration: 449
Timer Host Based C++ Timer took 292 us
Iteration: 450
Timer Host Based C++ Timer took 290 us
Iteration: 451
Timer Host Based C++ Timer took 292 us
Iteration: 452
Timer Host Based C++ Timer took 295 us
Iteration: 453
Timer Host Based C++ Timer took 289 us
Iteration: 454
Timer Host Based C++ Timer took 295 us
Iteration: 455
Timer Host Based C++ Timer took 296 us
Iteration: 456
Timer Host Based C++ Timer took 295 us
Iteration: 457
Timer Host Based C++ Timer took 293 us
Iteration: 458
Timer Host Based C++ Timer took 293 us
Iteration: 459
Timer Host Based C++ Timer took 290 us
Iteration: 460
Timer Host Based C++ Timer took 294 us
Iteration: 461
Timer Host Based C++ Timer took 296 us
Iteration: 462
Timer Host Based C++ Timer took 296 us
Iteration: 463
Timer Host Based C++ Timer took 292 us
Iteration: 464
Timer Host Based C++ Timer took 298 us
Iteration: 465
Timer Host Based C++ Timer took 296 us
Iteration: 466
Timer Host Based C++ Timer took 288 us
Iteration: 467
Timer Host Based C++ Timer took 288 us
Iteration: 468
Timer Host Based C++ Timer took 299 us
Iteration: 469
Timer Host Based C++ Timer took 298 us
Iteration: 470
Timer Host Based C++ Timer took 291 us
Iteration: 471
Timer Host Based C++ Timer took 291 us
Iteration: 472
Timer Host Based C++ Timer took 295 us
Iteration: 473
Timer Host Based C++ Timer took 287 us
Iteration: 474
Timer Host Based C++ Timer took 295 us
Iteration: 475
Timer Host Based C++ Timer took 292 us
Iteration: 476
Timer Host Based C++ Timer took 293 us
Iteration: 477
Timer Host Based C++ Timer took 287 us
Iteration: 478
Timer Host Based C++ Timer took 292 us
Iteration: 479
Timer Host Based C++ Timer took 299 us
Iteration: 480
Timer Host Based C++ Timer took 295 us
Iteration: 481
Timer Host Based C++ Timer took 290 us
Iteration: 482
Timer Host Based C++ Timer took 297 us
Iteration: 483
Timer Host Based C++ Timer took 290 us
Iteration: 484
Timer Host Based C++ Timer took 294 us
Iteration: 485
Timer Host Based C++ Timer took 294 us
Iteration: 486
Timer Host Based C++ Timer took 292 us
Iteration: 487
Timer Host Based C++ Timer took 291 us
Iteration: 488
Timer Host Based C++ Timer took 295 us
Iteration: 489
Timer Host Based C++ Timer took 288 us
Iteration: 490
Timer Host Based C++ Timer took 295 us
Iteration: 491
Timer Host Based C++ Timer took 288 us
Iteration: 492
Timer Host Based C++ Timer took 291 us
Iteration: 493
Timer Host Based C++ Timer took 292 us
Iteration: 494
Timer Host Based C++ Timer took 297 us
Iteration: 495
Timer Host Based C++ Timer took 292 us
Iteration: 496
Timer Host Based C++ Timer took 289 us
Iteration: 497
Timer Host Based C++ Timer took 286 us
Iteration: 498
Timer Host Based C++ Timer took 295 us
Iteration: 499
Timer Host Based C++ Timer took 295 us
Iteration: 500
Timer Host Based C++ Timer took 293 us
Iteration: 501
Timer Host Based C++ Timer took 293 us
Iteration: 502
Timer Host Based C++ Timer took 294 us
Iteration: 503
Timer Host Based C++ Timer took 292 us
Iteration: 504
Timer Host Based C++ Timer took 295 us
Iteration: 505
Timer Host Based C++ Timer took 289 us
Iteration: 506
Timer Host Based C++ Timer took 292 us
Iteration: 507
Timer Host Based C++ Timer took 297 us
Iteration: 508
Timer Host Based C++ Timer took 289 us
Iteration: 509
Timer Host Based C++ Timer took 294 us
Iteration: 510
Timer Host Based C++ Timer took 296 us
Iteration: 511
Timer Host Based C++ Timer took 293 us
Iteration: 512
Timer Host Based C++ Timer took 297 us
Iteration: 513
Timer Host Based C++ Timer took 293 us
Iteration: 514
Timer Host Based C++ Timer took 299 us
Iteration: 515
Timer Host Based C++ Timer took 294 us
Iteration: 516
Timer Host Based C++ Timer took 297 us
Iteration: 517
Timer Host Based C++ Timer took 289 us
Iteration: 518
Timer Host Based C++ Timer took 296 us
Iteration: 519
Timer Host Based C++ Timer took 292 us
Iteration: 520
Timer Host Based C++ Timer took 297 us
Iteration: 521
Timer Host Based C++ Timer took 295 us
Iteration: 522
Timer Host Based C++ Timer took 295 us
Iteration: 523
Timer Host Based C++ Timer took 292 us
Iteration: 524
Timer Host Based C++ Timer took 294 us
Iteration: 525
Timer Host Based C++ Timer took 294 us
Iteration: 526
Timer Host Based C++ Timer took 294 us
Iteration: 527
Timer Host Based C++ Timer took 296 us
Iteration: 528
Timer Host Based C++ Timer took 299 us
Iteration: 529
Timer Host Based C++ Timer took 295 us
Iteration: 530
Timer Host Based C++ Timer took 293 us
Iteration: 531
Timer Host Based C++ Timer took 290 us
Iteration: 532
Timer Host Based C++ Timer took 295 us
Iteration: 533
Timer Host Based C++ Timer took 288 us
Iteration: 534
Timer Host Based C++ Timer took 300 us
Iteration: 535
Timer Host Based C++ Timer took 294 us
Iteration: 536
Timer Host Based C++ Timer took 293 us
Iteration: 537
Timer Host Based C++ Timer took 292 us
Iteration: 538
Timer Host Based C++ Timer took 298 us
Iteration: 539
Timer Host Based C++ Timer took 297 us
Iteration: 540
Timer Host Based C++ Timer took 298 us
Iteration: 541
Timer Host Based C++ Timer took 293 us
Iteration: 542
Timer Host Based C++ Timer took 297 us
Iteration: 543
Timer Host Based C++ Timer took 296 us
Iteration: 544
Timer Host Based C++ Timer took 295 us
Iteration: 545
Timer Host Based C++ Timer took 293 us
Iteration: 546
Timer Host Based C++ Timer took 301 us
Iteration: 547
Timer Host Based C++ Timer took 294 us
Iteration: 548
Timer Host Based C++ Timer took 295 us
Iteration: 549
Timer Host Based C++ Timer took 295 us
Iteration: 550
Timer Host Based C++ Timer took 290 us
Iteration: 551
Timer Host Based C++ Timer took 289 us
Iteration: 552
Timer Host Based C++ Timer took 296 us
Iteration: 553
Timer Host Based C++ Timer took 292 us
Iteration: 554
Timer Host Based C++ Timer took 296 us
Iteration: 555
Timer Host Based C++ Timer took 297 us
Iteration: 556
Timer Host Based C++ Timer took 302 us
Iteration: 557
Timer Host Based C++ Timer took 296 us
Iteration: 558
Timer Host Based C++ Timer took 293 us
Iteration: 559
Timer Host Based C++ Timer took 289 us
Iteration: 560
Timer Host Based C++ Timer took 292 us
Iteration: 561
Timer Host Based C++ Timer took 288 us
Iteration: 562
Timer Host Based C++ Timer took 299 us
Iteration: 563
Timer Host Based C++ Timer took 293 us
Iteration: 564
Timer Host Based C++ Timer took 297 us
Iteration: 565
Timer Host Based C++ Timer took 297 us
Iteration: 566
Timer Host Based C++ Timer took 297 us
Iteration: 567
Timer Host Based C++ Timer took 289 us
Iteration: 568
Timer Host Based C++ Timer took 294 us
Iteration: 569
Timer Host Based C++ Timer took 297 us
Iteration: 570
Timer Host Based C++ Timer took 295 us
Iteration: 571
Timer Host Based C++ Timer took 295 us
Iteration: 572
Timer Host Based C++ Timer took 295 us
Iteration: 573
Timer Host Based C++ Timer took 292 us
Iteration: 574
Timer Host Based C++ Timer took 297 us
Iteration: 575
Timer Host Based C++ Timer took 295 us
Iteration: 576
Timer Host Based C++ Timer took 295 us
Iteration: 577
Timer Host Based C++ Timer took 291 us
Iteration: 578
Timer Host Based C++ Timer took 300 us
Iteration: 579
Timer Host Based C++ Timer took 291 us
Iteration: 580
Timer Host Based C++ Timer took 294 us
Iteration: 581
Timer Host Based C++ Timer took 296 us
Iteration: 582
Timer Host Based C++ Timer took 298 us
Iteration: 583
Timer Host Based C++ Timer took 293 us
Iteration: 584
Timer Host Based C++ Timer took 299 us
Iteration: 585
Timer Host Based C++ Timer took 290 us
Iteration: 586
Timer Host Based C++ Timer took 295 us
Iteration: 587
Timer Host Based C++ Timer took 296 us
Iteration: 588
Timer Host Based C++ Timer took 293 us
Iteration: 589
Timer Host Based C++ Timer took 296 us
Iteration: 590
Timer Host Based C++ Timer took 295 us
Iteration: 591
Timer Host Based C++ Timer took 290 us
Iteration: 592
Timer Host Based C++ Timer took 302 us
Iteration: 593
Timer Host Based C++ Timer took 295 us
Iteration: 594
Timer Host Based C++ Timer took 293 us
Iteration: 595
Timer Host Based C++ Timer took 291 us
Iteration: 596
Timer Host Based C++ Timer took 294 us
Iteration: 597
Timer Host Based C++ Timer took 295 us
Iteration: 598
Timer Host Based C++ Timer took 296 us
Iteration: 599
Timer Host Based C++ Timer took 290 us
Iteration: 600
Timer Host Based C++ Timer took 291 us
Iteration: 601
Timer Host Based C++ Timer took 294 us
Iteration: 602
Timer Host Based C++ Timer took 299 us
Iteration: 603
Timer Host Based C++ Timer took 290 us
Iteration: 604
Timer Host Based C++ Timer took 294 us
Iteration: 605
Timer Host Based C++ Timer took 294 us
Iteration: 606
Timer Host Based C++ Timer took 294 us
Iteration: 607
Timer Host Based C++ Timer took 296 us
Iteration: 608
Timer Host Based C++ Timer took 293 us
Iteration: 609
Timer Host Based C++ Timer took 297 us
Iteration: 610
Timer Host Based C++ Timer took 295 us
Iteration: 611
Timer Host Based C++ Timer took 294 us
Iteration: 612
Timer Host Based C++ Timer took 293 us
Iteration: 613
Timer Host Based C++ Timer took 290 us
Iteration: 614
Timer Host Based C++ Timer took 296 us
Iteration: 615
Timer Host Based C++ Timer took 290 us
Iteration: 616
Timer Host Based C++ Timer took 290 us
Iteration: 617
Timer Host Based C++ Timer took 295 us
Iteration: 618
Timer Host Based C++ Timer took 298 us
Iteration: 619
Timer Host Based C++ Timer took 288 us
Iteration: 620
Timer Host Based C++ Timer took 301 us
Iteration: 621
Timer Host Based C++ Timer took 287 us
Iteration: 622
Timer Host Based C++ Timer took 295 us
Iteration: 623
Timer Host Based C++ Timer took 292 us
Iteration: 624
Timer Host Based C++ Timer took 295 us
Iteration: 625
Timer Host Based C++ Timer took 293 us
Iteration: 626
Timer Host Based C++ Timer took 291 us
Iteration: 627
Timer Host Based C++ Timer took 291 us
Iteration: 628
Timer Host Based C++ Timer took 295 us
Iteration: 629
Timer Host Based C++ Timer took 292 us
Iteration: 630
Timer Host Based C++ Timer took 293 us
Iteration: 631
Timer Host Based C++ Timer took 290 us
Iteration: 632
Timer Host Based C++ Timer took 296 us
Iteration: 633
Timer Host Based C++ Timer took 293 us
Iteration: 634
Timer Host Based C++ Timer took 293 us
Iteration: 635
Timer Host Based C++ Timer took 288 us
Iteration: 636
Timer Host Based C++ Timer took 297 us
Iteration: 637
Timer Host Based C++ Timer took 293 us
Iteration: 638
Timer Host Based C++ Timer took 295 us
Iteration: 639
Timer Host Based C++ Timer took 294 us
Iteration: 640
Timer Host Based C++ Timer took 291 us
Iteration: 641
Timer Host Based C++ Timer took 293 us
Iteration: 642
Timer Host Based C++ Timer took 294 us
Iteration: 643
Timer Host Based C++ Timer took 288 us
Iteration: 644
Timer Host Based C++ Timer took 294 us
Iteration: 645
Timer Host Based C++ Timer took 289 us
Iteration: 646
Timer Host Based C++ Timer took 290 us
Iteration: 647
Timer Host Based C++ Timer took 292 us
Iteration: 648
Timer Host Based C++ Timer took 294 us
Iteration: 649
Timer Host Based C++ Timer took 296 us
Iteration: 650
Timer Host Based C++ Timer took 292 us
Iteration: 651
Timer Host Based C++ Timer took 293 us
Iteration: 652
Timer Host Based C++ Timer took 291 us
Iteration: 653
Timer Host Based C++ Timer took 292 us
Iteration: 654
Timer Host Based C++ Timer took 294 us
Iteration: 655
Timer Host Based C++ Timer took 291 us
Iteration: 656
Timer Host Based C++ Timer took 291 us
Iteration: 657
Timer Host Based C++ Timer took 292 us
Iteration: 658
Timer Host Based C++ Timer took 291 us
Iteration: 659
Timer Host Based C++ Timer took 292 us
Iteration: 660
Timer Host Based C++ Timer took 295 us
Iteration: 661
Timer Host Based C++ Timer took 289 us
Iteration: 662
Timer Host Based C++ Timer took 294 us
Iteration: 663
Timer Host Based C++ Timer took 289 us
Iteration: 664
Timer Host Based C++ Timer took 296 us
Iteration: 665
Timer Host Based C++ Timer took 298 us
Iteration: 666
Timer Host Based C++ Timer took 294 us
Iteration: 667
Timer Host Based C++ Timer took 293 us
Iteration: 668
Timer Host Based C++ Timer took 297 us
Iteration: 669
Timer Host Based C++ Timer took 289 us
Iteration: 670
Timer Host Based C++ Timer took 298 us
Iteration: 671
Timer Host Based C++ Timer took 294 us
Iteration: 672
Timer Host Based C++ Timer took 292 us
Iteration: 673
Timer Host Based C++ Timer took 284 us
Iteration: 674
Timer Host Based C++ Timer took 291 us
Iteration: 675
Timer Host Based C++ Timer took 292 us
Iteration: 676
Timer Host Based C++ Timer took 297 us
Iteration: 677
Timer Host Based C++ Timer took 291 us
Iteration: 678
Timer Host Based C++ Timer took 295 us
Iteration: 679
Timer Host Based C++ Timer took 288 us
Iteration: 680
Timer Host Based C++ Timer took 294 us
Iteration: 681
Timer Host Based C++ Timer took 289 us
Iteration: 682
Timer Host Based C++ Timer took 294 us
Iteration: 683
Timer Host Based C++ Timer took 291 us
Iteration: 684
Timer Host Based C++ Timer took 292 us
Iteration: 685
Timer Host Based C++ Timer took 292 us
Iteration: 686
Timer Host Based C++ Timer took 296 us
Iteration: 687
Timer Host Based C++ Timer took 294 us
Iteration: 688
Timer Host Based C++ Timer took 294 us
Iteration: 689
Timer Host Based C++ Timer took 291 us
Iteration: 690
Timer Host Based C++ Timer took 294 us
Iteration: 691
Timer Host Based C++ Timer took 289 us
Iteration: 692
Timer Host Based C++ Timer took 294 us
Iteration: 693
Timer Host Based C++ Timer took 291 us
Iteration: 694
Timer Host Based C++ Timer took 295 us
Iteration: 695
Timer Host Based C++ Timer took 291 us
Iteration: 696
Timer Host Based C++ Timer took 295 us
Iteration: 697
Timer Host Based C++ Timer took 297 us
Iteration: 698
Timer Host Based C++ Timer took 295 us
Iteration: 699
Timer Host Based C++ Timer took 296 us
Iteration: 700
Timer Host Based C++ Timer took 292 us
Iteration: 701
Timer Host Based C++ Timer took 292 us
Iteration: 702
Timer Host Based C++ Timer took 294 us
Iteration: 703
Timer Host Based C++ Timer took 290 us
Iteration: 704
Timer Host Based C++ Timer took 292 us
Iteration: 705
Timer Host Based C++ Timer took 318 us
Iteration: 706
Timer Host Based C++ Timer took 302 us
Iteration: 707
Timer Host Based C++ Timer took 301 us
Iteration: 708
Timer Host Based C++ Timer took 307 us
Iteration: 709
Timer Host Based C++ Timer took 306 us
Iteration: 710
Timer Host Based C++ Timer took 311 us
Iteration: 711
Timer Host Based C++ Timer took 303 us
Iteration: 712
Timer Host Based C++ Timer took 301 us
Iteration: 713
Timer Host Based C++ Timer took 305 us
Iteration: 714
Timer Host Based C++ Timer took 298 us
Iteration: 715
Timer Host Based C++ Timer took 306 us
Iteration: 716
Timer Host Based C++ Timer took 309 us
Iteration: 717
Timer Host Based C++ Timer took 300 us
Iteration: 718
Timer Host Based C++ Timer took 299 us
Iteration: 719
Timer Host Based C++ Timer took 305 us
Iteration: 720
Timer Host Based C++ Timer took 302 us
Iteration: 721
Timer Host Based C++ Timer took 302 us
Iteration: 722
Timer Host Based C++ Timer took 301 us
Iteration: 723
Timer Host Based C++ Timer took 301 us
Iteration: 724
Timer Host Based C++ Timer took 301 us
Iteration: 725
Timer Host Based C++ Timer took 301 us
Iteration: 726
Timer Host Based C++ Timer took 299 us
Iteration: 727
Timer Host Based C++ Timer took 301 us
Iteration: 728
Timer Host Based C++ Timer took 299 us
Iteration: 729
Timer Host Based C++ Timer took 303 us
Iteration: 730
Timer Host Based C++ Timer took 304 us
Iteration: 731
Timer Host Based C++ Timer took 302 us
Iteration: 732
Timer Host Based C++ Timer took 302 us
Iteration: 733
Timer Host Based C++ Timer took 305 us
Iteration: 734
Timer Host Based C++ Timer took 304 us
Iteration: 735
Timer Host Based C++ Timer took 305 us
Iteration: 736
Timer Host Based C++ Timer took 307 us
Iteration: 737
Timer Host Based C++ Timer took 300 us
Iteration: 738
Timer Host Based C++ Timer took 300 us
Iteration: 739
Timer Host Based C++ Timer took 297 us
Iteration: 740
Timer Host Based C++ Timer took 301 us
Iteration: 741
Timer Host Based C++ Timer took 299 us
Iteration: 742
Timer Host Based C++ Timer took 304 us
Iteration: 743
Timer Host Based C++ Timer took 308 us
Iteration: 744
Timer Host Based C++ Timer took 305 us
Iteration: 745
Timer Host Based C++ Timer took 302 us
Iteration: 746
Timer Host Based C++ Timer took 301 us
Iteration: 747
Timer Host Based C++ Timer took 302 us
Iteration: 748
Timer Host Based C++ Timer took 303 us
Iteration: 749
Timer Host Based C++ Timer took 300 us
Iteration: 750
Timer Host Based C++ Timer took 303 us
Iteration: 751
Timer Host Based C++ Timer took 300 us
Iteration: 752
Timer Host Based C++ Timer took 297 us
Iteration: 753
Timer Host Based C++ Timer took 300 us
Iteration: 754
Timer Host Based C++ Timer took 302 us
Iteration: 755
Timer Host Based C++ Timer took 300 us
Iteration: 756
Timer Host Based C++ Timer took 303 us
Iteration: 757
Timer Host Based C++ Timer took 303 us
Iteration: 758
Timer Host Based C++ Timer took 308 us
Iteration: 759
Timer Host Based C++ Timer took 300 us
Iteration: 760
Timer Host Based C++ Timer took 304 us
Iteration: 761
Timer Host Based C++ Timer took 300 us
Iteration: 762
Timer Host Based C++ Timer took 296 us
Iteration: 763
Timer Host Based C++ Timer took 298 us
Iteration: 764
Timer Host Based C++ Timer took 295 us
Iteration: 765
Timer Host Based C++ Timer took 298 us
Iteration: 766
Timer Host Based C++ Timer took 299 us
Iteration: 767
Timer Host Based C++ Timer took 300 us
Iteration: 768
Timer Host Based C++ Timer took 298 us
Iteration: 769
Timer Host Based C++ Timer took 302 us
Iteration: 770
Timer Host Based C++ Timer took 300 us
Iteration: 771
Timer Host Based C++ Timer took 298 us
Iteration: 772
Timer Host Based C++ Timer took 301 us
Iteration: 773
Timer Host Based C++ Timer took 300 us
Iteration: 774
Timer Host Based C++ Timer took 299 us
Iteration: 775
Timer Host Based C++ Timer took 301 us
Iteration: 776
Timer Host Based C++ Timer took 303 us
Iteration: 777
Timer Host Based C++ Timer took 302 us
Iteration: 778
Timer Host Based C++ Timer took 302 us
Iteration: 779
Timer Host Based C++ Timer took 301 us
Iteration: 780
Timer Host Based C++ Timer took 307 us
Iteration: 781
Timer Host Based C++ Timer took 297 us
Iteration: 782
Timer Host Based C++ Timer took 296 us
Iteration: 783
Timer Host Based C++ Timer took 299 us
Iteration: 784
Timer Host Based C++ Timer took 296 us
Iteration: 785
Timer Host Based C++ Timer took 301 us
Iteration: 786
Timer Host Based C++ Timer took 301 us
Iteration: 787
Timer Host Based C++ Timer took 303 us
Iteration: 788
Timer Host Based C++ Timer took 303 us
Iteration: 789
Timer Host Based C++ Timer took 302 us
Iteration: 790
Timer Host Based C++ Timer took 304 us
Iteration: 791
Timer Host Based C++ Timer took 301 us
Iteration: 792
Timer Host Based C++ Timer took 301 us
Iteration: 793
Timer Host Based C++ Timer took 295 us
Iteration: 794
Timer Host Based C++ Timer took 305 us
Iteration: 795
Timer Host Based C++ Timer took 299 us
Iteration: 796
Timer Host Based C++ Timer took 300 us
Iteration: 797
Timer Host Based C++ Timer took 298 us
Iteration: 798
Timer Host Based C++ Timer took 303 us
Iteration: 799
Timer Host Based C++ Timer took 303 us
Iteration: 800
Timer Host Based C++ Timer took 304 us
Iteration: 801
Timer Host Based C++ Timer took 298 us
Iteration: 802
Timer Host Based C++ Timer took 302 us
Iteration: 803
Timer Host Based C++ Timer took 303 us
Iteration: 804
Timer Host Based C++ Timer took 307 us
Iteration: 805
Timer Host Based C++ Timer took 297 us
Iteration: 806
Timer Host Based C++ Timer took 296 us
Iteration: 807
Timer Host Based C++ Timer took 299 us
Iteration: 808
Timer Host Based C++ Timer took 304 us
Iteration: 809
Timer Host Based C++ Timer took 295 us
Iteration: 810
Timer Host Based C++ Timer took 304 us
Iteration: 811
Timer Host Based C++ Timer took 297 us
Iteration: 812
Timer Host Based C++ Timer took 301 us
Iteration: 813
Timer Host Based C++ Timer took 302 us
Iteration: 814
Timer Host Based C++ Timer took 301 us
Iteration: 815
Timer Host Based C++ Timer took 301 us
Iteration: 816
Timer Host Based C++ Timer took 304 us
Iteration: 817
Timer Host Based C++ Timer took 302 us
Iteration: 818
Timer Host Based C++ Timer took 302 us
Iteration: 819
Timer Host Based C++ Timer took 300 us
Iteration: 820
Timer Host Based C++ Timer took 301 us
Iteration: 821
Timer Host Based C++ Timer took 300 us
Iteration: 822
Timer Host Based C++ Timer took 301 us
Iteration: 823
Timer Host Based C++ Timer took 300 us
Iteration: 824
Timer Host Based C++ Timer took 297 us
Iteration: 825
Timer Host Based C++ Timer took 302 us
Iteration: 826
Timer Host Based C++ Timer took 302 us
Iteration: 827
Timer Host Based C++ Timer took 296 us
Iteration: 828
Timer Host Based C++ Timer took 303 us
Iteration: 829
Timer Host Based C++ Timer took 300 us
Iteration: 830
Timer Host Based C++ Timer took 304 us
Iteration: 831
Timer Host Based C++ Timer took 302 us
Iteration: 832
Timer Host Based C++ Timer took 299 us
Iteration: 833
Timer Host Based C++ Timer took 303 us
Iteration: 834
Timer Host Based C++ Timer took 299 us
Iteration: 835
Timer Host Based C++ Timer took 300 us
Iteration: 836
Timer Host Based C++ Timer took 302 us
Iteration: 837
Timer Host Based C++ Timer took 300 us
Iteration: 838
Timer Host Based C++ Timer took 303 us
Iteration: 839
Timer Host Based C++ Timer took 297 us
Iteration: 840
Timer Host Based C++ Timer took 296 us
Iteration: 841
Timer Host Based C++ Timer took 302 us
Iteration: 842
Timer Host Based C++ Timer took 302 us
Iteration: 843
Timer Host Based C++ Timer took 304 us
Iteration: 844
Timer Host Based C++ Timer took 303 us
Iteration: 845
Timer Host Based C++ Timer took 297 us
Iteration: 846
Timer Host Based C++ Timer took 304 us
Iteration: 847
Timer Host Based C++ Timer took 300 us
Iteration: 848
Timer Host Based C++ Timer took 292 us
Iteration: 849
Timer Host Based C++ Timer took 300 us
Iteration: 850
Timer Host Based C++ Timer took 299 us
Iteration: 851
Timer Host Based C++ Timer took 300 us
Iteration: 852
Timer Host Based C++ Timer took 299 us
Iteration: 853
Timer Host Based C++ Timer took 299 us
Iteration: 854
Timer Host Based C++ Timer took 295 us
Iteration: 855
Timer Host Based C++ Timer took 296 us
Iteration: 856
Timer Host Based C++ Timer took 301 us
Iteration: 857
Timer Host Based C++ Timer took 303 us
Iteration: 858
Timer Host Based C++ Timer took 302 us
Iteration: 859
Timer Host Based C++ Timer took 301 us
Iteration: 860
Timer Host Based C++ Timer took 298 us
Iteration: 861
Timer Host Based C++ Timer took 303 us
Iteration: 862
Timer Host Based C++ Timer took 303 us
Iteration: 863
Timer Host Based C++ Timer took 299 us
Iteration: 864
Timer Host Based C++ Timer took 299 us
Iteration: 865
Timer Host Based C++ Timer took 299 us
Iteration: 866
Timer Host Based C++ Timer took 302 us
Iteration: 867
Timer Host Based C++ Timer took 298 us
Iteration: 868
Timer Host Based C++ Timer took 299 us
Iteration: 869
Timer Host Based C++ Timer took 299 us
Iteration: 870
Timer Host Based C++ Timer took 304 us
Iteration: 871
Timer Host Based C++ Timer took 296 us
Iteration: 872
Timer Host Based C++ Timer took 305 us
Iteration: 873
Timer Host Based C++ Timer took 302 us
Iteration: 874
Timer Host Based C++ Timer took 301 us
Iteration: 875
Timer Host Based C++ Timer took 299 us
Iteration: 876
Timer Host Based C++ Timer took 306 us
Iteration: 877
Timer Host Based C++ Timer took 301 us
Iteration: 878
Timer Host Based C++ Timer took 301 us
Iteration: 879
Timer Host Based C++ Timer took 296 us
Iteration: 880
Timer Host Based C++ Timer took 295 us
Iteration: 881
Timer Host Based C++ Timer took 304 us
Iteration: 882
Timer Host Based C++ Timer took 300 us
Iteration: 883
Timer Host Based C++ Timer took 302 us
Iteration: 884
Timer Host Based C++ Timer took 303 us
Iteration: 885
Timer Host Based C++ Timer took 298 us
Iteration: 886
Timer Host Based C++ Timer took 306 us
Iteration: 887
Timer Host Based C++ Timer took 298 us
Iteration: 888
Timer Host Based C++ Timer took 297 us
Iteration: 889
Timer Host Based C++ Timer took 297 us
Iteration: 890
Timer Host Based C++ Timer took 305 us
Iteration: 891
Timer Host Based C++ Timer took 302 us
Iteration: 892
Timer Host Based C++ Timer took 301 us
Iteration: 893
Timer Host Based C++ Timer took 296 us
Iteration: 894
Timer Host Based C++ Timer took 305 us
Iteration: 895
Timer Host Based C++ Timer took 295 us
Iteration: 896
Timer Host Based C++ Timer took 295 us
Iteration: 897
Timer Host Based C++ Timer took 300 us
Iteration: 898
Timer Host Based C++ Timer took 298 us
Iteration: 899
Timer Host Based C++ Timer took 297 us
Iteration: 900
Timer Host Based C++ Timer took 298 us
Iteration: 901
Timer Host Based C++ Timer took 301 us
Iteration: 902
Timer Host Based C++ Timer took 299 us
Iteration: 903
Timer Host Based C++ Timer took 301 us
Iteration: 904
Timer Host Based C++ Timer took 302 us
Iteration: 905
Timer Host Based C++ Timer took 296 us
Iteration: 906
Timer Host Based C++ Timer took 298 us
Iteration: 907
Timer Host Based C++ Timer took 298 us
Iteration: 908
Timer Host Based C++ Timer took 305 us
Iteration: 909
Timer Host Based C++ Timer took 300 us
Iteration: 910
Timer Host Based C++ Timer took 297 us
Iteration: 911
Timer Host Based C++ Timer took 299 us
Iteration: 912
Timer Host Based C++ Timer took 307 us
Iteration: 913
Timer Host Based C++ Timer took 297 us
Iteration: 914
Timer Host Based C++ Timer took 306 us
Iteration: 915
Timer Host Based C++ Timer took 300 us
Iteration: 916
Timer Host Based C++ Timer took 297 us
Iteration: 917
Timer Host Based C++ Timer took 293 us
Iteration: 918
Timer Host Based C++ Timer took 300 us
Iteration: 919
Timer Host Based C++ Timer took 302 us
Iteration: 920
Timer Host Based C++ Timer took 303 us
Iteration: 921
Timer Host Based C++ Timer took 299 us
Iteration: 922
Timer Host Based C++ Timer took 307 us
Iteration: 923
Timer Host Based C++ Timer took 304 us
Iteration: 924
Timer Host Based C++ Timer took 306 us
Iteration: 925
Timer Host Based C++ Timer took 301 us
Iteration: 926
Timer Host Based C++ Timer took 305 us
Iteration: 927
Timer Host Based C++ Timer took 301 us
Iteration: 928
Timer Host Based C++ Timer took 304 us
Iteration: 929
Timer Host Based C++ Timer took 300 us
Iteration: 930
Timer Host Based C++ Timer took 299 us
Iteration: 931
Timer Host Based C++ Timer took 296 us
Iteration: 932
Timer Host Based C++ Timer took 305 us
Iteration: 933
Timer Host Based C++ Timer took 301 us
Iteration: 934
Timer Host Based C++ Timer took 303 us
Iteration: 935
Timer Host Based C++ Timer took 300 us
Iteration: 936
Timer Host Based C++ Timer took 306 us
Iteration: 937
Timer Host Based C++ Timer took 300 us
Iteration: 938
Timer Host Based C++ Timer took 308 us
Iteration: 939
Timer Host Based C++ Timer took 298 us
Iteration: 940
Timer Host Based C++ Timer took 300 us
Iteration: 941
Timer Host Based C++ Timer took 300 us
Iteration: 942
Timer Host Based C++ Timer took 302 us
Iteration: 943
Timer Host Based C++ Timer took 302 us
Iteration: 944
Timer Host Based C++ Timer took 302 us
Iteration: 945
Timer Host Based C++ Timer took 300 us
Iteration: 946
Timer Host Based C++ Timer took 301 us
Iteration: 947
Timer Host Based C++ Timer took 296 us
Iteration: 948
Timer Host Based C++ Timer took 304 us
Iteration: 949
Timer Host Based C++ Timer took 303 us
Iteration: 950
Timer Host Based C++ Timer took 299 us
Iteration: 951
Timer Host Based C++ Timer took 304 us
Iteration: 952
Timer Host Based C++ Timer took 300 us
Iteration: 953
Timer Host Based C++ Timer took 305 us
Iteration: 954
Timer Host Based C++ Timer took 299 us
Iteration: 955
Timer Host Based C++ Timer took 297 us
Iteration: 956
Timer Host Based C++ Timer took 304 us
Iteration: 957
Timer Host Based C++ Timer took 299 us
Iteration: 958
Timer Host Based C++ Timer took 294 us
Iteration: 959
Timer Host Based C++ Timer took 301 us
Iteration: 960
Timer Host Based C++ Timer took 304 us
Iteration: 961
Timer Host Based C++ Timer took 301 us
Iteration: 962
Timer Host Based C++ Timer took 306 us
Iteration: 963
Timer Host Based C++ Timer took 296 us
Iteration: 964
Timer Host Based C++ Timer took 307 us
Iteration: 965
Timer Host Based C++ Timer took 301 us
Iteration: 966
Timer Host Based C++ Timer took 303 us
Iteration: 967
Timer Host Based C++ Timer took 304 us
Iteration: 968
Timer Host Based C++ Timer took 305 us
Iteration: 969
Timer Host Based C++ Timer took 303 us
Iteration: 970
Timer Host Based C++ Timer took 302 us
Iteration: 971
Timer Host Based C++ Timer took 303 us
Iteration: 972
Timer Host Based C++ Timer took 303 us
Iteration: 973
Timer Host Based C++ Timer took 302 us
Iteration: 974
Timer Host Based C++ Timer took 301 us
Iteration: 975
Timer Host Based C++ Timer took 297 us
Iteration: 976
Timer Host Based C++ Timer took 301 us
Iteration: 977
Timer Host Based C++ Timer took 299 us
Iteration: 978
Timer Host Based C++ Timer took 299 us
Iteration: 979
Timer Host Based C++ Timer took 300 us
Iteration: 980
Timer Host Based C++ Timer took 303 us
Iteration: 981
Timer Host Based C++ Timer took 302 us
Iteration: 982
Timer Host Based C++ Timer took 305 us
Iteration: 983
Timer Host Based C++ Timer took 302 us
Iteration: 984
Timer Host Based C++ Timer took 303 us
Iteration: 985
Timer Host Based C++ Timer took 299 us
Iteration: 986
Timer Host Based C++ Timer took 297 us
Iteration: 987
Timer Host Based C++ Timer took 303 us
Iteration: 988
Timer Host Based C++ Timer took 301 us
Iteration: 989
Timer Host Based C++ Timer took 306 us
Iteration: 990
Timer Host Based C++ Timer took 304 us
Iteration: 991
Timer Host Based C++ Timer took 300 us
Iteration: 992
Timer Host Based C++ Timer took 304 us
Iteration: 993
Timer Host Based C++ Timer took 303 us
Iteration: 994
Timer Host Based C++ Timer took 304 us
Iteration: 995
Timer Host Based C++ Timer took 308 us
Iteration: 996
Timer Host Based C++ Timer took 305 us
Iteration: 997
Timer Host Based C++ Timer took 304 us
Iteration: 998
Timer Host Based C++ Timer took 302 us
Iteration: 999
Timer Host Based C++ Timer took 306 us
Step 93 done.
Writing to: "/capstor/scratch/cscs/ybudanaz/icon-artifacts/velocity/gotwant/data_nproma20480/global_data_93.got"
Writing to: "/capstor/scratch/cscs/ybudanaz/icon-artifacts/velocity/gotwant/data_nproma20480/p_diag_93.got"
Writing to: "/capstor/scratch/cscs/ybudanaz/icon-artifacts/velocity/gotwant/data_nproma20480/p_diag_93.want"
Writing to: "/capstor/scratch/cscs/ybudanaz/icon-artifacts/velocity/gotwant/data_nproma20480/global_data_93.want"
Writing to: "/capstor/scratch/cscs/ybudanaz/icon-artifacts/velocity/gotwant/data_nproma20480/p_metrics_93.got"
Writing to: "/capstor/scratch/cscs/ybudanaz/icon-artifacts/velocity/gotwant/data_nproma20480/z_kin_hor_e_93.got"
Writing to: "/capstor/scratch/cscs/ybudanaz/icon-artifacts/velocity/gotwant/data_nproma20480/p_metrics_93.want"
Writing to: "/capstor/scratch/cscs/ybudanaz/icon-artifacts/velocity/gotwant/data_nproma20480/p_prog_93.got"
Writing to: "/capstor/scratch/cscs/ybudanaz/icon-artifacts/velocity/gotwant/data_nproma20480/z_kin_hor_e_93.want"
Writing to: "/capstor/scratch/cscs/ybudanaz/icon-artifacts/velocity/gotwant/data_nproma20480/p_prog_93.want"
Writing to: "/capstor/scratch/cscs/ybudanaz/icon-artifacts/velocity/gotwant/data_nproma20480/z_vt_ie_93.got"
Writing to: "/capstor/scratch/cscs/ybudanaz/icon-artifacts/velocity/gotwant/data_nproma20480/z_w_concorr_me_93.got"
Writing to: "/capstor/scratch/cscs/ybudanaz/icon-artifacts/velocity/gotwant/data_nproma20480/z_vt_ie_93.want"
Writing to: "/capstor/scratch/cscs/ybudanaz/icon-artifacts/velocity/gotwant/data_nproma20480/z_w_concorr_me_93.want"
Reading from: "data_nproma20480/global_data.t1.463.data"
Reading from: "data_nproma20480/global_data.t0.463.data"
Reading from: "data_nproma20480/p_diag.t1.463.data"
Reading from: "data_nproma20480/p_patch.463.data"
Reading from: "data_nproma20480/p_metrics.t0.463.data"
Reading from: "data_nproma20480/p_metrics.t1.463.data"
Reading from: "data_nproma20480/z_vt_ie.t1.463.data"
Reading from: "data_nproma20480/p_prog.t1.463.data"
Reading from: "data_nproma20480/z_vt_ie.t0.463.data"
Reading from: "data_nproma20480/p_prog.t0.463.data"
Reading from: "data_nproma20480/dt_linintp_ubc.463.data"
Reading from: "data_nproma20480/z_kin_hor_e.t0.463.data"
Reading from: "data_nproma20480/z_kin_hor_e.t1.463.data"
Reading from: "data_nproma20480/istep.463.data"
Reading from: "data_nproma20480/p_diag.t0.463.data"
Reading from: "data_nproma20480/z_w_concorr_me.t0.463.data"
Reading from: "data_nproma20480/z_w_concorr_me.t1.463.data"
Reading from: "data_nproma20480/ntnd.463.data"
Reading from: "data_nproma20480/p_int.463.data"
Reading from: "data_nproma20480/lvn_only.463.data"
Reading from: "data_nproma20480/dtime.463.data"
Reading from: "data_nproma20480/ldeepatmo.463.data"
Step 463 variables, extra_diffu: 1, istep: 1, lvn_only: 1, ldeepatmo: 0
Timer Host Based C++ Timer took 540 us
Timer Host Based C++ Timer took 341 us
Timer Host Based C++ Timer took 339 us
Timer Host Based C++ Timer took 346 us
Timer Host Based C++ Timer took 335 us
Timer Host Based C++ Timer took 335 us
Timer Host Based C++ Timer took 332 us
Timer Host Based C++ Timer took 332 us
Timer Host Based C++ Timer took 332 us
Timer Host Based C++ Timer took 329 us
Timer Host Based C++ Timer took 330 us
Timer Host Based C++ Timer took 340 us
Timer Host Based C++ Timer took 332 us
Timer Host Based C++ Timer took 324 us
Timer Host Based C++ Timer took 340 us
Timer Host Based C++ Timer took 328 us
Timer Host Based C++ Timer took 340 us
Timer Host Based C++ Timer took 328 us
Timer Host Based C++ Timer took 331 us
Timer Host Based C++ Timer took 328 us
Timer Host Based C++ Timer took 331 us
Timer Host Based C++ Timer took 332 us
Timer Host Based C++ Timer took 328 us
Timer Host Based C++ Timer took 334 us
Timer Host Based C++ Timer took 331 us
Timer Host Based C++ Timer took 330 us
Timer Host Based C++ Timer took 336 us
Timer Host Based C++ Timer took 328 us
Timer Host Based C++ Timer took 332 us
Timer Host Based C++ Timer took 332 us
Timer Host Based C++ Timer took 325 us
Timer Host Based C++ Timer took 331 us
Timer Host Based C++ Timer took 328 us
Timer Host Based C++ Timer took 327 us
Timer Host Based C++ Timer took 327 us
Timer Host Based C++ Timer took 322 us
Timer Host Based C++ Timer took 323 us
Timer Host Based C++ Timer took 323 us
Timer Host Based C++ Timer took 322 us
Timer Host Based C++ Timer took 326 us
Timer Host Based C++ Timer took 334 us
Timer Host Based C++ Timer took 324 us
Timer Host Based C++ Timer took 328 us
Timer Host Based C++ Timer took 332 us
Timer Host Based C++ Timer took 318 us
Timer Host Based C++ Timer took 331 us
Timer Host Based C++ Timer took 329 us
Timer Host Based C++ Timer took 327 us
Timer Host Based C++ Timer took 331 us
Timer Host Based C++ Timer took 323 us
Timer Host Based C++ Timer took 329 us
Timer Host Based C++ Timer took 327 us
Timer Host Based C++ Timer took 336 us
Timer Host Based C++ Timer took 325 us
Timer Host Based C++ Timer took 328 us
Timer Host Based C++ Timer took 323 us
Timer Host Based C++ Timer took 326 us
Timer Host Based C++ Timer took 328 us
Timer Host Based C++ Timer took 329 us
Timer Host Based C++ Timer took 323 us
Timer Host Based C++ Timer took 320 us
Timer Host Based C++ Timer took 320 us
Timer Host Based C++ Timer took 323 us
Timer Host Based C++ Timer took 325 us
Timer Host Based C++ Timer took 324 us
Timer Host Based C++ Timer took 327 us
Timer Host Based C++ Timer took 324 us
Timer Host Based C++ Timer took 322 us
Timer Host Based C++ Timer took 322 us
Timer Host Based C++ Timer took 322 us
Timer Host Based C++ Timer took 334 us
Timer Host Based C++ Timer took 325 us
Timer Host Based C++ Timer took 322 us
Timer Host Based C++ Timer took 325 us
Timer Host Based C++ Timer took 321 us
Timer Host Based C++ Timer took 323 us
Timer Host Based C++ Timer took 329 us
Timer Host Based C++ Timer took 331 us
Timer Host Based C++ Timer took 323 us
Timer Host Based C++ Timer took 324 us
Timer Host Based C++ Timer took 330 us
Timer Host Based C++ Timer took 327 us
Timer Host Based C++ Timer took 329 us
Timer Host Based C++ Timer took 330 us
Timer Host Based C++ Timer took 326 us
Timer Host Based C++ Timer took 324 us
Timer Host Based C++ Timer took 325 us
Timer Host Based C++ Timer took 317 us
Timer Host Based C++ Timer took 318 us
Timer Host Based C++ Timer took 324 us
Timer Host Based C++ Timer took 326 us
Timer Host Based C++ Timer took 320 us
Timer Host Based C++ Timer took 334 us
Timer Host Based C++ Timer took 332 us
Timer Host Based C++ Timer took 324 us
Timer Host Based C++ Timer took 322 us
Timer Host Based C++ Timer took 320 us
Timer Host Based C++ Timer took 330 us
Timer Host Based C++ Timer took 318 us
Timer Host Based C++ Timer took 325 us
Timer Host Based C++ Timer took 329 us
Timer Host Based C++ Timer took 322 us
Timer Host Based C++ Timer took 323 us
Timer Host Based C++ Timer took 324 us
Timer Host Based C++ Timer took 327 us
Timer Host Based C++ Timer took 325 us
Timer Host Based C++ Timer took 323 us
Timer Host Based C++ Timer took 326 us
Timer Host Based C++ Timer took 321 us
Timer Host Based C++ Timer took 324 us
Timer Host Based C++ Timer took 319 us
Timer Host Based C++ Timer took 320 us
Timer Host Based C++ Timer took 318 us
Timer Host Based C++ Timer took 320 us
Timer Host Based C++ Timer took 323 us
Timer Host Based C++ Timer took 322 us
Timer Host Based C++ Timer took 322 us
Timer Host Based C++ Timer took 319 us
Timer Host Based C++ Timer took 329 us
Timer Host Based C++ Timer took 321 us
Timer Host Based C++ Timer took 324 us
Timer Host Based C++ Timer took 326 us
Timer Host Based C++ Timer took 328 us
Timer Host Based C++ Timer took 322 us
Timer Host Based C++ Timer took 323 us
Timer Host Based C++ Timer took 328 us
Timer Host Based C++ Timer took 333 us
Timer Host Based C++ Timer took 319 us
Timer Host Based C++ Timer took 319 us
Timer Host Based C++ Timer took 319 us
Timer Host Based C++ Timer took 324 us
Timer Host Based C++ Timer took 318 us
Timer Host Based C++ Timer took 327 us
Timer Host Based C++ Timer took 321 us
Timer Host Based C++ Timer took 325 us
Timer Host Based C++ Timer took 319 us
Timer Host Based C++ Timer took 321 us
Timer Host Based C++ Timer took 323 us
Timer Host Based C++ Timer took 325 us
Timer Host Based C++ Timer took 322 us
Timer Host Based C++ Timer took 321 us
Timer Host Based C++ Timer took 325 us
Timer Host Based C++ Timer took 318 us
Timer Host Based C++ Timer took 321 us
Timer Host Based C++ Timer took 323 us
Timer Host Based C++ Timer took 321 us
Timer Host Based C++ Timer took 325 us
Timer Host Based C++ Timer took 318 us
Timer Host Based C++ Timer took 325 us
Timer Host Based C++ Timer took 324 us
Timer Host Based C++ Timer took 323 us
Timer Host Based C++ Timer took 327 us
Timer Host Based C++ Timer took 324 us
Timer Host Based C++ Timer took 316 us
Timer Host Based C++ Timer took 328 us
Timer Host Based C++ Timer took 320 us
Timer Host Based C++ Timer took 324 us
Timer Host Based C++ Timer took 323 us
Timer Host Based C++ Timer took 325 us
Timer Host Based C++ Timer took 322 us
Timer Host Based C++ Timer took 319 us
Timer Host Based C++ Timer took 331 us
Timer Host Based C++ Timer took 325 us
Timer Host Based C++ Timer took 324 us
Timer Host Based C++ Timer took 324 us
Timer Host Based C++ Timer took 329 us
Timer Host Based C++ Timer took 323 us
Timer Host Based C++ Timer took 326 us
Timer Host Based C++ Timer took 323 us
Timer Host Based C++ Timer took 327 us
Timer Host Based C++ Timer took 323 us
Timer Host Based C++ Timer took 324 us
Timer Host Based C++ Timer took 326 us
Timer Host Based C++ Timer took 323 us
Timer Host Based C++ Timer took 330 us
Timer Host Based C++ Timer took 317 us
Timer Host Based C++ Timer took 323 us
Timer Host Based C++ Timer took 327 us
Timer Host Based C++ Timer took 330 us
Timer Host Based C++ Timer took 319 us
Timer Host Based C++ Timer took 325 us
Timer Host Based C++ Timer took 332 us
Timer Host Based C++ Timer took 316 us
Timer Host Based C++ Timer took 327 us
Timer Host Based C++ Timer took 330 us
Timer Host Based C++ Timer took 320 us
Timer Host Based C++ Timer took 320 us
Timer Host Based C++ Timer took 326 us
Timer Host Based C++ Timer took 322 us
Timer Host Based C++ Timer took 317 us
Timer Host Based C++ Timer took 332 us
Timer Host Based C++ Timer took 325 us
Timer Host Based C++ Timer took 324 us
Timer Host Based C++ Timer took 330 us
Timer Host Based C++ Timer took 317 us
Timer Host Based C++ Timer took 322 us
Timer Host Based C++ Timer took 327 us
Timer Host Based C++ Timer took 324 us
Timer Host Based C++ Timer took 323 us
Timer Host Based C++ Timer took 320 us
Timer Host Based C++ Timer took 329 us
Timer Host Based C++ Timer took 324 us
Timer Host Based C++ Timer took 324 us
Timer Host Based C++ Timer took 322 us
Timer Host Based C++ Timer took 325 us
Timer Host Based C++ Timer took 324 us
Timer Host Based C++ Timer took 328 us
Timer Host Based C++ Timer took 327 us
Timer Host Based C++ Timer took 323 us
Timer Host Based C++ Timer took 328 us
Timer Host Based C++ Timer took 330 us
Timer Host Based C++ Timer took 320 us
Timer Host Based C++ Timer took 324 us
Timer Host Based C++ Timer took 325 us
Timer Host Based C++ Timer took 318 us
Timer Host Based C++ Timer took 317 us
Timer Host Based C++ Timer took 325 us
Timer Host Based C++ Timer took 326 us
Timer Host Based C++ Timer took 325 us
Timer Host Based C++ Timer took 321 us
Timer Host Based C++ Timer took 327 us
Timer Host Based C++ Timer took 318 us
Timer Host Based C++ Timer took 327 us
Timer Host Based C++ Timer took 314 us
Timer Host Based C++ Timer took 323 us
Timer Host Based C++ Timer took 319 us
Timer Host Based C++ Timer took 321 us
Timer Host Based C++ Timer took 320 us
Timer Host Based C++ Timer took 328 us
Timer Host Based C++ Timer took 320 us
Timer Host Based C++ Timer took 329 us
Timer Host Based C++ Timer took 321 us
Timer Host Based C++ Timer took 322 us
Timer Host Based C++ Timer took 319 us
Timer Host Based C++ Timer took 323 us
Timer Host Based C++ Timer took 320 us
Timer Host Based C++ Timer took 329 us
Timer Host Based C++ Timer took 327 us
Timer Host Based C++ Timer took 319 us
Timer Host Based C++ Timer took 317 us
Timer Host Based C++ Timer took 325 us
Timer Host Based C++ Timer took 327 us
Timer Host Based C++ Timer took 322 us
Timer Host Based C++ Timer took 316 us
Timer Host Based C++ Timer took 322 us
Timer Host Based C++ Timer took 326 us
Timer Host Based C++ Timer took 320 us
Timer Host Based C++ Timer took 325 us
Timer Host Based C++ Timer took 326 us
Timer Host Based C++ Timer took 322 us
Timer Host Based C++ Timer took 322 us
Timer Host Based C++ Timer took 320 us
Timer Host Based C++ Timer took 321 us
Timer Host Based C++ Timer took 326 us
Timer Host Based C++ Timer took 331 us
Timer Host Based C++ Timer took 318 us
Timer Host Based C++ Timer took 320 us
Timer Host Based C++ Timer took 313 us
Timer Host Based C++ Timer took 327 us
Timer Host Based C++ Timer took 324 us
Timer Host Based C++ Timer took 327 us
Timer Host Based C++ Timer took 323 us
Timer Host Based C++ Timer took 318 us
Timer Host Based C++ Timer took 327 us
Timer Host Based C++ Timer took 329 us
Timer Host Based C++ Timer took 315 us
Timer Host Based C++ Timer took 323 us
Timer Host Based C++ Timer took 319 us
Timer Host Based C++ Timer took 327 us
Timer Host Based C++ Timer took 324 us
Timer Host Based C++ Timer took 328 us
Timer Host Based C++ Timer took 320 us
Timer Host Based C++ Timer took 317 us
Timer Host Based C++ Timer took 330 us
Timer Host Based C++ Timer took 327 us
Timer Host Based C++ Timer took 324 us
Timer Host Based C++ Timer took 317 us
Timer Host Based C++ Timer took 322 us
Timer Host Based C++ Timer took 324 us
Timer Host Based C++ Timer took 335 us
Timer Host Based C++ Timer took 327 us
Timer Host Based C++ Timer took 317 us
Timer Host Based C++ Timer took 321 us
Timer Host Based C++ Timer took 321 us
Timer Host Based C++ Timer took 322 us
Timer Host Based C++ Timer took 320 us
Timer Host Based C++ Timer took 323 us
Timer Host Based C++ Timer took 320 us
Timer Host Based C++ Timer took 328 us
Timer Host Based C++ Timer took 322 us
Timer Host Based C++ Timer took 313 us
Timer Host Based C++ Timer took 318 us
Timer Host Based C++ Timer took 323 us
Timer Host Based C++ Timer took 321 us
Timer Host Based C++ Timer took 323 us
Timer Host Based C++ Timer took 320 us
Timer Host Based C++ Timer took 324 us
Timer Host Based C++ Timer took 316 us
Timer Host Based C++ Timer took 329 us
Timer Host Based C++ Timer took 324 us
Timer Host Based C++ Timer took 329 us
Timer Host Based C++ Timer took 328 us
Timer Host Based C++ Timer took 318 us
Timer Host Based C++ Timer took 320 us
Timer Host Based C++ Timer took 324 us
Timer Host Based C++ Timer took 319 us
Timer Host Based C++ Timer took 323 us
Timer Host Based C++ Timer took 331 us
Timer Host Based C++ Timer took 331 us
Timer Host Based C++ Timer took 327 us
Timer Host Based C++ Timer took 326 us
Timer Host Based C++ Timer took 316 us
Timer Host Based C++ Timer took 323 us
Timer Host Based C++ Timer took 317 us
Timer Host Based C++ Timer took 323 us
Timer Host Based C++ Timer took 321 us
Timer Host Based C++ Timer took 322 us
Timer Host Based C++ Timer took 320 us
Timer Host Based C++ Timer took 326 us
Timer Host Based C++ Timer took 313 us
Timer Host Based C++ Timer took 326 us
Timer Host Based C++ Timer took 315 us
Timer Host Based C++ Timer took 323 us
Timer Host Based C++ Timer took 317 us
Timer Host Based C++ Timer took 320 us
Timer Host Based C++ Timer took 316 us
Timer Host Based C++ Timer took 323 us
Timer Host Based C++ Timer took 315 us
Timer Host Based C++ Timer took 319 us
Timer Host Based C++ Timer took 315 us
Timer Host Based C++ Timer took 316 us
Timer Host Based C++ Timer took 324 us
Timer Host Based C++ Timer took 320 us
Timer Host Based C++ Timer took 316 us
Timer Host Based C++ Timer took 324 us
Timer Host Based C++ Timer took 320 us
Timer Host Based C++ Timer took 329 us
Timer Host Based C++ Timer took 319 us
Timer Host Based C++ Timer took 313 us
Timer Host Based C++ Timer took 317 us
Timer Host Based C++ Timer took 319 us
Timer Host Based C++ Timer took 319 us
Timer Host Based C++ Timer took 315 us
Timer Host Based C++ Timer took 315 us
Timer Host Based C++ Timer took 315 us
Timer Host Based C++ Timer took 315 us
Timer Host Based C++ Timer took 310 us
Timer Host Based C++ Timer took 325 us
Timer Host Based C++ Timer took 316 us
Timer Host Based C++ Timer took 316 us
Timer Host Based C++ Timer took 317 us
Timer Host Based C++ Timer took 315 us
Timer Host Based C++ Timer took 320 us
Timer Host Based C++ Timer took 319 us
Timer Host Based C++ Timer took 315 us
Timer Host Based C++ Timer took 319 us
Timer Host Based C++ Timer took 312 us
Timer Host Based C++ Timer took 320 us
Timer Host Based C++ Timer took 313 us
Timer Host Based C++ Timer took 318 us
Timer Host Based C++ Timer took 320 us
Timer Host Based C++ Timer took 319 us
Timer Host Based C++ Timer took 319 us
Timer Host Based C++ Timer took 315 us
Timer Host Based C++ Timer took 325 us
Timer Host Based C++ Timer took 319 us
Timer Host Based C++ Timer took 321 us
Timer Host Based C++ Timer took 319 us
Timer Host Based C++ Timer took 321 us
Timer Host Based C++ Timer took 321 us
Timer Host Based C++ Timer took 316 us
Timer Host Based C++ Timer took 311 us
Timer Host Based C++ Timer took 315 us
Timer Host Based C++ Timer took 316 us
Timer Host Based C++ Timer took 315 us
Timer Host Based C++ Timer took 316 us
Timer Host Based C++ Timer took 312 us
Timer Host Based C++ Timer took 315 us
Timer Host Based C++ Timer took 324 us
Timer Host Based C++ Timer took 313 us
Timer Host Based C++ Timer took 314 us
Timer Host Based C++ Timer took 326 us
Timer Host Based C++ Timer took 313 us
Timer Host Based C++ Timer took 312 us
Timer Host Based C++ Timer took 318 us
Timer Host Based C++ Timer took 317 us
Timer Host Based C++ Timer took 326 us
Timer Host Based C++ Timer took 320 us
Timer Host Based C++ Timer took 321 us
Timer Host Based C++ Timer took 317 us
Timer Host Based C++ Timer took 315 us
Timer Host Based C++ Timer took 313 us
Timer Host Based C++ Timer took 314 us
Timer Host Based C++ Timer took 317 us
Timer Host Based C++ Timer took 322 us
Timer Host Based C++ Timer took 318 us
Timer Host Based C++ Timer took 319 us
Timer Host Based C++ Timer took 314 us
Timer Host Based C++ Timer took 318 us
Timer Host Based C++ Timer took 314 us
Timer Host Based C++ Timer took 318 us
Timer Host Based C++ Timer took 322 us
Timer Host Based C++ Timer took 316 us
Timer Host Based C++ Timer took 324 us
Timer Host Based C++ Timer took 320 us
Timer Host Based C++ Timer took 317 us
Timer Host Based C++ Timer took 314 us
Timer Host Based C++ Timer took 316 us
Timer Host Based C++ Timer took 320 us
Timer Host Based C++ Timer took 319 us
Timer Host Based C++ Timer took 318 us
Timer Host Based C++ Timer took 318 us
Timer Host Based C++ Timer took 320 us
Timer Host Based C++ Timer took 311 us
Timer Host Based C++ Timer took 314 us
Timer Host Based C++ Timer took 316 us
Timer Host Based C++ Timer took 319 us
Timer Host Based C++ Timer took 313 us
Timer Host Based C++ Timer took 314 us
Timer Host Based C++ Timer took 318 us
Timer Host Based C++ Timer took 314 us
Timer Host Based C++ Timer took 316 us
Timer Host Based C++ Timer took 311 us
Timer Host Based C++ Timer took 321 us
Timer Host Based C++ Timer took 323 us
Timer Host Based C++ Timer took 315 us
Timer Host Based C++ Timer took 326 us
Timer Host Based C++ Timer took 314 us
Timer Host Based C++ Timer took 313 us
Timer Host Based C++ Timer took 320 us
Timer Host Based C++ Timer took 312 us
Timer Host Based C++ Timer took 309 us
Timer Host Based C++ Timer took 325 us
Timer Host Based C++ Timer took 315 us
Timer Host Based C++ Timer took 324 us
Timer Host Based C++ Timer took 320 us
Timer Host Based C++ Timer took 311 us
Timer Host Based C++ Timer took 315 us
Timer Host Based C++ Timer took 313 us
Timer Host Based C++ Timer took 318 us
Timer Host Based C++ Timer took 318 us
Timer Host Based C++ Timer took 313 us
Timer Host Based C++ Timer took 314 us
Timer Host Based C++ Timer took 319 us
Timer Host Based C++ Timer took 321 us
Timer Host Based C++ Timer took 314 us
Timer Host Based C++ Timer took 315 us
Timer Host Based C++ Timer took 1610 us
Timer Host Based C++ Timer took 315 us
Timer Host Based C++ Timer took 316 us
Timer Host Based C++ Timer took 323 us
Timer Host Based C++ Timer took 312 us
Timer Host Based C++ Timer took 316 us
Timer Host Based C++ Timer took 314 us
Timer Host Based C++ Timer took 317 us
Timer Host Based C++ Timer took 313 us
Timer Host Based C++ Timer took 319 us
Timer Host Based C++ Timer took 315 us
Timer Host Based C++ Timer took 318 us
Timer Host Based C++ Timer took 316 us
Timer Host Based C++ Timer took 316 us
Timer Host Based C++ Timer took 316 us
Timer Host Based C++ Timer took 320 us
Timer Host Based C++ Timer took 315 us
Timer Host Based C++ Timer took 315 us
Timer Host Based C++ Timer took 311 us
Timer Host Based C++ Timer took 311 us
Timer Host Based C++ Timer took 314 us
Timer Host Based C++ Timer took 317 us
Timer Host Based C++ Timer took 313 us
Timer Host Based C++ Timer took 320 us
Timer Host Based C++ Timer took 320 us
Timer Host Based C++ Timer took 315 us
Timer Host Based C++ Timer took 309 us
Timer Host Based C++ Timer took 322 us
Timer Host Based C++ Timer took 316 us
Timer Host Based C++ Timer took 308 us
Timer Host Based C++ Timer took 313 us
Timer Host Based C++ Timer took 319 us
Timer Host Based C++ Timer took 313 us
Timer Host Based C++ Timer took 313 us
Timer Host Based C++ Timer took 310 us
Timer Host Based C++ Timer took 323 us
Timer Host Based C++ Timer took 317 us
Timer Host Based C++ Timer took 314 us
Timer Host Based C++ Timer took 309 us
Timer Host Based C++ Timer took 314 us
Timer Host Based C++ Timer took 313 us
Timer Host Based C++ Timer took 318 us
Timer Host Based C++ Timer took 313 us
Timer Host Based C++ Timer took 312 us
Timer Host Based C++ Timer took 313 us
Timer Host Based C++ Timer took 317 us
Timer Host Based C++ Timer took 315 us
Timer Host Based C++ Timer took 317 us
Timer Host Based C++ Timer took 314 us
Timer Host Based C++ Timer took 319 us
Timer Host Based C++ Timer took 312 us
Timer Host Based C++ Timer took 315 us
Timer Host Based C++ Timer took 315 us
Timer Host Based C++ Timer took 319 us
Timer Host Based C++ Timer took 314 us
Timer Host Based C++ Timer took 318 us
Timer Host Based C++ Timer took 315 us
Timer Host Based C++ Timer took 320 us
Timer Host Based C++ Timer took 318 us
Timer Host Based C++ Timer took 312 us
Timer Host Based C++ Timer took 324 us
Timer Host Based C++ Timer took 314 us
Timer Host Based C++ Timer took 316 us
Timer Host Based C++ Timer took 314 us
Timer Host Based C++ Timer took 319 us
Timer Host Based C++ Timer took 314 us
Timer Host Based C++ Timer took 315 us
Timer Host Based C++ Timer took 314 us
Timer Host Based C++ Timer took 317 us
Timer Host Based C++ Timer took 318 us
Timer Host Based C++ Timer took 315 us
Timer Host Based C++ Timer took 315 us
Timer Host Based C++ Timer took 315 us
Timer Host Based C++ Timer took 316 us
Timer Host Based C++ Timer took 317 us
Timer Host Based C++ Timer took 320 us
Timer Host Based C++ Timer took 318 us
Timer Host Based C++ Timer took 321 us
Timer Host Based C++ Timer took 318 us
Timer Host Based C++ Timer took 312 us
Timer Host Based C++ Timer took 313 us
Timer Host Based C++ Timer took 318 us
Timer Host Based C++ Timer took 314 us
Timer Host Based C++ Timer took 318 us
Timer Host Based C++ Timer took 310 us
Timer Host Based C++ Timer took 315 us
Timer Host Based C++ Timer took 313 us
Timer Host Based C++ Timer took 326 us
Timer Host Based C++ Timer took 312 us
Timer Host Based C++ Timer took 318 us
Timer Host Based C++ Timer took 318 us
Timer Host Based C++ Timer took 321 us
Timer Host Based C++ Timer took 313 us
Timer Host Based C++ Timer took 315 us
Timer Host Based C++ Timer took 318 us
Timer Host Based C++ Timer took 318 us
Timer Host Based C++ Timer took 320 us
Timer Host Based C++ Timer took 315 us
Timer Host Based C++ Timer took 315 us
Timer Host Based C++ Timer took 317 us
Timer Host Based C++ Timer took 315 us
Timer Host Based C++ Timer took 316 us
Timer Host Based C++ Timer took 319 us
Timer Host Based C++ Timer took 319 us
Timer Host Based C++ Timer took 314 us
Timer Host Based C++ Timer took 317 us
Timer Host Based C++ Timer took 320 us
Timer Host Based C++ Timer took 318 us
Timer Host Based C++ Timer took 313 us
Timer Host Based C++ Timer took 321 us
Timer Host Based C++ Timer took 314 us
Timer Host Based C++ Timer took 317 us
Timer Host Based C++ Timer took 313 us
Timer Host Based C++ Timer took 314 us
Timer Host Based C++ Timer took 318 us
Timer Host Based C++ Timer took 321 us
Timer Host Based C++ Timer took 317 us
Timer Host Based C++ Timer took 319 us
Timer Host Based C++ Timer took 314 us
Timer Host Based C++ Timer took 317 us
Timer Host Based C++ Timer took 320 us
Timer Host Based C++ Timer took 318 us
Timer Host Based C++ Timer took 322 us
Timer Host Based C++ Timer took 313 us
Timer Host Based C++ Timer took 316 us
Timer Host Based C++ Timer took 318 us
Timer Host Based C++ Timer took 320 us
Timer Host Based C++ Timer took 322 us
Timer Host Based C++ Timer took 318 us
Timer Host Based C++ Timer took 317 us
Timer Host Based C++ Timer took 313 us
Timer Host Based C++ Timer took 318 us
Timer Host Based C++ Timer took 317 us
Timer Host Based C++ Timer took 316 us
Timer Host Based C++ Timer took 323 us
Timer Host Based C++ Timer took 313 us
Timer Host Based C++ Timer took 317 us
Timer Host Based C++ Timer took 318 us
Timer Host Based C++ Timer took 321 us
Timer Host Based C++ Timer took 321 us
Timer Host Based C++ Timer took 313 us
Timer Host Based C++ Timer took 318 us
Timer Host Based C++ Timer took 312 us
Timer Host Based C++ Timer took 322 us
Timer Host Based C++ Timer took 319 us
Timer Host Based C++ Timer took 316 us
Timer Host Based C++ Timer took 313 us
Timer Host Based C++ Timer took 315 us
Timer Host Based C++ Timer took 315 us
Timer Host Based C++ Timer took 318 us
Timer Host Based C++ Timer took 318 us
Timer Host Based C++ Timer took 317 us
Timer Host Based C++ Timer took 312 us
Timer Host Based C++ Timer took 326 us
Timer Host Based C++ Timer took 319 us
Timer Host Based C++ Timer took 317 us
Timer Host Based C++ Timer took 335 us
Timer Host Based C++ Timer took 319 us
Timer Host Based C++ Timer took 315 us
Timer Host Based C++ Timer took 319 us
Timer Host Based C++ Timer took 317 us
Timer Host Based C++ Timer took 313 us
Timer Host Based C++ Timer took 316 us
Timer Host Based C++ Timer took 318 us
Timer Host Based C++ Timer took 314 us
Timer Host Based C++ Timer took 323 us
Timer Host Based C++ Timer took 313 us
Timer Host Based C++ Timer took 314 us
Timer Host Based C++ Timer took 316 us
Timer Host Based C++ Timer took 320 us
Timer Host Based C++ Timer took 315 us
Timer Host Based C++ Timer took 323 us
Timer Host Based C++ Timer took 317 us
Timer Host Based C++ Timer took 321 us
Timer Host Based C++ Timer took 317 us
Timer Host Based C++ Timer took 315 us
Timer Host Based C++ Timer took 322 us
Timer Host Based C++ Timer took 314 us
Timer Host Based C++ Timer took 311 us
Timer Host Based C++ Timer took 312 us
Timer Host Based C++ Timer took 321 us
Timer Host Based C++ Timer took 318 us
Timer Host Based C++ Timer took 315 us
Timer Host Based C++ Timer took 312 us
Timer Host Based C++ Timer took 311 us
Timer Host Based C++ Timer took 317 us
Timer Host Based C++ Timer took 317 us
Timer Host Based C++ Timer took 313 us
Timer Host Based C++ Timer took 312 us
Timer Host Based C++ Timer took 321 us
Timer Host Based C++ Timer took 323 us
Timer Host Based C++ Timer took 313 us
Timer Host Based C++ Timer took 314 us
Timer Host Based C++ Timer took 317 us
Timer Host Based C++ Timer took 318 us
Timer Host Based C++ Timer took 311 us
Timer Host Based C++ Timer took 318 us
Timer Host Based C++ Timer took 316 us
Timer Host Based C++ Timer took 311 us
Timer Host Based C++ Timer took 324 us
Timer Host Based C++ Timer took 315 us
Timer Host Based C++ Timer took 310 us
Timer Host Based C++ Timer took 314 us
Timer Host Based C++ Timer took 315 us
Timer Host Based C++ Timer took 313 us
Timer Host Based C++ Timer took 313 us
Timer Host Based C++ Timer took 314 us
Timer Host Based C++ Timer took 314 us
Timer Host Based C++ Timer took 316 us
Timer Host Based C++ Timer took 317 us
Timer Host Based C++ Timer took 317 us
Timer Host Based C++ Timer took 317 us
Timer Host Based C++ Timer took 312 us
Timer Host Based C++ Timer took 317 us
Timer Host Based C++ Timer took 323 us
Timer Host Based C++ Timer took 318 us
Timer Host Based C++ Timer took 311 us
Timer Host Based C++ Timer took 322 us
Timer Host Based C++ Timer took 313 us
Timer Host Based C++ Timer took 320 us
Timer Host Based C++ Timer took 312 us
Timer Host Based C++ Timer took 316 us
Timer Host Based C++ Timer took 318 us
Timer Host Based C++ Timer took 325 us
Timer Host Based C++ Timer took 312 us
Timer Host Based C++ Timer took 320 us
Timer Host Based C++ Timer took 315 us
Timer Host Based C++ Timer took 318 us
Timer Host Based C++ Timer took 319 us
Timer Host Based C++ Timer took 322 us
Timer Host Based C++ Timer took 321 us
Timer Host Based C++ Timer took 317 us
Timer Host Based C++ Timer took 313 us
Timer Host Based C++ Timer took 318 us
Timer Host Based C++ Timer took 312 us
Timer Host Based C++ Timer took 323 us
Timer Host Based C++ Timer took 316 us
Timer Host Based C++ Timer took 320 us
Timer Host Based C++ Timer took 314 us
Timer Host Based C++ Timer took 320 us
Timer Host Based C++ Timer took 322 us
Timer Host Based C++ Timer took 319 us
Timer Host Based C++ Timer took 317 us
Timer Host Based C++ Timer took 315 us
Timer Host Based C++ Timer took 322 us
Timer Host Based C++ Timer took 323 us
Timer Host Based C++ Timer took 316 us
Timer Host Based C++ Timer took 322 us
Timer Host Based C++ Timer took 319 us
Timer Host Based C++ Timer took 323 us
Timer Host Based C++ Timer took 314 us
Timer Host Based C++ Timer took 317 us
Timer Host Based C++ Timer took 324 us
Timer Host Based C++ Timer took 318 us
Timer Host Based C++ Timer took 317 us
Timer Host Based C++ Timer took 315 us
Timer Host Based C++ Timer took 316 us
Timer Host Based C++ Timer took 315 us
Timer Host Based C++ Timer took 325 us
Timer Host Based C++ Timer took 322 us
Timer Host Based C++ Timer took 316 us
Timer Host Based C++ Timer took 327 us
Timer Host Based C++ Timer took 324 us
Timer Host Based C++ Timer took 319 us
Timer Host Based C++ Timer took 323 us
Timer Host Based C++ Timer took 318 us
Timer Host Based C++ Timer took 316 us
Timer Host Based C++ Timer took 322 us
Timer Host Based C++ Timer took 318 us
Timer Host Based C++ Timer took 315 us
Timer Host Based C++ Timer took 314 us
Timer Host Based C++ Timer took 321 us
Timer Host Based C++ Timer took 317 us
Timer Host Based C++ Timer took 323 us
Timer Host Based C++ Timer took 322 us
Timer Host Based C++ Timer took 318 us
Timer Host Based C++ Timer took 313 us
Timer Host Based C++ Timer took 323 us
Timer Host Based C++ Timer took 323 us
Timer Host Based C++ Timer took 321 us
Timer Host Based C++ Timer took 313 us
Timer Host Based C++ Timer took 316 us
Timer Host Based C++ Timer took 313 us
Timer Host Based C++ Timer took 317 us
Timer Host Based C++ Timer took 315 us
Timer Host Based C++ Timer took 312 us
Timer Host Based C++ Timer took 316 us
Timer Host Based C++ Timer took 321 us
Timer Host Based C++ Timer took 315 us
Timer Host Based C++ Timer took 315 us
Timer Host Based C++ Timer took 323 us
Timer Host Based C++ Timer took 317 us
Timer Host Based C++ Timer took 314 us
Timer Host Based C++ Timer took 316 us
Timer Host Based C++ Timer took 314 us
Timer Host Based C++ Timer took 318 us
Timer Host Based C++ Timer took 313 us
Timer Host Based C++ Timer took 324 us
Timer Host Based C++ Timer took 318 us
Timer Host Based C++ Timer took 314 us
Timer Host Based C++ Timer took 314 us
Timer Host Based C++ Timer took 319 us
Timer Host Based C++ Timer took 315 us
Timer Host Based C++ Timer took 322 us
Timer Host Based C++ Timer took 319 us
Timer Host Based C++ Timer took 316 us
Timer Host Based C++ Timer took 317 us
Timer Host Based C++ Timer took 316 us
Timer Host Based C++ Timer took 319 us
Timer Host Based C++ Timer took 319 us
Timer Host Based C++ Timer took 315 us
Timer Host Based C++ Timer took 315 us
Timer Host Based C++ Timer took 316 us
Timer Host Based C++ Timer took 316 us
Timer Host Based C++ Timer took 314 us
Timer Host Based C++ Timer took 321 us
Timer Host Based C++ Timer took 320 us
Timer Host Based C++ Timer took 322 us
Timer Host Based C++ Timer took 318 us
Timer Host Based C++ Timer took 320 us
Timer Host Based C++ Timer took 315 us
Timer Host Based C++ Timer took 322 us
Timer Host Based C++ Timer took 314 us
Timer Host Based C++ Timer took 321 us
Timer Host Based C++ Timer took 318 us
Timer Host Based C++ Timer took 323 us
Timer Host Based C++ Timer took 316 us
Timer Host Based C++ Timer took 318 us
Timer Host Based C++ Timer took 313 us
Timer Host Based C++ Timer took 319 us
Timer Host Based C++ Timer took 315 us
Timer Host Based C++ Timer took 314 us
Timer Host Based C++ Timer took 319 us
Timer Host Based C++ Timer took 315 us
Timer Host Based C++ Timer took 314 us
Timer Host Based C++ Timer took 315 us
Timer Host Based C++ Timer took 315 us
Timer Host Based C++ Timer took 320 us
Timer Host Based C++ Timer took 308 us
Timer Host Based C++ Timer took 320 us
Timer Host Based C++ Timer took 312 us
Timer Host Based C++ Timer took 319 us
Timer Host Based C++ Timer took 313 us
Timer Host Based C++ Timer took 317 us
Timer Host Based C++ Timer took 314 us
Timer Host Based C++ Timer took 318 us
Timer Host Based C++ Timer took 317 us
Timer Host Based C++ Timer took 318 us
Timer Host Based C++ Timer took 321 us
Timer Host Based C++ Timer took 317 us
Timer Host Based C++ Timer took 316 us
Timer Host Based C++ Timer took 313 us
Timer Host Based C++ Timer took 320 us
Timer Host Based C++ Timer took 317 us
Timer Host Based C++ Timer took 314 us
Timer Host Based C++ Timer took 313 us
Timer Host Based C++ Timer took 312 us
Timer Host Based C++ Timer took 315 us
Timer Host Based C++ Timer took 321 us
Timer Host Based C++ Timer took 317 us
Timer Host Based C++ Timer took 317 us
Timer Host Based C++ Timer took 314 us
Timer Host Based C++ Timer took 313 us
Timer Host Based C++ Timer took 315 us
Timer Host Based C++ Timer took 321 us
Timer Host Based C++ Timer took 314 us
Timer Host Based C++ Timer took 317 us
Timer Host Based C++ Timer took 322 us
Timer Host Based C++ Timer took 315 us
Timer Host Based C++ Timer took 325 us
Timer Host Based C++ Timer took 318 us
Timer Host Based C++ Timer took 312 us
Timer Host Based C++ Timer took 313 us
Timer Host Based C++ Timer took 325 us
Timer Host Based C++ Timer took 314 us
Timer Host Based C++ Timer took 316 us
Timer Host Based C++ Timer took 311 us
Timer Host Based C++ Timer took 309 us
Timer Host Based C++ Timer took 321 us
Timer Host Based C++ Timer took 326 us
Timer Host Based C++ Timer took 322 us
Timer Host Based C++ Timer took 319 us
Timer Host Based C++ Timer took 324 us
Timer Host Based C++ Timer took 320 us
Timer Host Based C++ Timer took 311 us
Timer Host Based C++ Timer took 317 us
Timer Host Based C++ Timer took 308 us
Timer Host Based C++ Timer took 315 us
Timer Host Based C++ Timer took 310 us
Timer Host Based C++ Timer took 311 us
Timer Host Based C++ Timer took 308 us
Timer Host Based C++ Timer took 310 us
Timer Host Based C++ Timer took 310 us
Timer Host Based C++ Timer took 319 us
Timer Host Based C++ Timer took 320 us
Timer Host Based C++ Timer took 315 us
Timer Host Based C++ Timer took 311 us
Timer Host Based C++ Timer took 309 us
Timer Host Based C++ Timer took 310 us
Timer Host Based C++ Timer took 311 us
Timer Host Based C++ Timer took 312 us
Timer Host Based C++ Timer took 318 us
Timer Host Based C++ Timer took 308 us
Timer Host Based C++ Timer took 318 us
Timer Host Based C++ Timer took 309 us
Timer Host Based C++ Timer took 314 us
Timer Host Based C++ Timer took 318 us
Timer Host Based C++ Timer took 313 us
Timer Host Based C++ Timer took 315 us
Timer Host Based C++ Timer took 317 us
Timer Host Based C++ Timer took 310 us
Timer Host Based C++ Timer took 316 us
Timer Host Based C++ Timer took 308 us
Timer Host Based C++ Timer took 308 us
Timer Host Based C++ Timer took 320 us
Timer Host Based C++ Timer took 316 us
Timer Host Based C++ Timer took 309 us
Timer Host Based C++ Timer took 311 us
Timer Host Based C++ Timer took 306 us
Timer Host Based C++ Timer took 311 us
Timer Host Based C++ Timer took 312 us
Timer Host Based C++ Timer took 312 us
Timer Host Based C++ Timer took 310 us
Timer Host Based C++ Timer took 314 us
Timer Host Based C++ Timer took 312 us
Timer Host Based C++ Timer took 313 us
Timer Host Based C++ Timer took 309 us
Timer Host Based C++ Timer took 312 us
Timer Host Based C++ Timer took 310 us
Timer Host Based C++ Timer took 319 us
Timer Host Based C++ Timer took 310 us
Timer Host Based C++ Timer took 316 us
Timer Host Based C++ Timer took 312 us
Timer Host Based C++ Timer took 313 us
Timer Host Based C++ Timer took 311 us
Timer Host Based C++ Timer took 312 us
Timer Host Based C++ Timer took 314 us
Timer Host Based C++ Timer took 313 us
Timer Host Based C++ Timer took 312 us
Timer Host Based C++ Timer took 316 us
Timer Host Based C++ Timer took 314 us
Timer Host Based C++ Timer took 309 us
Timer Host Based C++ Timer took 314 us
Timer Host Based C++ Timer took 320 us
Timer Host Based C++ Timer took 318 us
Timer Host Based C++ Timer took 311 us
Timer Host Based C++ Timer took 308 us
Timer Host Based C++ Timer took 309 us
Timer Host Based C++ Timer took 309 us
Timer Host Based C++ Timer took 311 us
Timer Host Based C++ Timer took 307 us
Timer Host Based C++ Timer took 308 us
Timer Host Based C++ Timer took 314 us
Timer Host Based C++ Timer took 308 us
Timer Host Based C++ Timer took 310 us
Timer Host Based C++ Timer took 308 us
Timer Host Based C++ Timer took 318 us
Timer Host Based C++ Timer took 314 us
Timer Host Based C++ Timer took 308 us
Timer Host Based C++ Timer took 313 us
Timer Host Based C++ Timer took 308 us
Timer Host Based C++ Timer took 314 us
Timer Host Based C++ Timer took 309 us
Timer Host Based C++ Timer took 308 us
Timer Host Based C++ Timer took 310 us
Timer Host Based C++ Timer took 310 us
Timer Host Based C++ Timer took 311 us
Timer Host Based C++ Timer took 308 us
Timer Host Based C++ Timer took 306 us
Timer Host Based C++ Timer took 310 us
Timer Host Based C++ Timer took 309 us
Timer Host Based C++ Timer took 311 us
Timer Host Based C++ Timer took 313 us
Timer Host Based C++ Timer took 307 us
Timer Host Based C++ Timer took 310 us
Timer Host Based C++ Timer took 308 us
Timer Host Based C++ Timer took 309 us
Timer Host Based C++ Timer took 324 us
Timer Host Based C++ Timer took 309 us
Timer Host Based C++ Timer took 316 us
Timer Host Based C++ Timer took 316 us
Timer Host Based C++ Timer took 307 us
Timer Host Based C++ Timer took 304 us
Timer Host Based C++ Timer took 310 us
Timer Host Based C++ Timer took 316 us
Timer Host Based C++ Timer took 311 us
Timer Host Based C++ Timer took 308 us
Timer Host Based C++ Timer took 316 us
Timer Host Based C++ Timer took 305 us
Timer Host Based C++ Timer took 310 us
Timer Host Based C++ Timer took 315 us
Timer Host Based C++ Timer took 307 us
Timer Host Based C++ Timer took 309 us
Timer Host Based C++ Timer took 310 us
Timer Host Based C++ Timer took 308 us
Timer Host Based C++ Timer took 315 us
Timer Host Based C++ Timer took 308 us
Timer Host Based C++ Timer took 303 us
Timer Host Based C++ Timer took 310 us
Timer Host Based C++ Timer took 304 us
Timer Host Based C++ Timer took 310 us
Timer Host Based C++ Timer took 310 us
Timer Host Based C++ Timer took 315 us
Timer Host Based C++ Timer took 307 us
Timer Host Based C++ Timer took 304 us
Timer Host Based C++ Timer took 304 us
Timer Host Based C++ Timer took 307 us
Timer Host Based C++ Timer took 311 us
Timer Host Based C++ Timer took 314 us
Timer Host Based C++ Timer took 309 us
Timer Host Based C++ Timer took 308 us
Timer Host Based C++ Timer took 314 us
Timer Host Based C++ Timer took 303 us
Timer Host Based C++ Timer took 304 us
Timer Host Based C++ Timer took 305 us
Timer Host Based C++ Timer took 305 us
Timer Host Based C++ Timer took 316 us
Timer Host Based C++ Timer took 312 us
Timer Host Based C++ Timer took 311 us
Timer Host Based C++ Timer took 308 us
Timer Host Based C++ Timer took 305 us
Timer Host Based C++ Timer took 310 us
Timer Host Based C++ Timer took 314 us
Timer Host Based C++ Timer took 354 us
Timer Host Based C++ Timer took 307 us
Timer Host Based C++ Timer took 309 us
Timer Host Based C++ Timer took 315 us
Timer Host Based C++ Timer took 309 us
Timer Host Based C++ Timer took 305 us
Timer Host Based C++ Timer took 309 us
Timer Host Based C++ Timer took 305 us
Timer Host Based C++ Timer took 308 us
Timer Host Based C++ Timer took 311 us
Timer Host Based C++ Timer took 306 us
Timer Host Based C++ Timer took 310 us
Timer Host Based C++ Timer took 307 us
Timer Host Based C++ Timer took 418 us
Timer Host Based C++ Timer took 303 us
Timer Host Based C++ Timer took 305 us
Timer Host Based C++ Timer took 310 us
Timer Host Based C++ Timer took 309 us
Timer Host Based C++ Timer took 311 us
Timer Host Based C++ Timer took 307 us
Timer Host Based C++ Timer took 305 us
Timer Host Based C++ Timer took 313 us
Timer Host Based C++ Timer took 308 us
Timer Host Based C++ Timer took 308 us
Timer Host Based C++ Timer took 314 us
Timer Host Based C++ Timer took 308 us
Timer Host Based C++ Timer took 314 us
Timer Host Based C++ Timer took 310 us
Timer Host Based C++ Timer took 301 us
Timer Host Based C++ Timer took 306 us
Step 463 done.
Writing to: "/capstor/scratch/cscs/ybudanaz/icon-artifacts/velocity/gotwant/data_nproma20480/global_data_463.got"
Writing to: "/capstor/scratch/cscs/ybudanaz/icon-artifacts/velocity/gotwant/data_nproma20480/global_data_463.want"
Writing to: "/capstor/scratch/cscs/ybudanaz/icon-artifacts/velocity/gotwant/data_nproma20480/p_metrics_463.got"
Writing to: "/capstor/scratch/cscs/ybudanaz/icon-artifacts/velocity/gotwant/data_nproma20480/p_diag_463.got"
Writing to: "/capstor/scratch/cscs/ybudanaz/icon-artifacts/velocity/gotwant/data_nproma20480/p_diag_463.want"
Writing to: "/capstor/scratch/cscs/ybudanaz/icon-artifacts/velocity/gotwant/data_nproma20480/p_metrics_463.want"
Writing to: "/capstor/scratch/cscs/ybudanaz/icon-artifacts/velocity/gotwant/data_nproma20480/z_kin_hor_e_463.got"
Writing to: "/capstor/scratch/cscs/ybudanaz/icon-artifacts/velocity/gotwant/data_nproma20480/p_prog_463.got"
Writing to: "/capstor/scratch/cscs/ybudanaz/icon-artifacts/velocity/gotwant/data_nproma20480/z_kin_hor_e_463.want"
Writing to: "/capstor/scratch/cscs/ybudanaz/icon-artifacts/velocity/gotwant/data_nproma20480/p_prog_463.want"
Writing to: "/capstor/scratch/cscs/ybudanaz/icon-artifacts/velocity/gotwant/data_nproma20480/z_vt_ie_463.got"
Writing to: "/capstor/scratch/cscs/ybudanaz/icon-artifacts/velocity/gotwant/data_nproma20480/z_w_concorr_me_463.got"
Writing to: "/capstor/scratch/cscs/ybudanaz/icon-artifacts/velocity/gotwant/data_nproma20480/z_vt_ie_463.want"
Writing to: "/capstor/scratch/cscs/ybudanaz/icon-artifacts/velocity/gotwant/data_nproma20480/z_w_concorr_me_463.want"
Reading from: "data_nproma20480/p_diag.t1.519.data"
Reading from: "data_nproma20480/p_diag.t0.519.data"
Reading from: "data_nproma20480/z_kin_hor_e.t0.519.data"
Reading from: "data_nproma20480/p_metrics.t1.519.data"
Reading from: "data_nproma20480/p_prog.t0.519.data"
Reading from: "data_nproma20480/istep.519.data"
Reading from: "data_nproma20480/p_patch.519.data"
Reading from: "data_nproma20480/z_w_concorr_me.t0.519.data"
Reading from: "data_nproma20480/global_data.t0.519.data"
Reading from: "data_nproma20480/z_w_concorr_me.t1.519.data"
Reading from: "data_nproma20480/lvn_only.519.data"
Reading from: "data_nproma20480/p_metrics.t0.519.data"
Reading from: "data_nproma20480/global_data.t1.519.data"
Reading from: "data_nproma20480/p_prog.t1.519.data"
Reading from: "data_nproma20480/dtime.519.data"
Reading from: "data_nproma20480/ntnd.519.data"
Reading from: "data_nproma20480/z_vt_ie.t1.519.data"
Reading from: "data_nproma20480/z_kin_hor_e.t1.519.data"
Reading from: "data_nproma20480/ldeepatmo.519.data"
Reading from: "data_nproma20480/p_int.519.data"
Reading from: "data_nproma20480/z_vt_ie.t0.519.data"
Reading from: "data_nproma20480/dt_linintp_ubc.519.data"
Step 519 variables, extra_diffu: 1, istep: 2, lvn_only: 0, ldeepatmo: 0
Iteration: 0
Timer Host Based C++ Timer took 550 us
Iteration: 1
Timer Host Based C++ Timer took 314 us
Iteration: 2
Timer Host Based C++ Timer took 313 us
Iteration: 3
Timer Host Based C++ Timer took 319 us
Iteration: 4
Timer Host Based C++ Timer took 317 us
Iteration: 5
Timer Host Based C++ Timer took 315 us
Iteration: 6
Timer Host Based C++ Timer took 314 us
Iteration: 7
Timer Host Based C++ Timer took 309 us
Iteration: 8
Timer Host Based C++ Timer took 319 us
Iteration: 9
Timer Host Based C++ Timer took 312 us
Iteration: 10
Timer Host Based C++ Timer took 315 us
Iteration: 11
Timer Host Based C++ Timer took 308 us
Iteration: 12
Timer Host Based C++ Timer took 320 us
Iteration: 13
Timer Host Based C++ Timer took 314 us
Iteration: 14
Timer Host Based C++ Timer took 309 us
Iteration: 15
Timer Host Based C++ Timer took 311 us
Iteration: 16
Timer Host Based C++ Timer took 316 us
Iteration: 17
Timer Host Based C++ Timer took 310 us
Iteration: 18
Timer Host Based C++ Timer took 316 us
Iteration: 19
Timer Host Based C++ Timer took 309 us
Iteration: 20
Timer Host Based C++ Timer took 314 us
Iteration: 21
Timer Host Based C++ Timer took 314 us
Iteration: 22
Timer Host Based C++ Timer took 305 us
Iteration: 23
Timer Host Based C++ Timer took 314 us
Iteration: 24
Timer Host Based C++ Timer took 309 us
Iteration: 25
Timer Host Based C++ Timer took 301 us
Iteration: 26
Timer Host Based C++ Timer took 314 us
Iteration: 27
Timer Host Based C++ Timer took 308 us
Iteration: 28
Timer Host Based C++ Timer took 312 us
Iteration: 29
Timer Host Based C++ Timer took 310 us
Iteration: 30
Timer Host Based C++ Timer took 311 us
Iteration: 31
Timer Host Based C++ Timer took 308 us
Iteration: 32
Timer Host Based C++ Timer took 313 us
Iteration: 33
Timer Host Based C++ Timer took 309 us
Iteration: 34
Timer Host Based C++ Timer took 311 us
Iteration: 35
Timer Host Based C++ Timer took 311 us
Iteration: 36
Timer Host Based C++ Timer took 312 us
Iteration: 37
Timer Host Based C++ Timer took 306 us
Iteration: 38
Timer Host Based C++ Timer took 314 us
Iteration: 39
Timer Host Based C++ Timer took 307 us
Iteration: 40
Timer Host Based C++ Timer took 319 us
Iteration: 41
Timer Host Based C++ Timer took 304 us
Iteration: 42
Timer Host Based C++ Timer took 312 us
Iteration: 43
Timer Host Based C++ Timer took 308 us
Iteration: 44
Timer Host Based C++ Timer took 309 us
Iteration: 45
Timer Host Based C++ Timer took 307 us
Iteration: 46
Timer Host Based C++ Timer took 312 us
Iteration: 47
Timer Host Based C++ Timer took 310 us
Iteration: 48
Timer Host Based C++ Timer took 306 us
Iteration: 49
Timer Host Based C++ Timer took 307 us
Iteration: 50
Timer Host Based C++ Timer took 309 us
Iteration: 51
Timer Host Based C++ Timer took 310 us
Iteration: 52
Timer Host Based C++ Timer took 301 us
Iteration: 53
Timer Host Based C++ Timer took 302 us
Iteration: 54
Timer Host Based C++ Timer took 310 us
Iteration: 55
Timer Host Based C++ Timer took 303 us
Iteration: 56
Timer Host Based C++ Timer took 310 us
Iteration: 57
Timer Host Based C++ Timer took 304 us
Iteration: 58
Timer Host Based C++ Timer took 310 us
Iteration: 59
Timer Host Based C++ Timer took 308 us
Iteration: 60
Timer Host Based C++ Timer took 302 us
Iteration: 61
Timer Host Based C++ Timer took 305 us
Iteration: 62
Timer Host Based C++ Timer took 307 us
Iteration: 63
Timer Host Based C++ Timer took 306 us
Iteration: 64
Timer Host Based C++ Timer took 311 us
Iteration: 65
Timer Host Based C++ Timer took 303 us
Iteration: 66
Timer Host Based C++ Timer took 317 us
Iteration: 67
Timer Host Based C++ Timer took 309 us
Iteration: 68
Timer Host Based C++ Timer took 306 us
Iteration: 69
Timer Host Based C++ Timer took 307 us
Iteration: 70
Timer Host Based C++ Timer took 309 us
Iteration: 71
Timer Host Based C++ Timer took 303 us
Iteration: 72
Timer Host Based C++ Timer took 308 us
Iteration: 73
Timer Host Based C++ Timer took 302 us
Iteration: 74
Timer Host Based C++ Timer took 309 us
Iteration: 75
Timer Host Based C++ Timer took 305 us
Iteration: 76
Timer Host Based C++ Timer took 305 us
Iteration: 77
Timer Host Based C++ Timer took 303 us
Iteration: 78
Timer Host Based C++ Timer took 312 us
Iteration: 79
Timer Host Based C++ Timer took 301 us
Iteration: 80
Timer Host Based C++ Timer took 312 us
Iteration: 81
Timer Host Based C++ Timer took 296 us
Iteration: 82
Timer Host Based C++ Timer took 311 us
Iteration: 83
Timer Host Based C++ Timer took 303 us
Iteration: 84
Timer Host Based C++ Timer took 305 us
Iteration: 85
Timer Host Based C++ Timer took 297 us
Iteration: 86
Timer Host Based C++ Timer took 310 us
Iteration: 87
Timer Host Based C++ Timer took 305 us
Iteration: 88
Timer Host Based C++ Timer took 305 us
Iteration: 89
Timer Host Based C++ Timer took 302 us
Iteration: 90
Timer Host Based C++ Timer took 304 us
Iteration: 91
Timer Host Based C++ Timer took 307 us
Iteration: 92
Timer Host Based C++ Timer took 303 us
Iteration: 93
Timer Host Based C++ Timer took 307 us
Iteration: 94
Timer Host Based C++ Timer took 306 us
Iteration: 95
Timer Host Based C++ Timer took 302 us
Iteration: 96
Timer Host Based C++ Timer took 303 us
Iteration: 97
Timer Host Based C++ Timer took 304 us
Iteration: 98
Timer Host Based C++ Timer took 304 us
Iteration: 99
Timer Host Based C++ Timer took 304 us
Iteration: 100
Timer Host Based C++ Timer took 308 us
Iteration: 101
Timer Host Based C++ Timer took 305 us
Iteration: 102
Timer Host Based C++ Timer took 305 us
Iteration: 103
Timer Host Based C++ Timer took 301 us
Iteration: 104
Timer Host Based C++ Timer took 302 us
Iteration: 105
Timer Host Based C++ Timer took 303 us
Iteration: 106
Timer Host Based C++ Timer took 301 us
Iteration: 107
Timer Host Based C++ Timer took 300 us
Iteration: 108
Timer Host Based C++ Timer took 306 us
Iteration: 109
Timer Host Based C++ Timer took 305 us
Iteration: 110
Timer Host Based C++ Timer took 304 us
Iteration: 111
Timer Host Based C++ Timer took 304 us
Iteration: 112
Timer Host Based C++ Timer took 310 us
Iteration: 113
Timer Host Based C++ Timer took 302 us
Iteration: 114
Timer Host Based C++ Timer took 300 us
Iteration: 115
Timer Host Based C++ Timer took 301 us
Iteration: 116
Timer Host Based C++ Timer took 299 us
Iteration: 117
Timer Host Based C++ Timer took 306 us
Iteration: 118
Timer Host Based C++ Timer took 301 us
Iteration: 119
Timer Host Based C++ Timer took 307 us
Iteration: 120
Timer Host Based C++ Timer took 302 us
Iteration: 121
Timer Host Based C++ Timer took 300 us
Iteration: 122
Timer Host Based C++ Timer took 303 us
Iteration: 123
Timer Host Based C++ Timer took 300 us
Iteration: 124
Timer Host Based C++ Timer took 306 us
Iteration: 125
Timer Host Based C++ Timer took 305 us
Iteration: 126
Timer Host Based C++ Timer took 306 us
Iteration: 127
Timer Host Based C++ Timer took 305 us
Iteration: 128
Timer Host Based C++ Timer took 306 us
Iteration: 129
Timer Host Based C++ Timer took 302 us
Iteration: 130
Timer Host Based C++ Timer took 307 us
Iteration: 131
Timer Host Based C++ Timer took 300 us
Iteration: 132
Timer Host Based C++ Timer took 302 us
Iteration: 133
Timer Host Based C++ Timer took 307 us
Iteration: 134
Timer Host Based C++ Timer took 306 us
Iteration: 135
Timer Host Based C++ Timer took 304 us
Iteration: 136
Timer Host Based C++ Timer took 296 us
Iteration: 137
Timer Host Based C++ Timer took 304 us
Iteration: 138
Timer Host Based C++ Timer took 302 us
Iteration: 139
Timer Host Based C++ Timer took 303 us
Iteration: 140
Timer Host Based C++ Timer took 303 us
Iteration: 141
Timer Host Based C++ Timer took 301 us
Iteration: 142
Timer Host Based C++ Timer took 304 us
Iteration: 143
Timer Host Based C++ Timer took 297 us
Iteration: 144
Timer Host Based C++ Timer took 301 us
Iteration: 145
Timer Host Based C++ Timer took 300 us
Iteration: 146
Timer Host Based C++ Timer took 309 us
Iteration: 147
Timer Host Based C++ Timer took 299 us
Iteration: 148
Timer Host Based C++ Timer took 303 us
Iteration: 149
Timer Host Based C++ Timer took 302 us
Iteration: 150
Timer Host Based C++ Timer took 302 us
Iteration: 151
Timer Host Based C++ Timer took 304 us
Iteration: 152
Timer Host Based C++ Timer took 304 us
Iteration: 153
Timer Host Based C++ Timer took 302 us
Iteration: 154
Timer Host Based C++ Timer took 311 us
Iteration: 155
Timer Host Based C++ Timer took 300 us
Iteration: 156
Timer Host Based C++ Timer took 303 us
Iteration: 157
Timer Host Based C++ Timer took 307 us
Iteration: 158
Timer Host Based C++ Timer took 301 us
Iteration: 159
Timer Host Based C++ Timer took 300 us
Iteration: 160
Timer Host Based C++ Timer took 301 us
Iteration: 161
Timer Host Based C++ Timer took 299 us
Iteration: 162
Timer Host Based C++ Timer took 308 us
Iteration: 163
Timer Host Based C++ Timer took 305 us
Iteration: 164
Timer Host Based C++ Timer took 301 us
Iteration: 165
Timer Host Based C++ Timer took 299 us
Iteration: 166
Timer Host Based C++ Timer took 305 us
Iteration: 167
Timer Host Based C++ Timer took 299 us
Iteration: 168
Timer Host Based C++ Timer took 301 us
Iteration: 169
Timer Host Based C++ Timer took 300 us
Iteration: 170
Timer Host Based C++ Timer took 309 us
Iteration: 171
Timer Host Based C++ Timer took 296 us
Iteration: 172
Timer Host Based C++ Timer took 311 us
Iteration: 173
Timer Host Based C++ Timer took 304 us
Iteration: 174
Timer Host Based C++ Timer took 307 us
Iteration: 175
Timer Host Based C++ Timer took 302 us
Iteration: 176
Timer Host Based C++ Timer took 305 us
Iteration: 177
Timer Host Based C++ Timer took 303 us
Iteration: 178
Timer Host Based C++ Timer took 306 us
Iteration: 179
Timer Host Based C++ Timer took 301 us
Iteration: 180
Timer Host Based C++ Timer took 303 us
Iteration: 181
Timer Host Based C++ Timer took 299 us
Iteration: 182
Timer Host Based C++ Timer took 301 us
Iteration: 183
Timer Host Based C++ Timer took 304 us
Iteration: 184
Timer Host Based C++ Timer took 302 us
Iteration: 185
Timer Host Based C++ Timer took 299 us
Iteration: 186
Timer Host Based C++ Timer took 311 us
Iteration: 187
Timer Host Based C++ Timer took 298 us
Iteration: 188
Timer Host Based C++ Timer took 302 us
Iteration: 189
Timer Host Based C++ Timer took 302 us
Iteration: 190
Timer Host Based C++ Timer took 300 us
Iteration: 191
Timer Host Based C++ Timer took 297 us
Iteration: 192
Timer Host Based C++ Timer took 301 us
Iteration: 193
Timer Host Based C++ Timer took 304 us
Iteration: 194
Timer Host Based C++ Timer took 301 us
Iteration: 195
Timer Host Based C++ Timer took 302 us
Iteration: 196
Timer Host Based C++ Timer took 300 us
Iteration: 197
Timer Host Based C++ Timer took 302 us
Iteration: 198
Timer Host Based C++ Timer took 304 us
Iteration: 199
Timer Host Based C++ Timer took 295 us
Iteration: 200
Timer Host Based C++ Timer took 305 us
Iteration: 201
Timer Host Based C++ Timer took 308 us
Iteration: 202
Timer Host Based C++ Timer took 303 us
Iteration: 203
Timer Host Based C++ Timer took 306 us
Iteration: 204
Timer Host Based C++ Timer took 304 us
Iteration: 205
Timer Host Based C++ Timer took 297 us
Iteration: 206
Timer Host Based C++ Timer took 310 us
Iteration: 207
Timer Host Based C++ Timer took 299 us
Iteration: 208
Timer Host Based C++ Timer took 329 us
Iteration: 209
Timer Host Based C++ Timer took 312 us
Iteration: 210
Timer Host Based C++ Timer took 303 us
Iteration: 211
Timer Host Based C++ Timer took 308 us
Iteration: 212
Timer Host Based C++ Timer took 304 us
Iteration: 213
Timer Host Based C++ Timer took 299 us
Iteration: 214
Timer Host Based C++ Timer took 302 us
Iteration: 215
Timer Host Based C++ Timer took 301 us
Iteration: 216
Timer Host Based C++ Timer took 305 us
Iteration: 217
Timer Host Based C++ Timer took 302 us
Iteration: 218
Timer Host Based C++ Timer took 299 us
Iteration: 219
Timer Host Based C++ Timer took 300 us
Iteration: 220
Timer Host Based C++ Timer took 303 us
Iteration: 221
Timer Host Based C++ Timer took 297 us
Iteration: 222
Timer Host Based C++ Timer took 304 us
Iteration: 223
Timer Host Based C++ Timer took 305 us
Iteration: 224
Timer Host Based C++ Timer took 305 us
Iteration: 225
Timer Host Based C++ Timer took 302 us
Iteration: 226
Timer Host Based C++ Timer took 305 us
Iteration: 227
Timer Host Based C++ Timer took 301 us
Iteration: 228
Timer Host Based C++ Timer took 303 us
Iteration: 229
Timer Host Based C++ Timer took 302 us
Iteration: 230
Timer Host Based C++ Timer took 304 us
Iteration: 231
Timer Host Based C++ Timer took 303 us
Iteration: 232
Timer Host Based C++ Timer took 300 us
Iteration: 233
Timer Host Based C++ Timer took 303 us
Iteration: 234
Timer Host Based C++ Timer took 305 us
Iteration: 235
Timer Host Based C++ Timer took 307 us
Iteration: 236
Timer Host Based C++ Timer took 302 us
Iteration: 237
Timer Host Based C++ Timer took 300 us
Iteration: 238
Timer Host Based C++ Timer took 310 us
Iteration: 239
Timer Host Based C++ Timer took 304 us
Iteration: 240
Timer Host Based C++ Timer took 300 us
Iteration: 241
Timer Host Based C++ Timer took 304 us
Iteration: 242
Timer Host Based C++ Timer took 305 us
Iteration: 243
Timer Host Based C++ Timer took 304 us
Iteration: 244
Timer Host Based C++ Timer took 301 us
Iteration: 245
Timer Host Based C++ Timer took 303 us
Iteration: 246
Timer Host Based C++ Timer took 306 us
Iteration: 247
Timer Host Based C++ Timer took 302 us
Iteration: 248
Timer Host Based C++ Timer took 294 us
Iteration: 249
Timer Host Based C++ Timer took 302 us
Iteration: 250
Timer Host Based C++ Timer took 299 us
Iteration: 251
Timer Host Based C++ Timer took 302 us
Iteration: 252
Timer Host Based C++ Timer took 304 us
Iteration: 253
Timer Host Based C++ Timer took 301 us
Iteration: 254
Timer Host Based C++ Timer took 303 us
Iteration: 255
Timer Host Based C++ Timer took 302 us
Iteration: 256
Timer Host Based C++ Timer took 299 us
Iteration: 257
Timer Host Based C++ Timer took 297 us
Iteration: 258
Timer Host Based C++ Timer took 301 us
Iteration: 259
Timer Host Based C++ Timer took 300 us
Iteration: 260
Timer Host Based C++ Timer took 299 us
Iteration: 261
Timer Host Based C++ Timer took 301 us
Iteration: 262
Timer Host Based C++ Timer took 302 us
Iteration: 263
Timer Host Based C++ Timer took 301 us
Iteration: 264
Timer Host Based C++ Timer took 299 us
Iteration: 265
Timer Host Based C++ Timer took 297 us
Iteration: 266
Timer Host Based C++ Timer took 301 us
Iteration: 267
Timer Host Based C++ Timer took 306 us
Iteration: 268
Timer Host Based C++ Timer took 304 us
Iteration: 269
Timer Host Based C++ Timer took 303 us
Iteration: 270
Timer Host Based C++ Timer took 302 us
Iteration: 271
Timer Host Based C++ Timer took 301 us
Iteration: 272
Timer Host Based C++ Timer took 302 us
Iteration: 273
Timer Host Based C++ Timer took 302 us
Iteration: 274
Timer Host Based C++ Timer took 304 us
Iteration: 275
Timer Host Based C++ Timer took 300 us
Iteration: 276
Timer Host Based C++ Timer took 303 us
Iteration: 277
Timer Host Based C++ Timer took 301 us
Iteration: 278
Timer Host Based C++ Timer took 302 us
Iteration: 279
Timer Host Based C++ Timer took 304 us
Iteration: 280
Timer Host Based C++ Timer took 304 us
Iteration: 281
Timer Host Based C++ Timer took 301 us
Iteration: 282
Timer Host Based C++ Timer took 303 us
Iteration: 283
Timer Host Based C++ Timer took 300 us
Iteration: 284
Timer Host Based C++ Timer took 304 us
Iteration: 285
Timer Host Based C++ Timer took 300 us
Iteration: 286
Timer Host Based C++ Timer took 300 us
Iteration: 287
Timer Host Based C++ Timer took 298 us
Iteration: 288
Timer Host Based C++ Timer took 303 us
Iteration: 289
Timer Host Based C++ Timer took 302 us
Iteration: 290
Timer Host Based C++ Timer took 307 us
Iteration: 291
Timer Host Based C++ Timer took 302 us
Iteration: 292
Timer Host Based C++ Timer took 301 us
Iteration: 293
Timer Host Based C++ Timer took 300 us
Iteration: 294
Timer Host Based C++ Timer took 305 us
Iteration: 295
Timer Host Based C++ Timer took 304 us
Iteration: 296
Timer Host Based C++ Timer took 300 us
Iteration: 297
Timer Host Based C++ Timer took 301 us
Iteration: 298
Timer Host Based C++ Timer took 303 us
Iteration: 299
Timer Host Based C++ Timer took 299 us
Iteration: 300
Timer Host Based C++ Timer took 304 us
Iteration: 301
Timer Host Based C++ Timer took 303 us
Iteration: 302
Timer Host Based C++ Timer took 299 us
Iteration: 303
Timer Host Based C++ Timer took 301 us
Iteration: 304
Timer Host Based C++ Timer took 303 us
Iteration: 305
Timer Host Based C++ Timer took 298 us
Iteration: 306
Timer Host Based C++ Timer took 307 us
Iteration: 307
Timer Host Based C++ Timer took 305 us
Iteration: 308
Timer Host Based C++ Timer took 303 us
Iteration: 309
Timer Host Based C++ Timer took 298 us
Iteration: 310
Timer Host Based C++ Timer took 306 us
Iteration: 311
Timer Host Based C++ Timer took 300 us
Iteration: 312
Timer Host Based C++ Timer took 299 us
Iteration: 313
Timer Host Based C++ Timer took 301 us
Iteration: 314
Timer Host Based C++ Timer took 300 us
Iteration: 315
Timer Host Based C++ Timer took 297 us
Iteration: 316
Timer Host Based C++ Timer took 304 us
Iteration: 317
Timer Host Based C++ Timer took 302 us
Iteration: 318
Timer Host Based C++ Timer took 301 us
Iteration: 319
Timer Host Based C++ Timer took 304 us
Iteration: 320
Timer Host Based C++ Timer took 305 us
Iteration: 321
Timer Host Based C++ Timer took 322 us
Iteration: 322
Timer Host Based C++ Timer took 303 us
Iteration: 323
Timer Host Based C++ Timer took 298 us
Iteration: 324
Timer Host Based C++ Timer took 303 us
Iteration: 325
Timer Host Based C++ Timer took 305 us
Iteration: 326
Timer Host Based C++ Timer took 292 us
Iteration: 327
Timer Host Based C++ Timer took 296 us
Iteration: 328
Timer Host Based C++ Timer took 305 us
Iteration: 329
Timer Host Based C++ Timer took 300 us
Iteration: 330
Timer Host Based C++ Timer took 305 us
Iteration: 331
Timer Host Based C++ Timer took 300 us
Iteration: 332
Timer Host Based C++ Timer took 300 us
Iteration: 333
Timer Host Based C++ Timer took 303 us
Iteration: 334
Timer Host Based C++ Timer took 304 us
Iteration: 335
Timer Host Based C++ Timer took 301 us
Iteration: 336
Timer Host Based C++ Timer took 300 us
Iteration: 337
Timer Host Based C++ Timer took 294 us
Iteration: 338
Timer Host Based C++ Timer took 303 us
Iteration: 339
Timer Host Based C++ Timer took 300 us
Iteration: 340
Timer Host Based C++ Timer took 301 us
Iteration: 341
Timer Host Based C++ Timer took 293 us
Iteration: 342
Timer Host Based C++ Timer took 300 us
Iteration: 343
Timer Host Based C++ Timer took 298 us
Iteration: 344
Timer Host Based C++ Timer took 298 us
Iteration: 345
Timer Host Based C++ Timer took 298 us
Iteration: 346
Timer Host Based C++ Timer took 297 us
Iteration: 347
Timer Host Based C++ Timer took 299 us
Iteration: 348
Timer Host Based C++ Timer took 302 us
Iteration: 349
Timer Host Based C++ Timer took 298 us
Iteration: 350
Timer Host Based C++ Timer took 300 us
Iteration: 351
Timer Host Based C++ Timer took 300 us
Iteration: 352
Timer Host Based C++ Timer took 308 us
Iteration: 353
Timer Host Based C++ Timer took 302 us
Iteration: 354
Timer Host Based C++ Timer took 299 us
Iteration: 355
Timer Host Based C++ Timer took 297 us
Iteration: 356
Timer Host Based C++ Timer took 296 us
Iteration: 357
Timer Host Based C++ Timer took 298 us
Iteration: 358
Timer Host Based C++ Timer took 305 us
Iteration: 359
Timer Host Based C++ Timer took 303 us
Iteration: 360
Timer Host Based C++ Timer took 301 us
Iteration: 361
Timer Host Based C++ Timer took 298 us
Iteration: 362
Timer Host Based C++ Timer took 302 us
Iteration: 363
Timer Host Based C++ Timer took 298 us
Iteration: 364
Timer Host Based C++ Timer took 302 us
Iteration: 365
Timer Host Based C++ Timer took 301 us
Iteration: 366
Timer Host Based C++ Timer took 302 us
Iteration: 367
Timer Host Based C++ Timer took 303 us
Iteration: 368
Timer Host Based C++ Timer took 304 us
Iteration: 369
Timer Host Based C++ Timer took 298 us
Iteration: 370
Timer Host Based C++ Timer took 300 us
Iteration: 371
Timer Host Based C++ Timer took 296 us
Iteration: 372
Timer Host Based C++ Timer took 300 us
Iteration: 373
Timer Host Based C++ Timer took 301 us
Iteration: 374
Timer Host Based C++ Timer took 299 us
Iteration: 375
Timer Host Based C++ Timer took 303 us
Iteration: 376
Timer Host Based C++ Timer took 297 us
Iteration: 377
Timer Host Based C++ Timer took 301 us
Iteration: 378
Timer Host Based C++ Timer took 307 us
Iteration: 379
Timer Host Based C++ Timer took 303 us
Iteration: 380
Timer Host Based C++ Timer took 304 us
Iteration: 381
Timer Host Based C++ Timer took 295 us
Iteration: 382
Timer Host Based C++ Timer took 298 us
Iteration: 383
Timer Host Based C++ Timer took 298 us
Iteration: 384
Timer Host Based C++ Timer took 304 us
Iteration: 385
Timer Host Based C++ Timer took 299 us
Iteration: 386
Timer Host Based C++ Timer took 303 us
Iteration: 387
Timer Host Based C++ Timer took 295 us
Iteration: 388
Timer Host Based C++ Timer took 296 us
Iteration: 389
Timer Host Based C++ Timer took 303 us
Iteration: 390
Timer Host Based C++ Timer took 302 us
Iteration: 391
Timer Host Based C++ Timer took 298 us
Iteration: 392
Timer Host Based C++ Timer took 298 us
Iteration: 393
Timer Host Based C++ Timer took 298 us
Iteration: 394
Timer Host Based C++ Timer took 307 us
Iteration: 395
Timer Host Based C++ Timer took 300 us
Iteration: 396
Timer Host Based C++ Timer took 306 us
Iteration: 397
Timer Host Based C++ Timer took 301 us
Iteration: 398
Timer Host Based C++ Timer took 301 us
Iteration: 399
Timer Host Based C++ Timer took 298 us
Iteration: 400
Timer Host Based C++ Timer took 305 us
Iteration: 401
Timer Host Based C++ Timer took 299 us
Iteration: 402
Timer Host Based C++ Timer took 304 us
Iteration: 403
Timer Host Based C++ Timer took 297 us
Iteration: 404
Timer Host Based C++ Timer took 300 us
Iteration: 405
Timer Host Based C++ Timer took 291 us
Iteration: 406
Timer Host Based C++ Timer took 302 us
Iteration: 407
Timer Host Based C++ Timer took 294 us
Iteration: 408
Timer Host Based C++ Timer took 301 us
Iteration: 409
Timer Host Based C++ Timer took 297 us
Iteration: 410
Timer Host Based C++ Timer took 299 us
Iteration: 411
Timer Host Based C++ Timer took 298 us
Iteration: 412
Timer Host Based C++ Timer took 305 us
Iteration: 413
Timer Host Based C++ Timer took 298 us
Iteration: 414
Timer Host Based C++ Timer took 300 us
Iteration: 415
Timer Host Based C++ Timer took 297 us
Iteration: 416
Timer Host Based C++ Timer took 302 us
Iteration: 417
Timer Host Based C++ Timer took 295 us
Iteration: 418
Timer Host Based C++ Timer took 298 us
Iteration: 419
Timer Host Based C++ Timer took 297 us
Iteration: 420
Timer Host Based C++ Timer took 304 us
Iteration: 421
Timer Host Based C++ Timer took 301 us
Iteration: 422
Timer Host Based C++ Timer took 301 us
Iteration: 423
Timer Host Based C++ Timer took 296 us
Iteration: 424
Timer Host Based C++ Timer took 296 us
Iteration: 425
Timer Host Based C++ Timer took 298 us
Iteration: 426
Timer Host Based C++ Timer took 296 us
Iteration: 427
Timer Host Based C++ Timer took 300 us
Iteration: 428
Timer Host Based C++ Timer took 303 us
Iteration: 429
Timer Host Based C++ Timer took 299 us
Iteration: 430
Timer Host Based C++ Timer took 295 us
Iteration: 431
Timer Host Based C++ Timer took 301 us
Iteration: 432
Timer Host Based C++ Timer took 298 us
Iteration: 433
Timer Host Based C++ Timer took 297 us
Iteration: 434
Timer Host Based C++ Timer took 302 us
Iteration: 435
Timer Host Based C++ Timer took 301 us
Iteration: 436
Timer Host Based C++ Timer took 303 us
Iteration: 437
Timer Host Based C++ Timer took 295 us
Iteration: 438
Timer Host Based C++ Timer took 302 us
Iteration: 439
Timer Host Based C++ Timer took 297 us
Iteration: 440
Timer Host Based C++ Timer took 298 us
Iteration: 441
Timer Host Based C++ Timer took 296 us
Iteration: 442
Timer Host Based C++ Timer took 303 us
Iteration: 443
Timer Host Based C++ Timer took 298 us
Iteration: 444
Timer Host Based C++ Timer took 300 us
Iteration: 445
Timer Host Based C++ Timer took 299 us
Iteration: 446
Timer Host Based C++ Timer took 306 us
Iteration: 447
Timer Host Based C++ Timer took 300 us
Iteration: 448
Timer Host Based C++ Timer took 294 us
Iteration: 449
Timer Host Based C++ Timer took 303 us
Iteration: 450
Timer Host Based C++ Timer took 299 us
Iteration: 451
Timer Host Based C++ Timer took 299 us
Iteration: 452
Timer Host Based C++ Timer took 303 us
Iteration: 453
Timer Host Based C++ Timer took 296 us
Iteration: 454
Timer Host Based C++ Timer took 303 us
Iteration: 455
Timer Host Based C++ Timer took 296 us
Iteration: 456
Timer Host Based C++ Timer took 301 us
Iteration: 457
Timer Host Based C++ Timer took 296 us
Iteration: 458
Timer Host Based C++ Timer took 300 us
Iteration: 459
Timer Host Based C++ Timer took 292 us
Iteration: 460
Timer Host Based C++ Timer took 298 us
Iteration: 461
Timer Host Based C++ Timer took 300 us
Iteration: 462
Timer Host Based C++ Timer took 299 us
Iteration: 463
Timer Host Based C++ Timer took 302 us
Iteration: 464
Timer Host Based C++ Timer took 308 us
Iteration: 465
Timer Host Based C++ Timer took 296 us
Iteration: 466
Timer Host Based C++ Timer took 302 us
Iteration: 467
Timer Host Based C++ Timer took 299 us
Iteration: 468
Timer Host Based C++ Timer took 304 us
Iteration: 469
Timer Host Based C++ Timer took 294 us
Iteration: 470
Timer Host Based C++ Timer took 303 us
Iteration: 471
Timer Host Based C++ Timer took 300 us
Iteration: 472
Timer Host Based C++ Timer took 298 us
Iteration: 473
Timer Host Based C++ Timer took 295 us
Iteration: 474
Timer Host Based C++ Timer took 293 us
Iteration: 475
Timer Host Based C++ Timer took 297 us
Iteration: 476
Timer Host Based C++ Timer took 299 us
Iteration: 477
Timer Host Based C++ Timer took 297 us
Iteration: 478
Timer Host Based C++ Timer took 302 us
Iteration: 479
Timer Host Based C++ Timer took 294 us
Iteration: 480
Timer Host Based C++ Timer took 301 us
Iteration: 481
Timer Host Based C++ Timer took 298 us
Iteration: 482
Timer Host Based C++ Timer took 300 us
Iteration: 483
Timer Host Based C++ Timer took 302 us
Iteration: 484
Timer Host Based C++ Timer took 299 us
Iteration: 485
Timer Host Based C++ Timer took 296 us
Iteration: 486
Timer Host Based C++ Timer took 300 us
Iteration: 487
Timer Host Based C++ Timer took 299 us
Iteration: 488
Timer Host Based C++ Timer took 294 us
Iteration: 489
Timer Host Based C++ Timer took 292 us
Iteration: 490
Timer Host Based C++ Timer took 301 us
Iteration: 491
Timer Host Based C++ Timer took 299 us
Iteration: 492
Timer Host Based C++ Timer took 303 us
Iteration: 493
Timer Host Based C++ Timer took 301 us
Iteration: 494
Timer Host Based C++ Timer took 302 us
Iteration: 495
Timer Host Based C++ Timer took 294 us
Iteration: 496
Timer Host Based C++ Timer took 296 us
Iteration: 497
Timer Host Based C++ Timer took 296 us
Iteration: 498
Timer Host Based C++ Timer took 295 us
Iteration: 499
Timer Host Based C++ Timer took 301 us
Iteration: 500
Timer Host Based C++ Timer took 302 us
Iteration: 501
Timer Host Based C++ Timer took 300 us
Iteration: 502
Timer Host Based C++ Timer took 300 us
Iteration: 503
Timer Host Based C++ Timer took 296 us
Iteration: 504
Timer Host Based C++ Timer took 298 us
Iteration: 505
Timer Host Based C++ Timer took 293 us
Iteration: 506
Timer Host Based C++ Timer took 295 us
Iteration: 507
Timer Host Based C++ Timer took 302 us
Iteration: 508
Timer Host Based C++ Timer took 294 us
Iteration: 509
Timer Host Based C++ Timer took 295 us
Iteration: 510
Timer Host Based C++ Timer took 299 us
Iteration: 511
Timer Host Based C++ Timer took 307 us
Iteration: 512
Timer Host Based C++ Timer took 296 us
Iteration: 513
Timer Host Based C++ Timer took 295 us
Iteration: 514
Timer Host Based C++ Timer took 297 us
Iteration: 515
Timer Host Based C++ Timer took 296 us
Iteration: 516
Timer Host Based C++ Timer took 296 us
Iteration: 517
Timer Host Based C++ Timer took 299 us
Iteration: 518
Timer Host Based C++ Timer took 299 us
Iteration: 519
Timer Host Based C++ Timer took 297 us
Iteration: 520
Timer Host Based C++ Timer took 303 us
Iteration: 521
Timer Host Based C++ Timer took 299 us
Iteration: 522
Timer Host Based C++ Timer took 297 us
Iteration: 523
Timer Host Based C++ Timer took 294 us
Iteration: 524
Timer Host Based C++ Timer took 297 us
Iteration: 525
Timer Host Based C++ Timer took 293 us
Iteration: 526
Timer Host Based C++ Timer took 296 us
Iteration: 527
Timer Host Based C++ Timer took 296 us
Iteration: 528
Timer Host Based C++ Timer took 296 us
Iteration: 529
Timer Host Based C++ Timer took 298 us
Iteration: 530
Timer Host Based C++ Timer took 296 us
Iteration: 531
Timer Host Based C++ Timer took 294 us
Iteration: 532
Timer Host Based C++ Timer took 300 us
Iteration: 533
Timer Host Based C++ Timer took 295 us
Iteration: 534
Timer Host Based C++ Timer took 298 us
Iteration: 535
Timer Host Based C++ Timer took 295 us
Iteration: 536
Timer Host Based C++ Timer took 299 us
Iteration: 537
Timer Host Based C++ Timer took 298 us
Iteration: 538
Timer Host Based C++ Timer took 297 us
Iteration: 539
Timer Host Based C++ Timer took 294 us
Iteration: 540
Timer Host Based C++ Timer took 300 us
Iteration: 541
Timer Host Based C++ Timer took 296 us
Iteration: 542
Timer Host Based C++ Timer took 295 us
Iteration: 543
Timer Host Based C++ Timer took 291 us
Iteration: 544
Timer Host Based C++ Timer took 295 us
Iteration: 545
Timer Host Based C++ Timer took 294 us
Iteration: 546
Timer Host Based C++ Timer took 296 us
Iteration: 547
Timer Host Based C++ Timer took 297 us
Iteration: 548
Timer Host Based C++ Timer took 300 us
Iteration: 549
Timer Host Based C++ Timer took 294 us
Iteration: 550
Timer Host Based C++ Timer took 300 us
Iteration: 551
Timer Host Based C++ Timer took 296 us
Iteration: 552
Timer Host Based C++ Timer took 297 us
Iteration: 553
Timer Host Based C++ Timer took 300 us
Iteration: 554
Timer Host Based C++ Timer took 296 us
Iteration: 555
Timer Host Based C++ Timer took 296 us
Iteration: 556
Timer Host Based C++ Timer took 302 us
Iteration: 557
Timer Host Based C++ Timer took 295 us
Iteration: 558
Timer Host Based C++ Timer took 299 us
Iteration: 559
Timer Host Based C++ Timer took 295 us
Iteration: 560
Timer Host Based C++ Timer took 296 us
Iteration: 561
Timer Host Based C++ Timer took 294 us
Iteration: 562
Timer Host Based C++ Timer took 295 us
Iteration: 563
Timer Host Based C++ Timer took 299 us
Iteration: 564
Timer Host Based C++ Timer took 299 us
Iteration: 565
Timer Host Based C++ Timer took 294 us
Iteration: 566
Timer Host Based C++ Timer took 300 us
Iteration: 567
Timer Host Based C++ Timer took 294 us
Iteration: 568
Timer Host Based C++ Timer took 302 us
Iteration: 569
Timer Host Based C++ Timer took 295 us
Iteration: 570
Timer Host Based C++ Timer took 297 us
Iteration: 571
Timer Host Based C++ Timer took 295 us
Iteration: 572
Timer Host Based C++ Timer took 297 us
Iteration: 573
Timer Host Based C++ Timer took 297 us
Iteration: 574
Timer Host Based C++ Timer took 297 us
Iteration: 575
Timer Host Based C++ Timer took 296 us
Iteration: 576
Timer Host Based C++ Timer took 300 us
Iteration: 577
Timer Host Based C++ Timer took 296 us
Iteration: 578
Timer Host Based C++ Timer took 297 us
Iteration: 579
Timer Host Based C++ Timer took 297 us
Iteration: 580
Timer Host Based C++ Timer took 296 us
Iteration: 581
Timer Host Based C++ Timer took 295 us
Iteration: 582
Timer Host Based C++ Timer took 297 us
Iteration: 583
Timer Host Based C++ Timer took 298 us
Iteration: 584
Timer Host Based C++ Timer took 297 us
Iteration: 585
Timer Host Based C++ Timer took 298 us
Iteration: 586
Timer Host Based C++ Timer took 298 us
Iteration: 587
Timer Host Based C++ Timer took 297 us
Iteration: 588
Timer Host Based C++ Timer took 301 us
Iteration: 589
Timer Host Based C++ Timer took 296 us
Iteration: 590
Timer Host Based C++ Timer took 295 us
Iteration: 591
Timer Host Based C++ Timer took 295 us
Iteration: 592
Timer Host Based C++ Timer took 294 us
Iteration: 593
Timer Host Based C++ Timer took 298 us
Iteration: 594
Timer Host Based C++ Timer took 296 us
Iteration: 595
Timer Host Based C++ Timer took 299 us
Iteration: 596
Timer Host Based C++ Timer took 297 us
Iteration: 597
Timer Host Based C++ Timer took 295 us
Iteration: 598
Timer Host Based C++ Timer took 296 us
Iteration: 599
Timer Host Based C++ Timer took 293 us
Iteration: 600
Timer Host Based C++ Timer took 302 us
Iteration: 601
Timer Host Based C++ Timer took 297 us
Iteration: 602
Timer Host Based C++ Timer took 297 us
Iteration: 603
Timer Host Based C++ Timer took 295 us
Iteration: 604
Timer Host Based C++ Timer took 297 us
Iteration: 605
Timer Host Based C++ Timer took 298 us
Iteration: 606
Timer Host Based C++ Timer took 297 us
Iteration: 607
Timer Host Based C++ Timer took 296 us
Iteration: 608
Timer Host Based C++ Timer took 298 us
Iteration: 609
Timer Host Based C++ Timer took 294 us
Iteration: 610
Timer Host Based C++ Timer took 301 us
Iteration: 611
Timer Host Based C++ Timer took 294 us
Iteration: 612
Timer Host Based C++ Timer took 295 us
Iteration: 613
Timer Host Based C++ Timer took 294 us
Iteration: 614
Timer Host Based C++ Timer took 301 us
Iteration: 615
Timer Host Based C++ Timer took 296 us
Iteration: 616
Timer Host Based C++ Timer took 298 us
Iteration: 617
Timer Host Based C++ Timer took 295 us
Iteration: 618
Timer Host Based C++ Timer took 296 us
Iteration: 619
Timer Host Based C++ Timer took 293 us
Iteration: 620
Timer Host Based C++ Timer took 298 us
Iteration: 621
Timer Host Based C++ Timer took 291 us
Iteration: 622
Timer Host Based C++ Timer took 295 us
Iteration: 623
Timer Host Based C++ Timer took 298 us
Iteration: 624
Timer Host Based C++ Timer took 299 us
Iteration: 625
Timer Host Based C++ Timer took 291 us
Iteration: 626
Timer Host Based C++ Timer took 296 us
Iteration: 627
Timer Host Based C++ Timer took 297 us
Iteration: 628
Timer Host Based C++ Timer took 299 us
Iteration: 629
Timer Host Based C++ Timer took 292 us
Iteration: 630
Timer Host Based C++ Timer took 297 us
Iteration: 631
Timer Host Based C++ Timer took 296 us
Iteration: 632
Timer Host Based C++ Timer took 298 us
Iteration: 633
Timer Host Based C++ Timer took 291 us
Iteration: 634
Timer Host Based C++ Timer took 296 us
Iteration: 635
Timer Host Based C++ Timer took 297 us
Iteration: 636
Timer Host Based C++ Timer took 297 us
Iteration: 637
Timer Host Based C++ Timer took 295 us
Iteration: 638
Timer Host Based C++ Timer took 297 us
Iteration: 639
Timer Host Based C++ Timer took 296 us
Iteration: 640
Timer Host Based C++ Timer took 296 us
Iteration: 641
Timer Host Based C++ Timer took 298 us
Iteration: 642
Timer Host Based C++ Timer took 297 us
Iteration: 643
Timer Host Based C++ Timer took 297 us
Iteration: 644
Timer Host Based C++ Timer took 299 us
Iteration: 645
Timer Host Based C++ Timer took 296 us
Iteration: 646
Timer Host Based C++ Timer took 296 us
Iteration: 647
Timer Host Based C++ Timer took 293 us
Iteration: 648
Timer Host Based C++ Timer took 296 us
Iteration: 649
Timer Host Based C++ Timer took 292 us
Iteration: 650
Timer Host Based C++ Timer took 295 us
Iteration: 651
Timer Host Based C++ Timer took 294 us
Iteration: 652
Timer Host Based C++ Timer took 301 us
Iteration: 653
Timer Host Based C++ Timer took 296 us
Iteration: 654
Timer Host Based C++ Timer took 298 us
Iteration: 655
Timer Host Based C++ Timer took 294 us
Iteration: 656
Timer Host Based C++ Timer took 295 us
Iteration: 657
Timer Host Based C++ Timer took 294 us
Iteration: 658
Timer Host Based C++ Timer took 295 us
Iteration: 659
Timer Host Based C++ Timer took 299 us
Iteration: 660
Timer Host Based C++ Timer took 298 us
Iteration: 661
Timer Host Based C++ Timer took 297 us
Iteration: 662
Timer Host Based C++ Timer took 298 us
Iteration: 663
Timer Host Based C++ Timer took 297 us
Iteration: 664
Timer Host Based C++ Timer took 299 us
Iteration: 665
Timer Host Based C++ Timer took 299 us
Iteration: 666
Timer Host Based C++ Timer took 298 us
Iteration: 667
Timer Host Based C++ Timer took 295 us
Iteration: 668
Timer Host Based C++ Timer took 293 us
Iteration: 669
Timer Host Based C++ Timer took 293 us
Iteration: 670
Timer Host Based C++ Timer took 297 us
Iteration: 671
Timer Host Based C++ Timer took 297 us
Iteration: 672
Timer Host Based C++ Timer took 297 us
Iteration: 673
Timer Host Based C++ Timer took 293 us
Iteration: 674
Timer Host Based C++ Timer took 299 us
Iteration: 675
Timer Host Based C++ Timer took 295 us
Iteration: 676
Timer Host Based C++ Timer took 299 us
Iteration: 677
Timer Host Based C++ Timer took 293 us
Iteration: 678
Timer Host Based C++ Timer took 297 us
Iteration: 679
Timer Host Based C++ Timer took 298 us
Iteration: 680
Timer Host Based C++ Timer took 295 us
Iteration: 681
Timer Host Based C++ Timer took 295 us
Iteration: 682
Timer Host Based C++ Timer took 294 us
Iteration: 683
Timer Host Based C++ Timer took 294 us
Iteration: 684
Timer Host Based C++ Timer took 298 us
Iteration: 685
Timer Host Based C++ Timer took 296 us
Iteration: 686
Timer Host Based C++ Timer took 294 us
Iteration: 687
Timer Host Based C++ Timer took 295 us
Iteration: 688
Timer Host Based C++ Timer took 300 us
Iteration: 689
Timer Host Based C++ Timer took 298 us
Iteration: 690
Timer Host Based C++ Timer took 299 us
Iteration: 691
Timer Host Based C++ Timer took 292 us
Iteration: 692
Timer Host Based C++ Timer took 296 us
Iteration: 693
Timer Host Based C++ Timer took 293 us
Iteration: 694
Timer Host Based C++ Timer took 294 us
Iteration: 695
Timer Host Based C++ Timer took 296 us
Iteration: 696
Timer Host Based C++ Timer took 295 us
Iteration: 697
Timer Host Based C++ Timer took 296 us
Iteration: 698
Timer Host Based C++ Timer took 296 us
Iteration: 699
Timer Host Based C++ Timer took 297 us
Iteration: 700
Timer Host Based C++ Timer took 298 us
Iteration: 701
Timer Host Based C++ Timer took 297 us
Iteration: 702
Timer Host Based C++ Timer took 294 us
Iteration: 703
Timer Host Based C++ Timer took 291 us
Iteration: 704
Timer Host Based C++ Timer took 295 us
Iteration: 705
Timer Host Based C++ Timer took 295 us
Iteration: 706
Timer Host Based C++ Timer took 298 us
Iteration: 707
Timer Host Based C++ Timer took 295 us
Iteration: 708
Timer Host Based C++ Timer took 298 us
Iteration: 709
Timer Host Based C++ Timer took 295 us
Iteration: 710
Timer Host Based C++ Timer took 300 us
Iteration: 711
Timer Host Based C++ Timer took 294 us
Iteration: 712
Timer Host Based C++ Timer took 298 us
Iteration: 713
Timer Host Based C++ Timer took 296 us
Iteration: 714
Timer Host Based C++ Timer took 295 us
Iteration: 715
Timer Host Based C++ Timer took 299 us
Iteration: 716
Timer Host Based C++ Timer took 299 us
Iteration: 717
Timer Host Based C++ Timer took 296 us
Iteration: 718
Timer Host Based C++ Timer took 292 us
Iteration: 719
Timer Host Based C++ Timer took 298 us
Iteration: 720
Timer Host Based C++ Timer took 303 us
Iteration: 721
Timer Host Based C++ Timer took 297 us
Iteration: 722
Timer Host Based C++ Timer took 295 us
Iteration: 723
Timer Host Based C++ Timer took 295 us
Iteration: 724
Timer Host Based C++ Timer took 296 us
Iteration: 725
Timer Host Based C++ Timer took 294 us
Iteration: 726
Timer Host Based C++ Timer took 295 us
Iteration: 727
Timer Host Based C++ Timer took 296 us
Iteration: 728
Timer Host Based C++ Timer took 295 us
Iteration: 729
Timer Host Based C++ Timer took 294 us
Iteration: 730
Timer Host Based C++ Timer took 291 us
Iteration: 731
Timer Host Based C++ Timer took 296 us
Iteration: 732
Timer Host Based C++ Timer took 296 us
Iteration: 733
Timer Host Based C++ Timer took 294 us
Iteration: 734
Timer Host Based C++ Timer took 301 us
Iteration: 735
Timer Host Based C++ Timer took 295 us
Iteration: 736
Timer Host Based C++ Timer took 294 us
Iteration: 737
Timer Host Based C++ Timer took 293 us
Iteration: 738
Timer Host Based C++ Timer took 298 us
Iteration: 739
Timer Host Based C++ Timer took 295 us
Iteration: 740
Timer Host Based C++ Timer took 294 us
Iteration: 741
Timer Host Based C++ Timer took 298 us
Iteration: 742
Timer Host Based C++ Timer took 295 us
Iteration: 743
Timer Host Based C++ Timer took 295 us
Iteration: 744
Timer Host Based C++ Timer took 301 us
Iteration: 745
Timer Host Based C++ Timer took 297 us
Iteration: 746
Timer Host Based C++ Timer took 292 us
Iteration: 747
Timer Host Based C++ Timer took 295 us
Iteration: 748
Timer Host Based C++ Timer took 296 us
Iteration: 749
Timer Host Based C++ Timer took 296 us
Iteration: 750
Timer Host Based C++ Timer took 301 us
Iteration: 751
Timer Host Based C++ Timer took 294 us
Iteration: 752
Timer Host Based C++ Timer took 297 us
Iteration: 753
Timer Host Based C++ Timer took 298 us
Iteration: 754
Timer Host Based C++ Timer took 301 us
Iteration: 755
Timer Host Based C++ Timer took 293 us
Iteration: 756
Timer Host Based C++ Timer took 302 us
Iteration: 757
Timer Host Based C++ Timer took 294 us
Iteration: 758
Timer Host Based C++ Timer took 299 us
Iteration: 759
Timer Host Based C++ Timer took 296 us
Iteration: 760
Timer Host Based C++ Timer took 299 us
Iteration: 761
Timer Host Based C++ Timer took 293 us
Iteration: 762
Timer Host Based C++ Timer took 306 us
Iteration: 763
Timer Host Based C++ Timer took 298 us
Iteration: 764
Timer Host Based C++ Timer took 301 us
Iteration: 765
Timer Host Based C++ Timer took 293 us
Iteration: 766
Timer Host Based C++ Timer took 293 us
Iteration: 767
Timer Host Based C++ Timer took 300 us
Iteration: 768
Timer Host Based C++ Timer took 299 us
Iteration: 769
Timer Host Based C++ Timer took 299 us
Iteration: 770
Timer Host Based C++ Timer took 295 us
Iteration: 771
Timer Host Based C++ Timer took 296 us
Iteration: 772
Timer Host Based C++ Timer took 296 us
Iteration: 773
Timer Host Based C++ Timer took 298 us
Iteration: 774
Timer Host Based C++ Timer took 299 us
Iteration: 775
Timer Host Based C++ Timer took 297 us
Iteration: 776
Timer Host Based C++ Timer took 297 us
Iteration: 777
Timer Host Based C++ Timer took 300 us
Iteration: 778
Timer Host Based C++ Timer took 295 us
Iteration: 779
Timer Host Based C++ Timer took 301 us
Iteration: 780
Timer Host Based C++ Timer took 299 us
Iteration: 781
Timer Host Based C++ Timer took 299 us
Iteration: 782
Timer Host Based C++ Timer took 301 us
Iteration: 783
Timer Host Based C++ Timer took 298 us
Iteration: 784
Timer Host Based C++ Timer took 297 us
Iteration: 785
Timer Host Based C++ Timer took 301 us
Iteration: 786
Timer Host Based C++ Timer took 302 us
Iteration: 787
Timer Host Based C++ Timer took 295 us
Iteration: 788
Timer Host Based C++ Timer took 299 us
Iteration: 789
Timer Host Based C++ Timer took 300 us
Iteration: 790
Timer Host Based C++ Timer took 295 us
Iteration: 791
Timer Host Based C++ Timer took 296 us
Iteration: 792
Timer Host Based C++ Timer took 296 us
Iteration: 793
Timer Host Based C++ Timer took 298 us
Iteration: 794
Timer Host Based C++ Timer took 302 us
Iteration: 795
Timer Host Based C++ Timer took 294 us
Iteration: 796
Timer Host Based C++ Timer took 301 us
Iteration: 797
Timer Host Based C++ Timer took 298 us
Iteration: 798
Timer Host Based C++ Timer took 298 us
Iteration: 799
Timer Host Based C++ Timer took 296 us
Iteration: 800
Timer Host Based C++ Timer took 295 us
Iteration: 801
Timer Host Based C++ Timer took 294 us
Iteration: 802
Timer Host Based C++ Timer took 300 us
Iteration: 803
Timer Host Based C++ Timer took 298 us
Iteration: 804
Timer Host Based C++ Timer took 302 us
Iteration: 805
Timer Host Based C++ Timer took 297 us
Iteration: 806
Timer Host Based C++ Timer took 300 us
Iteration: 807
Timer Host Based C++ Timer took 300 us
Iteration: 808
Timer Host Based C++ Timer took 297 us
Iteration: 809
Timer Host Based C++ Timer took 294 us
Iteration: 810
Timer Host Based C++ Timer took 298 us
Iteration: 811
Timer Host Based C++ Timer took 298 us
Iteration: 812
Timer Host Based C++ Timer took 297 us
Iteration: 813
Timer Host Based C++ Timer took 297 us
Iteration: 814
Timer Host Based C++ Timer took 297 us
Iteration: 815
Timer Host Based C++ Timer took 294 us
Iteration: 816
Timer Host Based C++ Timer took 292 us
Iteration: 817
Timer Host Based C++ Timer took 293 us
Iteration: 818
Timer Host Based C++ Timer took 297 us
Iteration: 819
Timer Host Based C++ Timer took 293 us
Iteration: 820
Timer Host Based C++ Timer took 301 us
Iteration: 821
Timer Host Based C++ Timer took 296 us
Iteration: 822
Timer Host Based C++ Timer took 298 us
Iteration: 823
Timer Host Based C++ Timer took 297 us
Iteration: 824
Timer Host Based C++ Timer took 301 us
Iteration: 825
Timer Host Based C++ Timer took 295 us
Iteration: 826
Timer Host Based C++ Timer took 298 us
Iteration: 827
Timer Host Based C++ Timer took 297 us
Iteration: 828
Timer Host Based C++ Timer took 297 us
Iteration: 829
Timer Host Based C++ Timer took 293 us
Iteration: 830
Timer Host Based C++ Timer took 295 us
Iteration: 831
Timer Host Based C++ Timer took 297 us
Iteration: 832
Timer Host Based C++ Timer took 298 us
Iteration: 833
Timer Host Based C++ Timer took 303 us
Iteration: 834
Timer Host Based C++ Timer took 297 us
Iteration: 835
Timer Host Based C++ Timer took 299 us
Iteration: 836
Timer Host Based C++ Timer took 303 us
Iteration: 837
Timer Host Based C++ Timer took 301 us
Iteration: 838
Timer Host Based C++ Timer took 295 us
Iteration: 839
Timer Host Based C++ Timer took 296 us
Iteration: 840
Timer Host Based C++ Timer took 302 us
Iteration: 841
Timer Host Based C++ Timer took 300 us
Iteration: 842
Timer Host Based C++ Timer took 297 us
Iteration: 843
Timer Host Based C++ Timer took 298 us
Iteration: 844
Timer Host Based C++ Timer took 301 us
Iteration: 845
Timer Host Based C++ Timer took 296 us
Iteration: 846
Timer Host Based C++ Timer took 299 us
Iteration: 847
Timer Host Based C++ Timer took 300 us
Iteration: 848
Timer Host Based C++ Timer took 297 us
Iteration: 849
Timer Host Based C++ Timer took 299 us
Iteration: 850
Timer Host Based C++ Timer took 294 us
Iteration: 851
Timer Host Based C++ Timer took 300 us
Iteration: 852
Timer Host Based C++ Timer took 294 us
Iteration: 853
Timer Host Based C++ Timer took 296 us
Iteration: 854
Timer Host Based C++ Timer took 300 us
Iteration: 855
Timer Host Based C++ Timer took 294 us
Iteration: 856
Timer Host Based C++ Timer took 295 us
Iteration: 857
Timer Host Based C++ Timer took 297 us
Iteration: 858
Timer Host Based C++ Timer took 296 us
Iteration: 859
Timer Host Based C++ Timer took 293 us
Iteration: 860
Timer Host Based C++ Timer took 296 us
Iteration: 861
Timer Host Based C++ Timer took 294 us
Iteration: 862
Timer Host Based C++ Timer took 303 us
Iteration: 863
Timer Host Based C++ Timer took 297 us
Iteration: 864
Timer Host Based C++ Timer took 293 us
Iteration: 865
Timer Host Based C++ Timer took 291 us
Iteration: 866
Timer Host Based C++ Timer took 303 us
Iteration: 867
Timer Host Based C++ Timer took 295 us
Iteration: 868
Timer Host Based C++ Timer took 296 us
Iteration: 869
Timer Host Based C++ Timer took 297 us
Iteration: 870
Timer Host Based C++ Timer took 295 us
Iteration: 871
Timer Host Based C++ Timer took 297 us
Iteration: 872
Timer Host Based C++ Timer took 304 us
Iteration: 873
Timer Host Based C++ Timer took 290 us
Iteration: 874
Timer Host Based C++ Timer took 299 us
Iteration: 875
Timer Host Based C++ Timer took 294 us
Iteration: 876
Timer Host Based C++ Timer took 300 us
Iteration: 877
Timer Host Based C++ Timer took 295 us
Iteration: 878
Timer Host Based C++ Timer took 301 us
Iteration: 879
Timer Host Based C++ Timer took 303 us
Iteration: 880
Timer Host Based C++ Timer took 301 us
Iteration: 881
Timer Host Based C++ Timer took 297 us
Iteration: 882
Timer Host Based C++ Timer took 299 us
Iteration: 883
Timer Host Based C++ Timer took 295 us
Iteration: 884
Timer Host Based C++ Timer took 299 us
Iteration: 885
Timer Host Based C++ Timer took 298 us
Iteration: 886
Timer Host Based C++ Timer took 298 us
Iteration: 887
Timer Host Based C++ Timer took 300 us
Iteration: 888
Timer Host Based C++ Timer took 292 us
Iteration: 889
Timer Host Based C++ Timer took 299 us
Iteration: 890
Timer Host Based C++ Timer took 298 us
Iteration: 891
Timer Host Based C++ Timer took 293 us
Iteration: 892
Timer Host Based C++ Timer took 299 us
Iteration: 893
Timer Host Based C++ Timer took 295 us
Iteration: 894
Timer Host Based C++ Timer took 302 us
Iteration: 895
Timer Host Based C++ Timer took 298 us
Iteration: 896
Timer Host Based C++ Timer took 298 us
Iteration: 897
Timer Host Based C++ Timer took 291 us
Iteration: 898
Timer Host Based C++ Timer took 295 us
Iteration: 899
Timer Host Based C++ Timer took 295 us
Iteration: 900
Timer Host Based C++ Timer took 292 us
Iteration: 901
Timer Host Based C++ Timer took 294 us
Iteration: 902
Timer Host Based C++ Timer took 303 us
Iteration: 903
Timer Host Based C++ Timer took 297 us
Iteration: 904
Timer Host Based C++ Timer took 293 us
Iteration: 905
Timer Host Based C++ Timer took 294 us
Iteration: 906
Timer Host Based C++ Timer took 298 us
Iteration: 907
Timer Host Based C++ Timer took 301 us
Iteration: 908
Timer Host Based C++ Timer took 299 us
Iteration: 909
Timer Host Based C++ Timer took 297 us
Iteration: 910
Timer Host Based C++ Timer took 299 us
Iteration: 911
Timer Host Based C++ Timer took 294 us
Iteration: 912
Timer Host Based C++ Timer took 298 us
Iteration: 913
Timer Host Based C++ Timer took 298 us
Iteration: 914
Timer Host Based C++ Timer took 298 us
Iteration: 915
Timer Host Based C++ Timer took 295 us
Iteration: 916
Timer Host Based C++ Timer took 299 us
Iteration: 917
Timer Host Based C++ Timer took 296 us
Iteration: 918
Timer Host Based C++ Timer took 302 us
Iteration: 919
Timer Host Based C++ Timer took 300 us
Iteration: 920
Timer Host Based C++ Timer took 302 us
Iteration: 921
Timer Host Based C++ Timer took 296 us
Iteration: 922
Timer Host Based C++ Timer took 300 us
Iteration: 923
Timer Host Based C++ Timer took 299 us
Iteration: 924
Timer Host Based C++ Timer took 303 us
Iteration: 925
Timer Host Based C++ Timer took 297 us
Iteration: 926
Timer Host Based C++ Timer took 302 us
Iteration: 927
Timer Host Based C++ Timer took 300 us
Iteration: 928
Timer Host Based C++ Timer took 300 us
Iteration: 929
Timer Host Based C++ Timer took 295 us
Iteration: 930
Timer Host Based C++ Timer took 297 us
Iteration: 931
Timer Host Based C++ Timer took 297 us
Iteration: 932
Timer Host Based C++ Timer took 298 us
Iteration: 933
Timer Host Based C++ Timer took 294 us
Iteration: 934
Timer Host Based C++ Timer took 300 us
Iteration: 935
Timer Host Based C++ Timer took 300 us
Iteration: 936
Timer Host Based C++ Timer took 293 us
Iteration: 937
Timer Host Based C++ Timer took 294 us
Iteration: 938
Timer Host Based C++ Timer took 299 us
Iteration: 939
Timer Host Based C++ Timer took 300 us
Iteration: 940
Timer Host Based C++ Timer took 295 us
Iteration: 941
Timer Host Based C++ Timer took 297 us
Iteration: 942
Timer Host Based C++ Timer took 297 us
Iteration: 943
Timer Host Based C++ Timer took 289 us
Iteration: 944
Timer Host Based C++ Timer took 302 us
Iteration: 945
Timer Host Based C++ Timer took 297 us
Iteration: 946
Timer Host Based C++ Timer took 296 us
Iteration: 947
Timer Host Based C++ Timer took 294 us
Iteration: 948
Timer Host Based C++ Timer took 299 us
Iteration: 949
Timer Host Based C++ Timer took 294 us
Iteration: 950
Timer Host Based C++ Timer took 301 us
Iteration: 951
Timer Host Based C++ Timer took 292 us
Iteration: 952
Timer Host Based C++ Timer took 299 us
Iteration: 953
Timer Host Based C++ Timer took 298 us
Iteration: 954
Timer Host Based C++ Timer took 303 us
Iteration: 955
Timer Host Based C++ Timer took 295 us
Iteration: 956
Timer Host Based C++ Timer took 298 us
Iteration: 957
Timer Host Based C++ Timer took 299 us
Iteration: 958
Timer Host Based C++ Timer took 294 us
Iteration: 959
Timer Host Based C++ Timer took 297 us
Iteration: 960
Timer Host Based C++ Timer took 294 us
Iteration: 961
Timer Host Based C++ Timer took 295 us
Iteration: 962
Timer Host Based C++ Timer took 301 us
Iteration: 963
Timer Host Based C++ Timer took 298 us
Iteration: 964
Timer Host Based C++ Timer took 297 us
Iteration: 965
Timer Host Based C++ Timer took 296 us
Iteration: 966
Timer Host Based C++ Timer took 299 us
Iteration: 967
Timer Host Based C++ Timer took 295 us
Iteration: 968
Timer Host Based C++ Timer took 299 us
Iteration: 969
Timer Host Based C++ Timer took 296 us
Iteration: 970
Timer Host Based C++ Timer took 299 us
Iteration: 971
Timer Host Based C++ Timer took 302 us
Iteration: 972
Timer Host Based C++ Timer took 298 us
Iteration: 973
Timer Host Based C++ Timer took 298 us
Iteration: 974
Timer Host Based C++ Timer took 304 us
Iteration: 975
Timer Host Based C++ Timer took 297 us
Iteration: 976
Timer Host Based C++ Timer took 297 us
Iteration: 977
Timer Host Based C++ Timer took 297 us
Iteration: 978
Timer Host Based C++ Timer took 296 us
Iteration: 979
Timer Host Based C++ Timer took 298 us
Iteration: 980
Timer Host Based C++ Timer took 294 us
Iteration: 981
Timer Host Based C++ Timer took 295 us
Iteration: 982
Timer Host Based C++ Timer took 297 us
Iteration: 983
Timer Host Based C++ Timer took 299 us
Iteration: 984
Timer Host Based C++ Timer took 299 us
Iteration: 985
Timer Host Based C++ Timer took 294 us
Iteration: 986
Timer Host Based C++ Timer took 296 us
Iteration: 987
Timer Host Based C++ Timer took 294 us
Iteration: 988
Timer Host Based C++ Timer took 297 us
Iteration: 989
Timer Host Based C++ Timer took 299 us
Iteration: 990
Timer Host Based C++ Timer took 297 us
Iteration: 991
Timer Host Based C++ Timer took 298 us
Iteration: 992
Timer Host Based C++ Timer took 299 us
Iteration: 993
Timer Host Based C++ Timer took 297 us
Iteration: 994
Timer Host Based C++ Timer took 301 us
Iteration: 995
Timer Host Based C++ Timer took 291 us
Iteration: 996
Timer Host Based C++ Timer took 297 us
Iteration: 997
Timer Host Based C++ Timer took 302 us
Iteration: 998
Timer Host Based C++ Timer took 295 us
Iteration: 999
Timer Host Based C++ Timer took 297 us
Step 519 done.
Writing to: "/capstor/scratch/cscs/ybudanaz/icon-artifacts/velocity/gotwant/data_nproma20480/global_data_519.got"
Writing to: "/capstor/scratch/cscs/ybudanaz/icon-artifacts/velocity/gotwant/data_nproma20480/global_data_519.want"
Writing to: "/capstor/scratch/cscs/ybudanaz/icon-artifacts/velocity/gotwant/data_nproma20480/p_diag_519.got"
Writing to: "/capstor/scratch/cscs/ybudanaz/icon-artifacts/velocity/gotwant/data_nproma20480/p_metrics_519.got"
Writing to: "/capstor/scratch/cscs/ybudanaz/icon-artifacts/velocity/gotwant/data_nproma20480/p_metrics_519.want"
Writing to: "/capstor/scratch/cscs/ybudanaz/icon-artifacts/velocity/gotwant/data_nproma20480/p_prog_519.got"
Writing to: "/capstor/scratch/cscs/ybudanaz/icon-artifacts/velocity/gotwant/data_nproma20480/p_diag_519.want"
Writing to: "/capstor/scratch/cscs/ybudanaz/icon-artifacts/velocity/gotwant/data_nproma20480/p_prog_519.want"
Writing to: "/capstor/scratch/cscs/ybudanaz/icon-artifacts/velocity/gotwant/data_nproma20480/z_kin_hor_e_519.got"
Writing to: "/capstor/scratch/cscs/ybudanaz/icon-artifacts/velocity/gotwant/data_nproma20480/z_vt_ie_519.got"
Writing to: "/capstor/scratch/cscs/ybudanaz/icon-artifacts/velocity/gotwant/data_nproma20480/z_kin_hor_e_519.want"
Writing to: "/capstor/scratch/cscs/ybudanaz/icon-artifacts/velocity/gotwant/data_nproma20480/z_w_concorr_me_519.got"
Writing to: "/capstor/scratch/cscs/ybudanaz/icon-artifacts/velocity/gotwant/data_nproma20480/z_vt_ie_519.want"
Writing to: "/capstor/scratch/cscs/ybudanaz/icon-artifacts/velocity/gotwant/data_nproma20480/z_w_concorr_me_519.want"
Reading from: "data_nproma20480/global_data.t0.1140.data"
Reading from: "data_nproma20480/p_patch.1140.data"
Reading from: "data_nproma20480/p_diag.t0.1140.data"
Reading from: "data_nproma20480/p_metrics.t1.1140.data"
Reading from: "data_nproma20480/p_diag.t1.1140.data"
Reading from: "data_nproma20480/p_prog.t1.1140.data"
Reading from: "data_nproma20480/p_metrics.t0.1140.data"
Reading from: "data_nproma20480/z_kin_hor_e.t0.1140.data"
Reading from: "data_nproma20480/z_kin_hor_e.t1.1140.data"
Reading from: "data_nproma20480/p_prog.t0.1140.data"
Reading from: "data_nproma20480/global_data.t1.1140.data"
Reading from: "data_nproma20480/z_w_concorr_me.t0.1140.data"
Reading from: "data_nproma20480/ldeepatmo.1140.data"
Reading from: "data_nproma20480/istep.1140.data"
Reading from: "data_nproma20480/z_vt_ie.t1.1140.data"
Reading from: "data_nproma20480/lvn_only.1140.data"
Reading from: "data_nproma20480/z_vt_ie.t0.1140.data"
Reading from: "data_nproma20480/dt_linintp_ubc.1140.data"
Reading from: "data_nproma20480/dtime.1140.data"
Reading from: "data_nproma20480/ntnd.1140.data"
Reading from: "data_nproma20480/p_int.1140.data"
Reading from: "data_nproma20480/z_w_concorr_me.t1.1140.data"
Step 1140 variables, extra_diffu: 1, istep: 2, lvn_only: 0, ldeepatmo: 0
Iteration: 0
Timer Host Based C++ Timer took 544 us
Iteration: 1
Timer Host Based C++ Timer took 323 us
Iteration: 2
Timer Host Based C++ Timer took 311 us
Iteration: 3
Timer Host Based C++ Timer took 306 us
Iteration: 4
Timer Host Based C++ Timer took 302 us
Iteration: 5
Timer Host Based C++ Timer took 300 us
Iteration: 6
Timer Host Based C++ Timer took 300 us
Iteration: 7
Timer Host Based C++ Timer took 303 us
Iteration: 8
Timer Host Based C++ Timer took 302 us
Iteration: 9
Timer Host Based C++ Timer took 304 us
Iteration: 10
Timer Host Based C++ Timer took 302 us
Iteration: 11
Timer Host Based C++ Timer took 296 us
Iteration: 12
Timer Host Based C++ Timer took 303 us
Iteration: 13
Timer Host Based C++ Timer took 300 us
Iteration: 14
Timer Host Based C++ Timer took 303 us
Iteration: 15
Timer Host Based C++ Timer took 296 us
Iteration: 16
Timer Host Based C++ Timer took 305 us
Iteration: 17
Timer Host Based C++ Timer took 296 us
Iteration: 18
Timer Host Based C++ Timer took 300 us
Iteration: 19
Timer Host Based C++ Timer took 297 us
Iteration: 20
Timer Host Based C++ Timer took 295 us
Iteration: 21
Timer Host Based C++ Timer took 293 us
Iteration: 22
Timer Host Based C++ Timer took 297 us
Iteration: 23
Timer Host Based C++ Timer took 297 us
Iteration: 24
Timer Host Based C++ Timer took 298 us
Iteration: 25
Timer Host Based C++ Timer took 298 us
Iteration: 26
Timer Host Based C++ Timer took 298 us
Iteration: 27
Timer Host Based C++ Timer took 301 us
Iteration: 28
Timer Host Based C++ Timer took 301 us
Iteration: 29
Timer Host Based C++ Timer took 299 us
Iteration: 30
Timer Host Based C++ Timer took 300 us
Iteration: 31
Timer Host Based C++ Timer took 296 us
Iteration: 32
Timer Host Based C++ Timer took 294 us
Iteration: 33
Timer Host Based C++ Timer took 298 us
Iteration: 34
Timer Host Based C++ Timer took 301 us
Iteration: 35
Timer Host Based C++ Timer took 298 us
Iteration: 36
Timer Host Based C++ Timer took 296 us
Iteration: 37
Timer Host Based C++ Timer took 298 us
Iteration: 38
Timer Host Based C++ Timer took 298 us
Iteration: 39
Timer Host Based C++ Timer took 296 us
Iteration: 40
Timer Host Based C++ Timer took 300 us
Iteration: 41
Timer Host Based C++ Timer took 301 us
Iteration: 42
Timer Host Based C++ Timer took 295 us
Iteration: 43
Timer Host Based C++ Timer took 298 us
Iteration: 44
Timer Host Based C++ Timer took 293 us
Iteration: 45
Timer Host Based C++ Timer took 297 us
Iteration: 46
Timer Host Based C++ Timer took 299 us
Iteration: 47
Timer Host Based C++ Timer took 296 us
Iteration: 48
Timer Host Based C++ Timer took 293 us
Iteration: 49
Timer Host Based C++ Timer took 297 us
Iteration: 50
Timer Host Based C++ Timer took 295 us
Iteration: 51
Timer Host Based C++ Timer took 294 us
Iteration: 52
Timer Host Based C++ Timer took 296 us
Iteration: 53
Timer Host Based C++ Timer took 298 us
Iteration: 54
Timer Host Based C++ Timer took 293 us
Iteration: 55
Timer Host Based C++ Timer took 301 us
Iteration: 56
Timer Host Based C++ Timer took 302 us
Iteration: 57
Timer Host Based C++ Timer took 297 us
Iteration: 58
Timer Host Based C++ Timer took 295 us
Iteration: 59
Timer Host Based C++ Timer took 294 us
Iteration: 60
Timer Host Based C++ Timer took 291 us
Iteration: 61
Timer Host Based C++ Timer took 294 us
Iteration: 62
Timer Host Based C++ Timer took 297 us
Iteration: 63
Timer Host Based C++ Timer took 294 us
Iteration: 64
Timer Host Based C++ Timer took 297 us
Iteration: 65
Timer Host Based C++ Timer took 293 us
Iteration: 66
Timer Host Based C++ Timer took 294 us
Iteration: 67
Timer Host Based C++ Timer took 297 us
Iteration: 68
Timer Host Based C++ Timer took 296 us
Iteration: 69
Timer Host Based C++ Timer took 293 us
Iteration: 70
Timer Host Based C++ Timer took 298 us
Iteration: 71
Timer Host Based C++ Timer took 294 us
Iteration: 72
Timer Host Based C++ Timer took 295 us
Iteration: 73
Timer Host Based C++ Timer took 291 us
Iteration: 74
Timer Host Based C++ Timer took 295 us
Iteration: 75
Timer Host Based C++ Timer took 291 us
Iteration: 76
Timer Host Based C++ Timer took 297 us
Iteration: 77
Timer Host Based C++ Timer took 296 us
Iteration: 78
Timer Host Based C++ Timer took 289 us
Iteration: 79
Timer Host Based C++ Timer took 298 us
Iteration: 80
Timer Host Based C++ Timer took 291 us
Iteration: 81
Timer Host Based C++ Timer took 293 us
Iteration: 82
Timer Host Based C++ Timer took 296 us
Iteration: 83
Timer Host Based C++ Timer took 293 us
Iteration: 84
Timer Host Based C++ Timer took 297 us
Iteration: 85
Timer Host Based C++ Timer took 288 us
Iteration: 86
Timer Host Based C++ Timer took 299 us
Iteration: 87
Timer Host Based C++ Timer took 291 us
Iteration: 88
Timer Host Based C++ Timer took 294 us
Iteration: 89
Timer Host Based C++ Timer took 293 us
Iteration: 90
Timer Host Based C++ Timer took 291 us
Iteration: 91
Timer Host Based C++ Timer took 298 us
Iteration: 92
Timer Host Based C++ Timer took 295 us
Iteration: 93
Timer Host Based C++ Timer took 292 us
Iteration: 94
Timer Host Based C++ Timer took 292 us
Iteration: 95
Timer Host Based C++ Timer took 286 us
Iteration: 96
Timer Host Based C++ Timer took 295 us
Iteration: 97
Timer Host Based C++ Timer took 291 us
Iteration: 98
Timer Host Based C++ Timer took 295 us
Iteration: 99
Timer Host Based C++ Timer took 295 us
Iteration: 100
Timer Host Based C++ Timer took 296 us
Iteration: 101
Timer Host Based C++ Timer took 290 us
Iteration: 102
Timer Host Based C++ Timer took 295 us
Iteration: 103
Timer Host Based C++ Timer took 298 us
Iteration: 104
Timer Host Based C++ Timer took 297 us
Iteration: 105
Timer Host Based C++ Timer took 294 us
Iteration: 106
Timer Host Based C++ Timer took 297 us
Iteration: 107
Timer Host Based C++ Timer took 297 us
Iteration: 108
Timer Host Based C++ Timer took 299 us
Iteration: 109
Timer Host Based C++ Timer took 295 us
Iteration: 110
Timer Host Based C++ Timer took 292 us
Iteration: 111
Timer Host Based C++ Timer took 294 us
Iteration: 112
Timer Host Based C++ Timer took 292 us
Iteration: 113
Timer Host Based C++ Timer took 286 us
Iteration: 114
Timer Host Based C++ Timer took 297 us
Iteration: 115
Timer Host Based C++ Timer took 290 us
Iteration: 116
Timer Host Based C++ Timer took 293 us
Iteration: 117
Timer Host Based C++ Timer took 294 us
Iteration: 118
Timer Host Based C++ Timer took 296 us
Iteration: 119
Timer Host Based C++ Timer took 288 us
Iteration: 120
Timer Host Based C++ Timer took 296 us
Iteration: 121
Timer Host Based C++ Timer took 291 us
Iteration: 122
Timer Host Based C++ Timer took 293 us
Iteration: 123
Timer Host Based C++ Timer took 291 us
Iteration: 124
Timer Host Based C++ Timer took 297 us
Iteration: 125
Timer Host Based C++ Timer took 294 us
Iteration: 126
Timer Host Based C++ Timer took 291 us
Iteration: 127
Timer Host Based C++ Timer took 288 us
Iteration: 128
Timer Host Based C++ Timer took 292 us
Iteration: 129
Timer Host Based C++ Timer took 291 us
Iteration: 130
Timer Host Based C++ Timer took 295 us
Iteration: 131
Timer Host Based C++ Timer took 294 us
Iteration: 132
Timer Host Based C++ Timer took 295 us
Iteration: 133
Timer Host Based C++ Timer took 291 us
Iteration: 134
Timer Host Based C++ Timer took 291 us
Iteration: 135
Timer Host Based C++ Timer took 295 us
Iteration: 136
Timer Host Based C++ Timer took 295 us
Iteration: 137
Timer Host Based C++ Timer took 293 us
Iteration: 138
Timer Host Based C++ Timer took 294 us
Iteration: 139
Timer Host Based C++ Timer took 295 us
Iteration: 140
Timer Host Based C++ Timer took 296 us
Iteration: 141
Timer Host Based C++ Timer took 294 us
Iteration: 142
Timer Host Based C++ Timer took 293 us
Iteration: 143
Timer Host Based C++ Timer took 292 us
Iteration: 144
Timer Host Based C++ Timer took 292 us
Iteration: 145
Timer Host Based C++ Timer took 291 us
Iteration: 146
Timer Host Based C++ Timer took 293 us
Iteration: 147
Timer Host Based C++ Timer took 290 us
Iteration: 148
Timer Host Based C++ Timer took 294 us
Iteration: 149
Timer Host Based C++ Timer took 293 us
Iteration: 150
Timer Host Based C++ Timer took 291 us
Iteration: 151
Timer Host Based C++ Timer took 293 us
Iteration: 152
Timer Host Based C++ Timer took 292 us
Iteration: 153
Timer Host Based C++ Timer took 292 us
Iteration: 154
Timer Host Based C++ Timer took 293 us
Iteration: 155
Timer Host Based C++ Timer took 288 us
Iteration: 156
Timer Host Based C++ Timer took 289 us
Iteration: 157
Timer Host Based C++ Timer took 288 us
Iteration: 158
Timer Host Based C++ Timer took 288 us
Iteration: 159
Timer Host Based C++ Timer took 289 us
Iteration: 160
Timer Host Based C++ Timer took 292 us
Iteration: 161
Timer Host Based C++ Timer took 293 us
Iteration: 162
Timer Host Based C++ Timer took 289 us
Iteration: 163
Timer Host Based C++ Timer took 292 us
Iteration: 164
Timer Host Based C++ Timer took 294 us
Iteration: 165
Timer Host Based C++ Timer took 294 us
Iteration: 166
Timer Host Based C++ Timer took 291 us
Iteration: 167
Timer Host Based C++ Timer took 294 us
Iteration: 168
Timer Host Based C++ Timer took 296 us
Iteration: 169
Timer Host Based C++ Timer took 296 us
Iteration: 170
Timer Host Based C++ Timer took 298 us
Iteration: 171
Timer Host Based C++ Timer took 293 us
Iteration: 172
Timer Host Based C++ Timer took 294 us
Iteration: 173
Timer Host Based C++ Timer took 291 us
Iteration: 174
Timer Host Based C++ Timer took 291 us
Iteration: 175
Timer Host Based C++ Timer took 293 us
Iteration: 176
Timer Host Based C++ Timer took 291 us
Iteration: 177
Timer Host Based C++ Timer took 290 us
Iteration: 178
Timer Host Based C++ Timer took 294 us
Iteration: 179
Timer Host Based C++ Timer took 291 us
Iteration: 180
Timer Host Based C++ Timer took 296 us
Iteration: 181
Timer Host Based C++ Timer took 293 us
Iteration: 182
Timer Host Based C++ Timer took 292 us
Iteration: 183
Timer Host Based C++ Timer took 289 us
Iteration: 184
Timer Host Based C++ Timer took 296 us
Iteration: 185
Timer Host Based C++ Timer took 296 us
Iteration: 186
Timer Host Based C++ Timer took 296 us
Iteration: 187
Timer Host Based C++ Timer took 291 us
Iteration: 188
Timer Host Based C++ Timer took 289 us
Iteration: 189
Timer Host Based C++ Timer took 289 us
Iteration: 190
Timer Host Based C++ Timer took 294 us
Iteration: 191
Timer Host Based C++ Timer took 289 us
Iteration: 192
Timer Host Based C++ Timer took 293 us
Iteration: 193
Timer Host Based C++ Timer took 305 us
Iteration: 194
Timer Host Based C++ Timer took 291 us
Iteration: 195
Timer Host Based C++ Timer took 288 us
Iteration: 196
Timer Host Based C++ Timer took 295 us
Iteration: 197
Timer Host Based C++ Timer took 302 us
Iteration: 198
Timer Host Based C++ Timer took 291 us
Iteration: 199
Timer Host Based C++ Timer took 288 us
Iteration: 200
Timer Host Based C++ Timer took 290 us
Iteration: 201
Timer Host Based C++ Timer took 292 us
Iteration: 202
Timer Host Based C++ Timer took 289 us
Iteration: 203
Timer Host Based C++ Timer took 284 us
Iteration: 204
Timer Host Based C++ Timer took 290 us
Iteration: 205
Timer Host Based C++ Timer took 287 us
Iteration: 206
Timer Host Based C++ Timer took 291 us
Iteration: 207
Timer Host Based C++ Timer took 286 us
Iteration: 208
Timer Host Based C++ Timer took 291 us
Iteration: 209
Timer Host Based C++ Timer took 291 us
Iteration: 210
Timer Host Based C++ Timer took 292 us
Iteration: 211
Timer Host Based C++ Timer took 291 us
Iteration: 212
Timer Host Based C++ Timer took 294 us
Iteration: 213
Timer Host Based C++ Timer took 295 us
Iteration: 214
Timer Host Based C++ Timer took 291 us
Iteration: 215
Timer Host Based C++ Timer took 291 us
Iteration: 216
Timer Host Based C++ Timer took 291 us
Iteration: 217
Timer Host Based C++ Timer took 292 us
Iteration: 218
Timer Host Based C++ Timer took 285 us
Iteration: 219
Timer Host Based C++ Timer took 292 us
Iteration: 220
Timer Host Based C++ Timer took 291 us
Iteration: 221
Timer Host Based C++ Timer took 292 us
Iteration: 222
Timer Host Based C++ Timer took 292 us
Iteration: 223
Timer Host Based C++ Timer took 291 us
Iteration: 224
Timer Host Based C++ Timer took 295 us
Iteration: 225
Timer Host Based C++ Timer took 291 us
Iteration: 226
Timer Host Based C++ Timer took 293 us
Iteration: 227
Timer Host Based C++ Timer took 293 us
Iteration: 228
Timer Host Based C++ Timer took 291 us
Iteration: 229
Timer Host Based C++ Timer took 291 us
Iteration: 230
Timer Host Based C++ Timer took 293 us
Iteration: 231
Timer Host Based C++ Timer took 289 us
Iteration: 232
Timer Host Based C++ Timer took 297 us
Iteration: 233
Timer Host Based C++ Timer took 285 us
Iteration: 234
Timer Host Based C++ Timer took 293 us
Iteration: 235
Timer Host Based C++ Timer took 297 us
Iteration: 236
Timer Host Based C++ Timer took 292 us
Iteration: 237
Timer Host Based C++ Timer took 292 us
Iteration: 238
Timer Host Based C++ Timer took 291 us
Iteration: 239
Timer Host Based C++ Timer took 293 us
Iteration: 240
Timer Host Based C++ Timer took 293 us
Iteration: 241
Timer Host Based C++ Timer took 289 us
Iteration: 242
Timer Host Based C++ Timer took 289 us
Iteration: 243
Timer Host Based C++ Timer took 294 us
Iteration: 244
Timer Host Based C++ Timer took 292 us
Iteration: 245
Timer Host Based C++ Timer took 291 us
Iteration: 246
Timer Host Based C++ Timer took 285 us
Iteration: 247
Timer Host Based C++ Timer took 289 us
Iteration: 248
Timer Host Based C++ Timer took 291 us
Iteration: 249
Timer Host Based C++ Timer took 289 us
Iteration: 250
Timer Host Based C++ Timer took 300 us
Iteration: 251
Timer Host Based C++ Timer took 286 us
Iteration: 252
Timer Host Based C++ Timer took 295 us
Iteration: 253
Timer Host Based C++ Timer took 288 us
Iteration: 254
Timer Host Based C++ Timer took 292 us
Iteration: 255
Timer Host Based C++ Timer took 289 us
Iteration: 256
Timer Host Based C++ Timer took 294 us
Iteration: 257
Timer Host Based C++ Timer took 287 us
Iteration: 258
Timer Host Based C++ Timer took 293 us
Iteration: 259
Timer Host Based C++ Timer took 294 us
Iteration: 260
Timer Host Based C++ Timer took 292 us
Iteration: 261
Timer Host Based C++ Timer took 293 us
Iteration: 262
Timer Host Based C++ Timer took 290 us
Iteration: 263
Timer Host Based C++ Timer took 288 us
Iteration: 264
Timer Host Based C++ Timer took 293 us
Iteration: 265
Timer Host Based C++ Timer took 292 us
Iteration: 266
Timer Host Based C++ Timer took 292 us
Iteration: 267
Timer Host Based C++ Timer took 292 us
Iteration: 268
Timer Host Based C++ Timer took 293 us
Iteration: 269
Timer Host Based C++ Timer took 295 us
Iteration: 270
Timer Host Based C++ Timer took 288 us
Iteration: 271
Timer Host Based C++ Timer took 292 us
Iteration: 272
Timer Host Based C++ Timer took 293 us
Iteration: 273
Timer Host Based C++ Timer took 288 us
Iteration: 274
Timer Host Based C++ Timer took 291 us
Iteration: 275
Timer Host Based C++ Timer took 289 us
Iteration: 276
Timer Host Based C++ Timer took 293 us
Iteration: 277
Timer Host Based C++ Timer took 287 us
Iteration: 278
Timer Host Based C++ Timer took 290 us
Iteration: 279
Timer Host Based C++ Timer took 292 us
Iteration: 280
Timer Host Based C++ Timer took 289 us
Iteration: 281
Timer Host Based C++ Timer took 294 us
Iteration: 282
Timer Host Based C++ Timer took 290 us
Iteration: 283
Timer Host Based C++ Timer took 290 us
Iteration: 284
Timer Host Based C++ Timer took 291 us
Iteration: 285
Timer Host Based C++ Timer took 291 us
Iteration: 286
Timer Host Based C++ Timer took 290 us
Iteration: 287
Timer Host Based C++ Timer took 289 us
Iteration: 288
Timer Host Based C++ Timer took 292 us
Iteration: 289
Timer Host Based C++ Timer took 284 us
Iteration: 290
Timer Host Based C++ Timer took 291 us
Iteration: 291
Timer Host Based C++ Timer took 291 us
Iteration: 292
Timer Host Based C++ Timer took 292 us
Iteration: 293
Timer Host Based C++ Timer took 290 us
Iteration: 294
Timer Host Based C++ Timer took 291 us
Iteration: 295
Timer Host Based C++ Timer took 289 us
Iteration: 296
Timer Host Based C++ Timer took 291 us
Iteration: 297
Timer Host Based C++ Timer took 291 us
Iteration: 298
Timer Host Based C++ Timer took 292 us
Iteration: 299
Timer Host Based C++ Timer took 289 us
Iteration: 300
Timer Host Based C++ Timer took 291 us
Iteration: 301
Timer Host Based C++ Timer took 294 us
Iteration: 302
Timer Host Based C++ Timer took 292 us
Iteration: 303
Timer Host Based C++ Timer took 289 us
Iteration: 304
Timer Host Based C++ Timer took 293 us
Iteration: 305
Timer Host Based C++ Timer took 297 us
Iteration: 306
Timer Host Based C++ Timer took 289 us
Iteration: 307
Timer Host Based C++ Timer took 290 us
Iteration: 308
Timer Host Based C++ Timer took 288 us
Iteration: 309
Timer Host Based C++ Timer took 295 us
Iteration: 310
Timer Host Based C++ Timer took 290 us
Iteration: 311
Timer Host Based C++ Timer took 293 us
Iteration: 312
Timer Host Based C++ Timer took 293 us
Iteration: 313
Timer Host Based C++ Timer took 288 us
Iteration: 314
Timer Host Based C++ Timer took 292 us
Iteration: 315
Timer Host Based C++ Timer took 285 us
Iteration: 316
Timer Host Based C++ Timer took 293 us
Iteration: 317
Timer Host Based C++ Timer took 284 us
Iteration: 318
Timer Host Based C++ Timer took 294 us
Iteration: 319
Timer Host Based C++ Timer took 291 us
Iteration: 320
Timer Host Based C++ Timer took 292 us
Iteration: 321
Timer Host Based C++ Timer took 288 us
Iteration: 322
Timer Host Based C++ Timer took 288 us
Iteration: 323
Timer Host Based C++ Timer took 292 us
Iteration: 324
Timer Host Based C++ Timer took 289 us
Iteration: 325
Timer Host Based C++ Timer took 285 us
Iteration: 326
Timer Host Based C++ Timer took 284 us
Iteration: 327
Timer Host Based C++ Timer took 290 us
Iteration: 328
Timer Host Based C++ Timer took 292 us
Iteration: 329
Timer Host Based C++ Timer took 291 us
Iteration: 330
Timer Host Based C++ Timer took 293 us
Iteration: 331
Timer Host Based C++ Timer took 290 us
Iteration: 332
Timer Host Based C++ Timer took 285 us
Iteration: 333
Timer Host Based C++ Timer took 286 us
Iteration: 334
Timer Host Based C++ Timer took 292 us
Iteration: 335
Timer Host Based C++ Timer took 288 us
Iteration: 336
Timer Host Based C++ Timer took 289 us
Iteration: 337
Timer Host Based C++ Timer took 289 us
Iteration: 338
Timer Host Based C++ Timer took 294 us
Iteration: 339
Timer Host Based C++ Timer took 291 us
Iteration: 340
Timer Host Based C++ Timer took 292 us
Iteration: 341
Timer Host Based C++ Timer took 289 us
Iteration: 342
Timer Host Based C++ Timer took 288 us
Iteration: 343
Timer Host Based C++ Timer took 289 us
Iteration: 344
Timer Host Based C++ Timer took 293 us
Iteration: 345
Timer Host Based C++ Timer took 289 us
Iteration: 346
Timer Host Based C++ Timer took 293 us
Iteration: 347
Timer Host Based C++ Timer took 289 us
Iteration: 348
Timer Host Based C++ Timer took 289 us
Iteration: 349
Timer Host Based C++ Timer took 290 us
Iteration: 350
Timer Host Based C++ Timer took 293 us
Iteration: 351
Timer Host Based C++ Timer took 292 us
Iteration: 352
Timer Host Based C++ Timer took 295 us
Iteration: 353
Timer Host Based C++ Timer took 292 us
Iteration: 354
Timer Host Based C++ Timer took 293 us
Iteration: 355
Timer Host Based C++ Timer took 295 us
Iteration: 356
Timer Host Based C++ Timer took 287 us
Iteration: 357
Timer Host Based C++ Timer took 285 us
Iteration: 358
Timer Host Based C++ Timer took 290 us
Iteration: 359
Timer Host Based C++ Timer took 295 us
Iteration: 360
Timer Host Based C++ Timer took 288 us
Iteration: 361
Timer Host Based C++ Timer took 290 us
Iteration: 362
Timer Host Based C++ Timer took 286 us
Iteration: 363
Timer Host Based C++ Timer took 293 us
Iteration: 364
Timer Host Based C++ Timer took 296 us
Iteration: 365
Timer Host Based C++ Timer took 290 us
Iteration: 366
Timer Host Based C++ Timer took 293 us
Iteration: 367
Timer Host Based C++ Timer took 286 us
Iteration: 368
Timer Host Based C++ Timer took 293 us
Iteration: 369
Timer Host Based C++ Timer took 288 us
Iteration: 370
Timer Host Based C++ Timer took 291 us
Iteration: 371
Timer Host Based C++ Timer took 289 us
Iteration: 372
Timer Host Based C++ Timer took 294 us
Iteration: 373
Timer Host Based C++ Timer took 286 us
Iteration: 374
Timer Host Based C++ Timer took 288 us
Iteration: 375
Timer Host Based C++ Timer took 293 us
Iteration: 376
Timer Host Based C++ Timer took 290 us
Iteration: 377
Timer Host Based C++ Timer took 293 us
Iteration: 378
Timer Host Based C++ Timer took 289 us
Iteration: 379
Timer Host Based C++ Timer took 295 us
Iteration: 380
Timer Host Based C++ Timer took 291 us
Iteration: 381
Timer Host Based C++ Timer took 285 us
Iteration: 382
Timer Host Based C++ Timer took 291 us
Iteration: 383
Timer Host Based C++ Timer took 292 us
Iteration: 384
Timer Host Based C++ Timer took 291 us
Iteration: 385
Timer Host Based C++ Timer took 287 us
Iteration: 386
Timer Host Based C++ Timer took 292 us
Iteration: 387
Timer Host Based C++ Timer took 289 us
Iteration: 388
Timer Host Based C++ Timer took 294 us
Iteration: 389
Timer Host Based C++ Timer took 288 us
Iteration: 390
Timer Host Based C++ Timer took 296 us
Iteration: 391
Timer Host Based C++ Timer took 290 us
Iteration: 392
Timer Host Based C++ Timer took 292 us
Iteration: 393
Timer Host Based C++ Timer took 287 us
Iteration: 394
Timer Host Based C++ Timer took 293 us
Iteration: 395
Timer Host Based C++ Timer took 290 us
Iteration: 396
Timer Host Based C++ Timer took 291 us
Iteration: 397
Timer Host Based C++ Timer took 291 us
Iteration: 398
Timer Host Based C++ Timer took 295 us
Iteration: 399
Timer Host Based C++ Timer took 294 us
Iteration: 400
Timer Host Based C++ Timer took 291 us
Iteration: 401
Timer Host Based C++ Timer took 288 us
Iteration: 402
Timer Host Based C++ Timer took 295 us
Iteration: 403
Timer Host Based C++ Timer took 288 us
Iteration: 404
Timer Host Based C++ Timer took 294 us
Iteration: 405
Timer Host Based C++ Timer took 293 us
Iteration: 406
Timer Host Based C++ Timer took 290 us
Iteration: 407
Timer Host Based C++ Timer took 292 us
Iteration: 408
Timer Host Based C++ Timer took 295 us
Iteration: 409
Timer Host Based C++ Timer took 289 us
Iteration: 410
Timer Host Based C++ Timer took 288 us
Iteration: 411
Timer Host Based C++ Timer took 291 us
Iteration: 412
Timer Host Based C++ Timer took 292 us
Iteration: 413
Timer Host Based C++ Timer took 286 us
Iteration: 414
Timer Host Based C++ Timer took 294 us
Iteration: 415
Timer Host Based C++ Timer took 293 us
Iteration: 416
Timer Host Based C++ Timer took 293 us
Iteration: 417
Timer Host Based C++ Timer took 289 us
Iteration: 418
Timer Host Based C++ Timer took 288 us
Iteration: 419
Timer Host Based C++ Timer took 296 us
Iteration: 420
Timer Host Based C++ Timer took 295 us
Iteration: 421
Timer Host Based C++ Timer took 290 us
Iteration: 422
Timer Host Based C++ Timer took 296 us
Iteration: 423
Timer Host Based C++ Timer took 286 us
Iteration: 424
Timer Host Based C++ Timer took 297 us
Iteration: 425
Timer Host Based C++ Timer took 289 us
Iteration: 426
Timer Host Based C++ Timer took 288 us
Iteration: 427
Timer Host Based C++ Timer took 291 us
Iteration: 428
Timer Host Based C++ Timer took 292 us
Iteration: 429
Timer Host Based C++ Timer took 291 us
Iteration: 430
Timer Host Based C++ Timer took 292 us
Iteration: 431
Timer Host Based C++ Timer took 291 us
Iteration: 432
Timer Host Based C++ Timer took 292 us
Iteration: 433
Timer Host Based C++ Timer took 291 us
Iteration: 434
Timer Host Based C++ Timer took 292 us
Iteration: 435
Timer Host Based C++ Timer took 290 us
Iteration: 436
Timer Host Based C++ Timer took 293 us
Iteration: 437
Timer Host Based C++ Timer took 291 us
Iteration: 438
Timer Host Based C++ Timer took 293 us
Iteration: 439
Timer Host Based C++ Timer took 295 us
Iteration: 440
Timer Host Based C++ Timer took 294 us
Iteration: 441
Timer Host Based C++ Timer took 294 us
Iteration: 442
Timer Host Based C++ Timer took 291 us
Iteration: 443
Timer Host Based C++ Timer took 296 us
Iteration: 444
Timer Host Based C++ Timer took 294 us
Iteration: 445
Timer Host Based C++ Timer took 291 us
Iteration: 446
Timer Host Based C++ Timer took 297 us
Iteration: 447
Timer Host Based C++ Timer took 292 us
Iteration: 448
Timer Host Based C++ Timer took 298 us
Iteration: 449
Timer Host Based C++ Timer took 292 us
Iteration: 450
Timer Host Based C++ Timer took 291 us
Iteration: 451
Timer Host Based C++ Timer took 293 us
Iteration: 452
Timer Host Based C++ Timer took 295 us
Iteration: 453
Timer Host Based C++ Timer took 299 us
Iteration: 454
Timer Host Based C++ Timer took 290 us
Iteration: 455
Timer Host Based C++ Timer took 293 us
Iteration: 456
Timer Host Based C++ Timer took 292 us
Iteration: 457
Timer Host Based C++ Timer took 292 us
Iteration: 458
Timer Host Based C++ Timer took 291 us
Iteration: 459
Timer Host Based C++ Timer took 292 us
Iteration: 460
Timer Host Based C++ Timer took 292 us
Iteration: 461
Timer Host Based C++ Timer took 294 us
Iteration: 462
Timer Host Based C++ Timer took 291 us
Iteration: 463
Timer Host Based C++ Timer took 296 us
Iteration: 464
Timer Host Based C++ Timer took 294 us
Iteration: 465
Timer Host Based C++ Timer took 291 us
Iteration: 466
Timer Host Based C++ Timer took 292 us
Iteration: 467
Timer Host Based C++ Timer took 296 us
Iteration: 468
Timer Host Based C++ Timer took 298 us
Iteration: 469
Timer Host Based C++ Timer took 291 us
Iteration: 470
Timer Host Based C++ Timer took 297 us
Iteration: 471
Timer Host Based C++ Timer took 292 us
Iteration: 472
Timer Host Based C++ Timer took 291 us
Iteration: 473
Timer Host Based C++ Timer took 289 us
Iteration: 474
Timer Host Based C++ Timer took 287 us
Iteration: 475
Timer Host Based C++ Timer took 295 us
Iteration: 476
Timer Host Based C++ Timer took 295 us
Iteration: 477
Timer Host Based C++ Timer took 293 us
Iteration: 478
Timer Host Based C++ Timer took 294 us
Iteration: 479
Timer Host Based C++ Timer took 294 us
Iteration: 480
Timer Host Based C++ Timer took 291 us
Iteration: 481
Timer Host Based C++ Timer took 292 us
Iteration: 482
Timer Host Based C++ Timer took 295 us
Iteration: 483
Timer Host Based C++ Timer took 289 us
Iteration: 484
Timer Host Based C++ Timer took 297 us
Iteration: 485
Timer Host Based C++ Timer took 288 us
Iteration: 486
Timer Host Based C++ Timer took 294 us
Iteration: 487
Timer Host Based C++ Timer took 291 us
Iteration: 488
Timer Host Based C++ Timer took 295 us
Iteration: 489
Timer Host Based C++ Timer took 295 us
Iteration: 490
Timer Host Based C++ Timer took 290 us
Iteration: 491
Timer Host Based C++ Timer took 293 us
Iteration: 492
Timer Host Based C++ Timer took 296 us
Iteration: 493
Timer Host Based C++ Timer took 292 us
Iteration: 494
Timer Host Based C++ Timer took 291 us
Iteration: 495
Timer Host Based C++ Timer took 305 us
Iteration: 496
Timer Host Based C++ Timer took 289 us
Iteration: 497
Timer Host Based C++ Timer took 292 us
Iteration: 498
Timer Host Based C++ Timer took 296 us
Iteration: 499
Timer Host Based C++ Timer took 292 us
Iteration: 500
Timer Host Based C++ Timer took 294 us
Iteration: 501
Timer Host Based C++ Timer took 289 us
Iteration: 502
Timer Host Based C++ Timer took 289 us
Iteration: 503
Timer Host Based C++ Timer took 292 us
Iteration: 504
Timer Host Based C++ Timer took 292 us
Iteration: 505
Timer Host Based C++ Timer took 308 us
Iteration: 506
Timer Host Based C++ Timer took 293 us
Iteration: 507
Timer Host Based C++ Timer took 291 us
Iteration: 508
Timer Host Based C++ Timer took 291 us
Iteration: 509
Timer Host Based C++ Timer took 295 us
Iteration: 510
Timer Host Based C++ Timer took 294 us
Iteration: 511
Timer Host Based C++ Timer took 292 us
Iteration: 512
Timer Host Based C++ Timer took 295 us
Iteration: 513
Timer Host Based C++ Timer took 289 us
Iteration: 514
Timer Host Based C++ Timer took 291 us
Iteration: 515
Timer Host Based C++ Timer took 291 us
Iteration: 516
Timer Host Based C++ Timer took 294 us
Iteration: 517
Timer Host Based C++ Timer took 292 us
Iteration: 518
Timer Host Based C++ Timer took 293 us
Iteration: 519
Timer Host Based C++ Timer took 286 us
Iteration: 520
Timer Host Based C++ Timer took 295 us
Iteration: 521
Timer Host Based C++ Timer took 289 us
Iteration: 522
Timer Host Based C++ Timer took 290 us
Iteration: 523
Timer Host Based C++ Timer took 294 us
Iteration: 524
Timer Host Based C++ Timer took 288 us
Iteration: 525
Timer Host Based C++ Timer took 293 us
Iteration: 526
Timer Host Based C++ Timer took 294 us
Iteration: 527
Timer Host Based C++ Timer took 291 us
Iteration: 528
Timer Host Based C++ Timer took 294 us
Iteration: 529
Timer Host Based C++ Timer took 285 us
Iteration: 530
Timer Host Based C++ Timer took 293 us
Iteration: 531
Timer Host Based C++ Timer took 290 us
Iteration: 532
Timer Host Based C++ Timer took 292 us
Iteration: 533
Timer Host Based C++ Timer took 292 us
Iteration: 534
Timer Host Based C++ Timer took 293 us
Iteration: 535
Timer Host Based C++ Timer took 292 us
Iteration: 536
Timer Host Based C++ Timer took 291 us
Iteration: 537
Timer Host Based C++ Timer took 292 us
Iteration: 538
Timer Host Based C++ Timer took 292 us
Iteration: 539
Timer Host Based C++ Timer took 291 us
Iteration: 540
Timer Host Based C++ Timer took 294 us
Iteration: 541
Timer Host Based C++ Timer took 292 us
Iteration: 542
Timer Host Based C++ Timer took 291 us
Iteration: 543
Timer Host Based C++ Timer took 295 us
Iteration: 544
Timer Host Based C++ Timer took 293 us
Iteration: 545
Timer Host Based C++ Timer took 292 us
Iteration: 546
Timer Host Based C++ Timer took 296 us
Iteration: 547
Timer Host Based C++ Timer took 291 us
Iteration: 548
Timer Host Based C++ Timer took 296 us
Iteration: 549
Timer Host Based C++ Timer took 306 us
Iteration: 550
Timer Host Based C++ Timer took 307 us
Iteration: 551
Timer Host Based C++ Timer took 304 us
Iteration: 552
Timer Host Based C++ Timer took 305 us
Iteration: 553
Timer Host Based C++ Timer took 297 us
Iteration: 554
Timer Host Based C++ Timer took 303 us
Iteration: 555
Timer Host Based C++ Timer took 304 us
Iteration: 556
Timer Host Based C++ Timer took 303 us
Iteration: 557
Timer Host Based C++ Timer took 298 us
Iteration: 558
Timer Host Based C++ Timer took 302 us
Iteration: 559
Timer Host Based C++ Timer took 298 us
Iteration: 560
Timer Host Based C++ Timer took 299 us
Iteration: 561
Timer Host Based C++ Timer took 299 us
Iteration: 562
Timer Host Based C++ Timer took 314 us
Iteration: 563
Timer Host Based C++ Timer took 302 us
Iteration: 564
Timer Host Based C++ Timer took 299 us
Iteration: 565
Timer Host Based C++ Timer took 295 us
Iteration: 566
Timer Host Based C++ Timer took 295 us
Iteration: 567
Timer Host Based C++ Timer took 299 us
Iteration: 568
Timer Host Based C++ Timer took 299 us
Iteration: 569
Timer Host Based C++ Timer took 296 us
Iteration: 570
Timer Host Based C++ Timer took 295 us
Iteration: 571
Timer Host Based C++ Timer took 294 us
Iteration: 572
Timer Host Based C++ Timer took 300 us
Iteration: 573
Timer Host Based C++ Timer took 295 us
Iteration: 574
Timer Host Based C++ Timer took 298 us
Iteration: 575
Timer Host Based C++ Timer took 292 us
Iteration: 576
Timer Host Based C++ Timer took 295 us
Iteration: 577
Timer Host Based C++ Timer took 299 us
Iteration: 578
Timer Host Based C++ Timer took 296 us
Iteration: 579
Timer Host Based C++ Timer took 297 us
Iteration: 580
Timer Host Based C++ Timer took 302 us
Iteration: 581
Timer Host Based C++ Timer took 296 us
Iteration: 582
Timer Host Based C++ Timer took 296 us
Iteration: 583
Timer Host Based C++ Timer took 291 us
Iteration: 584
Timer Host Based C++ Timer took 300 us
Iteration: 585
Timer Host Based C++ Timer took 299 us
Iteration: 586
Timer Host Based C++ Timer took 298 us
Iteration: 587
Timer Host Based C++ Timer took 299 us
Iteration: 588
Timer Host Based C++ Timer took 294 us
Iteration: 589
Timer Host Based C++ Timer took 290 us
Iteration: 590
Timer Host Based C++ Timer took 295 us
Iteration: 591
Timer Host Based C++ Timer took 295 us
Iteration: 592
Timer Host Based C++ Timer took 293 us
Iteration: 593
Timer Host Based C++ Timer took 297 us
Iteration: 594
Timer Host Based C++ Timer took 298 us
Iteration: 595
Timer Host Based C++ Timer took 295 us
Iteration: 596
Timer Host Based C++ Timer took 297 us
Iteration: 597
Timer Host Based C++ Timer took 293 us
Iteration: 598
Timer Host Based C++ Timer took 297 us
Iteration: 599
Timer Host Based C++ Timer took 293 us
Iteration: 600
Timer Host Based C++ Timer took 299 us
Iteration: 601
Timer Host Based C++ Timer took 297 us
Iteration: 602
Timer Host Based C++ Timer took 297 us
Iteration: 603
Timer Host Based C++ Timer took 293 us
Iteration: 604
Timer Host Based C++ Timer took 297 us
Iteration: 605
Timer Host Based C++ Timer took 294 us
Iteration: 606
Timer Host Based C++ Timer took 295 us
Iteration: 607
Timer Host Based C++ Timer took 292 us
Iteration: 608
Timer Host Based C++ Timer took 294 us
Iteration: 609
Timer Host Based C++ Timer took 296 us
Iteration: 610
Timer Host Based C++ Timer took 296 us
Iteration: 611
Timer Host Based C++ Timer took 294 us
Iteration: 612
Timer Host Based C++ Timer took 298 us
Iteration: 613
Timer Host Based C++ Timer took 300 us
Iteration: 614
Timer Host Based C++ Timer took 300 us
Iteration: 615
Timer Host Based C++ Timer took 295 us
Iteration: 616
Timer Host Based C++ Timer took 299 us
Iteration: 617
Timer Host Based C++ Timer took 295 us
Iteration: 618
Timer Host Based C++ Timer took 293 us
Iteration: 619
Timer Host Based C++ Timer took 296 us
Iteration: 620
Timer Host Based C++ Timer took 299 us
Iteration: 621
Timer Host Based C++ Timer took 296 us
Iteration: 622
Timer Host Based C++ Timer took 300 us
Iteration: 623
Timer Host Based C++ Timer took 296 us
Iteration: 624
Timer Host Based C++ Timer took 296 us
Iteration: 625
Timer Host Based C++ Timer took 293 us
Iteration: 626
Timer Host Based C++ Timer took 296 us
Iteration: 627
Timer Host Based C++ Timer took 290 us
Iteration: 628
Timer Host Based C++ Timer took 298 us
Iteration: 629
Timer Host Based C++ Timer took 292 us
Iteration: 630
Timer Host Based C++ Timer took 296 us
Iteration: 631
Timer Host Based C++ Timer took 297 us
Iteration: 632
Timer Host Based C++ Timer took 294 us
Iteration: 633
Timer Host Based C++ Timer took 296 us
Iteration: 634
Timer Host Based C++ Timer took 290 us
Iteration: 635
Timer Host Based C++ Timer took 294 us
Iteration: 636
Timer Host Based C++ Timer took 300 us
Iteration: 637
Timer Host Based C++ Timer took 294 us
Iteration: 638
Timer Host Based C++ Timer took 300 us
Iteration: 639
Timer Host Based C++ Timer took 292 us
Iteration: 640
Timer Host Based C++ Timer took 300 us
Iteration: 641
Timer Host Based C++ Timer took 293 us
Iteration: 642
Timer Host Based C++ Timer took 298 us
Iteration: 643
Timer Host Based C++ Timer took 292 us
Iteration: 644
Timer Host Based C++ Timer took 296 us
Iteration: 645
Timer Host Based C++ Timer took 299 us
Iteration: 646
Timer Host Based C++ Timer took 297 us
Iteration: 647
Timer Host Based C++ Timer took 295 us
Iteration: 648
Timer Host Based C++ Timer took 298 us
Iteration: 649
Timer Host Based C++ Timer took 294 us
Iteration: 650
Timer Host Based C++ Timer took 296 us
Iteration: 651
Timer Host Based C++ Timer took 293 us
Iteration: 652
Timer Host Based C++ Timer took 296 us
Iteration: 653
Timer Host Based C++ Timer took 299 us
Iteration: 654
Timer Host Based C++ Timer took 298 us
Iteration: 655
Timer Host Based C++ Timer took 300 us
Iteration: 656
Timer Host Based C++ Timer took 301 us
Iteration: 657
Timer Host Based C++ Timer took 294 us
Iteration: 658
Timer Host Based C++ Timer took 297 us
Iteration: 659
Timer Host Based C++ Timer took 301 us
Iteration: 660
Timer Host Based C++ Timer took 301 us
Iteration: 661
Timer Host Based C++ Timer took 298 us
Iteration: 662
Timer Host Based C++ Timer took 296 us
Iteration: 663
Timer Host Based C++ Timer took 294 us
Iteration: 664
Timer Host Based C++ Timer took 295 us
Iteration: 665
Timer Host Based C++ Timer took 294 us
Iteration: 666
Timer Host Based C++ Timer took 296 us
Iteration: 667
Timer Host Based C++ Timer took 299 us
Iteration: 668
Timer Host Based C++ Timer took 291 us
Iteration: 669
Timer Host Based C++ Timer took 296 us
Iteration: 670
Timer Host Based C++ Timer took 296 us
Iteration: 671
Timer Host Based C++ Timer took 293 us
Iteration: 672
Timer Host Based C++ Timer took 296 us
Iteration: 673
Timer Host Based C++ Timer took 288 us
Iteration: 674
Timer Host Based C++ Timer took 295 us
Iteration: 675
Timer Host Based C++ Timer took 432 us
Iteration: 676
Timer Host Based C++ Timer took 298 us
Iteration: 677
Timer Host Based C++ Timer took 299 us
Iteration: 678
Timer Host Based C++ Timer took 296 us
Iteration: 679
Timer Host Based C++ Timer took 294 us
Iteration: 680
Timer Host Based C++ Timer took 292 us
Iteration: 681
Timer Host Based C++ Timer took 298 us
Iteration: 682
Timer Host Based C++ Timer took 300 us
Iteration: 683
Timer Host Based C++ Timer took 296 us
Iteration: 684
Timer Host Based C++ Timer took 378 us
Iteration: 685
Timer Host Based C++ Timer took 293 us
Iteration: 686
Timer Host Based C++ Timer took 299 us
Iteration: 687
Timer Host Based C++ Timer took 294 us
Iteration: 688
Timer Host Based C++ Timer took 298 us
Iteration: 689
Timer Host Based C++ Timer took 300 us
Iteration: 690
Timer Host Based C++ Timer took 301 us
Iteration: 691
Timer Host Based C++ Timer took 299 us
Iteration: 692
Timer Host Based C++ Timer took 297 us
Iteration: 693
Timer Host Based C++ Timer took 329 us
Iteration: 694
Timer Host Based C++ Timer took 315 us
Iteration: 695
Timer Host Based C++ Timer took 309 us
Iteration: 696
Timer Host Based C++ Timer took 311 us
Iteration: 697
Timer Host Based C++ Timer took 308 us
Iteration: 698
Timer Host Based C++ Timer took 307 us
Iteration: 699
Timer Host Based C++ Timer took 299 us
Iteration: 700
Timer Host Based C++ Timer took 302 us
Iteration: 701
Timer Host Based C++ Timer took 297 us
Iteration: 702
Timer Host Based C++ Timer took 299 us
Iteration: 703
Timer Host Based C++ Timer took 298 us
Iteration: 704
Timer Host Based C++ Timer took 300 us
Iteration: 705
Timer Host Based C++ Timer took 292 us
Iteration: 706
Timer Host Based C++ Timer took 301 us
Iteration: 707
Timer Host Based C++ Timer took 294 us
Iteration: 708
Timer Host Based C++ Timer took 298 us
Iteration: 709
Timer Host Based C++ Timer took 300 us
Iteration: 710
Timer Host Based C++ Timer took 298 us
Iteration: 711
Timer Host Based C++ Timer took 291 us
Iteration: 712
Timer Host Based C++ Timer took 296 us
Iteration: 713
Timer Host Based C++ Timer took 298 us
Iteration: 714
Timer Host Based C++ Timer took 299 us
Iteration: 715
Timer Host Based C++ Timer took 295 us
Iteration: 716
Timer Host Based C++ Timer took 297 us
Iteration: 717
Timer Host Based C++ Timer took 293 us
Iteration: 718
Timer Host Based C++ Timer took 294 us
Iteration: 719
Timer Host Based C++ Timer took 298 us
Iteration: 720
Timer Host Based C++ Timer took 300 us
Iteration: 721
Timer Host Based C++ Timer took 301 us
Iteration: 722
Timer Host Based C++ Timer took 297 us
Iteration: 723
Timer Host Based C++ Timer took 297 us
Iteration: 724
Timer Host Based C++ Timer took 298 us
Iteration: 725
Timer Host Based C++ Timer took 291 us
Iteration: 726
Timer Host Based C++ Timer took 303 us
Iteration: 727
Timer Host Based C++ Timer took 293 us
Iteration: 728
Timer Host Based C++ Timer took 293 us
Iteration: 729
Timer Host Based C++ Timer took 292 us
Iteration: 730
Timer Host Based C++ Timer took 293 us
Iteration: 731
Timer Host Based C++ Timer took 296 us
Iteration: 732
Timer Host Based C++ Timer took 294 us
Iteration: 733
Timer Host Based C++ Timer took 293 us
Iteration: 734
Timer Host Based C++ Timer took 294 us
Iteration: 735
Timer Host Based C++ Timer took 290 us
Iteration: 736
Timer Host Based C++ Timer took 298 us
Iteration: 737
Timer Host Based C++ Timer took 292 us
Iteration: 738
Timer Host Based C++ Timer took 300 us
Iteration: 739
Timer Host Based C++ Timer took 298 us
Iteration: 740
Timer Host Based C++ Timer took 298 us
Iteration: 741
Timer Host Based C++ Timer took 297 us
Iteration: 742
Timer Host Based C++ Timer took 297 us
Iteration: 743
Timer Host Based C++ Timer took 297 us
Iteration: 744
Timer Host Based C++ Timer took 300 us
Iteration: 745
Timer Host Based C++ Timer took 291 us
Iteration: 746
Timer Host Based C++ Timer took 296 us
Iteration: 747
Timer Host Based C++ Timer took 296 us
Iteration: 748
Timer Host Based C++ Timer took 299 us
Iteration: 749
Timer Host Based C++ Timer took 297 us
Iteration: 750
Timer Host Based C++ Timer took 292 us
Iteration: 751
Timer Host Based C++ Timer took 298 us
Iteration: 752
Timer Host Based C++ Timer took 296 us
Iteration: 753
Timer Host Based C++ Timer took 295 us
Iteration: 754
Timer Host Based C++ Timer took 298 us
Iteration: 755
Timer Host Based C++ Timer took 296 us
Iteration: 756
Timer Host Based C++ Timer took 296 us
Iteration: 757
Timer Host Based C++ Timer took 292 us
Iteration: 758
Timer Host Based C++ Timer took 295 us
Iteration: 759
Timer Host Based C++ Timer took 295 us
Iteration: 760
Timer Host Based C++ Timer took 297 us
Iteration: 761
Timer Host Based C++ Timer took 294 us
Iteration: 762
Timer Host Based C++ Timer took 293 us
Iteration: 763
Timer Host Based C++ Timer took 295 us
Iteration: 764
Timer Host Based C++ Timer took 292 us
Iteration: 765
Timer Host Based C++ Timer took 295 us
Iteration: 766
Timer Host Based C++ Timer took 297 us
Iteration: 767
Timer Host Based C++ Timer took 327 us
Iteration: 768
Timer Host Based C++ Timer took 314 us
Iteration: 769
Timer Host Based C++ Timer took 307 us
Iteration: 770
Timer Host Based C++ Timer took 310 us
Iteration: 771
Timer Host Based C++ Timer took 304 us
Iteration: 772
Timer Host Based C++ Timer took 300 us
Iteration: 773
Timer Host Based C++ Timer took 304 us
Iteration: 774
Timer Host Based C++ Timer took 304 us
Iteration: 775
Timer Host Based C++ Timer took 307 us
Iteration: 776
Timer Host Based C++ Timer took 306 us
Iteration: 777
Timer Host Based C++ Timer took 303 us
Iteration: 778
Timer Host Based C++ Timer took 306 us
Iteration: 779
Timer Host Based C++ Timer took 305 us
Iteration: 780
Timer Host Based C++ Timer took 298 us
Iteration: 781
Timer Host Based C++ Timer took 304 us
Iteration: 782
Timer Host Based C++ Timer took 306 us
Iteration: 783
Timer Host Based C++ Timer took 305 us
Iteration: 784
Timer Host Based C++ Timer took 304 us
Iteration: 785
Timer Host Based C++ Timer took 301 us
Iteration: 786
Timer Host Based C++ Timer took 309 us
Iteration: 787
Timer Host Based C++ Timer took 300 us
Iteration: 788
Timer Host Based C++ Timer took 309 us
Iteration: 789
Timer Host Based C++ Timer took 300 us
Iteration: 790
Timer Host Based C++ Timer took 307 us
Iteration: 791
Timer Host Based C++ Timer took 302 us
Iteration: 792
Timer Host Based C++ Timer took 307 us
Iteration: 793
Timer Host Based C++ Timer took 304 us
Iteration: 794
Timer Host Based C++ Timer took 302 us
Iteration: 795
Timer Host Based C++ Timer took 304 us
Iteration: 796
Timer Host Based C++ Timer took 301 us
Iteration: 797
Timer Host Based C++ Timer took 305 us
Iteration: 798
Timer Host Based C++ Timer took 307 us
Iteration: 799
Timer Host Based C++ Timer took 306 us
Iteration: 800
Timer Host Based C++ Timer took 307 us
Iteration: 801
Timer Host Based C++ Timer took 308 us
Iteration: 802
Timer Host Based C++ Timer took 301 us
Iteration: 803
Timer Host Based C++ Timer took 309 us
Iteration: 804
Timer Host Based C++ Timer took 303 us
Iteration: 805
Timer Host Based C++ Timer took 303 us
Iteration: 806
Timer Host Based C++ Timer took 307 us
Iteration: 807
Timer Host Based C++ Timer took 300 us
Iteration: 808
Timer Host Based C++ Timer took 299 us
Iteration: 809
Timer Host Based C++ Timer took 301 us
Iteration: 810
Timer Host Based C++ Timer took 298 us
Iteration: 811
Timer Host Based C++ Timer took 304 us
Iteration: 812
Timer Host Based C++ Timer took 305 us
Iteration: 813
Timer Host Based C++ Timer took 301 us
Iteration: 814
Timer Host Based C++ Timer took 302 us
Iteration: 815
Timer Host Based C++ Timer took 301 us
Iteration: 816
Timer Host Based C++ Timer took 302 us
Iteration: 817
Timer Host Based C++ Timer took 304 us
Iteration: 818
Timer Host Based C++ Timer took 305 us
Iteration: 819
Timer Host Based C++ Timer took 302 us
Iteration: 820
Timer Host Based C++ Timer took 303 us
Iteration: 821
Timer Host Based C++ Timer took 302 us
Iteration: 822
Timer Host Based C++ Timer took 302 us
Iteration: 823
Timer Host Based C++ Timer took 294 us
Iteration: 824
Timer Host Based C++ Timer took 304 us
Iteration: 825
Timer Host Based C++ Timer took 298 us
Iteration: 826
Timer Host Based C++ Timer took 302 us
Iteration: 827
Timer Host Based C++ Timer took 299 us
Iteration: 828
Timer Host Based C++ Timer took 303 us
Iteration: 829
Timer Host Based C++ Timer took 301 us
Iteration: 830
Timer Host Based C++ Timer took 299 us
Iteration: 831
Timer Host Based C++ Timer took 299 us
Iteration: 832
Timer Host Based C++ Timer took 302 us
Iteration: 833
Timer Host Based C++ Timer took 303 us
Iteration: 834
Timer Host Based C++ Timer took 301 us
Iteration: 835
Timer Host Based C++ Timer took 297 us
Iteration: 836
Timer Host Based C++ Timer took 302 us
Iteration: 837
Timer Host Based C++ Timer took 298 us
Iteration: 838
Timer Host Based C++ Timer took 305 us
Iteration: 839
Timer Host Based C++ Timer took 303 us
Iteration: 840
Timer Host Based C++ Timer took 302 us
Iteration: 841
Timer Host Based C++ Timer took 298 us
Iteration: 842
Timer Host Based C++ Timer took 301 us
Iteration: 843
Timer Host Based C++ Timer took 291 us
Iteration: 844
Timer Host Based C++ Timer took 298 us
Iteration: 845
Timer Host Based C++ Timer took 294 us
Iteration: 846
Timer Host Based C++ Timer took 298 us
Iteration: 847
Timer Host Based C++ Timer took 296 us
Iteration: 848
Timer Host Based C++ Timer took 299 us
Iteration: 849
Timer Host Based C++ Timer took 300 us
Iteration: 850
Timer Host Based C++ Timer took 301 us
Iteration: 851
Timer Host Based C++ Timer took 299 us
Iteration: 852
Timer Host Based C++ Timer took 296 us
Iteration: 853
Timer Host Based C++ Timer took 298 us
Iteration: 854
Timer Host Based C++ Timer took 295 us
Iteration: 855
Timer Host Based C++ Timer took 297 us
Iteration: 856
Timer Host Based C++ Timer took 303 us
Iteration: 857
Timer Host Based C++ Timer took 294 us
Iteration: 858
Timer Host Based C++ Timer took 298 us
Iteration: 859
Timer Host Based C++ Timer took 299 us
Iteration: 860
Timer Host Based C++ Timer took 297 us
Iteration: 861
Timer Host Based C++ Timer took 293 us
Iteration: 862
Timer Host Based C++ Timer took 298 us
Iteration: 863
Timer Host Based C++ Timer took 297 us
Iteration: 864
Timer Host Based C++ Timer took 297 us
Iteration: 865
Timer Host Based C++ Timer took 300 us
Iteration: 866
Timer Host Based C++ Timer took 296 us
Iteration: 867
Timer Host Based C++ Timer took 292 us
Iteration: 868
Timer Host Based C++ Timer took 293 us
Iteration: 869
Timer Host Based C++ Timer took 295 us
Iteration: 870
Timer Host Based C++ Timer took 292 us
Iteration: 871
Timer Host Based C++ Timer took 291 us
Iteration: 872
Timer Host Based C++ Timer took 299 us
Iteration: 873
Timer Host Based C++ Timer took 292 us
Iteration: 874
Timer Host Based C++ Timer took 297 us
Iteration: 875
Timer Host Based C++ Timer took 296 us
Iteration: 876
Timer Host Based C++ Timer took 299 us
Iteration: 877
Timer Host Based C++ Timer took 289 us
Iteration: 878
Timer Host Based C++ Timer took 294 us
Iteration: 879
Timer Host Based C++ Timer took 295 us
Iteration: 880
Timer Host Based C++ Timer took 298 us
Iteration: 881
Timer Host Based C++ Timer took 291 us
Iteration: 882
Timer Host Based C++ Timer took 297 us
Iteration: 883
Timer Host Based C++ Timer took 293 us
Iteration: 884
Timer Host Based C++ Timer took 291 us
Iteration: 885
Timer Host Based C++ Timer took 296 us
Iteration: 886
Timer Host Based C++ Timer took 296 us
Iteration: 887
Timer Host Based C++ Timer took 293 us
Iteration: 888
Timer Host Based C++ Timer took 294 us
Iteration: 889
Timer Host Based C++ Timer took 292 us
Iteration: 890
Timer Host Based C++ Timer took 297 us
Iteration: 891
Timer Host Based C++ Timer took 296 us
Iteration: 892
Timer Host Based C++ Timer took 296 us
Iteration: 893
Timer Host Based C++ Timer took 294 us
Iteration: 894
Timer Host Based C++ Timer took 293 us
Iteration: 895
Timer Host Based C++ Timer took 297 us
Iteration: 896
Timer Host Based C++ Timer took 298 us
Iteration: 897
Timer Host Based C++ Timer took 292 us
Iteration: 898
Timer Host Based C++ Timer took 295 us
Iteration: 899
Timer Host Based C++ Timer took 293 us
Iteration: 900
Timer Host Based C++ Timer took 287 us
Iteration: 901
Timer Host Based C++ Timer took 295 us
Iteration: 902
Timer Host Based C++ Timer took 296 us
Iteration: 903
Timer Host Based C++ Timer took 293 us
Iteration: 904
Timer Host Based C++ Timer took 299 us
Iteration: 905
Timer Host Based C++ Timer took 296 us
Iteration: 906
Timer Host Based C++ Timer took 296 us
Iteration: 907
Timer Host Based C++ Timer took 299 us
Iteration: 908
Timer Host Based C++ Timer took 296 us
Iteration: 909
Timer Host Based C++ Timer took 297 us
Iteration: 910
Timer Host Based C++ Timer took 297 us
Iteration: 911
Timer Host Based C++ Timer took 293 us
Iteration: 912
Timer Host Based C++ Timer took 291 us
Iteration: 913
Timer Host Based C++ Timer took 293 us
Iteration: 914
Timer Host Based C++ Timer took 294 us
Iteration: 915
Timer Host Based C++ Timer took 297 us
Iteration: 916
Timer Host Based C++ Timer took 302 us
Iteration: 917
Timer Host Based C++ Timer took 294 us
Iteration: 918
Timer Host Based C++ Timer took 295 us
Iteration: 919
Timer Host Based C++ Timer took 298 us
Iteration: 920
Timer Host Based C++ Timer took 297 us
Iteration: 921
Timer Host Based C++ Timer took 289 us
Iteration: 922
Timer Host Based C++ Timer took 294 us
Iteration: 923
Timer Host Based C++ Timer took 293 us
Iteration: 924
Timer Host Based C++ Timer took 292 us
Iteration: 925
Timer Host Based C++ Timer took 290 us
Iteration: 926
Timer Host Based C++ Timer took 289 us
Iteration: 927
Timer Host Based C++ Timer took 292 us
Iteration: 928
Timer Host Based C++ Timer took 295 us
Iteration: 929
Timer Host Based C++ Timer took 292 us
Iteration: 930
Timer Host Based C++ Timer took 297 us
Iteration: 931
Timer Host Based C++ Timer took 294 us
Iteration: 932
Timer Host Based C++ Timer took 288 us
Iteration: 933
Timer Host Based C++ Timer took 292 us
Iteration: 934
Timer Host Based C++ Timer took 297 us
Iteration: 935
Timer Host Based C++ Timer took 298 us
Iteration: 936
Timer Host Based C++ Timer took 293 us
Iteration: 937
Timer Host Based C++ Timer took 290 us
Iteration: 938
Timer Host Based C++ Timer took 296 us
Iteration: 939
Timer Host Based C++ Timer took 289 us
Iteration: 940
Timer Host Based C++ Timer took 293 us
Iteration: 941
Timer Host Based C++ Timer took 293 us
Iteration: 942
Timer Host Based C++ Timer took 293 us
Iteration: 943
Timer Host Based C++ Timer took 296 us
Iteration: 944
Timer Host Based C++ Timer took 291 us
Iteration: 945
Timer Host Based C++ Timer took 295 us
Iteration: 946
Timer Host Based C++ Timer took 296 us
Iteration: 947
Timer Host Based C++ Timer took 296 us
Iteration: 948
Timer Host Based C++ Timer took 290 us
Iteration: 949
Timer Host Based C++ Timer took 294 us
Iteration: 950
Timer Host Based C++ Timer took 293 us
Iteration: 951
Timer Host Based C++ Timer took 298 us
Iteration: 952
Timer Host Based C++ Timer took 302 us
Iteration: 953
Timer Host Based C++ Timer took 293 us
Iteration: 954
Timer Host Based C++ Timer took 297 us
Iteration: 955
Timer Host Based C++ Timer took 297 us
Iteration: 956
Timer Host Based C++ Timer took 297 us
Iteration: 957
Timer Host Based C++ Timer took 304 us
Iteration: 958
Timer Host Based C++ Timer took 295 us
Iteration: 959
Timer Host Based C++ Timer took 296 us
Iteration: 960
Timer Host Based C++ Timer took 298 us
Iteration: 961
Timer Host Based C++ Timer took 293 us
Iteration: 962
Timer Host Based C++ Timer took 292 us
Iteration: 963
Timer Host Based C++ Timer took 295 us
Iteration: 964
Timer Host Based C++ Timer took 290 us
Iteration: 965
Timer Host Based C++ Timer took 293 us
Iteration: 966
Timer Host Based C++ Timer took 295 us
Iteration: 967
Timer Host Based C++ Timer took 296 us
Iteration: 968
Timer Host Based C++ Timer took 300 us
Iteration: 969
Timer Host Based C++ Timer took 294 us
Iteration: 970
Timer Host Based C++ Timer took 298 us
Iteration: 971
Timer Host Based C++ Timer took 293 us
Iteration: 972
Timer Host Based C++ Timer took 298 us
Iteration: 973
Timer Host Based C++ Timer took 294 us
Iteration: 974
Timer Host Based C++ Timer took 297 us
Iteration: 975
Timer Host Based C++ Timer took 292 us
Iteration: 976
Timer Host Based C++ Timer took 294 us
Iteration: 977
Timer Host Based C++ Timer took 297 us
Iteration: 978
Timer Host Based C++ Timer took 296 us
Iteration: 979
Timer Host Based C++ Timer took 294 us
Iteration: 980
Timer Host Based C++ Timer took 296 us
Iteration: 981
Timer Host Based C++ Timer took 293 us
Iteration: 982
Timer Host Based C++ Timer took 290 us
Iteration: 983
Timer Host Based C++ Timer took 296 us
Iteration: 984
Timer Host Based C++ Timer took 294 us
Iteration: 985
Timer Host Based C++ Timer took 294 us
Iteration: 986
Timer Host Based C++ Timer took 298 us
Iteration: 987
Timer Host Based C++ Timer took 297 us
Iteration: 988
Timer Host Based C++ Timer took 295 us
Iteration: 989
Timer Host Based C++ Timer took 295 us
Iteration: 990
Timer Host Based C++ Timer took 296 us
Iteration: 991
Timer Host Based C++ Timer took 297 us
Iteration: 992
Timer Host Based C++ Timer took 294 us
Iteration: 993
Timer Host Based C++ Timer took 295 us
Iteration: 994
Timer Host Based C++ Timer took 296 us
Iteration: 995
Timer Host Based C++ Timer took 295 us
Iteration: 996
Timer Host Based C++ Timer took 300 us
Iteration: 997
Timer Host Based C++ Timer took 293 us
Iteration: 998
Timer Host Based C++ Timer took 296 us
Iteration: 999
Timer Host Based C++ Timer took 294 us
Step 1140 done.
Writing to: "/capstor/scratch/cscs/ybudanaz/icon-artifacts/velocity/gotwant/data_nproma20480/global_data_1140.got"
Writing to: "/capstor/scratch/cscs/ybudanaz/icon-artifacts/velocity/gotwant/data_nproma20480/global_data_1140.want"
Writing to: "/capstor/scratch/cscs/ybudanaz/icon-artifacts/velocity/gotwant/data_nproma20480/p_diag_1140.got"
Writing to: "/capstor/scratch/cscs/ybudanaz/icon-artifacts/velocity/gotwant/data_nproma20480/p_metrics_1140.got"
Writing to: "/capstor/scratch/cscs/ybudanaz/icon-artifacts/velocity/gotwant/data_nproma20480/p_diag_1140.want"
Writing to: "/capstor/scratch/cscs/ybudanaz/icon-artifacts/velocity/gotwant/data_nproma20480/p_metrics_1140.want"
Writing to: "/capstor/scratch/cscs/ybudanaz/icon-artifacts/velocity/gotwant/data_nproma20480/p_prog_1140.got"
Writing to: "/capstor/scratch/cscs/ybudanaz/icon-artifacts/velocity/gotwant/data_nproma20480/z_kin_hor_e_1140.got"
Writing to: "/capstor/scratch/cscs/ybudanaz/icon-artifacts/velocity/gotwant/data_nproma20480/p_prog_1140.want"
Writing to: "/capstor/scratch/cscs/ybudanaz/icon-artifacts/velocity/gotwant/data_nproma20480/z_vt_ie_1140.got"
Writing to: "/capstor/scratch/cscs/ybudanaz/icon-artifacts/velocity/gotwant/data_nproma20480/z_w_concorr_me_1140.got"
Writing to: "/capstor/scratch/cscs/ybudanaz/icon-artifacts/velocity/gotwant/data_nproma20480/z_kin_hor_e_1140.want"
Writing to: "/capstor/scratch/cscs/ybudanaz/icon-artifacts/velocity/gotwant/data_nproma20480/z_vt_ie_1140.want"
Writing to: "/capstor/scratch/cscs/ybudanaz/icon-artifacts/velocity/gotwant/data_nproma20480/z_w_concorr_me_1140.want"
Reading from: "data_nproma20480/p_diag.t0.1814.data"
Reading from: "data_nproma20480/global_data.t0.1814.data"
Reading from: "data_nproma20480/p_int.1814.data"
Reading from: "data_nproma20480/global_data.t1.1814.data"
Reading from: "data_nproma20480/z_w_concorr_me.t0.1814.data"
Reading from: "data_nproma20480/z_vt_ie.t0.1814.data"
Reading from: "data_nproma20480/p_metrics.t0.1814.data"
Reading from: "data_nproma20480/z_kin_hor_e.t0.1814.data"
Reading from: "data_nproma20480/ldeepatmo.1814.data"
Reading from: "data_nproma20480/lvn_only.1814.data"
Reading from: "data_nproma20480/z_kin_hor_e.t1.1814.data"
Reading from: "data_nproma20480/istep.1814.data"
Reading from: "data_nproma20480/dt_linintp_ubc.1814.data"
Reading from: "data_nproma20480/p_diag.t1.1814.data"
Reading from: "data_nproma20480/ntnd.1814.data"
Reading from: "data_nproma20480/p_patch.1814.data"
Reading from: "data_nproma20480/z_vt_ie.t1.1814.data"
Reading from: "data_nproma20480/p_prog.t1.1814.data"
Reading from: "data_nproma20480/p_prog.t0.1814.data"
Reading from: "data_nproma20480/p_metrics.t1.1814.data"
Reading from: "data_nproma20480/dtime.1814.data"
Reading from: "data_nproma20480/z_w_concorr_me.t1.1814.data"
Step 1814 variables, extra_diffu: 1, istep: 2, lvn_only: 0, ldeepatmo: 0
Iteration: 0
Timer Host Based C++ Timer took 550 us
Iteration: 1
Timer Host Based C++ Timer took 323 us
Iteration: 2
Timer Host Based C++ Timer took 315 us
Iteration: 3
Timer Host Based C++ Timer took 318 us
Iteration: 4
Timer Host Based C++ Timer took 311 us
Iteration: 5
Timer Host Based C++ Timer took 319 us
Iteration: 6
Timer Host Based C++ Timer took 314 us
Iteration: 7
Timer Host Based C++ Timer took 320 us
Iteration: 8
Timer Host Based C++ Timer took 320 us
Iteration: 9
Timer Host Based C++ Timer took 316 us
Iteration: 10
Timer Host Based C++ Timer took 322 us
Iteration: 11
Timer Host Based C++ Timer took 314 us
Iteration: 12
Timer Host Based C++ Timer took 315 us
Iteration: 13
Timer Host Based C++ Timer took 318 us
Iteration: 14
Timer Host Based C++ Timer took 319 us
Iteration: 15
Timer Host Based C++ Timer took 312 us
Iteration: 16
Timer Host Based C++ Timer took 315 us
Iteration: 17
Timer Host Based C++ Timer took 319 us
Iteration: 18
Timer Host Based C++ Timer took 314 us
Iteration: 19
Timer Host Based C++ Timer took 312 us
Iteration: 20
Timer Host Based C++ Timer took 316 us
Iteration: 21
Timer Host Based C++ Timer took 315 us
Iteration: 22
Timer Host Based C++ Timer took 319 us
Iteration: 23
Timer Host Based C++ Timer took 318 us
Iteration: 24
Timer Host Based C++ Timer took 315 us
Iteration: 25
Timer Host Based C++ Timer took 315 us
Iteration: 26
Timer Host Based C++ Timer took 315 us
Iteration: 27
Timer Host Based C++ Timer took 319 us
Iteration: 28
Timer Host Based C++ Timer took 311 us
Iteration: 29
Timer Host Based C++ Timer took 319 us
Iteration: 30
Timer Host Based C++ Timer took 322 us
Iteration: 31
Timer Host Based C++ Timer took 320 us
Iteration: 32
Timer Host Based C++ Timer took 317 us
Iteration: 33
Timer Host Based C++ Timer took 315 us
Iteration: 34
Timer Host Based C++ Timer took 321 us
Iteration: 35
Timer Host Based C++ Timer took 320 us
Iteration: 36
Timer Host Based C++ Timer took 316 us
Iteration: 37
Timer Host Based C++ Timer took 313 us
Iteration: 38
Timer Host Based C++ Timer took 312 us
Iteration: 39
Timer Host Based C++ Timer took 316 us
Iteration: 40
Timer Host Based C++ Timer took 306 us
Iteration: 41
Timer Host Based C++ Timer took 313 us
Iteration: 42
Timer Host Based C++ Timer took 310 us
Iteration: 43
Timer Host Based C++ Timer took 315 us
Iteration: 44
Timer Host Based C++ Timer took 321 us
Iteration: 45
Timer Host Based C++ Timer took 310 us
Iteration: 46
Timer Host Based C++ Timer took 311 us
Iteration: 47
Timer Host Based C++ Timer took 316 us
Iteration: 48
Timer Host Based C++ Timer took 318 us
Iteration: 49
Timer Host Based C++ Timer took 310 us
Iteration: 50
Timer Host Based C++ Timer took 319 us
Iteration: 51
Timer Host Based C++ Timer took 320 us
Iteration: 52
Timer Host Based C++ Timer took 314 us
Iteration: 53
Timer Host Based C++ Timer took 325 us
Iteration: 54
Timer Host Based C++ Timer took 313 us
Iteration: 55
Timer Host Based C++ Timer took 307 us
Iteration: 56
Timer Host Based C++ Timer took 308 us
Iteration: 57
Timer Host Based C++ Timer took 313 us
Iteration: 58
Timer Host Based C++ Timer took 307 us
Iteration: 59
Timer Host Based C++ Timer took 310 us
Iteration: 60
Timer Host Based C++ Timer took 307 us
Iteration: 61
Timer Host Based C++ Timer took 305 us
Iteration: 62
Timer Host Based C++ Timer took 310 us
Iteration: 63
Timer Host Based C++ Timer took 306 us
Iteration: 64
Timer Host Based C++ Timer took 311 us
Iteration: 65
Timer Host Based C++ Timer took 308 us
Iteration: 66
Timer Host Based C++ Timer took 307 us
Iteration: 67
Timer Host Based C++ Timer took 312 us
Iteration: 68
Timer Host Based C++ Timer took 310 us
Iteration: 69
Timer Host Based C++ Timer took 309 us
Iteration: 70
Timer Host Based C++ Timer took 312 us
Iteration: 71
Timer Host Based C++ Timer took 304 us
Iteration: 72
Timer Host Based C++ Timer took 305 us
Iteration: 73
Timer Host Based C++ Timer took 303 us
Iteration: 74
Timer Host Based C++ Timer took 305 us
Iteration: 75
Timer Host Based C++ Timer took 303 us
Iteration: 76
Timer Host Based C++ Timer took 307 us
Iteration: 77
Timer Host Based C++ Timer took 302 us
Iteration: 78
Timer Host Based C++ Timer took 304 us
Iteration: 79
Timer Host Based C++ Timer took 302 us
Iteration: 80
Timer Host Based C++ Timer took 305 us
Iteration: 81
Timer Host Based C++ Timer took 304 us
Iteration: 82
Timer Host Based C++ Timer took 321 us
Iteration: 83
Timer Host Based C++ Timer took 302 us
Iteration: 84
Timer Host Based C++ Timer took 303 us
Iteration: 85
Timer Host Based C++ Timer took 304 us
Iteration: 86
Timer Host Based C++ Timer took 308 us
Iteration: 87
Timer Host Based C++ Timer took 303 us
Iteration: 88
Timer Host Based C++ Timer took 305 us
Iteration: 89
Timer Host Based C++ Timer took 302 us
Iteration: 90
Timer Host Based C++ Timer took 303 us
Iteration: 91
Timer Host Based C++ Timer took 301 us
Iteration: 92
Timer Host Based C++ Timer took 307 us
Iteration: 93
Timer Host Based C++ Timer took 303 us
Iteration: 94
Timer Host Based C++ Timer took 303 us
Iteration: 95
Timer Host Based C++ Timer took 303 us
Iteration: 96
Timer Host Based C++ Timer took 301 us
Iteration: 97
Timer Host Based C++ Timer took 303 us
Iteration: 98
Timer Host Based C++ Timer took 302 us
Iteration: 99
Timer Host Based C++ Timer took 301 us
Iteration: 100
Timer Host Based C++ Timer took 303 us
Iteration: 101
Timer Host Based C++ Timer took 298 us
Iteration: 102
Timer Host Based C++ Timer took 302 us
Iteration: 103
Timer Host Based C++ Timer took 301 us
Iteration: 104
Timer Host Based C++ Timer took 299 us
Iteration: 105
Timer Host Based C++ Timer took 302 us
Iteration: 106
Timer Host Based C++ Timer took 303 us
Iteration: 107
Timer Host Based C++ Timer took 307 us
Iteration: 108
Timer Host Based C++ Timer took 308 us
Iteration: 109
Timer Host Based C++ Timer took 305 us
Iteration: 110
Timer Host Based C++ Timer took 303 us
Iteration: 111
Timer Host Based C++ Timer took 304 us
Iteration: 112
Timer Host Based C++ Timer took 309 us
Iteration: 113
Timer Host Based C++ Timer took 305 us
Iteration: 114
Timer Host Based C++ Timer took 306 us
Iteration: 115
Timer Host Based C++ Timer took 301 us
Iteration: 116
Timer Host Based C++ Timer took 303 us
Iteration: 117
Timer Host Based C++ Timer took 304 us
Iteration: 118
Timer Host Based C++ Timer took 302 us
Iteration: 119
Timer Host Based C++ Timer took 301 us
Iteration: 120
Timer Host Based C++ Timer took 300 us
Iteration: 121
Timer Host Based C++ Timer took 303 us
Iteration: 122
Timer Host Based C++ Timer took 302 us
Iteration: 123
Timer Host Based C++ Timer took 306 us
Iteration: 124
Timer Host Based C++ Timer took 306 us
Iteration: 125
Timer Host Based C++ Timer took 302 us
Iteration: 126
Timer Host Based C++ Timer took 307 us
Iteration: 127
Timer Host Based C++ Timer took 303 us
Iteration: 128
Timer Host Based C++ Timer took 302 us
Iteration: 129
Timer Host Based C++ Timer took 305 us
Iteration: 130
Timer Host Based C++ Timer took 302 us
Iteration: 131
Timer Host Based C++ Timer took 307 us
Iteration: 132
Timer Host Based C++ Timer took 304 us
Iteration: 133
Timer Host Based C++ Timer took 302 us
Iteration: 134
Timer Host Based C++ Timer took 310 us
Iteration: 135
Timer Host Based C++ Timer took 303 us
Iteration: 136
Timer Host Based C++ Timer took 309 us
Iteration: 137
Timer Host Based C++ Timer took 304 us
Iteration: 138
Timer Host Based C++ Timer took 301 us
Iteration: 139
Timer Host Based C++ Timer took 299 us
Iteration: 140
Timer Host Based C++ Timer took 305 us
Iteration: 141
Timer Host Based C++ Timer took 305 us
Iteration: 142
Timer Host Based C++ Timer took 300 us
Iteration: 143
Timer Host Based C++ Timer took 302 us
Iteration: 144
Timer Host Based C++ Timer took 304 us
Iteration: 145
Timer Host Based C++ Timer took 302 us
Iteration: 146
Timer Host Based C++ Timer took 311 us
Iteration: 147
Timer Host Based C++ Timer took 300 us
Iteration: 148
Timer Host Based C++ Timer took 304 us
Iteration: 149
Timer Host Based C++ Timer took 304 us
Iteration: 150
Timer Host Based C++ Timer took 302 us
Iteration: 151
Timer Host Based C++ Timer took 307 us
Iteration: 152
Timer Host Based C++ Timer took 305 us
Iteration: 153
Timer Host Based C++ Timer took 302 us
Iteration: 154
Timer Host Based C++ Timer took 305 us
Iteration: 155
Timer Host Based C++ Timer took 306 us
Iteration: 156
Timer Host Based C++ Timer took 306 us
Iteration: 157
Timer Host Based C++ Timer took 304 us
Iteration: 158
Timer Host Based C++ Timer took 305 us
Iteration: 159
Timer Host Based C++ Timer took 304 us
Iteration: 160
Timer Host Based C++ Timer took 302 us
Iteration: 161
Timer Host Based C++ Timer took 300 us
Iteration: 162
Timer Host Based C++ Timer took 303 us
Iteration: 163
Timer Host Based C++ Timer took 303 us
Iteration: 164
Timer Host Based C++ Timer took 308 us
Iteration: 165
Timer Host Based C++ Timer took 305 us
Iteration: 166
Timer Host Based C++ Timer took 307 us
Iteration: 167
Timer Host Based C++ Timer took 306 us
Iteration: 168
Timer Host Based C++ Timer took 303 us
Iteration: 169
Timer Host Based C++ Timer took 306 us
Iteration: 170
Timer Host Based C++ Timer took 308 us
Iteration: 171
Timer Host Based C++ Timer took 308 us
Iteration: 172
Timer Host Based C++ Timer took 304 us
Iteration: 173
Timer Host Based C++ Timer took 308 us
Iteration: 174
Timer Host Based C++ Timer took 308 us
Iteration: 175
Timer Host Based C++ Timer took 305 us
Iteration: 176
Timer Host Based C++ Timer took 309 us
Iteration: 177
Timer Host Based C++ Timer took 304 us
Iteration: 178
Timer Host Based C++ Timer took 308 us
Iteration: 179
Timer Host Based C++ Timer took 304 us
Iteration: 180
Timer Host Based C++ Timer took 310 us
Iteration: 181
Timer Host Based C++ Timer took 298 us
Iteration: 182
Timer Host Based C++ Timer took 307 us
Iteration: 183
Timer Host Based C++ Timer took 304 us
Iteration: 184
Timer Host Based C++ Timer took 299 us
Iteration: 185
Timer Host Based C++ Timer took 306 us
Iteration: 186
Timer Host Based C++ Timer took 306 us
Iteration: 187
Timer Host Based C++ Timer took 304 us
Iteration: 188
Timer Host Based C++ Timer took 305 us
Iteration: 189
Timer Host Based C++ Timer took 307 us
Iteration: 190
Timer Host Based C++ Timer took 305 us
Iteration: 191
Timer Host Based C++ Timer took 304 us
Iteration: 192
Timer Host Based C++ Timer took 307 us
Iteration: 193
Timer Host Based C++ Timer took 307 us
Iteration: 194
Timer Host Based C++ Timer took 303 us
Iteration: 195
Timer Host Based C++ Timer took 305 us
Iteration: 196
Timer Host Based C++ Timer took 307 us
Iteration: 197
Timer Host Based C++ Timer took 306 us
Iteration: 198
Timer Host Based C++ Timer took 305 us
Iteration: 199
Timer Host Based C++ Timer took 306 us
Iteration: 200
Timer Host Based C++ Timer took 305 us
Iteration: 201
Timer Host Based C++ Timer took 307 us
Iteration: 202
Timer Host Based C++ Timer took 307 us
Iteration: 203
Timer Host Based C++ Timer took 305 us
Iteration: 204
Timer Host Based C++ Timer took 309 us
Iteration: 205
Timer Host Based C++ Timer took 298 us
Iteration: 206
Timer Host Based C++ Timer took 301 us
Iteration: 207
Timer Host Based C++ Timer took 303 us
Iteration: 208
Timer Host Based C++ Timer took 303 us
Iteration: 209
Timer Host Based C++ Timer took 307 us
Iteration: 210
Timer Host Based C++ Timer took 298 us
Iteration: 211
Timer Host Based C++ Timer took 299 us
Iteration: 212
Timer Host Based C++ Timer took 301 us
Iteration: 213
Timer Host Based C++ Timer took 302 us
Iteration: 214
Timer Host Based C++ Timer took 303 us
Iteration: 215
Timer Host Based C++ Timer took 302 us
Iteration: 216
Timer Host Based C++ Timer took 306 us
Iteration: 217
Timer Host Based C++ Timer took 300 us
Iteration: 218
Timer Host Based C++ Timer took 305 us
Iteration: 219
Timer Host Based C++ Timer took 305 us
Iteration: 220
Timer Host Based C++ Timer took 306 us
Iteration: 221
Timer Host Based C++ Timer took 303 us
Iteration: 222
Timer Host Based C++ Timer took 305 us
Iteration: 223
Timer Host Based C++ Timer took 306 us
Iteration: 224
Timer Host Based C++ Timer took 305 us
Iteration: 225
Timer Host Based C++ Timer took 320 us
Iteration: 226
Timer Host Based C++ Timer took 304 us
Iteration: 227
Timer Host Based C++ Timer took 304 us
Iteration: 228
Timer Host Based C++ Timer took 306 us
Iteration: 229
Timer Host Based C++ Timer took 306 us
Iteration: 230
Timer Host Based C++ Timer took 306 us
Iteration: 231
Timer Host Based C++ Timer took 305 us
Iteration: 232
Timer Host Based C++ Timer took 299 us
Iteration: 233
Timer Host Based C++ Timer took 300 us
Iteration: 234
Timer Host Based C++ Timer took 300 us
Iteration: 235
Timer Host Based C++ Timer took 303 us
Iteration: 236
Timer Host Based C++ Timer took 306 us
Iteration: 237
Timer Host Based C++ Timer took 301 us
Iteration: 238
Timer Host Based C++ Timer took 301 us
Iteration: 239
Timer Host Based C++ Timer took 304 us
Iteration: 240
Timer Host Based C++ Timer took 306 us
Iteration: 241
Timer Host Based C++ Timer took 306 us
Iteration: 242
Timer Host Based C++ Timer took 306 us
Iteration: 243
Timer Host Based C++ Timer took 303 us
Iteration: 244
Timer Host Based C++ Timer took 304 us
Iteration: 245
Timer Host Based C++ Timer took 304 us
Iteration: 246
Timer Host Based C++ Timer took 309 us
Iteration: 247
Timer Host Based C++ Timer took 304 us
Iteration: 248
Timer Host Based C++ Timer took 348 us
Iteration: 249
Timer Host Based C++ Timer took 302 us
Iteration: 250
Timer Host Based C++ Timer took 300 us
Iteration: 251
Timer Host Based C++ Timer took 308 us
Iteration: 252
Timer Host Based C++ Timer took 414 us
Iteration: 253
Timer Host Based C++ Timer took 302 us
Iteration: 254
Timer Host Based C++ Timer took 308 us
Iteration: 255
Timer Host Based C++ Timer took 302 us
Iteration: 256
Timer Host Based C++ Timer took 308 us
Iteration: 257
Timer Host Based C++ Timer took 308 us
Iteration: 258
Timer Host Based C++ Timer took 303 us
Iteration: 259
Timer Host Based C++ Timer took 304 us
Iteration: 260
Timer Host Based C++ Timer took 305 us
Iteration: 261
Timer Host Based C++ Timer took 310 us
Iteration: 262
Timer Host Based C++ Timer took 308 us
Iteration: 263
Timer Host Based C++ Timer took 310 us
Iteration: 264
Timer Host Based C++ Timer took 306 us
Iteration: 265
Timer Host Based C++ Timer took 309 us
Iteration: 266
Timer Host Based C++ Timer took 306 us
Iteration: 267
Timer Host Based C++ Timer took 308 us
Iteration: 268
Timer Host Based C++ Timer took 302 us
Iteration: 269
Timer Host Based C++ Timer took 304 us
Iteration: 270
Timer Host Based C++ Timer took 307 us
Iteration: 271
Timer Host Based C++ Timer took 301 us
Iteration: 272
Timer Host Based C++ Timer took 312 us
Iteration: 273
Timer Host Based C++ Timer took 303 us
Iteration: 274
Timer Host Based C++ Timer took 304 us
Iteration: 275
Timer Host Based C++ Timer took 303 us
Iteration: 276
Timer Host Based C++ Timer took 302 us
Iteration: 277
Timer Host Based C++ Timer took 305 us
Iteration: 278
Timer Host Based C++ Timer took 302 us
Iteration: 279
Timer Host Based C++ Timer took 305 us
Iteration: 280
Timer Host Based C++ Timer took 307 us
Iteration: 281
Timer Host Based C++ Timer took 307 us
Iteration: 282
Timer Host Based C++ Timer took 302 us
Iteration: 283
Timer Host Based C++ Timer took 309 us
Iteration: 284
Timer Host Based C++ Timer took 306 us
Iteration: 285
Timer Host Based C++ Timer took 311 us
Iteration: 286
Timer Host Based C++ Timer took 306 us
Iteration: 287
Timer Host Based C++ Timer took 306 us
Iteration: 288
Timer Host Based C++ Timer took 308 us
Iteration: 289
Timer Host Based C++ Timer took 309 us
Iteration: 290
Timer Host Based C++ Timer took 311 us
Iteration: 291
Timer Host Based C++ Timer took 309 us
Iteration: 292
Timer Host Based C++ Timer took 308 us
Iteration: 293
Timer Host Based C++ Timer took 307 us
Iteration: 294
Timer Host Based C++ Timer took 307 us
Iteration: 295
Timer Host Based C++ Timer took 304 us
Iteration: 296
Timer Host Based C++ Timer took 305 us
Iteration: 297
Timer Host Based C++ Timer took 304 us
Iteration: 298
Timer Host Based C++ Timer took 317 us
Iteration: 299
Timer Host Based C++ Timer took 303 us
Iteration: 300
Timer Host Based C++ Timer took 307 us
Iteration: 301
Timer Host Based C++ Timer took 306 us
Iteration: 302
Timer Host Based C++ Timer took 306 us
Iteration: 303
Timer Host Based C++ Timer took 307 us
Iteration: 304
Timer Host Based C++ Timer took 303 us
Iteration: 305
Timer Host Based C++ Timer took 312 us
Iteration: 306
Timer Host Based C++ Timer took 303 us
Iteration: 307
Timer Host Based C++ Timer took 304 us
Iteration: 308
Timer Host Based C++ Timer took 302 us
Iteration: 309
Timer Host Based C++ Timer took 304 us
Iteration: 310
Timer Host Based C++ Timer took 303 us
Iteration: 311
Timer Host Based C++ Timer took 302 us
Iteration: 312
Timer Host Based C++ Timer took 306 us
Iteration: 313
Timer Host Based C++ Timer took 306 us
Iteration: 314
Timer Host Based C++ Timer took 306 us
Iteration: 315
Timer Host Based C++ Timer took 306 us
Iteration: 316
Timer Host Based C++ Timer took 304 us
Iteration: 317
Timer Host Based C++ Timer took 300 us
Iteration: 318
Timer Host Based C++ Timer took 309 us
Iteration: 319
Timer Host Based C++ Timer took 301 us
Iteration: 320
Timer Host Based C++ Timer took 306 us
Iteration: 321
Timer Host Based C++ Timer took 299 us
Iteration: 322
Timer Host Based C++ Timer took 307 us
Iteration: 323
Timer Host Based C++ Timer took 302 us
Iteration: 324
Timer Host Based C++ Timer took 302 us
Iteration: 325
Timer Host Based C++ Timer took 303 us
Iteration: 326
Timer Host Based C++ Timer took 301 us
Iteration: 327
Timer Host Based C++ Timer took 303 us
Iteration: 328
Timer Host Based C++ Timer took 301 us
Iteration: 329
Timer Host Based C++ Timer took 305 us
Iteration: 330
Timer Host Based C++ Timer took 304 us
Iteration: 331
Timer Host Based C++ Timer took 303 us
Iteration: 332
Timer Host Based C++ Timer took 306 us
Iteration: 333
Timer Host Based C++ Timer took 299 us
Iteration: 334
Timer Host Based C++ Timer took 299 us
Iteration: 335
Timer Host Based C++ Timer took 300 us
Iteration: 336
Timer Host Based C++ Timer took 305 us
Iteration: 337
Timer Host Based C++ Timer took 307 us
Iteration: 338
Timer Host Based C++ Timer took 300 us
Iteration: 339
Timer Host Based C++ Timer took 302 us
Iteration: 340
Timer Host Based C++ Timer took 298 us
Iteration: 341
Timer Host Based C++ Timer took 302 us
Iteration: 342
Timer Host Based C++ Timer took 303 us
Iteration: 343
Timer Host Based C++ Timer took 300 us
Iteration: 344
Timer Host Based C++ Timer took 304 us
Iteration: 345
Timer Host Based C++ Timer took 302 us
Iteration: 346
Timer Host Based C++ Timer took 303 us
Iteration: 347
Timer Host Based C++ Timer took 301 us
Iteration: 348
Timer Host Based C++ Timer took 293 us
Iteration: 349
Timer Host Based C++ Timer took 304 us
Iteration: 350
Timer Host Based C++ Timer took 303 us
Iteration: 351
Timer Host Based C++ Timer took 306 us
Iteration: 352
Timer Host Based C++ Timer took 303 us
Iteration: 353
Timer Host Based C++ Timer took 302 us
Iteration: 354
Timer Host Based C++ Timer took 303 us
Iteration: 355
Timer Host Based C++ Timer took 298 us
Iteration: 356
Timer Host Based C++ Timer took 301 us
Iteration: 357
Timer Host Based C++ Timer took 298 us
Iteration: 358
Timer Host Based C++ Timer took 303 us
Iteration: 359
Timer Host Based C++ Timer took 302 us
Iteration: 360
Timer Host Based C++ Timer took 304 us
Iteration: 361
Timer Host Based C++ Timer took 299 us
Iteration: 362
Timer Host Based C++ Timer took 306 us
Iteration: 363
Timer Host Based C++ Timer took 300 us
Iteration: 364
Timer Host Based C++ Timer took 303 us
Iteration: 365
Timer Host Based C++ Timer took 304 us
Iteration: 366
Timer Host Based C++ Timer took 313 us
Iteration: 367
Timer Host Based C++ Timer took 303 us
Iteration: 368
Timer Host Based C++ Timer took 303 us
Iteration: 369
Timer Host Based C++ Timer took 303 us
Iteration: 370
Timer Host Based C++ Timer took 309 us
Iteration: 371
Timer Host Based C++ Timer took 300 us
Iteration: 372
Timer Host Based C++ Timer took 306 us
Iteration: 373
Timer Host Based C++ Timer took 301 us
Iteration: 374
Timer Host Based C++ Timer took 300 us
Iteration: 375
Timer Host Based C++ Timer took 305 us
Iteration: 376
Timer Host Based C++ Timer took 302 us
Iteration: 377
Timer Host Based C++ Timer took 301 us
Iteration: 378
Timer Host Based C++ Timer took 302 us
Iteration: 379
Timer Host Based C++ Timer took 301 us
Iteration: 380
Timer Host Based C++ Timer took 303 us
Iteration: 381
Timer Host Based C++ Timer took 301 us
Iteration: 382
Timer Host Based C++ Timer took 310 us
Iteration: 383
Timer Host Based C++ Timer took 302 us
Iteration: 384
Timer Host Based C++ Timer took 304 us
Iteration: 385
Timer Host Based C++ Timer took 304 us
Iteration: 386
Timer Host Based C++ Timer took 304 us
Iteration: 387
Timer Host Based C++ Timer took 304 us
Iteration: 388
Timer Host Based C++ Timer took 310 us
Iteration: 389
Timer Host Based C++ Timer took 307 us
Iteration: 390
Timer Host Based C++ Timer took 302 us
Iteration: 391
Timer Host Based C++ Timer took 305 us
Iteration: 392
Timer Host Based C++ Timer took 304 us
Iteration: 393
Timer Host Based C++ Timer took 299 us
Iteration: 394
Timer Host Based C++ Timer took 307 us
Iteration: 395
Timer Host Based C++ Timer took 306 us
Iteration: 396
Timer Host Based C++ Timer took 302 us
Iteration: 397
Timer Host Based C++ Timer took 305 us
Iteration: 398
Timer Host Based C++ Timer took 304 us
Iteration: 399
Timer Host Based C++ Timer took 308 us
Iteration: 400
Timer Host Based C++ Timer took 306 us
Iteration: 401
Timer Host Based C++ Timer took 303 us
Iteration: 402
Timer Host Based C++ Timer took 304 us
Iteration: 403
Timer Host Based C++ Timer took 307 us
Iteration: 404
Timer Host Based C++ Timer took 310 us
Iteration: 405
Timer Host Based C++ Timer took 299 us
Iteration: 406
Timer Host Based C++ Timer took 305 us
Iteration: 407
Timer Host Based C++ Timer took 306 us
Iteration: 408
Timer Host Based C++ Timer took 300 us
Iteration: 409
Timer Host Based C++ Timer took 305 us
Iteration: 410
Timer Host Based C++ Timer took 306 us
Iteration: 411
Timer Host Based C++ Timer took 311 us
Iteration: 412
Timer Host Based C++ Timer took 308 us
Iteration: 413
Timer Host Based C++ Timer took 306 us
Iteration: 414
Timer Host Based C++ Timer took 305 us
Iteration: 415
Timer Host Based C++ Timer took 305 us
Iteration: 416
Timer Host Based C++ Timer took 307 us
Iteration: 417
Timer Host Based C++ Timer took 302 us
Iteration: 418
Timer Host Based C++ Timer took 304 us
Iteration: 419
Timer Host Based C++ Timer took 307 us
Iteration: 420
Timer Host Based C++ Timer took 307 us
Iteration: 421
Timer Host Based C++ Timer took 304 us
Iteration: 422
Timer Host Based C++ Timer took 302 us
Iteration: 423
Timer Host Based C++ Timer took 303 us
Iteration: 424
Timer Host Based C++ Timer took 303 us
Iteration: 425
Timer Host Based C++ Timer took 303 us
Iteration: 426
Timer Host Based C++ Timer took 310 us
Iteration: 427
Timer Host Based C++ Timer took 302 us
Iteration: 428
Timer Host Based C++ Timer took 310 us
Iteration: 429
Timer Host Based C++ Timer took 303 us
Iteration: 430
Timer Host Based C++ Timer took 309 us
Iteration: 431
Timer Host Based C++ Timer took 303 us
Iteration: 432
Timer Host Based C++ Timer took 306 us
Iteration: 433
Timer Host Based C++ Timer took 308 us
Iteration: 434
Timer Host Based C++ Timer took 307 us
Iteration: 435
Timer Host Based C++ Timer took 300 us
Iteration: 436
Timer Host Based C++ Timer took 308 us
Iteration: 437
Timer Host Based C++ Timer took 308 us
Iteration: 438
Timer Host Based C++ Timer took 310 us
Iteration: 439
Timer Host Based C++ Timer took 307 us
Iteration: 440
Timer Host Based C++ Timer took 308 us
Iteration: 441
Timer Host Based C++ Timer took 307 us
Iteration: 442
Timer Host Based C++ Timer took 306 us
Iteration: 443
Timer Host Based C++ Timer took 301 us
Iteration: 444
Timer Host Based C++ Timer took 306 us
Iteration: 445
Timer Host Based C++ Timer took 305 us
Iteration: 446
Timer Host Based C++ Timer took 311 us
Iteration: 447
Timer Host Based C++ Timer took 307 us
Iteration: 448
Timer Host Based C++ Timer took 305 us
Iteration: 449
Timer Host Based C++ Timer took 303 us
Iteration: 450
Timer Host Based C++ Timer took 306 us
Iteration: 451
Timer Host Based C++ Timer took 311 us
Iteration: 452
Timer Host Based C++ Timer took 309 us
Iteration: 453
Timer Host Based C++ Timer took 306 us
Iteration: 454
Timer Host Based C++ Timer took 309 us
Iteration: 455
Timer Host Based C++ Timer took 304 us
Iteration: 456
Timer Host Based C++ Timer took 307 us
Iteration: 457
Timer Host Based C++ Timer took 309 us
Iteration: 458
Timer Host Based C++ Timer took 313 us
Iteration: 459
Timer Host Based C++ Timer took 306 us
Iteration: 460
Timer Host Based C++ Timer took 311 us
Iteration: 461
Timer Host Based C++ Timer took 310 us
Iteration: 462
Timer Host Based C++ Timer took 306 us
Iteration: 463
Timer Host Based C++ Timer took 305 us
Iteration: 464
Timer Host Based C++ Timer took 307 us
Iteration: 465
Timer Host Based C++ Timer took 301 us
Iteration: 466
Timer Host Based C++ Timer took 306 us
Iteration: 467
Timer Host Based C++ Timer took 304 us
Iteration: 468
Timer Host Based C++ Timer took 305 us
Iteration: 469
Timer Host Based C++ Timer took 305 us
Iteration: 470
Timer Host Based C++ Timer took 308 us
Iteration: 471
Timer Host Based C++ Timer took 306 us
Iteration: 472
Timer Host Based C++ Timer took 310 us
Iteration: 473
Timer Host Based C++ Timer took 307 us
Iteration: 474
Timer Host Based C++ Timer took 310 us
Iteration: 475
Timer Host Based C++ Timer took 308 us
Iteration: 476
Timer Host Based C++ Timer took 305 us
Iteration: 477
Timer Host Based C++ Timer took 309 us
Iteration: 478
Timer Host Based C++ Timer took 311 us
Iteration: 479
Timer Host Based C++ Timer took 305 us
Iteration: 480
Timer Host Based C++ Timer took 309 us
Iteration: 481
Timer Host Based C++ Timer took 301 us
Iteration: 482
Timer Host Based C++ Timer took 303 us
Iteration: 483
Timer Host Based C++ Timer took 310 us
Iteration: 484
Timer Host Based C++ Timer took 308 us
Iteration: 485
Timer Host Based C++ Timer took 304 us
Iteration: 486
Timer Host Based C++ Timer took 311 us
Iteration: 487
Timer Host Based C++ Timer took 303 us
Iteration: 488
Timer Host Based C++ Timer took 307 us
Iteration: 489
Timer Host Based C++ Timer took 304 us
Iteration: 490
Timer Host Based C++ Timer took 310 us
Iteration: 491
Timer Host Based C++ Timer took 303 us
Iteration: 492
Timer Host Based C++ Timer took 298 us
Iteration: 493
Timer Host Based C++ Timer took 307 us
Iteration: 494
Timer Host Based C++ Timer took 304 us
Iteration: 495
Timer Host Based C++ Timer took 306 us
Iteration: 496
Timer Host Based C++ Timer took 312 us
Iteration: 497
Timer Host Based C++ Timer took 300 us
Iteration: 498
Timer Host Based C++ Timer took 305 us
Iteration: 499
Timer Host Based C++ Timer took 311 us
Iteration: 500
Timer Host Based C++ Timer took 303 us
Iteration: 501
Timer Host Based C++ Timer took 311 us
Iteration: 502
Timer Host Based C++ Timer took 306 us
Iteration: 503
Timer Host Based C++ Timer took 305 us
Iteration: 504
Timer Host Based C++ Timer took 300 us
Iteration: 505
Timer Host Based C++ Timer took 303 us
Iteration: 506
Timer Host Based C++ Timer took 308 us
Iteration: 507
Timer Host Based C++ Timer took 306 us
Iteration: 508
Timer Host Based C++ Timer took 309 us
Iteration: 509
Timer Host Based C++ Timer took 306 us
Iteration: 510
Timer Host Based C++ Timer took 308 us
Iteration: 511
Timer Host Based C++ Timer took 304 us
Iteration: 512
Timer Host Based C++ Timer took 307 us
Iteration: 513
Timer Host Based C++ Timer took 307 us
Iteration: 514
Timer Host Based C++ Timer took 305 us
Iteration: 515
Timer Host Based C++ Timer took 302 us
Iteration: 516
Timer Host Based C++ Timer took 307 us
Iteration: 517
Timer Host Based C++ Timer took 305 us
Iteration: 518
Timer Host Based C++ Timer took 308 us
Iteration: 519
Timer Host Based C++ Timer took 301 us
Iteration: 520
Timer Host Based C++ Timer took 300 us
Iteration: 521
Timer Host Based C++ Timer took 303 us
Iteration: 522
Timer Host Based C++ Timer took 312 us
Iteration: 523
Timer Host Based C++ Timer took 304 us
Iteration: 524
Timer Host Based C++ Timer took 305 us
Iteration: 525
Timer Host Based C++ Timer took 304 us
Iteration: 526
Timer Host Based C++ Timer took 308 us
Iteration: 527
Timer Host Based C++ Timer took 758 us
Iteration: 528
Timer Host Based C++ Timer took 310 us
Iteration: 529
Timer Host Based C++ Timer took 300 us
Iteration: 530
Timer Host Based C++ Timer took 304 us
Iteration: 531
Timer Host Based C++ Timer took 305 us
Iteration: 532
Timer Host Based C++ Timer took 309 us
Iteration: 533
Timer Host Based C++ Timer took 301 us
Iteration: 534
Timer Host Based C++ Timer took 301 us
Iteration: 535
Timer Host Based C++ Timer took 304 us
Iteration: 536
Timer Host Based C++ Timer took 305 us
Iteration: 537
Timer Host Based C++ Timer took 302 us
Iteration: 538
Timer Host Based C++ Timer took 305 us
Iteration: 539
Timer Host Based C++ Timer took 305 us
Iteration: 540
Timer Host Based C++ Timer took 308 us
Iteration: 541
Timer Host Based C++ Timer took 303 us
Iteration: 542
Timer Host Based C++ Timer took 299 us
Iteration: 543
Timer Host Based C++ Timer took 306 us
Iteration: 544
Timer Host Based C++ Timer took 305 us
Iteration: 545
Timer Host Based C++ Timer took 303 us
Iteration: 546
Timer Host Based C++ Timer took 303 us
Iteration: 547
Timer Host Based C++ Timer took 307 us
Iteration: 548
Timer Host Based C++ Timer took 304 us
Iteration: 549
Timer Host Based C++ Timer took 306 us
Iteration: 550
Timer Host Based C++ Timer took 303 us
Iteration: 551
Timer Host Based C++ Timer took 303 us
Iteration: 552
Timer Host Based C++ Timer took 301 us
Iteration: 553
Timer Host Based C++ Timer took 308 us
Iteration: 554
Timer Host Based C++ Timer took 310 us
Iteration: 555
Timer Host Based C++ Timer took 304 us
Iteration: 556
Timer Host Based C++ Timer took 312 us
Iteration: 557
Timer Host Based C++ Timer took 308 us
Iteration: 558
Timer Host Based C++ Timer took 308 us
Iteration: 559
Timer Host Based C++ Timer took 305 us
Iteration: 560
Timer Host Based C++ Timer took 305 us
Iteration: 561
Timer Host Based C++ Timer took 303 us
Iteration: 562
Timer Host Based C++ Timer took 302 us
Iteration: 563
Timer Host Based C++ Timer took 302 us
Iteration: 564
Timer Host Based C++ Timer took 304 us
Iteration: 565
Timer Host Based C++ Timer took 301 us
Iteration: 566
Timer Host Based C++ Timer took 301 us
Iteration: 567
Timer Host Based C++ Timer took 301 us
Iteration: 568
Timer Host Based C++ Timer took 307 us
Iteration: 569
Timer Host Based C++ Timer took 298 us
Iteration: 570
Timer Host Based C++ Timer took 304 us
Iteration: 571
Timer Host Based C++ Timer took 301 us
Iteration: 572
Timer Host Based C++ Timer took 297 us
Iteration: 573
Timer Host Based C++ Timer took 299 us
Iteration: 574
Timer Host Based C++ Timer took 301 us
Iteration: 575
Timer Host Based C++ Timer took 302 us
Iteration: 576
Timer Host Based C++ Timer took 302 us
Iteration: 577
Timer Host Based C++ Timer took 296 us
Iteration: 578
Timer Host Based C++ Timer took 298 us
Iteration: 579
Timer Host Based C++ Timer took 302 us
Iteration: 580
Timer Host Based C++ Timer took 303 us
Iteration: 581
Timer Host Based C++ Timer took 299 us
Iteration: 582
Timer Host Based C++ Timer took 303 us
Iteration: 583
Timer Host Based C++ Timer took 997 us
Iteration: 584
Timer Host Based C++ Timer took 298 us
Iteration: 585
Timer Host Based C++ Timer took 299 us
Iteration: 586
Timer Host Based C++ Timer took 297 us
Iteration: 587
Timer Host Based C++ Timer took 298 us
Iteration: 588
Timer Host Based C++ Timer took 299 us
Iteration: 589
Timer Host Based C++ Timer took 299 us
Iteration: 590
Timer Host Based C++ Timer took 300 us
Iteration: 591
Timer Host Based C++ Timer took 302 us
Iteration: 592
Timer Host Based C++ Timer took 292 us
Iteration: 593
Timer Host Based C++ Timer took 301 us
Iteration: 594
Timer Host Based C++ Timer took 297 us
Iteration: 595
Timer Host Based C++ Timer took 299 us
Iteration: 596
Timer Host Based C++ Timer took 303 us
Iteration: 597
Timer Host Based C++ Timer took 290 us
Iteration: 598
Timer Host Based C++ Timer took 298 us
Iteration: 599
Timer Host Based C++ Timer took 293 us
Iteration: 600
Timer Host Based C++ Timer took 297 us
Iteration: 601
Timer Host Based C++ Timer took 295 us
Iteration: 602
Timer Host Based C++ Timer took 297 us
Iteration: 603
Timer Host Based C++ Timer took 299 us
Iteration: 604
Timer Host Based C++ Timer took 296 us
Iteration: 605
Timer Host Based C++ Timer took 298 us
Iteration: 606
Timer Host Based C++ Timer took 292 us
Iteration: 607
Timer Host Based C++ Timer took 297 us
Iteration: 608
Timer Host Based C++ Timer took 296 us
Iteration: 609
Timer Host Based C++ Timer took 296 us
Iteration: 610
Timer Host Based C++ Timer took 301 us
Iteration: 611
Timer Host Based C++ Timer took 296 us
Iteration: 612
Timer Host Based C++ Timer took 297 us
Iteration: 613
Timer Host Based C++ Timer took 296 us
Iteration: 614
Timer Host Based C++ Timer took 303 us
Iteration: 615
Timer Host Based C++ Timer took 294 us
Iteration: 616
Timer Host Based C++ Timer took 299 us
Iteration: 617
Timer Host Based C++ Timer took 292 us
Iteration: 618
Timer Host Based C++ Timer took 297 us
Iteration: 619
Timer Host Based C++ Timer took 294 us
Iteration: 620
Timer Host Based C++ Timer took 300 us
Iteration: 621
Timer Host Based C++ Timer took 294 us
Iteration: 622
Timer Host Based C++ Timer took 293 us
Iteration: 623
Timer Host Based C++ Timer took 300 us
Iteration: 624
Timer Host Based C++ Timer took 293 us
Iteration: 625
Timer Host Based C++ Timer took 293 us
Iteration: 626
Timer Host Based C++ Timer took 298 us
Iteration: 627
Timer Host Based C++ Timer took 296 us
Iteration: 628
Timer Host Based C++ Timer took 299 us
Iteration: 629
Timer Host Based C++ Timer took 294 us
Iteration: 630
Timer Host Based C++ Timer took 298 us
Iteration: 631
Timer Host Based C++ Timer took 295 us
Iteration: 632
Timer Host Based C++ Timer took 297 us
Iteration: 633
Timer Host Based C++ Timer took 295 us
Iteration: 634
Timer Host Based C++ Timer took 297 us
Iteration: 635
Timer Host Based C++ Timer took 294 us
Iteration: 636
Timer Host Based C++ Timer took 299 us
Iteration: 637
Timer Host Based C++ Timer took 298 us
Iteration: 638
Timer Host Based C++ Timer took 299 us
Iteration: 639
Timer Host Based C++ Timer took 301 us
Iteration: 640
Timer Host Based C++ Timer took 296 us
Iteration: 641
Timer Host Based C++ Timer took 299 us
Iteration: 642
Timer Host Based C++ Timer took 295 us
Iteration: 643
Timer Host Based C++ Timer took 294 us
Iteration: 644
Timer Host Based C++ Timer took 296 us
Iteration: 645
Timer Host Based C++ Timer took 298 us
Iteration: 646
Timer Host Based C++ Timer took 297 us
Iteration: 647
Timer Host Based C++ Timer took 292 us
Iteration: 648
Timer Host Based C++ Timer took 303 us
Iteration: 649
Timer Host Based C++ Timer took 299 us
Iteration: 650
Timer Host Based C++ Timer took 298 us
Iteration: 651
Timer Host Based C++ Timer took 297 us
Iteration: 652
Timer Host Based C++ Timer took 298 us
Iteration: 653
Timer Host Based C++ Timer took 297 us
Iteration: 654
Timer Host Based C++ Timer took 298 us
Iteration: 655
Timer Host Based C++ Timer took 291 us
Iteration: 656
Timer Host Based C++ Timer took 298 us
Iteration: 657
Timer Host Based C++ Timer took 298 us
Iteration: 658
Timer Host Based C++ Timer took 297 us
Iteration: 659
Timer Host Based C++ Timer took 290 us
Iteration: 660
Timer Host Based C++ Timer took 290 us
Iteration: 661
Timer Host Based C++ Timer took 293 us
Iteration: 662
Timer Host Based C++ Timer took 297 us
Iteration: 663
Timer Host Based C++ Timer took 295 us
Iteration: 664
Timer Host Based C++ Timer took 295 us
Iteration: 665
Timer Host Based C++ Timer took 297 us
Iteration: 666
Timer Host Based C++ Timer took 299 us
Iteration: 667
Timer Host Based C++ Timer took 295 us
Iteration: 668
Timer Host Based C++ Timer took 296 us
Iteration: 669
Timer Host Based C++ Timer took 297 us
Iteration: 670
Timer Host Based C++ Timer took 302 us
Iteration: 671
Timer Host Based C++ Timer took 292 us
Iteration: 672
Timer Host Based C++ Timer took 297 us
Iteration: 673
Timer Host Based C++ Timer took 297 us
Iteration: 674
Timer Host Based C++ Timer took 299 us
Iteration: 675
Timer Host Based C++ Timer took 297 us
Iteration: 676
Timer Host Based C++ Timer took 294 us
Iteration: 677
Timer Host Based C++ Timer took 299 us
Iteration: 678
Timer Host Based C++ Timer took 300 us
Iteration: 679
Timer Host Based C++ Timer took 295 us
Iteration: 680
Timer Host Based C++ Timer took 300 us
Iteration: 681
Timer Host Based C++ Timer took 293 us
Iteration: 682
Timer Host Based C++ Timer took 297 us
Iteration: 683
Timer Host Based C++ Timer took 297 us
Iteration: 684
Timer Host Based C++ Timer took 297 us
Iteration: 685
Timer Host Based C++ Timer took 294 us
Iteration: 686
Timer Host Based C++ Timer took 294 us
Iteration: 687
Timer Host Based C++ Timer took 294 us
Iteration: 688
Timer Host Based C++ Timer took 293 us
Iteration: 689
Timer Host Based C++ Timer took 294 us
Iteration: 690
Timer Host Based C++ Timer took 296 us
Iteration: 691
Timer Host Based C++ Timer took 293 us
Iteration: 692
Timer Host Based C++ Timer took 294 us
Iteration: 693
Timer Host Based C++ Timer took 297 us
Iteration: 694
Timer Host Based C++ Timer took 292 us
Iteration: 695
Timer Host Based C++ Timer took 299 us
Iteration: 696
Timer Host Based C++ Timer took 296 us
Iteration: 697
Timer Host Based C++ Timer took 292 us
Iteration: 698
Timer Host Based C++ Timer took 299 us
Iteration: 699
Timer Host Based C++ Timer took 291 us
Iteration: 700
Timer Host Based C++ Timer took 298 us
Iteration: 701
Timer Host Based C++ Timer took 298 us
Iteration: 702
Timer Host Based C++ Timer took 294 us
Iteration: 703
Timer Host Based C++ Timer took 298 us
Iteration: 704
Timer Host Based C++ Timer took 299 us
Iteration: 705
Timer Host Based C++ Timer took 294 us
Iteration: 706
Timer Host Based C++ Timer took 297 us
Iteration: 707
Timer Host Based C++ Timer took 292 us
Iteration: 708
Timer Host Based C++ Timer took 297 us
Iteration: 709
Timer Host Based C++ Timer took 295 us
Iteration: 710
Timer Host Based C++ Timer took 293 us
Iteration: 711
Timer Host Based C++ Timer took 292 us
Iteration: 712
Timer Host Based C++ Timer took 299 us
Iteration: 713
Timer Host Based C++ Timer took 294 us
Iteration: 714
Timer Host Based C++ Timer took 294 us
Iteration: 715
Timer Host Based C++ Timer took 293 us
Iteration: 716
Timer Host Based C++ Timer took 297 us
Iteration: 717
Timer Host Based C++ Timer took 296 us
Iteration: 718
Timer Host Based C++ Timer took 296 us
Iteration: 719
Timer Host Based C++ Timer took 298 us
Iteration: 720
Timer Host Based C++ Timer took 295 us
Iteration: 721
Timer Host Based C++ Timer took 293 us
Iteration: 722
Timer Host Based C++ Timer took 297 us
Iteration: 723
Timer Host Based C++ Timer took 294 us
Iteration: 724
Timer Host Based C++ Timer took 295 us
Iteration: 725
Timer Host Based C++ Timer took 294 us
Iteration: 726
Timer Host Based C++ Timer took 294 us
Iteration: 727
Timer Host Based C++ Timer took 296 us
Iteration: 728
Timer Host Based C++ Timer took 297 us
Iteration: 729
Timer Host Based C++ Timer took 290 us
Iteration: 730
Timer Host Based C++ Timer took 295 us
Iteration: 731
Timer Host Based C++ Timer took 294 us
Iteration: 732
Timer Host Based C++ Timer took 295 us
Iteration: 733
Timer Host Based C++ Timer took 296 us
Iteration: 734
Timer Host Based C++ Timer took 291 us
Iteration: 735
Timer Host Based C++ Timer took 294 us
Iteration: 736
Timer Host Based C++ Timer took 295 us
Iteration: 737
Timer Host Based C++ Timer took 294 us
Iteration: 738
Timer Host Based C++ Timer took 294 us
Iteration: 739
Timer Host Based C++ Timer took 294 us
Iteration: 740
Timer Host Based C++ Timer took 293 us
Iteration: 741
Timer Host Based C++ Timer took 293 us
Iteration: 742
Timer Host Based C++ Timer took 291 us
Iteration: 743
Timer Host Based C++ Timer took 295 us
Iteration: 744
Timer Host Based C++ Timer took 289 us
Iteration: 745
Timer Host Based C++ Timer took 296 us
Iteration: 746
Timer Host Based C++ Timer took 295 us
Iteration: 747
Timer Host Based C++ Timer took 298 us
Iteration: 748
Timer Host Based C++ Timer took 295 us
Iteration: 749
Timer Host Based C++ Timer took 296 us
Iteration: 750
Timer Host Based C++ Timer took 292 us
Iteration: 751
Timer Host Based C++ Timer took 297 us
Iteration: 752
Timer Host Based C++ Timer took 303 us
Iteration: 753
Timer Host Based C++ Timer took 294 us
Iteration: 754
Timer Host Based C++ Timer took 299 us
Iteration: 755
Timer Host Based C++ Timer took 291 us
Iteration: 756
Timer Host Based C++ Timer took 291 us
Iteration: 757
Timer Host Based C++ Timer took 292 us
Iteration: 758
Timer Host Based C++ Timer took 295 us
Iteration: 759
Timer Host Based C++ Timer took 296 us
Iteration: 760
Timer Host Based C++ Timer took 295 us
Iteration: 761
Timer Host Based C++ Timer took 297 us
Iteration: 762
Timer Host Based C++ Timer took 298 us
Iteration: 763
Timer Host Based C++ Timer took 296 us
Iteration: 764
Timer Host Based C++ Timer took 295 us
Iteration: 765
Timer Host Based C++ Timer took 293 us
Iteration: 766
Timer Host Based C++ Timer took 295 us
Iteration: 767
Timer Host Based C++ Timer took 292 us
Iteration: 768
Timer Host Based C++ Timer took 297 us
Iteration: 769
Timer Host Based C++ Timer took 292 us
Iteration: 770
Timer Host Based C++ Timer took 295 us
Iteration: 771
Timer Host Based C++ Timer took 291 us
Iteration: 772
Timer Host Based C++ Timer took 302 us
Iteration: 773
Timer Host Based C++ Timer took 297 us
Iteration: 774
Timer Host Based C++ Timer took 294 us
Iteration: 775
Timer Host Based C++ Timer took 293 us
Iteration: 776
Timer Host Based C++ Timer took 300 us
Iteration: 777
Timer Host Based C++ Timer took 292 us
Iteration: 778
Timer Host Based C++ Timer took 298 us
Iteration: 779
Timer Host Based C++ Timer took 295 us
Iteration: 780
Timer Host Based C++ Timer took 292 us
Iteration: 781
Timer Host Based C++ Timer took 296 us
Iteration: 782
Timer Host Based C++ Timer took 295 us
Iteration: 783
Timer Host Based C++ Timer took 291 us
Iteration: 784
Timer Host Based C++ Timer took 296 us
Iteration: 785
Timer Host Based C++ Timer took 291 us
Iteration: 786
Timer Host Based C++ Timer took 296 us
Iteration: 787
Timer Host Based C++ Timer took 297 us
Iteration: 788
Timer Host Based C++ Timer took 299 us
Iteration: 789
Timer Host Based C++ Timer took 295 us
Iteration: 790
Timer Host Based C++ Timer took 294 us
Iteration: 791
Timer Host Based C++ Timer took 298 us
Iteration: 792
Timer Host Based C++ Timer took 294 us
Iteration: 793
Timer Host Based C++ Timer took 296 us
Iteration: 794
Timer Host Based C++ Timer took 295 us
Iteration: 795
Timer Host Based C++ Timer took 289 us
Iteration: 796
Timer Host Based C++ Timer took 299 us
Iteration: 797
Timer Host Based C++ Timer took 295 us
Iteration: 798
Timer Host Based C++ Timer took 294 us
Iteration: 799
Timer Host Based C++ Timer took 297 us
Iteration: 800
Timer Host Based C++ Timer took 298 us
Iteration: 801
Timer Host Based C++ Timer took 290 us
Iteration: 802
Timer Host Based C++ Timer took 293 us
Iteration: 803
Timer Host Based C++ Timer took 296 us
Iteration: 804
Timer Host Based C++ Timer took 294 us
Iteration: 805
Timer Host Based C++ Timer took 297 us
Iteration: 806
Timer Host Based C++ Timer took 292 us
Iteration: 807
Timer Host Based C++ Timer took 296 us
Iteration: 808
Timer Host Based C++ Timer took 299 us
Iteration: 809
Timer Host Based C++ Timer took 291 us
Iteration: 810
Timer Host Based C++ Timer took 296 us
Iteration: 811
Timer Host Based C++ Timer took 298 us
Iteration: 812
Timer Host Based C++ Timer took 295 us
Iteration: 813
Timer Host Based C++ Timer took 290 us
Iteration: 814
Timer Host Based C++ Timer took 297 us
Iteration: 815
Timer Host Based C++ Timer took 298 us
Iteration: 816
Timer Host Based C++ Timer took 294 us
Iteration: 817
Timer Host Based C++ Timer took 292 us
Iteration: 818
Timer Host Based C++ Timer took 297 us
Iteration: 819
Timer Host Based C++ Timer took 298 us
Iteration: 820
Timer Host Based C++ Timer took 293 us
Iteration: 821
Timer Host Based C++ Timer took 292 us
Iteration: 822
Timer Host Based C++ Timer took 296 us
Iteration: 823
Timer Host Based C++ Timer took 286 us
Iteration: 824
Timer Host Based C++ Timer took 296 us
Iteration: 825
Timer Host Based C++ Timer took 291 us
Iteration: 826
Timer Host Based C++ Timer took 295 us
Iteration: 827
Timer Host Based C++ Timer took 294 us
Iteration: 828
Timer Host Based C++ Timer took 298 us
Iteration: 829
Timer Host Based C++ Timer took 293 us
Iteration: 830
Timer Host Based C++ Timer took 290 us
Iteration: 831
Timer Host Based C++ Timer took 291 us
Iteration: 832
Timer Host Based C++ Timer took 293 us
Iteration: 833
Timer Host Based C++ Timer took 292 us
Iteration: 834
Timer Host Based C++ Timer took 296 us
Iteration: 835
Timer Host Based C++ Timer took 290 us
Iteration: 836
Timer Host Based C++ Timer took 293 us
Iteration: 837
Timer Host Based C++ Timer took 290 us
Iteration: 838
Timer Host Based C++ Timer took 293 us
Iteration: 839
Timer Host Based C++ Timer took 293 us
Iteration: 840
Timer Host Based C++ Timer took 294 us
Iteration: 841
Timer Host Based C++ Timer took 294 us
Iteration: 842
Timer Host Based C++ Timer took 297 us
Iteration: 843
Timer Host Based C++ Timer took 294 us
Iteration: 844
Timer Host Based C++ Timer took 287 us
Iteration: 845
Timer Host Based C++ Timer took 296 us
Iteration: 846
Timer Host Based C++ Timer took 292 us
Iteration: 847
Timer Host Based C++ Timer took 292 us
Iteration: 848
Timer Host Based C++ Timer took 298 us
Iteration: 849
Timer Host Based C++ Timer took 294 us
Iteration: 850
Timer Host Based C++ Timer took 295 us
Iteration: 851
Timer Host Based C++ Timer took 290 us
Iteration: 852
Timer Host Based C++ Timer took 292 us
Iteration: 853
Timer Host Based C++ Timer took 292 us
Iteration: 854
Timer Host Based C++ Timer took 293 us
Iteration: 855
Timer Host Based C++ Timer took 292 us
Iteration: 856
Timer Host Based C++ Timer took 294 us
Iteration: 857
Timer Host Based C++ Timer took 295 us
Iteration: 858
Timer Host Based C++ Timer took 295 us
Iteration: 859
Timer Host Based C++ Timer took 289 us
Iteration: 860
Timer Host Based C++ Timer took 297 us
Iteration: 861
Timer Host Based C++ Timer took 298 us
Iteration: 862
Timer Host Based C++ Timer took 296 us
Iteration: 863
Timer Host Based C++ Timer took 294 us
Iteration: 864
Timer Host Based C++ Timer took 292 us
Iteration: 865
Timer Host Based C++ Timer took 292 us
Iteration: 866
Timer Host Based C++ Timer took 296 us
Iteration: 867
Timer Host Based C++ Timer took 290 us
Iteration: 868
Timer Host Based C++ Timer took 290 us
Iteration: 869
Timer Host Based C++ Timer took 296 us
Iteration: 870
Timer Host Based C++ Timer took 299 us
Iteration: 871
Timer Host Based C++ Timer took 293 us
Iteration: 872
Timer Host Based C++ Timer took 293 us
Iteration: 873
Timer Host Based C++ Timer took 294 us
Iteration: 874
Timer Host Based C++ Timer took 296 us
Iteration: 875
Timer Host Based C++ Timer took 294 us
Iteration: 876
Timer Host Based C++ Timer took 293 us
Iteration: 877
Timer Host Based C++ Timer took 294 us
Iteration: 878
Timer Host Based C++ Timer took 294 us
Iteration: 879
Timer Host Based C++ Timer took 294 us
Iteration: 880
Timer Host Based C++ Timer took 291 us
Iteration: 881
Timer Host Based C++ Timer took 295 us
Iteration: 882
Timer Host Based C++ Timer took 287 us
Iteration: 883
Timer Host Based C++ Timer took 293 us
Iteration: 884
Timer Host Based C++ Timer took 299 us
Iteration: 885
Timer Host Based C++ Timer took 298 us
Iteration: 886
Timer Host Based C++ Timer took 295 us
Iteration: 887
Timer Host Based C++ Timer took 291 us
Iteration: 888
Timer Host Based C++ Timer took 287 us
Iteration: 889
Timer Host Based C++ Timer took 291 us
Iteration: 890
Timer Host Based C++ Timer took 289 us
Iteration: 891
Timer Host Based C++ Timer took 290 us
Iteration: 892
Timer Host Based C++ Timer took 286 us
Iteration: 893
Timer Host Based C++ Timer took 294 us
Iteration: 894
Timer Host Based C++ Timer took 294 us
Iteration: 895
Timer Host Based C++ Timer took 293 us
Iteration: 896
Timer Host Based C++ Timer took 288 us
Iteration: 897
Timer Host Based C++ Timer took 293 us
Iteration: 898
Timer Host Based C++ Timer took 293 us
Iteration: 899
Timer Host Based C++ Timer took 288 us
Iteration: 900
Timer Host Based C++ Timer took 292 us
Iteration: 901
Timer Host Based C++ Timer took 290 us
Iteration: 902
Timer Host Based C++ Timer took 296 us
Iteration: 903
Timer Host Based C++ Timer took 293 us
Iteration: 904
Timer Host Based C++ Timer took 296 us
Iteration: 905
Timer Host Based C++ Timer took 293 us
Iteration: 906
Timer Host Based C++ Timer took 295 us
Iteration: 907
Timer Host Based C++ Timer took 292 us
Iteration: 908
Timer Host Based C++ Timer took 290 us
Iteration: 909
Timer Host Based C++ Timer took 292 us
Iteration: 910
Timer Host Based C++ Timer took 293 us
Iteration: 911
Timer Host Based C++ Timer took 291 us
Iteration: 912
Timer Host Based C++ Timer took 293 us
Iteration: 913
Timer Host Based C++ Timer took 292 us
Iteration: 914
Timer Host Based C++ Timer took 293 us
Iteration: 915
Timer Host Based C++ Timer took 294 us
Iteration: 916
Timer Host Based C++ Timer took 294 us
Iteration: 917
Timer Host Based C++ Timer took 293 us
Iteration: 918
Timer Host Based C++ Timer took 293 us
Iteration: 919
Timer Host Based C++ Timer took 291 us
Iteration: 920
Timer Host Based C++ Timer took 286 us
Iteration: 921
Timer Host Based C++ Timer took 291 us
Iteration: 922
Timer Host Based C++ Timer took 296 us
Iteration: 923
Timer Host Based C++ Timer took 291 us
Iteration: 924
Timer Host Based C++ Timer took 294 us
Iteration: 925
Timer Host Based C++ Timer took 299 us
Iteration: 926
Timer Host Based C++ Timer took 297 us
Iteration: 927
Timer Host Based C++ Timer took 287 us
Iteration: 928
Timer Host Based C++ Timer took 295 us
Iteration: 929
Timer Host Based C++ Timer took 291 us
Iteration: 930
Timer Host Based C++ Timer took 292 us
Iteration: 931
Timer Host Based C++ Timer took 295 us
Iteration: 932
Timer Host Based C++ Timer took 294 us
Iteration: 933
Timer Host Based C++ Timer took 290 us
Iteration: 934
Timer Host Based C++ Timer took 292 us
Iteration: 935
Timer Host Based C++ Timer took 288 us
Iteration: 936
Timer Host Based C++ Timer took 296 us
Iteration: 937
Timer Host Based C++ Timer took 288 us
Iteration: 938
Timer Host Based C++ Timer took 293 us
Iteration: 939
Timer Host Based C++ Timer took 290 us
Iteration: 940
Timer Host Based C++ Timer took 289 us
Iteration: 941
Timer Host Based C++ Timer took 291 us
Iteration: 942
Timer Host Based C++ Timer took 292 us
Iteration: 943
Timer Host Based C++ Timer took 292 us
Iteration: 944
Timer Host Based C++ Timer took 289 us
Iteration: 945
Timer Host Based C++ Timer took 292 us
Iteration: 946
Timer Host Based C++ Timer took 295 us
Iteration: 947
Timer Host Based C++ Timer took 291 us
Iteration: 948
Timer Host Based C++ Timer took 292 us
Iteration: 949
Timer Host Based C++ Timer took 294 us
Iteration: 950
Timer Host Based C++ Timer took 290 us
Iteration: 951
Timer Host Based C++ Timer took 289 us
Iteration: 952
Timer Host Based C++ Timer took 290 us
Iteration: 953
Timer Host Based C++ Timer took 287 us
Iteration: 954
Timer Host Based C++ Timer took 290 us
Iteration: 955
Timer Host Based C++ Timer took 290 us
Iteration: 956
Timer Host Based C++ Timer took 290 us
Iteration: 957
Timer Host Based C++ Timer took 295 us
Iteration: 958
Timer Host Based C++ Timer took 290 us
Iteration: 959
Timer Host Based C++ Timer took 293 us
Iteration: 960
Timer Host Based C++ Timer took 294 us
Iteration: 961
Timer Host Based C++ Timer took 289 us
Iteration: 962
Timer Host Based C++ Timer took 293 us
Iteration: 963
Timer Host Based C++ Timer took 292 us
Iteration: 964
Timer Host Based C++ Timer took 294 us
Iteration: 965
Timer Host Based C++ Timer took 291 us
Iteration: 966
Timer Host Based C++ Timer took 292 us
Iteration: 967
Timer Host Based C++ Timer took 290 us
Iteration: 968
Timer Host Based C++ Timer took 294 us
Iteration: 969
Timer Host Based C++ Timer took 291 us
Iteration: 970
Timer Host Based C++ Timer took 293 us
Iteration: 971
Timer Host Based C++ Timer took 290 us
Iteration: 972
Timer Host Based C++ Timer took 304 us
Iteration: 973
Timer Host Based C++ Timer took 292 us
Iteration: 974
Timer Host Based C++ Timer took 295 us
Iteration: 975
Timer Host Based C++ Timer took 288 us
Iteration: 976
Timer Host Based C++ Timer took 292 us
Iteration: 977
Timer Host Based C++ Timer took 293 us
Iteration: 978
Timer Host Based C++ Timer took 291 us
Iteration: 979
Timer Host Based C++ Timer took 288 us
Iteration: 980
Timer Host Based C++ Timer took 294 us
Iteration: 981
Timer Host Based C++ Timer took 291 us
Iteration: 982
Timer Host Based C++ Timer took 289 us
Iteration: 983
Timer Host Based C++ Timer took 290 us
Iteration: 984
Timer Host Based C++ Timer took 290 us
Iteration: 985
Timer Host Based C++ Timer took 292 us
Iteration: 986
Timer Host Based C++ Timer took 287 us
Iteration: 987
Timer Host Based C++ Timer took 289 us
Iteration: 988
Timer Host Based C++ Timer took 289 us
Iteration: 989
Timer Host Based C++ Timer took 290 us
Iteration: 990
Timer Host Based C++ Timer took 292 us
Iteration: 991
Timer Host Based C++ Timer took 289 us
Iteration: 992
Timer Host Based C++ Timer took 295 us
Iteration: 993
Timer Host Based C++ Timer took 291 us
Iteration: 994
Timer Host Based C++ Timer took 297 us
Iteration: 995
Timer Host Based C++ Timer took 293 us
Iteration: 996
Timer Host Based C++ Timer took 289 us
Iteration: 997
Timer Host Based C++ Timer took 289 us
Iteration: 998
Timer Host Based C++ Timer took 296 us
Iteration: 999
Timer Host Based C++ Timer took 290 us
Step 1814 done.
Writing to: "/capstor/scratch/cscs/ybudanaz/icon-artifacts/velocity/gotwant/data_nproma20480/global_data_1814.got"
Writing to: "/capstor/scratch/cscs/ybudanaz/icon-artifacts/velocity/gotwant/data_nproma20480/p_diag_1814.got"
Writing to: "/capstor/scratch/cscs/ybudanaz/icon-artifacts/velocity/gotwant/data_nproma20480/p_diag_1814.want"
Writing to: "/capstor/scratch/cscs/ybudanaz/icon-artifacts/velocity/gotwant/data_nproma20480/p_metrics_1814.got"
Writing to: "/capstor/scratch/cscs/ybudanaz/icon-artifacts/velocity/gotwant/data_nproma20480/global_data_1814.want"
Writing to: "/capstor/scratch/cscs/ybudanaz/icon-artifacts/velocity/gotwant/data_nproma20480/p_metrics_1814.want"
Writing to: "/capstor/scratch/cscs/ybudanaz/icon-artifacts/velocity/gotwant/data_nproma20480/p_prog_1814.got"
Writing to: "/capstor/scratch/cscs/ybudanaz/icon-artifacts/velocity/gotwant/data_nproma20480/z_kin_hor_e_1814.got"
Writing to: "/capstor/scratch/cscs/ybudanaz/icon-artifacts/velocity/gotwant/data_nproma20480/p_prog_1814.want"
Writing to: "/capstor/scratch/cscs/ybudanaz/icon-artifacts/velocity/gotwant/data_nproma20480/z_kin_hor_e_1814.want"
Writing to: "/capstor/scratch/cscs/ybudanaz/icon-artifacts/velocity/gotwant/data_nproma20480/z_vt_ie_1814.got"
Writing to: "/capstor/scratch/cscs/ybudanaz/icon-artifacts/velocity/gotwant/data_nproma20480/z_w_concorr_me_1814.got"
Writing to: "/capstor/scratch/cscs/ybudanaz/icon-artifacts/velocity/gotwant/data_nproma20480/z_vt_ie_1814.want"
Writing to: "/capstor/scratch/cscs/ybudanaz/icon-artifacts/velocity/gotwant/data_nproma20480/z_w_concorr_me_1814.want"
Reading from: "data_nproma20480/p_int.2593.data"
Reading from: "data_nproma20480/p_metrics.t0.2593.data"
Reading from: "data_nproma20480/global_data.t0.2593.data"
Reading from: "data_nproma20480/p_patch.2593.data"
Reading from: "data_nproma20480/p_diag.t0.2593.data"
Reading from: "data_nproma20480/z_kin_hor_e.t0.2593.data"
Reading from: "data_nproma20480/p_diag.t1.2593.data"
Reading from: "data_nproma20480/p_prog.t0.2593.data"
Reading from: "data_nproma20480/istep.2593.data"
Reading from: "data_nproma20480/z_vt_ie.t0.2593.data"
Reading from: "data_nproma20480/p_metrics.t1.2593.data"
Reading from: "data_nproma20480/global_data.t1.2593.data"
Reading from: "data_nproma20480/lvn_only.2593.data"
Reading from: "data_nproma20480/z_vt_ie.t1.2593.data"
Reading from: "data_nproma20480/z_kin_hor_e.t1.2593.data"
Reading from: "data_nproma20480/ldeepatmo.2593.data"
Reading from: "data_nproma20480/z_w_concorr_me.t0.2593.data"
Reading from: "data_nproma20480/dt_linintp_ubc.2593.data"
Reading from: "data_nproma20480/ntnd.2593.data"
Reading from: "data_nproma20480/z_w_concorr_me.t1.2593.data"
Reading from: "data_nproma20480/p_prog.t1.2593.data"
Reading from: "data_nproma20480/dtime.2593.data"
Step 2593 variables, extra_diffu: 1, istep: 1, lvn_only: 1, ldeepatmo: 0
Timer Host Based C++ Timer took 517 us
Timer Host Based C++ Timer took 328 us
Timer Host Based C++ Timer took 326 us
Timer Host Based C++ Timer took 320 us
Timer Host Based C++ Timer took 331 us
Timer Host Based C++ Timer took 321 us
Timer Host Based C++ Timer took 324 us
Timer Host Based C++ Timer took 324 us
Timer Host Based C++ Timer took 324 us
Timer Host Based C++ Timer took 321 us
Timer Host Based C++ Timer took 323 us
Timer Host Based C++ Timer took 320 us
Timer Host Based C++ Timer took 321 us
Timer Host Based C++ Timer took 314 us
Timer Host Based C++ Timer took 320 us
Timer Host Based C++ Timer took 320 us
Timer Host Based C++ Timer took 324 us
Timer Host Based C++ Timer took 316 us
Timer Host Based C++ Timer took 315 us
Timer Host Based C++ Timer took 320 us
Timer Host Based C++ Timer took 320 us
Timer Host Based C++ Timer took 320 us
Timer Host Based C++ Timer took 316 us
Timer Host Based C++ Timer took 314 us
Timer Host Based C++ Timer took 313 us
Timer Host Based C++ Timer took 323 us
Timer Host Based C++ Timer took 310 us
Timer Host Based C++ Timer took 318 us
Timer Host Based C++ Timer took 322 us
Timer Host Based C++ Timer took 317 us
Timer Host Based C++ Timer took 317 us
Timer Host Based C++ Timer took 317 us
Timer Host Based C++ Timer took 318 us
Timer Host Based C++ Timer took 312 us
Timer Host Based C++ Timer took 313 us
Timer Host Based C++ Timer took 314 us
Timer Host Based C++ Timer took 316 us
Timer Host Based C++ Timer took 305 us
Timer Host Based C++ Timer took 313 us
Timer Host Based C++ Timer took 327 us
Timer Host Based C++ Timer took 314 us
Timer Host Based C++ Timer took 315 us
Timer Host Based C++ Timer took 315 us
Timer Host Based C++ Timer took 317 us
Timer Host Based C++ Timer took 311 us
Timer Host Based C++ Timer took 318 us
Timer Host Based C++ Timer took 310 us
Timer Host Based C++ Timer took 313 us
Timer Host Based C++ Timer took 327 us
Timer Host Based C++ Timer took 308 us
Timer Host Based C++ Timer took 312 us
Timer Host Based C++ Timer took 313 us
Timer Host Based C++ Timer took 308 us
Timer Host Based C++ Timer took 307 us
Timer Host Based C++ Timer took 316 us
Timer Host Based C++ Timer took 313 us
Timer Host Based C++ Timer took 309 us
Timer Host Based C++ Timer took 315 us
Timer Host Based C++ Timer took 312 us
Timer Host Based C++ Timer took 311 us
Timer Host Based C++ Timer took 308 us
Timer Host Based C++ Timer took 309 us
Timer Host Based C++ Timer took 313 us
Timer Host Based C++ Timer took 309 us
Timer Host Based C++ Timer took 311 us
Timer Host Based C++ Timer took 307 us
Timer Host Based C++ Timer took 306 us
Timer Host Based C++ Timer took 310 us
Timer Host Based C++ Timer took 312 us
Timer Host Based C++ Timer took 306 us
Timer Host Based C++ Timer took 305 us
Timer Host Based C++ Timer took 308 us
Timer Host Based C++ Timer took 309 us
Timer Host Based C++ Timer took 308 us
Timer Host Based C++ Timer took 309 us
Timer Host Based C++ Timer took 305 us
Timer Host Based C++ Timer took 312 us
Timer Host Based C++ Timer took 306 us
Timer Host Based C++ Timer took 310 us
Timer Host Based C++ Timer took 304 us
Timer Host Based C++ Timer took 309 us
Timer Host Based C++ Timer took 308 us
Timer Host Based C++ Timer took 306 us
Timer Host Based C++ Timer took 307 us
Timer Host Based C++ Timer took 316 us
Timer Host Based C++ Timer took 321 us
Timer Host Based C++ Timer took 310 us
Timer Host Based C++ Timer took 312 us
Timer Host Based C++ Timer took 305 us
Timer Host Based C++ Timer took 311 us
Timer Host Based C++ Timer took 312 us
Timer Host Based C++ Timer took 318 us
Timer Host Based C++ Timer took 308 us
Timer Host Based C++ Timer took 307 us
Timer Host Based C++ Timer took 313 us
Timer Host Based C++ Timer took 312 us
Timer Host Based C++ Timer took 303 us
Timer Host Based C++ Timer took 307 us
Timer Host Based C++ Timer took 311 us
Timer Host Based C++ Timer took 309 us
Timer Host Based C++ Timer took 312 us
Timer Host Based C++ Timer took 306 us
Timer Host Based C++ Timer took 313 us
Timer Host Based C++ Timer took 302 us
Timer Host Based C++ Timer took 308 us
Timer Host Based C++ Timer took 311 us
Timer Host Based C++ Timer took 308 us
Timer Host Based C++ Timer took 305 us
Timer Host Based C++ Timer took 313 us
Timer Host Based C++ Timer took 308 us
Timer Host Based C++ Timer took 308 us
Timer Host Based C++ Timer took 307 us
Timer Host Based C++ Timer took 304 us
Timer Host Based C++ Timer took 312 us
Timer Host Based C++ Timer took 318 us
Timer Host Based C++ Timer took 308 us
Timer Host Based C++ Timer took 308 us
Timer Host Based C++ Timer took 314 us
Timer Host Based C++ Timer took 313 us
Timer Host Based C++ Timer took 314 us
Timer Host Based C++ Timer took 318 us
Timer Host Based C++ Timer took 312 us
Timer Host Based C++ Timer took 308 us
Timer Host Based C++ Timer took 306 us
Timer Host Based C++ Timer took 307 us
Timer Host Based C++ Timer took 316 us
Timer Host Based C++ Timer took 314 us
Timer Host Based C++ Timer took 316 us
Timer Host Based C++ Timer took 311 us
Timer Host Based C++ Timer took 311 us
Timer Host Based C++ Timer took 314 us
Timer Host Based C++ Timer took 315 us
Timer Host Based C++ Timer took 311 us
Timer Host Based C++ Timer took 310 us
Timer Host Based C++ Timer took 307 us
Timer Host Based C++ Timer took 311 us
Timer Host Based C++ Timer took 313 us
Timer Host Based C++ Timer took 317 us
Timer Host Based C++ Timer took 316 us
Timer Host Based C++ Timer took 309 us
Timer Host Based C++ Timer took 310 us
Timer Host Based C++ Timer took 316 us
Timer Host Based C++ Timer took 318 us
Timer Host Based C++ Timer took 319 us
Timer Host Based C++ Timer took 313 us
Timer Host Based C++ Timer took 311 us
Timer Host Based C++ Timer took 321 us
Timer Host Based C++ Timer took 311 us
Timer Host Based C++ Timer took 309 us
Timer Host Based C++ Timer took 308 us
Timer Host Based C++ Timer took 313 us
Timer Host Based C++ Timer took 310 us
Timer Host Based C++ Timer took 310 us
Timer Host Based C++ Timer took 309 us
Timer Host Based C++ Timer took 309 us
Timer Host Based C++ Timer took 314 us
Timer Host Based C++ Timer took 314 us
Timer Host Based C++ Timer took 310 us
Timer Host Based C++ Timer took 333 us
Timer Host Based C++ Timer took 312 us
Timer Host Based C++ Timer took 316 us
Timer Host Based C++ Timer took 314 us
Timer Host Based C++ Timer took 310 us
Timer Host Based C++ Timer took 308 us
Timer Host Based C++ Timer took 309 us
Timer Host Based C++ Timer took 308 us
Timer Host Based C++ Timer took 312 us
Timer Host Based C++ Timer took 315 us
Timer Host Based C++ Timer took 315 us
Timer Host Based C++ Timer took 310 us
Timer Host Based C++ Timer took 305 us
Timer Host Based C++ Timer took 313 us
Timer Host Based C++ Timer took 318 us
Timer Host Based C++ Timer took 309 us
Timer Host Based C++ Timer took 314 us
Timer Host Based C++ Timer took 305 us
Timer Host Based C++ Timer took 309 us
Timer Host Based C++ Timer took 305 us
Timer Host Based C++ Timer took 312 us
Timer Host Based C++ Timer took 312 us
Timer Host Based C++ Timer took 306 us
Timer Host Based C++ Timer took 309 us
Timer Host Based C++ Timer took 310 us
Timer Host Based C++ Timer took 305 us
Timer Host Based C++ Timer took 317 us
Timer Host Based C++ Timer took 307 us
Timer Host Based C++ Timer took 308 us
Timer Host Based C++ Timer took 304 us
Timer Host Based C++ Timer took 310 us
Timer Host Based C++ Timer took 307 us
Timer Host Based C++ Timer took 308 us
Timer Host Based C++ Timer took 302 us
Timer Host Based C++ Timer took 302 us
Timer Host Based C++ Timer took 315 us
Timer Host Based C++ Timer took 304 us
Timer Host Based C++ Timer took 311 us
Timer Host Based C++ Timer took 326 us
Timer Host Based C++ Timer took 305 us
Timer Host Based C++ Timer took 313 us
Timer Host Based C++ Timer took 303 us
Timer Host Based C++ Timer took 311 us
Timer Host Based C++ Timer took 307 us
Timer Host Based C++ Timer took 311 us
Timer Host Based C++ Timer took 306 us
Timer Host Based C++ Timer took 312 us
Timer Host Based C++ Timer took 305 us
Timer Host Based C++ Timer took 306 us
Timer Host Based C++ Timer took 306 us
Timer Host Based C++ Timer took 305 us
Timer Host Based C++ Timer took 309 us
Timer Host Based C++ Timer took 312 us
Timer Host Based C++ Timer took 308 us
Timer Host Based C++ Timer took 314 us
Timer Host Based C++ Timer took 306 us
Timer Host Based C++ Timer took 307 us
Timer Host Based C++ Timer took 309 us
Timer Host Based C++ Timer took 306 us
Timer Host Based C++ Timer took 312 us
Timer Host Based C++ Timer took 307 us
Timer Host Based C++ Timer took 303 us
Timer Host Based C++ Timer took 311 us
Timer Host Based C++ Timer took 307 us
Timer Host Based C++ Timer took 308 us
Timer Host Based C++ Timer took 310 us
Timer Host Based C++ Timer took 305 us
Timer Host Based C++ Timer took 310 us
Timer Host Based C++ Timer took 307 us
Timer Host Based C++ Timer took 308 us
Timer Host Based C++ Timer took 310 us
Timer Host Based C++ Timer took 306 us
Timer Host Based C++ Timer took 307 us
Timer Host Based C++ Timer took 305 us
Timer Host Based C++ Timer took 309 us
Timer Host Based C++ Timer took 307 us
Timer Host Based C++ Timer took 304 us
Timer Host Based C++ Timer took 304 us
Timer Host Based C++ Timer took 309 us
Timer Host Based C++ Timer took 303 us
Timer Host Based C++ Timer took 310 us
Timer Host Based C++ Timer took 304 us
Timer Host Based C++ Timer took 307 us
Timer Host Based C++ Timer took 302 us
Timer Host Based C++ Timer took 311 us
Timer Host Based C++ Timer took 306 us
Timer Host Based C++ Timer took 300 us
Timer Host Based C++ Timer took 304 us
Timer Host Based C++ Timer took 306 us
Timer Host Based C++ Timer took 302 us
Timer Host Based C++ Timer took 305 us
Timer Host Based C++ Timer took 304 us
Timer Host Based C++ Timer took 312 us
Timer Host Based C++ Timer took 306 us
Timer Host Based C++ Timer took 306 us
Timer Host Based C++ Timer took 303 us
Timer Host Based C++ Timer took 300 us
Timer Host Based C++ Timer took 303 us
Timer Host Based C++ Timer took 301 us
Timer Host Based C++ Timer took 309 us
Timer Host Based C++ Timer took 311 us
Timer Host Based C++ Timer took 304 us
Timer Host Based C++ Timer took 302 us
Timer Host Based C++ Timer took 308 us
Timer Host Based C++ Timer took 308 us
Timer Host Based C++ Timer took 306 us
Timer Host Based C++ Timer took 312 us
Timer Host Based C++ Timer took 305 us
Timer Host Based C++ Timer took 301 us
Timer Host Based C++ Timer took 306 us
Timer Host Based C++ Timer took 304 us
Timer Host Based C++ Timer took 303 us
Timer Host Based C++ Timer took 304 us
Timer Host Based C++ Timer took 300 us
Timer Host Based C++ Timer took 302 us
Timer Host Based C++ Timer took 307 us
Timer Host Based C++ Timer took 303 us
Timer Host Based C++ Timer took 307 us
Timer Host Based C++ Timer took 304 us
Timer Host Based C++ Timer took 316 us
Timer Host Based C++ Timer took 311 us
Timer Host Based C++ Timer took 308 us
Timer Host Based C++ Timer took 303 us
Timer Host Based C++ Timer took 308 us
Timer Host Based C++ Timer took 307 us
Timer Host Based C++ Timer took 306 us
Timer Host Based C++ Timer took 304 us
Timer Host Based C++ Timer took 302 us
Timer Host Based C++ Timer took 305 us
Timer Host Based C++ Timer took 306 us
Timer Host Based C++ Timer took 306 us
Timer Host Based C++ Timer took 309 us
Timer Host Based C++ Timer took 303 us
Timer Host Based C++ Timer took 307 us
Timer Host Based C++ Timer took 304 us
Timer Host Based C++ Timer took 310 us
Timer Host Based C++ Timer took 300 us
Timer Host Based C++ Timer took 304 us
Timer Host Based C++ Timer took 311 us
Timer Host Based C++ Timer took 308 us
Timer Host Based C++ Timer took 309 us
Timer Host Based C++ Timer took 306 us
Timer Host Based C++ Timer took 308 us
Timer Host Based C++ Timer took 306 us
Timer Host Based C++ Timer took 311 us
Timer Host Based C++ Timer took 304 us
Timer Host Based C++ Timer took 307 us
Timer Host Based C++ Timer took 306 us
Timer Host Based C++ Timer took 306 us
Timer Host Based C++ Timer took 303 us
Timer Host Based C++ Timer took 305 us
Timer Host Based C++ Timer took 298 us
Timer Host Based C++ Timer took 301 us
Timer Host Based C++ Timer took 306 us
Timer Host Based C++ Timer took 307 us
Timer Host Based C++ Timer took 306 us
Timer Host Based C++ Timer took 309 us
Timer Host Based C++ Timer took 300 us
Timer Host Based C++ Timer took 304 us
Timer Host Based C++ Timer took 303 us
Timer Host Based C++ Timer took 309 us
Timer Host Based C++ Timer took 299 us
Timer Host Based C++ Timer took 301 us
Timer Host Based C++ Timer took 306 us
Timer Host Based C++ Timer took 301 us
Timer Host Based C++ Timer took 302 us
Timer Host Based C++ Timer took 307 us
Timer Host Based C++ Timer took 310 us
Timer Host Based C++ Timer took 307 us
Timer Host Based C++ Timer took 306 us
Timer Host Based C++ Timer took 307 us
Timer Host Based C++ Timer took 302 us
Timer Host Based C++ Timer took 299 us
Timer Host Based C++ Timer took 301 us
Timer Host Based C++ Timer took 308 us
Timer Host Based C++ Timer took 302 us
Timer Host Based C++ Timer took 299 us
Timer Host Based C++ Timer took 310 us
Timer Host Based C++ Timer took 300 us
Timer Host Based C++ Timer took 303 us
Timer Host Based C++ Timer took 304 us
Timer Host Based C++ Timer took 315 us
Timer Host Based C++ Timer took 308 us
Timer Host Based C++ Timer took 306 us
Timer Host Based C++ Timer took 302 us
Timer Host Based C++ Timer took 313 us
Timer Host Based C++ Timer took 301 us
Timer Host Based C++ Timer took 311 us
Timer Host Based C++ Timer took 309 us
Timer Host Based C++ Timer took 303 us
Timer Host Based C++ Timer took 302 us
Timer Host Based C++ Timer took 301 us
Timer Host Based C++ Timer took 311 us
Timer Host Based C++ Timer took 303 us
Timer Host Based C++ Timer took 303 us
Timer Host Based C++ Timer took 303 us
Timer Host Based C++ Timer took 299 us
Timer Host Based C++ Timer took 311 us
Timer Host Based C++ Timer took 308 us
Timer Host Based C++ Timer took 302 us
Timer Host Based C++ Timer took 305 us
Timer Host Based C++ Timer took 299 us
Timer Host Based C++ Timer took 307 us
Timer Host Based C++ Timer took 306 us
Timer Host Based C++ Timer took 302 us
Timer Host Based C++ Timer took 304 us
Timer Host Based C++ Timer took 298 us
Timer Host Based C++ Timer took 303 us
Timer Host Based C++ Timer took 307 us
Timer Host Based C++ Timer took 299 us
Timer Host Based C++ Timer took 306 us
Timer Host Based C++ Timer took 301 us
Timer Host Based C++ Timer took 299 us
Timer Host Based C++ Timer took 303 us
Timer Host Based C++ Timer took 299 us
Timer Host Based C++ Timer took 307 us
Timer Host Based C++ Timer took 312 us
Timer Host Based C++ Timer took 313 us
Timer Host Based C++ Timer took 303 us
Timer Host Based C++ Timer took 299 us
Timer Host Based C++ Timer took 302 us
Timer Host Based C++ Timer took 305 us
Timer Host Based C++ Timer took 299 us
Timer Host Based C++ Timer took 298 us
Timer Host Based C++ Timer took 302 us
Timer Host Based C++ Timer took 300 us
Timer Host Based C++ Timer took 305 us
Timer Host Based C++ Timer took 300 us
Timer Host Based C++ Timer took 300 us
Timer Host Based C++ Timer took 301 us
Timer Host Based C++ Timer took 307 us
Timer Host Based C++ Timer took 303 us
Timer Host Based C++ Timer took 304 us
Timer Host Based C++ Timer took 303 us
Timer Host Based C++ Timer took 308 us
Timer Host Based C++ Timer took 300 us
Timer Host Based C++ Timer took 309 us
Timer Host Based C++ Timer took 307 us
Timer Host Based C++ Timer took 306 us
Timer Host Based C++ Timer took 305 us
Timer Host Based C++ Timer took 301 us
Timer Host Based C++ Timer took 301 us
Timer Host Based C++ Timer took 299 us
Timer Host Based C++ Timer took 304 us
Timer Host Based C++ Timer took 303 us
Timer Host Based C++ Timer took 305 us
Timer Host Based C++ Timer took 305 us
Timer Host Based C++ Timer took 301 us
Timer Host Based C++ Timer took 301 us
Timer Host Based C++ Timer took 305 us
Timer Host Based C++ Timer took 306 us
Timer Host Based C++ Timer took 306 us
Timer Host Based C++ Timer took 305 us
Timer Host Based C++ Timer took 304 us
Timer Host Based C++ Timer took 307 us
Timer Host Based C++ Timer took 304 us
Timer Host Based C++ Timer took 308 us
Timer Host Based C++ Timer took 308 us
Timer Host Based C++ Timer took 305 us
Timer Host Based C++ Timer took 305 us
Timer Host Based C++ Timer took 306 us
Timer Host Based C++ Timer took 311 us
Timer Host Based C++ Timer took 311 us
Timer Host Based C++ Timer took 310 us
Timer Host Based C++ Timer took 304 us
Timer Host Based C++ Timer took 304 us
Timer Host Based C++ Timer took 312 us
Timer Host Based C++ Timer took 306 us
Timer Host Based C++ Timer took 308 us
Timer Host Based C++ Timer took 301 us
Timer Host Based C++ Timer took 301 us
Timer Host Based C++ Timer took 300 us
Timer Host Based C++ Timer took 303 us
Timer Host Based C++ Timer took 304 us
Timer Host Based C++ Timer took 305 us
Timer Host Based C++ Timer took 301 us
Timer Host Based C++ Timer took 304 us
Timer Host Based C++ Timer took 303 us
Timer Host Based C++ Timer took 301 us
Timer Host Based C++ Timer took 303 us
Timer Host Based C++ Timer took 309 us
Timer Host Based C++ Timer took 299 us
Timer Host Based C++ Timer took 309 us
Timer Host Based C++ Timer took 311 us
Timer Host Based C++ Timer took 299 us
Timer Host Based C++ Timer took 298 us
Timer Host Based C++ Timer took 300 us
Timer Host Based C++ Timer took 308 us
Timer Host Based C++ Timer took 299 us
Timer Host Based C++ Timer took 306 us
Timer Host Based C++ Timer took 309 us
Timer Host Based C++ Timer took 304 us
Timer Host Based C++ Timer took 301 us
Timer Host Based C++ Timer took 305 us
Timer Host Based C++ Timer took 300 us
Timer Host Based C++ Timer took 308 us
Timer Host Based C++ Timer took 302 us
Timer Host Based C++ Timer took 302 us
Timer Host Based C++ Timer took 307 us
Timer Host Based C++ Timer took 304 us
Timer Host Based C++ Timer took 307 us
Timer Host Based C++ Timer took 301 us
Timer Host Based C++ Timer took 304 us
Timer Host Based C++ Timer took 305 us
Timer Host Based C++ Timer took 300 us
Timer Host Based C++ Timer took 305 us
Timer Host Based C++ Timer took 309 us
Timer Host Based C++ Timer took 303 us
Timer Host Based C++ Timer took 301 us
Timer Host Based C++ Timer took 303 us
Timer Host Based C++ Timer took 305 us
Timer Host Based C++ Timer took 303 us
Timer Host Based C++ Timer took 299 us
Timer Host Based C++ Timer took 301 us
Timer Host Based C++ Timer took 300 us
Timer Host Based C++ Timer took 304 us
Timer Host Based C++ Timer took 303 us
Timer Host Based C++ Timer took 300 us
Timer Host Based C++ Timer took 305 us
Timer Host Based C++ Timer took 307 us
Timer Host Based C++ Timer took 303 us
Timer Host Based C++ Timer took 310 us
Timer Host Based C++ Timer took 303 us
Timer Host Based C++ Timer took 310 us
Timer Host Based C++ Timer took 303 us
Timer Host Based C++ Timer took 299 us
Timer Host Based C++ Timer took 299 us
Timer Host Based C++ Timer took 303 us
Timer Host Based C++ Timer took 305 us
Timer Host Based C++ Timer took 309 us
Timer Host Based C++ Timer took 306 us
Timer Host Based C++ Timer took 307 us
Timer Host Based C++ Timer took 300 us
Timer Host Based C++ Timer took 309 us
Timer Host Based C++ Timer took 300 us
Timer Host Based C++ Timer took 301 us
Timer Host Based C++ Timer took 302 us
Timer Host Based C++ Timer took 300 us
Timer Host Based C++ Timer took 300 us
Timer Host Based C++ Timer took 304 us
Timer Host Based C++ Timer took 300 us
Timer Host Based C++ Timer took 298 us
Timer Host Based C++ Timer took 301 us
Timer Host Based C++ Timer took 305 us
Timer Host Based C++ Timer took 300 us
Timer Host Based C++ Timer took 303 us
Timer Host Based C++ Timer took 302 us
Timer Host Based C++ Timer took 309 us
Timer Host Based C++ Timer took 308 us
Timer Host Based C++ Timer took 300 us
Timer Host Based C++ Timer took 308 us
Timer Host Based C++ Timer took 301 us
Timer Host Based C++ Timer took 311 us
Timer Host Based C++ Timer took 309 us
Timer Host Based C++ Timer took 309 us
Timer Host Based C++ Timer took 305 us
Timer Host Based C++ Timer took 299 us
Timer Host Based C++ Timer took 302 us
Timer Host Based C++ Timer took 306 us
Timer Host Based C++ Timer took 310 us
Timer Host Based C++ Timer took 306 us
Timer Host Based C++ Timer took 302 us
Timer Host Based C++ Timer took 310 us
Timer Host Based C++ Timer took 303 us
Timer Host Based C++ Timer took 307 us
Timer Host Based C++ Timer took 308 us
Timer Host Based C++ Timer took 305 us
Timer Host Based C++ Timer took 303 us
Timer Host Based C++ Timer took 299 us
Timer Host Based C++ Timer took 301 us
Timer Host Based C++ Timer took 313 us
Timer Host Based C++ Timer took 312 us
Timer Host Based C++ Timer took 299 us
Timer Host Based C++ Timer took 305 us
Timer Host Based C++ Timer took 303 us
Timer Host Based C++ Timer took 308 us
Timer Host Based C++ Timer took 303 us
Timer Host Based C++ Timer took 304 us
Timer Host Based C++ Timer took 309 us
Timer Host Based C++ Timer took 303 us
Timer Host Based C++ Timer took 307 us
Timer Host Based C++ Timer took 302 us
Timer Host Based C++ Timer took 301 us
Timer Host Based C++ Timer took 303 us
Timer Host Based C++ Timer took 297 us
Timer Host Based C++ Timer took 313 us
Timer Host Based C++ Timer took 300 us
Timer Host Based C++ Timer took 302 us
Timer Host Based C++ Timer took 300 us
Timer Host Based C++ Timer took 301 us
Timer Host Based C++ Timer took 305 us
Timer Host Based C++ Timer took 301 us
Timer Host Based C++ Timer took 305 us
Timer Host Based C++ Timer took 298 us
Timer Host Based C++ Timer took 306 us
Timer Host Based C++ Timer took 305 us
Timer Host Based C++ Timer took 300 us
Timer Host Based C++ Timer took 308 us
Timer Host Based C++ Timer took 299 us
Timer Host Based C++ Timer took 310 us
Timer Host Based C++ Timer took 306 us
Timer Host Based C++ Timer took 305 us
Timer Host Based C++ Timer took 302 us
Timer Host Based C++ Timer took 303 us
Timer Host Based C++ Timer took 301 us
Timer Host Based C++ Timer took 317 us
Timer Host Based C++ Timer took 301 us
Timer Host Based C++ Timer took 305 us
Timer Host Based C++ Timer took 300 us
Timer Host Based C++ Timer took 308 us
Timer Host Based C++ Timer took 296 us
Timer Host Based C++ Timer took 314 us
Timer Host Based C++ Timer took 305 us
Timer Host Based C++ Timer took 300 us
Timer Host Based C++ Timer took 297 us
Timer Host Based C++ Timer took 311 us
Timer Host Based C++ Timer took 293 us
Timer Host Based C++ Timer took 307 us
Timer Host Based C++ Timer took 301 us
Timer Host Based C++ Timer took 300 us
Timer Host Based C++ Timer took 301 us
Timer Host Based C++ Timer took 301 us
Timer Host Based C++ Timer took 301 us
Timer Host Based C++ Timer took 302 us
Timer Host Based C++ Timer took 307 us
Timer Host Based C++ Timer took 307 us
Timer Host Based C++ Timer took 306 us
Timer Host Based C++ Timer took 302 us
Timer Host Based C++ Timer took 305 us
Timer Host Based C++ Timer took 300 us
Timer Host Based C++ Timer took 297 us
Timer Host Based C++ Timer took 304 us
Timer Host Based C++ Timer took 304 us
Timer Host Based C++ Timer took 305 us
Timer Host Based C++ Timer took 306 us
Timer Host Based C++ Timer took 304 us
Timer Host Based C++ Timer took 300 us
Timer Host Based C++ Timer took 307 us
Timer Host Based C++ Timer took 299 us
Timer Host Based C++ Timer took 301 us
Timer Host Based C++ Timer took 301 us
Timer Host Based C++ Timer took 299 us
Timer Host Based C++ Timer took 306 us
Timer Host Based C++ Timer took 305 us
Timer Host Based C++ Timer took 302 us
Timer Host Based C++ Timer took 307 us
Timer Host Based C++ Timer took 300 us
Timer Host Based C++ Timer took 302 us
Timer Host Based C++ Timer took 297 us
Timer Host Based C++ Timer took 307 us
Timer Host Based C++ Timer took 301 us
Timer Host Based C++ Timer took 301 us
Timer Host Based C++ Timer took 299 us
Timer Host Based C++ Timer took 302 us
Timer Host Based C++ Timer took 297 us
Timer Host Based C++ Timer took 300 us
Timer Host Based C++ Timer took 306 us
Timer Host Based C++ Timer took 310 us
Timer Host Based C++ Timer took 304 us
Timer Host Based C++ Timer took 300 us
Timer Host Based C++ Timer took 301 us
Timer Host Based C++ Timer took 300 us
Timer Host Based C++ Timer took 305 us
Timer Host Based C++ Timer took 304 us
Timer Host Based C++ Timer took 310 us
Timer Host Based C++ Timer took 303 us
Timer Host Based C++ Timer took 310 us
Timer Host Based C++ Timer took 301 us
Timer Host Based C++ Timer took 309 us
Timer Host Based C++ Timer took 302 us
Timer Host Based C++ Timer took 315 us
Timer Host Based C++ Timer took 304 us
Timer Host Based C++ Timer took 309 us
Timer Host Based C++ Timer took 304 us
Timer Host Based C++ Timer took 310 us
Timer Host Based C++ Timer took 303 us
Timer Host Based C++ Timer took 301 us
Timer Host Based C++ Timer took 299 us
Timer Host Based C++ Timer took 304 us
Timer Host Based C++ Timer took 306 us
Timer Host Based C++ Timer took 302 us
Timer Host Based C++ Timer took 305 us
Timer Host Based C++ Timer took 303 us
Timer Host Based C++ Timer took 301 us
Timer Host Based C++ Timer took 309 us
Timer Host Based C++ Timer took 305 us
Timer Host Based C++ Timer took 303 us
Timer Host Based C++ Timer took 302 us
Timer Host Based C++ Timer took 309 us
Timer Host Based C++ Timer took 300 us
Timer Host Based C++ Timer took 297 us
Timer Host Based C++ Timer took 306 us
Timer Host Based C++ Timer took 299 us
Timer Host Based C++ Timer took 303 us
Timer Host Based C++ Timer took 303 us
Timer Host Based C++ Timer took 305 us
Timer Host Based C++ Timer took 306 us
Timer Host Based C++ Timer took 309 us
Timer Host Based C++ Timer took 304 us
Timer Host Based C++ Timer took 305 us
Timer Host Based C++ Timer took 302 us
Timer Host Based C++ Timer took 303 us
Timer Host Based C++ Timer took 310 us
Timer Host Based C++ Timer took 298 us
Timer Host Based C++ Timer took 306 us
Timer Host Based C++ Timer took 303 us
Timer Host Based C++ Timer took 307 us
Timer Host Based C++ Timer took 306 us
Timer Host Based C++ Timer took 305 us
Timer Host Based C++ Timer took 303 us
Timer Host Based C++ Timer took 303 us
Timer Host Based C++ Timer took 303 us
Timer Host Based C++ Timer took 297 us
Timer Host Based C++ Timer took 301 us
Timer Host Based C++ Timer took 309 us
Timer Host Based C++ Timer took 300 us
Timer Host Based C++ Timer took 302 us
Timer Host Based C++ Timer took 310 us
Timer Host Based C++ Timer took 297 us
Timer Host Based C++ Timer took 306 us
Timer Host Based C++ Timer took 398 us
Timer Host Based C++ Timer took 300 us
Timer Host Based C++ Timer took 311 us
Timer Host Based C++ Timer took 314 us
Timer Host Based C++ Timer took 306 us
Timer Host Based C++ Timer took 302 us
Timer Host Based C++ Timer took 302 us
Timer Host Based C++ Timer took 302 us
Timer Host Based C++ Timer took 300 us
Timer Host Based C++ Timer took 298 us
Timer Host Based C++ Timer took 300 us
Timer Host Based C++ Timer took 307 us
Timer Host Based C++ Timer took 308 us
Timer Host Based C++ Timer took 302 us
Timer Host Based C++ Timer took 303 us
Timer Host Based C++ Timer took 304 us
Timer Host Based C++ Timer took 306 us
Timer Host Based C++ Timer took 304 us
Timer Host Based C++ Timer took 304 us
Timer Host Based C++ Timer took 307 us
Timer Host Based C++ Timer took 307 us
Timer Host Based C++ Timer took 309 us
Timer Host Based C++ Timer took 301 us
Timer Host Based C++ Timer took 300 us
Timer Host Based C++ Timer took 298 us
Timer Host Based C++ Timer took 307 us
Timer Host Based C++ Timer took 299 us
Timer Host Based C++ Timer took 310 us
Timer Host Based C++ Timer took 299 us
Timer Host Based C++ Timer took 302 us
Timer Host Based C++ Timer took 306 us
Timer Host Based C++ Timer took 301 us
Timer Host Based C++ Timer took 303 us
Timer Host Based C++ Timer took 301 us
Timer Host Based C++ Timer took 304 us
Timer Host Based C++ Timer took 305 us
Timer Host Based C++ Timer took 301 us
Timer Host Based C++ Timer took 302 us
Timer Host Based C++ Timer took 307 us
Timer Host Based C++ Timer took 301 us
Timer Host Based C++ Timer took 309 us
Timer Host Based C++ Timer took 300 us
Timer Host Based C++ Timer took 308 us
Timer Host Based C++ Timer took 299 us
Timer Host Based C++ Timer took 311 us
Timer Host Based C++ Timer took 298 us
Timer Host Based C++ Timer took 308 us
Timer Host Based C++ Timer took 299 us
Timer Host Based C++ Timer took 302 us
Timer Host Based C++ Timer took 311 us
Timer Host Based C++ Timer took 301 us
Timer Host Based C++ Timer took 302 us
Timer Host Based C++ Timer took 306 us
Timer Host Based C++ Timer took 303 us
Timer Host Based C++ Timer took 313 us
Timer Host Based C++ Timer took 303 us
Timer Host Based C++ Timer took 306 us
Timer Host Based C++ Timer took 302 us
Timer Host Based C++ Timer took 307 us
Timer Host Based C++ Timer took 300 us
Timer Host Based C++ Timer took 306 us
Timer Host Based C++ Timer took 306 us
Timer Host Based C++ Timer took 298 us
Timer Host Based C++ Timer took 301 us
Timer Host Based C++ Timer took 301 us
Timer Host Based C++ Timer took 300 us
Timer Host Based C++ Timer took 297 us
Timer Host Based C++ Timer took 310 us
Timer Host Based C++ Timer took 309 us
Timer Host Based C++ Timer took 306 us
Timer Host Based C++ Timer took 310 us
Timer Host Based C++ Timer took 311 us
Timer Host Based C++ Timer took 310 us
Timer Host Based C++ Timer took 313 us
Timer Host Based C++ Timer took 306 us
Timer Host Based C++ Timer took 302 us
Timer Host Based C++ Timer took 308 us
Timer Host Based C++ Timer took 301 us
Timer Host Based C++ Timer took 299 us
Timer Host Based C++ Timer took 306 us
Timer Host Based C++ Timer took 308 us
Timer Host Based C++ Timer took 305 us
Timer Host Based C++ Timer took 303 us
Timer Host Based C++ Timer took 305 us
Timer Host Based C++ Timer took 296 us
Timer Host Based C++ Timer took 303 us
Timer Host Based C++ Timer took 300 us
Timer Host Based C++ Timer took 310 us
Timer Host Based C++ Timer took 300 us
Timer Host Based C++ Timer took 300 us
Timer Host Based C++ Timer took 303 us
Timer Host Based C++ Timer took 307 us
Timer Host Based C++ Timer took 304 us
Timer Host Based C++ Timer took 301 us
Timer Host Based C++ Timer took 300 us
Timer Host Based C++ Timer took 304 us
Timer Host Based C++ Timer took 306 us
Timer Host Based C++ Timer took 302 us
Timer Host Based C++ Timer took 307 us
Timer Host Based C++ Timer took 301 us
Timer Host Based C++ Timer took 301 us
Timer Host Based C++ Timer took 300 us
Timer Host Based C++ Timer took 301 us
Timer Host Based C++ Timer took 308 us
Timer Host Based C++ Timer took 304 us
Timer Host Based C++ Timer took 303 us
Timer Host Based C++ Timer took 306 us
Timer Host Based C++ Timer took 304 us
Timer Host Based C++ Timer took 310 us
Timer Host Based C++ Timer took 304 us
Timer Host Based C++ Timer took 299 us
Timer Host Based C++ Timer took 305 us
Timer Host Based C++ Timer took 305 us
Timer Host Based C++ Timer took 302 us
Timer Host Based C++ Timer took 301 us
Timer Host Based C++ Timer took 302 us
Timer Host Based C++ Timer took 302 us
Timer Host Based C++ Timer took 301 us
Timer Host Based C++ Timer took 308 us
Timer Host Based C++ Timer took 298 us
Timer Host Based C++ Timer took 295 us
Timer Host Based C++ Timer took 304 us
Timer Host Based C++ Timer took 308 us
Timer Host Based C++ Timer took 302 us
Timer Host Based C++ Timer took 303 us
Timer Host Based C++ Timer took 297 us
Timer Host Based C++ Timer took 299 us
Timer Host Based C++ Timer took 308 us
Timer Host Based C++ Timer took 302 us
Timer Host Based C++ Timer took 298 us
Timer Host Based C++ Timer took 296 us
Timer Host Based C++ Timer took 306 us
Timer Host Based C++ Timer took 303 us
Timer Host Based C++ Timer took 301 us
Timer Host Based C++ Timer took 308 us
Timer Host Based C++ Timer took 306 us
Timer Host Based C++ Timer took 305 us
Timer Host Based C++ Timer took 303 us
Timer Host Based C++ Timer took 305 us
Timer Host Based C++ Timer took 301 us
Timer Host Based C++ Timer took 295 us
Timer Host Based C++ Timer took 301 us
Timer Host Based C++ Timer took 308 us
Timer Host Based C++ Timer took 304 us
Timer Host Based C++ Timer took 309 us
Timer Host Based C++ Timer took 312 us
Timer Host Based C++ Timer took 304 us
Timer Host Based C++ Timer took 305 us
Timer Host Based C++ Timer took 302 us
Timer Host Based C++ Timer took 315 us
Timer Host Based C++ Timer took 299 us
Timer Host Based C++ Timer took 303 us
Timer Host Based C++ Timer took 303 us
Timer Host Based C++ Timer took 307 us
Timer Host Based C++ Timer took 310 us
Timer Host Based C++ Timer took 300 us
Timer Host Based C++ Timer took 306 us
Timer Host Based C++ Timer took 304 us
Timer Host Based C++ Timer took 307 us
Timer Host Based C++ Timer took 302 us
Timer Host Based C++ Timer took 297 us
Timer Host Based C++ Timer took 302 us
Timer Host Based C++ Timer took 308 us
Timer Host Based C++ Timer took 302 us
Timer Host Based C++ Timer took 304 us
Timer Host Based C++ Timer took 308 us
Timer Host Based C++ Timer took 307 us
Timer Host Based C++ Timer took 306 us
Timer Host Based C++ Timer took 302 us
Timer Host Based C++ Timer took 307 us
Timer Host Based C++ Timer took 303 us
Timer Host Based C++ Timer took 300 us
Timer Host Based C++ Timer took 301 us
Timer Host Based C++ Timer took 301 us
Timer Host Based C++ Timer took 298 us
Timer Host Based C++ Timer took 306 us
Timer Host Based C++ Timer took 302 us
Timer Host Based C++ Timer took 307 us
Timer Host Based C++ Timer took 308 us
Timer Host Based C++ Timer took 304 us
Timer Host Based C++ Timer took 302 us
Timer Host Based C++ Timer took 306 us
Timer Host Based C++ Timer took 310 us
Timer Host Based C++ Timer took 304 us
Timer Host Based C++ Timer took 301 us
Timer Host Based C++ Timer took 303 us
Timer Host Based C++ Timer took 300 us
Timer Host Based C++ Timer took 303 us
Timer Host Based C++ Timer took 302 us
Timer Host Based C++ Timer took 302 us
Timer Host Based C++ Timer took 303 us
Timer Host Based C++ Timer took 306 us
Timer Host Based C++ Timer took 300 us
Timer Host Based C++ Timer took 300 us
Timer Host Based C++ Timer took 308 us
Timer Host Based C++ Timer took 299 us
Timer Host Based C++ Timer took 300 us
Timer Host Based C++ Timer took 303 us
Timer Host Based C++ Timer took 298 us
Timer Host Based C++ Timer took 301 us
Timer Host Based C++ Timer took 299 us
Timer Host Based C++ Timer took 307 us
Timer Host Based C++ Timer took 297 us
Timer Host Based C++ Timer took 305 us
Timer Host Based C++ Timer took 302 us
Timer Host Based C++ Timer took 303 us
Timer Host Based C++ Timer took 308 us
Timer Host Based C++ Timer took 305 us
Timer Host Based C++ Timer took 305 us
Timer Host Based C++ Timer took 304 us
Timer Host Based C++ Timer took 310 us
Timer Host Based C++ Timer took 304 us
Timer Host Based C++ Timer took 302 us
Timer Host Based C++ Timer took 301 us
Timer Host Based C++ Timer took 300 us
Timer Host Based C++ Timer took 300 us
Timer Host Based C++ Timer took 305 us
Timer Host Based C++ Timer took 304 us
Timer Host Based C++ Timer took 301 us
Timer Host Based C++ Timer took 307 us
Timer Host Based C++ Timer took 302 us
Timer Host Based C++ Timer took 304 us
Timer Host Based C++ Timer took 309 us
Timer Host Based C++ Timer took 309 us
Timer Host Based C++ Timer took 300 us
Timer Host Based C++ Timer took 306 us
Timer Host Based C++ Timer took 308 us
Timer Host Based C++ Timer took 307 us
Timer Host Based C++ Timer took 299 us
Timer Host Based C++ Timer took 307 us
Timer Host Based C++ Timer took 313 us
Timer Host Based C++ Timer took 303 us
Timer Host Based C++ Timer took 305 us
Timer Host Based C++ Timer took 301 us
Timer Host Based C++ Timer took 302 us
Timer Host Based C++ Timer took 302 us
Timer Host Based C++ Timer took 307 us
Timer Host Based C++ Timer took 303 us
Timer Host Based C++ Timer took 307 us
Timer Host Based C++ Timer took 299 us
Timer Host Based C++ Timer took 306 us
Timer Host Based C++ Timer took 303 us
Timer Host Based C++ Timer took 306 us
Timer Host Based C++ Timer took 303 us
Timer Host Based C++ Timer took 309 us
Timer Host Based C++ Timer took 307 us
Timer Host Based C++ Timer took 301 us
Timer Host Based C++ Timer took 302 us
Timer Host Based C++ Timer took 309 us
Timer Host Based C++ Timer took 304 us
Timer Host Based C++ Timer took 301 us
Timer Host Based C++ Timer took 300 us
Timer Host Based C++ Timer took 300 us
Timer Host Based C++ Timer took 302 us
Timer Host Based C++ Timer took 303 us
Timer Host Based C++ Timer took 308 us
Timer Host Based C++ Timer took 303 us
Timer Host Based C++ Timer took 302 us
Timer Host Based C++ Timer took 309 us
Timer Host Based C++ Timer took 301 us
Timer Host Based C++ Timer took 310 us
Timer Host Based C++ Timer took 309 us
Timer Host Based C++ Timer took 307 us
Timer Host Based C++ Timer took 301 us
Timer Host Based C++ Timer took 297 us
Timer Host Based C++ Timer took 302 us
Timer Host Based C++ Timer took 306 us
Timer Host Based C++ Timer took 310 us
Timer Host Based C++ Timer took 302 us
Timer Host Based C++ Timer took 306 us
Timer Host Based C++ Timer took 302 us
Timer Host Based C++ Timer took 305 us
Timer Host Based C++ Timer took 308 us
Timer Host Based C++ Timer took 308 us
Timer Host Based C++ Timer took 305 us
Timer Host Based C++ Timer took 305 us
Timer Host Based C++ Timer took 304 us
Timer Host Based C++ Timer took 310 us
Timer Host Based C++ Timer took 307 us
Timer Host Based C++ Timer took 304 us
Timer Host Based C++ Timer took 309 us
Timer Host Based C++ Timer took 315 us
Timer Host Based C++ Timer took 308 us
Timer Host Based C++ Timer took 320 us
Timer Host Based C++ Timer took 308 us
Timer Host Based C++ Timer took 307 us
Timer Host Based C++ Timer took 749 us
Timer Host Based C++ Timer took 311 us
Timer Host Based C++ Timer took 311 us
Timer Host Based C++ Timer took 309 us
Timer Host Based C++ Timer took 312 us
Timer Host Based C++ Timer took 305 us
Timer Host Based C++ Timer took 300 us
Timer Host Based C++ Timer took 304 us
Timer Host Based C++ Timer took 305 us
Timer Host Based C++ Timer took 316 us
Timer Host Based C++ Timer took 303 us
Timer Host Based C++ Timer took 305 us
Timer Host Based C++ Timer took 302 us
Timer Host Based C++ Timer took 309 us
Timer Host Based C++ Timer took 298 us
Timer Host Based C++ Timer took 303 us
Timer Host Based C++ Timer took 305 us
Timer Host Based C++ Timer took 308 us
Timer Host Based C++ Timer took 307 us
Timer Host Based C++ Timer took 306 us
Timer Host Based C++ Timer took 310 us
Timer Host Based C++ Timer took 309 us
Timer Host Based C++ Timer took 313 us
Timer Host Based C++ Timer took 304 us
Timer Host Based C++ Timer took 301 us
Timer Host Based C++ Timer took 694 us
Timer Host Based C++ Timer took 309 us
Timer Host Based C++ Timer took 300 us
Timer Host Based C++ Timer took 304 us
Timer Host Based C++ Timer took 303 us
Timer Host Based C++ Timer took 310 us
Timer Host Based C++ Timer took 307 us
Timer Host Based C++ Timer took 309 us
Timer Host Based C++ Timer took 305 us
Timer Host Based C++ Timer took 303 us
Timer Host Based C++ Timer took 303 us
Step 2593 done.
Writing to: "/capstor/scratch/cscs/ybudanaz/icon-artifacts/velocity/gotwant/data_nproma20480/global_data_2593.got"
Writing to: "/capstor/scratch/cscs/ybudanaz/icon-artifacts/velocity/gotwant/data_nproma20480/p_diag_2593.got"
Writing to: "/capstor/scratch/cscs/ybudanaz/icon-artifacts/velocity/gotwant/data_nproma20480/p_metrics_2593.got"
Writing to: "/capstor/scratch/cscs/ybudanaz/icon-artifacts/velocity/gotwant/data_nproma20480/p_diag_2593.want"
Writing to: "/capstor/scratch/cscs/ybudanaz/icon-artifacts/velocity/gotwant/data_nproma20480/global_data_2593.want"
Writing to: "/capstor/scratch/cscs/ybudanaz/icon-artifacts/velocity/gotwant/data_nproma20480/p_prog_2593.got"
Writing to: "/capstor/scratch/cscs/ybudanaz/icon-artifacts/velocity/gotwant/data_nproma20480/p_metrics_2593.want"
Writing to: "/capstor/scratch/cscs/ybudanaz/icon-artifacts/velocity/gotwant/data_nproma20480/p_prog_2593.want"
Writing to: "/capstor/scratch/cscs/ybudanaz/icon-artifacts/velocity/gotwant/data_nproma20480/z_kin_hor_e_2593.got"
Writing to: "/capstor/scratch/cscs/ybudanaz/icon-artifacts/velocity/gotwant/data_nproma20480/z_vt_ie_2593.got"
Writing to: "/capstor/scratch/cscs/ybudanaz/icon-artifacts/velocity/gotwant/data_nproma20480/z_kin_hor_e_2593.want"
Writing to: "/capstor/scratch/cscs/ybudanaz/icon-artifacts/velocity/gotwant/data_nproma20480/z_w_concorr_me_2593.got"
Writing to: "/capstor/scratch/cscs/ybudanaz/icon-artifacts/velocity/gotwant/data_nproma20480/z_vt_ie_2593.want"
Writing to: "/capstor/scratch/cscs/ybudanaz/icon-artifacts/velocity/gotwant/data_nproma20480/z_w_concorr_me_2593.want"
Reading from: "data_nproma20480/p_diag.t1.5701.data"
Reading from: "data_nproma20480/p_metrics.t1.5701.data"
Reading from: "data_nproma20480/p_int.5701.data"
Reading from: "data_nproma20480/p_diag.t0.5701.data"
Reading from: "data_nproma20480/global_data.t1.5701.data"
Reading from: "data_nproma20480/p_metrics.t0.5701.data"
Reading from: "data_nproma20480/global_data.t0.5701.data"
Reading from: "data_nproma20480/p_patch.5701.data"
Reading from: "data_nproma20480/lvn_only.5701.data"
Reading from: "data_nproma20480/dtime.5701.data"
Reading from: "data_nproma20480/z_vt_ie.t0.5701.data"
Reading from: "data_nproma20480/ldeepatmo.5701.data"
Reading from: "data_nproma20480/p_prog.t1.5701.data"
Reading from: "data_nproma20480/z_vt_ie.t1.5701.data"
Reading from: "data_nproma20480/ntnd.5701.data"
Reading from: "data_nproma20480/dt_linintp_ubc.5701.data"
Reading from: "data_nproma20480/z_kin_hor_e.t1.5701.data"
Reading from: "data_nproma20480/z_w_concorr_me.t0.5701.data"
Reading from: "data_nproma20480/z_w_concorr_me.t1.5701.data"
Reading from: "data_nproma20480/z_kin_hor_e.t0.5701.data"
Reading from: "data_nproma20480/p_prog.t0.5701.data"
Reading from: "data_nproma20480/istep.5701.data"
Step 5701 variables, extra_diffu: 1, istep: 1, lvn_only: 1, ldeepatmo: 0
Timer Host Based C++ Timer took 521 us
Timer Host Based C++ Timer took 324 us
Timer Host Based C++ Timer took 332 us
Timer Host Based C++ Timer took 323 us
Timer Host Based C++ Timer took 319 us
Timer Host Based C++ Timer took 327 us
Timer Host Based C++ Timer took 341 us
Timer Host Based C++ Timer took 335 us
Timer Host Based C++ Timer took 315 us
Timer Host Based C++ Timer took 325 us
Timer Host Based C++ Timer took 325 us
Timer Host Based C++ Timer took 322 us
Timer Host Based C++ Timer took 325 us
Timer Host Based C++ Timer took 319 us
Timer Host Based C++ Timer took 318 us
Timer Host Based C++ Timer took 315 us
Timer Host Based C++ Timer took 319 us
Timer Host Based C++ Timer took 326 us
Timer Host Based C++ Timer took 317 us
Timer Host Based C++ Timer took 318 us
Timer Host Based C++ Timer took 317 us
Timer Host Based C++ Timer took 321 us
Timer Host Based C++ Timer took 328 us
Timer Host Based C++ Timer took 321 us
Timer Host Based C++ Timer took 313 us
Timer Host Based C++ Timer took 320 us
Timer Host Based C++ Timer took 323 us
Timer Host Based C++ Timer took 328 us
Timer Host Based C++ Timer took 316 us
Timer Host Based C++ Timer took 314 us
Timer Host Based C++ Timer took 323 us
Timer Host Based C++ Timer took 321 us
Timer Host Based C++ Timer took 314 us
Timer Host Based C++ Timer took 320 us
Timer Host Based C++ Timer took 319 us
Timer Host Based C++ Timer took 317 us
Timer Host Based C++ Timer took 327 us
Timer Host Based C++ Timer took 324 us
Timer Host Based C++ Timer took 319 us
Timer Host Based C++ Timer took 319 us
Timer Host Based C++ Timer took 312 us
Timer Host Based C++ Timer took 314 us
Timer Host Based C++ Timer took 317 us
Timer Host Based C++ Timer took 310 us
Timer Host Based C++ Timer took 313 us
Timer Host Based C++ Timer took 319 us
Timer Host Based C++ Timer took 323 us
Timer Host Based C++ Timer took 316 us
Timer Host Based C++ Timer took 316 us
Timer Host Based C++ Timer took 312 us
Timer Host Based C++ Timer took 311 us
Timer Host Based C++ Timer took 314 us
Timer Host Based C++ Timer took 312 us
Timer Host Based C++ Timer took 317 us
Timer Host Based C++ Timer took 319 us
Timer Host Based C++ Timer took 321 us
Timer Host Based C++ Timer took 320 us
Timer Host Based C++ Timer took 314 us
Timer Host Based C++ Timer took 306 us
Timer Host Based C++ Timer took 315 us
Timer Host Based C++ Timer took 311 us
Timer Host Based C++ Timer took 322 us
Timer Host Based C++ Timer took 316 us
Timer Host Based C++ Timer took 314 us
Timer Host Based C++ Timer took 316 us
Timer Host Based C++ Timer took 316 us
Timer Host Based C++ Timer took 313 us
Timer Host Based C++ Timer took 311 us
Timer Host Based C++ Timer took 308 us
Timer Host Based C++ Timer took 314 us
Timer Host Based C++ Timer took 312 us
Timer Host Based C++ Timer took 321 us
Timer Host Based C++ Timer took 316 us
Timer Host Based C++ Timer took 314 us
Timer Host Based C++ Timer took 317 us
Timer Host Based C++ Timer took 313 us
Timer Host Based C++ Timer took 313 us
Timer Host Based C++ Timer took 312 us
Timer Host Based C++ Timer took 315 us
Timer Host Based C++ Timer took 324 us
Timer Host Based C++ Timer took 311 us
Timer Host Based C++ Timer took 311 us
Timer Host Based C++ Timer took 322 us
Timer Host Based C++ Timer took 312 us
Timer Host Based C++ Timer took 316 us
Timer Host Based C++ Timer took 317 us
Timer Host Based C++ Timer took 314 us
Timer Host Based C++ Timer took 314 us
Timer Host Based C++ Timer took 315 us
Timer Host Based C++ Timer took 309 us
Timer Host Based C++ Timer took 307 us
Timer Host Based C++ Timer took 310 us
Timer Host Based C++ Timer took 312 us
Timer Host Based C++ Timer took 311 us
Timer Host Based C++ Timer took 316 us
Timer Host Based C++ Timer took 313 us
Timer Host Based C++ Timer took 315 us
Timer Host Based C++ Timer took 306 us
Timer Host Based C++ Timer took 315 us
Timer Host Based C++ Timer took 316 us
Timer Host Based C++ Timer took 306 us
Timer Host Based C++ Timer took 314 us
Timer Host Based C++ Timer took 304 us
Timer Host Based C++ Timer took 313 us
Timer Host Based C++ Timer took 310 us
Timer Host Based C++ Timer took 308 us
Timer Host Based C++ Timer took 320 us
Timer Host Based C++ Timer took 315 us
Timer Host Based C++ Timer took 311 us
Timer Host Based C++ Timer took 312 us
Timer Host Based C++ Timer took 319 us
Timer Host Based C++ Timer took 315 us
Timer Host Based C++ Timer took 314 us
Timer Host Based C++ Timer took 310 us
Timer Host Based C++ Timer took 318 us
Timer Host Based C++ Timer took 317 us
Timer Host Based C++ Timer took 309 us
Timer Host Based C++ Timer took 308 us
Timer Host Based C++ Timer took 327 us
Timer Host Based C++ Timer took 306 us
Timer Host Based C++ Timer took 318 us
Timer Host Based C++ Timer took 306 us
Timer Host Based C++ Timer took 309 us
Timer Host Based C++ Timer took 312 us
Timer Host Based C++ Timer took 312 us
Timer Host Based C++ Timer took 309 us
Timer Host Based C++ Timer took 313 us
Timer Host Based C++ Timer took 311 us
Timer Host Based C++ Timer took 311 us
Timer Host Based C++ Timer took 308 us
Timer Host Based C++ Timer took 313 us
Timer Host Based C++ Timer took 313 us
Timer Host Based C++ Timer took 308 us
Timer Host Based C++ Timer took 310 us
Timer Host Based C++ Timer took 310 us
Timer Host Based C++ Timer took 320 us
Timer Host Based C++ Timer took 306 us
Timer Host Based C++ Timer took 311 us
Timer Host Based C++ Timer took 306 us
Timer Host Based C++ Timer took 311 us
Timer Host Based C++ Timer took 310 us
Timer Host Based C++ Timer took 310 us
Timer Host Based C++ Timer took 309 us
Timer Host Based C++ Timer took 307 us
Timer Host Based C++ Timer took 308 us
Timer Host Based C++ Timer took 308 us
Timer Host Based C++ Timer took 316 us
Timer Host Based C++ Timer took 308 us
Timer Host Based C++ Timer took 307 us
Timer Host Based C++ Timer took 310 us
Timer Host Based C++ Timer took 319 us
Timer Host Based C++ Timer took 306 us
Timer Host Based C++ Timer took 306 us
Timer Host Based C++ Timer took 308 us
Timer Host Based C++ Timer took 310 us
Timer Host Based C++ Timer took 307 us
Timer Host Based C++ Timer took 315 us
Timer Host Based C++ Timer took 305 us
Timer Host Based C++ Timer took 308 us
Timer Host Based C++ Timer took 310 us
Timer Host Based C++ Timer took 309 us
Timer Host Based C++ Timer took 308 us
Timer Host Based C++ Timer took 314 us
Timer Host Based C++ Timer took 309 us
Timer Host Based C++ Timer took 316 us
Timer Host Based C++ Timer took 309 us
Timer Host Based C++ Timer took 312 us
Timer Host Based C++ Timer took 312 us
Timer Host Based C++ Timer took 312 us
Timer Host Based C++ Timer took 311 us
Timer Host Based C++ Timer took 308 us
Timer Host Based C++ Timer took 306 us
Timer Host Based C++ Timer took 309 us
Timer Host Based C++ Timer took 307 us
Timer Host Based C++ Timer took 308 us
Timer Host Based C++ Timer took 313 us
Timer Host Based C++ Timer took 307 us
Timer Host Based C++ Timer took 309 us
Timer Host Based C++ Timer took 309 us
Timer Host Based C++ Timer took 305 us
Timer Host Based C++ Timer took 305 us
Timer Host Based C++ Timer took 303 us
Timer Host Based C++ Timer took 305 us
Timer Host Based C++ Timer took 305 us
Timer Host Based C++ Timer took 306 us
Timer Host Based C++ Timer took 301 us
Timer Host Based C++ Timer took 314 us
Timer Host Based C++ Timer took 305 us
Timer Host Based C++ Timer took 315 us
Timer Host Based C++ Timer took 307 us
Timer Host Based C++ Timer took 309 us
Timer Host Based C++ Timer took 310 us
Timer Host Based C++ Timer took 313 us
Timer Host Based C++ Timer took 303 us
Timer Host Based C++ Timer took 302 us
Timer Host Based C++ Timer took 305 us
Timer Host Based C++ Timer took 314 us
Timer Host Based C++ Timer took 306 us
Timer Host Based C++ Timer took 304 us
Timer Host Based C++ Timer took 314 us
Timer Host Based C++ Timer took 309 us
Timer Host Based C++ Timer took 305 us
Timer Host Based C++ Timer took 306 us
Timer Host Based C++ Timer took 305 us
Timer Host Based C++ Timer took 307 us
Timer Host Based C++ Timer took 315 us
Timer Host Based C++ Timer took 311 us
Timer Host Based C++ Timer took 303 us
Timer Host Based C++ Timer took 306 us
Timer Host Based C++ Timer took 304 us
Timer Host Based C++ Timer took 310 us
Timer Host Based C++ Timer took 306 us
Timer Host Based C++ Timer took 305 us
Timer Host Based C++ Timer took 311 us
Timer Host Based C++ Timer took 304 us
Timer Host Based C++ Timer took 306 us
Timer Host Based C++ Timer took 309 us
Timer Host Based C++ Timer took 306 us
Timer Host Based C++ Timer took 334 us
Timer Host Based C++ Timer took 335 us
Timer Host Based C++ Timer took 343 us
Timer Host Based C++ Timer took 337 us
Timer Host Based C++ Timer took 332 us
Timer Host Based C++ Timer took 328 us
Timer Host Based C++ Timer took 329 us
Timer Host Based C++ Timer took 321 us
Timer Host Based C++ Timer took 328 us
Timer Host Based C++ Timer took 326 us
Timer Host Based C++ Timer took 327 us
Timer Host Based C++ Timer took 317 us
Timer Host Based C++ Timer took 326 us
Timer Host Based C++ Timer took 323 us
Timer Host Based C++ Timer took 319 us
Timer Host Based C++ Timer took 328 us
Timer Host Based C++ Timer took 318 us
Timer Host Based C++ Timer took 324 us
Timer Host Based C++ Timer took 334 us
Timer Host Based C++ Timer took 324 us
Timer Host Based C++ Timer took 318 us
Timer Host Based C++ Timer took 323 us
Timer Host Based C++ Timer took 321 us
Timer Host Based C++ Timer took 321 us
Timer Host Based C++ Timer took 324 us
Timer Host Based C++ Timer took 332 us
Timer Host Based C++ Timer took 506 us
Timer Host Based C++ Timer took 331 us
Timer Host Based C++ Timer took 325 us
Timer Host Based C++ Timer took 320 us
Timer Host Based C++ Timer took 327 us
Timer Host Based C++ Timer took 323 us
Timer Host Based C++ Timer took 331 us
Timer Host Based C++ Timer took 328 us
Timer Host Based C++ Timer took 316 us
Timer Host Based C++ Timer took 322 us
Timer Host Based C++ Timer took 330 us
Timer Host Based C++ Timer took 326 us
Timer Host Based C++ Timer took 331 us
Timer Host Based C++ Timer took 322 us
Timer Host Based C++ Timer took 323 us
Timer Host Based C++ Timer took 318 us
Timer Host Based C++ Timer took 322 us
Timer Host Based C++ Timer took 326 us
Timer Host Based C++ Timer took 320 us
Timer Host Based C++ Timer took 326 us
Timer Host Based C++ Timer took 336 us
Timer Host Based C++ Timer took 323 us
Timer Host Based C++ Timer took 320 us
Timer Host Based C++ Timer took 326 us
Timer Host Based C++ Timer took 321 us
Timer Host Based C++ Timer took 326 us
Timer Host Based C++ Timer took 332 us
Timer Host Based C++ Timer took 323 us
Timer Host Based C++ Timer took 323 us
Timer Host Based C++ Timer took 325 us
Timer Host Based C++ Timer took 325 us
Timer Host Based C++ Timer took 328 us
Timer Host Based C++ Timer took 323 us
Timer Host Based C++ Timer took 323 us
Timer Host Based C++ Timer took 322 us
Timer Host Based C++ Timer took 320 us
Timer Host Based C++ Timer took 333 us
Timer Host Based C++ Timer took 322 us
Timer Host Based C++ Timer took 316 us
Timer Host Based C++ Timer took 324 us
Timer Host Based C++ Timer took 315 us
Timer Host Based C++ Timer took 323 us
Timer Host Based C++ Timer took 333 us
Timer Host Based C++ Timer took 333 us
Timer Host Based C++ Timer took 322 us
Timer Host Based C++ Timer took 332 us
Timer Host Based C++ Timer took 316 us
Timer Host Based C++ Timer took 314 us
Timer Host Based C++ Timer took 321 us
Timer Host Based C++ Timer took 322 us
Timer Host Based C++ Timer took 323 us
Timer Host Based C++ Timer took 320 us
Timer Host Based C++ Timer took 315 us
Timer Host Based C++ Timer took 316 us
Timer Host Based C++ Timer took 317 us
Timer Host Based C++ Timer took 318 us
Timer Host Based C++ Timer took 327 us
Timer Host Based C++ Timer took 321 us
Timer Host Based C++ Timer took 316 us
Timer Host Based C++ Timer took 321 us
Timer Host Based C++ Timer took 328 us
Timer Host Based C++ Timer took 324 us
Timer Host Based C++ Timer took 326 us
Timer Host Based C++ Timer took 318 us
Timer Host Based C++ Timer took 321 us
Timer Host Based C++ Timer took 322 us
Timer Host Based C++ Timer took 320 us
Timer Host Based C++ Timer took 317 us
Timer Host Based C++ Timer took 318 us
Timer Host Based C++ Timer took 316 us
Timer Host Based C++ Timer took 320 us
Timer Host Based C++ Timer took 318 us
Timer Host Based C++ Timer took 319 us
Timer Host Based C++ Timer took 323 us
Timer Host Based C++ Timer took 323 us
Timer Host Based C++ Timer took 322 us
Timer Host Based C++ Timer took 324 us
Timer Host Based C++ Timer took 321 us
Timer Host Based C++ Timer took 317 us
Timer Host Based C++ Timer took 322 us
Timer Host Based C++ Timer took 318 us
Timer Host Based C++ Timer took 322 us
Timer Host Based C++ Timer took 324 us
Timer Host Based C++ Timer took 327 us
Timer Host Based C++ Timer took 319 us
Timer Host Based C++ Timer took 328 us
Timer Host Based C++ Timer took 320 us
Timer Host Based C++ Timer took 322 us
Timer Host Based C++ Timer took 323 us
Timer Host Based C++ Timer took 319 us
Timer Host Based C++ Timer took 327 us
Timer Host Based C++ Timer took 325 us
Timer Host Based C++ Timer took 324 us
Timer Host Based C++ Timer took 318 us
Timer Host Based C++ Timer took 324 us
Timer Host Based C++ Timer took 322 us
Timer Host Based C++ Timer took 318 us
Timer Host Based C++ Timer took 323 us
Timer Host Based C++ Timer took 319 us
Timer Host Based C++ Timer took 316 us
Timer Host Based C++ Timer took 316 us
Timer Host Based C++ Timer took 319 us
Timer Host Based C++ Timer took 322 us
Timer Host Based C++ Timer took 320 us
Timer Host Based C++ Timer took 322 us
Timer Host Based C++ Timer took 324 us
Timer Host Based C++ Timer took 321 us
Timer Host Based C++ Timer took 326 us
Timer Host Based C++ Timer took 320 us
Timer Host Based C++ Timer took 322 us
Timer Host Based C++ Timer took 325 us
Timer Host Based C++ Timer took 318 us
Timer Host Based C++ Timer took 325 us
Timer Host Based C++ Timer took 321 us
Timer Host Based C++ Timer took 323 us
Timer Host Based C++ Timer took 320 us
Timer Host Based C++ Timer took 329 us
Timer Host Based C++ Timer took 316 us
Timer Host Based C++ Timer took 324 us
Timer Host Based C++ Timer took 327 us
Timer Host Based C++ Timer took 321 us
Timer Host Based C++ Timer took 318 us
Timer Host Based C++ Timer took 321 us
Timer Host Based C++ Timer took 324 us
Timer Host Based C++ Timer took 320 us
Timer Host Based C++ Timer took 322 us
Timer Host Based C++ Timer took 320 us
Timer Host Based C++ Timer took 325 us
Timer Host Based C++ Timer took 319 us
Timer Host Based C++ Timer took 320 us
Timer Host Based C++ Timer took 319 us
Timer Host Based C++ Timer took 319 us
Timer Host Based C++ Timer took 321 us
Timer Host Based C++ Timer took 322 us
Timer Host Based C++ Timer took 324 us
Timer Host Based C++ Timer took 322 us
Timer Host Based C++ Timer took 324 us
Timer Host Based C++ Timer took 319 us
Timer Host Based C++ Timer took 322 us
Timer Host Based C++ Timer took 322 us
Timer Host Based C++ Timer took 320 us
Timer Host Based C++ Timer took 315 us
Timer Host Based C++ Timer took 320 us
Timer Host Based C++ Timer took 316 us
Timer Host Based C++ Timer took 327 us
Timer Host Based C++ Timer took 326 us
Timer Host Based C++ Timer took 321 us
Timer Host Based C++ Timer took 319 us
Timer Host Based C++ Timer took 320 us
Timer Host Based C++ Timer took 320 us
Timer Host Based C++ Timer took 320 us
Timer Host Based C++ Timer took 322 us
Timer Host Based C++ Timer took 319 us
Timer Host Based C++ Timer took 327 us
Timer Host Based C++ Timer took 314 us
Timer Host Based C++ Timer took 322 us
Timer Host Based C++ Timer took 323 us
Timer Host Based C++ Timer took 316 us
Timer Host Based C++ Timer took 329 us
Timer Host Based C++ Timer took 323 us
Timer Host Based C++ Timer took 323 us
Timer Host Based C++ Timer took 319 us
Timer Host Based C++ Timer took 326 us
Timer Host Based C++ Timer took 319 us
Timer Host Based C++ Timer took 324 us
Timer Host Based C++ Timer took 321 us
Timer Host Based C++ Timer took 328 us
Timer Host Based C++ Timer took 319 us
Timer Host Based C++ Timer took 320 us
Timer Host Based C++ Timer took 325 us
Timer Host Based C++ Timer took 321 us
Timer Host Based C++ Timer took 317 us
Timer Host Based C++ Timer took 318 us
Timer Host Based C++ Timer took 327 us
Timer Host Based C++ Timer took 321 us
Timer Host Based C++ Timer took 320 us
Timer Host Based C++ Timer took 331 us
Timer Host Based C++ Timer took 319 us
Timer Host Based C++ Timer took 328 us
Timer Host Based C++ Timer took 327 us
Timer Host Based C++ Timer took 319 us
Timer Host Based C++ Timer took 315 us
Timer Host Based C++ Timer took 323 us
Timer Host Based C++ Timer took 315 us
Timer Host Based C++ Timer took 329 us
Timer Host Based C++ Timer took 323 us
Timer Host Based C++ Timer took 317 us
Timer Host Based C++ Timer took 332 us
Timer Host Based C++ Timer took 320 us
Timer Host Based C++ Timer took 319 us
Timer Host Based C++ Timer took 322 us
Timer Host Based C++ Timer took 316 us
Timer Host Based C++ Timer took 331 us
Timer Host Based C++ Timer took 316 us
Timer Host Based C++ Timer took 324 us
Timer Host Based C++ Timer took 317 us
Timer Host Based C++ Timer took 322 us
Timer Host Based C++ Timer took 319 us
Timer Host Based C++ Timer took 323 us
Timer Host Based C++ Timer took 320 us
Timer Host Based C++ Timer took 323 us
Timer Host Based C++ Timer took 317 us
Timer Host Based C++ Timer took 321 us
Timer Host Based C++ Timer took 321 us
Timer Host Based C++ Timer took 322 us
Timer Host Based C++ Timer took 323 us
Timer Host Based C++ Timer took 326 us
Timer Host Based C++ Timer took 319 us
Timer Host Based C++ Timer took 318 us
Timer Host Based C++ Timer took 331 us
Timer Host Based C++ Timer took 318 us
Timer Host Based C++ Timer took 320 us
Timer Host Based C++ Timer took 323 us
Timer Host Based C++ Timer took 320 us
Timer Host Based C++ Timer took 318 us
Timer Host Based C++ Timer took 323 us
Timer Host Based C++ Timer took 326 us
Timer Host Based C++ Timer took 319 us
Timer Host Based C++ Timer took 317 us
Timer Host Based C++ Timer took 319 us
Timer Host Based C++ Timer took 317 us
Timer Host Based C++ Timer took 314 us
Timer Host Based C++ Timer took 319 us
Timer Host Based C++ Timer took 321 us
Timer Host Based C++ Timer took 314 us
Timer Host Based C++ Timer took 326 us
Timer Host Based C++ Timer took 314 us
Timer Host Based C++ Timer took 317 us
Timer Host Based C++ Timer took 319 us
Timer Host Based C++ Timer took 321 us
Timer Host Based C++ Timer took 313 us
Timer Host Based C++ Timer took 342 us
Timer Host Based C++ Timer took 331 us
Timer Host Based C++ Timer took 325 us
Timer Host Based C++ Timer took 326 us
Timer Host Based C++ Timer took 324 us
Timer Host Based C++ Timer took 320 us
Timer Host Based C++ Timer took 326 us
Timer Host Based C++ Timer took 329 us
Timer Host Based C++ Timer took 326 us
Timer Host Based C++ Timer took 327 us
Timer Host Based C++ Timer took 331 us
Timer Host Based C++ Timer took 326 us
Timer Host Based C++ Timer took 322 us
Timer Host Based C++ Timer took 328 us
Timer Host Based C++ Timer took 319 us
Timer Host Based C++ Timer took 320 us
Timer Host Based C++ Timer took 317 us
Timer Host Based C++ Timer took 321 us
Timer Host Based C++ Timer took 318 us
Timer Host Based C++ Timer took 328 us
Timer Host Based C++ Timer took 324 us
Timer Host Based C++ Timer took 319 us
Timer Host Based C++ Timer took 321 us
Timer Host Based C++ Timer took 323 us
Timer Host Based C++ Timer took 319 us
Timer Host Based C++ Timer took 324 us
Timer Host Based C++ Timer took 320 us
Timer Host Based C++ Timer took 317 us
Timer Host Based C++ Timer took 317 us
Timer Host Based C++ Timer took 318 us
Timer Host Based C++ Timer took 316 us
Timer Host Based C++ Timer took 330 us
Timer Host Based C++ Timer took 321 us
Timer Host Based C++ Timer took 322 us
Timer Host Based C++ Timer took 318 us
Timer Host Based C++ Timer took 324 us
Timer Host Based C++ Timer took 320 us
Timer Host Based C++ Timer took 320 us
Timer Host Based C++ Timer took 327 us
Timer Host Based C++ Timer took 322 us
Timer Host Based C++ Timer took 319 us
Timer Host Based C++ Timer took 318 us
Timer Host Based C++ Timer took 315 us
Timer Host Based C++ Timer took 316 us
Timer Host Based C++ Timer took 318 us
Timer Host Based C++ Timer took 318 us
Timer Host Based C++ Timer took 318 us
Timer Host Based C++ Timer took 316 us
Timer Host Based C++ Timer took 326 us
Timer Host Based C++ Timer took 321 us
Timer Host Based C++ Timer took 317 us
Timer Host Based C++ Timer took 320 us
Timer Host Based C++ Timer took 321 us
Timer Host Based C++ Timer took 321 us
Timer Host Based C++ Timer took 320 us
Timer Host Based C++ Timer took 322 us
Timer Host Based C++ Timer took 319 us
Timer Host Based C++ Timer took 316 us
Timer Host Based C++ Timer took 316 us
Timer Host Based C++ Timer took 327 us
Timer Host Based C++ Timer took 320 us
Timer Host Based C++ Timer took 323 us
Timer Host Based C++ Timer took 315 us
Timer Host Based C++ Timer took 315 us
Timer Host Based C++ Timer took 319 us
Timer Host Based C++ Timer took 327 us
Timer Host Based C++ Timer took 319 us
Timer Host Based C++ Timer took 322 us
Timer Host Based C++ Timer took 320 us
Timer Host Based C++ Timer took 326 us
Timer Host Based C++ Timer took 317 us
Timer Host Based C++ Timer took 325 us
Timer Host Based C++ Timer took 318 us
Timer Host Based C++ Timer took 324 us
Timer Host Based C++ Timer took 317 us
Timer Host Based C++ Timer took 318 us
Timer Host Based C++ Timer took 319 us
Timer Host Based C++ Timer took 316 us
Timer Host Based C++ Timer took 324 us
Timer Host Based C++ Timer took 313 us
Timer Host Based C++ Timer took 322 us
Timer Host Based C++ Timer took 316 us
Timer Host Based C++ Timer took 319 us
Timer Host Based C++ Timer took 318 us
Timer Host Based C++ Timer took 312 us
Timer Host Based C++ Timer took 316 us
Timer Host Based C++ Timer took 315 us
Timer Host Based C++ Timer took 324 us
Timer Host Based C++ Timer took 317 us
Timer Host Based C++ Timer took 315 us
Timer Host Based C++ Timer took 319 us
Timer Host Based C++ Timer took 317 us
Timer Host Based C++ Timer took 317 us
Timer Host Based C++ Timer took 318 us
Timer Host Based C++ Timer took 317 us
Timer Host Based C++ Timer took 317 us
Timer Host Based C++ Timer took 322 us
Timer Host Based C++ Timer took 320 us
Timer Host Based C++ Timer took 317 us
Timer Host Based C++ Timer took 327 us
Timer Host Based C++ Timer took 324 us
Timer Host Based C++ Timer took 319 us
Timer Host Based C++ Timer took 317 us
Timer Host Based C++ Timer took 315 us
Timer Host Based C++ Timer took 318 us
Timer Host Based C++ Timer took 324 us
Timer Host Based C++ Timer took 316 us
Timer Host Based C++ Timer took 318 us
Timer Host Based C++ Timer took 317 us
Timer Host Based C++ Timer took 319 us
Timer Host Based C++ Timer took 315 us
Timer Host Based C++ Timer took 321 us
Timer Host Based C++ Timer took 316 us
Timer Host Based C++ Timer took 314 us
Timer Host Based C++ Timer took 324 us
Timer Host Based C++ Timer took 319 us
Timer Host Based C++ Timer took 318 us
Timer Host Based C++ Timer took 313 us
Timer Host Based C++ Timer took 312 us
Timer Host Based C++ Timer took 317 us
Timer Host Based C++ Timer took 311 us
Timer Host Based C++ Timer took 321 us
Timer Host Based C++ Timer took 313 us
Timer Host Based C++ Timer took 318 us
Timer Host Based C++ Timer took 313 us
Timer Host Based C++ Timer took 319 us
Timer Host Based C++ Timer took 321 us
Timer Host Based C++ Timer took 314 us
Timer Host Based C++ Timer took 322 us
Timer Host Based C++ Timer took 319 us
Timer Host Based C++ Timer took 314 us
Timer Host Based C++ Timer took 319 us
Timer Host Based C++ Timer took 310 us
Timer Host Based C++ Timer took 314 us
Timer Host Based C++ Timer took 315 us
Timer Host Based C++ Timer took 315 us
Timer Host Based C++ Timer took 314 us
Timer Host Based C++ Timer took 312 us
Timer Host Based C++ Timer took 314 us
Timer Host Based C++ Timer took 313 us
Timer Host Based C++ Timer took 316 us
Timer Host Based C++ Timer took 311 us
Timer Host Based C++ Timer took 316 us
Timer Host Based C++ Timer took 307 us
Timer Host Based C++ Timer took 320 us
Timer Host Based C++ Timer took 317 us
Timer Host Based C++ Timer took 312 us
Timer Host Based C++ Timer took 315 us
Timer Host Based C++ Timer took 313 us
Timer Host Based C++ Timer took 311 us
Timer Host Based C++ Timer took 322 us
Timer Host Based C++ Timer took 316 us
Timer Host Based C++ Timer took 317 us
Timer Host Based C++ Timer took 312 us
Timer Host Based C++ Timer took 308 us
Timer Host Based C++ Timer took 306 us
Timer Host Based C++ Timer took 308 us
Timer Host Based C++ Timer took 308 us
Timer Host Based C++ Timer took 318 us
Timer Host Based C++ Timer took 310 us
Timer Host Based C++ Timer took 310 us
Timer Host Based C++ Timer took 311 us
Timer Host Based C++ Timer took 307 us
Timer Host Based C++ Timer took 312 us
Timer Host Based C++ Timer took 310 us
Timer Host Based C++ Timer took 312 us
Timer Host Based C++ Timer took 306 us
Timer Host Based C++ Timer took 316 us
Timer Host Based C++ Timer took 311 us
Timer Host Based C++ Timer took 305 us
Timer Host Based C++ Timer took 305 us
Timer Host Based C++ Timer took 302 us
Timer Host Based C++ Timer took 305 us
Timer Host Based C++ Timer took 302 us
Timer Host Based C++ Timer took 309 us
Timer Host Based C++ Timer took 309 us
Timer Host Based C++ Timer took 310 us
Timer Host Based C++ Timer took 307 us
Timer Host Based C++ Timer took 305 us
Timer Host Based C++ Timer took 311 us
Timer Host Based C++ Timer took 304 us
Timer Host Based C++ Timer took 302 us
Timer Host Based C++ Timer took 307 us
Timer Host Based C++ Timer took 311 us
Timer Host Based C++ Timer took 313 us
Timer Host Based C++ Timer took 303 us
Timer Host Based C++ Timer took 304 us
Timer Host Based C++ Timer took 303 us
Timer Host Based C++ Timer took 301 us
Timer Host Based C++ Timer took 303 us
Timer Host Based C++ Timer took 307 us
Timer Host Based C++ Timer took 304 us
Timer Host Based C++ Timer took 305 us
Timer Host Based C++ Timer took 303 us
Timer Host Based C++ Timer took 303 us
Timer Host Based C++ Timer took 302 us
Timer Host Based C++ Timer took 306 us
Timer Host Based C++ Timer took 308 us
Timer Host Based C++ Timer took 314 us
Timer Host Based C++ Timer took 312 us
Timer Host Based C++ Timer took 309 us
Timer Host Based C++ Timer took 311 us
Timer Host Based C++ Timer took 308 us
Timer Host Based C++ Timer took 310 us
Timer Host Based C++ Timer took 314 us
Timer Host Based C++ Timer took 308 us
Timer Host Based C++ Timer took 310 us
Timer Host Based C++ Timer took 311 us
Timer Host Based C++ Timer took 308 us
Timer Host Based C++ Timer took 309 us
Timer Host Based C++ Timer took 306 us
Timer Host Based C++ Timer took 306 us
Timer Host Based C++ Timer took 312 us
Timer Host Based C++ Timer took 308 us
Timer Host Based C++ Timer took 318 us
Timer Host Based C++ Timer took 306 us
Timer Host Based C++ Timer took 306 us
Timer Host Based C++ Timer took 310 us
Timer Host Based C++ Timer took 307 us
Timer Host Based C++ Timer took 313 us
Timer Host Based C++ Timer took 314 us
Timer Host Based C++ Timer took 312 us
Timer Host Based C++ Timer took 310 us
Timer Host Based C++ Timer took 313 us
Timer Host Based C++ Timer took 311 us
Timer Host Based C++ Timer took 315 us
Timer Host Based C++ Timer took 319 us
Timer Host Based C++ Timer took 307 us
Timer Host Based C++ Timer took 316 us
Timer Host Based C++ Timer took 311 us
Timer Host Based C++ Timer took 309 us
Timer Host Based C++ Timer took 318 us
Timer Host Based C++ Timer took 316 us
Timer Host Based C++ Timer took 318 us
Timer Host Based C++ Timer took 311 us
Timer Host Based C++ Timer took 313 us
Timer Host Based C++ Timer took 315 us
Timer Host Based C++ Timer took 317 us
Timer Host Based C++ Timer took 311 us
Timer Host Based C++ Timer took 313 us
Timer Host Based C++ Timer took 309 us
Timer Host Based C++ Timer took 307 us
Timer Host Based C++ Timer took 316 us
Timer Host Based C++ Timer took 318 us
Timer Host Based C++ Timer took 314 us
Timer Host Based C++ Timer took 309 us
Timer Host Based C++ Timer took 307 us
Timer Host Based C++ Timer took 305 us
Timer Host Based C++ Timer took 309 us
Timer Host Based C++ Timer took 305 us
Timer Host Based C++ Timer took 310 us
Timer Host Based C++ Timer took 312 us
Timer Host Based C++ Timer took 313 us
Timer Host Based C++ Timer took 308 us
Timer Host Based C++ Timer took 308 us
Timer Host Based C++ Timer took 310 us
Timer Host Based C++ Timer took 311 us
Timer Host Based C++ Timer took 310 us
Timer Host Based C++ Timer took 303 us
Timer Host Based C++ Timer took 306 us
Timer Host Based C++ Timer took 312 us
Timer Host Based C++ Timer took 310 us
Timer Host Based C++ Timer took 308 us
Timer Host Based C++ Timer took 307 us
Timer Host Based C++ Timer took 311 us
Timer Host Based C++ Timer took 307 us
Timer Host Based C++ Timer took 309 us
Timer Host Based C++ Timer took 317 us
Timer Host Based C++ Timer took 305 us
Timer Host Based C++ Timer took 311 us
Timer Host Based C++ Timer took 308 us
Timer Host Based C++ Timer took 306 us
Timer Host Based C++ Timer took 311 us
Timer Host Based C++ Timer took 311 us
Timer Host Based C++ Timer took 308 us
Timer Host Based C++ Timer took 309 us
Timer Host Based C++ Timer took 313 us
Timer Host Based C++ Timer took 313 us
Timer Host Based C++ Timer took 314 us
Timer Host Based C++ Timer took 315 us
Timer Host Based C++ Timer took 312 us
Timer Host Based C++ Timer took 304 us
Timer Host Based C++ Timer took 309 us
Timer Host Based C++ Timer took 307 us
Timer Host Based C++ Timer took 311 us
Timer Host Based C++ Timer took 309 us
Timer Host Based C++ Timer took 310 us
Timer Host Based C++ Timer took 322 us
Timer Host Based C++ Timer took 311 us
Timer Host Based C++ Timer took 307 us
Timer Host Based C++ Timer took 311 us
Timer Host Based C++ Timer took 310 us
Timer Host Based C++ Timer took 317 us
Timer Host Based C++ Timer took 311 us
Timer Host Based C++ Timer took 308 us
Timer Host Based C++ Timer took 311 us
Timer Host Based C++ Timer took 310 us
Timer Host Based C++ Timer took 304 us
Timer Host Based C++ Timer took 310 us
Timer Host Based C++ Timer took 318 us
Timer Host Based C++ Timer took 316 us
Timer Host Based C++ Timer took 307 us
Timer Host Based C++ Timer took 310 us
Timer Host Based C++ Timer took 313 us
Timer Host Based C++ Timer took 321 us
Timer Host Based C++ Timer took 310 us
Timer Host Based C++ Timer took 306 us
Timer Host Based C++ Timer took 313 us
Timer Host Based C++ Timer took 315 us
Timer Host Based C++ Timer took 306 us
Timer Host Based C++ Timer took 314 us
Timer Host Based C++ Timer took 316 us
Timer Host Based C++ Timer took 311 us
Timer Host Based C++ Timer took 310 us
Timer Host Based C++ Timer took 309 us
Timer Host Based C++ Timer took 308 us
Timer Host Based C++ Timer took 315 us
Timer Host Based C++ Timer took 315 us
Timer Host Based C++ Timer took 312 us
Timer Host Based C++ Timer took 309 us
Timer Host Based C++ Timer took 307 us
Timer Host Based C++ Timer took 314 us
Timer Host Based C++ Timer took 312 us
Timer Host Based C++ Timer took 312 us
Timer Host Based C++ Timer took 316 us
Timer Host Based C++ Timer took 308 us
Timer Host Based C++ Timer took 308 us
Timer Host Based C++ Timer took 315 us
Timer Host Based C++ Timer took 313 us
Timer Host Based C++ Timer took 311 us
Timer Host Based C++ Timer took 308 us
Timer Host Based C++ Timer took 316 us
Timer Host Based C++ Timer took 308 us
Timer Host Based C++ Timer took 305 us
Timer Host Based C++ Timer took 309 us
Timer Host Based C++ Timer took 309 us
Timer Host Based C++ Timer took 311 us
Timer Host Based C++ Timer took 311 us
Timer Host Based C++ Timer took 310 us
Timer Host Based C++ Timer took 308 us
Timer Host Based C++ Timer took 306 us
Timer Host Based C++ Timer took 307 us
Timer Host Based C++ Timer took 309 us
Timer Host Based C++ Timer took 311 us
Timer Host Based C++ Timer took 317 us
Timer Host Based C++ Timer took 313 us
Timer Host Based C++ Timer took 309 us
Timer Host Based C++ Timer took 315 us
Timer Host Based C++ Timer took 306 us
Timer Host Based C++ Timer took 307 us
Timer Host Based C++ Timer took 311 us
Timer Host Based C++ Timer took 313 us
Timer Host Based C++ Timer took 312 us
Timer Host Based C++ Timer took 316 us
Timer Host Based C++ Timer took 311 us
Timer Host Based C++ Timer took 313 us
Timer Host Based C++ Timer took 308 us
Timer Host Based C++ Timer took 308 us
Timer Host Based C++ Timer took 310 us
Timer Host Based C++ Timer took 313 us
Timer Host Based C++ Timer took 314 us
Timer Host Based C++ Timer took 310 us
Timer Host Based C++ Timer took 314 us
Timer Host Based C++ Timer took 311 us
Timer Host Based C++ Timer took 307 us
Timer Host Based C++ Timer took 312 us
Timer Host Based C++ Timer took 312 us
Timer Host Based C++ Timer took 310 us
Timer Host Based C++ Timer took 309 us
Timer Host Based C++ Timer took 312 us
Timer Host Based C++ Timer took 316 us
Timer Host Based C++ Timer took 313 us
Timer Host Based C++ Timer took 310 us
Timer Host Based C++ Timer took 307 us
Timer Host Based C++ Timer took 310 us
Timer Host Based C++ Timer took 311 us
Timer Host Based C++ Timer took 310 us
Timer Host Based C++ Timer took 314 us
Timer Host Based C++ Timer took 308 us
Timer Host Based C++ Timer took 305 us
Timer Host Based C++ Timer took 308 us
Timer Host Based C++ Timer took 308 us
Timer Host Based C++ Timer took 309 us
Timer Host Based C++ Timer took 310 us
Timer Host Based C++ Timer took 310 us
Timer Host Based C++ Timer took 309 us
Timer Host Based C++ Timer took 315 us
Timer Host Based C++ Timer took 312 us
Timer Host Based C++ Timer took 308 us
Timer Host Based C++ Timer took 313 us
Timer Host Based C++ Timer took 306 us
Timer Host Based C++ Timer took 317 us
Timer Host Based C++ Timer took 309 us
Timer Host Based C++ Timer took 312 us
Timer Host Based C++ Timer took 307 us
Timer Host Based C++ Timer took 306 us
Timer Host Based C++ Timer took 310 us
Timer Host Based C++ Timer took 308 us
Timer Host Based C++ Timer took 308 us
Timer Host Based C++ Timer took 309 us
Timer Host Based C++ Timer took 305 us
Timer Host Based C++ Timer took 308 us
Timer Host Based C++ Timer took 308 us
Timer Host Based C++ Timer took 312 us
Timer Host Based C++ Timer took 314 us
Timer Host Based C++ Timer took 314 us
Timer Host Based C++ Timer took 313 us
Timer Host Based C++ Timer took 308 us
Timer Host Based C++ Timer took 311 us
Timer Host Based C++ Timer took 308 us
Timer Host Based C++ Timer took 310 us
Timer Host Based C++ Timer took 308 us
Timer Host Based C++ Timer took 310 us
Timer Host Based C++ Timer took 309 us
Timer Host Based C++ Timer took 314 us
Timer Host Based C++ Timer took 317 us
Timer Host Based C++ Timer took 316 us
Timer Host Based C++ Timer took 306 us
Timer Host Based C++ Timer took 309 us
Timer Host Based C++ Timer took 315 us
Timer Host Based C++ Timer took 309 us
Timer Host Based C++ Timer took 313 us
Timer Host Based C++ Timer took 310 us
Timer Host Based C++ Timer took 306 us
Timer Host Based C++ Timer took 318 us
Timer Host Based C++ Timer took 307 us
Timer Host Based C++ Timer took 311 us
Timer Host Based C++ Timer took 308 us
Timer Host Based C++ Timer took 312 us
Timer Host Based C++ Timer took 314 us
Timer Host Based C++ Timer took 320 us
Timer Host Based C++ Timer took 313 us
Timer Host Based C++ Timer took 313 us
Timer Host Based C++ Timer took 311 us
Timer Host Based C++ Timer took 311 us
Timer Host Based C++ Timer took 308 us
Timer Host Based C++ Timer took 313 us
Timer Host Based C++ Timer took 324 us
Timer Host Based C++ Timer took 316 us
Timer Host Based C++ Timer took 307 us
Timer Host Based C++ Timer took 313 us
Timer Host Based C++ Timer took 312 us
Timer Host Based C++ Timer took 309 us
Timer Host Based C++ Timer took 316 us
Timer Host Based C++ Timer took 327 us
Timer Host Based C++ Timer took 311 us
Timer Host Based C++ Timer took 310 us
Timer Host Based C++ Timer took 304 us
Timer Host Based C++ Timer took 309 us
Timer Host Based C++ Timer took 307 us
Timer Host Based C++ Timer took 309 us
Timer Host Based C++ Timer took 314 us
Timer Host Based C++ Timer took 306 us
Timer Host Based C++ Timer took 311 us
Timer Host Based C++ Timer took 308 us
Timer Host Based C++ Timer took 304 us
Timer Host Based C++ Timer took 309 us
Timer Host Based C++ Timer took 307 us
Timer Host Based C++ Timer took 309 us
Timer Host Based C++ Timer took 308 us
Timer Host Based C++ Timer took 311 us
Timer Host Based C++ Timer took 307 us
Timer Host Based C++ Timer took 309 us
Timer Host Based C++ Timer took 310 us
Timer Host Based C++ Timer took 311 us
Timer Host Based C++ Timer took 306 us
Timer Host Based C++ Timer took 314 us
Timer Host Based C++ Timer took 310 us
Timer Host Based C++ Timer took 314 us
Timer Host Based C++ Timer took 313 us
Timer Host Based C++ Timer took 309 us
Timer Host Based C++ Timer took 313 us
Timer Host Based C++ Timer took 310 us
Timer Host Based C++ Timer took 320 us
Timer Host Based C++ Timer took 310 us
Timer Host Based C++ Timer took 309 us
Timer Host Based C++ Timer took 313 us
Timer Host Based C++ Timer took 307 us
Timer Host Based C++ Timer took 310 us
Timer Host Based C++ Timer took 314 us
Timer Host Based C++ Timer took 327 us
Timer Host Based C++ Timer took 318 us
Timer Host Based C++ Timer took 311 us
Timer Host Based C++ Timer took 316 us
Timer Host Based C++ Timer took 314 us
Timer Host Based C++ Timer took 313 us
Timer Host Based C++ Timer took 299 us
Timer Host Based C++ Timer took 302 us
Timer Host Based C++ Timer took 300 us
Timer Host Based C++ Timer took 306 us
Timer Host Based C++ Timer took 299 us
Timer Host Based C++ Timer took 297 us
Timer Host Based C++ Timer took 301 us
Timer Host Based C++ Timer took 306 us
Timer Host Based C++ Timer took 302 us
Timer Host Based C++ Timer took 307 us
Timer Host Based C++ Timer took 305 us
Timer Host Based C++ Timer took 298 us
Timer Host Based C++ Timer took 304 us
Timer Host Based C++ Timer took 306 us
Timer Host Based C++ Timer took 317 us
Timer Host Based C++ Timer took 303 us
Timer Host Based C++ Timer took 306 us
Timer Host Based C++ Timer took 300 us
Timer Host Based C++ Timer took 313 us
Timer Host Based C++ Timer took 311 us
Timer Host Based C++ Timer took 308 us
Timer Host Based C++ Timer took 311 us
Timer Host Based C++ Timer took 309 us
Timer Host Based C++ Timer took 301 us
Timer Host Based C++ Timer took 307 us
Timer Host Based C++ Timer took 305 us
Timer Host Based C++ Timer took 303 us
Timer Host Based C++ Timer took 303 us
Timer Host Based C++ Timer took 314 us
Timer Host Based C++ Timer took 302 us
Timer Host Based C++ Timer took 312 us
Timer Host Based C++ Timer took 331 us
Timer Host Based C++ Timer took 303 us
Timer Host Based C++ Timer took 312 us
Timer Host Based C++ Timer took 311 us
Timer Host Based C++ Timer took 315 us
Timer Host Based C++ Timer took 309 us
Timer Host Based C++ Timer took 305 us
Timer Host Based C++ Timer took 306 us
Step 5701 done.
Writing to: "/capstor/scratch/cscs/ybudanaz/icon-artifacts/velocity/gotwant/data_nproma20480/global_data_5701.got"
Writing to: "/capstor/scratch/cscs/ybudanaz/icon-artifacts/velocity/gotwant/data_nproma20480/p_diag_5701.got"
Writing to: "/capstor/scratch/cscs/ybudanaz/icon-artifacts/velocity/gotwant/data_nproma20480/global_data_5701.want"
Writing to: "/capstor/scratch/cscs/ybudanaz/icon-artifacts/velocity/gotwant/data_nproma20480/p_metrics_5701.got"
Writing to: "/capstor/scratch/cscs/ybudanaz/icon-artifacts/velocity/gotwant/data_nproma20480/p_prog_5701.got"
Writing to: "/capstor/scratch/cscs/ybudanaz/icon-artifacts/velocity/gotwant/data_nproma20480/p_diag_5701.want"
Writing to: "/capstor/scratch/cscs/ybudanaz/icon-artifacts/velocity/gotwant/data_nproma20480/p_metrics_5701.want"
Writing to: "/capstor/scratch/cscs/ybudanaz/icon-artifacts/velocity/gotwant/data_nproma20480/z_vt_ie_5701.got"
Writing to: "/capstor/scratch/cscs/ybudanaz/icon-artifacts/velocity/gotwant/data_nproma20480/p_prog_5701.want"
Writing to: "/capstor/scratch/cscs/ybudanaz/icon-artifacts/velocity/gotwant/data_nproma20480/z_kin_hor_e_5701.got"
Writing to: "/capstor/scratch/cscs/ybudanaz/icon-artifacts/velocity/gotwant/data_nproma20480/z_vt_ie_5701.want"
Writing to: "/capstor/scratch/cscs/ybudanaz/icon-artifacts/velocity/gotwant/data_nproma20480/z_w_concorr_me_5701.got"
Writing to: "/capstor/scratch/cscs/ybudanaz/icon-artifacts/velocity/gotwant/data_nproma20480/z_kin_hor_e_5701.want"
Writing to: "/capstor/scratch/cscs/ybudanaz/icon-artifacts/velocity/gotwant/data_nproma20480/z_w_concorr_me_5701.want"
