# mixing_ratio
# rank
3
# size
32
90
12
# lbound
1
1
1
# entries
0.36171090081172816E-5
0.36171090081172816E-5
0.36171090081172816E-5
0.36171090081172816E-5
0.36171090081172816E-5
0.36171090081172816E-5
0.36171090081172816E-5
0.36171090081172816E-5
0.36171090081172816E-5
0.36171090081172816E-5
0.36171090081172816E-5
0.36171090081172816E-5
0.36171090081172816E-5
0.36171090081172816E-5
0.36171090081172816E-5
0.36171090081172816E-5
0.36171090081172816E-5
0.36171090081172816E-5
0.36171090081172816E-5
0.36171090081172816E-5
0.36171090081172816E-5
0.36171090081172816E-5
0.36171090081172816E-5
0.36171090081172816E-5
0.36171090081172816E-5
0.36171090081172816E-5
0.36171090081172816E-5
0.36171090081172816E-5
0.36171090081172816E-5
0.36171090081172816E-5
0.36171090081172816E-5
0.36171090081172816E-5
0.36171090081172816E-5
0.36171090081172816E-5
0.36171090081172816E-5
0.36171090081172816E-5
0.36171090081172816E-5
0.36171090081172816E-5
0.36171090081172816E-5
0.36171090081172816E-5
0.36171090081172816E-5
0.36171090081172816E-5
0.36171090081172816E-5
0.36171090081172816E-5
0.36171090081172816E-5
0.36171090081172816E-5
0.36171090081172816E-5
0.36171090081172816E-5
0.36171090081172816E-5
0.36171090081172816E-5
0.36171090081172816E-5
0.36171090081172816E-5
0.36171090081172816E-5
0.36171090081172816E-5
0.36171090081172816E-5
0.36171090081172816E-5
0.36171090081172816E-5
0.36171090081172816E-5
0.36171090081172816E-5
0.36171090081172816E-5
0.36171090081172816E-5
0.36171090081172816E-5
0.36171090081172816E-5
0.36171090081172816E-5
0.36171090081172816E-5
0.36171090081172816E-5
0.36171090081172816E-5
0.36171090081172816E-5
0.36171090081172816E-5
0.36171090081172816E-5
0.36171090081172816E-5
0.36171090081172816E-5
0.36171090081172816E-5
0.36171090081172816E-5
0.36171090081172816E-5
0.36171090081172816E-5
0.36171090081172816E-5
0.36171090081172816E-5
0.36171090081172816E-5
0.36171090081172816E-5
0.36171090081172816E-5
0.36171090081172816E-5
0.36171090081172816E-5
0.36171090081172816E-5
0.36171090081172816E-5
0.36171090081172816E-5
0.36171090081172816E-5
0.36171090081172816E-5
0.36171090081172816E-5
0.36171090081172816E-5
0.36171090081172816E-5
0.36171090081172816E-5
0.36171090081172816E-5
0.36171090081172816E-5
0.36171090081172816E-5
0.36171090081172816E-5
0.36171090081172816E-5
0.36171090081172816E-5
0.36171090081172816E-5
0.36171090081172816E-5
0.36171090081172816E-5
0.36171090081172816E-5
0.36171090081172816E-5
0.36171090081172816E-5
0.36171090081172816E-5
0.36171090081172816E-5
0.36171090081172816E-5
0.36171090081172816E-5
0.36171090081172816E-5
0.36171090081172816E-5
0.36171090081172816E-5
0.36171090081172816E-5
0.36171090081172816E-5
0.36171090081172816E-5
0.36171090081172816E-5
0.36171090081172816E-5
0.36171090081172816E-5
0.36171090081172816E-5
0.36171090081172816E-5
0.36171090081172816E-5
0.36171090081172816E-5
0.36171090081172816E-5
0.36171090081172816E-5
0.36171090081172816E-5
0.36171090081172816E-5
0.36171090081172816E-5
0.36171090081172816E-5
0.36171090081172816E-5
0.36171090081172816E-5
0.36171090081172816E-5
0.36171090081172816E-5
0.36171090081172816E-5
0.36171090081172816E-5
0.36171090081172816E-5
0.36171090081172816E-5
0.36171090081172816E-5
0.36171090081172816E-5
0.36171090081172816E-5
0.36171090081172816E-5
0.36171090081172816E-5
0.36171090081172816E-5
0.36171090081172816E-5
0.36171090081172816E-5
0.36171090081172816E-5
0.36171090081172816E-5
0.36171090081172816E-5
0.36171090081172816E-5
0.36171090081172816E-5
0.36171090081172816E-5
0.36171090081172816E-5
0.36171090081172816E-5
0.36171090081172816E-5
0.36171090081172816E-5
0.36171090081172816E-5
0.36171090081172816E-5
0.36171090081172816E-5
0.36171090081172816E-5
0.36171090081172816E-5
0.36171090081172816E-5
0.36171090081172816E-5
0.36171090081172816E-5
0.36171090081172816E-5
0.36171090081172816E-5
0.36171090081172816E-5
0.36171090081172816E-5
0.36171090081172816E-5
0.36171090081172816E-5
0.36171090081172816E-5
0.36171090081172816E-5
0.36171090081172816E-5
0.36171090081172816E-5
0.36171090081172816E-5
0.36171090081172816E-5
0.36171090081172816E-5
0.36171090081172816E-5
0.36171090081172816E-5
0.36171090081172816E-5
0.36171090081172816E-5
0.36171090081172816E-5
0.36171090081172816E-5
0.36171090081172816E-5
0.36171090081172816E-5
0.36171090081172816E-5
0.36171090081172816E-5
0.36171090081172816E-5
0.36171090081172816E-5
0.36171090081172816E-5
0.36171090081172816E-5
0.36171090081172816E-5
0.36171090081172816E-5
0.36171090081172816E-5
0.36171090081172816E-5
0.36171090081172816E-5
0.36171090081172816E-5
0.36171090081172816E-5
0.36171090081172816E-5
0.36171090081172816E-5
0.36171090081172816E-5
0.36171090081172816E-5
0.36171090081172816E-5
0.36171090081172816E-5
0.36171090081172816E-5
0.36171090081172816E-5
0.36171090081172816E-5
0.36171090081172816E-5
0.36171090081172816E-5
0.36171090081172816E-5
0.36171090081172816E-5
0.36171090081172816E-5
0.36171090081172816E-5
0.36171090081172816E-5
0.36171090081172816E-5
0.36171090081172816E-5
0.36171090081172816E-5
0.36171090081172816E-5
0.36171090081172816E-5
0.36171090081172816E-5
0.36171090081172816E-5
0.36171090081172816E-5
0.36171090081172816E-5
0.36171090081172816E-5
0.36171090081172816E-5
0.36171090081172816E-5
0.36171090081172816E-5
0.36171090081172816E-5
0.36171090081172816E-5
0.36171090081172816E-5
0.36171090081172816E-5
0.36171090081172816E-5
0.36171090081172816E-5
0.36171090081172816E-5
0.36171090081172816E-5
0.36171090081172816E-5
0.36171090081172816E-5
0.36171090081172816E-5
0.36171090081172816E-5
0.36171090081172816E-5
0.36171090081172816E-5
0.36171090081172816E-5
0.36171090081172816E-5
0.36171090081172816E-5
0.36171090081172816E-5
0.36171090081172816E-5
0.36171090081172816E-5
0.36171090081172816E-5
0.36171090081172816E-5
0.36171090081172816E-5
0.36171090081172816E-5
0.36171090081172816E-5
0.36171090081172816E-5
0.36171090081172816E-5
0.36171090081172816E-5
0.36171090081172816E-5
0.36171090081172816E-5
0.36171090081172816E-5
0.36171090081172816E-5
0.36171090081172816E-5
0.36171090081172816E-5
0.36171090081172816E-5
0.36171090081172816E-5
0.36171090081172816E-5
0.36171090081172816E-5
0.36171090081172816E-5
0.36171090081172816E-5
0.36171090081172816E-5
0.36171090081172816E-5
0.36171090081172816E-5
0.36171090081172816E-5
0.36171090081172816E-5
0.36171090081172816E-5
0.36171090081172816E-5
0.36171090081172816E-5
0.36171090081172816E-5
0.36171090081172816E-5
0.36171090081172816E-5
0.36171090081172816E-5
0.36171090081172816E-5
0.36171090081172816E-5
0.36171090081172816E-5
0.36171090081172816E-5
0.36171090081172816E-5
0.36171090081172816E-5
0.36171090081172816E-5
0.36171090081172816E-5
0.36171090081172816E-5
0.36171090081172816E-5
0.36171090081172816E-5
0.36171090081172816E-5
0.36171090081172816E-5
0.36171090081172816E-5
0.36171090081172816E-5
0.36171090081172816E-5
0.36171090081172816E-5
0.36171090081172816E-5
0.36171090081172816E-5
0.36171090081172816E-5
0.36171090081172816E-5
0.36171090081172816E-5
0.36171090081172816E-5
0.36171090081172816E-5
0.36171090081172816E-5
0.36171090081172816E-5
0.36171090081172816E-5
0.36171090081172816E-5
0.36171090081172816E-5
0.36171090081172816E-5
0.36171090081172816E-5
0.36171090081172816E-5
0.36171090081172816E-5
0.36171090081172816E-5
0.36171090081172816E-5
0.36171090081172816E-5
0.36171090081172816E-5
0.36171090081172816E-5
0.36171090081172816E-5
0.36171090081172816E-5
0.36171090081172816E-5
0.36171090081172816E-5
0.36171090081172816E-5
0.36171090081172816E-5
0.36171090081172816E-5
0.36171090081172816E-5
0.36171090081172816E-5
0.36171090081172816E-5
0.36171090081172816E-5
0.36171090081172816E-5
0.36171090081172816E-5
0.36171090081172816E-5
0.36171090081172816E-5
0.36171090081172816E-5
0.36171090081172816E-5
0.36171090081172816E-5
0.36171090081172816E-5
0.36171090081172816E-5
0.36171090081172816E-5
0.36171090081172816E-5
0.36171090081172816E-5
0.36171090081172816E-5
0.36171090081172816E-5
0.36171090081172816E-5
0.36171090081172816E-5
0.36171090081172816E-5
0.36171090081172816E-5
0.36171090081172816E-5
0.36171090081172816E-5
0.36171090081172816E-5
0.36171090081172816E-5
0.36171090081172816E-5
0.36171090081172816E-5
0.36171090081172816E-5
0.36171090081172816E-5
0.36171090081172816E-5
0.36171090081172816E-5
0.36171090081172816E-5
0.36171090081172816E-5
0.36171090081172816E-5
0.36171090081172816E-5
0.36171090081172816E-5
0.36171090081172816E-5
0.36171090081172816E-5
0.36171090081172816E-5
0.36171090081172816E-5
0.36171090081172816E-5
0.36171090081172816E-5
0.36171090081172816E-5
0.36171090081172816E-5
0.36171090081172816E-5
0.36171090081172816E-5
0.36171090081172816E-5
0.36171090081172816E-5
0.36171090081172816E-5
0.36171090081172816E-5
0.36171090081172816E-5
0.36171090081172816E-5
0.36171090081172816E-5
0.36171090081172816E-5
0.36171090081172816E-5
0.36171090081172816E-5
0.36171090081172816E-5
0.36171090081172816E-5
0.36171090081172816E-5
0.36171090081172816E-5
0.36171090081172816E-5
0.36171090081172816E-5
0.36171090081172816E-5
0.36171090081172816E-5
0.36171090081172816E-5
0.36171090081172816E-5
0.36171090081172816E-5
0.36171090081172816E-5
0.36171090081172816E-5
0.36171090081172816E-5
0.36171090081172816E-5
0.36171090081172816E-5
0.36171090081172816E-5
0.36171090081172816E-5
0.36171090081172816E-5
0.36171090081172816E-5
0.36171090081172816E-5
0.36171090081172816E-5
0.36171090081172816E-5
0.36171090081172816E-5
0.36171090081172816E-5
0.36171090081172816E-5
0.36171090081172816E-5
0.36171090081172816E-5
0.36171090081172816E-5
0.36171090081172816E-5
0.36171090081172816E-5
0.36171090081172816E-5
0.36171090081172816E-5
0.36171090081172816E-5
0.36171090081172816E-5
0.36171090081172816E-5
0.36171090081172816E-5
0.36171090081172816E-5
0.36171090081172816E-5
0.36171090081172816E-5
0.36171090081172816E-5
0.36171090081172816E-5
0.36171090081172816E-5
0.36171090081172816E-5
0.36171090081172816E-5
0.36171090081172816E-5
0.36171090081172816E-5
0.36171090081172816E-5
0.36171090081172816E-5
0.36171090081172816E-5
0.36171090081172816E-5
0.36171090081172816E-5
0.36171090081172816E-5
0.36171090081172816E-5
0.36171090081172816E-5
0.36171090081172816E-5
0.36171090081172816E-5
0.36171090081172816E-5
0.36171090081172816E-5
0.36171090081172816E-5
0.36171090081172816E-5
0.36171090081172816E-5
0.36171090081172816E-5
0.36171090081172816E-5
0.36171090081172816E-5
0.36171090081172816E-5
0.36171090081172816E-5
0.36171090081172816E-5
0.36171090081172816E-5
0.36171090081172816E-5
0.36171090081172816E-5
0.36171090081172816E-5
0.36171090081172816E-5
0.36171090081172816E-5
0.36171090081172816E-5
0.36171090081172816E-5
0.36171090081172816E-5
0.36171090081172816E-5
0.36171090081172816E-5
0.36171090081172816E-5
0.36171090081172816E-5
0.36171090081172816E-5
0.36171090081172816E-5
0.36171090081172816E-5
0.36171090081172816E-5
0.36171090081172816E-5
0.36171090081172816E-5
0.36171090081172816E-5
0.36171090081172816E-5
0.36171090081172816E-5
0.36171090081172816E-5
0.36171090081172816E-5
0.36171090081172816E-5
0.36171090081172816E-5
0.36171090081172816E-5
0.36171090081172816E-5
0.36171090081172816E-5
0.36171090081172816E-5
0.36171090081172816E-5
0.36171090081172816E-5
0.36171090081172816E-5
0.36171090081172816E-5
0.36171090081172816E-5
0.36171090081172816E-5
0.36171090081172816E-5
0.36171090081172816E-5
0.36171090081172816E-5
0.36171090081172816E-5
0.36171090081172816E-5
0.36171090081172816E-5
0.36171090081172816E-5
0.36171090081172816E-5
0.36171090081172816E-5
0.36171090081172816E-5
0.36171090081172816E-5
0.36171090081172816E-5
0.36171090081172816E-5
0.36171090081172816E-5
0.36171090081172816E-5
0.36171090081172816E-5
0.36171090081172816E-5
0.36171090081172816E-5
0.36171090081172816E-5
0.36171090081172816E-5
0.36171090081172816E-5
0.36171090081172816E-5
0.36171090081172816E-5
0.36171090081172816E-5
0.36171090081172816E-5
0.36171090081172816E-5
0.36171090081172816E-5
0.36171090081172816E-5
0.36171090081172816E-5
0.36171090081172816E-5
0.36171090081172816E-5
0.36171090081172816E-5
0.36171090081172816E-5
0.36171090081172816E-5
0.36171090081172816E-5
0.36171090081172816E-5
0.36171090081172816E-5
0.36171090081172816E-5
0.36171090081172816E-5
0.36171090081172816E-5
0.36171090081172816E-5
0.36171090081172816E-5
0.36171090081172816E-5
0.36171090081172816E-5
0.36171090081172816E-5
0.36171090081172816E-5
0.36171090081172816E-5
0.36171090081172816E-5
0.36171090081172816E-5
0.36171090081172816E-5
0.36171090081172816E-5
0.36171090081172816E-5
0.36171090081172816E-5
0.36171090081172816E-5
0.36171090081172816E-5
0.36171090081172816E-5
0.36171090081172816E-5
0.36171090081172816E-5
0.36171090081172816E-5
0.36171090081172816E-5
0.36171090081172816E-5
0.36171090081172816E-5
0.36171090081172816E-5
0.36171090081172816E-5
0.36171090081172816E-5
0.36171090081172816E-5
0.36171090081172816E-5
0.36171090081172816E-5
0.36171090081172816E-5
0.36171090081172816E-5
0.36171090081172816E-5
0.36171090081172816E-5
0.36171090081172816E-5
0.36171090081172816E-5
0.36171090081172816E-5
0.36171090081172816E-5
0.36171090081172816E-5
0.36171090081172816E-5
0.36171090081172816E-5
0.36171090081172816E-5
0.36171090081172816E-5
0.36171090081172816E-5
0.36171090081172816E-5
0.36171090081172816E-5
0.36171090081172816E-5
0.36171090081172816E-5
0.36171090081172816E-5
0.36171090081172816E-5
0.36171090081172816E-5
0.36171090081172816E-5
0.36171090081172816E-5
0.36171090081172816E-5
0.36171090081172816E-5
0.36171090081172816E-5
0.36171090081172816E-5
0.36171090081172816E-5
0.36171090081172816E-5
0.36171090081172816E-5
0.36171090081172816E-5
0.36171090081172816E-5
0.36171090081172816E-5
0.36171090081172816E-5
0.36171090081172816E-5
0.36171090081172816E-5
0.36171090081172816E-5
0.36171090081172816E-5
0.36171090081172816E-5
0.36171090081172816E-5
0.36171090081172816E-5
0.36171090081172816E-5
0.36171090081172816E-5
0.36171090081172816E-5
0.36171090081172816E-5
0.36171090081172816E-5
0.36171090081172816E-5
0.36171090081172816E-5
0.36171090081172816E-5
0.36171090081172816E-5
0.36171090081172816E-5
0.36171090081172816E-5
0.36171090081172816E-5
0.36171090081172816E-5
0.36171090081172816E-5
0.36171090081172816E-5
0.36171090081172816E-5
0.36171090081172816E-5
0.36171090081172816E-5
0.36171090081172816E-5
0.36171090081172816E-5
0.36171090081172816E-5
0.36171090081172816E-5
0.36171090081172816E-5
0.36171090081172816E-5
0.36171090081172816E-5
0.36171090081172816E-5
0.36171090081172816E-5
0.36171090081172816E-5
0.36171090081172816E-5
0.36171090081172816E-5
0.36171090081172816E-5
0.36171090081172816E-5
0.36171090081172816E-5
0.36171090081172816E-5
0.36171090081172816E-5
0.36171090081172816E-5
0.36171090081172816E-5
0.36171090081172816E-5
0.36171090081172816E-5
0.36171090081172816E-5
0.36171090081172816E-5
0.36171090081172816E-5
0.36171090081172816E-5
0.36171090081172816E-5
0.36171090081172816E-5
0.36171090081172816E-5
0.36171090081172816E-5
0.36171090081172816E-5
0.36171090081172816E-5
0.36171090081172816E-5
0.36171090081172816E-5
0.36171090081172816E-5
0.36171090081172816E-5
0.36171090081172816E-5
0.36171090081172816E-5
0.36171090081172816E-5
0.36171090081172816E-5
0.36171090081172816E-5
0.36171090081172816E-5
0.36171090081172816E-5
0.36171090081172816E-5
0.36171090081172816E-5
0.36171090081172816E-5
0.36171090081172816E-5
0.36171090081172816E-5
0.36171090081172816E-5
0.36171090081172816E-5
0.36171090081172816E-5
0.36171090081172816E-5
0.36171090081172816E-5
0.36171090081172816E-5
0.36171090081172816E-5
0.36171090081172816E-5
0.36171090081172816E-5
0.36171090081172816E-5
0.36171090081172816E-5
0.36171090081172816E-5
0.36171090081172816E-5
0.36171090081172816E-5
0.36171090081172816E-5
0.36171090081172816E-5
0.36171090081172816E-5
0.36171090081172816E-5
0.36171090081172816E-5
0.36171090081172816E-5
0.36171090081172816E-5
0.36171090081172816E-5
0.36171090081172816E-5
0.36171090081172816E-5
0.36171090081172816E-5
0.36171090081172816E-5
0.36171090081172816E-5
0.36171090081172816E-5
0.36171090081172816E-5
0.36171090081172816E-5
0.36171090081172816E-5
0.36171090081172816E-5
0.36171090081172816E-5
0.36171090081172816E-5
0.36171090081172816E-5
0.36171090081172816E-5
0.36171090081172816E-5
0.36171090081172816E-5
0.36171090081172816E-5
0.36171090081172816E-5
0.36171090081172816E-5
0.36171090081172816E-5
0.36171090081172816E-5
0.36171090081172816E-5
0.36171090081172816E-5
0.36171090081172816E-5
0.36171090081172816E-5
0.36171090081172816E-5
0.36171090081172816E-5
0.36171090081172816E-5
0.36171090081172816E-5
0.36171090081172816E-5
0.36171090081172816E-5
0.36171090081172816E-5
0.36171090081172816E-5
0.36171090081172816E-5
0.36171090081172816E-5
0.36171090081172816E-5
0.36171090081172816E-5
0.36171090081172816E-5
0.36171090081172816E-5
0.36171090081172816E-5
0.36171090081172816E-5
0.36171090081172816E-5
0.36171090081172816E-5
0.36171090081172816E-5
0.36171090081172816E-5
0.36171090081172816E-5
0.36171090081172816E-5
0.36171090081172816E-5
0.36171090081172816E-5
0.36171090081172816E-5
0.36171090081172816E-5
0.36171090081172816E-5
0.36171090081172816E-5
0.36171090081172816E-5
0.36171090081172816E-5
0.36171090081172816E-5
0.36171090081172816E-5
0.36171090081172816E-5
0.36171090081172816E-5
0.36171090081172816E-5
0.36171090081172816E-5
0.36171090081172816E-5
0.36171090081172816E-5
0.36171090081172816E-5
0.36171090081172816E-5
0.36171090081172816E-5
0.36171090081172816E-5
0.36171090081172816E-5
0.36171090081172816E-5
0.36171090081172816E-5
0.36171090081172816E-5
0.36171090081172816E-5
0.36171090081172816E-5
0.36171090081172816E-5
0.36171090081172816E-5
0.36171090081172816E-5
0.36171090081172816E-5
0.36171090081172816E-5
0.36171090081172816E-5
0.36171090081172816E-5
0.36171090081172816E-5
0.36171090081172816E-5
0.36171090081172816E-5
0.36171090081172816E-5
0.36171090081172816E-5
0.36171090081172816E-5
0.36171090081172816E-5
0.36171090081172816E-5
0.36171090081172816E-5
0.36171090081172816E-5
0.36171090081172816E-5
0.36171090081172816E-5
0.36171090081172816E-5
0.36171090081172816E-5
0.36171090081172816E-5
0.36171090081172816E-5
0.36171090081172816E-5
0.36171090081172816E-5
0.36171090081172816E-5
0.36171090081172816E-5
0.36171090081172816E-5
0.36171090081172816E-5
0.36171090081172816E-5
0.36171090081172816E-5
0.36171090081172816E-5
0.36171090081172816E-5
0.36171090081172816E-5
0.36171090081172816E-5
0.36171090081172816E-5
0.36171090081172816E-5
0.36171090081172816E-5
0.36171090081172816E-5
0.36171090081172816E-5
0.36171090081172816E-5
0.36171090081172816E-5
0.36171090081172816E-5
0.36171090081172816E-5
0.36171090081172816E-5
0.36171090081172816E-5
0.36171090081172816E-5
0.36171090081172816E-5
0.36171090081172816E-5
0.36171090081172816E-5
0.36171090081172816E-5
0.36171090081172816E-5
0.36171090081172816E-5
0.36171090081172816E-5
0.36171090081172816E-5
0.36171090081172816E-5
0.36171090081172816E-5
0.36171090081172816E-5
0.36171090081172816E-5
0.36171090081172816E-5
0.36171090081172816E-5
0.36171090081172816E-5
0.36171090081172816E-5
0.36171090081172816E-5
0.36171090081172816E-5
0.36171090081172816E-5
0.36171090081172816E-5
0.36171090081172816E-5
0.36171090081172816E-5
0.36171090081172816E-5
0.36171090081172816E-5
0.36171090081172816E-5
0.36171090081172816E-5
0.36171090081172816E-5
0.36171090081172816E-5
0.36171090081172816E-5
0.36171090081172816E-5
0.36171090081172816E-5
0.36171090081172816E-5
0.36171090081172816E-5
0.36171090081172816E-5
0.36171090081172816E-5
0.36171090081172816E-5
0.36171090081172816E-5
0.36171090081172816E-5
0.36171090081172816E-5
0.36171090081172816E-5
0.36171090081172816E-5
0.36171090081172816E-5
0.36171090081172816E-5
0.36171090081172816E-5
0.36171090081172816E-5
0.36171090081172816E-5
0.36171090081172816E-5
0.36171090081172816E-5
0.36171090081172816E-5
0.36171090081172816E-5
0.36171090081172816E-5
0.36171090081172816E-5
0.36171090081172816E-5
0.36171090081172816E-5
0.36171090081172816E-5
0.36171090081172816E-5
0.36171090081172816E-5
0.36171090081172816E-5
0.36171090081172816E-5
0.36171090081172816E-5
0.36171090081172816E-5
0.36171090081172816E-5
0.36171090081172816E-5
0.36171090081172816E-5
0.36171090081172816E-5
0.36171090081172816E-5
0.36171090081172816E-5
0.36171090081172816E-5
0.36171090081172816E-5
0.36171090081172816E-5
0.36171090081172816E-5
0.36171090081172816E-5
0.36171090081172816E-5
0.36171090081172816E-5
0.36171090081172816E-5
0.36171090081172816E-5
0.36171090081172816E-5
0.36171090081172816E-5
0.36171090081172816E-5
0.36171090081172816E-5
0.36171090081172816E-5
0.36171090081172816E-5
0.36171090081172816E-5
0.36171090081172816E-5
0.36171090081172816E-5
0.36171090081172816E-5
0.36171090081172816E-5
0.36171090081172816E-5
0.36171090081172816E-5
0.36171090081172816E-5
0.36171090081172816E-5
0.36171090081172816E-5
0.36171090081172816E-5
0.36171090081172816E-5
0.36171090081172816E-5
0.36171090081172816E-5
0.36171090081172816E-5
0.36171090081172816E-5
0.36171090081172816E-5
0.36171090081172816E-5
0.36171090081172816E-5
0.36171090081172816E-5
0.36171090081172816E-5
0.36171090081172816E-5
0.36171090081172816E-5
0.36171090081172816E-5
0.36171090081172816E-5
0.36171090081172816E-5
0.36171090081172816E-5
0.36171090081172816E-5
0.36171090081172816E-5
0.36171090081172816E-5
0.36171090081172816E-5
0.36171090081172816E-5
0.36171090081172816E-5
0.36171090081172816E-5
0.36171090081172816E-5
0.36171090081172816E-5
0.36171090081172816E-5
0.36171090081172816E-5
0.36171090081172816E-5
0.36171090081172816E-5
0.36171090081172816E-5
0.36171090081172816E-5
0.36171090081172816E-5
0.36171090081172816E-5
0.36171090081172816E-5
0.36171090081172816E-5
0.36171090081172816E-5
0.36171090081172816E-5
0.36171090081172816E-5
0.36171090081172816E-5
0.36171090081172816E-5
0.36171090081172816E-5
0.36171090081172816E-5
0.36171090081172816E-5
0.36171090081172816E-5
0.36171090081172816E-5
0.36171090081172816E-5
0.36171090081172816E-5
0.36171090081172816E-5
0.36171090081172816E-5
0.36171090081172816E-5
0.36171090081172816E-5
0.36171090081172816E-5
0.36171090081172816E-5
0.36171090081172816E-5
0.36171090081172816E-5
0.36171090081172816E-5
0.36171090081172816E-5
0.36171090081172816E-5
0.36171090081172816E-5
0.36171090081172816E-5
0.36171090081172816E-5
0.36171090081172816E-5
0.36171090081172816E-5
0.36171090081172816E-5
0.36171090081172816E-5
0.36171090081172816E-5
0.36171090081172816E-5
0.36171090081172816E-5
0.36171090081172816E-5
0.36171090081172816E-5
0.36171090081172816E-5
0.36171090081172816E-5
0.36171090081172816E-5
0.36171090081172816E-5
0.36171090081172816E-5
0.36171090081172816E-5
0.36171090081172816E-5
0.36171090081172816E-5
0.36171090081172816E-5
0.36171090081172816E-5
0.36171090081172816E-5
0.36171090081172816E-5
0.36171090081172816E-5
0.36171090081172816E-5
0.36171090081172816E-5
0.36171090081172816E-5
0.36171090081172816E-5
0.36171090081172816E-5
0.36171090081172816E-5
0.36171090081172816E-5
0.36171090081172816E-5
0.36171090081172816E-5
0.36171090081172816E-5
0.36171090081172816E-5
0.36171090081172816E-5
0.36171090081172816E-5
0.36171090081172816E-5
0.36171090081172816E-5
0.36171090081172816E-5
0.36171090081172816E-5
0.36171090081172816E-5
0.36171090081172816E-5
0.36171090081172816E-5
0.36171090081172816E-5
0.36171090081172816E-5
0.36171090081172816E-5
0.36171090081172816E-5
0.36171090081172816E-5
0.36171090081172816E-5
0.36171090081172816E-5
0.36171090081172816E-5
0.36171090081172816E-5
0.36171090081172816E-5
0.36171090081172816E-5
0.36171090081172816E-5
0.36171090081172816E-5
0.36171090081172816E-5
0.36171090081172816E-5
0.36171090081172816E-5
0.36171090081172816E-5
0.36171090081172816E-5
0.36171090081172816E-5
0.36171090081172816E-5
0.36171090081172816E-5
0.36171090081172816E-5
0.36171090081172816E-5
0.36171090081172816E-5
0.36171090081172816E-5
0.36171090081172816E-5
0.36171090081172816E-5
0.36171090081172816E-5
0.36171090081172816E-5
0.36171090081172816E-5
0.36171090081172816E-5
0.36171090081172816E-5
0.36171090081172816E-5
0.36171090081172816E-5
0.36171090081172816E-5
0.36171090081172816E-5
0.36171090081172816E-5
0.36171090081172816E-5
0.36171090081172816E-5
0.36171090081172816E-5
0.36171090081172816E-5
0.36171090081172816E-5
0.36171090081172816E-5
0.36171090081172816E-5
0.36171090081172816E-5
0.36171090081172816E-5
0.36171090081172816E-5
0.36171090081172816E-5
0.36171090081172816E-5
0.36171090081172816E-5
0.36171090081172816E-5
0.36171090081172816E-5
0.36171090081172816E-5
0.36171090081172816E-5
0.36171090081172816E-5
0.36171090081172816E-5
0.36171090081172816E-5
0.36171090081172816E-5
0.36171090081172816E-5
0.36171090081172816E-5
0.36171090081172816E-5
0.36171090081172816E-5
0.36171090081172816E-5
0.36171090081172816E-5
0.36171090081172816E-5
0.36171090081172816E-5
0.36171090081172816E-5
0.36171090081172816E-5
0.36171090081172816E-5
0.36171090081172816E-5
0.36171090081172816E-5
0.36171090081172816E-5
0.36171090081172816E-5
0.36171090081172816E-5
0.36171090081172816E-5
0.36171090081172816E-5
0.36171090081172816E-5
0.36171090081172816E-5
0.36171090081172816E-5
0.36171090081172816E-5
0.36171090081172816E-5
0.36171090081172816E-5
0.36171090081172816E-5
0.36171090081172816E-5
0.36171090081172816E-5
0.36171090081172816E-5
0.36171090081172816E-5
0.36171090081172816E-5
0.36171090081172816E-5
0.36171090081172816E-5
0.36171090081172816E-5
0.36171090081172816E-5
0.36171090081172816E-5
0.36171090081172816E-5
0.36171090081172816E-5
0.36171090081172816E-5
0.36171090081172816E-5
0.36171090081172816E-5
0.36171090081172816E-5
0.36171090081172816E-5
0.36171090081172816E-5
0.36171090081172816E-5
0.36171090081172816E-5
0.36171090081172816E-5
0.36171090081172816E-5
0.36171090081172816E-5
0.36171090081172816E-5
0.36171090081172816E-5
0.36171090081172816E-5
0.36171090081172816E-5
0.36171090081172816E-5
0.36171090081172816E-5
0.36171090081172816E-5
0.36171090081172816E-5
0.36171090081172816E-5
0.36171090081172816E-5
0.36171090081172816E-5
0.36171090081172816E-5
0.36171090081172816E-5
0.36171090081172816E-5
0.36171090081172816E-5
0.36171090081172816E-5
0.36171090081172816E-5
0.36171090081172816E-5
0.36171090081172816E-5
0.36171090081172816E-5
0.36171090081172816E-5
0.36171090081172816E-5
0.36171090081172816E-5
0.36171090081172816E-5
0.36171090081172816E-5
0.36171090081172816E-5
0.36171090081172816E-5
0.36171090081172816E-5
0.36171090081172816E-5
0.36171090081172816E-5
0.36171090081172816E-5
0.36171090081172816E-5
0.36171090081172816E-5
0.36171090081172816E-5
0.36171090081172816E-5
0.36171090081172816E-5
0.36171090081172816E-5
0.36171090081172816E-5
0.36171090081172816E-5
0.36171090081172816E-5
0.36171090081172816E-5
0.36171090081172816E-5
0.36171090081172816E-5
0.36171090081172816E-5
0.36171090081172816E-5
0.36171090081172816E-5
0.36171090081172816E-5
0.36171090081172816E-5
0.36171090081172816E-5
0.36171090081172816E-5
0.36171090081172816E-5
0.36171090081172816E-5
0.36171090081172816E-5
0.36171090081172816E-5
0.36171090081172816E-5
0.36171090081172816E-5
0.36171090081172816E-5
0.36171090081172816E-5
0.36171090081172816E-5
0.36171090081172816E-5
0.36171090081172816E-5
0.36171090081172816E-5
0.36171090081172816E-5
0.36171090081172816E-5
0.36171090081172816E-5
0.36171090081172816E-5
0.36171090081172816E-5
0.36171090081172816E-5
0.36171090081172816E-5
0.36171090081172816E-5
0.36171090081172816E-5
0.36171090081172816E-5
0.36171090081172816E-5
0.36171090081172816E-5
0.36171090081172816E-5
0.36171090081172816E-5
0.36171090081172816E-5
0.36171090081172816E-5
0.36171090081172816E-5
0.36171090081172816E-5
0.36171090081172816E-5
0.36171090081172816E-5
0.36171090081172816E-5
0.36171090081172816E-5
0.36171090081172816E-5
0.36171090081172816E-5
0.36171090081172816E-5
0.36171090081172816E-5
0.36171090081172816E-5
0.36171090081172816E-5
0.36171090081172816E-5
0.36171090081172816E-5
0.36171090081172816E-5
0.36171090081172816E-5
0.36171090081172816E-5
0.36171090081172816E-5
0.36171090081172816E-5
0.36171090081172816E-5
0.36171090081172816E-5
0.36171090081172816E-5
0.36171090081172816E-5
0.36171090081172816E-5
0.36171090081172816E-5
0.36171090081172816E-5
0.36171090081172816E-5
0.36171090081172816E-5
0.36171090081172816E-5
0.36171090081172816E-5
0.36171090081172816E-5
0.36171090081172816E-5
0.36171090081172816E-5
0.36171090081172816E-5
0.36171090081172816E-5
0.36171090081172816E-5
0.36171090081172816E-5
0.36171090081172816E-5
0.36171090081172816E-5
0.36171090081172816E-5
0.36171090081172816E-5
0.36171090081172816E-5
0.36171090081172816E-5
0.36171090081172816E-5
0.36171090081172816E-5
0.36171090081172816E-5
0.36171090081172816E-5
0.36171090081172816E-5
0.36171090081172816E-5
0.36171090081172816E-5
0.36171090081172816E-5
0.36171090081172816E-5
0.36171090081172816E-5
0.36171090081172816E-5
0.36171090081172816E-5
0.36171090081172816E-5
0.36171090081172816E-5
0.36171090081172816E-5
0.36171090081172816E-5
0.36171090081172816E-5
0.36171090081172816E-5
0.36171090081172816E-5
0.36171090081172816E-5
0.36171090081172816E-5
0.36171090081172816E-5
0.36171090081172816E-5
0.36171090081172816E-5
0.36171090081172816E-5
0.36171090081172816E-5
0.36171090081172816E-5
0.36171090081172816E-5
0.36171090081172816E-5
0.36171090081172816E-5
0.36171090081172816E-5
0.36171090081172816E-5
0.36171090081172816E-5
0.36171090081172816E-5
0.36171090081172816E-5
0.36171090081172816E-5
0.36171090081172816E-5
0.36171090081172816E-5
0.36171090081172816E-5
0.36171090081172816E-5
0.36171090081172816E-5
0.36171090081172816E-5
0.36171090081172816E-5
0.36171090081172816E-5
0.36171090081172816E-5
0.36171090081172816E-5
0.36171090081172816E-5
0.36171090081172816E-5
0.36171090081172816E-5
0.36171090081172816E-5
0.36171090081172816E-5
0.36171090081172816E-5
0.36171090081172816E-5
0.36171090081172816E-5
0.36171090081172816E-5
0.36171090081172816E-5
0.36171090081172816E-5
0.36171090081172816E-5
0.36171090081172816E-5
0.36171090081172816E-5
0.36171090081172816E-5
0.36171090081172816E-5
0.36171090081172816E-5
0.36171090081172816E-5
0.36171090081172816E-5
0.36171090081172816E-5
0.36171090081172816E-5
0.36171090081172816E-5
0.36171090081172816E-5
0.36171090081172816E-5
0.36171090081172816E-5
0.36171090081172816E-5
0.36171090081172816E-5
0.36171090081172816E-5
0.36171090081172816E-5
0.36171090081172816E-5
0.36171090081172816E-5
0.36171090081172816E-5
0.36171090081172816E-5
0.36171090081172816E-5
0.36171090081172816E-5
0.36171090081172816E-5
0.36171090081172816E-5
0.36171090081172816E-5
0.36171090081172816E-5
0.36171090081172816E-5
0.36171090081172816E-5
0.36171090081172816E-5
0.36171090081172816E-5
0.36171090081172816E-5
0.36171090081172816E-5
0.36171090081172816E-5
0.36171090081172816E-5
0.36171090081172816E-5
0.36171090081172816E-5
0.36171090081172816E-5
0.36171090081172816E-5
0.36171090081172816E-5
0.36171090081172816E-5
0.36171090081172816E-5
0.36171090081172816E-5
0.36171090081172816E-5
0.36171090081172816E-5
0.36171090081172816E-5
0.36171090081172816E-5
0.36171090081172816E-5
0.36171090081172816E-5
0.36171090081172816E-5
0.36171090081172816E-5
0.36171090081172816E-5
0.36171090081172816E-5
0.36171090081172816E-5
0.36171090081172816E-5
0.36171090081172816E-5
0.36171090081172816E-5
0.36171090081172816E-5
0.36171090081172816E-5
0.36171090081172816E-5
0.36171090081172816E-5
0.36171090081172816E-5
0.36171090081172816E-5
0.36171090081172816E-5
0.36171090081172816E-5
0.36171090081172816E-5
0.36171090081172816E-5
0.36171090081172816E-5
0.36171090081172816E-5
0.36171090081172816E-5
0.36171090081172816E-5
0.36171090081172816E-5
0.36171090081172816E-5
0.36171090081172816E-5
0.36171090081172816E-5
0.36171090081172816E-5
0.36171090081172816E-5
0.36171090081172816E-5
0.36171090081172816E-5
0.36171090081172816E-5
0.36171090081172816E-5
0.36171090081172816E-5
0.36171090081172816E-5
0.36171090081172816E-5
0.36171090081172816E-5
0.36171090081172816E-5
0.36171090081172816E-5
0.36171090081172816E-5
0.36171090081172816E-5
0.36171090081172816E-5
0.36171090081172816E-5
0.36171090081172816E-5
0.36171090081172816E-5
0.36171090081172816E-5
0.36171090081172816E-5
0.36171090081172816E-5
0.36171090081172816E-5
0.36171090081172816E-5
0.36171090081172816E-5
0.36171090081172816E-5
0.36171090081172816E-5
0.36171090081172816E-5
0.36171090081172816E-5
0.36171090081172816E-5
0.36171090081172816E-5
0.36171090081172816E-5
0.36171090081172816E-5
0.36171090081172816E-5
0.36171090081172816E-5
0.36171090081172816E-5
0.36171090081172816E-5
0.36171090081172816E-5
0.36171090081172816E-5
0.36171090081172816E-5
0.36171090081172816E-5
0.36171090081172816E-5
0.36171090081172816E-5
0.36171090081172816E-5
0.36171090081172816E-5
0.36171090081172816E-5
0.36171090081172816E-5
0.36171090081172816E-5
0.36171090081172816E-5
0.36171090081172816E-5
0.36171090081172816E-5
0.36171090081172816E-5
0.36171090081172816E-5
0.36171090081172816E-5
0.36171090081172816E-5
0.36171090081172816E-5
0.36171090081172816E-5
0.36171090081172816E-5
0.36171090081172816E-5
0.36171090081172816E-5
0.36171090081172816E-5
0.36171090081172816E-5
0.36171090081172816E-5
0.36171090081172816E-5
0.36171090081172816E-5
0.36171090081172816E-5
0.36171090081172816E-5
0.36171090081172816E-5
0.36171090081172816E-5
0.36171090081172816E-5
0.36171090081172816E-5
0.36171090081172816E-5
0.36171090081172816E-5
0.36171090081172816E-5
0.36171090081172816E-5
0.36171090081172816E-5
0.36171090081172816E-5
0.36171090081172816E-5
0.36171090081172816E-5
0.36171090081172816E-5
0.36171090081172816E-5
0.36171090081172816E-5
0.36171090081172816E-5
0.36171090081172816E-5
0.36171090081172816E-5
0.36171090081172816E-5
0.36171090081172816E-5
0.36171090081172816E-5
0.36171090081172816E-5
0.36171090081172816E-5
0.36171090081172816E-5
0.36171090081172816E-5
0.36171090081172816E-5
0.36171090081172816E-5
0.36171090081172816E-5
0.36171090081172816E-5
0.36171090081172816E-5
0.36171090081172816E-5
0.36171090081172816E-5
0.36171090081172816E-5
0.36171090081172816E-5
0.36171090081172816E-5
0.36171090081172816E-5
0.36171090081172816E-5
0.36171090081172816E-5
0.36171090081172816E-5
0.36171090081172816E-5
0.36171090081172816E-5
0.36171090081172816E-5
0.36171090081172816E-5
0.36171090081172816E-5
0.36171090081172816E-5
0.36171090081172816E-5
0.36171090081172816E-5
0.36171090081172816E-5
0.36171090081172816E-5
0.36171090081172816E-5
0.36171090081172816E-5
0.36171090081172816E-5
0.36171090081172816E-5
0.36171090081172816E-5
0.36171090081172816E-5
0.36171090081172816E-5
0.36171090081172816E-5
0.36171090081172816E-5
0.36171090081172816E-5
0.36171090081172816E-5
0.36171090081172816E-5
0.36171090081172816E-5
0.36171090081172816E-5
0.36171090081172816E-5
0.36171090081172816E-5
0.36171090081172816E-5
0.36171090081172816E-5
0.36171090081172816E-5
0.36171090081172816E-5
0.36171090081172816E-5
0.36171090081172816E-5
0.36171090081172816E-5
0.36171090081172816E-5
0.36171090081172816E-5
0.36171090081172816E-5
0.36171090081172816E-5
0.36171090081172816E-5
0.36171090081172816E-5
0.36171090081172816E-5
0.36171090081172816E-5
0.36171090081172816E-5
0.36171090081172816E-5
0.36171090081172816E-5
0.36171090081172816E-5
0.87854212213518164E-5
0.88420271133550938E-5
0.86478481448616212E-5
0.88612071366334295E-5
0.36171090081172816E-5
0.36171090081172816E-5
0.36171090081172816E-5
0.36171090081172816E-5
0.86280280885370651E-5
0.87632881800309340E-5
0.85584051171277054E-5
0.85802771478632113E-5
0.86598641784106748E-5
0.85950277852676152E-5
0.86024550251774018E-5
0.87988204114409780E-5
0.87854212213518062E-5
0.86478481448615517E-5
0.88420271133550548E-5
0.88612071366334955E-5
0.86598641784107290E-5
0.87988204114410187E-5
0.86024550251774221E-5
0.85950277852675965E-5
0.86280280885370414E-5
0.85802771478632316E-5
0.85584051171278002E-5
0.87632881800309357E-5
0.36171090081172816E-5
0.36171090081172816E-5
0.36171090081172816E-5
0.36171090081172816E-5
0.94672107802204915E-5
0.94883052136827810E-5
0.94187814907724736E-5
0.94955927047001794E-5
0.95817909035054924E-5
0.95546006224899627E-5
0.96492923823840818E-5
0.95460372683864391E-5
0.94121708454940382E-5
0.94591381003221007E-5
0.93897677283851519E-5
0.93966635382012887E-5
0.94228369636647703E-5
0.94013888913007830E-5
0.94037904787277691E-5
0.94721467439102446E-5
0.94672107802204525E-5
0.94187814907724838E-5
0.94883052136827810E-5
0.94955927047001405E-5
0.94228369636647618E-5
0.94721467439102938E-5
0.94037904787277758E-5
0.94013888913008067E-5
0.94121708454940856E-5
0.93966635382012278E-5
0.93897677283852400E-5
0.94591381003221041E-5
0.95817909035054924E-5
0.95460372683864036E-5
0.96492923823839175E-5
0.95546006224899661E-5
0.11533860713204944E-4
0.11519338778182374E-4
0.11576085444293384E-4
0.11514760969558991E-4
0.11473917602530631E-4
0.11484497459126174E-4
0.11454617337486519E-4
0.11488225992675319E-4
0.11583061736255140E-4
0.11539967549440799E-4
0.11609556747213078E-4
0.11600888222304525E-4
0.11571972147233209E-4
0.11595223631240289E-4
0.11592425503768467E-4
0.11530283016788959E-4
0.11533860713204934E-4
0.11576085444293321E-4
0.11519338778182432E-4
0.11514760969558986E-4
0.11571972147233265E-4
0.11530283016789010E-4
0.11592425503768477E-4
0.11595223631240272E-4
0.11583061736255157E-4
0.11600888222304451E-4
0.11609556747213138E-4
0.11539967549440799E-4
0.11473917602530631E-4
0.11488225992675387E-4
0.11454617337486438E-4
0.11484497459126186E-4
0.15242867930557796E-4
0.15185953546089415E-4
0.15393848426290841E-4
0.15167295783582522E-4
0.14977063197744315E-4
0.15031793745223124E-4
0.14857160689300318E-4
0.15049939122757825E-4
0.15417228680144430E-4
0.15265905153496630E-4
0.15502980180562778E-4
0.15475413078621459E-4
0.15379885619179581E-4
0.15457152036078996E-4
0.15448055745300559E-4
0.15229139406259698E-4
0.15242867930557784E-4
0.15393848426290750E-4
0.15185953546089429E-4
0.15167295783582628E-4
0.15379885619179648E-4
0.15229139406259685E-4
0.15448055745300623E-4
0.15457152036078915E-4
0.15417228680144507E-4
0.15475413078621378E-4
0.15502980180562802E-4
0.15265905153496633E-4
0.14977063197744315E-4
0.15049939122757830E-4
0.14857160689300282E-4
0.15031793745223094E-4
0.20957726956002115E-4
0.20848247991903560E-4
0.21244146484611742E-4
0.20812160045645756E-4
0.20437858632819041E-4
0.20546824291651923E-4
0.20194893685434683E-4
0.20582709417646484E-4
0.21288029195755517E-4
0.21001792811100059E-4
0.21448004784095861E-4
0.21396737786212742E-4
0.21217882619174088E-4
0.21362694517861634E-4
0.21345711515906601E-4
0.20931400248195881E-4
0.20957726956002098E-4
0.21244146484611914E-4
0.20848247991903571E-4
0.20812160045645824E-4
0.21217882619174338E-4
0.20931400248196009E-4
0.21345711515906797E-4
0.21362694517861736E-4
0.21288029195755544E-4
0.21396737786212962E-4
0.21448004784095804E-4
0.21001792811100062E-4
0.20437858632819041E-4
0.20582709417646349E-4
0.20194893685434470E-4
0.20546824291652041E-4
0.28998389124993220E-4
0.28823773143807542E-4
0.29453796120236830E-4
0.28766139610297398E-4
0.28165870675561039E-4
0.28341127725641995E-4
0.27773333841216413E-4
0.28398747455636578E-4
0.29523409184736053E-4
0.29068582181155559E-4
0.29776874340878193E-4
0.29695697636237505E-4
0.29412113751785127E-4
0.29641767385430079E-4
0.29614855513576971E-4
0.28956428683204211E-4
0.28998389124993298E-4
0.29453796120236704E-4
0.28823773143807681E-4
0.28766139610297602E-4
0.29412113751785134E-4
0.28956428683204269E-4
0.29614855513576930E-4
0.29641767385430123E-4
0.29523409184736097E-4
0.29695697636237617E-4
0.29776874340878098E-4
0.29068582181155657E-4
0.28165870675561039E-4
0.28398747455636578E-4
0.27773333841216176E-4
0.28341127725642114E-4
0.39586150650593878E-4
0.39326573888348040E-4
0.40264628126188743E-4
0.39240962888331389E-4
0.38351005988171750E-4
0.38610543492263907E-4
0.37770430087113668E-4
0.38695922658477325E-4
0.40368541530054228E-4
0.39690582468598352E-4
0.40747376301192993E-4
0.40625964423378267E-4
0.40202434173834308E-4
0.40545347431537586E-4
0.40505131469400402E-4
0.39523746576935318E-4
0.39586150650593878E-4
0.40264628126188533E-4
0.39326573888348053E-4
0.39240962888331335E-4
0.40202434173834322E-4
0.39523746576935128E-4
0.40505131469400619E-4
0.40545347431537525E-4
0.40368541530054011E-4
0.40625964423378335E-4
0.40747376301192952E-4
0.39690582468598508E-4
0.38351005988171634E-4
0.38695922658477318E-4
0.37770430087113580E-4
0.38610543492263535E-4
0.52944800007081184E-4
0.52563503478801854E-4
0.53945973219790753E-4
0.52437962305291780E-4
0.51139304137572107E-4
0.51516818114730644E-4
0.50298477176993914E-4
0.51641227022801968E-4
0.54099881151007843E-4
0.53098475472806600E-4
0.54662240588869918E-4
0.54481797225567031E-4
0.53853928577565481E-4
0.54362094781804298E-4
0.54302414282951880E-4
0.52853044795122530E-4
0.52944800007081170E-4
0.53945973219790882E-4
0.52563503478801515E-4
0.52437962305291902E-4
0.53853928577565461E-4
0.52853044795122673E-4
0.54302414282951805E-4
0.54362094781804223E-4
0.54099881151007951E-4
0.54481797225567174E-4
0.54662240588870142E-4
0.53098475472807013E-4
0.51139304137571789E-4
0.51641227022801798E-4
0.50298477176993636E-4
0.51516818114730664E-4
0.69362132381173600E-4
0.68801516547826343E-4
0.70840678764038851E-4
0.68617244010141408E-4
0.66720355688893972E-4
0.67269984093917733E-4
0.65501684840625285E-4
0.67451439213940678E-4
0.71068786987518100E-4
0.69588474004116826E-4
0.71904052302783125E-4
0.71635739234724230E-4
0.70704360628732842E-4
0.71457902942286198E-4
0.71369285559563301E-4
0.69227097713139859E-4
0.69362132381173587E-4
0.70840678764038756E-4
0.68801516547826398E-4
0.68617244010141327E-4
0.70704360628733289E-4
0.69227097713140252E-4
0.71369285559563220E-4
0.71457902942286713E-4
0.71068786987517991E-4
0.71635739234724826E-4
0.71904052302783640E-4
0.69588474004117354E-4
0.66720355688894433E-4
0.67451439213940705E-4
0.65501684840624756E-4
0.67269984093917693E-4
0.89075684024653363E-4
0.88254613881243174E-4
0.91250037053115617E-4
0.87985149103769335E-4
0.85223821149394866E-4
0.86021517874544241E-4
0.83462476255101038E-4
0.86285309455242970E-4
0.91586605412760099E-4
0.89407715798071430E-4
0.92821469255566382E-4
0.92424377759516276E-4
0.91049042073095281E-4
0.92161403225419486E-4
0.92030425253402070E-4
0.88877740610293819E-4
0.89075684024653349E-4
0.91250037053115522E-4
0.88254613881242659E-4
0.87985149103769173E-4
0.91049042073096080E-4
0.88877740610293778E-4
0.92030425253403453E-4
0.92161403225419404E-4
0.91586605412760804E-4
0.92424377759516046E-4
0.92821469255566341E-4
0.89407715798072243E-4
0.85223821149394934E-4
0.86285309455242482E-4
0.83462476255100943E-4
0.86021517874544702E-4
0.11220942956971032E-3
0.11101756194154696E-3
0.11537781538353160E-3
0.11062696981834291E-3
0.10664112660995043E-3
0.10778935398630013E-3
0.10411552521648387E-3
0.10816964772883856E-3
0.11586976832385278E-3
0.11269213152168148E-3
0.11767810037236783E-3
0.11709602976298780E-3
0.11508421685724746E-3
0.11671084868148632E-3
0.11651909278964652E-3
0.11192185995817973E-3
0.11220942956971026E-3
0.11537781538353255E-3
0.11101756194154685E-3
0.11062696981834368E-3
0.11508421685724779E-3
0.11192185995817961E-3
0.11651909278964749E-3
0.11671084868148655E-3
0.11586976832385308E-3
0.11709602976298834E-3
0.11767810037236748E-3
0.11269213152168238E-3
0.10664112660995047E-3
0.10816964772883789E-3
0.10411552521648355E-3
0.10778935398630006E-3
0.13874412094149190E-3
0.13703653358153130E-3
0.14330009717684135E-3
0.13647770100465108E-3
0.13079759915518899E-3
0.13242958482628125E-3
0.12722087731614374E-3
0.13297088430309922E-3
0.14400960091550801E-3
0.13943667808030816E-3
0.14662230083335959E-3
0.14578052183503309E-3
0.14287692805487322E-3
0.14522389416177488E-3
0.14494691014528807E-3
0.13833179992846540E-3
0.13874412094149187E-3
0.14330009717684265E-3
0.13703653358153163E-3
0.13647770100465157E-3
0.14287692805487408E-3
0.13833179992846535E-3
0.14494691014528893E-3
0.14522389416177521E-3
0.14400960091550812E-3
0.14578052183503512E-3
0.14662230083335929E-3
0.13943667808030813E-3
0.13079759915518878E-3
0.13297088430309890E-3
0.12722087731614287E-3
0.13242958482628198E-3
0.16849744059035945E-3
0.16609049607823183E-3
0.17494263865852825E-3
0.16530385422324899E-3
0.15733921920316966E-3
0.15962168166056912E-3
0.15235437022286178E-3
0.16037980273397623E-3
0.17594930843158605E-3
0.16947501994560166E-3
0.17966294975892407E-3
0.17846533108298822E-3
0.17434260362067213E-3
0.17767399114168385E-3
0.17728038711085811E-3
0.16791580451016932E-3
0.16849744059035935E-3
0.17494263865852901E-3
0.16609049607823107E-3
0.16530385422324978E-3
0.17434260362067356E-3
0.16791580451016864E-3
0.17728038711085982E-3
0.17767399114168412E-3
0.17594930843158616E-3
0.17846533108298922E-3
0.17966294975892426E-3
0.16947501994560261E-3
0.15733921920316966E-3
0.16037980273397517E-3
0.15235437022286151E-3
0.15962168166056950E-3
0.20111806769014531E-3
0.19778739935896744E-3
0.21006979628956796E-3
0.19670036325695632E-3
0.18573744067447182E-3
0.18887092614329806E-3
0.17891800154093879E-3
0.18991319928778861E-3
0.21147217287537399E-3
0.20247276489255628E-3
0.21665512018382945E-3
0.21498204088045360E-3
0.20923442864428615E-3
0.21387737787672897E-3
0.21332818175448512E-3
0.20031258643088504E-3
0.20111806769014442E-3
0.21006979628956950E-3
0.19778739935896701E-3
0.19670036325695784E-3
0.20923442864428707E-3
0.20031258643088483E-3
0.21332818175448561E-3
0.21387737787672810E-3
0.21147217287537475E-3
0.21498204088045504E-3
0.21665512018382969E-3
0.20247276489255802E-3
0.18573744067447074E-3
0.18991319928778744E-3
0.17891800154093854E-3
0.18887092614329836E-3
0.23609673242728406E-3
0.23157814471901092E-3
0.24828825925290473E-3
0.23010552602265602E-3
0.21531454072593056E-3
0.21953067655596149E-3
0.20617228060518724E-3
0.22093514260535462E-3
0.25020420685043491E-3
0.23793736217285176E-3
0.25729890910579806E-3
0.25500637716948006E-3
0.24714772922836755E-3
0.25349392684004247E-3
0.25274235546634215E-3
0.23500307690377175E-3
0.23609673242728235E-3
0.24828825925290456E-3
0.23157814471901222E-3
0.23010552602265765E-3
0.24714772922836869E-3
0.23500307690377218E-3
0.25274235546634432E-3
0.25349392684004203E-3
0.25020420685043502E-3
0.25500637716948049E-3
0.25729890910579676E-3
0.23793736217285453E-3
0.21531454072593056E-3
0.22093514260535275E-3
0.20617228060518616E-3
0.21953067655596241E-3
0.27279518400642901E-3
0.26678898525358120E-3
0.28906712434060487E-3
0.26483453886925454E-3
0.24528893191196527E-3
0.25084425358428699E-3
0.23328914119129430E-3
0.25269772990357180E-3
0.29163288163619119E-3
0.27524569296238672E-3
0.30115330303146930E-3
0.29807362355646600E-3
0.28754085579598532E-3
0.29604359349674867E-3
0.29503533873869380E-3
0.27134021784809949E-3
0.27279518400642917E-3
0.28906712434060449E-3
0.26678898525358353E-3
0.26483453886925405E-3
0.28754085579598608E-3
0.27134021784809862E-3
0.29503533873869624E-3
0.29604359349675013E-3
0.29163288163619287E-3
0.29807362355646866E-3
0.30115330303146951E-3
0.27524569296238964E-3
0.24528893191196689E-3
0.25269772990356968E-3
0.23328914119128975E-3
0.25084425358428667E-3
0.31049135654171936E-3
0.30267020628012026E-3
0.33177363478238112E-3
0.30012932331734398E-3
0.27483647467262400E-3
0.28200299008867083E-3
0.25942026117877203E-3
0.28439804702556053E-3
0.33514139611532788E-3
0.31368780672865598E-3
0.34766504150621772E-3
0.34360922451992889E-3
0.32977179872416333E-3
0.34093817100571078E-3
0.33961225913712868E-3
0.30859497784862351E-3
0.31049135654171968E-3
0.33177363478238269E-3
0.30267020628012287E-3
0.30012932331734533E-3
0.32977179872416425E-3
0.30859497784862318E-3
0.33961225913713150E-3
0.34093817100571159E-3
0.33514139611532788E-3
0.34360922451992802E-3
0.34766504150621626E-3
0.31368780672866303E-3
0.27483647467262297E-3
0.28439804702555548E-3
0.25942026117876937E-3
0.28200299008867028E-3
0.34843637958665013E-3
0.33845619880076594E-3
0.37572155298978274E-3
0.33521957932176541E-3
0.30316079022921986E-3
0.31221402142661011E-3
0.28377247075737645E-3
0.31524509648427740E-3
0.38005564891982046E-3
0.35252266098134249E-3
0.39621031645790386E-3
0.39097220266950716E-3
0.37314738973872843E-3
0.38752583366355789E-3
0.38581604217119154E-3
0.34601411157179148E-3
0.34843637958664953E-3
0.37572155298978637E-3
0.33845619880076773E-3
0.33521957932176687E-3
0.37314738973873016E-3
0.34601411157179018E-3
0.38581604217119810E-3
0.38752583366355735E-3
0.38005564891982355E-3
0.39097220266950977E-3
0.39621031645790348E-3
0.35252266098134818E-3
0.30316079022921991E-3
0.31524509648427480E-3
0.28377247075737601E-3
0.31221402142661043E-3
0.38591700678995157E-3
0.37342996844006002E-3
0.42022711345469021E-3
0.36938793209272103E-3
0.32956362542005939E-3
0.34076939422417836E-3
0.30568014176332782E-3
0.34452844532501626E-3
0.42569906700126199E-3
0.39103965096464615E-3
0.44614520426982334E-3
0.43950705066019593E-3
0.41697991091714433E-3
0.43514397167456847E-3
0.43298070850768364E-3
0.38288310861423597E-3
0.38591700678995228E-3
0.42022711345469243E-3
0.37342996844006305E-3
0.36938793209272120E-3
0.41697991091714526E-3
0.38288310861423429E-3
0.43298070850768976E-3
0.43514397167457059E-3
0.42569906700126058E-3
0.43950705066019984E-3
0.44614520426982285E-3
0.39103965096465358E-3
0.32956362542005754E-3
0.34452844532501052E-3
0.30568014176332570E-3
0.34076939422417765E-3
0.42231600265346902E-3
0.40698420665225048E-3
0.46466623441854233E-3
0.40203116618408392E-3
0.35350598843286837E-3
0.36710756223961829E-3
0.32466456955802624E-3
0.37167978066666513E-3
0.47144914978273621E-3
0.42861863933970739E-3
0.49685935824175190E-3
0.48859840960588819E-3
0.46064468253653170E-3
0.48317448655798081E-3
0.48048696598482866E-3
0.41858677115304196E-3
0.42231600265346778E-3
0.46466623441855046E-3
0.40698420665224918E-3
0.40203116618408647E-3
0.46064468253653241E-3
0.41858677115303914E-3
0.48048696598483381E-3
0.48317448655798184E-3
0.47144914978273730E-3
0.48859840960589025E-3
0.49685935824174583E-3
0.42861863933971422E-3
0.35350598843286669E-3
0.37167978066665830E-3
0.32466456955802223E-3
0.36710756223961764E-3
0.45716328614702021E-3
0.43867152785882540E-3
0.50852643107388788E-3
0.43271009275547907E-3
0.37465220622312419E-3
0.39085949546066308E-3
0.34047245500613409E-3
0.39631963118508403E-3
0.51678928634212181E-3
0.46478137137801850E-3
0.54782697028712805E-3
0.53772239264034106E-3
0.50363200584217132E-3
0.53109530895170546E-3
0.52781381071765091E-3
0.45266016954729663E-3
0.45716328614702238E-3
0.50852643107388983E-3
0.43867152785883234E-3
0.43271009275548200E-3
0.50363200584217630E-3
0.45266016954729392E-3
0.52781381071766219E-3
0.53109530895170817E-3
0.51678928634212289E-3
0.53772239264034333E-3
0.54782697028712079E-3
0.46478137137802842E-3
0.37465220622312235E-3
0.39631963118507882E-3
0.34047245500613149E-3
0.39085949546066373E-3
0.49017213025452232E-3
0.46823825138423472E-3
0.55144771215260213E-3
0.46118246422962325E-3
0.39289195520385230E-3
0.41187421688766788E-3
0.35308922309439420E-3
0.41828400025637071E-3
0.56135014882237918E-3
0.49922855418079023E-3
0.59864943555485773E-3
0.58648893655689109E-3
0.54558773282811399E-3
0.57852249268011528E-3
0.57458047805508997E-3
0.48482429040189466E-3
0.49017213025452438E-3
0.55144771215260690E-3
0.46823825138423683E-3
0.46118246422962650E-3
0.54558773282811876E-3
0.48482429040189168E-3
0.57458047805510190E-3
0.57852249268012124E-3
0.56135014882237907E-3
0.58648893655689706E-3
0.59864943555484982E-3
0.49922855418079544E-3
0.39289195520385035E-3
0.41828400025636529E-3
0.35308922309438575E-3
0.41187421688767016E-3
0.52125711264238935E-3
0.49563877390405191E-3
0.59324845220778814E-3
0.48741610740574896E-3
0.40833901907069188E-3
0.43022200729108984E-3
0.36272723074904197E-3
0.43762899134945659E-3
0.60493657442217815E-3
0.53185916671794303E-3
0.64908540428389497E-3
0.63467092801665901E-3
0.58633850674360839E-3
0.62523867856233845E-3
0.62057456199814587E-3
0.51500315247806261E-3
0.52125711264238903E-3
0.59324845220779334E-3
0.49563877390405549E-3
0.48741610740574978E-3
0.58633850674361381E-3
0.51500315247806044E-3
0.62057456199816202E-3
0.62523867856234495E-3
0.60493657442217826E-3
0.63467092801666519E-3
0.64908540428388630E-3
0.53185916671795452E-3
0.40833901907068640E-3
0.43762899134944380E-3
0.36272723074903931E-3
0.43022200729109559E-3
0.55053325969732210E-3
0.52103053040912246E-3
0.63393442026144940E-3
0.51158246465500740E-3
0.42130918102278864E-3
0.44617699803664801E-3
0.36979291589663590E-3
0.45461492669817522E-3
0.64753794937125251E-3
0.56277123036217779E-3
0.69906568687436068E-3
0.68221773486940918E-3
0.62589995752605526E-3
0.67120567349964833E-3
0.66576410766845532E-3
0.54332196277573634E-3
0.55053325969732199E-3
0.63393442026145851E-3
0.52103053040912593E-3
0.51158246465500806E-3
0.62589995752606426E-3
0.54332196277573146E-3
0.66576410766847006E-3
0.67120567349965461E-3
0.64753794937125306E-3
0.68221773486941981E-3
0.69906568687435136E-3
0.56277123036219568E-3
0.42130918102279205E-3
0.45461492669816546E-3
0.36979291589662430E-3
0.44617699803665121E-3
0.57829833149510739E-3
0.54475214265550440E-3
0.67369133742920006E-3
0.53403336202681570E-3
0.43228247107421352E-3
0.46018365363283370E-3
0.37483975229908703E-3
0.46967422725907148E-3
0.68932224522076906E-3
0.59224573237095775E-3
0.74869240157122627E-3
0.72925276702956432E-3
0.66446836041826108E-3
0.71656093004913155E-3
0.71029354359310572E-3
0.57008841476016193E-3
0.57829833149510967E-3
0.67369133742921675E-3
0.54475214265550494E-3
0.53403336202682199E-3
0.66446836041827377E-3
0.57008841476015413E-3
0.71029354359312860E-3
0.71656093004913860E-3
0.68932224522076960E-3
0.72925276702957549E-3
0.74869240157121695E-3
0.59224573237097651E-3
0.43228247107421255E-3
0.46967422725906167E-3
0.37483975229907413E-3
0.46018365363283332E-3
0.60500197441798866E-3
0.56728910441533804E-3
0.71286310128725191E-3
0.55526555952022875E-3
0.44185644266618422E-3
0.47281320856305006E-3
0.37851499899847199E-3
0.48336891590715993E-3
0.73061561018973110E-3
0.62071717998068705E-3
0.79822343843510889E-3
0.77605640104879033E-3
0.70239803752538180E-3
0.76159943643151621E-3
0.75446505225546055E-3
0.59576100474451055E-3
0.60500197441798866E-3
0.71286310128727012E-3
0.56728910441534465E-3
0.55526555952023515E-3
0.70239803752539145E-3
0.59576100474450502E-3
0.75446505225548418E-3
0.76159943643152748E-3
0.73061561018973175E-3
0.77605640104880279E-3
0.79822343843509880E-3
0.62071717998070657E-3
0.44185644266618595E-3
0.48336891590714751E-3
0.37851499899846293E-3
0.47281320856305348E-3
0.63120625674920570E-3
0.58923200471848220E-3
0.75191886860431626E-3
0.57587824117527045E-3
0.45069711013592383E-3
0.48471629322448587E-3
0.38150764030370351E-3
0.49634384164696024E-3
0.77187050133771908E-3
0.64873510082007408E-3
0.84804447779628501E-3
0.82303674512802241E-3
0.74016781703583451E-3
0.80674365279340859E-3
0.79870809423428343E-3
0.62090899999127445E-3
0.63120625674920907E-3
0.75191886860433491E-3
0.58923200471848870E-3
0.57587824117527706E-3
0.74016781703584492E-3
0.62090899999126545E-3
0.79870809423430457E-3
0.80674365279342062E-3
0.77187050133772754E-3
0.82303674512803899E-3
0.84804447779626951E-3
0.64873510082008785E-3
0.45069711013591657E-3
0.49634384164694745E-3
0.38150764030369375E-3
0.48471629322448820E-3
0.65754189438091805E-3
0.61123187754912782E-3
0.79141244347218651E-3
0.59652811927809264E-3
0.45949287270896768E-3
0.49657693377865052E-3
0.38450299095088748E-3
0.50928075398591610E-3
0.81362566037611133E-3
0.67692067528446693E-3
0.89863132130748636E-3
0.87069117997767506E-3
0.77834008214129038E-3
0.85250454556530823E-3
0.84354019541706745E-3
0.64616843606972940E-3
0.65754189438092065E-3
0.79141244347220657E-3
0.61123187754913422E-3
0.59652811927809633E-3
0.77834008214130480E-3
0.64616843606972387E-3
0.84354019541709856E-3
0.85250454556532016E-3
0.81362566037611209E-3
0.87069117997769219E-3
0.89863132130747021E-3
0.67692067528449121E-3
0.45949287270896768E-3
0.50928075398590027E-3
0.38450299095087653E-3
0.49657693377865280E-3
0.68466348436236691E-3
0.63395605407560529E-3
0.83193697882447668E-3
0.61788553986427057E-3
0.46891466363636241E-3
0.50907126003234976E-3
0.38814682436749280E-3
0.52285658331122325E-3
0.85646087611435215E-3
0.70592178510729903E-3
0.95050520895470308E-3
0.91956144051387662E-3
0.81751545451324702E-3
0.89943654312377999E-3
0.88952184871809829E-3
0.67219747852211085E-3
0.68466348436236918E-3
0.83193697882449783E-3
0.63395605407560855E-3
0.61788553986427382E-3
0.81751545451326285E-3
0.67219747852210175E-3
0.88952184871813028E-3
0.89943654312378812E-3
0.85646087611435291E-3
0.91956144051389484E-3
0.95050520895468562E-3
0.70592178510732115E-3
0.46891466363635948E-3
0.52285658331120992E-3
0.38814682436748277E-3
0.50907126003235453E-3
0.71320564458684870E-3
0.65804627599591364E-3
0.87407710923154158E-3
0.64059329489537403E-3
0.47958325791443634E-3
0.52283212192524289E-3
0.39301923268852138E-3
0.53770720808033769E-3
0.90094866760140866E-3
0.73636842366179298E-3
0.10041832788134474E-2
0.97018439392235277E-3
0.85828521841665724E-3
0.94808856435572983E-3
0.93720767899498872E-3
0.69963301647738214E-3
0.71320564458685065E-3
0.87407710923155990E-3
0.65804627599591701E-3
0.64059329489538107E-3
0.85828521841667448E-3
0.69963301647737563E-3
0.93720767899502645E-3
0.94808856435573796E-3
0.90094866760141430E-3
0.97018439392237206E-3
0.10041832788134247E-2
0.73636842366182290E-3
0.47958325791443585E-3
0.53770720808032153E-3
0.39301923268850717E-3
0.52283212192524495E-3
0.74374049550100265E-3
0.68407921974510762E-3
0.91835960119913745E-3
0.66522819212234149E-3
0.49204264189594844E-3
0.53841887466115918E-3
0.39961626479966987E-3
0.55439608237674071E-3
0.94760406083665267E-3
0.76882901328906284E-3
0.10601256276739288E-2
0.10230398861256456E-2
0.90118251814137957E-3
0.99895243219474158E-3
0.98709515249418103E-3
0.72904885714232667E-3
0.74374049550100579E-3
0.91835960119916033E-3
0.68407921974511174E-3
0.66522819212234529E-3
0.90118251814139702E-3
0.72904885714231626E-3
0.98709515249422071E-3
0.99895243219476001E-3
0.94760406083665288E-3
0.10230398861256654E-2
0.10601256276739099E-2
0.76882901328909591E-3
0.49204264189594779E-3
0.55439608237672444E-3
0.39961626479965637E-3
0.53841887466116406E-3
0.77673575624771785E-3
0.71252833019242053E-3
0.96520273925491495E-3
0.69226415723081837E-3
0.50673692909271794E-3
0.55629019105024428E-3
0.40833600820257341E-3
0.57338570617510725E-3
0.99683281609033790E-3
0.80376705110030264E-3
0.11186798155405026E-2
0.10784963476755437E-2
0.94663246303707492E-3
0.10524092601793000E-2
0.10395713669329781E-2
0.76091470410981831E-3
0.77673575624772132E-3
0.96520273925494444E-3
0.71252833019242845E-3
0.69226415723082618E-3
0.94663246303708902E-3
0.76091470410980715E-3
0.10395713669330187E-2
0.10524092601793195E-2
0.99683281609034375E-3
0.10784963476755660E-2
0.11186798155404768E-2
0.80376705110032801E-3
0.50673692909271512E-3
0.57338570617508796E-3
0.40833600820255948E-3
0.55629019105024938E-3
0.81251211450591315E-3
0.74372521238996313E-3
0.10148642114735532E-2
0.72203498395490679E-3
0.52398766526435246E-3
0.57677709158087569E-3
0.41946526762035415E-3
0.59500924780008283E-3
0.10488780389866516E-2
0.84149691045754243E-3
0.11800233556148408E-2
0.11367545079006673E-2
0.99490080210431152E-3
0.11086740315424070E-2
0.10948580768887827E-2
0.79555447906022949E-3
0.81251211450591662E-3
0.10148642114735835E-2
0.74372521238997148E-3
0.72203498395491514E-3
0.99490080210433191E-3
0.79555447906022527E-3
0.10948580768888243E-2
0.11086740315424217E-2
0.10488780389866527E-2
0.11367545079006948E-2
0.11800233556148120E-2
0.84149691045758146E-3
0.52398766526434910E-3
0.59500924780006190E-3
0.41946526762033783E-3
0.57677709158088144E-3
0.85119861492236959E-3
0.77781891512461335E-3
0.10673873810807468E-2
0.75469493492857486E-3
0.54396854180572705E-3
0.60005351892710357E-3
0.43316330180490076E-3
0.61943975375579644E-3
0.11037652407113016E-2
0.88213771358105282E-3
0.12441049019442777E-2
0.11977897237768732E-2
0.10460409479200951E-2
0.11677387396805540E-2
0.11529552544679343E-2
0.83310263114564828E-3
0.85119861492237317E-3
0.10673873810807845E-2
0.77781891512461779E-3
0.75469493492857931E-3
0.10460409479201161E-2
0.83310263114563462E-3
0.11529552544679736E-2
0.11677387396805705E-2
0.11037652407113086E-2
0.11977897237768962E-2
0.12441049019442478E-2
0.88213771358108914E-3
0.54396854180572369E-3
0.61943975375577140E-3
0.43316330180488347E-3
0.60005351892710888E-3
0.89268564444330335E-3
0.81473229863067019E-3
0.11225465940096718E-2
0.79017626300011471E-3
0.56667549883916680E-3
0.62610271582119173E-3
0.44944011988146620E-3
0.64665530390946616E-3
0.11612466639508350E-2
0.92556501392743553E-3
0.13105855500461156E-2
0.12612941493699544E-2
0.10998398998758238E-2
0.12293151885706688E-2
0.12135842199780915E-2
0.87345791782581959E-3
0.89268564444330248E-3
0.11225465940097007E-2
0.81473229863067854E-3
0.79017626300012295E-3
0.10998398998758457E-2
0.87345791782580495E-3
0.12135842199781442E-2
0.12293151885706857E-2
0.11612466639508419E-2
0.12612941493699780E-2
0.13105855500460835E-2
0.92556501392747326E-3
0.56667549883916062E-3
0.64665530390944394E-3
0.44944011988144863E-3
0.62610271582119747E-3
0.93657661886663421E-3
0.85411625512058908E-3
0.11797935172641423E-2
0.82814431340930356E-3
0.59189187991305018E-3
0.65467933010318602E-3
0.46812852670616848E-3
0.67640012794770740E-3
0.12207470019726119E-2
0.97136152985631997E-3
0.13787828377667787E-2
0.13266211905448638E-2
0.11557649813243808E-2
0.12927798004513590E-2
0.12761326406181301E-2
0.91623567996171318E-3
0.93657661886663854E-3
0.11797935172641833E-2
0.85411625512059721E-3
0.82814431340931137E-3
0.11557649813244042E-2
0.91623567996169388E-3
0.12761326406181728E-2
0.12927798004513835E-2
0.12207470019726194E-2
0.13266211905448961E-2
0.13787828377667449E-2
0.97136152985635889E-3
0.59189187991304682E-3
0.67640012794768084E-3
0.46812852670615222E-3
0.65467933010319198E-3
0.98214149633267652E-3
0.89530465989347263E-3
0.12382082066058498E-2
0.86795300103517496E-3
0.61915056821627010E-3
0.68526942233105941E-3
0.48885134841480439E-3
0.70814394118030876E-3
0.12813142825461794E-2
0.10187701518205514E-2
0.14476214398393978E-2
0.13927361756725567E-2
0.12129150431317421E-2
0.13571243153367753E-2
0.13396052574466525E-2
0.96072167820564593E-3
0.98214149633268520E-3
0.12382082066058871E-2
0.89530465989348066E-3
0.86795300103518363E-3
0.12129150431317722E-2
0.96072167820563075E-3
0.13396052574467104E-2
0.13571243153367939E-2
0.12813142825461867E-2
0.13927361756725834E-2
0.14476214398393638E-2
0.10187701518205980E-2
0.61915056821627010E-3
0.70814394118028448E-3
0.48885134841478574E-3
0.68526942233106624E-3
0.10282773210185503E-2
0.93727515810487468E-3
0.12964601767888263E-2
0.90860572809972032E-3
0.64769759282152302E-3
0.71705305805922989E-3
0.51098785125550767E-3
0.74104424168256345E-3
0.13415811732845819E-2
0.10666544556476301E-2
0.15155956828507462E-2
0.14581784228406738E-2
0.12699814130975439E-2
0.14209175921602894E-2
0.14025855631537773E-2
0.10058326735573465E-2
0.10282773210185596E-2
0.12964601767888706E-2
0.93727515810488389E-3
0.90860572809972964E-3
0.12699814130975693E-2
0.10058326735573357E-2
0.14025855631538365E-2
0.14209175921603087E-2
0.13415811732845899E-2
0.14581784228407009E-2
0.15155956828507022E-2
0.10666544556476726E-2
0.64769759282151988E-3
0.74104424168253407E-3
0.51098785125548577E-3
0.71705305805923726E-3
0.10734822239850874E-2
0.97862236808376134E-3
0.13527851983467310E-2
0.94872836072073792E-3
0.67646385930570610E-3
0.74887619094646143E-3
0.53364573705305240E-3
0.77391828141148142E-3
0.13997422850326503E-2
0.11134730694162568E-2
0.15807488294858516E-2
0.15210398690538003E-2
0.13252243983512266E-2
0.14822838128414199E-2
0.14632137972755764E-2
0.10500902216599311E-2
0.10734822239850869E-2
0.13527851983467652E-2
0.97862236808377609E-3
0.94872836072074757E-3
0.13252243983512531E-2
0.10500902216599153E-2
0.14632137972756321E-2
0.14822838128414400E-2
0.13997422850326503E-2
0.15210398690538292E-2
0.15807488294858200E-2
0.11134730694163009E-2
0.67646385930570296E-3
0.77391828141145855E-3
0.53364573705302952E-3
0.74887619094646891E-3
0.11158476657816615E-2
0.10175488829059908E-2
0.14049806382679354E-2
0.98655982387895391E-3
0.70405186358627749E-3
0.77923841809438054E-3
0.55564591324232910E-3
0.80523118353304575E-3
0.14535499388297274E-2
0.11572724137946819E-2
0.16406702077895873E-2
0.15789618004438412E-2
0.13764683623634884E-2
0.15388989267228852E-2
0.15191832423753534E-2
0.10916126169319041E-2
0.11158476657816671E-2
0.14049806382679566E-2
0.10175488829059953E-2
0.98655982387896410E-3
0.13764683623635155E-2
0.10916126169318887E-2
0.15191832423754117E-2
0.15388989267229073E-2
0.14535499388297344E-2
0.15789618004438783E-2
0.16406702077895405E-2
0.11572724137947270E-2
0.70405186358627402E-3
0.80523118353301767E-3
0.55564591324230622E-3
0.77923841809438802E-3
0.11530635807139656E-2
0.10518702782513158E-2
0.14504094090547761E-2
0.10199570066905194E-2
0.72873830423295940E-3
0.80629644432766902E-3
0.57552291394095403E-3
0.83309966026454433E-3
0.15003176914619369E-2
0.11956918191290749E-2
0.16924965416990438E-2
0.16291370035247143E-2
0.14211058936656968E-2
0.15879932841518930E-2
0.15677430801755016E-2
0.11281200296317428E-2
0.11530635807139710E-2
0.14504094090548106E-2
0.10518702782513199E-2
0.10199570066905300E-2
0.14211058936657241E-2
0.11281200296317261E-2
0.15677430801755612E-2
0.15879932841519155E-2
0.15003176914619369E-2
0.16291370035247531E-2
0.16924965416990031E-2
0.11956918191291215E-2
0.72873830423295940E-3
0.83309966026451484E-3
0.57552291394093007E-3
0.80629644432768550E-3
0.11823879304130077E-2
0.10789903279101809E-2
0.14859507064017999E-2
0.10463716755996499E-2
0.74846426038080839E-3
0.82785115238656615E-3
0.59152015299537408E-3
0.85527793272369265E-3
0.15368676319873192E-2
0.12259305732829867E-2
0.17328453323205762E-2
0.16682478459670500E-2
0.14560505286307895E-2
0.16262927112829909E-2
0.16056409228039116E-2
0.11569054931966172E-2
0.11823879304130131E-2
0.14859507064018428E-2
0.10789903279101916E-2
0.10463716755996604E-2
0.14560505286308251E-2
0.11569054931966003E-2
0.16056409228039734E-2
0.16262927112830148E-2
0.15368676319873192E-2
0.16682478459670814E-2
0.17328453323205272E-2
0.12259305732830400E-2
0.74846426038080839E-3
0.85527793272366273E-3
0.59152015299535250E-3
0.82785115238657471E-3
0.12001674613167758E-2
0.10954642361139994E-2
0.15073972701205658E-2
0.10624271451605584E-2
0.76053530627618823E-3
0.84101471736206771E-3
0.60135538336562107E-3
0.86881345896805732E-3
0.15589071176541796E-2
0.12442508513350581E-2
0.17571131292302639E-2
0.16917903160164199E-2
0.14771460915474547E-2
0.16493593358989447E-2
0.16284719159325085E-2
0.11743661116566670E-2
0.12001674613167815E-2
0.15073972701206083E-2
0.10954642361140161E-2
0.10624271451605694E-2
0.14771460915474902E-2
0.11743661116566497E-2
0.16284719159325638E-2
0.16493593358989761E-2
0.15589071176541848E-2
0.16917903160164518E-2
0.17571131292302138E-2
0.12442508513351126E-2
0.76053530627618422E-3
0.86881345896802262E-3
0.60135538336559885E-3
0.84101471736208050E-3
0.52867890921643086E-3
0.52867890921643086E-3
0.52867890921643086E-3
0.52867890921643086E-3
0.52867890921643086E-3
0.52867890921643086E-3
0.52867890921643086E-3
0.52867890921643086E-3
0.52867890921643086E-3
0.52867890921643086E-3
0.52867890921643086E-3
0.52867890921643086E-3
0.52867890921643086E-3
0.52867890921643086E-3
0.52867890921643086E-3
0.52867890921643086E-3
0.52867890921643086E-3
0.52867890921643086E-3
0.52867890921643086E-3
0.52867890921643086E-3
0.52867890921643086E-3
0.52867890921643086E-3
0.52867890921643086E-3
0.52867890921643086E-3
0.52867890921643086E-3
0.52867890921643086E-3
0.52867890921643086E-3
0.52867890921643086E-3
0.52867890921643086E-3
0.52867890921643086E-3
0.52867890921643086E-3
0.52867890921643086E-3
0.52867890921643086E-3
0.52867890921643086E-3
0.52867890921643086E-3
0.52867890921643086E-3
0.52867890921643086E-3
0.52867890921643086E-3
0.52867890921643086E-3
0.52867890921643086E-3
0.52867890921643086E-3
0.52867890921643086E-3
0.52867890921643086E-3
0.52867890921643086E-3
0.52867890921643086E-3
0.52867890921643086E-3
0.52867890921643086E-3
0.52867890921643086E-3
0.52867890921643086E-3
0.52867890921643086E-3
0.52867890921643086E-3
0.52867890921643086E-3
0.52867890921643086E-3
0.52867890921643086E-3
0.52867890921643086E-3
0.52867890921643086E-3
0.52867890921643086E-3
0.52867890921643086E-3
0.52867890921643086E-3
0.52867890921643086E-3
0.52867890921643086E-3
0.52867890921643086E-3
0.52867890921643086E-3
0.52867890921643086E-3
0.52867890921643086E-3
0.52867890921643086E-3
0.52867890921643086E-3
0.52867890921643086E-3
0.52867890921643086E-3
0.52867890921643086E-3
0.52867890921643086E-3
0.52867890921643086E-3
0.52867890921643086E-3
0.52867890921643086E-3
0.52867890921643086E-3
0.52867890921643086E-3
0.52867890921643086E-3
0.52867890921643086E-3
0.52867890921643086E-3
0.52867890921643086E-3
0.52867890921643086E-3
0.52867890921643086E-3
0.52867890921643086E-3
0.52867890921643086E-3
0.52867890921643086E-3
0.52867890921643086E-3
0.52867890921643086E-3
0.52867890921643086E-3
0.52867890921643086E-3
0.52867890921643086E-3
0.52867890921643086E-3
0.52867890921643086E-3
0.52867890921643086E-3
0.52867890921643086E-3
0.52867890921643086E-3
0.52867890921643086E-3
0.52867890921643086E-3
0.52867890921643086E-3
0.52867890921643086E-3
0.52867890921643086E-3
0.52867890921643086E-3
0.52867890921643086E-3
0.52867890921643086E-3
0.52867890921643086E-3
0.52867890921643086E-3
0.52867890921643086E-3
0.52867890921643086E-3
0.52867890921643086E-3
0.52867890921643086E-3
0.52867890921643086E-3
0.52867890921643086E-3
0.52867890921643086E-3
0.52867890921643086E-3
0.52867890921643086E-3
0.52867890921643086E-3
0.52867890921643086E-3
0.52867890921643086E-3
0.52867890921643086E-3
0.52867890921643086E-3
0.52867890921643086E-3
0.52867890921643086E-3
0.52867890921643086E-3
0.52867890921643086E-3
0.52867890921643086E-3
0.52867890921643086E-3
0.52867890921643086E-3
0.52867890921643086E-3
0.52867890921643086E-3
0.52867890921643086E-3
0.52867890921643086E-3
0.52867890921643086E-3
0.52867890921643086E-3
0.52867890921643086E-3
0.52867890921643086E-3
0.52867890921643086E-3
0.52867890921643086E-3
0.52867890921643086E-3
0.52867890921643086E-3
0.52867890921643086E-3
0.52867890921643086E-3
0.52867890921643086E-3
0.52867890921643086E-3
0.52867890921643086E-3
0.52867890921643086E-3
0.52867890921643086E-3
0.52867890921643086E-3
0.52867890921643086E-3
0.52867890921643086E-3
0.52867890921643086E-3
0.52867890921643086E-3
0.52867890921643086E-3
0.52867890921643086E-3
0.52867890921643086E-3
0.52867890921643086E-3
0.52867890921643086E-3
0.52867890921643086E-3
0.52867890921643086E-3
0.52867890921643086E-3
0.52867890921643086E-3
0.52867890921643086E-3
0.52867890921643086E-3
0.52867890921643086E-3
0.52867890921643086E-3
0.52867890921643086E-3
0.52867890921643086E-3
0.52867890921643086E-3
0.52867890921643086E-3
0.52867890921643086E-3
0.52867890921643086E-3
0.52867890921643086E-3
0.52867890921643086E-3
0.52867890921643086E-3
0.52867890921643086E-3
0.52867890921643086E-3
0.52867890921643086E-3
0.52867890921643086E-3
0.52867890921643086E-3
0.52867890921643086E-3
0.52867890921643086E-3
0.52867890921643086E-3
0.52867890921643086E-3
0.52867890921643086E-3
0.52867890921643086E-3
0.52867890921643086E-3
0.52867890921643086E-3
0.52867890921643086E-3
0.52867890921643086E-3
0.52867890921643086E-3
0.52867890921643086E-3
0.52867890921643086E-3
0.52867890921643086E-3
0.52867890921643086E-3
0.52867890921643086E-3
0.52867890921643086E-3
0.52867890921643086E-3
0.52867890921643086E-3
0.52867890921643086E-3
0.52867890921643086E-3
0.52867890921643086E-3
0.52867890921643086E-3
0.52867890921643086E-3
0.52867890921643086E-3
0.52867890921643086E-3
0.52867890921643086E-3
0.52867890921643086E-3
0.52867890921643086E-3
0.52867890921643086E-3
0.52867890921643086E-3
0.52867890921643086E-3
0.52867890921643086E-3
0.52867890921643086E-3
0.52867890921643086E-3
0.52867890921643086E-3
0.52867890921643086E-3
0.52867890921643086E-3
0.52867890921643086E-3
0.52867890921643086E-3
0.52867890921643086E-3
0.52867890921643086E-3
0.52867890921643086E-3
0.52867890921643086E-3
0.52867890921643086E-3
0.52867890921643086E-3
0.52867890921643086E-3
0.52867890921643086E-3
0.52867890921643086E-3
0.52867890921643086E-3
0.52867890921643086E-3
0.52867890921643086E-3
0.52867890921643086E-3
0.52867890921643086E-3
0.52867890921643086E-3
0.52867890921643086E-3
0.52867890921643086E-3
0.52867890921643086E-3
0.52867890921643086E-3
0.52867890921643086E-3
0.52867890921643086E-3
0.52867890921643086E-3
0.52867890921643086E-3
0.52867890921643086E-3
0.52867890921643086E-3
0.52867890921643086E-3
0.52867890921643086E-3
0.52867890921643086E-3
0.52867890921643086E-3
0.52867890921643086E-3
0.52867890921643086E-3
0.52867890921643086E-3
0.52867890921643086E-3
0.52867890921643086E-3
0.52867890921643086E-3
0.52867890921643086E-3
0.52867890921643086E-3
0.52867890921643086E-3
0.52867890921643086E-3
0.52867890921643086E-3
0.52867890921643086E-3
0.52867890921643086E-3
0.52867890921643086E-3
0.52867890921643086E-3
0.52867890921643086E-3
0.52867890921643086E-3
0.52867890921643086E-3
0.52867890921643086E-3
0.52867890921643086E-3
0.52867890921643086E-3
0.52867890921643086E-3
0.52867890921643086E-3
0.52867890921643086E-3
0.52867890921643086E-3
0.52867890921643086E-3
0.52867890921643086E-3
0.52867890921643086E-3
0.52867890921643086E-3
0.52867890921643086E-3
0.52867890921643086E-3
0.52867890921643086E-3
0.52867890921643086E-3
0.52867890921643086E-3
0.52867890921643086E-3
0.52867890921643086E-3
0.52867890921643086E-3
0.52867890921643086E-3
0.52867890921643086E-3
0.52867890921643086E-3
0.52867890921643086E-3
0.52867890921643086E-3
0.52867890921643086E-3
0.52867890921643086E-3
0.52867890921643086E-3
0.52867890921643086E-3
0.52867890921643086E-3
0.52867890921643086E-3
0.52867890921643086E-3
0.52867890921643086E-3
0.52867890921643086E-3
0.52867890921643086E-3
0.52867890921643086E-3
0.52867890921643086E-3
0.52867890921643086E-3
0.52867890921643086E-3
0.52867890921643086E-3
0.52867890921643086E-3
0.52867890921643086E-3
0.52867890921643086E-3
0.52867890921643086E-3
0.52867890921643086E-3
0.52867890921643086E-3
0.52867890921643086E-3
0.52867890921643086E-3
0.52867890921643086E-3
0.52867890921643086E-3
0.52867890921643086E-3
0.52867890921643086E-3
0.52867890921643086E-3
0.52867890921643086E-3
0.52867890921643086E-3
0.52867890921643086E-3
0.52867890921643086E-3
0.52867890921643086E-3
0.52867890921643086E-3
0.52867890921643086E-3
0.52867890921643086E-3
0.52867890921643086E-3
0.52867890921643086E-3
0.52867890921643086E-3
0.52867890921643086E-3
0.52867890921643086E-3
0.52867890921643086E-3
0.52867890921643086E-3
0.52867890921643086E-3
0.52867890921643086E-3
0.52867890921643086E-3
0.52867890921643086E-3
0.52867890921643086E-3
0.52867890921643086E-3
0.52867890921643086E-3
0.52867890921643086E-3
0.52867890921643086E-3
0.52867890921643086E-3
0.52867890921643086E-3
0.52867890921643086E-3
0.52867890921643086E-3
0.52867890921643086E-3
0.52867890921643086E-3
0.52867890921643086E-3
0.52867890921643086E-3
0.52867890921643086E-3
0.52867890921643086E-3
0.52867890921643086E-3
0.52867890921643086E-3
0.52867890921643086E-3
0.52867890921643086E-3
0.52867890921643086E-3
0.52867890921643086E-3
0.52867890921643086E-3
0.52867890921643086E-3
0.52867890921643086E-3
0.52867890921643086E-3
0.52867890921643086E-3
0.52867890921643086E-3
0.52867890921643086E-3
0.52867890921643086E-3
0.52867890921643086E-3
0.52867890921643086E-3
0.52867890921643086E-3
0.52867890921643086E-3
0.52867890921643086E-3
0.52867890921643086E-3
0.52867890921643086E-3
0.52867890921643086E-3
0.52867890921643086E-3
0.52867890921643086E-3
0.52867890921643086E-3
0.52867890921643086E-3
0.52867890921643086E-3
0.52867890921643086E-3
0.52867890921643086E-3
0.52867890921643086E-3
0.52867890921643086E-3
0.52867890921643086E-3
0.52867890921643086E-3
0.52867890921643086E-3
0.52867890921643086E-3
0.52867890921643086E-3
0.52867890921643086E-3
0.52867890921643086E-3
0.52867890921643086E-3
0.52867890921643086E-3
0.52867890921643086E-3
0.52867890921643086E-3
0.52867890921643086E-3
0.52867890921643086E-3
0.52867890921643086E-3
0.52867890921643086E-3
0.52867890921643086E-3
0.52867890921643086E-3
0.52867890921643086E-3
0.52867890921643086E-3
0.52867890921643086E-3
0.52867890921643086E-3
0.52867890921643086E-3
0.52867890921643086E-3
0.52867890921643086E-3
0.52867890921643086E-3
0.52867890921643086E-3
0.52867890921643086E-3
0.52867890921643086E-3
0.52867890921643086E-3
0.52867890921643086E-3
0.52867890921643086E-3
0.52867890921643086E-3
0.52867890921643086E-3
0.52867890921643086E-3
0.52867890921643086E-3
0.52867890921643086E-3
0.52867890921643086E-3
0.52867890921643086E-3
0.52867890921643086E-3
0.52867890921643086E-3
0.52867890921643086E-3
0.52867890921643086E-3
0.52867890921643086E-3
0.52867890921643086E-3
0.52867890921643086E-3
0.52867890921643086E-3
0.52867890921643086E-3
0.52867890921643086E-3
0.52867890921643086E-3
0.52867890921643086E-3
0.52867890921643086E-3
0.52867890921643086E-3
0.52867890921643086E-3
0.52867890921643086E-3
0.52867890921643086E-3
0.52867890921643086E-3
0.52867890921643086E-3
0.52867890921643086E-3
0.52867890921643086E-3
0.52867890921643086E-3
0.52867890921643086E-3
0.52867890921643086E-3
0.52867890921643086E-3
0.52867890921643086E-3
0.52867890921643086E-3
0.52867890921643086E-3
0.52867890921643086E-3
0.52867890921643086E-3
0.52867890921643086E-3
0.52867890921643086E-3
0.52867890921643086E-3
0.52867890921643086E-3
0.52867890921643086E-3
0.52867890921643086E-3
0.52867890921643086E-3
0.52867890921643086E-3
0.52867890921643086E-3
0.52867890921643086E-3
0.52867890921643086E-3
0.52867890921643086E-3
0.52867890921643086E-3
0.52867890921643086E-3
0.52867890921643086E-3
0.52867890921643086E-3
0.52867890921643086E-3
0.52867890921643086E-3
0.52867890921643086E-3
0.52867890921643086E-3
0.52867890921643086E-3
0.52867890921643086E-3
0.52867890921643086E-3
0.52867890921643086E-3
0.52867890921643086E-3
0.52867890921643086E-3
0.52867890921643086E-3
0.52867890921643086E-3
0.52867890921643086E-3
0.52867890921643086E-3
0.52867890921643086E-3
0.52867890921643086E-3
0.52867890921643086E-3
0.52867890921643086E-3
0.52867890921643086E-3
0.52867890921643086E-3
0.52867890921643086E-3
0.52867890921643086E-3
0.52867890921643086E-3
0.52867890921643086E-3
0.52867890921643086E-3
0.52867890921643086E-3
0.52867890921643086E-3
0.52867890921643086E-3
0.52867890921643086E-3
0.52867890921643086E-3
0.52867890921643086E-3
0.52867890921643086E-3
0.52867890921643086E-3
0.52867890921643086E-3
0.52867890921643086E-3
0.52867890921643086E-3
0.52867890921643086E-3
0.52867890921643086E-3
0.52867890921643086E-3
0.52867890921643086E-3
0.52867890921643086E-3
0.52867890921643086E-3
0.52867890921643086E-3
0.52867890921643086E-3
0.52867890921643086E-3
0.52867890921643086E-3
0.52867890921643086E-3
0.52867890921643086E-3
0.52867890921643086E-3
0.52867890921643086E-3
0.52867890921643086E-3
0.52867890921643086E-3
0.52867890921643086E-3
0.52867890921643086E-3
0.52867890921643086E-3
0.52867890921643086E-3
0.52867890921643086E-3
0.52867890921643086E-3
0.52867890921643086E-3
0.52867890921643086E-3
0.52867890921643086E-3
0.52867890921643086E-3
0.52867890921643086E-3
0.52867890921643086E-3
0.52867890921643086E-3
0.52867890921643086E-3
0.52867890921643086E-3
0.52867890921643086E-3
0.52867890921643086E-3
0.52867890921643086E-3
0.52867890921643086E-3
0.52867890921643086E-3
0.52867890921643086E-3
0.52867890921643086E-3
0.52867890921643086E-3
0.52867890921643086E-3
0.52867890921643086E-3
0.52867890921643086E-3
0.52867890921643086E-3
0.52867890921643086E-3
0.52867890921643086E-3
0.52867890921643086E-3
0.52867890921643086E-3
0.52867890921643086E-3
0.52867890921643086E-3
0.52867890921643086E-3
0.52867890921643086E-3
0.52867890921643086E-3
0.52867890921643086E-3
0.52867890921643086E-3
0.52867890921643086E-3
0.52867890921643086E-3
0.52867890921643086E-3
0.52867890921643086E-3
0.52867890921643086E-3
0.52867890921643086E-3
0.52867890921643086E-3
0.52867890921643086E-3
0.52867890921643086E-3
0.52867890921643086E-3
0.52867890921643086E-3
0.52867890921643086E-3
0.52867890921643086E-3
0.52867890921643086E-3
0.52867890921643086E-3
0.52867890921643086E-3
0.52867890921643086E-3
0.52867890921643086E-3
0.52867890921643086E-3
0.52867890921643086E-3
0.52867890921643086E-3
0.52867890921643086E-3
0.52867890921643086E-3
0.52867890921643086E-3
0.52867890921643086E-3
0.52867890921643086E-3
0.52867890921643086E-3
0.52867890921643086E-3
0.52867890921643086E-3
0.52867890921643086E-3
0.52867890921643086E-3
0.52867890921643086E-3
0.52867890921643086E-3
0.52867890921643086E-3
0.52867890921643086E-3
0.52867890921643086E-3
0.52867890921643086E-3
0.52867890921643086E-3
0.52867890921643086E-3
0.52867890921643086E-3
0.52867890921643086E-3
0.52867890921643086E-3
0.52867890921643086E-3
0.52867890921643086E-3
0.52867890921643086E-3
0.52867890921643086E-3
0.52867890921643086E-3
0.52867890921643086E-3
0.52867890921643086E-3
0.52867890921643086E-3
0.52867890921643086E-3
0.52867890921643086E-3
0.52867890921643086E-3
0.52867890921643086E-3
0.52867890921643086E-3
0.52867890921643086E-3
0.52867890921643086E-3
0.52867890921643086E-3
0.52867890921643086E-3
0.52867890921643086E-3
0.52867890921643086E-3
0.52867890921643086E-3
0.52867890921643086E-3
0.52867890921643086E-3
0.52867890921643086E-3
0.52867890921643086E-3
0.52867890921643086E-3
0.52867890921643086E-3
0.52867890921643086E-3
0.52867890921643086E-3
0.52867890921643086E-3
0.52867890921643086E-3
0.52867890921643086E-3
0.52867890921643086E-3
0.52867890921643086E-3
0.52867890921643086E-3
0.52867890921643086E-3
0.52867890921643086E-3
0.52867890921643086E-3
0.52867890921643086E-3
0.52867890921643086E-3
0.52867890921643086E-3
0.52867890921643086E-3
0.52867890921643086E-3
0.52867890921643086E-3
0.52867890921643086E-3
0.52867890921643086E-3
0.52867890921643086E-3
0.52867890921643086E-3
0.52867890921643086E-3
0.52867890921643086E-3
0.52867890921643086E-3
0.52867890921643086E-3
0.52867890921643086E-3
0.52867890921643086E-3
0.52867890921643086E-3
0.52867890921643086E-3
0.52867890921643086E-3
0.52867890921643086E-3
0.52867890921643086E-3
0.52867890921643086E-3
0.52867890921643086E-3
0.52867890921643086E-3
0.52867890921643086E-3
0.52867890921643086E-3
0.52867890921643086E-3
0.52867890921643086E-3
0.52867890921643086E-3
0.52867890921643086E-3
0.52867890921643086E-3
0.52867890921643086E-3
0.52867890921643086E-3
0.52867890921643086E-3
0.52867890921643086E-3
0.52867890921643086E-3
0.52867890921643086E-3
0.52867890921643086E-3
0.52867890921643086E-3
0.52867890921643086E-3
0.52867890921643086E-3
0.52867890921643086E-3
0.52867890921643086E-3
0.52867890921643086E-3
0.52867890921643086E-3
0.52867890921643086E-3
0.52867890921643086E-3
0.52867890921643086E-3
0.52867890921643086E-3
0.52867890921643086E-3
0.52867890921643086E-3
0.52867890921643086E-3
0.52867890921643086E-3
0.52867890921643086E-3
0.52867890921643086E-3
0.52867890921643086E-3
0.52867890921643086E-3
0.52867890921643086E-3
0.52867890921643086E-3
0.52867890921643086E-3
0.52867890921643086E-3
0.52867890921643086E-3
0.52867890921643086E-3
0.52867890921643086E-3
0.52867890921643086E-3
0.52867890921643086E-3
0.52867890921643086E-3
0.52867890921643086E-3
0.52867890921643086E-3
0.52867890921643086E-3
0.52867890921643086E-3
0.52867890921643086E-3
0.52867890921643086E-3
0.52867890921643086E-3
0.52867890921643086E-3
0.52867890921643086E-3
0.52867890921643086E-3
0.52867890921643086E-3
0.52867890921643086E-3
0.52867890921643086E-3
0.52867890921643086E-3
0.52867890921643086E-3
0.52867890921643086E-3
0.52867890921643086E-3
0.52867890921643086E-3
0.52867890921643086E-3
0.52867890921643086E-3
0.52867890921643086E-3
0.52867890921643086E-3
0.52867890921643086E-3
0.52867890921643086E-3
0.52867890921643086E-3
0.52867890921643086E-3
0.52867890921643086E-3
0.52867890921643086E-3
0.52867890921643086E-3
0.52867890921643086E-3
0.52867890921643086E-3
0.52867890921643086E-3
0.52867890921643086E-3
0.52867890921643086E-3
0.52867890921643086E-3
0.52867890921643086E-3
0.52867890921643086E-3
0.52867890921643086E-3
0.52867890921643086E-3
0.52867890921643086E-3
0.52867890921643086E-3
0.52867890921643086E-3
0.52867890921643086E-3
0.52867890921643086E-3
0.52867890921643086E-3
0.52867890921643086E-3
0.52867890921643086E-3
0.52867890921643086E-3
0.52867890921643086E-3
0.52867890921643086E-3
0.52867890921643086E-3
0.52867890921643086E-3
0.52867890921643086E-3
0.52867890921643086E-3
0.52867890921643086E-3
0.52867890921643086E-3
0.52867890921643086E-3
0.52867890921643086E-3
0.52867890921643086E-3
0.52867890921643086E-3
0.52867890921643086E-3
0.52867890921643086E-3
0.52867890921643086E-3
0.52867890921643086E-3
0.52867890921643086E-3
0.52867890921643086E-3
0.52867890921643086E-3
0.52867890921643086E-3
0.52867890921643086E-3
0.52867890921643086E-3
0.52867890921643086E-3
0.52867890921643086E-3
0.52867890921643086E-3
0.52867890921643086E-3
0.52867890921643086E-3
0.52867890921643086E-3
0.52867890921643086E-3
0.52867890921643086E-3
0.52867890921643086E-3
0.52867890921643086E-3
0.52867890921643086E-3
0.52867890921643086E-3
0.52867890921643086E-3
0.52867890921643086E-3
0.52867890921643086E-3
0.52867890921643086E-3
0.52867890921643086E-3
0.52867890921643086E-3
0.52867890921643086E-3
0.52867890921643086E-3
0.52867890921643086E-3
0.52867890921643086E-3
0.52867890921643086E-3
0.52867890921643086E-3
0.52867890921643086E-3
0.52867890921643086E-3
0.52867890921643086E-3
0.52867890921643086E-3
0.52867890921643086E-3
0.52867890921643086E-3
0.52867890921643086E-3
0.52867890921643086E-3
0.52867890921643086E-3
0.52867890921643086E-3
0.52867890921643086E-3
0.52867890921643086E-3
0.52867890921643086E-3
0.52867890921643086E-3
0.52867890921643086E-3
0.52867890921643086E-3
0.52867890921643086E-3
0.52867890921643086E-3
0.52867890921643086E-3
0.52867890921643086E-3
0.52867890921643086E-3
0.52867890921643086E-3
0.52867890921643086E-3
0.52867890921643086E-3
0.52867890921643086E-3
0.52867890921643086E-3
0.52867890921643086E-3
0.52867890921643086E-3
0.52867890921643086E-3
0.52867890921643086E-3
0.52867890921643086E-3
0.52867890921643086E-3
0.52867890921643086E-3
0.52867890921643086E-3
0.52867890921643086E-3
0.52867890921643086E-3
0.52867890921643086E-3
0.52867890921643086E-3
0.52867890921643086E-3
0.52867890921643086E-3
0.52867890921643086E-3
0.52867890921643086E-3
0.52867890921643086E-3
0.52867890921643086E-3
0.52867890921643086E-3
0.52867890921643086E-3
0.52867890921643086E-3
0.52867890921643086E-3
0.52867890921643086E-3
0.52867890921643086E-3
0.52867890921643086E-3
0.52867890921643086E-3
0.52867890921643086E-3
0.52867890921643086E-3
0.52867890921643086E-3
0.52867890921643086E-3
0.52867890921643086E-3
0.52867890921643086E-3
0.52867890921643086E-3
0.52867890921643086E-3
0.52867890921643086E-3
0.52867890921643086E-3
0.52867890921643086E-3
0.52867890921643086E-3
0.52867890921643086E-3
0.52867890921643086E-3
0.52867890921643086E-3
0.52867890921643086E-3
0.52867890921643086E-3
0.52867890921643086E-3
0.52867890921643086E-3
0.52867890921643086E-3
0.52867890921643086E-3
0.52867890921643086E-3
0.52867890921643086E-3
0.52867890921643086E-3
0.52867890921643086E-3
0.52867890921643086E-3
0.52867890921643086E-3
0.52867890921643086E-3
0.52867890921643086E-3
0.52867890921643086E-3
0.52867890921643086E-3
0.52867890921643086E-3
0.52867890921643086E-3
0.52867890921643086E-3
0.52867890921643086E-3
0.52867890921643086E-3
0.52867890921643086E-3
0.52867890921643086E-3
0.52867890921643086E-3
0.52867890921643086E-3
0.52867890921643086E-3
0.52867890921643086E-3
0.52867890921643086E-3
0.52867890921643086E-3
0.52867890921643086E-3
0.52867890921643086E-3
0.52867890921643086E-3
0.52867890921643086E-3
0.52867890921643086E-3
0.52867890921643086E-3
0.52867890921643086E-3
0.52867890921643086E-3
0.52867890921643086E-3
0.52867890921643086E-3
0.52867890921643086E-3
0.52867890921643086E-3
0.52867890921643086E-3
0.52867890921643086E-3
0.52867890921643086E-3
0.52867890921643086E-3
0.52867890921643086E-3
0.52867890921643086E-3
0.52867890921643086E-3
0.52867890921643086E-3
0.52867890921643086E-3
0.52867890921643086E-3
0.52867890921643086E-3
0.52867890921643086E-3
0.52867890921643086E-3
0.52867890921643086E-3
0.52867890921643086E-3
0.52867890921643086E-3
0.52867890921643086E-3
0.52867890921643086E-3
0.52867890921643086E-3
0.52867890921643086E-3
0.52867890921643086E-3
0.52867890921643086E-3
0.52867890921643086E-3
0.52867890921643086E-3
0.52867890921643086E-3
0.52867890921643086E-3
0.52867890921643086E-3
0.52867890921643086E-3
0.52867890921643086E-3
0.52867890921643086E-3
0.52867890921643086E-3
0.52867890921643086E-3
0.52867890921643086E-3
0.52867890921643086E-3
0.52867890921643086E-3
0.52867890921643086E-3
0.52867890921643086E-3
0.52867890921643086E-3
0.52867890921643086E-3
0.52867890921643086E-3
0.52867890921643086E-3
0.52867890921643086E-3
0.52867890921643086E-3
0.52867890921643086E-3
0.52867890921643086E-3
0.52867890921643086E-3
0.52867890921643086E-3
0.52867890921643086E-3
0.52867890921643086E-3
0.52867890921643086E-3
0.52867890921643086E-3
0.52867890921643086E-3
0.52867890921643086E-3
0.52867890921643086E-3
0.52867890921643086E-3
0.52867890921643086E-3
0.52867890921643086E-3
0.52867890921643086E-3
0.52867890921643086E-3
0.52867890921643086E-3
0.52867890921643086E-3
0.52867890921643086E-3
0.52867890921643086E-3
0.52867890921643086E-3
0.52867890921643086E-3
0.52867890921643086E-3
0.52867890921643086E-3
0.52867890921643086E-3
0.52867890921643086E-3
0.52867890921643086E-3
0.52867890921643086E-3
0.52867890921643086E-3
0.52867890921643086E-3
0.52867890921643086E-3
0.52867890921643086E-3
0.52867890921643086E-3
0.52867890921643086E-3
0.52867890921643086E-3
0.52867890921643086E-3
0.52867890921643086E-3
0.52867890921643086E-3
0.52867890921643086E-3
0.52867890921643086E-3
0.52867890921643086E-3
0.52867890921643086E-3
0.52867890921643086E-3
0.52867890921643086E-3
0.52867890921643086E-3
0.52867890921643086E-3
0.52867890921643086E-3
0.52867890921643086E-3
0.52867890921643086E-3
0.52867890921643086E-3
0.52867890921643086E-3
0.52867890921643086E-3
0.52867890921643086E-3
0.52867890921643086E-3
0.52867890921643086E-3
0.52867890921643086E-3
0.52867890921643086E-3
0.52867890921643086E-3
0.52867890921643086E-3
0.52867890921643086E-3
0.52867890921643086E-3
0.52867890921643086E-3
0.52867890921643086E-3
0.52867890921643086E-3
0.52867890921643086E-3
0.52867890921643086E-3
0.52867890921643086E-3
0.52867890921643086E-3
0.52867890921643086E-3
0.52867890921643086E-3
0.52867890921643086E-3
0.52867890921643086E-3
0.52867890921643086E-3
0.52867890921643086E-3
0.52867890921643086E-3
0.52867890921643086E-3
0.52867890921643086E-3
0.52867890921643086E-3
0.52867890921643086E-3
0.52867890921643086E-3
0.52867890921643086E-3
0.52867890921643086E-3
0.52867890921643086E-3
0.52867890921643086E-3
0.52867890921643086E-3
0.52867890921643086E-3
0.52867890921643086E-3
0.52867890921643086E-3
0.52867890921643086E-3
0.52867890921643086E-3
0.52867890921643086E-3
0.52867890921643086E-3
0.52867890921643086E-3
0.52867890921643086E-3
0.52867890921643086E-3
0.52867890921643086E-3
0.52867890921643086E-3
0.52867890921643086E-3
0.52867890921643086E-3
0.52867890921643086E-3
0.52867890921643086E-3
0.52867890921643086E-3
0.52867890921643086E-3
0.52867890921643086E-3
0.52867890921643086E-3
0.52867890921643086E-3
0.52867890921643086E-3
0.52867890921643086E-3
0.52867890921643086E-3
0.52867890921643086E-3
0.52867890921643086E-3
0.52867890921643086E-3
0.52867890921643086E-3
0.52867890921643086E-3
0.52867890921643086E-3
0.52867890921643086E-3
0.52867890921643086E-3
0.52867890921643086E-3
0.52867890921643086E-3
0.52867890921643086E-3
0.52867890921643086E-3
0.52867890921643086E-3
0.52867890921643086E-3
0.52867890921643086E-3
0.52867890921643086E-3
0.52867890921643086E-3
0.52867890921643086E-3
0.52867890921643086E-3
0.52867890921643086E-3
0.52867890921643086E-3
0.52867890921643086E-3
0.52867890921643086E-3
0.52867890921643086E-3
0.52867890921643086E-3
0.52867890921643086E-3
0.52867890921643086E-3
0.52867890921643086E-3
0.52867890921643086E-3
0.52867890921643086E-3
0.52867890921643086E-3
0.52867890921643086E-3
0.52867890921643086E-3
0.52867890921643086E-3
0.52867890921643086E-3
0.52867890921643086E-3
0.52867890921643086E-3
0.52867890921643086E-3
0.52867890921643086E-3
0.52867890921643086E-3
0.52867890921643086E-3
0.52867890921643086E-3
0.52867890921643086E-3
0.52867890921643086E-3
0.52867890921643086E-3
0.52867890921643086E-3
0.52867890921643086E-3
0.52867890921643086E-3
0.52867890921643086E-3
0.52867890921643086E-3
0.52867890921643086E-3
0.52867890921643086E-3
0.52867890921643086E-3
0.52867890921643086E-3
0.52867890921643086E-3
0.52867890921643086E-3
0.52867890921643086E-3
0.52867890921643086E-3
0.52867890921643086E-3
0.52867890921643086E-3
0.52867890921643086E-3
0.52867890921643086E-3
0.52867890921643086E-3
0.52867890921643086E-3
0.52867890921643086E-3
0.52867890921643086E-3
0.52867890921643086E-3
0.52867890921643086E-3
0.52867890921643086E-3
0.52867890921643086E-3
0.52867890921643086E-3
0.52867890921643086E-3
0.52867890921643086E-3
0.52867890921643086E-3
0.52867890921643086E-3
0.52867890921643086E-3
0.52867890921643086E-3
0.52867890921643086E-3
0.52867890921643086E-3
0.52867890921643086E-3
0.52867890921643086E-3
0.52867890921643086E-3
0.52867890921643086E-3
0.52867890921643086E-3
0.52867890921643086E-3
0.52867890921643086E-3
0.52867890921643086E-3
0.52867890921643086E-3
0.52867890921643086E-3
0.52867890921643086E-3
0.52867890921643086E-3
0.52867890921643086E-3
0.52867890921643086E-3
0.52867890921643086E-3
0.52867890921643086E-3
0.52867890921643086E-3
0.52867890921643086E-3
0.52867890921643086E-3
0.52867890921643086E-3
0.52867890921643086E-3
0.52867890921643086E-3
0.52867890921643086E-3
0.52867890921643086E-3
0.52867890921643086E-3
0.52867890921643086E-3
0.52867890921643086E-3
0.52867890921643086E-3
0.52867890921643086E-3
0.52867890921643086E-3
0.52867890921643086E-3
0.52867890921643086E-3
0.52867890921643086E-3
0.52867890921643086E-3
0.52867890921643086E-3
0.52867890921643086E-3
0.52867890921643086E-3
0.52867890921643086E-3
0.52867890921643086E-3
0.52867890921643086E-3
0.52867890921643086E-3
0.52867890921643086E-3
0.52867890921643086E-3
0.52867890921643086E-3
0.52867890921643086E-3
0.52867890921643086E-3
0.52867890921643086E-3
0.52867890921643086E-3
0.52867890921643086E-3
0.52867890921643086E-3
0.52867890921643086E-3
0.52867890921643086E-3
0.52867890921643086E-3
0.52867890921643086E-3
0.52867890921643086E-3
0.52867890921643086E-3
0.52867890921643086E-3
0.52867890921643086E-3
0.52867890921643086E-3
0.52867890921643086E-3
0.52867890921643086E-3
0.52867890921643086E-3
0.52867890921643086E-3
0.52867890921643086E-3
0.52867890921643086E-3
0.52867890921643086E-3
0.52867890921643086E-3
0.52867890921643086E-3
0.52867890921643086E-3
0.52867890921643086E-3
0.52867890921643086E-3
0.52867890921643086E-3
0.52867890921643086E-3
0.52867890921643086E-3
0.52867890921643086E-3
0.52867890921643086E-3
0.52867890921643086E-3
0.52867890921643086E-3
0.52867890921643086E-3
0.52867890921643086E-3
0.52867890921643086E-3
0.52867890921643086E-3
0.52867890921643086E-3
0.52867890921643086E-3
0.52867890921643086E-3
0.52867890921643086E-3
0.52867890921643086E-3
0.52867890921643086E-3
0.52867890921643086E-3
0.52867890921643086E-3
0.52867890921643086E-3
0.52867890921643086E-3
0.52867890921643086E-3
0.52867890921643086E-3
0.52867890921643086E-3
0.52867890921643086E-3
0.52867890921643086E-3
0.52867890921643086E-3
0.52867890921643086E-3
0.52867890921643086E-3
0.52867890921643086E-3
0.52867890921643086E-3
0.52867890921643086E-3
0.52867890921643086E-3
0.52867890921643086E-3
0.52867890921643086E-3
0.52867890921643086E-3
0.52867890921643086E-3
0.52867890921643086E-3
0.52867890921643086E-3
0.52867890921643086E-3
0.52867890921643086E-3
0.52867890921643086E-3
0.52867890921643086E-3
0.52867890921643086E-3
0.52867890921643086E-3
0.52867890921643086E-3
0.52867890921643086E-3
0.52867890921643086E-3
0.52867890921643086E-3
0.52867890921643086E-3
0.52867890921643086E-3
0.52867890921643086E-3
0.52867890921643086E-3
0.52867890921643086E-3
0.52867890921643086E-3
0.52867890921643086E-3
0.52867890921643086E-3
0.52867890921643086E-3
0.52867890921643086E-3
0.52867890921643086E-3
0.52867890921643086E-3
0.52867890921643086E-3
0.52867890921643086E-3
0.52867890921643086E-3
0.52867890921643086E-3
0.52867890921643086E-3
0.52867890921643086E-3
0.52867890921643086E-3
0.52867890921643086E-3
0.52867890921643086E-3
0.52867890921643086E-3
0.52867890921643086E-3
0.52867890921643086E-3
0.52867890921643086E-3
0.52867890921643086E-3
0.52867890921643086E-3
0.52867890921643086E-3
0.52867890921643086E-3
0.52867890921643086E-3
0.52867890921643086E-3
0.52867890921643086E-3
0.52867890921643086E-3
0.52867890921643086E-3
0.52867890921643086E-3
0.52867890921643086E-3
0.52867890921643086E-3
0.52867890921643086E-3
0.52867890921643086E-3
0.52867890921643086E-3
0.52867890921643086E-3
0.52867890921643086E-3
0.52867890921643086E-3
0.52867890921643086E-3
0.52867890921643086E-3
0.52867890921643086E-3
0.52867890921643086E-3
0.52867890921643086E-3
0.52867890921643086E-3
0.52867890921643086E-3
0.52867890921643086E-3
0.52867890921643086E-3
0.52867890921643086E-3
0.52867890921643086E-3
0.52867890921643086E-3
0.52867890921643086E-3
0.52867890921643086E-3
0.52867890921643086E-3
0.52867890921643086E-3
0.52867890921643086E-3
0.52867890921643086E-3
0.52867890921643086E-3
0.52867890921643086E-3
0.52867890921643086E-3
0.52867890921643086E-3
0.52867890921643086E-3
0.52867890921643086E-3
0.52867890921643086E-3
0.52867890921643086E-3
0.52867890921643086E-3
0.52867890921643086E-3
0.52867890921643086E-3
0.52867890921643086E-3
0.52867890921643086E-3
0.52867890921643086E-3
0.52867890921643086E-3
0.52867890921643086E-3
0.52867890921643086E-3
0.52867890921643086E-3
0.52867890921643086E-3
0.52867890921643086E-3
0.52867890921643086E-3
0.52867890921643086E-3
0.52867890921643086E-3
0.52867890921643086E-3
0.52867890921643086E-3
0.52867890921643086E-3
0.52867890921643086E-3
0.52867890921643086E-3
0.52867890921643086E-3
0.52867890921643086E-3
0.52867890921643086E-3
0.52867890921643086E-3
0.52867890921643086E-3
0.52867890921643086E-3
0.52867890921643086E-3
0.52867890921643086E-3
0.52867890921643086E-3
0.52867890921643086E-3
0.52867890921643086E-3
0.52867890921643086E-3
0.52867890921643086E-3
0.52867890921643086E-3
0.52867890921643086E-3
0.52867890921643086E-3
0.52867890921643086E-3
0.52867890921643086E-3
0.52867890921643086E-3
0.52867890921643086E-3
0.52867890921643086E-3
0.52867890921643086E-3
0.52867890921643086E-3
0.52867890921643086E-3
0.52867890921643086E-3
0.52867890921643086E-3
0.52867890921643086E-3
0.52867890921643086E-3
0.52867890921643086E-3
0.52867890921643086E-3
0.52867890921643086E-3
0.52867890921643086E-3
0.52867890921643086E-3
0.52867890921643086E-3
0.52867890921643086E-3
0.52867890921643086E-3
0.52867890921643086E-3
0.52867890921643086E-3
0.52867890921643086E-3
0.52867890921643086E-3
0.52867890921643086E-3
0.52867890921643086E-3
0.52867890921643086E-3
0.52867890921643086E-3
0.52867890921643086E-3
0.52867890921643086E-3
0.52867890921643086E-3
0.52867890921643086E-3
0.52867890921643086E-3
0.52867890921643086E-3
0.52867890921643086E-3
0.52867890921643086E-3
0.52867890921643086E-3
0.52867890921643086E-3
0.52867890921643086E-3
0.52867890921643086E-3
0.52867890921643086E-3
0.52867890921643086E-3
0.52867890921643086E-3
0.52867890921643086E-3
0.52867890921643086E-3
0.52867890921643086E-3
0.52867890921643086E-3
0.52867890921643086E-3
0.52867890921643086E-3
0.52867890921643086E-3
0.52867890921643086E-3
0.52867890921643086E-3
0.52867890921643086E-3
0.52867890921643086E-3
0.52867890921643086E-3
0.52867890921643086E-3
0.52867890921643086E-3
0.52867890921643086E-3
0.52867890921643086E-3
0.52867890921643086E-3
0.52867890921643086E-3
0.52867890921643086E-3
0.52867890921643086E-3
0.52867890921643086E-3
0.52867890921643086E-3
0.52867890921643086E-3
0.52867890921643086E-3
0.52867890921643086E-3
0.52867890921643086E-3
0.52867890921643086E-3
0.52867890921643086E-3
0.52867890921643086E-3
0.52867890921643086E-3
0.52867890921643086E-3
0.52867890921643086E-3
0.52867890921643086E-3
0.52867890921643086E-3
0.52867890921643086E-3
0.52867890921643086E-3
0.52867890921643086E-3
0.52867890921643086E-3
0.52867890921643086E-3
0.52867890921643086E-3
0.52867890921643086E-3
0.52867890921643086E-3
0.52867890921643086E-3
0.52867890921643086E-3
0.52867890921643086E-3
0.52867890921643086E-3
0.52867890921643086E-3
0.52867890921643086E-3
0.52867890921643086E-3
0.52867890921643086E-3
0.52867890921643086E-3
0.52867890921643086E-3
0.52867890921643086E-3
0.52867890921643086E-3
0.52867890921643086E-3
0.52867890921643086E-3
0.52867890921643086E-3
0.52867890921643086E-3
0.52867890921643086E-3
0.52867890921643086E-3
0.52867890921643086E-3
0.52867890921643086E-3
0.52867890921643086E-3
0.52867890921643086E-3
0.52867890921643086E-3
0.52867890921643086E-3
0.52867890921643086E-3
0.52867890921643086E-3
0.52867890921643086E-3
0.52867890921643086E-3
0.52867890921643086E-3
0.52867890921643086E-3
0.52867890921643086E-3
0.52867890921643086E-3
0.52867890921643086E-3
0.52867890921643086E-3
0.52867890921643086E-3
0.52867890921643086E-3
0.52867890921643086E-3
0.52867890921643086E-3
0.52867890921643086E-3
0.52867890921643086E-3
0.52867890921643086E-3
0.52867890921643086E-3
0.52867890921643086E-3
0.52867890921643086E-3
0.52867890921643086E-3
0.52867890921643086E-3
0.52867890921643086E-3
0.52867890921643086E-3
0.52867890921643086E-3
0.52867890921643086E-3
0.52867890921643086E-3
0.52867890921643086E-3
0.52867890921643086E-3
0.52867890921643086E-3
0.52867890921643086E-3
0.52867890921643086E-3
0.52867890921643086E-3
0.52867890921643086E-3
0.52867890921643086E-3
0.52867890921643086E-3
0.52867890921643086E-3
0.52867890921643086E-3
0.52867890921643086E-3
0.52867890921643086E-3
0.52867890921643086E-3
0.52867890921643086E-3
0.52867890921643086E-3
0.52867890921643086E-3
0.52867890921643086E-3
0.52867890921643086E-3
0.52867890921643086E-3
0.52867890921643086E-3
0.52867890921643086E-3
0.52867890921643086E-3
0.52867890921643086E-3
0.52867890921643086E-3
0.52867890921643086E-3
0.52867890921643086E-3
0.52867890921643086E-3
0.52867890921643086E-3
0.52867890921643086E-3
0.52867890921643086E-3
0.52867890921643086E-3
0.52867890921643086E-3
0.52867890921643086E-3
0.52867890921643086E-3
0.52867890921643086E-3
0.52867890921643086E-3
0.52867890921643086E-3
0.52867890921643086E-3
0.52867890921643086E-3
0.52867890921643086E-3
0.52867890921643086E-3
0.52867890921643086E-3
0.52867890921643086E-3
0.52867890921643086E-3
0.52867890921643086E-3
0.52867890921643086E-3
0.52867890921643086E-3
0.52867890921643086E-3
0.52867890921643086E-3
0.52867890921643086E-3
0.52867890921643086E-3
0.52867890921643086E-3
0.52867890921643086E-3
0.52867890921643086E-3
0.52867890921643086E-3
0.52867890921643086E-3
0.52867890921643086E-3
0.52867890921643086E-3
0.52867890921643086E-3
0.52867890921643086E-3
0.52867890921643086E-3
0.52867890921643086E-3
0.52867890921643086E-3
0.52867890921643086E-3
0.52867890921643086E-3
0.52867890921643086E-3
0.52867890921643086E-3
0.52867890921643086E-3
0.52867890921643086E-3
0.52867890921643086E-3
0.52867890921643086E-3
0.52867890921643086E-3
0.52867890921643086E-3
0.52867890921643086E-3
0.52867890921643086E-3
0.52867890921643086E-3
0.52867890921643086E-3
0.52867890921643086E-3
0.52867890921643086E-3
0.52867890921643086E-3
0.52867890921643086E-3
0.52867890921643086E-3
0.52867890921643086E-3
0.52867890921643086E-3
0.52867890921643086E-3
0.52867890921643086E-3
0.52867890921643086E-3
0.52867890921643086E-3
0.52867890921643086E-3
0.52867890921643086E-3
0.52867890921643086E-3
0.52867890921643086E-3
0.52867890921643086E-3
0.52867890921643086E-3
0.52867890921643086E-3
0.52867890921643086E-3
0.52867890921643086E-3
0.52867890921643086E-3
0.52867890921643086E-3
0.52867890921643086E-3
0.52867890921643086E-3
0.52867890921643086E-3
0.52867890921643086E-3
0.52867890921643086E-3
0.52867890921643086E-3
0.52867890921643086E-3
0.52867890921643086E-3
0.52867890921643086E-3
0.52867890921643086E-3
0.52867890921643086E-3
0.52867890921643086E-3
0.52867890921643086E-3
0.52867890921643086E-3
0.52867890921643086E-3
0.52867890921643086E-3
0.52867890921643086E-3
0.52867890921643086E-3
0.52867890921643086E-3
0.52867890921643086E-3
0.52867890921643086E-3
0.52867890921643086E-3
0.52867890921643086E-3
0.52867890921643086E-3
0.52867890921643086E-3
0.52867890921643086E-3
0.52867890921643086E-3
0.52867890921643086E-3
0.52867890921643086E-3
0.52867890921643086E-3
0.52867890921643086E-3
0.52867890921643086E-3
0.52867890921643086E-3
0.52867890921643086E-3
0.52867890921643086E-3
0.52867890921643086E-3
0.52867890921643086E-3
0.52867890921643086E-3
0.52867890921643086E-3
0.52867890921643086E-3
0.52867890921643086E-3
0.52867890921643086E-3
0.52867890921643086E-3
0.52867890921643086E-3
0.52867890921643086E-3
0.52867890921643086E-3
0.52867890921643086E-3
0.52867890921643086E-3
0.52867890921643086E-3
0.52867890921643086E-3
0.52867890921643086E-3
0.52867890921643086E-3
0.52867890921643086E-3
0.52867890921643086E-3
0.52867890921643086E-3
0.52867890921643086E-3
0.52867890921643086E-3
0.52867890921643086E-3
0.52867890921643086E-3
0.52867890921643086E-3
0.52867890921643086E-3
0.52867890921643086E-3
0.52867890921643086E-3
0.52867890921643086E-3
0.52867890921643086E-3
0.52867890921643086E-3
0.52867890921643086E-3
0.52867890921643086E-3
0.52867890921643086E-3
0.52867890921643086E-3
0.52867890921643086E-3
0.52867890921643086E-3
0.52867890921643086E-3
0.52867890921643086E-3
0.52867890921643086E-3
0.52867890921643086E-3
0.52867890921643086E-3
0.52867890921643086E-3
0.52867890921643086E-3
0.52867890921643086E-3
0.52867890921643086E-3
0.52867890921643086E-3
0.52867890921643086E-3
0.52867890921643086E-3
0.52867890921643086E-3
0.52867890921643086E-3
0.52867890921643086E-3
0.52867890921643086E-3
0.52867890921643086E-3
0.52867890921643086E-3
0.52867890921643086E-3
0.52867890921643086E-3
0.52867890921643086E-3
0.52867890921643086E-3
0.52867890921643086E-3
0.52867890921643086E-3
0.52867890921643086E-3
0.52867890921643086E-3
0.52867890921643086E-3
0.52867890921643086E-3
0.52867890921643086E-3
0.52867890921643086E-3
0.52867890921643086E-3
0.52867890921643086E-3
0.52867890921643086E-3
0.52867890921643086E-3
0.52867890921643086E-3
0.52867890921643086E-3
0.52867890921643086E-3
0.52867890921643086E-3
0.52867890921643086E-3
0.52867890921643086E-3
0.52867890921643086E-3
0.52867890921643086E-3
0.52867890921643086E-3
0.52867890921643086E-3
0.52867890921643086E-3
0.52867890921643086E-3
0.52867890921643086E-3
0.52867890921643086E-3
0.52867890921643086E-3
0.52867890921643086E-3
0.52867890921643086E-3
0.52867890921643086E-3
0.52867890921643086E-3
0.52867890921643086E-3
0.52867890921643086E-3
0.52867890921643086E-3
0.52867890921643086E-3
0.52867890921643086E-3
0.52867890921643086E-3
0.52867890921643086E-3
0.52867890921643086E-3
0.52867890921643086E-3
0.52867890921643086E-3
0.52867890921643086E-3
0.52867890921643086E-3
0.52867890921643086E-3
0.52867890921643086E-3
0.52867890921643086E-3
0.52867890921643086E-3
0.52867890921643086E-3
0.52867890921643086E-3
0.52867890921643086E-3
0.52867890921643086E-3
0.52867890921643086E-3
0.52867890921643086E-3
0.52867890921643086E-3
0.52867890921643086E-3
0.52867890921643086E-3
0.52867890921643086E-3
0.52867890921643086E-3
0.52867890921643086E-3
0.52867890921643086E-3
0.52867890921643086E-3
0.52867890921643086E-3
0.52867890921643086E-3
0.52867890921643086E-3
0.52867890921643086E-3
0.52867890921643086E-3
0.52867890921643086E-3
0.52867890921643086E-3
0.52867890921643086E-3
0.52867890921643086E-3
0.52867890921643086E-3
0.52867890921643086E-3
0.52867890921643086E-3
0.52867890921643086E-3
0.52867890921643086E-3
0.52867890921643086E-3
0.52867890921643086E-3
0.52867890921643086E-3
0.52867890921643086E-3
0.52867890921643086E-3
0.52867890921643086E-3
0.52867890921643086E-3
0.52867890921643086E-3
0.52867890921643086E-3
0.52867890921643086E-3
0.52867890921643086E-3
0.52867890921643086E-3
0.52867890921643086E-3
0.52867890921643086E-3
0.52867890921643086E-3
0.52867890921643086E-3
0.52867890921643086E-3
0.52867890921643086E-3
0.52867890921643086E-3
0.52867890921643086E-3
0.52867890921643086E-3
0.52867890921643086E-3
0.52867890921643086E-3
0.52867890921643086E-3
0.52867890921643086E-3
0.52867890921643086E-3
0.52867890921643086E-3
0.52867890921643086E-3
0.52867890921643086E-3
0.52867890921643086E-3
0.52867890921643086E-3
0.52867890921643086E-3
0.52867890921643086E-3
0.52867890921643086E-3
0.52867890921643086E-3
0.52867890921643086E-3
0.52867890921643086E-3
0.52867890921643086E-3
0.52867890921643086E-3
0.52867890921643086E-3
0.52867890921643086E-3
0.52867890921643086E-3
0.52867890921643086E-3
0.52867890921643086E-3
0.52867890921643086E-3
0.52867890921643086E-3
0.52867890921643086E-3
0.52867890921643086E-3
0.52867890921643086E-3
0.52867890921643086E-3
0.52867890921643086E-3
0.52867890921643086E-3
0.52867890921643086E-3
0.52867890921643086E-3
0.52867890921643086E-3
0.52867890921643086E-3
0.52867890921643086E-3
0.52867890921643086E-3
0.52867890921643086E-3
0.52867890921643086E-3
0.52867890921643086E-3
0.52867890921643086E-3
0.52867890921643086E-3
0.52867890921643086E-3
0.52867890921643086E-3
0.52867890921643086E-3
0.52867890921643086E-3
0.52867890921643086E-3
0.52867890921643086E-3
0.52867890921643086E-3
0.52867890921643086E-3
0.52867890921643086E-3
0.52867890921643086E-3
0.52867890921643086E-3
0.52867890921643086E-3
0.52867890921643086E-3
0.52867890921643086E-3
0.52867890921643086E-3
0.52867890921643086E-3
0.52867890921643086E-3
0.52867890921643086E-3
0.52867890921643086E-3
0.52867890921643086E-3
0.52867890921643086E-3
0.52867890921643086E-3
0.52867890921643086E-3
0.52867890921643086E-3
0.52867890921643086E-3
0.52867890921643086E-3
0.52867890921643086E-3
0.52867890921643086E-3
0.52867890921643086E-3
0.52867890921643086E-3
0.52867890921643086E-3
0.52867890921643086E-3
0.52867890921643086E-3
0.52867890921643086E-3
0.52867890921643086E-3
0.52867890921643086E-3
0.52867890921643086E-3
0.52867890921643086E-3
0.52867890921643086E-3
0.52867890921643086E-3
0.52867890921643086E-3
0.52867890921643086E-3
0.52867890921643086E-3
0.52867890921643086E-3
0.52867890921643086E-3
0.52867890921643086E-3
0.52867890921643086E-3
0.52867890921643086E-3
0.52867890921643086E-3
0.52867890921643086E-3
0.52867890921643086E-3
0.52867890921643086E-3
0.52867890921643086E-3
0.52867890921643086E-3
0.52867890921643086E-3
0.52867890921643086E-3
0.52867890921643086E-3
0.52867890921643086E-3
0.52867890921643086E-3
0.52867890921643086E-3
0.52867890921643086E-3
0.52867890921643086E-3
0.52867890921643086E-3
0.52867890921643086E-3
0.52867890921643086E-3
0.52867890921643086E-3
0.52867890921643086E-3
0.52867890921643086E-3
0.52867890921643086E-3
0.52867890921643086E-3
0.52867890921643086E-3
0.52867890921643086E-3
0.52867890921643086E-3
0.52867890921643086E-3
0.52867890921643086E-3
0.52867890921643086E-3
0.52867890921643086E-3
0.52867890921643086E-3
0.52867890921643086E-3
0.52867890921643086E-3
0.52867890921643086E-3
0.52867890921643086E-3
0.52867890921643086E-3
0.52867890921643086E-3
0.52867890921643086E-3
0.52867890921643086E-3
0.52867890921643086E-3
0.52867890921643086E-3
0.52867890921643086E-3
0.52867890921643086E-3
0.52867890921643086E-3
0.52867890921643086E-3
0.52867890921643086E-3
0.52867890921643086E-3
0.52867890921643086E-3
0.52867890921643086E-3
0.52867890921643086E-3
0.52867890921643086E-3
0.52867890921643086E-3
0.52867890921643086E-3
0.52867890921643086E-3
0.52867890921643086E-3
0.52867890921643086E-3
0.52867890921643086E-3
0.52867890921643086E-3
0.52867890921643086E-3
0.52867890921643086E-3
0.52867890921643086E-3
0.52867890921643086E-3
0.52867890921643086E-3
0.52867890921643086E-3
0.52867890921643086E-3
0.52867890921643086E-3
0.52867890921643086E-3
0.52867890921643086E-3
0.52867890921643086E-3
0.52867890921643086E-3
0.52867890921643086E-3
0.52867890921643086E-3
0.52867890921643086E-3
0.52867890921643086E-3
0.52867890921643086E-3
0.52867890921643086E-3
0.52867890921643086E-3
0.52867890921643086E-3
0.52867890921643086E-3
0.52867890921643086E-3
0.52867890921643086E-3
0.52867890921643086E-3
0.52867890921643086E-3
0.52867890921643086E-3
0.52867890921643086E-3
0.52867890921643086E-3
0.52867890921643086E-3
0.52867890921643086E-3
0.52867890921643086E-3
0.52867890921643086E-3
0.52867890921643086E-3
0.52867890921643086E-3
0.52867890921643086E-3
0.52867890921643086E-3
0.52867890921643086E-3
0.52867890921643086E-3
0.52867890921643086E-3
0.52867890921643086E-3
0.52867890921643086E-3
0.52867890921643086E-3
0.52867890921643086E-3
0.52867890921643086E-3
0.52867890921643086E-3
0.52867890921643086E-3
0.52867890921643086E-3
0.52867890921643086E-3
0.52867890921643086E-3
0.52867890921643086E-3
0.52867890921643086E-3
0.52867890921643086E-3
0.52867890921643086E-3
0.52867890921643086E-3
0.52867890921643086E-3
0.52867890921643086E-3
0.52867890921643086E-3
0.52867890921643086E-3
0.52867890921643086E-3
0.52867890921643086E-3
0.52867890921643086E-3
0.52867890921643086E-3
0.52867890921643086E-3
0.52867890921643086E-3
0.52867890921643086E-3
0.52867890921643086E-3
0.52867890921643086E-3
0.52867890921643086E-3
0.52867890921643086E-3
0.52867890921643086E-3
0.52867890921643086E-3
0.52867890921643086E-3
0.52867890921643086E-3
0.52867890921643086E-3
0.52867890921643086E-3
0.52867890921643086E-3
0.52867890921643086E-3
0.52867890921643086E-3
0.52867890921643086E-3
0.52867890921643086E-3
0.52867890921643086E-3
0.52867890921643086E-3
0.52867890921643086E-3
0.52867890921643086E-3
0.52867890921643086E-3
0.52867890921643086E-3
0.52867890921643086E-3
0.52867890921643086E-3
0.52867890921643086E-3
0.52867890921643086E-3
0.52867890921643086E-3
0.52867890921643086E-3
0.52867890921643086E-3
0.52867890921643086E-3
0.52867890921643086E-3
0.52867890921643086E-3
0.52867890921643086E-3
0.52867890921643086E-3
0.52867890921643086E-3
0.52867890921643086E-3
0.52867890921643086E-3
0.52867890921643086E-3
0.52867890921643086E-3
0.52867890921643086E-3
0.52867890921643086E-3
0.52867890921643086E-3
0.52867890921643086E-3
0.52867890921643086E-3
0.52867890921643086E-3
0.52867890921643086E-3
0.52867890921643086E-3
0.52867890921643086E-3
0.52867890921643086E-3
0.52867890921643086E-3
0.52867890921643086E-3
0.52867890921643086E-3
0.52867890921643086E-3
0.52867890921643086E-3
0.52867890921643086E-3
0.52867890921643086E-3
0.52867890921643086E-3
0.52867890921643086E-3
0.52867890921643086E-3
0.52867890921643086E-3
0.52867890921643086E-3
0.52867890921643086E-3
0.52867890921643086E-3
0.52867890921643086E-3
0.52867890921643086E-3
0.52867890921643086E-3
0.52867890921643086E-3
0.52867890921643086E-3
0.52867890921643086E-3
0.52867890921643086E-3
0.52867890921643086E-3
0.52867890921643086E-3
0.52867890921643086E-3
0.52867890921643086E-3
0.52867890921643086E-3
0.52867890921643086E-3
0.52867890921643086E-3
0.52867890921643086E-3
0.52867890921643086E-3
0.52867890921643086E-3
0.52867890921643086E-3
0.52867890921643086E-3
0.52867890921643086E-3
0.52867890921643086E-3
0.52867890921643086E-3
0.52867890921643086E-3
0.52867890921643086E-3
0.52867890921643086E-3
0.52867890921643086E-3
0.52867890921643086E-3
0.52867890921643086E-3
0.52867890921643086E-3
0.52867890921643086E-3
0.52867890921643086E-3
0.52867890921643086E-3
0.52867890921643086E-3
0.52867890921643086E-3
0.52867890921643086E-3
0.52867890921643086E-3
0.52867890921643086E-3
0.52867890921643086E-3
0.52867890921643086E-3
0.52867890921643086E-3
0.52867890921643086E-3
0.52867890921643086E-3
0.52867890921643086E-3
0.52867890921643086E-3
0.52867890921643086E-3
0.52867890921643086E-3
0.52867890921643086E-3
0.52867890921643086E-3
0.52867890921643086E-3
0.52867890921643086E-3
0.52867890921643086E-3
0.52867890921643086E-3
0.52867890921643086E-3
0.52867890921643086E-3
0.52867890921643086E-3
0.52867890921643086E-3
0.52867890921643086E-3
0.52867890921643086E-3
0.52867890921643086E-3
0.52867890921643086E-3
0.52867890921643086E-3
0.52867890921643086E-3
0.52867890921643086E-3
0.52867890921643086E-3
0.52867890921643086E-3
0.52867890921643086E-3
0.52867890921643086E-3
0.52867890921643086E-3
0.52867890921643086E-3
0.52867890921643086E-3
0.52867890921643086E-3
0.52867890921643086E-3
0.52867890921643086E-3
0.52867890921643086E-3
0.52867890921643086E-3
0.52867890921643086E-3
0.52867890921643086E-3
0.52867890921643086E-3
0.52867890921643086E-3
0.52867890921643086E-3
0.52867890921643086E-3
0.52867890921643086E-3
0.52867890921643086E-3
0.52867890921643086E-3
0.52867890921643086E-3
0.52867890921643086E-3
0.52867890921643086E-3
0.52867890921643086E-3
0.52867890921643086E-3
0.52867890921643086E-3
0.52867890921643086E-3
0.52867890921643086E-3
0.52867890921643086E-3
0.52867890921643086E-3
0.52867890921643086E-3
0.52867890921643086E-3
0.52867890921643086E-3
0.52867890921643086E-3
0.52867890921643086E-3
0.52867890921643086E-3
0.52867890921643086E-3
0.52867890921643086E-3
0.52867890921643086E-3
0.52867890921643086E-3
0.52867890921643086E-3
0.52867890921643086E-3
0.52867890921643086E-3
0.52867890921643086E-3
0.52867890921643086E-3
0.52867890921643086E-3
0.52867890921643086E-3
0.52867890921643086E-3
0.52867890921643086E-3
0.52867890921643086E-3
0.52867890921643086E-3
0.52867890921643086E-3
0.52867890921643086E-3
0.52867890921643086E-3
0.52867890921643086E-3
0.52867890921643086E-3
0.52867890921643086E-3
0.52867890921643086E-3
0.52867890921643086E-3
0.52867890921643086E-3
0.52867890921643086E-3
0.52867890921643086E-3
0.52867890921643086E-3
0.52867890921643086E-3
0.52867890921643086E-3
0.52867890921643086E-3
0.52867890921643086E-3
0.52867890921643086E-3
0.52867890921643086E-3
0.52867890921643086E-3
0.52867890921643086E-3
0.52867890921643086E-3
0.52867890921643086E-3
0.52867890921643086E-3
0.52867890921643086E-3
0.52867890921643086E-3
0.52867890921643086E-3
0.52867890921643086E-3
0.52867890921643086E-3
0.52867890921643086E-3
0.52867890921643086E-3
0.52867890921643086E-3
0.52867890921643086E-3
0.52867890921643086E-3
0.52867890921643086E-3
0.52867890921643086E-3
0.52867890921643086E-3
0.52867890921643086E-3
0.52867890921643086E-3
0.52867890921643086E-3
0.52867890921643086E-3
0.52867890921643086E-3
0.52867890921643086E-3
0.52867890921643086E-3
0.52867890921643086E-3
0.52867890921643086E-3
0.52867890921643086E-3
0.52867890921643086E-3
0.52867890921643086E-3
0.52867890921643086E-3
0.52867890921643086E-3
0.52867890921643086E-3
0.52867890921643086E-3
0.52867890921643086E-3
0.52867890921643086E-3
0.52867890921643086E-3
0.52867890921643086E-3
0.52867890921643086E-3
0.52867890921643086E-3
0.52867890921643086E-3
0.52867890921643086E-3
0.52867890921643086E-3
0.52867890921643086E-3
0.52867890921643086E-3
0.52867890921643086E-3
0.52867890921643086E-3
0.52867890921643086E-3
0.52867890921643086E-3
0.52867890921643086E-3
0.52867890921643086E-3
0.52867890921643086E-3
0.52867890921643086E-3
0.52867890921643086E-3
0.52867890921643086E-3
0.52867890921643086E-3
0.52867890921643086E-3
0.52867890921643086E-3
0.52867890921643086E-3
0.52867890921643086E-3
0.52867890921643086E-3
0.52867890921643086E-3
0.52867890921643086E-3
0.52867890921643086E-3
0.52867890921643086E-3
0.52867890921643086E-3
0.52867890921643086E-3
0.52867890921643086E-3
0.52867890921643086E-3
0.52867890921643086E-3
0.52867890921643086E-3
0.52867890921643086E-3
0.52867890921643086E-3
0.52867890921643086E-3
0.52867890921643086E-3
0.52867890921643086E-3
0.52867890921643086E-3
0.52867890921643086E-3
0.52867890921643086E-3
0.52867890921643086E-3
0.52867890921643086E-3
0.52867890921643086E-3
0.52867890921643086E-3
0.52867890921643086E-3
0.52867890921643086E-3
0.52867890921643086E-3
0.52867890921643086E-3
0.52867890921643086E-3
0.52867890921643086E-3
0.52867890921643086E-3
0.52867890921643086E-3
0.52867890921643086E-3
0.52867890921643086E-3
0.52867890921643086E-3
0.52867890921643086E-3
0.52867890921643086E-3
0.52867890921643086E-3
0.52867890921643086E-3
0.52867890921643086E-3
0.52867890921643086E-3
0.52867890921643086E-3
0.52867890921643086E-3
0.52867890921643086E-3
0.52867890921643086E-3
0.52867890921643086E-3
0.52867890921643086E-3
0.52867890921643086E-3
0.52867890921643086E-3
0.52867890921643086E-3
0.52867890921643086E-3
0.52867890921643086E-3
0.52867890921643086E-3
0.52867890921643086E-3
0.52867890921643086E-3
0.52867890921643086E-3
0.52867890921643086E-3
0.52867890921643086E-3
0.52867890921643086E-3
0.52867890921643086E-3
0.52867890921643086E-3
0.52867890921643086E-3
0.52867890921643086E-3
0.52867890921643086E-3
0.52867890921643086E-3
0.52867890921643086E-3
0.52867890921643086E-3
0.52867890921643086E-3
0.52867890921643086E-3
0.52867890921643086E-3
0.52867890921643086E-3
0.52867890921643086E-3
0.52867890921643086E-3
0.52867890921643086E-3
0.52867890921643086E-3
0.52867890921643086E-3
0.52867890921643086E-3
0.52867890921643086E-3
0.52867890921643086E-3
0.52867890921643086E-3
0.52867890921643086E-3
0.52867890921643086E-3
0.52867890921643086E-3
0.52867890921643086E-3
0.52867890921643086E-3
0.52867890921643086E-3
0.52867890921643086E-3
0.52867890921643086E-3
0.52867890921643086E-3
0.52867890921643086E-3
0.52867890921643086E-3
0.52867890921643086E-3
0.52867890921643086E-3
0.52867890921643086E-3
0.52867890921643086E-3
0.52867890921643086E-3
0.52867890921643086E-3
0.52867890921643086E-3
0.52867890921643086E-3
0.52867890921643086E-3
0.52867890921643086E-3
0.52867890921643086E-3
0.52867890921643086E-3
0.52867890921643086E-3
0.52867890921643086E-3
0.52867890921643086E-3
0.52867890921643086E-3
0.52867890921643086E-3
0.52867890921643086E-3
0.52867890921643086E-3
0.52867890921643086E-3
0.52867890921643086E-3
0.52867890921643086E-3
0.52867890921643086E-3
0.52867890921643086E-3
0.52867890921643086E-3
0.52867890921643086E-3
0.52867890921643086E-3
0.52867890921643086E-3
0.52867890921643086E-3
0.52867890921643086E-3
0.52867890921643086E-3
0.52867890921643086E-3
0.52867890921643086E-3
0.52867890921643086E-3
0.52867890921643086E-3
0.52867890921643086E-3
0.52867890921643086E-3
0.52867890921643086E-3
0.52867890921643086E-3
0.52867890921643086E-3
0.52867890921643086E-3
0.52867890921643086E-3
0.52867890921643086E-3
0.52867890921643086E-3
0.52867890921643086E-3
0.52867890921643086E-3
0.52867890921643086E-3
0.52867890921643086E-3
0.52867890921643086E-3
0.52867890921643086E-3
0.52867890921643086E-3
0.52867890921643086E-3
0.52867890921643086E-3
0.52867890921643086E-3
0.52867890921643086E-3
0.52867890921643086E-3
0.52867890921643086E-3
0.52867890921643086E-3
0.52867890921643086E-3
0.52867890921643086E-3
0.52867890921643086E-3
0.52867890921643086E-3
0.52867890921643086E-3
0.52867890921643086E-3
0.52867890921643086E-3
0.52867890921643086E-3
0.52867890921643086E-3
0.52867890921643086E-3
0.52867890921643086E-3
0.52867890921643086E-3
0.52867890921643086E-3
0.52867890921643086E-3
0.52867890921643086E-3
0.52867890921643086E-3
0.52867890921643086E-3
0.52867890921643086E-3
0.52867890921643086E-3
0.52867890921643086E-3
0.52867890921643086E-3
0.52867890921643086E-3
0.52867890921643086E-3
0.52867890921643086E-3
0.52867890921643086E-3
0.52867890921643086E-3
0.52867890921643086E-3
0.52867890921643086E-3
0.52867890921643086E-3
0.52867890921643086E-3
0.52867890921643086E-3
0.52867890921643086E-3
0.52867890921643086E-3
0.52867890921643086E-3
0.52867890921643086E-3
0.52867890921643086E-3
0.52867890921643086E-3
0.52867890921643086E-3
0.52867890921643086E-3
0.52867890921643086E-3
0.52867890921643086E-3
0.52867890921643086E-3
0.52867890921643086E-3
0.52867890921643086E-3
0.52867890921643086E-3
0.52867890921643086E-3
0.52867890921643086E-3
0.52867890921643086E-3
0.52867890921643086E-3
0.52867890921643086E-3
0.52867890921643086E-3
0.52867890921643086E-3
0.52867890921643086E-3
0.52867890921643086E-3
0.52867890921643086E-3
0.52867890921643086E-3
0.52867890921643086E-3
0.52867890921643086E-3
0.52867890921643086E-3
0.52867890921643086E-3
0.52867890921643086E-3
0.52867890921643086E-3
0.52867890921643086E-3
0.52867890921643086E-3
0.52867890921643086E-3
0.52867890921643086E-3
0.52867890921643086E-3
0.52867890921643086E-3
0.52867890921643086E-3
0.52867890921643086E-3
0.52867890921643086E-3
0.52867890921643086E-3
0.52867890921643086E-3
0.52867890921643086E-3
0.52867890921643086E-3
0.52867890921643086E-3
0.52867890921643086E-3
0.52867890921643086E-3
0.52867890921643086E-3
0.52867890921643086E-3
0.52867890921643086E-3
0.52867890921643086E-3
0.52867890921643086E-3
0.52867890921643086E-3
0.52867890921643086E-3
0.52867890921643086E-3
0.52867890921643086E-3
0.52867890921643086E-3
0.52867890921643086E-3
0.52867890921643086E-3
0.52867890921643086E-3
0.52867890921643086E-3
0.52867890921643086E-3
0.52867890921643086E-3
0.52867890921643086E-3
0.52867890921643086E-3
0.52867890921643086E-3
0.52867890921643086E-3
0.52867890921643086E-3
0.52867890921643086E-3
0.52867890921643086E-3
0.52867890921643086E-3
0.52867890921643086E-3
0.52867890921643086E-3
0.52867890921643086E-3
0.52867890921643086E-3
0.52867890921643086E-3
0.52867890921643086E-3
0.52867890921643086E-3
0.52867890921643086E-3
0.52867890921643086E-3
0.52867890921643086E-3
0.52867890921643086E-3
0.52867890921643086E-3
0.52867890921643086E-3
0.52867890921643086E-3
0.52867890921643086E-3
0.52867890921643086E-3
0.52867890921643086E-3
0.52867890921643086E-3
0.52867890921643086E-3
0.52867890921643086E-3
0.52867890921643086E-3
0.52867890921643086E-3
0.52867890921643086E-3
0.52867890921643086E-3
0.52867890921643086E-3
0.52867890921643086E-3
0.52867890921643086E-3
0.52867890921643086E-3
0.52867890921643086E-3
0.52867890921643086E-3
0.52867890921643086E-3
0.52867890921643086E-3
0.52867890921643086E-3
0.52867890921643086E-3
0.52867890921643086E-3
0.52867890921643086E-3
0.52867890921643086E-3
0.52867890921643086E-3
0.52867890921643086E-3
0.52867890921643086E-3
0.52867890921643086E-3
0.52867890921643086E-3
0.52867890921643086E-3
0.52867890921643086E-3
0.52867890921643086E-3
0.52867890921643086E-3
0.52867890921643086E-3
0.52867890921643086E-3
0.52867890921643086E-3
0.52867890921643086E-3
0.52867890921643086E-3
0.52867890921643086E-3
0.52867890921643086E-3
0.52867890921643086E-3
0.52867890921643086E-3
0.52867890921643086E-3
0.52867890921643086E-3
0.52867890921643086E-3
0.52867890921643086E-3
0.52867890921643086E-3
0.52867890921643086E-3
0.52867890921643086E-3
0.52867890921643086E-3
0.52867890921643086E-3
0.52867890921643086E-3
0.52867890921643086E-3
0.52867890921643086E-3
0.52867890921643086E-3
0.52867890921643086E-3
0.52867890921643086E-3
0.52867890921643086E-3
0.52867890921643086E-3
0.52867890921643086E-3
0.52867890921643086E-3
0.52867890921643086E-3
0.52867890921643086E-3
0.52867890921643086E-3
0.52867890921643086E-3
0.52867890921643086E-3
0.52867890921643086E-3
0.52867890921643086E-3
0.52867890921643086E-3
0.52867890921643086E-3
0.52867890921643086E-3
0.52867890921643086E-3
0.52867890921643086E-3
0.52867890921643086E-3
0.52867890921643086E-3
0.52867890921643086E-3
0.52867890921643086E-3
0.52867890921643086E-3
0.52867890921643086E-3
0.52867890921643086E-3
0.52867890921643086E-3
0.52867890921643086E-3
0.52867890921643086E-3
0.52867890921643086E-3
0.52867890921643086E-3
0.52867890921643086E-3
0.52867890921643086E-3
0.52867890921643086E-3
0.52867890921643086E-3
0.52867890921643086E-3
0.52867890921643086E-3
0.52867890921643086E-3
0.52867890921643086E-3
0.52867890921643086E-3
0.52867890921643086E-3
0.52867890921643086E-3
0.52867890921643086E-3
0.52867890921643086E-3
0.52867890921643086E-3
0.52867890921643086E-3
0.52867890921643086E-3
0.52867890921643086E-3
0.52867890921643086E-3
0.52867890921643086E-3
0.52867890921643086E-3
0.52867890921643086E-3
0.52867890921643086E-3
0.52867890921643086E-3
0.52867890921643086E-3
0.52867890921643086E-3
0.52867890921643086E-3
0.52867890921643086E-3
0.52867890921643086E-3
0.52867890921643086E-3
0.52867890921643086E-3
0.52867890921643086E-3
0.52867890921643086E-3
0.52867890921643086E-3
0.52867890921643086E-3
0.52867890921643086E-3
0.52867890921643086E-3
0.52867890921643086E-3
0.52867890921643086E-3
0.52867890921643086E-3
0.52867890921643086E-3
0.52867890921643086E-3
0.52867890921643086E-3
0.52867890921643086E-3
0.52867890921643086E-3
0.52867890921643086E-3
0.52867890921643086E-3
0.52867890921643086E-3
0.52867890921643086E-3
0.52867890921643086E-3
0.52867890921643086E-3
0.52867890921643086E-3
0.52867890921643086E-3
0.52867890921643086E-3
0.52867890921643086E-3
0.52867890921643086E-3
0.52867890921643086E-3
0.52867890921643086E-3
0.52867890921643086E-3
0.52867890921643086E-3
0.52867890921643086E-3
0.52867890921643086E-3
0.52867890921643086E-3
0.52867890921643086E-3
0.52867890921643086E-3
0.52867890921643086E-3
0.52867890921643086E-3
0.52867890921643086E-3
0.52867890921643086E-3
0.52867890921643086E-3
0.52867890921643086E-3
0.52867890921643086E-3
0.52867890921643086E-3
0.52867890921643086E-3
0.52867890921643086E-3
0.52867890921643086E-3
0.52867890921643086E-3
0.52867890921643086E-3
0.52867890921643086E-3
0.52867890921643086E-3
0.52867890921643086E-3
0.52867890921643086E-3
0.52867890921643086E-3
0.52867890921643086E-3
0.52867890921643086E-3
0.52867890921643086E-3
0.52867890921643086E-3
0.52867890921643086E-3
0.52867890921643086E-3
0.52867890921643086E-3
0.52867890921643086E-3
0.52867890921643086E-3
0.52867890921643086E-3
0.52867890921643086E-3
0.52867890921643086E-3
0.52867890921643086E-3
0.52867890921643086E-3
0.52867890921643086E-3
0.52867890921643086E-3
0.52867890921643086E-3
0.52867890921643086E-3
0.52867890921643086E-3
0.52867890921643086E-3
0.52867890921643086E-3
0.52867890921643086E-3
0.52867890921643086E-3
0.52867890921643086E-3
0.52867890921643086E-3
0.52867890921643086E-3
0.52867890921643086E-3
0.52867890921643086E-3
0.52867890921643086E-3
0.52867890921643086E-3
0.52867890921643086E-3
0.52867890921643086E-3
0.52867890921643086E-3
0.52867890921643086E-3
0.52867890921643086E-3
0.52867890921643086E-3
0.52867890921643086E-3
0.52867890921643086E-3
0.52867890921643086E-3
0.52867890921643086E-3
0.52867890921643086E-3
0.52867890921643086E-3
0.52867890921643086E-3
0.52867890921643086E-3
0.52867890921643086E-3
0.52867890921643086E-3
0.52867890921643086E-3
0.52867890921643086E-3
0.52867890921643086E-3
0.52867890921643086E-3
0.52867890921643086E-3
0.52867890921643086E-3
0.52867890921643086E-3
0.52867890921643086E-3
0.52867890921643086E-3
0.52867890921643086E-3
0.52867890921643086E-3
0.52867890921643086E-3
0.52867890921643086E-3
0.52867890921643086E-3
0.52867890921643086E-3
0.52867890921643086E-3
0.52867890921643086E-3
0.52867890921643086E-3
0.52867890921643086E-3
0.52867890921643086E-3
0.52867890921643086E-3
0.52867890921643086E-3
0.52867890921643086E-3
0.52867890921643086E-3
0.52867890921643086E-3
0.52867890921643086E-3
0.52867890921643086E-3
0.52867890921643086E-3
0.52867890921643086E-3
0.52867890921643086E-3
0.52867890921643086E-3
0.52867890921643086E-3
0.52867890921643086E-3
0.52867890921643086E-3
0.52867890921643086E-3
0.52867890921643086E-3
0.52867890921643086E-3
0.52867890921643086E-3
0.52867890921643086E-3
0.52867890921643086E-3
0.52867890921643086E-3
0.52867890921643086E-3
0.52867890921643086E-3
0.52867890921643086E-3
0.52867890921643086E-3
0.52867890921643086E-3
0.52867890921643086E-3
0.52867890921643086E-3
0.52867890921643086E-3
0.52867890921643086E-3
0.52867890921643086E-3
0.52867890921643086E-3
0.52867890921643086E-3
0.52867890921643086E-3
0.52867890921643086E-3
0.52867890921643086E-3
0.52867890921643086E-3
0.52867890921643086E-3
0.52867890921643086E-3
0.52867890921643086E-3
0.52867890921643086E-3
0.52867890921643086E-3
0.52867890921643086E-3
0.52867890921643086E-3
0.52867890921643086E-3
0.52867890921643086E-3
0.52867890921643086E-3
0.52867890921643086E-3
0.52867890921643086E-3
0.52867890921643086E-3
0.52867890921643086E-3
0.52867890921643086E-3
0.52867890921643086E-3
0.52867890921643086E-3
0.52867890921643086E-3
0.52867890921643086E-3
0.52867890921643086E-3
0.52867890921643086E-3
0.52867890921643086E-3
0.52867890921643086E-3
0.52867890921643086E-3
0.52867890921643086E-3
0.52867890921643086E-3
0.52867890921643086E-3
0.52867890921643086E-3
0.52867890921643086E-3
0.52867890921643086E-3
0.52867890921643086E-3
0.52867890921643086E-3
0.52867890921643086E-3
0.52867890921643086E-3
0.52867890921643086E-3
0.52867890921643086E-3
0.52867890921643086E-3
0.52867890921643086E-3
0.52867890921643086E-3
0.52867890921643086E-3
0.52867890921643086E-3
0.52867890921643086E-3
0.52867890921643086E-3
0.52867890921643086E-3
0.52867890921643086E-3
0.52867890921643086E-3
0.52867890921643086E-3
0.52867890921643086E-3
0.52867890921643086E-3
0.52867890921643086E-3
0.52867890921643086E-3
0.52867890921643086E-3
0.52867890921643086E-3
0.52867890921643086E-3
0.52867890921643086E-3
0.52867890921643086E-3
0.52867890921643086E-3
0.52867890921643086E-3
0.52867890921643086E-3
0.52867890921643086E-3
0.52867890921643086E-3
0.52867890921643086E-3
0.52867890921643086E-3
0.52867890921643086E-3
0.52867890921643086E-3
0.52867890921643086E-3
0.52867890921643086E-3
0.52867890921643086E-3
0.52867890921643086E-3
0.52867890921643086E-3
0.52867890921643086E-3
0.52867890921643086E-3
0.52867890921643086E-3
0.52867890921643086E-3
0.52867890921643086E-3
0.52867890921643086E-3
0.52867890921643086E-3
0.52867890921643086E-3
0.52867890921643086E-3
0.52867890921643086E-3
0.52867890921643086E-3
0.52867890921643086E-3
0.52867890921643086E-3
0.52867890921643086E-3
0.52867890921643086E-3
0.52867890921643086E-3
0.52867890921643086E-3
0.52867890921643086E-3
0.52867890921643086E-3
0.52867890921643086E-3
0.52867890921643086E-3
0.52867890921643086E-3
0.52867890921643086E-3
0.52867890921643086E-3
0.52867890921643086E-3
0.10862441213057760E-6
0.10855421975150123E-6
0.10884998100322431E-6
0.10853084902389243E-6
0.10831972323845507E-6
0.10835503748903842E-6
0.10827392042438739E-6
0.10837925560310440E-6
0.10889169805386225E-6
0.10865238031651738E-6
0.10904226685123343E-6
0.10899426085950893E-6
0.10882492178804494E-6
0.10896225759598162E-6
0.10894625364248708E-6
0.10860762667435088E-6
0.10862441213057761E-6
0.10884998100322432E-6
0.10855421975150120E-6
0.10853084902389242E-6
0.10882492178804497E-6
0.10860762667435090E-6
0.10894625364248710E-6
0.10896225759598162E-6
0.10889169805386225E-6
0.10899426085950894E-6
0.10904226685123337E-6
0.10865238031651745E-6
0.10831972323845507E-6
0.10837925560310437E-6
0.10827392042438738E-6
0.10835503748903844E-6
0.10862441213057763E-6
0.10855421975150127E-6
0.10884998100322432E-6
0.10853084902389239E-6
0.10831972323845507E-6
0.10835503748903840E-6
0.10827392042438744E-6
0.10837925560310443E-6
0.10889169805386234E-6
0.10865238031651741E-6
0.10904226685123339E-6
0.10899426085950886E-6
0.10882492178804495E-6
0.10896225759598162E-6
0.10894625364248703E-6
0.10860762667435092E-6
0.10862441213057760E-6
0.10884998100322436E-6
0.10855421975150128E-6
0.10853084902389241E-6
0.10882492178804501E-6
0.10860762667435092E-6
0.10894625364248708E-6
0.10896225759598165E-6
0.10889169805386234E-6
0.10899426085950892E-6
0.10904226685123336E-6
0.10865238031651737E-6
0.10831972323845507E-6
0.10837925560310443E-6
0.10827392042438739E-6
0.10835503748903842E-6
0.12478012216667679E-6
0.12195966452018110E-6
0.13197985451172614E-6
0.12102059617663297E-6
0.11102328511315914E-6
0.11396668883939324E-6
0.10827392042438739E-6
0.11493656713626879E-6
0.13305974328477014E-6
0.12590358752799057E-6
0.13693879226986318E-6
0.13570537887492358E-6
0.13133019417715960E-6
0.13488133371469029E-6
0.13446873408207130E-6
0.12410572221787838E-6
0.12478012216667642E-6
0.13197985451172746E-6
0.12195966452018219E-6
0.12102059617663276E-6
0.13133019417716048E-6
0.12410572221787999E-6
0.13446873408207151E-6
0.13488133371469100E-6
0.13305974328477030E-6
0.13570537887492291E-6
0.13693879226986310E-6
0.12590358752799118E-6
0.11102328511315914E-6
0.11493656713626835E-6
0.10827392042438740E-6
0.11396668883939324E-6
0.39066797165603103E-6
0.39001388553611287E-6
0.39197567278973791E-6
0.38979610593179571E-6
0.38691903611210870E-6
0.38815781006288944E-6
0.38073980595789859E-6
0.38838348601902048E-6
0.39211158489172962E-6
0.39092859257333304E-6
0.39260213063818396E-6
0.39244572947502170E-6
0.39189403109749917E-6
0.39234146441433156E-6
0.39228932431990101E-6
0.39051155675631048E-6
0.39066797165603108E-6
0.39197567278973801E-6
0.39001388553611293E-6
0.38979610593179581E-6
0.39189403109749938E-6
0.39051155675631037E-6
0.39228932431990127E-6
0.39234146441433151E-6
0.39211158489172977E-6
0.39244572947502181E-6
0.39260213063818385E-6
0.39092859257333346E-6
0.38691903611210870E-6
0.38838348601902021E-6
0.38073980595789679E-6
0.38815781006288955E-6
0.39066797165603103E-6
0.39001388553611293E-6
0.39197567278973791E-6
0.38979610593179571E-6
0.38691903611210859E-6
0.38815781006288950E-6
0.38356713128783604E-6
0.38838348601902042E-6
0.39211158489172967E-6
0.39092859257333314E-6
0.39260213063818401E-6
0.39244572947502170E-6
0.39189403109749927E-6
0.39234146441433151E-6
0.39228932431990096E-6
0.39051155675631037E-6
0.39066797165603108E-6
0.39197567278973796E-6
0.39001388553611277E-6
0.38979610593179587E-6
0.39189403109749911E-6
0.39051155675631021E-6
0.39228932431990106E-6
0.39234146441433172E-6
0.39211158489172956E-6
0.39244572947502181E-6
0.39260213063818385E-6
0.39092859257333341E-6
0.38691903611210859E-6
0.38838348601902016E-6
0.38356713128783551E-6
0.38815781006288955E-6
0.70960149559154534E-6
0.70675026458543355E-6
0.71558475678603519E-6
0.70579663508211387E-6
0.69409279231084093E-6
0.69856363140804697E-6
0.68256580472488484E-6
0.69956549493855223E-6
0.71626668441495359E-6
0.71073182606338185E-6
0.71868054259485772E-6
0.71791915362853303E-6
0.71517246964903415E-6
0.71740725548680398E-6
0.71714999027771061E-6
0.70892150151618830E-6
0.70960149559154512E-6
0.71558475678603646E-6
0.70675026458543461E-6
0.70579663508211365E-6
0.71517246964903479E-6
0.70892150151618968E-6
0.71714999027771018E-6
0.71740725548680472E-6
0.71626668441495369E-6
0.71791915362853197E-6
0.71868054259485793E-6
0.71073182606338259E-6
0.69409279231084093E-6
0.69956549493855192E-6
0.68256580472488198E-6
0.69856363140804708E-6
0.95033723320703581E-6
0.93516834729823873E-6
0.98537097007463362E-6
0.93000969578636189E-6
0.86953763982238339E-6
0.88952474774502350E-6
0.82050235652350849E-6
0.89527356746270526E-6
0.99010754718486368E-6
0.95624375975000201E-6
0.10065373130595335E-5
0.10014128736803930E-5
0.98248758686435179E-6
0.99793727940552002E-6
0.99618147592512231E-6
0.94675452036846819E-6
0.95033723320703284E-6
0.98537097007464188E-6
0.93516834729824741E-6
0.93000969578636009E-6
0.98248758686435814E-6
0.94675452036847984E-6
0.99618147592512146E-6
0.99793727940552404E-6
0.99010754718486474E-6
0.10014128736803886E-5
0.10065373130595347E-5
0.95624375975000286E-6
0.86953763982238297E-6
0.89527356746270484E-6
0.82050235652349483E-6
0.88952474774502287E-6
0.25750201374628167E-5
0.25906817919579546E-5
0.25327574925349200E-5
0.25958892817072937E-5
0.26434879833125716E-5
0.26349888555502700E-5
0.26559884483050743E-5
0.26296081341028593E-5
0.25260159732236754E-5
0.25687694403311437E-5
0.25015855612608569E-5
0.25093923966933952E-5
0.25368018867113610E-5
0.25145874092659395E-5
0.25171825618916165E-5
0.25787685839542329E-5
0.25750201374628141E-5
0.25327574925349158E-5
0.25906817919579555E-5
0.25958892817072911E-5
0.25368018867113602E-5
0.25787685839542401E-5
0.25171825618916063E-5
0.25145874092659370E-5
0.25260159732236758E-5
0.25093923966933880E-5
0.25015855612608649E-5
0.25687694403311335E-5
0.26434879833125728E-5
0.26296081341028669E-5
0.26559884483050738E-5
0.26349888555502674E-5
0.37692217446916871E-5
0.37908646386601616E-5
0.37049231040178566E-5
0.37979506443975058E-5
0.38573963058706543E-5
0.38493935220990689E-5
0.38629336563236699E-5
0.38424982410881777E-5
0.36937976180684527E-5
0.37604454859959788E-5
0.36527837280209241E-5
0.36660067935563140E-5
0.37115567771194524E-5
0.36747456223076138E-5
0.36790928112408999E-5
0.37744469360752672E-5
0.37692217446916841E-5
0.37049231040178532E-5
0.37908646386601655E-5
0.37979506443974994E-5
0.37115567771194481E-5
0.37744469360752824E-5
0.36790928112408804E-5
0.36747456223076113E-5
0.36937976180684510E-5
0.36660067935563009E-5
0.36527837280209376E-5
0.37604454859959640E-5
0.38573963058706552E-5
0.38424982410881905E-5
0.38629336563236657E-5
0.38493935220990655E-5
0.48680216376935398E-5
0.49134068335384114E-5
0.47399776706784074E-5
0.49284762338473158E-5
0.50702647516909715E-5
0.50411887604510815E-5
0.51202278102896035E-5
0.50257294452882589E-5
0.47186870676284832E-5
0.48498849549294749E-5
0.46415144089446028E-5
0.46661756426580479E-5
0.47527479812910648E-5
0.46825867900658276E-5
0.46907847914729159E-5
0.48788920461390465E-5
0.48680216376935373E-5
0.47399776706783955E-5
0.49134068335384114E-5
0.49284762338473091E-5
0.47527479812910555E-5
0.48788920461390601E-5
0.46907847914728888E-5
0.46825867900658217E-5
0.47186870676284764E-5
0.46661756426580275E-5
0.46415144089446231E-5
0.48498849549294511E-5
0.50702647516909706E-5
0.50257294452882826E-5
0.51202278102896078E-5
0.50411887604510781E-5
0.50018706452662348E-5
0.50561049080132520E-5
0.48468357924750179E-5
0.50742287925478667E-5
0.52531406484553257E-5
0.52116161441842918E-5
0.53339028522961401E-5
0.51925826407941973E-5
0.48206329045328642E-5
0.49803449460672787E-5
0.47262794424241133E-5
0.47563244991481331E-5
0.48625883089461241E-5
0.47763737806575219E-5
0.47864057588195217E-5
0.50148126000943093E-5
0.50018706452662331E-5
0.48468357924749951E-5
0.50561049080132461E-5
0.50742287925478616E-5
0.48625883089461030E-5
0.50148126000943135E-5
0.47864057588194929E-5
0.47763737806575117E-5
0.48206329045328676E-5
0.47563244991481221E-5
0.47262794424241337E-5
0.49803449460672567E-5
0.52531406484553283E-5
0.51925826407942168E-5
0.53339028522961554E-5
0.52116161441842851E-5
0.50605380155293376E-5
0.50975938197115693E-5
0.49432275618875862E-5
0.51099333609638107E-5
0.52267097056493484E-5
0.52028149012510353E-5
0.52679814201772520E-5
0.51900128965502297E-5
0.49217446874854369E-5
0.50457742965031265E-5
0.48441100523613353E-5
0.48688793492277464E-5
0.49561268830825595E-5
0.48853828793270438E-5
0.48936332071911676E-5
0.50693988520152209E-5
0.50605380155293317E-5
0.49432275618875718E-5
0.50975938197115676E-5
0.51099333609638005E-5
0.49561268830825460E-5
0.50693988520152311E-5
0.48936332071911371E-5
0.48853828793270361E-5
0.49217446874854327E-5
0.48688793492277337E-5
0.48441100523613565E-5
0.50457742965031062E-5
0.52267097056493467E-5
0.51900128965502500E-5
0.52679814201772528E-5
0.52028149012510327E-5
0.50613426937812802E-5
0.51027852145513333E-5
0.49338021500033827E-5
0.51166211361632138E-5
0.52517920915410479E-5
0.52212968306162301E-5
0.53096369559383823E-5
0.52068163485857270E-5
0.49109400651583831E-5
0.50448773060392035E-5
0.48286632261219908E-5
0.48548549281297967E-5
0.49475490624245693E-5
0.48723368436958086E-5
0.48810854196642419E-5
0.50712376056739060E-5
0.50613426937812819E-5
0.49338021500033657E-5
0.51027852145513283E-5
0.51166211361632163E-5
0.49475490624245583E-5
0.50712376056739110E-5
0.48810854196642190E-5
0.48723368436957976E-5
0.49109400651583831E-5
0.48548549281297789E-5
0.48286632261220103E-5
0.50448773060391814E-5
0.52517920915410504E-5
0.52068163485857447E-5
0.53096369559383917E-5
0.52212968306162199E-5
0.54234497430336833E-5
0.54609420705832178E-5
0.53051948100969057E-5
0.54734613734482530E-5
0.55899636227181326E-5
0.55682238575519673E-5
0.56140211250266674E-5
0.55551088931052789E-5
0.52836124272085285E-5
0.54085560880908546E-5
0.52060008753635081E-5
0.52306975406801324E-5
0.53181758541634249E-5
0.52471866620060262E-5
0.52554399630016525E-5
0.54324006944637142E-5
0.54234497430336807E-5
0.53051948100968896E-5
0.54609420705832119E-5
0.54734613734482479E-5
0.53181758541634113E-5
0.54324006944637218E-5
0.52554399630016237E-5
0.52471866620060169E-5
0.52836124272085242E-5
0.52306975406801223E-5
0.52060008753635259E-5
0.54085560880908343E-5
0.55899636227181300E-5
0.55551088931052916E-5
0.56140211250266682E-5
0.55682238575519639E-5
0.53646555885072803E-5
0.53895732304837487E-5
0.52811710063401248E-5
0.53978800732454147E-5
0.54779590164285456E-5
0.54605526907172277E-5
0.55179334485807659E-5
0.54518993915642022E-5
0.52652591526994132E-5
0.53547396984689441E-5
0.52078432011551966E-5
0.52261470837044134E-5
0.52907301957954067E-5
0.52383503915878153E-5
0.52444532687421303E-5
0.53706101003960486E-5
0.53646555885072845E-5
0.52811710063401113E-5
0.53895732304837487E-5
0.53978800732454079E-5
0.52907301957953957E-5
0.53706101003960579E-5
0.52444532687421108E-5
0.52383503915878077E-5
0.52652591526994149E-5
0.52261470837044015E-5
0.52078432011552101E-5
0.53547396984689297E-5
0.54779590164285490E-5
0.54518993915642140E-5
0.55179334485807727E-5
0.54605526907172243E-5
0.58597215289528436E-5
0.58857977383289204E-5
0.57748202924127080E-5
0.58945154630427268E-5
0.59761736229238070E-5
0.59606804344553813E-5
0.60006985045448180E-5
0.59515040449340338E-5
0.57589631737288214E-5
0.58493756109663601E-5
0.57020101964432836E-5
0.57201213732624176E-5
0.57843619633533722E-5
0.57322196542957579E-5
0.57382770485923381E-5
0.58659427811446666E-5
0.58597215289528385E-5
0.57748202924126970E-5
0.58857977383289187E-5
0.58945154630427251E-5
0.57843619633533646E-5
0.58659427811446691E-5
0.57382770485923169E-5
0.57322196542957512E-5
0.57589631737288138E-5
0.57201213732624083E-5
0.57020101964432997E-5
0.58493756109663474E-5
0.59761736229238070E-5
0.59515040449340473E-5
0.60006985045448197E-5
0.59606804344553763E-5
0.61521401225283965E-5
0.61647349345369320E-5
0.61038640456228530E-5
0.61689753221785924E-5
0.62041623558995462E-5
0.62016352755325510E-5
0.62002895393193475E-5
0.61970560949380667E-5
0.60938449391433269E-5
0.61471801988686227E-5
0.60578973457541245E-5
0.60693225970962977E-5
0.61098950887541140E-5
0.60769578303466907E-5
0.60807816254140289E-5
0.61551328330923848E-5
0.61521401225283931E-5
0.61038640456228462E-5
0.61647349345369328E-5
0.61689753221785874E-5
0.61098950887541140E-5
0.61551328330923958E-5
0.60807816254140094E-5
0.60769578303466839E-5
0.60938449391433244E-5
0.60693225970962850E-5
0.60578973457541398E-5
0.61471801988686168E-5
0.62041623558995428E-5
0.61970560949380811E-5
0.62002895393193501E-5
0.62016352755325569E-5
0.68079431343865584E-5
0.68117568635782453E-5
0.67831077770071304E-5
0.68131047870546325E-5
0.68206671260083705E-5
0.68245275088132006E-5
0.68043871496812545E-5
0.68228175331850717E-5
0.67767698123686654E-5
0.68065204673358534E-5
0.67543125067135500E-5
0.67614022702703053E-5
0.67869395366376884E-5
0.67661650354785584E-5
0.67685577594521407E-5
0.68088233401190601E-5
0.68079431343865584E-5
0.67831077770071270E-5
0.68117568635782462E-5
0.68131047870546325E-5
0.67869395366376850E-5
0.68088233401190669E-5
0.67685577594521272E-5
0.67661650354785635E-5
0.67767698123686654E-5
0.67614022702703095E-5
0.67543125067135534E-5
0.68065204673358450E-5
0.68206671260083705E-5
0.68228175331850717E-5
0.68043871496812435E-5
0.68245275088131964E-5
0.75820770505632034E-5
0.75677826060220817E-5
0.76054321469740612E-5
0.75631941279038030E-5
0.75115665970094030E-5
0.75314682048869918E-5
0.74544459911245907E-5
0.75355423560884929E-5
0.76065973043218112E-5
0.75879850744046707E-5
0.76117395735687028E-5
0.76099424852648694E-5
0.76047872691007274E-5
0.76088259482971591E-5
0.76082922376146539E-5
0.75785891269144715E-5
0.75820770505632076E-5
0.76054321469740612E-5
0.75677826060220817E-5
0.75631941279038030E-5
0.76047872691007350E-5
0.75785891269144833E-5
0.76082922376146539E-5
0.76088259482971625E-5
0.76065973043218112E-5
0.76099424852648651E-5
0.76117395735687070E-5
0.75879850744046741E-5
0.75115665970094030E-5
0.75355423560884887E-5
0.74544459911245789E-5
0.75314682048869876E-5
0.83608829967630026E-5
0.83206523429827242E-5
0.84505761540101861E-5
0.83073390650090309E-5
0.81619859664962038E-5
0.82085216524357422E-5
0.80574066007235944E-5
0.82219921738383709E-5
0.84618059315842702E-5
0.83770142977036405E-5
0.85027468375186886E-5
0.84896247211303374E-5
0.84438545130828756E-5
0.84809124775967489E-5
0.84765664950647518E-5
0.83512291994430350E-5
0.83608829967630026E-5
0.84505761540101946E-5
0.83206523429827309E-5
0.83073390650090275E-5
0.84438545130828875E-5
0.83512291994430401E-5
0.84765664950647637E-5
0.84809124775967506E-5
0.84618059315842635E-5
0.84896247211303408E-5
0.85027468375186801E-5
0.83770142977036575E-5
0.81619859664961954E-5
0.82219921738383641E-5
0.80574066007235774E-5
0.82085216524357455E-5
0.91871626976714011E-5
0.91345893102306100E-5
0.93128060334823583E-5
0.91172080374367623E-5
0.89313467348192111E-5
0.89884717914186099E-5
0.87983701277778779E-5
0.90059908039454493E-5
0.93301948438844405E-5
0.92082634563594528E-5
0.93937497999717224E-5
0.93733529879097267E-5
0.93024072722622577E-5
0.93598244870789275E-5
0.93530801330997103E-5
0.91745404250496670E-5
0.91871626976714011E-5
0.93128060334823736E-5
0.91345893102306201E-5
0.91172080374367691E-5
0.93024072722622729E-5
0.91745404250496653E-5
0.93530801330997289E-5
0.93598244870789360E-5
0.93301948438844422E-5
0.93733529879097385E-5
0.93937497999717139E-5
0.92082634563594698E-5
0.89313467348192162E-5
0.90059908039454273E-5
0.87983701277778575E-5
0.89884717914186251E-5
0.99141148194868959E-5
0.98405098828928169E-5
0.10095554051655680E-4
0.98160793075701890E-5
0.95552164431934488E-5
0.96335728519799030E-5
0.93745395915304746E-5
0.96585756458747087E-5
0.10121690717436448E-4
0.99435365740675480E-5
0.10202003070807387E-4
0.10176359128843182E-4
0.10079876040260761E-4
0.10159299632906454E-4
0.10150779551642352E-4
0.98964824111638821E-5
0.99141148194868959E-5
0.10095554051655702E-4
0.98405098828928304E-5
0.98160793075702043E-5
0.10079876040260775E-4
0.98964824111638872E-5
0.10150779551642364E-4
0.10159299632906457E-4
0.10121690717436450E-4
0.10176359128843197E-4
0.10202003070807375E-4
0.99435365740675768E-5
0.95552164431934488E-5
0.96585756458746799E-5
0.93745395915304441E-5
0.96335728519799115E-5
0.10199762349352982E-4
0.10128957040302934E-4
0.10376135371124982E-4
0.10105428062759700E-4
0.98546872991128447E-5
0.99291784238763961E-5
0.96834326467077379E-5
0.99533768285484128E-5
0.10401905028244856E-4
0.10228031595083808E-4
0.10507633499502676E-4
0.10473852572315695E-4
0.10360673460277555E-4
0.10451355023879729E-4
0.10440111505306565E-4
0.10182811675281251E-4
0.10199762349352982E-4
0.10376135371125004E-4
0.10128957040302930E-4
0.10105428062759708E-4
0.10360673460277577E-4
0.10182811675281256E-4
0.10440111505306602E-4
0.10451355023879742E-4
0.10401905028244872E-4
0.10473852572315712E-4
0.10507633499502659E-4
0.10228031595083833E-4
0.98546872991128363E-5
0.99533768285483908E-5
0.96834326467077091E-5
0.99291784238764097E-5
0.10594161871432349E-4
0.10521674532348319E-4
0.10774645968206108E-4
0.10497558464311984E-4
0.10240545599841306E-4
0.10316440855007628E-4
0.10066341182023622E-4
0.10341358355396667E-4
0.10801013163016240E-4
0.10623068020120537E-4
0.10896289830567195E-4
0.10865894065096790E-4
0.10758813719992125E-4
0.10845640346087440E-4
0.10835514924302921E-4
0.10576819920110863E-4
0.10594161871432340E-4
0.10774645968206120E-4
0.10521674532348330E-4
0.10497558464311990E-4
0.10758813719992144E-4
0.10576819920110841E-4
0.10835514924302943E-4
0.10845640346087455E-4
0.10801013163016227E-4
0.10865894065096804E-4
0.10896289830567161E-4
0.10623068020120581E-4
0.10240545599841299E-4
0.10341358355396638E-4
0.10066341182023597E-4
0.10316440855007635E-4
0.10854565744845919E-4
0.10766726661819679E-4
0.11044178627344879E-4
0.10737515836100132E-4
0.10427521500915265E-4
0.10518381846041496E-4
0.10220184895188026E-4
0.10548500678228836E-4
0.11070387975592807E-4
0.10889608142660411E-4
0.11165097642996792E-4
0.11134881729588794E-4
0.11028441113180979E-4
0.11114748507266753E-4
0.11104683474472415E-4
0.10833546151125643E-4
0.10854565744845924E-4
0.11044178627344888E-4
0.10766726661819689E-4
0.10737515836100143E-4
0.11028441113181003E-4
0.10833546151125638E-4
0.11104683474472452E-4
0.11114748507266767E-4
0.11070387975592826E-4
0.11134881729588831E-4
0.11165097642996765E-4
0.10889608142660443E-4
0.10427521500915272E-4
0.10548500678228804E-4
0.10220184895187985E-4
0.10518381846041508E-4
0.10535074350565245E-4
0.10463936010670874E-4
0.10742190028412952E-4
0.10440242854727190E-4
0.10190050712459399E-4
0.10261873173405354E-4
0.10027355346298474E-4
0.10286458469157771E-4
0.10774584702031476E-4
0.10563410533262006E-4
0.10891640870848560E-4
0.10854297748505865E-4
0.10722738939092735E-4
0.10829414115653076E-4
0.10816973950390594E-4
0.10518065649785362E-4
0.10535074350565247E-4
0.10742190028412981E-4
0.10463936010670870E-4
0.10440242854727195E-4
0.10722738939092752E-4
0.10518065649785352E-4
0.10816973950390622E-4
0.10829414115653093E-4
0.10774584702031476E-4
0.10854297748505875E-4
0.10891640870848534E-4
0.10563410533262052E-4
0.10190050712459381E-4
0.10286458469157749E-4
0.10027355346298452E-4
0.10261873173405364E-4
0.10451026431274425E-4
0.10385597845943800E-4
0.10619746036522036E-4
0.10363771839491093E-4
0.10134565738678121E-4
0.10198881711385293E-4
0.99902352540387406E-5
0.10221671085381642E-4
0.10645491348781605E-4
0.10477045826586507E-4
0.10738392426435734E-4
0.10708775608213312E-4
0.10604279392912891E-4
0.10689030166090870E-4
0.10679155538517437E-4
0.10435396865242505E-4
0.10451026431274443E-4
0.10619746036522055E-4
0.10385597845943810E-4
0.10363771839491103E-4
0.10604279392912896E-4
0.10435396865242491E-4
0.10679155538517479E-4
0.10689030166090876E-4
0.10645491348781598E-4
0.10708775608213336E-4
0.10738392426435708E-4
0.10477045826586544E-4
0.10134565738678128E-4
0.10221671085381595E-4
0.99902352540387237E-5
0.10198881711385303E-4
0.10280408399776462E-4
0.10220540430177357E-4
0.10437908383786516E-4
0.10200532505451862E-4
0.99918333764649166E-5
0.10048780953616453E-4
0.98658489516420915E-5
0.10069817141301241E-4
0.10462491136031195E-4
0.10304170516134758E-4
0.10551000841170666E-4
0.10522817079608775E-4
0.10423128659129683E-4
0.10504009921288154E-4
0.10494599353787083E-4
0.10266122198313627E-4
0.10280408399776453E-4
0.10437908383786535E-4
0.10220540430177371E-4
0.10200532505451862E-4
0.10423128659129701E-4
0.10266122198313612E-4
0.10494599353787109E-4
0.10504009921288153E-4
0.10462491136031212E-4
0.10522817079608791E-4
0.10551000841170642E-4
0.10304170516134790E-4
0.99918333764649132E-5
0.10069817141301221E-4
0.98658489516420762E-5
0.10048780953616461E-4
0.99174678199265505E-5
0.98495097749891570E-5
0.10100562716146584E-4
0.98268845034048776E-5
0.95946132091973480E-5
0.96567381822043281E-5
0.94603816575622850E-5
0.96801676827782737E-5
0.10129728171006717E-4
0.99445464793405784E-5
0.10235029720901763E-4
0.10201451117787397E-4
0.10083045589374660E-4
0.10179068411906930E-4
0.10167876269059994E-4
0.99012162864522294E-5
0.99174678199265657E-5
0.10100562716146610E-4
0.98495097749891536E-5
0.98268845034048844E-5
0.10083045589374677E-4
0.99012162864522344E-5
0.10167876269060028E-4
0.10179068411906941E-4
0.10129728171006717E-4
0.10201451117787410E-4
0.10235029720901734E-4
0.99445464793406072E-5
0.95946132091973480E-5
0.96801676827782432E-5
0.94603816575622511E-5
0.96567381822043484E-5
0.95948094378237711E-5
0.95493598933801404E-5
0.97213319273169181E-5
0.95341607774165797E-5
0.93786345913471718E-5
0.94187197830759649E-5
0.92935087048830499E-5
0.94347397105290524E-5
0.97422085246408335E-5
0.96128365936980972E-5
0.98173106833297719E-5
0.97934070044336103E-5
0.97087767197546717E-5
0.97774503723886288E-5
0.97694644432338151E-5
0.95839678778732015E-5
0.95948094378237661E-5
0.97213319273169435E-5
0.95493598933801591E-5
0.95341607774166001E-5
0.97087767197546649E-5
0.95839678778731744E-5
0.97694644432338405E-5
0.97774503723886475E-5
0.97422085246408470E-5
0.97934070044336221E-5
0.98173106833297532E-5
0.96128365936981328E-5
0.93786345913471718E-5
0.94347397105290457E-5
0.92935087048830499E-5
0.94187197830759632E-5
0.94645078865589043E-5
0.94236994344133524E-5
0.95810433532611143E-5
0.94100544430565013E-5
0.92697198894451039E-5
0.93064562267752748E-5
0.91913369548752370E-5
0.93208282844010280E-5
0.96007177090896618E-5
0.94806965718609244E-5
0.96715038666446250E-5
0.96489725800493637E-5
0.95692118049555369E-5
0.96339327016395202E-5
0.96264057979468003E-5
0.94547726134863462E-5
0.94645078865589043E-5
0.95810433532611211E-5
0.94236994344133457E-5
0.94100544430564911E-5
0.95692118049555453E-5
0.94547726134863377E-5
0.96264057979468223E-5
0.96339327016395286E-5
0.96007177090896618E-5
0.96489725800493790E-5
0.96715038666446216E-5
0.94806965718609430E-5
0.92697198894451090E-5
0.93208282844010094E-5
0.91913369548752319E-5
0.93064562267752901E-5
0.93596729247904138E-5
0.93227398456774605E-5
0.94669921176069985E-5
0.93104030806315274E-5
0.91821634151837620E-5
0.92169402148734385E-5
0.91064395880190470E-5
0.92298848698229048E-5
0.94853515374596320E-5
0.93743396768524587E-5
0.95513801789156507E-5
0.95303678146248373E-5
0.94559498384909785E-5
0.95163394171696920E-5
0.95093180060862585E-5
0.93508571023892863E-5
0.93596729247904274E-5
0.94669921176070154E-5
0.93227398456774554E-5
0.93104030806315376E-5
0.94559498384909972E-5
0.93508571023892745E-5
0.95093180060862890E-5
0.95163394171696988E-5
0.94853515374596320E-5
0.95303678146248441E-5
0.95513801789156338E-5
0.93743396768524706E-5
0.91821634151837518E-5
0.92298848698228844E-5
0.91064395880190301E-5
0.92169402148734470E-5
0.92815177126567460E-5
0.92476419406265861E-5
0.93798034041535811E-5
0.92363383784167691E-5
0.91170497747097150E-5
0.91508965771970322E-5
0.90413294470121396E-5
0.91627100239598213E-5
0.93965592183773236E-5
0.92949852775678863E-5
0.94567811395860038E-5
0.94376234348794838E-5
0.93697233615430292E-5
0.94248297109302543E-5
0.94184252140454743E-5
0.92734267751037881E-5
0.92815177126567477E-5
0.93798034041535963E-5
0.92476419406265844E-5
0.92363383784167776E-5
0.93697233615430360E-5
0.92734267751037864E-5
0.94184252140454811E-5
0.94248297109302611E-5
0.93965592183773354E-5
0.94376234348794990E-5
0.94567811395859885E-5
0.92949852775679117E-5
0.91170497747097235E-5
0.91627100239598027E-5
0.90413294470121328E-5
0.91508965771970306E-5
0.92214582722695945E-5
0.91899123632981649E-5
0.93107481855213846E-5
0.91775921610099245E-5
0.90293068195705889E-5
0.90732140567311935E-5
0.89287378994232303E-5
0.90875722237315635E-5
0.93256184553163099E-5
0.92340138031334596E-5
0.93790691638500803E-5
0.93620645743322581E-5
0.93018027919281026E-5
0.93507092031265422E-5
0.93450248874976967E-5
0.92139191583571059E-5
0.92214582722695962E-5
0.93107481855213914E-5
0.91899123632981784E-5
0.91775921610099178E-5
0.93018027919281161E-5
0.92139191583571127E-5
0.93450248874977120E-5
0.93507092031265405E-5
0.93256184553163031E-5
0.93620645743322547E-5
0.93790691638500583E-5
0.92340138031334748E-5
0.90293068195705804E-5
0.90875722237315465E-5
0.89287378994232083E-5
0.90732140567312020E-5
0.91327011660465496E-5
0.90938210848621829E-5
0.92366397409859865E-5
0.90824594488374811E-5
0.89731807269692654E-5
0.90070385158625781E-5
0.88934751016845151E-5
0.90174712464261708E-5
0.92530462199418102E-5
0.91481802160212929E-5
0.93006684112750702E-5
0.92867711325952554E-5
0.92267751858178844E-5
0.92774787819571833E-5
0.92728235689227707E-5
0.91234075441986877E-5
0.91327011660465360E-5
0.92366397409859984E-5
0.90938210848621846E-5
0.90824594488374947E-5
0.92267751858178810E-5
0.91234075441986792E-5
0.92728235689228029E-5
0.92774787819571935E-5
0.92530462199418102E-5
0.92867711325952605E-5
0.93006684112750651E-5
0.91481802160212929E-5
0.89731807269692772E-5
0.90174712464261573E-5
0.88934751016844982E-5
0.90070385158625916E-5
0.89869116347766961E-5
0.89624676566255742E-5
0.90496590529528240E-5
0.89542899419293262E-5
0.88627168135690263E-5
0.88921391561419459E-5
0.87918054332818315E-5
0.89007671365018100E-5
0.90591527277005976E-5
0.89966026327535711E-5
0.91031284112900944E-5
0.90880610243355635E-5
0.90439353238566852E-5
0.90779953634088590E-5
0.90729555953355480E-5
0.89810821669872806E-5
0.89869116347766961E-5
0.90496590529528206E-5
0.89624676566255895E-5
0.89542899419293381E-5
0.90439353238566902E-5
0.89810821669872806E-5
0.90729555953355565E-5
0.90779953634088742E-5
0.90591527277005976E-5
0.90880610243355804E-5
0.91031284112900876E-5
0.89966026327536067E-5
0.88627168135690077E-5
0.89007671365018100E-5
0.87918054332818383E-5
0.88921391561419459E-5
0.87639928364609029E-5
0.87467395716671868E-5
0.88045137847879560E-5
0.87409335997879990E-5
0.86729602048255470E-5
0.86962690004630681E-5
0.86147706854348891E-5
0.87025252940286193E-5
0.88100377088747431E-5
0.87707904418225599E-5
0.88295048225383841E-5
0.88233776872469001E-5
0.88011682166157409E-5
0.88192517412051875E-5
0.88171760382910140E-5
0.87598921335778365E-5
0.87639928364609250E-5
0.88045137847879763E-5
0.87467395716671749E-5
0.87409335997879990E-5
0.88011682166157392E-5
0.87598921335778450E-5
0.88171760382910242E-5
0.88192517412051858E-5
0.88100377088747448E-5
0.88233776872469086E-5
0.88295048225383757E-5
0.87707904418225820E-5
0.86729602048255368E-5
0.87025252940286091E-5
0.86147706854348688E-5
0.86962690004630664E-5
0.84120478089747205E-5
0.84053975713517116E-5
0.84222954192905080E-5
0.84030983713865174E-5
0.83704003448663698E-5
0.83844149484192459E-5
0.83318138126343050E-5
0.83871356068347801E-5
0.84210480861515931E-5
0.84145919462486144E-5
0.84040631729635707E-5
0.84095750112830801E-5
0.84219848531277419E-5
0.84131999100989886E-5
0.84149974929335596E-5
0.84104921337158974E-5
0.84120478089747205E-5
0.84222954192904978E-5
0.84053975713517116E-5
0.84030983713865174E-5
0.84219848531277317E-5
0.84104921337158889E-5
0.84149974929335494E-5
0.84131999100989682E-5
0.84210480861516033E-5
0.84095750112830903E-5
0.84040631729635808E-5
0.84145919462486229E-5
0.83704003448663698E-5
0.83871356068347615E-5
0.83318138126343084E-5
0.83844149484192459E-5
0.78973282492857110E-5
0.79151112677230656E-5
0.78432421897676772E-5
0.79190036768460488E-5
0.79263528810869934E-5
0.79288525145135704E-5
0.79134646040295094E-5
0.79276469644287857E-5
0.78352360449797612E-5
0.78901169763947968E-5
0.78163128382168584E-5
0.78224300023155342E-5
0.78489241420390000E-5
0.78264646854573657E-5
0.78284692025766638E-5
0.79016222616273652E-5
0.78973282492857110E-5
0.78432421897676602E-5
0.79151112677230571E-5
0.79190036768460488E-5
0.78489241420389830E-5
0.79016222616273652E-5
0.78284692025766638E-5
0.78264646854573657E-5
0.78352360449797612E-5
0.78224300023155173E-5
0.78163128382168584E-5
0.78901169763947968E-5
0.79263528810870018E-5
0.79276469644287941E-5
0.79134646040295009E-5
0.79288525145135619E-5
0.72392393255531958E-5
0.72561212331743991E-5
0.71868882636923394E-5
0.72633622754765418E-5
0.73546149384003023E-5
0.73321556430947305E-5
0.73911210587347623E-5
0.73228475723949450E-5
0.71775309179347497E-5
0.72324214379935833E-5
0.71434077831496284E-5
0.71543453956861245E-5
0.71924882485244166E-5
0.71616071075405830E-5
0.71652293856430952E-5
0.72433064397055597E-5
0.72392393255531958E-5
0.71868882636923326E-5
0.72561212331744068E-5
0.72633622754765427E-5
0.71924882485244242E-5
0.72433064397055597E-5
0.71652293856430884E-5
0.71616071075405771E-5
0.71775309179347488E-5
0.71543453956861321E-5
0.71434077831496208E-5
0.72324214379935910E-5
0.73546149384002947E-5
0.73228475723949450E-5
0.73911210587347691E-5
0.73321556430947449E-5
0.65550822732013216E-5
0.65816001813636985E-5
0.64780287421385516E-5
0.65903431930863801E-5
0.66754570375968844E-5
0.66546758140433390E-5
0.67231098370558822E-5
0.66459684734514464E-5
0.64649535338256020E-5
0.65444102257808565E-5
0.64173690924843265E-5
0.64326056264004373E-5
0.64858594908997068E-5
0.64427296094118430E-5
0.64477821259288214E-5
0.65614585131380693E-5
0.65550822732013216E-5
0.64780287421385466E-5
0.65816001813636875E-5
0.65903431930863801E-5
0.64858594908996881E-5
0.65614585131380566E-5
0.64477821259288163E-5
0.64427296094118328E-5
0.64649535338256147E-5
0.64326056264004195E-5
0.64173690924843443E-5
0.65444102257808565E-5
0.66754570375968844E-5
0.66459684734514464E-5
0.67231098370558814E-5
0.66546758140433255E-5
0.58328885341044771E-5
0.58663718537520337E-5
0.57381829903371995E-5
0.58774654477932910E-5
0.59890560848531472E-5
0.59599945359531644E-5
0.60497611136640357E-5
0.59487263656751989E-5
0.57224276481413554E-5
0.58194800272070847E-5
0.56652539473729627E-5
0.56835341641698823E-5
0.57476288569674026E-5
0.56956941669458162E-5
0.57017669926599690E-5
0.58409176698995514E-5
0.58328885341044771E-5
0.57381829903371910E-5
0.58663718537520142E-5
0.58774654477932910E-5
0.57476288569673941E-5
0.58409176698995540E-5
0.57017669926599495E-5
0.56956941669458078E-5
0.57224276481413554E-5
0.56835341641698629E-5
0.56652539473729813E-5
0.58194800272070737E-5
0.59890560848531472E-5
0.59487263656752192E-5
0.60497611136640543E-5
0.59599945359531762E-5
0.50617930352283497E-5
0.51121072358805304E-5
0.49234268395973952E-5
0.51288256547601613E-5
0.52718959210751456E-5
0.52346473000451874E-5
0.53522476051341802E-5
0.52209670905705990E-5
0.49009763247369952E-5
0.50417068398662499E-5
0.48198277826845265E-5
0.48457182209496786E-5
0.49369047211507869E-5
0.48629694678486637E-5
0.48715935057572946E-5
0.50738379663180180E-5
0.50617930352283599E-5
0.49234268395973757E-5
0.51121072358805338E-5
0.51288256547601519E-5
0.49369047211507572E-5
0.50738379663180112E-5
0.48715935057572683E-5
0.48629694678486603E-5
0.49009763247369918E-5
0.48457182209496727E-5
0.48198277826845324E-5
0.50417068398662304E-5
0.52718959210751456E-5
0.52209670905705990E-5
0.53522476051342047E-5
0.52346473000451671E-5
0.42767706444446238E-5
0.43208561937176243E-5
0.41532437472863529E-5
0.43354888875315905E-5
0.45124609287098459E-5
0.44618280608476419E-5
0.46238890647143072E-5
0.44437890222890219E-5
0.41328596308896897E-5
0.42591503499523700E-5
0.40590960579408421E-5
0.40826446886432665E-5
0.41654762816208870E-5
0.40983280658858837E-5
0.41061660725831470E-5
0.42873311648762306E-5
0.42767706444446145E-5
0.41532437472863444E-5
0.43208561937176192E-5
0.43354888875315854E-5
0.41654762816208819E-5
0.42873311648762348E-5
0.41061660725831334E-5
0.40983280658858616E-5
0.41328596308896897E-5
0.40826446886432487E-5
0.40590960579408641E-5
0.42591503499523649E-5
0.45124609287098459E-5
0.44437890222890304E-5
0.46238890647143360E-5
0.44618280608476461E-5
0.36070798345788514E-5
0.36603678530768804E-5
0.34610937358289192E-5
0.36773956735149855E-5
0.38337858606080371E-5
0.37909668993485944E-5
0.39273717345948645E-5
0.37753716105152040E-5
0.34375145849200972E-5
0.35858294401110144E-5
0.33525154661456313E-5
0.33795965576240489E-5
0.34752629196898387E-5
0.33976605827943861E-5
0.34066968725505778E-5
0.36198289817337754E-5
0.36070798345788552E-5
0.34610937358289001E-5
0.36603678530768647E-5
0.36773956735149855E-5
0.34752629196898239E-5
0.36198289817337716E-5
0.34066968725505553E-5
0.33976605827943751E-5
0.34375145849201006E-5
0.33795965576240311E-5
0.33525154661456465E-5
0.35858294401109987E-5
0.38337858606080371E-5
0.37753716105152201E-5
0.39273717345948891E-5
0.37909668993485906E-5
0.29356966618346902E-5
0.29830368701730893E-5
0.28072482676640631E-5
0.29994183508454743E-5
0.31871053039906446E-5
0.31351670713030940E-5
0.33015691224882771E-5
0.31164845470109505E-5
0.27866896836544082E-5
0.29168305836951348E-5
0.27126533741849585E-5
0.27362284992467380E-5
0.28196063440573266E-5
0.27519609155831604E-5
0.27598328885481748E-5
0.29470188527938601E-5
0.29356966618346902E-5
0.28072482676640538E-5
0.29830368701730838E-5
0.29994183508454646E-5
0.28196063440573100E-5
0.29470188527938576E-5
0.27598328885481588E-5
0.27519609155831482E-5
0.27866896836544014E-5
0.27362284992467215E-5
0.27126533741849725E-5
0.29168305836951251E-5
0.31871053039906404E-5
0.31164845470109675E-5
0.33015691224882902E-5
0.31351670713030800E-5
0.24106347814011935E-5
0.24622443659004793E-5
0.22736757609920120E-5
0.24794398165926536E-5
0.26578432986142263E-5
0.26089091612075008E-5
0.27637737232877716E-5
0.25910681371168859E-5
0.22522316517031339E-5
0.23900886661835935E-5
0.21751198258060073E-5
0.21996553990811474E-5
0.22865729306179306E-5
0.22160384635775527E-5
0.22242389589053358E-5
0.24229709820939579E-5
0.24106347814011998E-5
0.22736757609919960E-5
0.24622443659004623E-5
0.24794398165926536E-5
0.22865729306179183E-5
0.24229709820939642E-5
0.22242389589053134E-5
0.22160384635775404E-5
0.22522316517031402E-5
0.21996553990811318E-5
0.21751198258060234E-5
0.23900886661835749E-5
0.26578432986142263E-5
0.25910681371169049E-5
0.27637737232877894E-5
0.26089091612074945E-5
0.19645079557104533E-5
0.20105572112460590E-5
0.18441663964520796E-5
0.20259208343711160E-5
0.21682058594144041E-5
0.21299662017826898E-5
0.22528329487955600E-5
0.21155717092787288E-5
0.18255119749664372E-5
0.19462678030397001E-5
0.17586057743134210E-5
0.17798667543110930E-5
0.18553970338064048E-5
0.17940769384214924E-5
0.18011941392533476E-5
0.19754844665742500E-5
0.19645079557104533E-5
0.18441663964520654E-5
0.20105572112460560E-5
0.20259208343711130E-5
0.18553970338063963E-5
0.19754844665742445E-5
0.18011941392533222E-5
0.17940769384214809E-5
0.18255119749664315E-5
0.17798667543110845E-5
0.17586057743134350E-5
0.19462678030396857E-5
0.21682058594144041E-5
0.21155717092787440E-5
0.22528329487955816E-5
0.21299662017826839E-5
0.15554172780611740E-5
0.15947127670694838E-5
0.14520155342280933E-5
0.16079195592819910E-5
0.17631576095536986E-5
0.17200965870952358E-5
0.18587368568991898E-5
0.17044783356553295E-5
0.14358932244353119E-5
0.15398578133495390E-5
0.13776742522377464E-5
0.13965509551267292E-5
0.14617320125260528E-5
0.14087808414796642E-5
0.14149126396874217E-5
0.15647831249345653E-5
0.15554172780611740E-5
0.14520155342280808E-5
0.15947127670694762E-5
0.16079195592819910E-5
0.14617320125260424E-5
0.15647831249345653E-5
0.14149126396874094E-5
0.14087808414796519E-5
0.14358932244353119E-5
0.13965509551267148E-5
0.13776742522377621E-5
0.15398578133495263E-5
0.17631576095537094E-5
0.17044783356553371E-5
0.18587368568992087E-5
0.17200965870952335E-5
0.12915088357458367E-5
0.13238125733434341E-5
0.12052380844928010E-5
0.13346535517593566E-5
0.14419565288716365E-5
0.14127794292965796E-5
0.15065883818188911E-5
0.14020526315024050E-5
0.11915280460822016E-5
0.12787432837393798E-5
0.11429821378269259E-5
0.11580115702525615E-5
0.12134955191368607E-5
0.11684412478747061E-5
0.11736665362835221E-5
0.12991990515582024E-5
0.12915088357458318E-5
0.12052380844927915E-5
0.13238125733434307E-5
0.13346535517593566E-5
0.12134955191368495E-5
0.12991990515581975E-5
0.11736665362835062E-5
0.11684412478746965E-5
0.11915280460821967E-5
0.11580115702525503E-5
0.11429821378269322E-5
0.12787432837393604E-5
0.14419565288716414E-5
0.14020526315024033E-5
0.15065883818188799E-5
0.14127794292965891E-5
0.10656830031445189E-5
0.10916020530269219E-5
0.99568363642597370E-6
0.11003260155121124E-5
0.11759953476755768E-5
0.11560981564089440E-5
0.12201376578573268E-5
0.11487389055025259E-5
0.98443022860074394E-6
0.10554737420569557E-5
0.94434329242265740E-6
0.95703438774633515E-6
0.10024742363988560E-5
0.96554159106847531E-6
0.96980984000558568E-6
0.10718425556766634E-5
0.10656830031445202E-5
0.99568363642596460E-6
0.10916020530269206E-5
0.11003260155121033E-5
0.10024742363988516E-5
0.10718425556766725E-5
0.96980984000557425E-6
0.96554159106846981E-6
0.98443022860074839E-6
0.95703438774632054E-6
0.94434329242265846E-6
0.10554737420569557E-5
0.11759953476755768E-5
0.11487389055025193E-5
0.12201376578573112E-5
0.11560981564089409E-5
0.85948218627507634E-6
0.87661385598165451E-6
0.81134866757957552E-6
0.88237494230911119E-6
0.94992740440774820E-6
0.93056457129093829E-6
0.99403132957635464E-6
0.92362687908645562E-6
0.80332096917295274E-6
0.85272658894547480E-6
0.77465195183614619E-6
0.78374101186271123E-6
0.81618871995189326E-6
0.78982693552636896E-6
0.79287838689422466E-6
0.86355580828809674E-6
0.85948218627507634E-6
0.81134866757956790E-6
0.87661385598164498E-6
0.88237494230911119E-6
0.81618871995187537E-6
0.86355580828810531E-6
0.79287838689422381E-6
0.78982693552636811E-6
0.80332096917295274E-6
0.78374101186271123E-6
0.77465195183616387E-6
0.85272658894545690E-6
0.94992740440774820E-6
0.92362687908644207E-6
0.99403132957634342E-6
0.93056457129094338E-6
0.69160929563032118E-6
0.70753417495195723E-6
0.64766217313625008E-6
0.71291452644069764E-6
0.76522138498639608E-6
0.75217504283902993E-6
0.79291798294118402E-6
0.74673208510267914E-6
0.64044616286292275E-6
0.68536261556549047E-6
0.61490700225584834E-6
0.62296377175535284E-6
0.65202602137221181E-6
0.62837948353891116E-6
0.63110114071342122E-6
0.69538535346074448E-6
0.69160929563032255E-6
0.64766217313625664E-6
0.70753417495194770E-6
0.71291452644069108E-6
0.65202602137221975E-6
0.69538535346075243E-6
0.63110114071341200E-6
0.62837948353890195E-6
0.64044616286292275E-6
0.62296377175534490E-6
0.61490700225584834E-6
0.68536261556548899E-6
0.76522138498639608E-6
0.74673208510266845E-6
0.79291798294116750E-6
0.75217504283902591E-6
0.53834538943202164E-6
0.54837643743652921E-6
0.50948441065119431E-6
0.55175074022076472E-6
0.58686377878813117E-6
0.57585091148989356E-6
0.61326410886613804E-6
0.57254403886048870E-6
0.50458376955527615E-6
0.53439249761407264E-6
0.48716840075880590E-6
0.49267439457920656E-6
0.51244381493231801E-6
0.49636924391003361E-6
0.49822419777594026E-6
0.54072988864837065E-6
0.53834538943202164E-6
0.50948441065118574E-6
0.54837643743652921E-6
0.55175074022076472E-6
0.51244381493231801E-6
0.54072988864836197E-6
0.49822419777593274E-6
0.49636924391003266E-6
0.50458376955527615E-6
0.49267439457919163E-6
0.48716840075881341E-6
0.53439249761405634E-6
0.58686377878813117E-6
0.57254403886048828E-6
0.61326410886612692E-6
0.57585091148989726E-6
0.41076318901175341E-6
0.42020976833502110E-6
0.38449025981295264E-6
0.42338922527471341E-6
0.45085099026600168E-6
0.44423449161638142E-6
0.46552033953014486E-6
0.44177327163638467E-6
0.38017325175138073E-6
0.40704282278266457E-6
0.36490358292175059E-6
0.36971875073504844E-6
0.38710132816785400E-6
0.37295656292576630E-6
0.37458401036404512E-6
0.41300803418727071E-6
0.41076318901175341E-6
0.38449025981295190E-6
0.42020976833501305E-6
0.42338922527471341E-6
0.38710132816785326E-6
0.41300803418727071E-6
0.37458401036405227E-6
0.37295656292576555E-6
0.38017325175138073E-6
0.36971875073505553E-6
0.36490358292175773E-6
0.40704282278266457E-6
0.45085099026600168E-6
0.44177327163637879E-6
0.46552033953014401E-6
0.44423449161638412E-6
0.30024774275990626E-6
0.30547079124993354E-6
0.28543240638591014E-6
0.30723257666774911E-6
0.32886333941382862E-6
0.32211266126231693E-6
0.34412404916779628E-6
0.31966395088315692E-6
0.28294540248795019E-6
0.29819498839364039E-6
0.27413210030939464E-6
0.27691455019762088E-6
0.28693587031443086E-6
0.27878372272554271E-6
0.27972274226830188E-6
0.30148746745530033E-6
0.30024774275990626E-6
0.28543240638590962E-6
0.30547079124994042E-6
0.30723257666774911E-6
0.28693587031442403E-6
0.30148746745530033E-6
0.27972274226829452E-6
0.27878372272553588E-6
0.28294540248794966E-6
0.27691455019761458E-6
0.27413210030940142E-6
0.29819498839363351E-6
0.32886333941382921E-6
0.31966395088315295E-6
0.34412404916779067E-6
0.32211266126231873E-6
0.22260651851025114E-6
0.22656289826487235E-6
0.21112468904322178E-6
0.22790426171902355E-6
0.24132848715482324E-6
0.23776291751878865E-6
0.24917462159703883E-6
0.23639118840331374E-6
0.20897348083853199E-6
0.22106105309866735E-6
0.20142786726709470E-6
0.20379654620749772E-6
0.21242959483662332E-6
0.20539489476442657E-6
0.20619997687117201E-6
0.22354260424691428E-6
0.22260651851025114E-6
0.21112468904322795E-6
0.22656289826486537E-6
0.22790426171902355E-6
0.21242959483662369E-6
0.22354260424691428E-6
0.20619997687116550E-6
0.20539489476443274E-6
0.20897348083853199E-6
0.20379654620749772E-6
0.20142786726709470E-6
0.22106105309866735E-6
0.24132848715482324E-6
0.23639118840331152E-6
0.24917462159704185E-6
0.23776291751878984E-6
0.16556187204173630E-6
0.16885659297372564E-6
0.15704597859540054E-6
0.16996708541325408E-6
0.17986734027180847E-6
0.17796884750600229E-6
0.18386471517883477E-6
0.17701157610962869E-6
0.15592058926705893E-6
0.16426652021252917E-6
0.15195529779519623E-6
0.15320270561192811E-6
0.15772734565135047E-6
0.15404316031270961E-6
0.15446606718382265E-6
0.16634411915584700E-6
0.16556187204173630E-6
0.15704597859540031E-6
0.16885659297372564E-6
0.16996708541325408E-6
0.15772734565135073E-6
0.16634411915584674E-6
0.15446606718382866E-6
0.15404316031270987E-6
0.15592058926705893E-6
0.15320270561192811E-6
0.15195529779519623E-6
0.16426652021252891E-6
0.17986734027180847E-6
0.17701157610962702E-6
0.18386471517883252E-6
0.17796884750600305E-6
0.12382094204695941E-6
0.12472295324181482E-6
0.12111470264363470E-6
0.12503460112427267E-6
0.12942533559399520E-6
0.12755078390325209E-6
0.13369766403887856E-6
0.12704452318279665E-6
0.12063307296738599E-6
0.12347502657751747E-6
0.11895738230436759E-6
0.11948135914902681E-6
0.12140782920185209E-6
0.11983592556279117E-6
0.12001484914349070E-6
0.12403215291785753E-6
0.12382094204695941E-6
0.12111470264362888E-6
0.12472295324181460E-6
0.12503460112427267E-6
0.12140782920185209E-6
0.12403215291785753E-6
0.12001484914348470E-6
0.11983592556278495E-6
0.12063307296738599E-6
0.11948135914902681E-6
0.11895738230436740E-6
0.12347502657751747E-6
0.12942533559399499E-6
0.12704452318279577E-6
0.13369766403887737E-6
0.12755078390325842E-6
0.10305737628951763E-6
0.10370493941923019E-6
0.10115589957590106E-6
0.10392510668335059E-6
0.10609878875185544E-6
0.10552877598798423E-6
0.10730037451571607E-6
0.10530575239188309E-6
0.10082954420759693E-6
0.10280529056144136E-6
0.99701588610226917E-7
0.10005268199664351E-6
0.10135480347211225E-6
0.10029118553107254E-6
0.10041178555228363E-6
0.10321031771097031E-6
0.10305737628951763E-6
0.10115589957590106E-6
0.10370493941923003E-6
0.10392510668335059E-6
0.10135480347211209E-6
0.10321031771097031E-6
0.10041178555228347E-6
0.10029118553107239E-6
0.10082954420759693E-6
0.10005268199664337E-6
0.99701588610232859E-7
0.10280529056143533E-6
0.10609878875185544E-6
0.10530575239188273E-6
0.10730037451571544E-6
0.10552877598797874E-6
0.87316642288002225E-7
0.87565693650811296E-7
0.86575995246955171E-7
0.87650743209258248E-7
0.88510317419292256E-7
0.88268145841286441E-7
0.89057352159582683E-7
0.88181462629719441E-7
0.86349081516807429E-7
0.87220067085592919E-7
0.85552316146046935E-7
0.85802288192575987E-7
0.86654032122967399E-7
0.85971040233168724E-7
0.86056062656329210E-7
0.87375329543082231E-7
0.87316642288002225E-7
0.86575995246955436E-7
0.87565693650816735E-7
0.87650743209258248E-7
0.86654032122967399E-7
0.87375329543082231E-7
0.86056062656328958E-7
0.85971040233168472E-7
0.86349081516807429E-7
0.85802288192575987E-7
0.85552316146046935E-7
0.87220067085592919E-7
0.88510317419292256E-7
0.88181462629719202E-7
0.89057352159582431E-7
0.88268145841286441E-7
0.78401379181349953E-7
0.78505368954144828E-7
0.77607753762596541E-7
0.78529676579189435E-7
0.78764865102294545E-7
0.78691227478809543E-7
0.78936020342816263E-7
0.78669519681496429E-7
0.77581172970367641E-7
0.78283561177007093E-7
0.77495444366734842E-7
0.77521318566866277E-7
0.77682182247711125E-7
0.77539329542563519E-7
0.77548563627917294E-7
0.78449829061326661E-7
0.78401379181349953E-7
0.77607753762596316E-7
0.78505368954139296E-7
0.78529676579189435E-7
0.77682182247711125E-7
0.78449829061326661E-7
0.77548563627922549E-7
0.77539329542568999E-7
0.77581172970367641E-7
0.77521318566871531E-7
0.77495444366735067E-7
0.78283561177006868E-7
0.78764865102294545E-7
0.78669519681496324E-7
0.78936020342810797E-7
0.78691227478809596E-7
0.72044597604875599E-7
0.72205456173759204E-7
0.72156398073932982E-7
0.72268561274543858E-7
0.72508814726492302E-7
0.72461242784137410E-7
0.72635276293536538E-7
0.72452733655696825E-7
0.72182659870497863E-7
0.72054291236969790E-7
0.72283280489137422E-7
0.72250233993310336E-7
0.72140973663958481E-7
0.72228698875625730E-7
0.72218081145204418E-7
0.72060297353458607E-7
0.72044597604875599E-7
0.72156398073932982E-7
0.72205456173764591E-7
0.72268561274543660E-7
0.72140973663958481E-7
0.72060297353458607E-7
0.72218081145199084E-7
0.72228698875625531E-7
0.72182659870497863E-7
0.72250233993310336E-7
0.72283280489137422E-7
0.72054291236969790E-7
0.72508814726492500E-7
0.72452733655696825E-7
0.72635276293536737E-7
0.72461242784137410E-7
0.68829080359246075E-7
0.68770113250369201E-7
0.69051212628123809E-7
0.68750525734863778E-7
0.68797782402982458E-7
0.68821740632905456E-7
0.68752517961065170E-7
0.68835487817614607E-7
0.69096775758442318E-7
0.68852637227202898E-7
0.69262097427589812E-7
0.69209247239082213E-7
0.69023897453011240E-7
0.69174085752556929E-7
0.69156524587239044E-7
0.68814959661949692E-7
0.68829080359246075E-7
0.69051212628123809E-7
0.68770113250363946E-7
0.68750525734863778E-7
0.69023897453011240E-7
0.68814959661949692E-7
0.69156524587238846E-7
0.69174085752551714E-7
0.69096775758442318E-7
0.69209247239076999E-7
0.69262097427584597E-7
0.68852637227202699E-7
0.68797782402982458E-7
0.68835487817614607E-7
0.68752517961070689E-7
0.68821740632905456E-7
0.66583375805434979E-7
0.66508102925470807E-7
0.66844608814559711E-7
0.66482999047040845E-7
0.66342297251685853E-7
0.66340873915426518E-7
0.66259087369419003E-7
0.66321173715709774E-7
0.66895330856157077E-7
0.66613325751047653E-7
0.67077476852398734E-7
0.67019557712883067E-7
0.66814085731335217E-7
0.66980866105890235E-7
0.66961493281712559E-7
0.66565390484682377E-7
0.66583375805434979E-7
0.66844608814559711E-7
0.66508102925470807E-7
0.66482999047040845E-7
0.66814085731335217E-7
0.66565390484682377E-7
0.66961493281717667E-7
0.66980866105890050E-7
0.66895330856157077E-7
0.67019557712883067E-7
0.67077476852403856E-7
0.66613325751047468E-7
0.66342297251685853E-7
0.66321173715709602E-7
0.66259087369413961E-7
0.66340873915426518E-7
0.64863142751088045E-7
0.64770231888924663E-7
0.65158930215813730E-7
0.64739373251414888E-7
0.64466998573836708E-7
0.64508188080182513E-7
0.64352202968387263E-7
0.64539952067650555E-7
0.65212820656508832E-7
0.64900268100866495E-7
0.65406407417849073E-7
0.65344838007964256E-7
0.65126503222752164E-7
0.65303714710478963E-7
0.65283126230559784E-7
0.64840891335478919E-7
0.64863142751088045E-7
0.65158930215818773E-7
0.64770231888924491E-7
0.64739373251414716E-7
0.65126503222752164E-7
0.64840891335478919E-7
0.65283126230554742E-7
0.65303714710478963E-7
0.65212820656508832E-7
0.65344838007964256E-7
0.65406407417849073E-7
0.64900268100866495E-7
0.64466998573836708E-7
0.64539952067650727E-7
0.64352202968387263E-7
0.64508188080187436E-7
0.63537299648538314E-7
0.63424417762207908E-7
0.63868874324279848E-7
0.63387054254772867E-7
0.63021567313915186E-7
0.63109321081476204E-7
0.62870708216764791E-7
0.63147243411383902E-7
0.63925333088278609E-7
0.63582560526702861E-7
0.64128379962714423E-7
0.64063764037000055E-7
0.63834916592938470E-7
0.64020625040821685E-7
0.63999033354611114E-7
0.63510213882398938E-7
0.63537299648538142E-7
0.63868874324274871E-7
0.63424417762207736E-7
0.63387054254772695E-7
0.63834916592938470E-7
0.63510213882398938E-7
0.63999033354610942E-7
0.64020625040821685E-7
0.63925333088278609E-7
0.64063764037005018E-7
0.64128379962714250E-7
0.63582560526702861E-7
0.63021567313915186E-7
0.63147243411383902E-7
0.62870708216769992E-7
0.63109321081471202E-7
0.62440392483904577E-7
0.62310945058551715E-7
0.62794370413739548E-7
0.62268016679285699E-7
0.61842334512922627E-7
0.61947601378502603E-7
0.61665286092338273E-7
0.61991489720891639E-7
0.62851019696500847E-7
0.62492193803052800E-7
0.63055021045516561E-7
0.62990051509162711E-7
0.62760311623495888E-7
0.62946703398489425E-7
0.62925014727755171E-7
0.62409365188573834E-7
0.62440392483904577E-7
0.62794370413739707E-7
0.62310945058551543E-7
0.62268016679290636E-7
0.62760311623495888E-7
0.62409365188573834E-7
0.62925014727760094E-7
0.62946703398489425E-7
0.62851019696500847E-7
0.62990051509157788E-7
0.63055021045516561E-7
0.62492193803052958E-7
0.61842334512922627E-7
0.61991489720891639E-7
0.61665286092338273E-7
0.61947601378502603E-7
0.61406788434798953E-7
0.61262579895573473E-7
0.61784323832600273E-7
0.61214728831702381E-7
0.60746180932669114E-7
0.60857117349547761E-7
0.60550389943649553E-7
0.60906149177042685E-7
0.61842290862611629E-7
0.61464462692504235E-7
0.62051586990838084E-7
0.61984837042500963E-7
0.61749504238213797E-7
0.61940350164595306E-7
0.61918106410910055E-7
0.61372234219372551E-7
0.61406788434798953E-7
0.61784323832600273E-7
0.61262579895573327E-7
0.61214728831697484E-7
0.61749504238213797E-7
0.61372234219372551E-7
0.61918106410905013E-7
0.61940350164595465E-7
0.61842290862611629E-7
0.61984837042500804E-7
0.62051586990838084E-7
0.61464462692509132E-7
0.60746180932668956E-7
0.60906149177037775E-7
0.60550389943649553E-7
0.60857117349547602E-7
0.60416892648607270E-7
0.60260406130349465E-7
0.60817193688518546E-7
0.60208457809578575E-7
0.59701996659795824E-7
0.59819998149513116E-7
0.59478275877659736E-7
0.59873272337458962E-7
0.60877319507092290E-7
0.60479443922141755E-7
0.61094971077008179E-7
0.61025462715910765E-7
0.60781110572004045E-7
0.60979185665945088E-7
0.60956061479091248E-7
0.60379406889979269E-7
0.60416892648607270E-7
0.60817193688518387E-7
0.60260406130354190E-7
0.60208457809578575E-7
0.60781110572004045E-7
0.60379406889979269E-7
0.60956061479091248E-7
0.60979185665944929E-7
0.60877319507092290E-7
0.61025462715915636E-7
0.61094971077008179E-7
0.60479443922136884E-7
0.59701996659795824E-7
0.59873272337458962E-7
0.59478275877659736E-7
0.59819998149513116E-7
0.59447781143329235E-7
0.59280713692185237E-7
0.59871032245936232E-7
0.59225338075461905E-7
0.58682501430935178E-7
0.58812470207337071E-7
0.58422203320235285E-7
0.58868975983414613E-7
0.59933694669701545E-7
0.59514672346701413E-7
0.60160435820256562E-7
0.60088043201741476E-7
0.59833423000447580E-7
0.60039835550520326E-7
0.60015743837211581E-7
0.59407725049526162E-7
0.59447781143329235E-7
0.59871032245936232E-7
0.59280713692180215E-7
0.59225338075466775E-7
0.59833423000447580E-7
0.59407725049526162E-7
0.60015743837211581E-7
0.60039835550520168E-7
0.59933694669701545E-7
0.60088043201736751E-7
0.60160435820256562E-7
0.59514672346701566E-7
0.58682501430935178E-7
0.58868975983414613E-7
0.58422203320235285E-7
0.58812470207337071E-7
0.58483152428656703E-7
0.58303612494786798E-7
0.58927484130027297E-7
0.58244046792806530E-7
0.57655606932539855E-7
0.57799256614511950E-7
0.57363463010587324E-7
0.57860187005774382E-7
0.58991557168211959E-7
0.58554960369395275E-7
0.59223166186491138E-7
0.59149259776735356E-7
0.58889014754471202E-7
0.59100023013570233E-7
0.59075410708479000E-7
0.58440130312171810E-7
0.58483152428656703E-7
0.58927484130032188E-7
0.58303612494791688E-7
0.58244046792801792E-7
0.58889014754471202E-7
0.58440130312171810E-7
0.59075410708479000E-7
0.59100023013574971E-7
0.58991557168211959E-7
0.59149259776735356E-7
0.59223166186491138E-7
0.58554960369395275E-7
0.57655606932539855E-7
0.57860187005774535E-7
0.57363463010587324E-7
0.57799256614511950E-7
0.57507385356666503E-7
0.57318168458941957E-7
0.57966358385017191E-7
0.57255315732298758E-7
0.56624736562949632E-7
0.56784781125697329E-7
0.56300498936021065E-7
0.56849362312657150E-7
0.58031023373245825E-7
0.57582966815873149E-7
0.58264487470966099E-7
0.58190037506927311E-7
0.57927517191548126E-7
0.58140413463093902E-7
0.58115600014884308E-7
0.57462075941361934E-7
0.57507385356666503E-7
0.57966358385012261E-7
0.57318168458937179E-7
0.57255315732298758E-7
0.57927517191548126E-7
0.57462075941361934E-7
0.58115600014884308E-7
0.58140413463089270E-7
0.58031023373245825E-7
0.58190037506927311E-7
0.58264487470966397E-7
0.57582966815873149E-7
0.56624736562949632E-7
0.56849362312656998E-7
0.56300498936021211E-7
0.56784781125697329E-7
0.56515538078862929E-7
0.56319517455274894E-7
0.56982074700876305E-7
0.56254353755772352E-7
0.55589261318048824E-7
0.55765593976417598E-7
0.55231609434044424E-7
0.55832782156919667E-7
0.57046230077236984E-7
0.56593776432669881E-7
0.57277490445928623E-7
0.57203803298650848E-7
0.56943517734758067E-7
0.57154656953981419E-7
0.57130072940336729E-7
0.56468619679034492E-7
0.56515538078862929E-7
0.56982074700876305E-7
0.56319517455279871E-7
0.56254353755772352E-7
0.56943517734758067E-7
0.56468619679034492E-7
0.57130072940336729E-7
0.57154656953981723E-7
0.57046230077236984E-7
0.57203803298650550E-7
0.57277490445928623E-7
0.56593776432669881E-7
0.55589261318048824E-7
0.55832782156919667E-7
0.55231609434044424E-7
0.55765593976417598E-7
0.55492805598840852E-7
0.55293796361094460E-7
0.55958526875509804E-7
0.55227530104887864E-7
0.54544318293981608E-7
0.54728769386907414E-7
0.54148608020685939E-7
0.54797511618254502E-7
0.56021477040018613E-7
0.55572100222140910E-7
0.56248792232574829E-7
0.56176292321680356E-7
0.55920716215786226E-7
0.56127974572356683E-7
0.56103815900331491E-7
0.55445216528065612E-7
0.55492805598840852E-7
0.55958526875509506E-7
0.55293796361089404E-7
0.55227530104887864E-7
0.55920716215786226E-7
0.55445216528065612E-7
0.56103815900331789E-7
0.56127974572356683E-7
0.56021477040018613E-7
0.56176292321680356E-7
0.56248792232574829E-7
0.55572100222141208E-7
0.54544318293981608E-7
0.54797511618254502E-7
0.54148608020680916E-7
0.54728769386907414E-7
0.54432199983114423E-7
0.54233024199367423E-7
0.54897382190818750E-7
0.54166665992644946E-7
0.53478183783722462E-7
0.53666638684765069E-7
0.53052976287968409E-7
0.53735615215689468E-7
0.54960159231299014E-7
0.54511514675836183E-7
0.55186762289296142E-7
0.55114506378271734E-7
0.54859671616495541E-7
0.55066341960246515E-7
0.55042257372385823E-7
0.54384586141337434E-7
0.54432199983114423E-7
0.54897382190818750E-7
0.54233024199372591E-7
0.54166665992644946E-7
0.54859671616495541E-7
0.54384586141337136E-7
0.55042257372385823E-7
0.55066341960251723E-7
0.54960159231299014E-7
0.55114506378271734E-7
0.55186762289290934E-7
0.54511514675836183E-7
0.53478183783722462E-7
0.53735615215689468E-7
0.53052976287973816E-7
0.53666638684765069E-7
0.53363338076235746E-7
0.53166024673345561E-7
0.53823154810864430E-7
0.53100247311649205E-7
0.52412305173875741E-7
0.52603944603572796E-7
0.51979292343476405E-7
0.52672476679253319E-7
0.53885039076374703E-7
0.53441862100617434E-7
0.54108131904569039E-7
0.54037044567698492E-7
0.53785964115447664E-7
0.53989633382039118E-7
0.53965917766354930E-7
0.53316185547363366E-7
0.53363338076235746E-7
0.53823154810864430E-7
0.53166024673340254E-7
0.53100247311649502E-7
0.53785964115447664E-7
0.53316185547368680E-7
0.53965917766360277E-7
0.53989633382033764E-7
0.53885039076374703E-7
0.54037044567698492E-7
0.54108131904569039E-7
0.53441862100617434E-7
0.52412305173875741E-7
0.52672476679253319E-7
0.51979292343476405E-7
0.52603944603572796E-7
0.52289294045944702E-7
0.52095104396398817E-7
0.52738323416014362E-7
0.52030358955880445E-7
0.51347373669301565E-7
0.51541640654650566E-7
0.50912508087005374E-7
0.51609150680905001E-7
0.52798023945598742E-7
0.52366564437110686E-7
0.53012845786841734E-7
0.52944459291649893E-7
0.52702420820430692E-7
0.52898816082133023E-7
0.52875974555063471E-7
0.52242891581813864E-7
0.52289294045944702E-7
0.52738323416019887E-7
0.52095104396398520E-7
0.52030358955880445E-7
0.52702420820436218E-7
0.52242891581808371E-7
0.52875974555058243E-7
0.52898816082133023E-7
0.52798023945598742E-7
0.52944459291649893E-7
0.53012845786847279E-7
0.52366564437110686E-7
0.51347373669301565E-7
0.51609150680905001E-7
0.50912508087005083E-7
0.51541640654650566E-7
0.51187579725745608E-7
0.50999761451947790E-7
0.51617600431110227E-7
0.50937097958593853E-7
0.50267983838442473E-7
0.50463369642691346E-7
0.49824074345975836E-7
0.50528887363098516E-7
0.51674119292916651E-7
0.51262263773510925E-7
0.51877681967525175E-7
0.51812846891885307E-7
0.51583621824122144E-7
0.51769591204676021E-7
0.51747949600389078E-7
0.51142716676124362E-7
0.51187579725745608E-7
0.51617600431110227E-7
0.50999761451947790E-7
0.50937097958593853E-7
0.51583621824116400E-7
0.51142716676130080E-7
0.51747949600394841E-7
0.51769591204676332E-7
0.51674119292916651E-7
0.51812846891884996E-7
0.51877681967525175E-7
0.51262263773511236E-7
0.50267983838442473E-7
0.50528887363098516E-7
0.49824074345976127E-7
0.50463369642691346E-7
0.50015496161009509E-7
0.49837503172569983E-7
0.50419907644148715E-7
0.49778093227568322E-7
0.49134240153808278E-7
0.49328506636759115E-7
0.48685075394767814E-7
0.49390736941090706E-7
0.50472525700556382E-7
0.50086244802292992E-7
0.50689456609400936E-7
0.50602764802289647E-7
0.50388273688377157E-7
0.50561409289457628E-7
0.50541260771673431E-7
0.49972989605056499E-7
0.50015496161009509E-7
0.50419907644142680E-7
0.49837503172575965E-7
0.49778093227568322E-7
0.50388273688377157E-7
0.49972989605050504E-7
0.50541260771667376E-7
0.50561409289457952E-7
0.50472525700556382E-7
0.50602764802289647E-7
0.50689456609394874E-7
0.50086244802292992E-7
0.49134240153808278E-7
0.49390736941090706E-7
0.48685075394761925E-7
0.49328506636759115E-7
0.48750874954330684E-7
0.48584003163161764E-7
0.49231626477894791E-7
0.48528304559187528E-7
0.47914987454694534E-7
0.48106718913640758E-7
0.47462577897212172E-7
0.48165087321167589E-7
0.49306776351038294E-7
0.48817204925721559E-7
0.49548236854725784E-7
0.49490001399136422E-7
0.49186440322176270E-7
0.49433676188341158E-7
0.49404916169566776E-7
0.48711023985425388E-7
0.48750874954330684E-7
0.49231626477895122E-7
0.48584003163155438E-7
0.48528304559187528E-7
0.49186440322176270E-7
0.48711023985425388E-7
0.49404916169573181E-7
0.49433676188341495E-7
0.49306776351038294E-7
0.49490001399136422E-7
0.49548236854732203E-7
0.48817204925721559E-7
0.47914987454694534E-7
0.48165087321167272E-7
0.47462577897212172E-7
0.48106718913640758E-7
0.47534703823196980E-7
0.47302890435334424E-7
0.47970629841118689E-7
0.47225418351146596E-7
0.46591481735120143E-7
0.46777833608857242E-7
0.46143599945826616E-7
0.46832316660532664E-7
0.48017768793031393E-7
0.47626718057990757E-7
0.48189065753979840E-7
0.48134234140509737E-7
0.47942370301807698E-7
0.48097798262012179E-7
0.48079611002424443E-7
0.47479385422302058E-7
0.47534703823196980E-7
0.47970629841118689E-7
0.47302890435334424E-7
0.47225418351146596E-7
0.47942370301808042E-7
0.47479385422302058E-7
0.48079611002424443E-7
0.48097798262012179E-7
0.48017768793031393E-7
0.48134234140509737E-7
0.48189065753979840E-7
0.47626718057990757E-7
0.46591481735120143E-7
0.46832316660532664E-7
0.46143599945832942E-7
0.46777833608856911E-7
0.46098973551530630E-7
0.45954709572293761E-7
0.46449034716195274E-7
0.45906676964314735E-7
0.45133732602009430E-7
0.45392991049405667E-7
0.44685380904379303E-7
0.45472210096014632E-7
0.46499223173671552E-7
0.46156482431526713E-7
0.46683162258815563E-7
0.46624033305495715E-7
0.46419043799239971E-7
0.46584868347057292E-7
0.46565358271456836E-7
0.46064469368416023E-7
0.46098973551530630E-7
0.46449034716195631E-7
0.45954709572293761E-7
0.45906676964314735E-7
0.46419043799239971E-7
0.46064469368416023E-7
0.46565358271457200E-7
0.46584868347057292E-7
0.46499223173671552E-7
0.46624033305495715E-7
0.46683162258815563E-7
0.46156482431526713E-7
0.45133732602009430E-7
0.45472210096014632E-7
0.44685380904378972E-7
0.45392991049405667E-7
0.44504855756568496E-7
0.44363098279913416E-7
0.44868194926707895E-7
0.44316111842987918E-7
0.43822261639993221E-7
0.43965344366328800E-7
0.43290247799307599E-7
0.44013428944452611E-7
0.44923154907925564E-7
0.44561628954190291E-7
0.45123965014319204E-7
0.45059525395271623E-7
0.44835322055397623E-7
0.45016782359975697E-7
0.44995472551088210E-7
0.44470864732117706E-7
0.44504855756568496E-7
0.44868194926707895E-7
0.44363098279913416E-7
0.44316111842987918E-7
0.44835322055397623E-7
0.44470864732117329E-7
0.44995472551088210E-7
0.45016782359975697E-7
0.44923154907925564E-7
0.45059525395279795E-7
0.45123965014318820E-7
0.44561628954190291E-7
0.43822261639993221E-7
0.44013428944452611E-7
0.43290247799307599E-7
0.43965344366328800E-7
0.42867172475785531E-7
0.42721773501127145E-7
0.43586451125461037E-7
0.42673665419710461E-7
0.42195750607273498E-7
0.42316268484044733E-7
0.41934400858721418E-7
0.42365056472122791E-7
0.43693004406818444E-7
0.42969803711508900E-7
0.44072246563729826E-7
0.43952193098486242E-7
0.43522112410608221E-7
0.43871723748209585E-7
0.43831347622598510E-7
0.42832276412405960E-7
0.42867172475785942E-7
0.43586451125461037E-7
0.42721773501126742E-7
0.42673665419710461E-7
0.43522112410608221E-7
0.42832276412405960E-7
0.43831347622598093E-7
0.43871723748209585E-7
0.43693004406818444E-7
0.43952193098486242E-7
0.44072246563729826E-7
0.42969803711508900E-7
0.42195750607273498E-7
0.42365056472122791E-7
0.41934400858712571E-7
0.42316268484044336E-7
0.41818171411351912E-7
0.41528266193731124E-7
0.42113378272487822E-7
0.41430915447657037E-7
0.40494255502505516E-7
0.40680669089475024E-7
0.40309821822432253E-7
0.40786211325114753E-7
0.42151963262690325E-7
0.41881782083287030E-7
0.42294860629966697E-7
0.42248645808239658E-7
0.42090391099682289E-7
0.42218186341490651E-7
0.42203055597473925E-7
0.41749149667506243E-7
0.41818171411351912E-7
0.42113378272487822E-7
0.41528266193741514E-7
0.41430915447657037E-7
0.42090391099682289E-7
0.41749149667516659E-7
0.42203055597484466E-7
0.42218186341490651E-7
0.42151963262690325E-7
0.42248645808229103E-7
0.42294860629966227E-7
0.41881782083287030E-7
0.40494255502505516E-7
0.40786211325114310E-7
0.40309821822442430E-7
0.40680669089475024E-7
0.39974845593263874E-7
0.39863656521356781E-7
0.40634396154914993E-7
0.39826613902511331E-7
0.39411043747042738E-7
0.39552393971490633E-7
0.38864171606075633E-7
0.39589372945963720E-7
0.40730901316271237E-7
0.40018954849296088E-7
0.41051631088176779E-7
0.40954215190005712E-7
0.40574910002564302E-7
0.40886716005241085E-7
0.40852209929514340E-7
0.39948299865811774E-7
0.39974845593263874E-7
0.40634396154915529E-7
0.39863656521344334E-7
0.39826613902511331E-7
0.40574910002564302E-7
0.39948299865799294E-7
0.40852209929501714E-7
0.40886716005241085E-7
0.40730901316271237E-7
0.40954215190005712E-7
0.41051631088176779E-7
0.40018954849296088E-7
0.39411043747042738E-7
0.39589372945963720E-7
0.38864171606075633E-7
0.39552393971490117E-7
0.38947884159788459E-7
0.38661686038020402E-7
0.38816972987961998E-7
0.38556982085384719E-7
0.37834960725420888E-7
0.37830096589932639E-7
0.37862964456346314E-7
0.37850893526057258E-7
0.38758914473023652E-7
0.39050501094355354E-7
0.38691195440110099E-7
0.38706724550803425E-7
0.38861030882587509E-7
0.38720246715584946E-7
0.38727952849560201E-7
0.38883221177199451E-7
0.38947884159788459E-7
0.38816972987961998E-7
0.38661686038020402E-7
0.38556982085384719E-7
0.38861030882587509E-7
0.38883221177199451E-7
0.38727952849560201E-7
0.38720246715584946E-7
0.38758914473023652E-7
0.38706724550803425E-7
0.38691195440110099E-7
0.39050501094355354E-7
0.37834960725420888E-7
0.37850893526057258E-7
0.37862964456346314E-7
0.37830096589948409E-7
0.36636916088380316E-7
0.36580042809614401E-7
0.36795620104820207E-7
0.36557693908252558E-7
0.36317324707119970E-7
0.36495172251979549E-7
0.36468528748019834E-7
0.36599118297636194E-7
0.36785576540528675E-7
0.36664585237388363E-7
0.36555825636797577E-7
0.36635492575862107E-7
0.36788964284751064E-7
0.36685275374818808E-7
0.36709168293020191E-7
0.36627967830675386E-7
0.36636916088380316E-7
0.36795620104820207E-7
0.36580042809614401E-7
0.36557693908252558E-7
0.36788964284751064E-7
0.36627967830675386E-7
0.36709168293020191E-7
0.36685275374818808E-7
0.36785576540528675E-7
0.36635492575862107E-7
0.36555825636797577E-7
0.36664585237388363E-7
0.36317324707119970E-7
0.36599118297636194E-7
0.36468528747997090E-7
0.36495172251956533E-7
0.35684693390526740E-7
0.35571429224782774E-7
0.35977424516433805E-7
0.35595443262703954E-7
0.35510711321331024E-7
0.35671585352485303E-7
0.34655160393023095E-7
0.35672132165322401E-7
0.35963626737374021E-7
0.35784143118661395E-7
0.35913826596545112E-7
0.35929704422377111E-7
0.35985712770497138E-7
0.35940289397919474E-7
0.35945582653559044E-7
0.35625007393675789E-7
0.35684693390526740E-7
0.35977424516433805E-7
0.35571429224837030E-7
0.35595443262703954E-7
0.35985712770497138E-7
0.35625007393675789E-7
0.35945582653614101E-7
0.35940289397919474E-7
0.35963626737374021E-7
0.35929704422377111E-7
0.35913826596545112E-7
0.35784143118661395E-7
0.35510711321331024E-7
0.35672132165322401E-7
0.34655160393076214E-7
0.35671585352485303E-7
0.0000000000000000
0.0000000000000000
0.0000000000000000
0.0000000000000000
0.0000000000000000
0.0000000000000000
0.0000000000000000
0.0000000000000000
0.0000000000000000
0.0000000000000000
0.0000000000000000
0.0000000000000000
0.0000000000000000
0.0000000000000000
0.0000000000000000
0.0000000000000000
0.0000000000000000
0.0000000000000000
0.0000000000000000
0.0000000000000000
0.0000000000000000
0.0000000000000000
0.0000000000000000
0.0000000000000000
0.0000000000000000
0.0000000000000000
0.0000000000000000
0.0000000000000000
0.0000000000000000
0.0000000000000000
0.0000000000000000
0.0000000000000000
0.0000000000000000
0.0000000000000000
0.0000000000000000
0.0000000000000000
0.0000000000000000
0.0000000000000000
0.0000000000000000
0.0000000000000000
0.0000000000000000
0.0000000000000000
0.0000000000000000
0.0000000000000000
0.0000000000000000
0.0000000000000000
0.0000000000000000
0.0000000000000000
0.0000000000000000
0.0000000000000000
0.0000000000000000
0.0000000000000000
0.0000000000000000
0.0000000000000000
0.0000000000000000
0.0000000000000000
0.0000000000000000
0.0000000000000000
0.0000000000000000
0.0000000000000000
0.0000000000000000
0.0000000000000000
0.0000000000000000
0.0000000000000000
0.0000000000000000
0.0000000000000000
0.0000000000000000
0.0000000000000000
0.0000000000000000
0.0000000000000000
0.0000000000000000
0.0000000000000000
0.0000000000000000
0.0000000000000000
0.0000000000000000
0.0000000000000000
0.0000000000000000
0.0000000000000000
0.0000000000000000
0.0000000000000000
0.0000000000000000
0.0000000000000000
0.0000000000000000
0.0000000000000000
0.0000000000000000
0.0000000000000000
0.0000000000000000
0.0000000000000000
0.0000000000000000
0.0000000000000000
0.0000000000000000
0.0000000000000000
0.0000000000000000
0.0000000000000000
0.0000000000000000
0.0000000000000000
0.0000000000000000
0.0000000000000000
0.0000000000000000
0.0000000000000000
0.0000000000000000
0.0000000000000000
0.0000000000000000
0.0000000000000000
0.0000000000000000
0.0000000000000000
0.0000000000000000
0.0000000000000000
0.0000000000000000
0.0000000000000000
0.0000000000000000
0.0000000000000000
0.0000000000000000
0.0000000000000000
0.0000000000000000
0.0000000000000000
0.0000000000000000
0.0000000000000000
0.0000000000000000
0.0000000000000000
0.0000000000000000
0.0000000000000000
0.0000000000000000
0.0000000000000000
0.0000000000000000
0.0000000000000000
0.0000000000000000
0.0000000000000000
0.0000000000000000
0.0000000000000000
0.0000000000000000
0.0000000000000000
0.0000000000000000
0.0000000000000000
0.0000000000000000
0.0000000000000000
0.0000000000000000
0.0000000000000000
0.0000000000000000
0.0000000000000000
0.0000000000000000
0.0000000000000000
0.0000000000000000
0.0000000000000000
0.0000000000000000
0.0000000000000000
0.0000000000000000
0.0000000000000000
0.0000000000000000
0.0000000000000000
0.0000000000000000
0.0000000000000000
0.0000000000000000
0.0000000000000000
0.0000000000000000
0.0000000000000000
0.0000000000000000
0.0000000000000000
0.0000000000000000
0.0000000000000000
0.0000000000000000
0.0000000000000000
0.0000000000000000
0.0000000000000000
0.0000000000000000
0.0000000000000000
0.0000000000000000
0.0000000000000000
0.0000000000000000
0.0000000000000000
0.0000000000000000
0.0000000000000000
0.0000000000000000
0.0000000000000000
0.0000000000000000
0.0000000000000000
0.0000000000000000
0.0000000000000000
0.0000000000000000
0.0000000000000000
0.0000000000000000
0.0000000000000000
0.0000000000000000
0.0000000000000000
0.0000000000000000
0.0000000000000000
0.0000000000000000
0.0000000000000000
0.0000000000000000
0.0000000000000000
0.0000000000000000
0.0000000000000000
0.0000000000000000
0.0000000000000000
0.0000000000000000
0.0000000000000000
0.0000000000000000
0.0000000000000000
0.0000000000000000
0.0000000000000000
0.0000000000000000
0.0000000000000000
0.0000000000000000
0.0000000000000000
0.0000000000000000
0.0000000000000000
0.0000000000000000
0.0000000000000000
0.0000000000000000
0.0000000000000000
0.0000000000000000
0.0000000000000000
0.0000000000000000
0.0000000000000000
0.0000000000000000
0.0000000000000000
0.0000000000000000
0.0000000000000000
0.0000000000000000
0.0000000000000000
0.0000000000000000
0.0000000000000000
0.0000000000000000
0.0000000000000000
0.0000000000000000
0.0000000000000000
0.0000000000000000
0.0000000000000000
0.0000000000000000
0.0000000000000000
0.0000000000000000
0.0000000000000000
0.0000000000000000
0.0000000000000000
0.0000000000000000
0.0000000000000000
0.0000000000000000
0.0000000000000000
0.0000000000000000
0.0000000000000000
0.0000000000000000
0.0000000000000000
0.0000000000000000
0.0000000000000000
0.0000000000000000
0.0000000000000000
0.0000000000000000
0.0000000000000000
0.0000000000000000
0.0000000000000000
0.0000000000000000
0.0000000000000000
0.0000000000000000
0.0000000000000000
0.0000000000000000
0.0000000000000000
0.0000000000000000
0.0000000000000000
0.0000000000000000
0.0000000000000000
0.0000000000000000
0.0000000000000000
0.0000000000000000
0.0000000000000000
0.0000000000000000
0.0000000000000000
0.0000000000000000
0.0000000000000000
0.0000000000000000
0.0000000000000000
0.0000000000000000
0.0000000000000000
0.0000000000000000
0.0000000000000000
0.0000000000000000
0.0000000000000000
0.0000000000000000
0.0000000000000000
0.0000000000000000
0.0000000000000000
0.0000000000000000
0.0000000000000000
0.0000000000000000
0.0000000000000000
0.0000000000000000
0.0000000000000000
0.0000000000000000
0.0000000000000000
0.0000000000000000
0.0000000000000000
0.0000000000000000
0.0000000000000000
0.0000000000000000
0.0000000000000000
0.0000000000000000
0.0000000000000000
0.0000000000000000
0.0000000000000000
0.0000000000000000
0.0000000000000000
0.0000000000000000
0.0000000000000000
0.0000000000000000
0.0000000000000000
0.0000000000000000
0.0000000000000000
0.0000000000000000
0.0000000000000000
0.0000000000000000
0.0000000000000000
0.0000000000000000
0.0000000000000000
0.0000000000000000
0.0000000000000000
0.0000000000000000
0.0000000000000000
0.0000000000000000
0.0000000000000000
0.0000000000000000
0.0000000000000000
0.0000000000000000
0.0000000000000000
0.0000000000000000
0.0000000000000000
0.0000000000000000
0.0000000000000000
0.0000000000000000
0.0000000000000000
0.0000000000000000
0.0000000000000000
0.0000000000000000
0.0000000000000000
0.0000000000000000
0.0000000000000000
0.0000000000000000
0.0000000000000000
0.0000000000000000
0.0000000000000000
0.0000000000000000
0.0000000000000000
0.0000000000000000
0.0000000000000000
0.0000000000000000
0.0000000000000000
0.0000000000000000
0.0000000000000000
0.0000000000000000
0.0000000000000000
0.0000000000000000
0.0000000000000000
0.0000000000000000
0.0000000000000000
0.0000000000000000
0.0000000000000000
0.0000000000000000
0.0000000000000000
0.0000000000000000
0.0000000000000000
0.0000000000000000
0.0000000000000000
0.0000000000000000
0.0000000000000000
0.0000000000000000
0.0000000000000000
0.0000000000000000
0.0000000000000000
0.0000000000000000
0.0000000000000000
0.0000000000000000
0.0000000000000000
0.0000000000000000
0.0000000000000000
0.0000000000000000
0.0000000000000000
0.0000000000000000
0.0000000000000000
0.0000000000000000
0.0000000000000000
0.0000000000000000
0.0000000000000000
0.0000000000000000
0.0000000000000000
0.0000000000000000
0.0000000000000000
0.0000000000000000
0.0000000000000000
0.0000000000000000
0.0000000000000000
0.0000000000000000
0.0000000000000000
0.0000000000000000
0.0000000000000000
0.0000000000000000
0.0000000000000000
0.0000000000000000
0.0000000000000000
0.0000000000000000
0.0000000000000000
0.0000000000000000
0.0000000000000000
0.0000000000000000
0.0000000000000000
0.0000000000000000
0.0000000000000000
0.0000000000000000
0.0000000000000000
0.0000000000000000
0.0000000000000000
0.0000000000000000
0.0000000000000000
0.0000000000000000
0.0000000000000000
0.0000000000000000
0.0000000000000000
0.0000000000000000
0.0000000000000000
0.0000000000000000
0.0000000000000000
0.0000000000000000
0.0000000000000000
0.0000000000000000
0.0000000000000000
0.0000000000000000
0.0000000000000000
0.0000000000000000
0.0000000000000000
0.0000000000000000
0.0000000000000000
0.0000000000000000
0.0000000000000000
0.0000000000000000
0.0000000000000000
0.0000000000000000
0.0000000000000000
0.0000000000000000
0.0000000000000000
0.0000000000000000
0.0000000000000000
0.0000000000000000
0.0000000000000000
0.0000000000000000
0.0000000000000000
0.0000000000000000
0.0000000000000000
0.0000000000000000
0.0000000000000000
0.0000000000000000
0.0000000000000000
0.0000000000000000
0.0000000000000000
0.0000000000000000
0.0000000000000000
0.0000000000000000
0.0000000000000000
0.0000000000000000
0.0000000000000000
0.0000000000000000
0.0000000000000000
0.0000000000000000
0.0000000000000000
0.0000000000000000
0.0000000000000000
0.0000000000000000
0.0000000000000000
0.0000000000000000
0.0000000000000000
0.0000000000000000
0.0000000000000000
0.0000000000000000
0.0000000000000000
0.0000000000000000
0.0000000000000000
0.0000000000000000
0.0000000000000000
0.0000000000000000
0.0000000000000000
0.0000000000000000
0.0000000000000000
0.0000000000000000
0.0000000000000000
0.0000000000000000
0.0000000000000000
0.0000000000000000
0.0000000000000000
0.0000000000000000
0.0000000000000000
0.0000000000000000
0.0000000000000000
0.0000000000000000
0.0000000000000000
0.0000000000000000
0.0000000000000000
0.0000000000000000
0.0000000000000000
0.0000000000000000
0.0000000000000000
0.0000000000000000
0.0000000000000000
0.0000000000000000
0.0000000000000000
0.0000000000000000
0.0000000000000000
0.0000000000000000
0.0000000000000000
0.0000000000000000
0.0000000000000000
0.0000000000000000
0.0000000000000000
0.0000000000000000
0.0000000000000000
0.0000000000000000
0.0000000000000000
0.0000000000000000
0.0000000000000000
0.0000000000000000
0.0000000000000000
0.0000000000000000
0.0000000000000000
0.0000000000000000
0.0000000000000000
0.0000000000000000
0.0000000000000000
0.0000000000000000
0.0000000000000000
0.0000000000000000
0.0000000000000000
0.0000000000000000
0.0000000000000000
0.0000000000000000
0.0000000000000000
0.0000000000000000
0.0000000000000000
0.0000000000000000
0.0000000000000000
0.0000000000000000
0.0000000000000000
0.0000000000000000
0.0000000000000000
0.0000000000000000
0.0000000000000000
0.0000000000000000
0.0000000000000000
0.0000000000000000
0.0000000000000000
0.0000000000000000
0.0000000000000000
0.0000000000000000
0.0000000000000000
0.0000000000000000
0.0000000000000000
0.0000000000000000
0.0000000000000000
0.0000000000000000
0.0000000000000000
0.0000000000000000
0.0000000000000000
0.0000000000000000
0.0000000000000000
0.0000000000000000
0.0000000000000000
0.0000000000000000
0.0000000000000000
0.0000000000000000
0.0000000000000000
0.0000000000000000
0.0000000000000000
0.0000000000000000
0.0000000000000000
0.0000000000000000
0.0000000000000000
0.0000000000000000
0.0000000000000000
0.0000000000000000
0.0000000000000000
0.0000000000000000
0.0000000000000000
0.0000000000000000
0.0000000000000000
0.0000000000000000
0.0000000000000000
0.0000000000000000
0.0000000000000000
0.0000000000000000
0.0000000000000000
0.0000000000000000
0.0000000000000000
0.0000000000000000
0.0000000000000000
0.0000000000000000
0.0000000000000000
0.0000000000000000
0.0000000000000000
0.0000000000000000
0.0000000000000000
0.0000000000000000
0.0000000000000000
0.0000000000000000
0.0000000000000000
0.0000000000000000
0.0000000000000000
0.0000000000000000
0.0000000000000000
0.0000000000000000
0.0000000000000000
0.0000000000000000
0.0000000000000000
0.0000000000000000
0.0000000000000000
0.0000000000000000
0.0000000000000000
0.0000000000000000
0.0000000000000000
0.0000000000000000
0.0000000000000000
0.0000000000000000
0.0000000000000000
0.0000000000000000
0.0000000000000000
0.0000000000000000
0.0000000000000000
0.0000000000000000
0.0000000000000000
0.0000000000000000
0.0000000000000000
0.0000000000000000
0.0000000000000000
0.0000000000000000
0.0000000000000000
0.0000000000000000
0.0000000000000000
0.0000000000000000
0.0000000000000000
0.0000000000000000
0.0000000000000000
0.0000000000000000
0.0000000000000000
0.0000000000000000
0.0000000000000000
0.0000000000000000
0.0000000000000000
0.0000000000000000
0.0000000000000000
0.0000000000000000
0.0000000000000000
0.0000000000000000
0.0000000000000000
0.0000000000000000
0.0000000000000000
0.0000000000000000
0.0000000000000000
0.0000000000000000
0.0000000000000000
0.0000000000000000
0.0000000000000000
0.0000000000000000
0.0000000000000000
0.0000000000000000
0.0000000000000000
0.0000000000000000
0.0000000000000000
0.0000000000000000
0.0000000000000000
0.0000000000000000
0.0000000000000000
0.0000000000000000
0.0000000000000000
0.0000000000000000
0.0000000000000000
0.0000000000000000
0.0000000000000000
0.0000000000000000
0.0000000000000000
0.0000000000000000
0.0000000000000000
0.0000000000000000
0.0000000000000000
0.0000000000000000
0.0000000000000000
0.0000000000000000
0.0000000000000000
0.0000000000000000
0.0000000000000000
0.0000000000000000
0.0000000000000000
0.0000000000000000
0.0000000000000000
0.0000000000000000
0.0000000000000000
0.0000000000000000
0.0000000000000000
0.0000000000000000
0.0000000000000000
0.0000000000000000
0.0000000000000000
0.0000000000000000
0.0000000000000000
0.0000000000000000
0.0000000000000000
0.0000000000000000
0.0000000000000000
0.0000000000000000
0.0000000000000000
0.0000000000000000
0.0000000000000000
0.0000000000000000
0.0000000000000000
0.0000000000000000
0.0000000000000000
0.0000000000000000
0.0000000000000000
0.0000000000000000
0.0000000000000000
0.0000000000000000
0.0000000000000000
0.0000000000000000
0.0000000000000000
0.0000000000000000
0.0000000000000000
0.0000000000000000
0.0000000000000000
0.0000000000000000
0.0000000000000000
0.0000000000000000
0.0000000000000000
0.0000000000000000
0.0000000000000000
0.0000000000000000
0.0000000000000000
0.0000000000000000
0.0000000000000000
0.0000000000000000
0.0000000000000000
0.0000000000000000
0.0000000000000000
0.0000000000000000
0.0000000000000000
0.0000000000000000
0.0000000000000000
0.0000000000000000
0.0000000000000000
0.0000000000000000
0.0000000000000000
0.0000000000000000
0.0000000000000000
0.0000000000000000
0.0000000000000000
0.0000000000000000
0.0000000000000000
0.0000000000000000
0.0000000000000000
0.0000000000000000
0.0000000000000000
0.0000000000000000
0.0000000000000000
0.0000000000000000
0.0000000000000000
0.0000000000000000
0.0000000000000000
0.0000000000000000
0.0000000000000000
0.0000000000000000
0.0000000000000000
0.0000000000000000
0.0000000000000000
0.0000000000000000
0.0000000000000000
0.0000000000000000
0.0000000000000000
0.0000000000000000
0.0000000000000000
0.0000000000000000
0.0000000000000000
0.0000000000000000
0.0000000000000000
0.0000000000000000
0.0000000000000000
0.0000000000000000
0.0000000000000000
0.0000000000000000
0.0000000000000000
0.0000000000000000
0.0000000000000000
0.0000000000000000
0.0000000000000000
0.0000000000000000
0.0000000000000000
0.0000000000000000
0.0000000000000000
0.0000000000000000
0.0000000000000000
0.0000000000000000
0.0000000000000000
0.0000000000000000
0.0000000000000000
0.0000000000000000
0.0000000000000000
0.0000000000000000
0.0000000000000000
0.0000000000000000
0.0000000000000000
0.0000000000000000
0.0000000000000000
0.0000000000000000
0.0000000000000000
0.0000000000000000
0.0000000000000000
0.0000000000000000
0.0000000000000000
0.0000000000000000
0.0000000000000000
0.0000000000000000
0.0000000000000000
0.0000000000000000
0.0000000000000000
0.0000000000000000
0.0000000000000000
0.0000000000000000
0.0000000000000000
0.0000000000000000
0.0000000000000000
0.0000000000000000
0.0000000000000000
0.0000000000000000
0.0000000000000000
0.0000000000000000
0.0000000000000000
0.0000000000000000
0.0000000000000000
0.0000000000000000
0.0000000000000000
0.0000000000000000
0.0000000000000000
0.0000000000000000
0.0000000000000000
0.0000000000000000
0.0000000000000000
0.0000000000000000
0.0000000000000000
0.0000000000000000
0.0000000000000000
0.0000000000000000
0.0000000000000000
0.0000000000000000
0.0000000000000000
0.0000000000000000
0.0000000000000000
0.0000000000000000
0.0000000000000000
0.0000000000000000
0.0000000000000000
0.0000000000000000
0.0000000000000000
0.0000000000000000
0.0000000000000000
0.0000000000000000
0.0000000000000000
0.0000000000000000
0.0000000000000000
0.0000000000000000
0.0000000000000000
0.0000000000000000
0.0000000000000000
0.0000000000000000
0.0000000000000000
0.0000000000000000
0.0000000000000000
0.0000000000000000
0.0000000000000000
0.0000000000000000
0.0000000000000000
0.0000000000000000
0.0000000000000000
0.0000000000000000
0.0000000000000000
0.0000000000000000
0.0000000000000000
0.0000000000000000
0.0000000000000000
0.0000000000000000
0.0000000000000000
0.0000000000000000
0.0000000000000000
0.0000000000000000
0.0000000000000000
0.0000000000000000
0.0000000000000000
0.0000000000000000
0.0000000000000000
0.0000000000000000
0.0000000000000000
0.0000000000000000
0.0000000000000000
0.0000000000000000
0.0000000000000000
0.0000000000000000
0.0000000000000000
0.0000000000000000
0.0000000000000000
0.0000000000000000
0.0000000000000000
0.0000000000000000
0.0000000000000000
0.0000000000000000
0.0000000000000000
0.0000000000000000
0.0000000000000000
0.0000000000000000
0.0000000000000000
0.0000000000000000
0.0000000000000000
0.0000000000000000
0.0000000000000000
0.0000000000000000
0.0000000000000000
0.0000000000000000
0.0000000000000000
0.0000000000000000
0.0000000000000000
0.0000000000000000
0.0000000000000000
0.0000000000000000
0.0000000000000000
0.0000000000000000
0.0000000000000000
0.0000000000000000
0.0000000000000000
0.0000000000000000
0.0000000000000000
0.0000000000000000
0.0000000000000000
0.0000000000000000
0.0000000000000000
0.0000000000000000
0.0000000000000000
0.0000000000000000
0.0000000000000000
0.0000000000000000
0.0000000000000000
0.0000000000000000
0.0000000000000000
0.0000000000000000
0.0000000000000000
0.0000000000000000
0.0000000000000000
0.0000000000000000
0.0000000000000000
0.0000000000000000
0.0000000000000000
0.0000000000000000
0.0000000000000000
0.0000000000000000
0.0000000000000000
0.0000000000000000
0.0000000000000000
0.0000000000000000
0.0000000000000000
0.0000000000000000
0.0000000000000000
0.0000000000000000
0.0000000000000000
0.0000000000000000
0.0000000000000000
0.0000000000000000
0.0000000000000000
0.0000000000000000
0.0000000000000000
0.0000000000000000
0.0000000000000000
0.0000000000000000
0.0000000000000000
0.0000000000000000
0.0000000000000000
0.0000000000000000
0.0000000000000000
0.0000000000000000
0.0000000000000000
0.0000000000000000
0.0000000000000000
0.0000000000000000
0.0000000000000000
0.0000000000000000
0.0000000000000000
0.0000000000000000
0.0000000000000000
0.0000000000000000
0.0000000000000000
0.0000000000000000
0.0000000000000000
0.0000000000000000
0.0000000000000000
0.0000000000000000
0.0000000000000000
0.0000000000000000
0.0000000000000000
0.0000000000000000
0.0000000000000000
0.0000000000000000
0.0000000000000000
0.0000000000000000
0.0000000000000000
0.0000000000000000
0.0000000000000000
0.0000000000000000
0.0000000000000000
0.0000000000000000
0.0000000000000000
0.0000000000000000
0.0000000000000000
0.0000000000000000
0.0000000000000000
0.0000000000000000
0.0000000000000000
0.0000000000000000
0.0000000000000000
0.0000000000000000
0.0000000000000000
0.0000000000000000
0.0000000000000000
0.0000000000000000
0.0000000000000000
0.0000000000000000
0.0000000000000000
0.0000000000000000
0.0000000000000000
0.0000000000000000
0.0000000000000000
0.0000000000000000
0.0000000000000000
0.0000000000000000
0.0000000000000000
0.0000000000000000
0.0000000000000000
0.0000000000000000
0.0000000000000000
0.0000000000000000
0.0000000000000000
0.0000000000000000
0.0000000000000000
0.0000000000000000
0.0000000000000000
0.0000000000000000
0.0000000000000000
0.0000000000000000
0.0000000000000000
0.0000000000000000
0.0000000000000000
0.0000000000000000
0.0000000000000000
0.0000000000000000
0.0000000000000000
0.0000000000000000
0.0000000000000000
0.0000000000000000
0.0000000000000000
0.0000000000000000
0.0000000000000000
0.0000000000000000
0.0000000000000000
0.0000000000000000
0.0000000000000000
0.0000000000000000
0.0000000000000000
0.0000000000000000
0.0000000000000000
0.0000000000000000
0.0000000000000000
0.0000000000000000
0.0000000000000000
0.0000000000000000
0.0000000000000000
0.0000000000000000
0.0000000000000000
0.0000000000000000
0.0000000000000000
0.0000000000000000
0.0000000000000000
0.0000000000000000
0.0000000000000000
0.0000000000000000
0.0000000000000000
0.0000000000000000
0.0000000000000000
0.0000000000000000
0.0000000000000000
0.0000000000000000
0.0000000000000000
0.0000000000000000
0.0000000000000000
0.0000000000000000
0.0000000000000000
0.0000000000000000
0.0000000000000000
0.0000000000000000
0.0000000000000000
0.0000000000000000
0.0000000000000000
0.0000000000000000
0.0000000000000000
0.0000000000000000
0.0000000000000000
0.0000000000000000
0.0000000000000000
0.0000000000000000
0.0000000000000000
0.0000000000000000
0.0000000000000000
0.0000000000000000
0.0000000000000000
0.0000000000000000
0.0000000000000000
0.0000000000000000
0.0000000000000000
0.0000000000000000
0.0000000000000000
0.0000000000000000
0.0000000000000000
0.0000000000000000
0.0000000000000000
0.0000000000000000
0.0000000000000000
0.0000000000000000
0.0000000000000000
0.0000000000000000
0.0000000000000000
0.0000000000000000
0.0000000000000000
0.0000000000000000
0.0000000000000000
0.0000000000000000
0.0000000000000000
0.0000000000000000
0.0000000000000000
0.0000000000000000
0.0000000000000000
0.0000000000000000
0.0000000000000000
0.0000000000000000
0.0000000000000000
0.0000000000000000
0.0000000000000000
0.0000000000000000
0.0000000000000000
0.0000000000000000
0.0000000000000000
0.0000000000000000
0.0000000000000000
0.0000000000000000
0.0000000000000000
0.0000000000000000
0.0000000000000000
0.0000000000000000
0.0000000000000000
0.0000000000000000
0.0000000000000000
0.0000000000000000
0.0000000000000000
0.0000000000000000
0.0000000000000000
0.0000000000000000
0.0000000000000000
0.0000000000000000
0.0000000000000000
0.0000000000000000
0.0000000000000000
0.0000000000000000
0.0000000000000000
0.0000000000000000
0.0000000000000000
0.0000000000000000
0.0000000000000000
0.0000000000000000
0.0000000000000000
0.0000000000000000
0.0000000000000000
0.0000000000000000
0.0000000000000000
0.0000000000000000
0.0000000000000000
0.0000000000000000
0.0000000000000000
0.0000000000000000
0.0000000000000000
0.0000000000000000
0.0000000000000000
0.0000000000000000
0.0000000000000000
0.0000000000000000
0.0000000000000000
0.0000000000000000
0.0000000000000000
0.0000000000000000
0.0000000000000000
0.0000000000000000
0.0000000000000000
0.0000000000000000
0.0000000000000000
0.0000000000000000
0.0000000000000000
0.0000000000000000
0.0000000000000000
0.0000000000000000
0.0000000000000000
0.0000000000000000
0.0000000000000000
0.0000000000000000
0.0000000000000000
0.0000000000000000
0.0000000000000000
0.0000000000000000
0.0000000000000000
0.0000000000000000
0.0000000000000000
0.0000000000000000
0.0000000000000000
0.0000000000000000
0.0000000000000000
0.0000000000000000
0.0000000000000000
0.0000000000000000
0.0000000000000000
0.0000000000000000
0.0000000000000000
0.0000000000000000
0.0000000000000000
0.0000000000000000
0.0000000000000000
0.0000000000000000
0.0000000000000000
0.0000000000000000
0.0000000000000000
0.0000000000000000
0.0000000000000000
0.0000000000000000
0.0000000000000000
0.0000000000000000
0.0000000000000000
0.0000000000000000
0.0000000000000000
0.0000000000000000
0.0000000000000000
0.0000000000000000
0.0000000000000000
0.0000000000000000
0.0000000000000000
0.0000000000000000
0.0000000000000000
0.0000000000000000
0.0000000000000000
0.0000000000000000
0.0000000000000000
0.0000000000000000
0.0000000000000000
0.0000000000000000
0.0000000000000000
0.0000000000000000
0.0000000000000000
0.0000000000000000
0.0000000000000000
0.0000000000000000
0.0000000000000000
0.0000000000000000
0.0000000000000000
0.0000000000000000
0.0000000000000000
0.0000000000000000
0.0000000000000000
0.0000000000000000
0.0000000000000000
0.0000000000000000
0.0000000000000000
0.0000000000000000
0.0000000000000000
0.0000000000000000
0.0000000000000000
0.0000000000000000
0.0000000000000000
0.0000000000000000
0.0000000000000000
0.0000000000000000
0.0000000000000000
0.0000000000000000
0.0000000000000000
0.0000000000000000
0.0000000000000000
0.0000000000000000
0.0000000000000000
0.0000000000000000
0.0000000000000000
0.0000000000000000
0.0000000000000000
0.0000000000000000
0.0000000000000000
0.0000000000000000
0.0000000000000000
0.0000000000000000
0.0000000000000000
0.0000000000000000
0.0000000000000000
0.0000000000000000
0.0000000000000000
0.0000000000000000
0.0000000000000000
0.0000000000000000
0.0000000000000000
0.0000000000000000
0.0000000000000000
0.0000000000000000
0.0000000000000000
0.0000000000000000
0.0000000000000000
0.0000000000000000
0.0000000000000000
0.0000000000000000
0.0000000000000000
0.0000000000000000
0.0000000000000000
0.0000000000000000
0.0000000000000000
0.0000000000000000
0.0000000000000000
0.0000000000000000
0.0000000000000000
0.0000000000000000
0.0000000000000000
0.0000000000000000
0.0000000000000000
0.0000000000000000
0.0000000000000000
0.0000000000000000
0.0000000000000000
0.0000000000000000
0.0000000000000000
0.0000000000000000
0.0000000000000000
0.0000000000000000
0.0000000000000000
0.0000000000000000
0.0000000000000000
0.0000000000000000
0.0000000000000000
0.0000000000000000
0.0000000000000000
0.0000000000000000
0.0000000000000000
0.0000000000000000
0.0000000000000000
0.0000000000000000
0.0000000000000000
0.0000000000000000
0.0000000000000000
0.0000000000000000
0.0000000000000000
0.0000000000000000
0.0000000000000000
0.0000000000000000
0.0000000000000000
0.0000000000000000
0.0000000000000000
0.0000000000000000
0.0000000000000000
0.0000000000000000
0.0000000000000000
0.0000000000000000
0.0000000000000000
0.0000000000000000
0.0000000000000000
0.0000000000000000
0.0000000000000000
0.0000000000000000
0.0000000000000000
0.0000000000000000
0.0000000000000000
0.0000000000000000
0.0000000000000000
0.0000000000000000
0.0000000000000000
0.0000000000000000
0.0000000000000000
0.0000000000000000
0.0000000000000000
0.0000000000000000
0.0000000000000000
0.0000000000000000
0.0000000000000000
0.0000000000000000
0.0000000000000000
0.0000000000000000
0.0000000000000000
0.0000000000000000
0.0000000000000000
0.0000000000000000
0.0000000000000000
0.0000000000000000
0.0000000000000000
0.0000000000000000
0.0000000000000000
0.0000000000000000
0.0000000000000000
0.0000000000000000
0.0000000000000000
0.0000000000000000
0.0000000000000000
0.0000000000000000
0.0000000000000000
0.0000000000000000
0.0000000000000000
0.0000000000000000
0.0000000000000000
0.0000000000000000
0.0000000000000000
0.0000000000000000
0.0000000000000000
0.0000000000000000
0.0000000000000000
0.0000000000000000
0.0000000000000000
0.0000000000000000
0.0000000000000000
0.0000000000000000
0.0000000000000000
0.0000000000000000
0.0000000000000000
0.0000000000000000
0.0000000000000000
0.0000000000000000
0.0000000000000000
0.0000000000000000
0.0000000000000000
0.0000000000000000
0.0000000000000000
0.0000000000000000
0.0000000000000000
0.0000000000000000
0.0000000000000000
0.0000000000000000
0.0000000000000000
0.0000000000000000
0.0000000000000000
0.0000000000000000
0.0000000000000000
0.0000000000000000
0.0000000000000000
0.0000000000000000
0.0000000000000000
0.0000000000000000
0.0000000000000000
0.0000000000000000
0.0000000000000000
0.0000000000000000
0.0000000000000000
0.0000000000000000
0.0000000000000000
0.0000000000000000
0.0000000000000000
0.0000000000000000
0.0000000000000000
0.0000000000000000
0.0000000000000000
0.0000000000000000
0.0000000000000000
0.0000000000000000
0.0000000000000000
0.0000000000000000
0.0000000000000000
0.0000000000000000
0.0000000000000000
0.0000000000000000
0.0000000000000000
0.0000000000000000
0.0000000000000000
0.0000000000000000
0.0000000000000000
0.0000000000000000
0.0000000000000000
0.0000000000000000
0.0000000000000000
0.0000000000000000
0.0000000000000000
0.0000000000000000
0.0000000000000000
0.0000000000000000
0.0000000000000000
0.0000000000000000
0.0000000000000000
0.0000000000000000
0.0000000000000000
0.0000000000000000
0.0000000000000000
0.0000000000000000
0.0000000000000000
0.0000000000000000
0.0000000000000000
0.0000000000000000
0.0000000000000000
0.0000000000000000
0.0000000000000000
0.0000000000000000
0.0000000000000000
0.0000000000000000
0.0000000000000000
0.0000000000000000
0.0000000000000000
0.0000000000000000
0.0000000000000000
0.0000000000000000
0.0000000000000000
0.0000000000000000
0.0000000000000000
0.0000000000000000
0.0000000000000000
0.0000000000000000
0.0000000000000000
0.0000000000000000
0.0000000000000000
0.0000000000000000
0.0000000000000000
0.0000000000000000
0.0000000000000000
0.0000000000000000
0.0000000000000000
0.0000000000000000
0.0000000000000000
0.0000000000000000
0.0000000000000000
0.0000000000000000
0.0000000000000000
0.0000000000000000
0.0000000000000000
0.0000000000000000
0.0000000000000000
0.0000000000000000
0.0000000000000000
0.0000000000000000
0.0000000000000000
0.0000000000000000
0.0000000000000000
0.0000000000000000
0.0000000000000000
0.0000000000000000
0.0000000000000000
0.0000000000000000
0.0000000000000000
0.0000000000000000
0.0000000000000000
0.0000000000000000
0.0000000000000000
0.0000000000000000
0.0000000000000000
0.0000000000000000
0.0000000000000000
0.0000000000000000
0.0000000000000000
0.0000000000000000
0.0000000000000000
0.0000000000000000
0.0000000000000000
0.0000000000000000
0.0000000000000000
0.0000000000000000
0.0000000000000000
0.0000000000000000
0.0000000000000000
0.0000000000000000
0.0000000000000000
0.0000000000000000
0.0000000000000000
0.0000000000000000
0.0000000000000000
0.0000000000000000
0.0000000000000000
0.0000000000000000
0.0000000000000000
0.0000000000000000
0.0000000000000000
0.0000000000000000
0.0000000000000000
0.0000000000000000
0.0000000000000000
0.0000000000000000
0.0000000000000000
0.0000000000000000
0.0000000000000000
0.0000000000000000
0.0000000000000000
0.0000000000000000
0.0000000000000000
0.0000000000000000
0.0000000000000000
0.0000000000000000
0.0000000000000000
0.0000000000000000
0.0000000000000000
0.0000000000000000
0.0000000000000000
0.0000000000000000
0.0000000000000000
0.0000000000000000
0.0000000000000000
0.0000000000000000
0.0000000000000000
0.0000000000000000
0.0000000000000000
0.0000000000000000
0.0000000000000000
0.0000000000000000
0.0000000000000000
0.0000000000000000
0.0000000000000000
0.0000000000000000
0.0000000000000000
0.0000000000000000
0.0000000000000000
0.0000000000000000
0.0000000000000000
0.0000000000000000
0.0000000000000000
0.0000000000000000
0.0000000000000000
0.0000000000000000
0.0000000000000000
0.0000000000000000
0.0000000000000000
0.0000000000000000
0.0000000000000000
0.0000000000000000
0.0000000000000000
0.0000000000000000
0.0000000000000000
0.0000000000000000
0.0000000000000000
0.0000000000000000
0.0000000000000000
0.0000000000000000
0.0000000000000000
0.0000000000000000
0.0000000000000000
0.0000000000000000
0.0000000000000000
0.0000000000000000
0.0000000000000000
0.0000000000000000
0.0000000000000000
0.0000000000000000
0.0000000000000000
0.0000000000000000
0.0000000000000000
0.0000000000000000
0.0000000000000000
0.0000000000000000
0.0000000000000000
0.0000000000000000
0.0000000000000000
0.0000000000000000
0.0000000000000000
0.0000000000000000
0.0000000000000000
0.0000000000000000
0.0000000000000000
0.0000000000000000
0.0000000000000000
0.0000000000000000
0.0000000000000000
0.0000000000000000
0.0000000000000000
0.0000000000000000
0.0000000000000000
0.0000000000000000
0.0000000000000000
0.0000000000000000
0.0000000000000000
0.0000000000000000
0.0000000000000000
0.0000000000000000
0.0000000000000000
0.0000000000000000
0.0000000000000000
0.0000000000000000
0.0000000000000000
0.0000000000000000
0.0000000000000000
0.0000000000000000
0.0000000000000000
0.0000000000000000
0.0000000000000000
0.0000000000000000
0.0000000000000000
0.0000000000000000
0.0000000000000000
0.0000000000000000
0.0000000000000000
0.0000000000000000
0.0000000000000000
0.0000000000000000
0.0000000000000000
0.0000000000000000
0.0000000000000000
0.0000000000000000
0.0000000000000000
0.0000000000000000
0.0000000000000000
0.0000000000000000
0.0000000000000000
0.0000000000000000
0.0000000000000000
0.0000000000000000
0.0000000000000000
0.0000000000000000
0.0000000000000000
0.0000000000000000
0.0000000000000000
0.0000000000000000
0.0000000000000000
0.0000000000000000
0.0000000000000000
0.0000000000000000
0.0000000000000000
0.0000000000000000
0.0000000000000000
0.0000000000000000
0.0000000000000000
0.0000000000000000
0.0000000000000000
0.0000000000000000
0.0000000000000000
0.0000000000000000
0.0000000000000000
0.0000000000000000
0.0000000000000000
0.0000000000000000
0.0000000000000000
0.0000000000000000
0.0000000000000000
0.0000000000000000
0.0000000000000000
0.0000000000000000
0.0000000000000000
0.0000000000000000
0.0000000000000000
0.0000000000000000
0.0000000000000000
0.0000000000000000
0.0000000000000000
0.0000000000000000
0.0000000000000000
0.0000000000000000
0.0000000000000000
0.0000000000000000
0.0000000000000000
0.0000000000000000
0.0000000000000000
0.0000000000000000
0.0000000000000000
0.0000000000000000
0.0000000000000000
0.0000000000000000
0.0000000000000000
0.0000000000000000
0.0000000000000000
0.0000000000000000
0.0000000000000000
0.0000000000000000
0.0000000000000000
0.0000000000000000
0.0000000000000000
0.0000000000000000
0.0000000000000000
0.0000000000000000
0.0000000000000000
0.0000000000000000
0.0000000000000000
0.0000000000000000
0.0000000000000000
0.0000000000000000
0.0000000000000000
0.0000000000000000
0.0000000000000000
0.0000000000000000
0.0000000000000000
0.0000000000000000
0.0000000000000000
0.0000000000000000
0.0000000000000000
0.0000000000000000
0.0000000000000000
0.0000000000000000
0.0000000000000000
0.0000000000000000
0.0000000000000000
0.0000000000000000
0.0000000000000000
0.0000000000000000
0.0000000000000000
0.0000000000000000
0.0000000000000000
0.0000000000000000
0.0000000000000000
0.0000000000000000
0.0000000000000000
0.0000000000000000
0.0000000000000000
0.0000000000000000
0.0000000000000000
0.0000000000000000
0.0000000000000000
0.0000000000000000
0.0000000000000000
0.0000000000000000
0.0000000000000000
0.0000000000000000
0.0000000000000000
0.0000000000000000
0.0000000000000000
0.0000000000000000
0.0000000000000000
0.0000000000000000
0.0000000000000000
0.0000000000000000
0.0000000000000000
0.0000000000000000
0.0000000000000000
0.0000000000000000
0.0000000000000000
0.0000000000000000
0.0000000000000000
0.0000000000000000
0.0000000000000000
0.0000000000000000
0.0000000000000000
0.0000000000000000
0.0000000000000000
0.0000000000000000
0.0000000000000000
0.0000000000000000
0.0000000000000000
0.0000000000000000
0.0000000000000000
0.0000000000000000
0.0000000000000000
0.0000000000000000
0.0000000000000000
0.0000000000000000
0.0000000000000000
0.0000000000000000
0.0000000000000000
0.0000000000000000
0.0000000000000000
0.0000000000000000
0.0000000000000000
0.0000000000000000
0.0000000000000000
0.0000000000000000
0.0000000000000000
0.0000000000000000
0.0000000000000000
0.0000000000000000
0.0000000000000000
0.0000000000000000
0.0000000000000000
0.0000000000000000
0.0000000000000000
0.0000000000000000
0.0000000000000000
0.0000000000000000
0.0000000000000000
0.0000000000000000
0.0000000000000000
0.0000000000000000
0.0000000000000000
0.0000000000000000
0.0000000000000000
0.0000000000000000
0.0000000000000000
0.0000000000000000
0.0000000000000000
0.0000000000000000
0.0000000000000000
0.0000000000000000
0.0000000000000000
0.0000000000000000
0.0000000000000000
0.0000000000000000
0.0000000000000000
0.0000000000000000
0.0000000000000000
0.0000000000000000
0.0000000000000000
0.0000000000000000
0.0000000000000000
0.0000000000000000
0.0000000000000000
0.0000000000000000
0.0000000000000000
0.0000000000000000
0.0000000000000000
0.0000000000000000
0.0000000000000000
0.0000000000000000
0.0000000000000000
0.0000000000000000
0.0000000000000000
0.0000000000000000
0.0000000000000000
0.0000000000000000
0.0000000000000000
0.0000000000000000
0.0000000000000000
0.0000000000000000
0.0000000000000000
0.0000000000000000
0.0000000000000000
0.0000000000000000
0.0000000000000000
0.0000000000000000
0.0000000000000000
0.0000000000000000
0.0000000000000000
0.0000000000000000
0.0000000000000000
0.0000000000000000
0.0000000000000000
0.0000000000000000
0.0000000000000000
0.0000000000000000
0.0000000000000000
0.0000000000000000
0.0000000000000000
0.0000000000000000
0.0000000000000000
0.0000000000000000
0.0000000000000000
0.0000000000000000
0.0000000000000000
0.0000000000000000
0.0000000000000000
0.0000000000000000
0.0000000000000000
0.0000000000000000
0.0000000000000000
0.0000000000000000
0.0000000000000000
0.0000000000000000
0.0000000000000000
0.0000000000000000
0.0000000000000000
0.0000000000000000
0.0000000000000000
0.0000000000000000
0.0000000000000000
0.0000000000000000
0.0000000000000000
0.0000000000000000
0.0000000000000000
0.0000000000000000
0.0000000000000000
0.0000000000000000
0.0000000000000000
0.0000000000000000
0.0000000000000000
0.0000000000000000
0.0000000000000000
0.0000000000000000
0.0000000000000000
0.0000000000000000
0.0000000000000000
0.0000000000000000
0.0000000000000000
0.0000000000000000
0.0000000000000000
0.0000000000000000
0.0000000000000000
0.0000000000000000
0.0000000000000000
0.0000000000000000
0.0000000000000000
0.0000000000000000
0.0000000000000000
0.0000000000000000
0.0000000000000000
0.0000000000000000
0.0000000000000000
0.0000000000000000
0.0000000000000000
0.0000000000000000
0.0000000000000000
0.0000000000000000
0.0000000000000000
0.0000000000000000
0.0000000000000000
0.0000000000000000
0.0000000000000000
0.0000000000000000
0.0000000000000000
0.0000000000000000
0.0000000000000000
0.0000000000000000
0.0000000000000000
0.0000000000000000
0.0000000000000000
0.0000000000000000
0.0000000000000000
0.0000000000000000
0.0000000000000000
0.0000000000000000
0.0000000000000000
0.0000000000000000
0.0000000000000000
0.0000000000000000
0.0000000000000000
0.0000000000000000
0.0000000000000000
0.0000000000000000
0.0000000000000000
0.0000000000000000
0.0000000000000000
0.0000000000000000
0.0000000000000000
0.0000000000000000
0.0000000000000000
0.0000000000000000
0.0000000000000000
0.0000000000000000
0.0000000000000000
0.0000000000000000
0.0000000000000000
0.0000000000000000
0.0000000000000000
0.0000000000000000
0.0000000000000000
0.0000000000000000
0.0000000000000000
0.0000000000000000
0.0000000000000000
0.0000000000000000
0.0000000000000000
0.0000000000000000
0.0000000000000000
0.0000000000000000
0.0000000000000000
0.0000000000000000
0.0000000000000000
0.0000000000000000
0.0000000000000000
0.0000000000000000
0.0000000000000000
0.0000000000000000
0.0000000000000000
0.0000000000000000
0.0000000000000000
0.0000000000000000
0.0000000000000000
0.0000000000000000
0.0000000000000000
0.0000000000000000
0.0000000000000000
0.0000000000000000
0.0000000000000000
0.0000000000000000
0.0000000000000000
0.0000000000000000
0.0000000000000000
0.0000000000000000
0.0000000000000000
0.0000000000000000
0.0000000000000000
0.0000000000000000
0.0000000000000000
0.0000000000000000
0.0000000000000000
0.0000000000000000
0.0000000000000000
0.0000000000000000
0.0000000000000000
0.0000000000000000
0.0000000000000000
0.0000000000000000
0.0000000000000000
0.0000000000000000
0.0000000000000000
0.0000000000000000
0.0000000000000000
0.0000000000000000
0.0000000000000000
0.0000000000000000
0.0000000000000000
0.0000000000000000
0.0000000000000000
0.0000000000000000
0.0000000000000000
0.0000000000000000
0.0000000000000000
0.0000000000000000
0.0000000000000000
0.0000000000000000
0.0000000000000000
0.0000000000000000
0.0000000000000000
0.0000000000000000
0.0000000000000000
0.0000000000000000
0.0000000000000000
0.0000000000000000
0.0000000000000000
0.0000000000000000
0.0000000000000000
0.0000000000000000
0.0000000000000000
0.0000000000000000
0.0000000000000000
0.0000000000000000
0.0000000000000000
0.0000000000000000
0.0000000000000000
0.0000000000000000
0.0000000000000000
0.0000000000000000
0.0000000000000000
0.0000000000000000
0.0000000000000000
0.0000000000000000
0.0000000000000000
0.0000000000000000
0.0000000000000000
0.0000000000000000
0.0000000000000000
0.0000000000000000
0.0000000000000000
0.0000000000000000
0.0000000000000000
0.0000000000000000
0.0000000000000000
0.0000000000000000
0.0000000000000000
0.0000000000000000
0.0000000000000000
0.0000000000000000
0.0000000000000000
0.0000000000000000
0.0000000000000000
0.0000000000000000
0.0000000000000000
0.0000000000000000
0.0000000000000000
0.0000000000000000
0.0000000000000000
0.0000000000000000
0.0000000000000000
0.0000000000000000
0.0000000000000000
0.0000000000000000
0.0000000000000000
0.0000000000000000
0.0000000000000000
0.0000000000000000
0.0000000000000000
0.0000000000000000
0.0000000000000000
0.0000000000000000
0.0000000000000000
0.0000000000000000
0.0000000000000000
0.0000000000000000
0.0000000000000000
0.0000000000000000
0.0000000000000000
0.0000000000000000
0.0000000000000000
0.0000000000000000
0.0000000000000000
0.0000000000000000
0.0000000000000000
0.0000000000000000
0.0000000000000000
0.0000000000000000
0.0000000000000000
0.0000000000000000
0.0000000000000000
0.0000000000000000
0.0000000000000000
0.0000000000000000
0.0000000000000000
0.0000000000000000
0.0000000000000000
0.0000000000000000
0.0000000000000000
0.0000000000000000
0.0000000000000000
0.0000000000000000
0.0000000000000000
0.0000000000000000
0.0000000000000000
0.0000000000000000
0.0000000000000000
0.0000000000000000
0.0000000000000000
0.0000000000000000
0.0000000000000000
0.0000000000000000
0.0000000000000000
0.0000000000000000
0.0000000000000000
0.0000000000000000
0.0000000000000000
0.0000000000000000
0.0000000000000000
0.0000000000000000
0.0000000000000000
0.0000000000000000
0.0000000000000000
0.0000000000000000
0.0000000000000000
0.0000000000000000
0.0000000000000000
0.0000000000000000
0.0000000000000000
0.0000000000000000
0.0000000000000000
0.0000000000000000
0.0000000000000000
0.0000000000000000
0.0000000000000000
0.0000000000000000
0.0000000000000000
0.0000000000000000
0.0000000000000000
0.0000000000000000
0.0000000000000000
0.0000000000000000
0.0000000000000000
0.0000000000000000
0.0000000000000000
0.0000000000000000
0.0000000000000000
0.0000000000000000
0.0000000000000000
0.0000000000000000
0.0000000000000000
0.0000000000000000
0.0000000000000000
0.0000000000000000
0.0000000000000000
0.0000000000000000
0.0000000000000000
0.0000000000000000
0.0000000000000000
0.0000000000000000
0.0000000000000000
0.0000000000000000
0.0000000000000000
0.0000000000000000
0.0000000000000000
0.0000000000000000
0.0000000000000000
0.0000000000000000
0.0000000000000000
0.0000000000000000
0.0000000000000000
0.0000000000000000
0.0000000000000000
0.0000000000000000
0.0000000000000000
0.0000000000000000
0.0000000000000000
0.0000000000000000
0.0000000000000000
0.0000000000000000
0.0000000000000000
0.0000000000000000
0.0000000000000000
0.0000000000000000
0.0000000000000000
0.0000000000000000
0.0000000000000000
0.0000000000000000
0.0000000000000000
0.0000000000000000
0.0000000000000000
0.0000000000000000
0.0000000000000000
0.0000000000000000
0.0000000000000000
0.0000000000000000
0.0000000000000000
0.0000000000000000
0.0000000000000000
0.0000000000000000
0.0000000000000000
0.0000000000000000
0.0000000000000000
0.0000000000000000
0.0000000000000000
0.0000000000000000
0.0000000000000000
0.0000000000000000
0.0000000000000000
0.0000000000000000
0.0000000000000000
0.0000000000000000
0.0000000000000000
0.0000000000000000
0.0000000000000000
0.0000000000000000
0.0000000000000000
0.0000000000000000
0.0000000000000000
0.0000000000000000
0.0000000000000000
0.0000000000000000
0.0000000000000000
0.0000000000000000
0.0000000000000000
0.0000000000000000
0.0000000000000000
0.0000000000000000
0.0000000000000000
0.0000000000000000
0.0000000000000000
0.0000000000000000
0.0000000000000000
0.0000000000000000
0.0000000000000000
0.0000000000000000
0.0000000000000000
0.0000000000000000
0.0000000000000000
0.0000000000000000
0.0000000000000000
0.0000000000000000
0.0000000000000000
0.0000000000000000
0.0000000000000000
0.0000000000000000
0.0000000000000000
0.0000000000000000
0.0000000000000000
0.0000000000000000
0.0000000000000000
0.0000000000000000
0.0000000000000000
0.0000000000000000
0.0000000000000000
0.0000000000000000
0.0000000000000000
0.0000000000000000
0.0000000000000000
0.0000000000000000
0.0000000000000000
0.0000000000000000
0.0000000000000000
0.0000000000000000
0.0000000000000000
0.0000000000000000
0.0000000000000000
0.0000000000000000
0.0000000000000000
0.0000000000000000
0.0000000000000000
0.0000000000000000
0.0000000000000000
0.0000000000000000
0.0000000000000000
0.0000000000000000
0.0000000000000000
0.0000000000000000
0.0000000000000000
0.0000000000000000
0.0000000000000000
0.0000000000000000
0.0000000000000000
0.0000000000000000
0.0000000000000000
0.0000000000000000
0.0000000000000000
0.0000000000000000
0.0000000000000000
0.0000000000000000
0.0000000000000000
0.0000000000000000
0.0000000000000000
0.0000000000000000
0.0000000000000000
0.0000000000000000
0.0000000000000000
0.0000000000000000
0.0000000000000000
0.0000000000000000
0.0000000000000000
0.0000000000000000
0.0000000000000000
0.0000000000000000
0.0000000000000000
0.0000000000000000
0.0000000000000000
0.0000000000000000
0.0000000000000000
0.0000000000000000
0.0000000000000000
0.0000000000000000
0.0000000000000000
0.0000000000000000
0.0000000000000000
0.0000000000000000
0.0000000000000000
0.0000000000000000
0.0000000000000000
0.0000000000000000
0.0000000000000000
0.0000000000000000
0.0000000000000000
0.0000000000000000
0.0000000000000000
0.0000000000000000
0.0000000000000000
0.0000000000000000
0.0000000000000000
0.0000000000000000
0.0000000000000000
0.0000000000000000
0.0000000000000000
0.0000000000000000
0.0000000000000000
0.0000000000000000
0.0000000000000000
0.0000000000000000
0.0000000000000000
0.0000000000000000
0.0000000000000000
0.0000000000000000
0.0000000000000000
0.0000000000000000
0.0000000000000000
0.0000000000000000
0.0000000000000000
0.0000000000000000
0.0000000000000000
0.0000000000000000
0.0000000000000000
0.0000000000000000
0.0000000000000000
0.0000000000000000
0.0000000000000000
0.0000000000000000
0.0000000000000000
0.0000000000000000
0.0000000000000000
0.0000000000000000
0.0000000000000000
0.0000000000000000
0.0000000000000000
0.0000000000000000
0.0000000000000000
0.0000000000000000
0.0000000000000000
0.0000000000000000
0.0000000000000000
0.0000000000000000
0.0000000000000000
0.0000000000000000
0.0000000000000000
0.0000000000000000
0.0000000000000000
0.0000000000000000
0.0000000000000000
0.0000000000000000
0.0000000000000000
0.0000000000000000
0.0000000000000000
0.0000000000000000
0.0000000000000000
0.0000000000000000
0.0000000000000000
0.0000000000000000
0.0000000000000000
0.0000000000000000
0.0000000000000000
0.0000000000000000
0.0000000000000000
0.0000000000000000
0.0000000000000000
0.0000000000000000
0.0000000000000000
0.0000000000000000
0.0000000000000000
0.0000000000000000
0.0000000000000000
0.0000000000000000
0.0000000000000000
0.0000000000000000
0.0000000000000000
0.0000000000000000
0.0000000000000000
0.0000000000000000
0.0000000000000000
0.0000000000000000
0.0000000000000000
0.0000000000000000
0.0000000000000000
0.0000000000000000
0.0000000000000000
0.0000000000000000
0.0000000000000000
0.0000000000000000
0.0000000000000000
0.0000000000000000
0.0000000000000000
0.0000000000000000
0.0000000000000000
0.0000000000000000
0.0000000000000000
0.0000000000000000
0.0000000000000000
0.0000000000000000
0.0000000000000000
0.0000000000000000
0.0000000000000000
0.0000000000000000
0.0000000000000000
0.0000000000000000
0.0000000000000000
0.0000000000000000
0.0000000000000000
0.0000000000000000
0.0000000000000000
0.0000000000000000
0.0000000000000000
0.0000000000000000
0.0000000000000000
0.0000000000000000
0.0000000000000000
0.0000000000000000
0.0000000000000000
0.0000000000000000
0.0000000000000000
0.0000000000000000
0.0000000000000000
0.0000000000000000
0.0000000000000000
0.0000000000000000
0.0000000000000000
0.0000000000000000
0.0000000000000000
0.0000000000000000
0.0000000000000000
0.0000000000000000
0.0000000000000000
0.0000000000000000
0.0000000000000000
0.0000000000000000
0.0000000000000000
0.0000000000000000
0.0000000000000000
0.0000000000000000
0.0000000000000000
0.0000000000000000
0.0000000000000000
0.0000000000000000
0.0000000000000000
0.0000000000000000
0.0000000000000000
0.0000000000000000
0.0000000000000000
0.0000000000000000
0.0000000000000000
0.0000000000000000
0.0000000000000000
0.0000000000000000
0.0000000000000000
0.0000000000000000
0.0000000000000000
0.0000000000000000
0.0000000000000000
0.0000000000000000
0.0000000000000000
0.0000000000000000
0.0000000000000000
0.0000000000000000
0.0000000000000000
0.0000000000000000
0.0000000000000000
0.0000000000000000
0.0000000000000000
0.0000000000000000
0.0000000000000000
0.0000000000000000
0.0000000000000000
0.0000000000000000
0.0000000000000000
0.0000000000000000
0.0000000000000000
0.0000000000000000
0.0000000000000000
0.0000000000000000
0.0000000000000000
0.0000000000000000
0.0000000000000000
0.0000000000000000
0.0000000000000000
0.0000000000000000
0.0000000000000000
0.0000000000000000
0.0000000000000000
0.0000000000000000
0.0000000000000000
0.0000000000000000
0.0000000000000000
0.0000000000000000
0.0000000000000000
0.0000000000000000
0.0000000000000000
0.0000000000000000
0.0000000000000000
0.0000000000000000
0.0000000000000000
0.0000000000000000
0.0000000000000000
0.0000000000000000
0.0000000000000000
0.0000000000000000
0.0000000000000000
0.0000000000000000
0.0000000000000000
0.0000000000000000
0.0000000000000000
0.0000000000000000
0.0000000000000000
0.0000000000000000
0.0000000000000000
0.0000000000000000
0.0000000000000000
0.0000000000000000
0.0000000000000000
0.0000000000000000
0.0000000000000000
0.0000000000000000
0.0000000000000000
0.0000000000000000
0.0000000000000000
0.0000000000000000
0.0000000000000000
0.0000000000000000
0.0000000000000000
0.0000000000000000
0.0000000000000000
0.0000000000000000
0.0000000000000000
0.0000000000000000
0.0000000000000000
0.0000000000000000
0.0000000000000000
0.0000000000000000
0.0000000000000000
0.0000000000000000
0.0000000000000000
0.0000000000000000
0.0000000000000000
0.0000000000000000
0.0000000000000000
0.0000000000000000
0.0000000000000000
0.0000000000000000
0.0000000000000000
0.0000000000000000
0.0000000000000000
0.0000000000000000
0.0000000000000000
0.0000000000000000
0.0000000000000000
0.0000000000000000
0.0000000000000000
0.0000000000000000
0.0000000000000000
0.0000000000000000
0.0000000000000000
0.0000000000000000
0.0000000000000000
0.0000000000000000
0.0000000000000000
0.0000000000000000
0.0000000000000000
0.0000000000000000
0.0000000000000000
0.0000000000000000
0.0000000000000000
0.0000000000000000
0.0000000000000000
0.0000000000000000
0.0000000000000000
0.0000000000000000
0.0000000000000000
0.0000000000000000
0.0000000000000000
0.0000000000000000
0.0000000000000000
0.0000000000000000
0.0000000000000000
0.0000000000000000
0.0000000000000000
0.0000000000000000
0.0000000000000000
0.0000000000000000
0.0000000000000000
0.0000000000000000
0.0000000000000000
0.0000000000000000
0.0000000000000000
0.0000000000000000
0.0000000000000000
0.0000000000000000
0.0000000000000000
0.0000000000000000
0.0000000000000000
0.0000000000000000
0.0000000000000000
0.0000000000000000
0.0000000000000000
0.0000000000000000
0.0000000000000000
0.0000000000000000
0.0000000000000000
0.0000000000000000
0.0000000000000000
0.0000000000000000
0.0000000000000000
0.0000000000000000
0.0000000000000000
0.0000000000000000
0.0000000000000000
0.0000000000000000
0.0000000000000000
0.0000000000000000
0.0000000000000000
0.0000000000000000
0.0000000000000000
0.0000000000000000
0.0000000000000000
0.0000000000000000
0.0000000000000000
0.0000000000000000
0.0000000000000000
0.0000000000000000
0.0000000000000000
0.0000000000000000
0.0000000000000000
0.0000000000000000
0.0000000000000000
0.0000000000000000
0.0000000000000000
0.0000000000000000
0.0000000000000000
0.0000000000000000
0.0000000000000000
0.0000000000000000
0.0000000000000000
0.0000000000000000
0.0000000000000000
0.0000000000000000
0.0000000000000000
0.0000000000000000
0.0000000000000000
0.0000000000000000
0.0000000000000000
0.0000000000000000
0.0000000000000000
0.0000000000000000
0.0000000000000000
0.0000000000000000
0.0000000000000000
0.0000000000000000
0.0000000000000000
0.0000000000000000
0.0000000000000000
0.0000000000000000
0.0000000000000000
0.0000000000000000
0.0000000000000000
0.0000000000000000
0.0000000000000000
0.0000000000000000
0.0000000000000000
0.0000000000000000
0.0000000000000000
0.0000000000000000
0.0000000000000000
0.0000000000000000
0.0000000000000000
0.0000000000000000
0.0000000000000000
0.0000000000000000
0.0000000000000000
0.0000000000000000
0.0000000000000000
0.0000000000000000
0.0000000000000000
0.0000000000000000
0.0000000000000000
0.0000000000000000
0.0000000000000000
0.0000000000000000
0.0000000000000000
0.0000000000000000
0.0000000000000000
0.0000000000000000
0.0000000000000000
0.0000000000000000
0.0000000000000000
0.0000000000000000
0.0000000000000000
0.0000000000000000
0.0000000000000000
0.0000000000000000
0.0000000000000000
0.0000000000000000
0.0000000000000000
0.0000000000000000
0.0000000000000000
0.0000000000000000
0.0000000000000000
0.0000000000000000
0.0000000000000000
0.0000000000000000
0.0000000000000000
0.0000000000000000
0.0000000000000000
0.0000000000000000
0.0000000000000000
0.0000000000000000
0.0000000000000000
0.0000000000000000
0.0000000000000000
0.0000000000000000
0.0000000000000000
0.0000000000000000
0.0000000000000000
0.0000000000000000
0.0000000000000000
0.0000000000000000
0.0000000000000000
0.0000000000000000
0.0000000000000000
0.0000000000000000
0.0000000000000000
0.0000000000000000
0.0000000000000000
0.0000000000000000
0.0000000000000000
0.0000000000000000
0.0000000000000000
0.0000000000000000
0.0000000000000000
0.0000000000000000
0.0000000000000000
0.0000000000000000
0.0000000000000000
0.0000000000000000
0.0000000000000000
0.0000000000000000
0.0000000000000000
0.0000000000000000
0.0000000000000000
0.0000000000000000
0.0000000000000000
0.0000000000000000
0.0000000000000000
0.0000000000000000
0.0000000000000000
0.0000000000000000
0.0000000000000000
0.0000000000000000
0.0000000000000000
0.0000000000000000
0.0000000000000000
0.0000000000000000
0.0000000000000000
0.0000000000000000
0.0000000000000000
0.0000000000000000
0.0000000000000000
0.0000000000000000
0.0000000000000000
0.0000000000000000
0.0000000000000000
0.0000000000000000
0.0000000000000000
0.0000000000000000
0.0000000000000000
0.0000000000000000
0.0000000000000000
0.0000000000000000
0.0000000000000000
0.0000000000000000
0.0000000000000000
0.0000000000000000
0.0000000000000000
0.0000000000000000
0.0000000000000000
0.0000000000000000
0.0000000000000000
0.0000000000000000
0.0000000000000000
0.0000000000000000
0.0000000000000000
0.0000000000000000
0.0000000000000000
0.0000000000000000
0.0000000000000000
0.0000000000000000
0.0000000000000000
0.0000000000000000
0.0000000000000000
0.0000000000000000
0.0000000000000000
0.0000000000000000
0.0000000000000000
0.0000000000000000
0.0000000000000000
0.0000000000000000
0.0000000000000000
0.0000000000000000
0.0000000000000000
0.0000000000000000
0.0000000000000000
0.0000000000000000
0.0000000000000000
0.0000000000000000
0.0000000000000000
0.0000000000000000
0.0000000000000000
0.0000000000000000
0.0000000000000000
0.0000000000000000
0.0000000000000000
0.0000000000000000
0.0000000000000000
0.0000000000000000
0.0000000000000000
0.0000000000000000
0.0000000000000000
0.0000000000000000
0.0000000000000000
0.0000000000000000
0.0000000000000000
0.0000000000000000
0.0000000000000000
0.0000000000000000
0.0000000000000000
0.0000000000000000
0.0000000000000000
0.0000000000000000
0.0000000000000000
0.0000000000000000
0.0000000000000000
0.0000000000000000
0.0000000000000000
0.0000000000000000
0.0000000000000000
0.0000000000000000
0.0000000000000000
0.0000000000000000
0.0000000000000000
0.0000000000000000
0.0000000000000000
0.0000000000000000
0.0000000000000000
0.0000000000000000
0.0000000000000000
0.0000000000000000
0.0000000000000000
0.0000000000000000
0.0000000000000000
0.0000000000000000
0.0000000000000000
0.0000000000000000
0.0000000000000000
0.0000000000000000
0.0000000000000000
0.0000000000000000
0.0000000000000000
0.0000000000000000
0.0000000000000000
0.0000000000000000
0.0000000000000000
0.0000000000000000
0.0000000000000000
0.0000000000000000
0.0000000000000000
0.0000000000000000
0.0000000000000000
0.0000000000000000
0.0000000000000000
0.0000000000000000
0.0000000000000000
0.0000000000000000
0.0000000000000000
0.0000000000000000
0.0000000000000000
0.0000000000000000
0.0000000000000000
0.0000000000000000
0.0000000000000000
0.0000000000000000
0.0000000000000000
0.0000000000000000
0.0000000000000000
0.0000000000000000
0.0000000000000000
0.0000000000000000
0.0000000000000000
0.0000000000000000
0.0000000000000000
0.0000000000000000
0.0000000000000000
0.0000000000000000
0.0000000000000000
0.0000000000000000
0.0000000000000000
0.0000000000000000
0.0000000000000000
0.0000000000000000
0.0000000000000000
0.0000000000000000
0.0000000000000000
0.0000000000000000
0.0000000000000000
0.0000000000000000
0.0000000000000000
0.0000000000000000
0.0000000000000000
0.0000000000000000
0.0000000000000000
0.0000000000000000
0.0000000000000000
0.0000000000000000
0.0000000000000000
0.0000000000000000
0.0000000000000000
0.0000000000000000
0.0000000000000000
0.0000000000000000
0.0000000000000000
0.0000000000000000
0.0000000000000000
0.0000000000000000
0.0000000000000000
0.0000000000000000
0.0000000000000000
0.0000000000000000
0.0000000000000000
0.0000000000000000
0.0000000000000000
0.0000000000000000
0.0000000000000000
0.0000000000000000
0.0000000000000000
0.0000000000000000
0.0000000000000000
0.0000000000000000
0.0000000000000000
0.0000000000000000
0.0000000000000000
0.0000000000000000
0.0000000000000000
0.0000000000000000
0.0000000000000000
0.0000000000000000
0.0000000000000000
0.0000000000000000
0.0000000000000000
0.0000000000000000
0.0000000000000000
0.0000000000000000
0.0000000000000000
0.0000000000000000
0.0000000000000000
0.0000000000000000
0.0000000000000000
0.0000000000000000
0.0000000000000000
0.0000000000000000
0.0000000000000000
0.0000000000000000
0.0000000000000000
0.0000000000000000
0.0000000000000000
0.0000000000000000
0.0000000000000000
0.0000000000000000
0.0000000000000000
0.0000000000000000
0.0000000000000000
0.0000000000000000
0.0000000000000000
0.0000000000000000
0.0000000000000000
0.0000000000000000
0.0000000000000000
0.0000000000000000
0.0000000000000000
0.0000000000000000
0.0000000000000000
0.0000000000000000
0.0000000000000000
0.0000000000000000
0.0000000000000000
0.0000000000000000
0.0000000000000000
0.0000000000000000
0.0000000000000000
0.0000000000000000
0.0000000000000000
0.0000000000000000
0.0000000000000000
0.0000000000000000
0.0000000000000000
0.0000000000000000
0.0000000000000000
0.0000000000000000
0.0000000000000000
0.0000000000000000
0.0000000000000000
0.0000000000000000
0.0000000000000000
0.0000000000000000
0.0000000000000000
0.0000000000000000
0.0000000000000000
0.0000000000000000
0.0000000000000000
0.0000000000000000
0.0000000000000000
0.0000000000000000
0.0000000000000000
0.0000000000000000
0.0000000000000000
0.0000000000000000
0.0000000000000000
0.0000000000000000
0.0000000000000000
0.0000000000000000
0.0000000000000000
0.0000000000000000
0.0000000000000000
0.0000000000000000
0.0000000000000000
0.0000000000000000
0.0000000000000000
0.0000000000000000
0.0000000000000000
0.0000000000000000
0.0000000000000000
0.0000000000000000
0.0000000000000000
0.0000000000000000
0.0000000000000000
0.0000000000000000
0.0000000000000000
0.0000000000000000
0.0000000000000000
0.0000000000000000
0.0000000000000000
0.0000000000000000
0.0000000000000000
0.0000000000000000
0.0000000000000000
0.0000000000000000
0.0000000000000000
0.0000000000000000
0.0000000000000000
0.0000000000000000
0.0000000000000000
0.0000000000000000
0.0000000000000000
0.0000000000000000
0.0000000000000000
0.0000000000000000
0.0000000000000000
0.0000000000000000
0.0000000000000000
0.0000000000000000
0.0000000000000000
0.0000000000000000
0.0000000000000000
0.0000000000000000
0.0000000000000000
0.0000000000000000
0.0000000000000000
0.0000000000000000
0.0000000000000000
0.0000000000000000
0.0000000000000000
0.0000000000000000
0.0000000000000000
0.0000000000000000
0.0000000000000000
0.0000000000000000
0.0000000000000000
0.0000000000000000
0.0000000000000000
0.0000000000000000
0.0000000000000000
0.0000000000000000
0.0000000000000000
0.0000000000000000
0.0000000000000000
0.0000000000000000
0.0000000000000000
0.0000000000000000
0.0000000000000000
0.0000000000000000
0.0000000000000000
0.0000000000000000
0.0000000000000000
0.0000000000000000
0.0000000000000000
0.0000000000000000
0.0000000000000000
0.0000000000000000
0.0000000000000000
0.0000000000000000
0.0000000000000000
0.0000000000000000
0.0000000000000000
0.0000000000000000
0.0000000000000000
0.0000000000000000
0.0000000000000000
0.0000000000000000
0.0000000000000000
0.0000000000000000
0.0000000000000000
0.0000000000000000
0.0000000000000000
0.0000000000000000
0.0000000000000000
0.0000000000000000
0.0000000000000000
0.0000000000000000
0.0000000000000000
0.0000000000000000
0.0000000000000000
0.0000000000000000
0.0000000000000000
0.0000000000000000
0.0000000000000000
0.0000000000000000
0.0000000000000000
0.0000000000000000
0.0000000000000000
0.0000000000000000
0.0000000000000000
0.0000000000000000
0.0000000000000000
0.0000000000000000
0.0000000000000000
0.0000000000000000
0.0000000000000000
0.0000000000000000
0.0000000000000000
0.0000000000000000
0.0000000000000000
0.0000000000000000
0.0000000000000000
0.0000000000000000
0.0000000000000000
0.0000000000000000
0.0000000000000000
0.0000000000000000
0.0000000000000000
0.0000000000000000
0.0000000000000000
0.0000000000000000
0.0000000000000000
0.0000000000000000
0.0000000000000000
0.0000000000000000
0.0000000000000000
0.0000000000000000
0.0000000000000000
0.0000000000000000
0.0000000000000000
0.0000000000000000
0.0000000000000000
0.0000000000000000
0.0000000000000000
0.0000000000000000
0.0000000000000000
0.0000000000000000
0.0000000000000000
0.0000000000000000
0.0000000000000000
0.0000000000000000
0.0000000000000000
0.0000000000000000
0.0000000000000000
0.0000000000000000
0.0000000000000000
0.0000000000000000
0.0000000000000000
0.0000000000000000
0.0000000000000000
0.0000000000000000
0.0000000000000000
0.0000000000000000
0.0000000000000000
0.0000000000000000
0.0000000000000000
0.0000000000000000
0.0000000000000000
0.0000000000000000
0.0000000000000000
0.0000000000000000
0.0000000000000000
0.0000000000000000
0.0000000000000000
0.0000000000000000
0.0000000000000000
0.0000000000000000
0.0000000000000000
0.0000000000000000
0.0000000000000000
0.0000000000000000
0.0000000000000000
0.0000000000000000
0.0000000000000000
0.0000000000000000
0.0000000000000000
0.0000000000000000
0.0000000000000000
0.0000000000000000
0.0000000000000000
0.0000000000000000
0.0000000000000000
0.0000000000000000
0.0000000000000000
0.0000000000000000
0.0000000000000000
0.0000000000000000
0.0000000000000000
0.0000000000000000
0.0000000000000000
0.0000000000000000
0.0000000000000000
0.0000000000000000
0.0000000000000000
0.0000000000000000
0.0000000000000000
0.0000000000000000
0.0000000000000000
0.0000000000000000
0.0000000000000000
0.0000000000000000
0.0000000000000000
0.0000000000000000
0.0000000000000000
0.0000000000000000
0.0000000000000000
0.0000000000000000
0.0000000000000000
0.0000000000000000
0.0000000000000000
0.0000000000000000
0.0000000000000000
0.0000000000000000
0.0000000000000000
0.0000000000000000
0.0000000000000000
0.0000000000000000
0.0000000000000000
0.0000000000000000
0.0000000000000000
0.0000000000000000
0.0000000000000000
0.0000000000000000
0.0000000000000000
0.0000000000000000
0.0000000000000000
0.0000000000000000
0.0000000000000000
0.0000000000000000
0.0000000000000000
0.0000000000000000
0.0000000000000000
0.0000000000000000
0.0000000000000000
0.0000000000000000
0.0000000000000000
0.0000000000000000
0.0000000000000000
0.0000000000000000
0.0000000000000000
0.0000000000000000
0.0000000000000000
0.0000000000000000
0.0000000000000000
0.0000000000000000
0.0000000000000000
0.0000000000000000
0.0000000000000000
0.0000000000000000
0.0000000000000000
0.0000000000000000
0.0000000000000000
0.0000000000000000
0.0000000000000000
0.0000000000000000
0.0000000000000000
0.0000000000000000
0.0000000000000000
0.0000000000000000
0.0000000000000000
0.0000000000000000
0.0000000000000000
0.0000000000000000
0.0000000000000000
0.0000000000000000
0.0000000000000000
0.0000000000000000
0.0000000000000000
0.0000000000000000
0.0000000000000000
0.0000000000000000
0.0000000000000000
0.0000000000000000
0.0000000000000000
0.0000000000000000
0.0000000000000000
0.0000000000000000
0.0000000000000000
0.0000000000000000
0.0000000000000000
0.0000000000000000
0.0000000000000000
0.0000000000000000
0.0000000000000000
0.0000000000000000
0.0000000000000000
0.0000000000000000
0.0000000000000000
0.0000000000000000
0.0000000000000000
0.0000000000000000
0.0000000000000000
0.0000000000000000
0.0000000000000000
0.0000000000000000
0.0000000000000000
0.0000000000000000
0.0000000000000000
0.0000000000000000
0.0000000000000000
0.0000000000000000
0.0000000000000000
0.0000000000000000
0.0000000000000000
0.0000000000000000
0.0000000000000000
0.0000000000000000
0.0000000000000000
0.0000000000000000
0.0000000000000000
0.0000000000000000
0.0000000000000000
0.0000000000000000
0.0000000000000000
0.0000000000000000
0.0000000000000000
0.0000000000000000
0.0000000000000000
0.0000000000000000
0.0000000000000000
0.0000000000000000
0.0000000000000000
0.0000000000000000
0.0000000000000000
0.0000000000000000
0.0000000000000000
0.0000000000000000
0.0000000000000000
0.0000000000000000
0.0000000000000000
0.0000000000000000
0.0000000000000000
0.0000000000000000
0.0000000000000000
0.0000000000000000
0.0000000000000000
0.0000000000000000
0.0000000000000000
0.0000000000000000
0.0000000000000000
0.0000000000000000
0.0000000000000000
0.0000000000000000
0.0000000000000000
0.0000000000000000
0.0000000000000000
0.0000000000000000
0.0000000000000000
0.0000000000000000
0.0000000000000000
0.0000000000000000
0.0000000000000000
0.0000000000000000
0.0000000000000000
0.0000000000000000
0.0000000000000000
0.0000000000000000
0.0000000000000000
0.0000000000000000
0.0000000000000000
0.0000000000000000
0.0000000000000000
0.0000000000000000
0.0000000000000000
0.0000000000000000
0.0000000000000000
0.0000000000000000
0.0000000000000000
0.0000000000000000
0.0000000000000000
0.0000000000000000
0.0000000000000000
0.0000000000000000
0.0000000000000000
0.0000000000000000
0.0000000000000000
0.0000000000000000
0.0000000000000000
0.0000000000000000
0.0000000000000000
0.0000000000000000
0.0000000000000000
0.0000000000000000
0.0000000000000000
0.0000000000000000
0.0000000000000000
0.0000000000000000
0.0000000000000000
0.0000000000000000
0.0000000000000000
0.0000000000000000
0.0000000000000000
0.0000000000000000
0.0000000000000000
0.0000000000000000
0.0000000000000000
0.0000000000000000
0.0000000000000000
0.0000000000000000
0.0000000000000000
0.0000000000000000
0.0000000000000000
0.0000000000000000
0.0000000000000000
0.0000000000000000
0.0000000000000000
0.0000000000000000
0.0000000000000000
0.0000000000000000
0.0000000000000000
0.0000000000000000
0.0000000000000000
0.0000000000000000
0.0000000000000000
0.0000000000000000
0.0000000000000000
0.0000000000000000
0.0000000000000000
0.0000000000000000
0.0000000000000000
0.0000000000000000
0.0000000000000000
0.0000000000000000
0.0000000000000000
0.0000000000000000
0.0000000000000000
0.0000000000000000
0.0000000000000000
0.0000000000000000
0.0000000000000000
0.0000000000000000
0.0000000000000000
0.0000000000000000
0.0000000000000000
0.0000000000000000
0.0000000000000000
0.0000000000000000
0.0000000000000000
0.0000000000000000
0.0000000000000000
0.0000000000000000
0.0000000000000000
0.0000000000000000
0.0000000000000000
0.0000000000000000
0.0000000000000000
0.0000000000000000
0.0000000000000000
0.0000000000000000
0.0000000000000000
0.0000000000000000
0.0000000000000000
0.0000000000000000
0.0000000000000000
0.0000000000000000
0.0000000000000000
0.0000000000000000
0.0000000000000000
0.0000000000000000
0.0000000000000000
0.0000000000000000
0.0000000000000000
0.0000000000000000
0.0000000000000000
0.0000000000000000
0.0000000000000000
0.0000000000000000
0.0000000000000000
0.0000000000000000
0.0000000000000000
0.0000000000000000
0.0000000000000000
0.0000000000000000
0.0000000000000000
0.0000000000000000
0.0000000000000000
0.0000000000000000
0.0000000000000000
0.0000000000000000
0.0000000000000000
0.0000000000000000
0.0000000000000000
0.0000000000000000
0.0000000000000000
0.0000000000000000
0.0000000000000000
0.0000000000000000
0.0000000000000000
0.0000000000000000
0.0000000000000000
0.0000000000000000
0.0000000000000000
0.0000000000000000
0.0000000000000000
0.0000000000000000
0.0000000000000000
0.0000000000000000
0.0000000000000000
0.0000000000000000
0.0000000000000000
0.0000000000000000
0.0000000000000000
0.0000000000000000
0.0000000000000000
0.0000000000000000
0.0000000000000000
0.0000000000000000
0.0000000000000000
0.0000000000000000
0.0000000000000000
0.0000000000000000
0.0000000000000000
0.0000000000000000
0.0000000000000000
0.0000000000000000
0.0000000000000000
0.0000000000000000
0.0000000000000000
0.0000000000000000
0.0000000000000000
0.0000000000000000
0.0000000000000000
0.0000000000000000
0.0000000000000000
0.0000000000000000
0.0000000000000000
0.0000000000000000
0.0000000000000000
0.0000000000000000
0.0000000000000000
0.0000000000000000
0.0000000000000000
0.0000000000000000
0.0000000000000000
0.0000000000000000
0.0000000000000000
0.0000000000000000
0.0000000000000000
0.0000000000000000
0.0000000000000000
0.0000000000000000
0.0000000000000000
0.0000000000000000
0.0000000000000000
0.0000000000000000
0.0000000000000000
0.0000000000000000
0.0000000000000000
0.0000000000000000
0.0000000000000000
0.0000000000000000
0.0000000000000000
0.0000000000000000
0.0000000000000000
0.0000000000000000
0.0000000000000000
0.0000000000000000
0.0000000000000000
0.0000000000000000
0.0000000000000000
0.0000000000000000
0.0000000000000000
0.0000000000000000
0.0000000000000000
0.0000000000000000
0.0000000000000000
0.0000000000000000
0.0000000000000000
0.0000000000000000
0.0000000000000000
0.0000000000000000
0.0000000000000000
0.0000000000000000
0.0000000000000000
0.0000000000000000
0.0000000000000000
0.0000000000000000
0.0000000000000000
0.0000000000000000
0.0000000000000000
0.0000000000000000
0.0000000000000000
0.0000000000000000
0.0000000000000000
0.0000000000000000
0.0000000000000000
0.0000000000000000
0.0000000000000000
0.0000000000000000
0.0000000000000000
0.0000000000000000
0.0000000000000000
0.0000000000000000
0.0000000000000000
0.0000000000000000
0.0000000000000000
0.0000000000000000
0.0000000000000000
0.0000000000000000
0.0000000000000000
0.0000000000000000
0.0000000000000000
0.0000000000000000
0.0000000000000000
0.0000000000000000
0.0000000000000000
0.0000000000000000
0.0000000000000000
0.0000000000000000
0.0000000000000000
0.0000000000000000
0.0000000000000000
0.0000000000000000
0.0000000000000000
0.0000000000000000
0.0000000000000000
0.0000000000000000
0.0000000000000000
0.0000000000000000
0.0000000000000000
0.0000000000000000
0.0000000000000000
0.0000000000000000
0.0000000000000000
0.0000000000000000
0.0000000000000000
0.0000000000000000
0.0000000000000000
0.0000000000000000
0.0000000000000000
0.0000000000000000
0.0000000000000000
0.0000000000000000
0.0000000000000000
0.0000000000000000
0.0000000000000000
0.0000000000000000
0.0000000000000000
0.0000000000000000
0.0000000000000000
0.0000000000000000
0.0000000000000000
0.0000000000000000
0.0000000000000000
0.0000000000000000
0.0000000000000000
0.0000000000000000
0.0000000000000000
0.0000000000000000
0.0000000000000000
0.0000000000000000
0.0000000000000000
0.0000000000000000
0.0000000000000000
0.0000000000000000
0.0000000000000000
0.0000000000000000
0.0000000000000000
0.0000000000000000
0.0000000000000000
0.0000000000000000
0.0000000000000000
0.0000000000000000
0.0000000000000000
0.0000000000000000
0.0000000000000000
0.0000000000000000
0.0000000000000000
0.0000000000000000
0.0000000000000000
0.0000000000000000
0.0000000000000000
0.0000000000000000
0.0000000000000000
0.0000000000000000
0.0000000000000000
0.0000000000000000
0.0000000000000000
0.0000000000000000
0.0000000000000000
0.0000000000000000
0.0000000000000000
0.0000000000000000
0.0000000000000000
0.0000000000000000
0.0000000000000000
0.0000000000000000
0.0000000000000000
0.0000000000000000
0.0000000000000000
0.0000000000000000
0.0000000000000000
0.0000000000000000
0.0000000000000000
0.0000000000000000
0.0000000000000000
0.0000000000000000
0.0000000000000000
0.0000000000000000
0.0000000000000000
0.0000000000000000
0.0000000000000000
0.0000000000000000
0.0000000000000000
0.0000000000000000
0.0000000000000000
0.0000000000000000
0.0000000000000000
0.0000000000000000
0.0000000000000000
0.0000000000000000
0.0000000000000000
0.0000000000000000
0.0000000000000000
0.0000000000000000
0.0000000000000000
0.0000000000000000
0.0000000000000000
0.0000000000000000
0.0000000000000000
0.0000000000000000
0.0000000000000000
0.0000000000000000
0.0000000000000000
0.0000000000000000
0.0000000000000000
0.0000000000000000
0.0000000000000000
0.0000000000000000
0.0000000000000000
0.0000000000000000
0.0000000000000000
0.0000000000000000
0.0000000000000000
0.0000000000000000
0.0000000000000000
0.0000000000000000
0.0000000000000000
0.0000000000000000
0.0000000000000000
0.0000000000000000
0.0000000000000000
0.0000000000000000
0.0000000000000000
0.0000000000000000
0.0000000000000000
0.0000000000000000
0.0000000000000000
0.0000000000000000
0.0000000000000000
0.0000000000000000
0.0000000000000000
0.0000000000000000
0.0000000000000000
0.0000000000000000
0.0000000000000000
0.0000000000000000
0.0000000000000000
0.0000000000000000
0.0000000000000000
0.0000000000000000
0.0000000000000000
0.0000000000000000
0.0000000000000000
0.0000000000000000
0.0000000000000000
0.0000000000000000
0.0000000000000000
0.0000000000000000
0.0000000000000000
0.0000000000000000
0.0000000000000000
0.0000000000000000
0.0000000000000000
0.0000000000000000
0.0000000000000000
0.0000000000000000
0.0000000000000000
0.0000000000000000
0.0000000000000000
0.0000000000000000
0.0000000000000000
0.0000000000000000
0.0000000000000000
0.0000000000000000
0.0000000000000000
0.0000000000000000
0.0000000000000000
0.0000000000000000
0.0000000000000000
0.0000000000000000
0.0000000000000000
0.0000000000000000
0.0000000000000000
0.0000000000000000
0.0000000000000000
0.0000000000000000
0.0000000000000000
0.0000000000000000
0.0000000000000000
0.0000000000000000
0.0000000000000000
0.0000000000000000
0.0000000000000000
0.0000000000000000
0.0000000000000000
0.0000000000000000
0.0000000000000000
0.0000000000000000
0.0000000000000000
0.0000000000000000
0.0000000000000000
0.0000000000000000
0.0000000000000000
0.0000000000000000
0.0000000000000000
0.0000000000000000
0.0000000000000000
0.0000000000000000
0.0000000000000000
0.0000000000000000
0.0000000000000000
0.0000000000000000
0.0000000000000000
0.0000000000000000
0.0000000000000000
0.0000000000000000
0.0000000000000000
0.0000000000000000
0.0000000000000000
0.0000000000000000
0.0000000000000000
0.0000000000000000
0.0000000000000000
0.0000000000000000
0.0000000000000000
0.0000000000000000
0.0000000000000000
0.0000000000000000
0.0000000000000000
0.0000000000000000
0.0000000000000000
0.0000000000000000
0.0000000000000000
0.0000000000000000
0.0000000000000000
0.0000000000000000
0.0000000000000000
0.0000000000000000
0.0000000000000000
0.0000000000000000
0.0000000000000000
0.0000000000000000
0.0000000000000000
0.0000000000000000
0.0000000000000000
0.0000000000000000
0.0000000000000000
0.0000000000000000
0.0000000000000000
0.0000000000000000
0.0000000000000000
0.0000000000000000
0.0000000000000000
0.0000000000000000
0.0000000000000000
0.0000000000000000
0.0000000000000000
0.0000000000000000
0.0000000000000000
0.0000000000000000
0.0000000000000000
0.0000000000000000
0.0000000000000000
0.0000000000000000
0.0000000000000000
0.0000000000000000
0.0000000000000000
0.0000000000000000
0.0000000000000000
0.0000000000000000
0.0000000000000000
0.0000000000000000
0.0000000000000000
0.0000000000000000
0.0000000000000000
0.0000000000000000
0.0000000000000000
0.0000000000000000
0.0000000000000000
0.0000000000000000
0.0000000000000000
0.0000000000000000
0.0000000000000000
0.0000000000000000
0.0000000000000000
0.0000000000000000
0.0000000000000000
0.0000000000000000
0.0000000000000000
0.0000000000000000
0.0000000000000000
0.0000000000000000
0.0000000000000000
0.0000000000000000
0.0000000000000000
0.0000000000000000
0.0000000000000000
0.0000000000000000
0.0000000000000000
0.0000000000000000
0.0000000000000000
0.0000000000000000
0.0000000000000000
0.0000000000000000
0.0000000000000000
0.0000000000000000
0.0000000000000000
0.0000000000000000
0.0000000000000000
0.0000000000000000
0.0000000000000000
0.0000000000000000
0.0000000000000000
0.0000000000000000
0.0000000000000000
0.0000000000000000
0.0000000000000000
0.0000000000000000
0.0000000000000000
0.0000000000000000
0.0000000000000000
0.0000000000000000
0.0000000000000000
0.0000000000000000
0.0000000000000000
0.0000000000000000
0.0000000000000000
0.0000000000000000
0.0000000000000000
0.0000000000000000
0.0000000000000000
0.0000000000000000
0.0000000000000000
0.0000000000000000
0.0000000000000000
0.0000000000000000
0.0000000000000000
0.0000000000000000
0.0000000000000000
0.0000000000000000
0.0000000000000000
0.0000000000000000
0.0000000000000000
0.0000000000000000
0.0000000000000000
0.0000000000000000
0.0000000000000000
0.0000000000000000
0.0000000000000000
0.0000000000000000
0.0000000000000000
0.0000000000000000
0.0000000000000000
0.0000000000000000
0.0000000000000000
0.0000000000000000
0.0000000000000000
0.0000000000000000
0.0000000000000000
0.0000000000000000
0.0000000000000000
0.0000000000000000
0.0000000000000000
0.0000000000000000
0.0000000000000000
0.0000000000000000
0.0000000000000000
0.0000000000000000
0.0000000000000000
0.0000000000000000
0.0000000000000000
0.0000000000000000
0.0000000000000000
0.0000000000000000
0.0000000000000000
0.0000000000000000
0.0000000000000000
0.0000000000000000
0.0000000000000000
0.0000000000000000
0.0000000000000000
0.0000000000000000
0.0000000000000000
0.0000000000000000
0.0000000000000000
0.0000000000000000
0.0000000000000000
0.0000000000000000
0.0000000000000000
0.0000000000000000
0.0000000000000000
0.0000000000000000
0.0000000000000000
0.0000000000000000
0.0000000000000000
0.0000000000000000
0.0000000000000000
0.0000000000000000
0.0000000000000000
0.0000000000000000
0.0000000000000000
0.0000000000000000
0.0000000000000000
0.0000000000000000
0.0000000000000000
0.0000000000000000
0.0000000000000000
0.0000000000000000
0.0000000000000000
0.0000000000000000
0.0000000000000000
0.0000000000000000
0.0000000000000000
0.0000000000000000
0.0000000000000000
0.0000000000000000
0.0000000000000000
0.0000000000000000
0.0000000000000000
0.0000000000000000
0.0000000000000000
0.0000000000000000
0.0000000000000000
0.0000000000000000
0.0000000000000000
0.0000000000000000
0.0000000000000000
0.0000000000000000
0.0000000000000000
0.0000000000000000
0.0000000000000000
0.0000000000000000
0.0000000000000000
0.0000000000000000
0.0000000000000000
0.0000000000000000
0.0000000000000000
0.0000000000000000
0.0000000000000000
0.0000000000000000
0.0000000000000000
0.0000000000000000
0.0000000000000000
0.0000000000000000
0.0000000000000000
0.0000000000000000
0.0000000000000000
0.0000000000000000
0.0000000000000000
0.0000000000000000
0.0000000000000000
0.0000000000000000
0.0000000000000000
0.0000000000000000
0.0000000000000000
0.0000000000000000
0.0000000000000000
0.0000000000000000
0.0000000000000000
0.0000000000000000
0.0000000000000000
0.0000000000000000
0.0000000000000000
0.0000000000000000
0.0000000000000000
0.0000000000000000
0.0000000000000000
0.0000000000000000
0.0000000000000000
0.0000000000000000
0.0000000000000000
0.0000000000000000
0.0000000000000000
0.0000000000000000
0.0000000000000000
0.0000000000000000
0.0000000000000000
0.0000000000000000
0.0000000000000000
0.0000000000000000
0.0000000000000000
0.0000000000000000
0.0000000000000000
0.0000000000000000
0.0000000000000000
0.0000000000000000
0.0000000000000000
0.0000000000000000
0.0000000000000000
0.0000000000000000
0.0000000000000000
0.0000000000000000
0.0000000000000000
0.0000000000000000
0.0000000000000000
0.0000000000000000
0.0000000000000000
0.0000000000000000
0.0000000000000000
0.0000000000000000
0.0000000000000000
0.0000000000000000
0.0000000000000000
0.0000000000000000
0.0000000000000000
0.0000000000000000
0.0000000000000000
0.0000000000000000
0.0000000000000000
0.0000000000000000
0.0000000000000000
0.0000000000000000
0.0000000000000000
0.0000000000000000
0.0000000000000000
0.0000000000000000
0.0000000000000000
0.0000000000000000
0.0000000000000000
0.0000000000000000
0.0000000000000000
0.0000000000000000
0.0000000000000000
0.0000000000000000
0.0000000000000000
0.0000000000000000
0.0000000000000000
0.0000000000000000
0.0000000000000000
0.0000000000000000
0.0000000000000000
0.0000000000000000
0.0000000000000000
0.0000000000000000
0.0000000000000000
0.0000000000000000
0.0000000000000000
0.0000000000000000
0.0000000000000000
0.0000000000000000
0.0000000000000000
0.0000000000000000
0.0000000000000000
0.0000000000000000
0.0000000000000000
0.0000000000000000
0.0000000000000000
0.0000000000000000
0.0000000000000000
0.0000000000000000
0.0000000000000000
0.0000000000000000
0.0000000000000000
0.0000000000000000
0.0000000000000000
0.0000000000000000
0.0000000000000000
0.0000000000000000
0.0000000000000000
0.0000000000000000
0.0000000000000000
0.0000000000000000
0.0000000000000000
0.0000000000000000
0.0000000000000000
0.0000000000000000
0.0000000000000000
0.0000000000000000
0.0000000000000000
0.0000000000000000
0.0000000000000000
0.0000000000000000
0.0000000000000000
0.0000000000000000
0.0000000000000000
0.0000000000000000
0.0000000000000000
0.0000000000000000
0.0000000000000000
0.0000000000000000
0.0000000000000000
0.0000000000000000
0.0000000000000000
0.0000000000000000
0.0000000000000000
0.0000000000000000
0.0000000000000000
0.0000000000000000
0.0000000000000000
0.0000000000000000
0.0000000000000000
0.0000000000000000
0.0000000000000000
0.0000000000000000
0.0000000000000000
0.0000000000000000
0.0000000000000000
0.0000000000000000
0.0000000000000000
0.0000000000000000
0.0000000000000000
0.0000000000000000
0.0000000000000000
0.0000000000000000
0.0000000000000000
0.0000000000000000
0.0000000000000000
0.0000000000000000
0.0000000000000000
0.0000000000000000
0.0000000000000000
0.0000000000000000
0.0000000000000000
0.0000000000000000
0.0000000000000000
0.0000000000000000
0.0000000000000000
0.0000000000000000
0.0000000000000000
0.0000000000000000
0.0000000000000000
0.0000000000000000
0.0000000000000000
0.0000000000000000
0.0000000000000000
0.0000000000000000
0.0000000000000000
0.0000000000000000
0.0000000000000000
0.0000000000000000
0.0000000000000000
0.0000000000000000
0.0000000000000000
0.0000000000000000
0.0000000000000000
0.0000000000000000
0.0000000000000000
0.0000000000000000
0.0000000000000000
0.0000000000000000
0.0000000000000000
0.0000000000000000
0.0000000000000000
0.0000000000000000
0.0000000000000000
0.0000000000000000
0.0000000000000000
0.0000000000000000
0.0000000000000000
0.0000000000000000
0.0000000000000000
0.0000000000000000
0.0000000000000000
0.0000000000000000
0.0000000000000000
0.0000000000000000
0.0000000000000000
0.0000000000000000
0.0000000000000000
0.0000000000000000
0.0000000000000000
0.0000000000000000
0.0000000000000000
0.0000000000000000
0.0000000000000000
0.0000000000000000
0.0000000000000000
0.0000000000000000
0.0000000000000000
0.0000000000000000
0.0000000000000000
0.0000000000000000
0.0000000000000000
0.0000000000000000
0.0000000000000000
0.0000000000000000
0.0000000000000000
0.0000000000000000
0.0000000000000000
0.0000000000000000
0.0000000000000000
0.0000000000000000
0.0000000000000000
0.0000000000000000
0.0000000000000000
0.0000000000000000
0.0000000000000000
0.0000000000000000
0.0000000000000000
0.0000000000000000
0.0000000000000000
0.0000000000000000
0.0000000000000000
0.0000000000000000
0.0000000000000000
0.0000000000000000
0.0000000000000000
0.0000000000000000
0.0000000000000000
0.0000000000000000
0.0000000000000000
0.0000000000000000
0.0000000000000000
0.0000000000000000
0.0000000000000000
0.0000000000000000
0.0000000000000000
0.0000000000000000
0.0000000000000000
0.0000000000000000
0.0000000000000000
0.0000000000000000
0.0000000000000000
0.0000000000000000
0.0000000000000000
0.0000000000000000
0.0000000000000000
0.0000000000000000
0.0000000000000000
0.0000000000000000
0.0000000000000000
0.0000000000000000
0.0000000000000000
0.0000000000000000
0.0000000000000000
0.0000000000000000
0.0000000000000000
0.0000000000000000
0.0000000000000000
0.0000000000000000
0.0000000000000000
0.0000000000000000
0.0000000000000000
0.0000000000000000
0.0000000000000000
0.0000000000000000
0.0000000000000000
0.0000000000000000
0.0000000000000000
0.0000000000000000
0.0000000000000000
0.0000000000000000
0.0000000000000000
0.0000000000000000
0.0000000000000000
0.0000000000000000
0.0000000000000000
0.0000000000000000
0.0000000000000000
0.0000000000000000
0.0000000000000000
0.0000000000000000
0.0000000000000000
0.0000000000000000
0.0000000000000000
0.0000000000000000
0.0000000000000000
0.0000000000000000
0.0000000000000000
0.0000000000000000
0.0000000000000000
0.0000000000000000
0.0000000000000000
0.0000000000000000
0.0000000000000000
0.0000000000000000
0.0000000000000000
0.0000000000000000
0.0000000000000000
0.0000000000000000
0.0000000000000000
0.0000000000000000
0.0000000000000000
0.0000000000000000
0.0000000000000000
0.0000000000000000
0.0000000000000000
0.0000000000000000
0.0000000000000000
0.0000000000000000
0.0000000000000000
0.0000000000000000
0.0000000000000000
0.0000000000000000
0.0000000000000000
0.0000000000000000
0.0000000000000000
0.0000000000000000
0.0000000000000000
0.0000000000000000
0.0000000000000000
0.0000000000000000
0.0000000000000000
0.0000000000000000
0.0000000000000000
0.0000000000000000
0.0000000000000000
0.0000000000000000
0.0000000000000000
0.0000000000000000
0.0000000000000000
0.0000000000000000
0.0000000000000000
0.0000000000000000
0.0000000000000000
0.0000000000000000
0.0000000000000000
0.0000000000000000
0.0000000000000000
0.0000000000000000
0.0000000000000000
0.0000000000000000
0.0000000000000000
0.0000000000000000
0.0000000000000000
0.0000000000000000
0.0000000000000000
0.0000000000000000
0.0000000000000000
0.0000000000000000
0.0000000000000000
0.0000000000000000
0.0000000000000000
0.0000000000000000
0.0000000000000000
0.0000000000000000
0.0000000000000000
0.0000000000000000
0.0000000000000000
0.0000000000000000
0.0000000000000000
0.0000000000000000
0.0000000000000000
0.0000000000000000
0.0000000000000000
0.0000000000000000
0.0000000000000000
0.0000000000000000
0.0000000000000000
0.0000000000000000
0.0000000000000000
0.0000000000000000
0.0000000000000000
0.0000000000000000
0.0000000000000000
0.0000000000000000
0.0000000000000000
0.0000000000000000
0.0000000000000000
0.0000000000000000
0.0000000000000000
0.0000000000000000
0.0000000000000000
0.0000000000000000
0.0000000000000000
0.0000000000000000
0.0000000000000000
0.0000000000000000
0.0000000000000000
0.0000000000000000
0.0000000000000000
0.0000000000000000
0.0000000000000000
0.0000000000000000
0.0000000000000000
0.0000000000000000
0.0000000000000000
0.0000000000000000
0.0000000000000000
0.0000000000000000
0.0000000000000000
0.0000000000000000
0.0000000000000000
0.0000000000000000
0.0000000000000000
0.0000000000000000
0.0000000000000000
0.0000000000000000
0.0000000000000000
0.0000000000000000
0.0000000000000000
0.0000000000000000
0.0000000000000000
0.0000000000000000
0.0000000000000000
0.0000000000000000
0.0000000000000000
0.0000000000000000
0.0000000000000000
0.0000000000000000
0.0000000000000000
0.0000000000000000
0.0000000000000000
0.0000000000000000
0.0000000000000000
0.0000000000000000
0.0000000000000000
0.0000000000000000
0.0000000000000000
0.0000000000000000
0.0000000000000000
0.0000000000000000
0.0000000000000000
0.0000000000000000
0.0000000000000000
0.0000000000000000
0.0000000000000000
0.0000000000000000
0.0000000000000000
0.0000000000000000
0.0000000000000000
0.0000000000000000
0.0000000000000000
0.0000000000000000
0.0000000000000000
0.0000000000000000
0.0000000000000000
0.0000000000000000
0.0000000000000000
0.0000000000000000
0.0000000000000000
0.0000000000000000
0.0000000000000000
0.0000000000000000
0.0000000000000000
0.0000000000000000
0.0000000000000000
0.0000000000000000
0.0000000000000000
0.0000000000000000
0.0000000000000000
0.0000000000000000
0.0000000000000000
0.0000000000000000
0.0000000000000000
0.0000000000000000
0.0000000000000000
0.0000000000000000
0.0000000000000000
0.0000000000000000
0.0000000000000000
0.0000000000000000
0.0000000000000000
0.0000000000000000
0.0000000000000000
0.0000000000000000
0.0000000000000000
0.0000000000000000
0.0000000000000000
0.0000000000000000
0.0000000000000000
0.0000000000000000
0.0000000000000000
0.0000000000000000
0.0000000000000000
0.0000000000000000
0.0000000000000000
0.0000000000000000
0.0000000000000000
0.0000000000000000
0.0000000000000000
0.0000000000000000
0.0000000000000000
0.0000000000000000
0.0000000000000000
0.0000000000000000
0.0000000000000000
0.0000000000000000
0.0000000000000000
0.0000000000000000
0.0000000000000000
0.0000000000000000
0.0000000000000000
0.0000000000000000
0.0000000000000000
0.0000000000000000
0.0000000000000000
0.0000000000000000
0.0000000000000000
0.0000000000000000
0.0000000000000000
0.0000000000000000
0.0000000000000000
0.0000000000000000
0.0000000000000000
0.0000000000000000
0.0000000000000000
0.0000000000000000
0.0000000000000000
0.0000000000000000
0.0000000000000000
0.0000000000000000
0.0000000000000000
0.0000000000000000
0.0000000000000000
0.0000000000000000
0.0000000000000000
0.0000000000000000
0.0000000000000000
0.0000000000000000
0.0000000000000000
0.0000000000000000
0.0000000000000000
0.0000000000000000
0.0000000000000000
0.0000000000000000
0.0000000000000000
0.0000000000000000
0.0000000000000000
0.0000000000000000
0.0000000000000000
0.0000000000000000
0.0000000000000000
0.0000000000000000
0.0000000000000000
0.0000000000000000
0.0000000000000000
0.0000000000000000
0.0000000000000000
0.0000000000000000
0.0000000000000000
0.0000000000000000
0.0000000000000000
0.0000000000000000
0.0000000000000000
0.0000000000000000
0.0000000000000000
0.0000000000000000
0.0000000000000000
0.0000000000000000
0.0000000000000000
0.0000000000000000
0.0000000000000000
0.0000000000000000
0.0000000000000000
0.0000000000000000
0.0000000000000000
0.0000000000000000
0.0000000000000000
0.0000000000000000
0.0000000000000000
0.0000000000000000
0.0000000000000000
0.0000000000000000
0.0000000000000000
0.0000000000000000
0.0000000000000000
0.0000000000000000
0.0000000000000000
0.0000000000000000
0.0000000000000000
0.0000000000000000
0.0000000000000000
0.0000000000000000
0.0000000000000000
0.0000000000000000
0.0000000000000000
0.0000000000000000
0.0000000000000000
0.0000000000000000
0.0000000000000000
0.0000000000000000
0.0000000000000000
0.0000000000000000
0.0000000000000000
0.0000000000000000
0.0000000000000000
0.0000000000000000
0.0000000000000000
0.0000000000000000
0.0000000000000000
0.0000000000000000
0.0000000000000000
0.0000000000000000
0.0000000000000000
0.0000000000000000
0.0000000000000000
0.0000000000000000
0.0000000000000000
0.0000000000000000
0.0000000000000000
0.0000000000000000
0.0000000000000000
0.0000000000000000
0.0000000000000000
0.0000000000000000
0.0000000000000000
0.0000000000000000
0.0000000000000000
0.0000000000000000
0.0000000000000000
0.0000000000000000
0.0000000000000000
0.0000000000000000
0.0000000000000000
0.0000000000000000
0.0000000000000000
0.0000000000000000
0.0000000000000000
0.0000000000000000
0.0000000000000000
0.0000000000000000
0.0000000000000000
0.0000000000000000
0.0000000000000000
0.0000000000000000
0.0000000000000000
0.0000000000000000
0.0000000000000000
0.0000000000000000
0.0000000000000000
0.0000000000000000
0.0000000000000000
0.0000000000000000
0.0000000000000000
0.0000000000000000
0.0000000000000000
0.0000000000000000
0.0000000000000000
0.0000000000000000
0.0000000000000000
0.0000000000000000
0.0000000000000000
0.0000000000000000
0.0000000000000000
0.0000000000000000
0.0000000000000000
0.0000000000000000
0.0000000000000000
0.0000000000000000
0.0000000000000000
0.0000000000000000
0.0000000000000000
0.0000000000000000
0.0000000000000000
0.0000000000000000
0.0000000000000000
0.0000000000000000
0.0000000000000000
0.0000000000000000
0.0000000000000000
0.0000000000000000
0.0000000000000000
0.0000000000000000
0.0000000000000000
0.0000000000000000
0.0000000000000000
0.0000000000000000
0.0000000000000000
0.0000000000000000
0.0000000000000000
0.0000000000000000
0.0000000000000000
0.0000000000000000
0.0000000000000000
0.0000000000000000
0.0000000000000000
0.0000000000000000
0.0000000000000000
0.0000000000000000
0.0000000000000000
0.0000000000000000
0.0000000000000000
0.0000000000000000
0.0000000000000000
0.0000000000000000
0.0000000000000000
0.0000000000000000
0.0000000000000000
0.0000000000000000
0.0000000000000000
0.0000000000000000
0.0000000000000000
0.0000000000000000
0.0000000000000000
0.0000000000000000
0.0000000000000000
0.0000000000000000
0.0000000000000000
0.0000000000000000
0.0000000000000000
0.0000000000000000
0.0000000000000000
0.0000000000000000
0.0000000000000000
0.0000000000000000
0.0000000000000000
0.0000000000000000
0.0000000000000000
0.0000000000000000
0.0000000000000000
0.0000000000000000
0.0000000000000000
0.0000000000000000
0.0000000000000000
0.0000000000000000
0.0000000000000000
0.0000000000000000
0.0000000000000000
0.0000000000000000
0.0000000000000000
0.0000000000000000
0.0000000000000000
0.0000000000000000
0.0000000000000000
0.0000000000000000
0.0000000000000000
0.0000000000000000
0.0000000000000000
0.0000000000000000
0.0000000000000000
0.0000000000000000
0.0000000000000000
0.0000000000000000
0.0000000000000000
0.0000000000000000
0.0000000000000000
0.0000000000000000
0.0000000000000000
0.0000000000000000
0.0000000000000000
0.0000000000000000
0.0000000000000000
0.0000000000000000
0.0000000000000000
0.0000000000000000
0.0000000000000000
0.0000000000000000
0.0000000000000000
0.0000000000000000
0.0000000000000000
0.0000000000000000
0.0000000000000000
0.0000000000000000
0.0000000000000000
0.0000000000000000
0.0000000000000000
0.0000000000000000
0.0000000000000000
0.0000000000000000
0.0000000000000000
0.0000000000000000
0.0000000000000000
0.0000000000000000
0.0000000000000000
0.0000000000000000
0.0000000000000000
0.0000000000000000
0.0000000000000000
0.0000000000000000
0.0000000000000000
0.0000000000000000
0.0000000000000000
0.0000000000000000
0.0000000000000000
0.0000000000000000
0.0000000000000000
0.0000000000000000
0.0000000000000000
0.0000000000000000
0.0000000000000000
0.0000000000000000
0.0000000000000000
0.0000000000000000
0.0000000000000000
0.0000000000000000
0.0000000000000000
0.0000000000000000
0.0000000000000000
0.0000000000000000
0.0000000000000000
0.0000000000000000
0.0000000000000000
0.0000000000000000
0.0000000000000000
0.0000000000000000
0.0000000000000000
0.0000000000000000
0.0000000000000000
0.0000000000000000
0.0000000000000000
0.0000000000000000
0.0000000000000000
0.0000000000000000
0.0000000000000000
0.0000000000000000
0.0000000000000000
0.0000000000000000
0.0000000000000000
0.0000000000000000
0.0000000000000000
0.0000000000000000
0.0000000000000000
0.0000000000000000
0.0000000000000000
0.0000000000000000
0.0000000000000000
0.0000000000000000
0.0000000000000000
0.0000000000000000
0.0000000000000000
0.0000000000000000
0.0000000000000000
0.0000000000000000
0.0000000000000000
0.0000000000000000
0.0000000000000000
0.0000000000000000
0.0000000000000000
0.0000000000000000
0.0000000000000000
0.0000000000000000
0.0000000000000000
0.0000000000000000
0.0000000000000000
0.0000000000000000
0.0000000000000000
0.0000000000000000
0.0000000000000000
0.0000000000000000
0.0000000000000000
0.0000000000000000
0.0000000000000000
0.0000000000000000
0.0000000000000000
0.0000000000000000
0.0000000000000000
0.0000000000000000
0.0000000000000000
0.0000000000000000
0.0000000000000000
0.0000000000000000
0.0000000000000000
0.0000000000000000
0.0000000000000000
0.0000000000000000
0.0000000000000000
0.0000000000000000
0.0000000000000000
0.0000000000000000
0.0000000000000000
0.0000000000000000
0.0000000000000000
0.0000000000000000
0.0000000000000000
0.0000000000000000
0.0000000000000000
0.0000000000000000
0.0000000000000000
0.0000000000000000
0.0000000000000000
0.0000000000000000
0.0000000000000000
0.0000000000000000
0.0000000000000000
0.0000000000000000
0.0000000000000000
0.0000000000000000
0.0000000000000000
0.0000000000000000
0.0000000000000000
0.0000000000000000
0.0000000000000000
0.0000000000000000
0.0000000000000000
0.0000000000000000
0.0000000000000000
0.0000000000000000
0.0000000000000000
0.0000000000000000
0.0000000000000000
0.0000000000000000
0.0000000000000000
0.0000000000000000
0.0000000000000000
0.0000000000000000
0.0000000000000000
0.0000000000000000
0.0000000000000000
0.0000000000000000
0.0000000000000000
0.0000000000000000
0.0000000000000000
0.0000000000000000
0.0000000000000000
0.0000000000000000
0.0000000000000000
0.0000000000000000
0.0000000000000000
0.0000000000000000
0.0000000000000000
0.0000000000000000
0.0000000000000000
0.0000000000000000
0.0000000000000000
0.0000000000000000
0.0000000000000000
0.0000000000000000
0.0000000000000000
0.0000000000000000
0.0000000000000000
0.0000000000000000
0.0000000000000000
0.0000000000000000
0.0000000000000000
0.0000000000000000
0.0000000000000000
0.0000000000000000
0.0000000000000000
0.0000000000000000
0.0000000000000000
0.0000000000000000
0.0000000000000000
0.0000000000000000
0.0000000000000000
0.0000000000000000
0.0000000000000000
0.0000000000000000
0.0000000000000000
0.0000000000000000
0.0000000000000000
0.0000000000000000
0.0000000000000000
0.0000000000000000
0.0000000000000000
0.0000000000000000
0.0000000000000000
0.0000000000000000
0.0000000000000000
0.0000000000000000
0.0000000000000000
0.0000000000000000
0.0000000000000000
0.0000000000000000
0.0000000000000000
0.0000000000000000
0.0000000000000000
0.0000000000000000
0.0000000000000000
0.0000000000000000
0.0000000000000000
0.0000000000000000
0.0000000000000000
0.0000000000000000
0.0000000000000000
0.0000000000000000
0.0000000000000000
0.0000000000000000
0.0000000000000000
0.0000000000000000
0.0000000000000000
0.0000000000000000
0.0000000000000000
0.0000000000000000
0.0000000000000000
0.0000000000000000
0.0000000000000000
0.0000000000000000
0.0000000000000000
0.0000000000000000
0.0000000000000000
0.0000000000000000
0.0000000000000000
0.0000000000000000
0.0000000000000000
0.0000000000000000
0.0000000000000000
0.0000000000000000
0.0000000000000000
0.0000000000000000
0.0000000000000000
0.0000000000000000
0.0000000000000000
0.0000000000000000
0.0000000000000000
0.0000000000000000
0.0000000000000000
0.0000000000000000
0.0000000000000000
0.0000000000000000
0.0000000000000000
0.0000000000000000
0.0000000000000000
0.0000000000000000
0.0000000000000000
0.0000000000000000
0.0000000000000000
0.0000000000000000
0.0000000000000000
0.0000000000000000
0.0000000000000000
0.0000000000000000
0.0000000000000000
0.0000000000000000
0.0000000000000000
0.0000000000000000
0.0000000000000000
0.0000000000000000
0.0000000000000000
0.0000000000000000
0.0000000000000000
0.0000000000000000
0.0000000000000000
0.0000000000000000
0.0000000000000000
0.0000000000000000
0.0000000000000000
0.0000000000000000
0.0000000000000000
0.0000000000000000
0.0000000000000000
0.0000000000000000
0.0000000000000000
0.0000000000000000
0.0000000000000000
0.0000000000000000
0.0000000000000000
0.0000000000000000
0.0000000000000000
0.0000000000000000
0.0000000000000000
0.0000000000000000
0.0000000000000000
0.0000000000000000
0.0000000000000000
0.0000000000000000
0.0000000000000000
0.0000000000000000
0.0000000000000000
0.0000000000000000
0.0000000000000000
0.0000000000000000
0.0000000000000000
0.0000000000000000
0.0000000000000000
0.0000000000000000
0.0000000000000000
0.0000000000000000
0.0000000000000000
0.0000000000000000
0.0000000000000000
0.0000000000000000
0.0000000000000000
0.0000000000000000
0.0000000000000000
0.0000000000000000
0.0000000000000000
0.0000000000000000
0.0000000000000000
0.0000000000000000
0.0000000000000000
0.0000000000000000
0.0000000000000000
0.0000000000000000
0.0000000000000000
0.0000000000000000
0.0000000000000000
0.0000000000000000
0.0000000000000000
0.0000000000000000
0.0000000000000000
0.0000000000000000
0.0000000000000000
0.0000000000000000
0.0000000000000000
0.0000000000000000
0.0000000000000000
0.0000000000000000
0.0000000000000000
0.0000000000000000
0.0000000000000000
0.0000000000000000
0.0000000000000000
0.0000000000000000
0.0000000000000000
0.0000000000000000
0.0000000000000000
0.0000000000000000
0.0000000000000000
0.0000000000000000
0.0000000000000000
0.0000000000000000
0.0000000000000000
0.0000000000000000
0.0000000000000000
0.0000000000000000
0.0000000000000000
0.0000000000000000
0.0000000000000000
0.0000000000000000
0.0000000000000000
0.0000000000000000
0.0000000000000000
0.0000000000000000
0.0000000000000000
0.0000000000000000
0.0000000000000000
0.0000000000000000
0.0000000000000000
0.0000000000000000
0.0000000000000000
0.0000000000000000
0.0000000000000000
0.0000000000000000
0.0000000000000000
0.0000000000000000
0.0000000000000000
0.0000000000000000
0.0000000000000000
0.0000000000000000
0.0000000000000000
0.0000000000000000
0.0000000000000000
0.0000000000000000
0.0000000000000000
0.0000000000000000
0.0000000000000000
0.0000000000000000
0.0000000000000000
0.0000000000000000
0.0000000000000000
0.0000000000000000
0.0000000000000000
0.0000000000000000
0.0000000000000000
0.0000000000000000
0.0000000000000000
0.0000000000000000
0.0000000000000000
0.0000000000000000
0.0000000000000000
0.0000000000000000
0.0000000000000000
0.0000000000000000
0.0000000000000000
0.0000000000000000
0.0000000000000000
0.0000000000000000
0.0000000000000000
0.0000000000000000
0.0000000000000000
0.0000000000000000
0.0000000000000000
0.0000000000000000
0.0000000000000000
0.0000000000000000
0.0000000000000000
0.0000000000000000
0.0000000000000000
0.0000000000000000
0.0000000000000000
0.0000000000000000
0.0000000000000000
0.0000000000000000
0.0000000000000000
0.0000000000000000
0.0000000000000000
0.0000000000000000
0.0000000000000000
0.0000000000000000
0.0000000000000000
0.0000000000000000
0.0000000000000000
0.0000000000000000
0.0000000000000000
0.0000000000000000
0.0000000000000000
0.0000000000000000
0.0000000000000000
0.0000000000000000
0.0000000000000000
0.0000000000000000
0.0000000000000000
0.0000000000000000
0.0000000000000000
0.0000000000000000
0.0000000000000000
0.0000000000000000
0.0000000000000000
0.0000000000000000
0.0000000000000000
0.0000000000000000
0.0000000000000000
0.0000000000000000
0.0000000000000000
0.0000000000000000
0.0000000000000000
0.0000000000000000
0.0000000000000000
0.0000000000000000
0.0000000000000000
0.0000000000000000
0.0000000000000000
0.0000000000000000
0.0000000000000000
0.0000000000000000
0.0000000000000000
0.0000000000000000
0.0000000000000000
0.0000000000000000
0.0000000000000000
0.0000000000000000
0.0000000000000000
0.0000000000000000
0.0000000000000000
0.0000000000000000
0.0000000000000000
0.0000000000000000
0.0000000000000000
0.0000000000000000
0.0000000000000000
0.0000000000000000
0.0000000000000000
0.0000000000000000
0.0000000000000000
0.0000000000000000
0.0000000000000000
0.0000000000000000
0.0000000000000000
0.0000000000000000
0.0000000000000000
0.0000000000000000
0.0000000000000000
0.0000000000000000
0.0000000000000000
0.0000000000000000
0.0000000000000000
0.0000000000000000
0.0000000000000000
0.0000000000000000
0.0000000000000000
0.0000000000000000
0.0000000000000000
0.0000000000000000
0.0000000000000000
0.0000000000000000
0.0000000000000000
0.0000000000000000
0.0000000000000000
0.0000000000000000
0.0000000000000000
0.0000000000000000
0.0000000000000000
0.0000000000000000
0.0000000000000000
0.0000000000000000
0.0000000000000000
0.0000000000000000
0.0000000000000000
0.0000000000000000
0.0000000000000000
0.0000000000000000
0.0000000000000000
0.0000000000000000
0.0000000000000000
0.0000000000000000
0.0000000000000000
0.0000000000000000
0.0000000000000000
0.0000000000000000
0.0000000000000000
0.0000000000000000
0.0000000000000000
0.0000000000000000
0.0000000000000000
0.0000000000000000
0.0000000000000000
0.0000000000000000
0.0000000000000000
0.0000000000000000
0.0000000000000000
0.0000000000000000
0.0000000000000000
0.0000000000000000
0.0000000000000000
0.0000000000000000
0.0000000000000000
0.0000000000000000
0.0000000000000000
0.0000000000000000
0.0000000000000000
0.0000000000000000
0.0000000000000000
0.0000000000000000
0.0000000000000000
0.0000000000000000
0.0000000000000000
0.0000000000000000
0.0000000000000000
0.0000000000000000
0.0000000000000000
0.0000000000000000
0.0000000000000000
0.0000000000000000
0.0000000000000000
0.0000000000000000
0.0000000000000000
0.0000000000000000
0.0000000000000000
0.0000000000000000
0.0000000000000000
0.0000000000000000
0.0000000000000000
0.0000000000000000
0.0000000000000000
0.0000000000000000
0.0000000000000000
0.0000000000000000
0.0000000000000000
0.0000000000000000
0.0000000000000000
0.0000000000000000
0.0000000000000000
0.0000000000000000
0.0000000000000000
0.0000000000000000
0.0000000000000000
0.0000000000000000
0.0000000000000000
0.0000000000000000
0.0000000000000000
0.0000000000000000
0.0000000000000000
0.0000000000000000
0.0000000000000000
0.0000000000000000
0.0000000000000000
0.0000000000000000
0.0000000000000000
0.0000000000000000
0.0000000000000000
0.0000000000000000
0.0000000000000000
0.0000000000000000
0.0000000000000000
0.0000000000000000
0.0000000000000000
0.0000000000000000
0.0000000000000000
0.0000000000000000
0.0000000000000000
0.0000000000000000
0.0000000000000000
0.0000000000000000
0.0000000000000000
0.0000000000000000
0.0000000000000000
0.0000000000000000
0.0000000000000000
0.0000000000000000
0.0000000000000000
0.0000000000000000
0.0000000000000000
0.0000000000000000
0.0000000000000000
0.0000000000000000
0.0000000000000000
0.0000000000000000
0.0000000000000000
0.0000000000000000
0.0000000000000000
0.0000000000000000
0.0000000000000000
0.0000000000000000
0.0000000000000000
0.0000000000000000
0.0000000000000000
0.0000000000000000
0.0000000000000000
0.0000000000000000
0.0000000000000000
0.0000000000000000
0.0000000000000000
0.0000000000000000
0.0000000000000000
0.0000000000000000
0.0000000000000000
0.0000000000000000
0.0000000000000000
0.0000000000000000
0.0000000000000000
0.0000000000000000
0.0000000000000000
0.0000000000000000
0.0000000000000000
0.0000000000000000
0.0000000000000000
0.0000000000000000
0.0000000000000000
0.0000000000000000
0.0000000000000000
0.0000000000000000
0.0000000000000000
0.0000000000000000
0.0000000000000000
0.0000000000000000
0.0000000000000000
0.0000000000000000
0.0000000000000000
0.0000000000000000
0.0000000000000000
0.0000000000000000
0.0000000000000000
0.0000000000000000
0.0000000000000000
0.0000000000000000
0.0000000000000000
0.0000000000000000
0.0000000000000000
0.0000000000000000
0.0000000000000000
0.0000000000000000
0.0000000000000000
0.0000000000000000
0.0000000000000000
0.0000000000000000
0.0000000000000000
0.0000000000000000
0.0000000000000000
0.0000000000000000
0.0000000000000000
0.0000000000000000
0.0000000000000000
0.0000000000000000
0.0000000000000000
0.0000000000000000
0.0000000000000000
0.0000000000000000
0.0000000000000000
0.0000000000000000
0.0000000000000000
0.0000000000000000
0.0000000000000000
0.0000000000000000
0.0000000000000000
0.0000000000000000
0.0000000000000000
0.0000000000000000
0.0000000000000000
0.0000000000000000
0.0000000000000000
0.0000000000000000
0.0000000000000000
0.0000000000000000
0.0000000000000000
0.0000000000000000
0.0000000000000000
0.0000000000000000
0.0000000000000000
0.0000000000000000
0.0000000000000000
0.0000000000000000
0.0000000000000000
0.0000000000000000
0.0000000000000000
0.0000000000000000
0.0000000000000000
0.0000000000000000
0.0000000000000000
0.0000000000000000
0.0000000000000000
0.0000000000000000
0.0000000000000000
0.0000000000000000
0.0000000000000000
0.0000000000000000
0.0000000000000000
0.0000000000000000
0.0000000000000000
0.0000000000000000
0.0000000000000000
0.0000000000000000
0.0000000000000000
0.0000000000000000
0.0000000000000000
0.0000000000000000
0.0000000000000000
0.0000000000000000
0.0000000000000000
0.0000000000000000
0.0000000000000000
0.0000000000000000
0.0000000000000000
0.0000000000000000
0.0000000000000000
0.0000000000000000
0.0000000000000000
0.0000000000000000
0.0000000000000000
0.0000000000000000
0.0000000000000000
0.0000000000000000
0.0000000000000000
0.0000000000000000
0.0000000000000000
0.0000000000000000
0.0000000000000000
0.0000000000000000
0.0000000000000000
0.0000000000000000
0.0000000000000000
0.0000000000000000
0.0000000000000000
0.0000000000000000
0.0000000000000000
0.0000000000000000
0.0000000000000000
0.0000000000000000
0.0000000000000000
0.0000000000000000
0.0000000000000000
0.0000000000000000
0.0000000000000000
0.0000000000000000
0.0000000000000000
0.0000000000000000
0.0000000000000000
0.0000000000000000
0.0000000000000000
0.0000000000000000
0.0000000000000000
0.0000000000000000
0.0000000000000000
0.0000000000000000
0.0000000000000000
0.0000000000000000
0.0000000000000000
0.0000000000000000
0.0000000000000000
0.0000000000000000
0.0000000000000000
0.0000000000000000
0.0000000000000000
0.0000000000000000
0.0000000000000000
0.0000000000000000
0.0000000000000000
0.0000000000000000
0.0000000000000000
0.0000000000000000
0.0000000000000000
0.0000000000000000
0.0000000000000000
0.0000000000000000
0.0000000000000000
0.0000000000000000
0.0000000000000000
0.0000000000000000
0.0000000000000000
0.0000000000000000
0.0000000000000000
0.0000000000000000
0.0000000000000000
0.0000000000000000
0.0000000000000000
0.0000000000000000
0.0000000000000000
0.0000000000000000
0.0000000000000000
0.0000000000000000
0.0000000000000000
0.0000000000000000
0.0000000000000000
0.0000000000000000
0.0000000000000000
0.0000000000000000
0.0000000000000000
0.0000000000000000
0.0000000000000000
0.0000000000000000
0.0000000000000000
0.0000000000000000
0.0000000000000000
0.0000000000000000
0.0000000000000000
0.0000000000000000
0.0000000000000000
0.0000000000000000
0.0000000000000000
0.0000000000000000
0.0000000000000000
0.0000000000000000
0.0000000000000000
0.0000000000000000
0.0000000000000000
0.0000000000000000
0.0000000000000000
0.0000000000000000
0.0000000000000000
0.0000000000000000
0.0000000000000000
0.0000000000000000
0.0000000000000000
0.0000000000000000
0.0000000000000000
0.0000000000000000
0.0000000000000000
0.0000000000000000
0.0000000000000000
0.0000000000000000
0.0000000000000000
0.0000000000000000
0.0000000000000000
0.0000000000000000
0.0000000000000000
0.0000000000000000
0.0000000000000000
0.0000000000000000
0.0000000000000000
0.0000000000000000
0.0000000000000000
0.0000000000000000
0.0000000000000000
0.0000000000000000
0.0000000000000000
0.0000000000000000
0.0000000000000000
0.0000000000000000
0.0000000000000000
0.0000000000000000
0.0000000000000000
0.0000000000000000
0.0000000000000000
0.0000000000000000
0.0000000000000000
0.0000000000000000
0.0000000000000000
0.0000000000000000
0.0000000000000000
0.0000000000000000
0.0000000000000000
0.0000000000000000
0.0000000000000000
0.0000000000000000
0.0000000000000000
0.0000000000000000
0.0000000000000000
0.0000000000000000
0.0000000000000000
0.0000000000000000
0.0000000000000000
0.0000000000000000
0.0000000000000000
0.0000000000000000
0.0000000000000000
0.0000000000000000
0.0000000000000000
0.0000000000000000
0.0000000000000000
0.0000000000000000
0.0000000000000000
0.0000000000000000
0.0000000000000000
0.0000000000000000
0.0000000000000000
0.0000000000000000
0.0000000000000000
0.0000000000000000
0.0000000000000000
0.0000000000000000
0.0000000000000000
0.0000000000000000
0.0000000000000000
0.0000000000000000
0.0000000000000000
0.0000000000000000
0.0000000000000000
0.0000000000000000
0.0000000000000000
0.0000000000000000
0.0000000000000000
0.0000000000000000
0.0000000000000000
0.0000000000000000
0.0000000000000000
0.0000000000000000
0.0000000000000000
0.0000000000000000
0.0000000000000000
0.0000000000000000
0.0000000000000000
0.0000000000000000
0.0000000000000000
0.0000000000000000
0.0000000000000000
0.0000000000000000
0.0000000000000000
0.0000000000000000
0.0000000000000000
0.0000000000000000
0.0000000000000000
0.0000000000000000
0.0000000000000000
0.0000000000000000
0.0000000000000000
0.0000000000000000
0.0000000000000000
0.0000000000000000
0.0000000000000000
0.0000000000000000
0.0000000000000000
0.0000000000000000
0.0000000000000000
0.0000000000000000
0.0000000000000000
0.0000000000000000
0.0000000000000000
0.0000000000000000
0.0000000000000000
0.0000000000000000
0.0000000000000000
0.0000000000000000
0.0000000000000000
0.0000000000000000
0.0000000000000000
0.0000000000000000
0.0000000000000000
0.0000000000000000
0.0000000000000000
0.0000000000000000
0.0000000000000000
0.0000000000000000
0.0000000000000000
0.0000000000000000
0.0000000000000000
0.0000000000000000
0.0000000000000000
0.0000000000000000
0.0000000000000000
0.0000000000000000
0.0000000000000000
0.0000000000000000
0.0000000000000000
0.0000000000000000
0.0000000000000000
0.0000000000000000
0.0000000000000000
0.0000000000000000
0.0000000000000000
0.0000000000000000
0.0000000000000000
0.0000000000000000
0.0000000000000000
0.0000000000000000
0.0000000000000000
0.0000000000000000
0.0000000000000000
0.0000000000000000
0.0000000000000000
0.0000000000000000
0.0000000000000000
0.0000000000000000
0.0000000000000000
0.0000000000000000
0.0000000000000000
0.0000000000000000
0.0000000000000000
0.0000000000000000
0.0000000000000000
0.0000000000000000
0.0000000000000000
0.0000000000000000
0.0000000000000000
0.0000000000000000
0.0000000000000000
0.0000000000000000
0.0000000000000000
0.0000000000000000
0.0000000000000000
0.0000000000000000
0.0000000000000000
0.0000000000000000
0.0000000000000000
0.0000000000000000
0.0000000000000000
0.0000000000000000
0.0000000000000000
0.0000000000000000
0.0000000000000000
0.0000000000000000
0.0000000000000000
0.0000000000000000
0.0000000000000000
0.0000000000000000
0.0000000000000000
0.0000000000000000
0.0000000000000000
0.0000000000000000
0.0000000000000000
0.0000000000000000
0.0000000000000000
0.0000000000000000
0.0000000000000000
0.0000000000000000
0.0000000000000000
0.0000000000000000
0.0000000000000000
0.0000000000000000
0.0000000000000000
0.0000000000000000
0.0000000000000000
0.0000000000000000
0.0000000000000000
0.0000000000000000
0.0000000000000000
0.0000000000000000
0.0000000000000000
0.0000000000000000
0.0000000000000000
0.0000000000000000
0.0000000000000000
0.0000000000000000
0.0000000000000000
0.0000000000000000
0.0000000000000000
0.0000000000000000
0.0000000000000000
0.0000000000000000
0.0000000000000000
0.0000000000000000
0.0000000000000000
0.0000000000000000
0.0000000000000000
0.0000000000000000
0.0000000000000000
0.0000000000000000
0.0000000000000000
0.0000000000000000
0.0000000000000000
0.0000000000000000
0.0000000000000000
0.0000000000000000
0.0000000000000000
0.0000000000000000
0.0000000000000000
0.0000000000000000
0.0000000000000000
0.0000000000000000
0.0000000000000000
0.0000000000000000
0.0000000000000000
0.0000000000000000
0.0000000000000000
0.0000000000000000
0.0000000000000000
0.0000000000000000
0.0000000000000000
0.0000000000000000
0.0000000000000000
0.0000000000000000
0.0000000000000000
0.0000000000000000
0.0000000000000000
0.0000000000000000
0.0000000000000000
0.0000000000000000
0.0000000000000000
0.0000000000000000
0.0000000000000000
0.0000000000000000
0.0000000000000000
0.0000000000000000
0.0000000000000000
0.0000000000000000
0.0000000000000000
0.0000000000000000
0.0000000000000000
0.0000000000000000
0.0000000000000000
0.0000000000000000
0.0000000000000000
0.0000000000000000
0.0000000000000000
0.0000000000000000
0.0000000000000000
0.0000000000000000
0.0000000000000000
0.0000000000000000
0.0000000000000000
0.0000000000000000
0.0000000000000000
0.0000000000000000
0.0000000000000000
0.0000000000000000
0.0000000000000000
0.0000000000000000
0.0000000000000000
0.0000000000000000
0.0000000000000000
0.0000000000000000
0.0000000000000000
0.0000000000000000
0.0000000000000000
0.0000000000000000
0.0000000000000000
0.0000000000000000
0.0000000000000000
0.0000000000000000
0.0000000000000000
0.0000000000000000
0.0000000000000000
0.0000000000000000
0.0000000000000000
0.0000000000000000
0.0000000000000000
0.0000000000000000
0.0000000000000000
0.0000000000000000
0.0000000000000000
0.0000000000000000
0.0000000000000000
0.0000000000000000
0.0000000000000000
0.0000000000000000
0.0000000000000000
0.0000000000000000
0.0000000000000000
0.0000000000000000
0.0000000000000000
0.0000000000000000
0.0000000000000000
0.0000000000000000
0.0000000000000000
0.0000000000000000
0.0000000000000000
0.0000000000000000
0.0000000000000000
0.0000000000000000
0.0000000000000000
0.0000000000000000
0.0000000000000000
0.0000000000000000
0.0000000000000000
0.0000000000000000
0.0000000000000000
0.0000000000000000
0.0000000000000000
0.0000000000000000
0.0000000000000000
0.0000000000000000
0.0000000000000000
0.0000000000000000
0.0000000000000000
0.0000000000000000
0.0000000000000000
0.0000000000000000
0.0000000000000000
0.0000000000000000
0.0000000000000000
0.0000000000000000
0.0000000000000000
0.0000000000000000
0.0000000000000000
0.0000000000000000
0.0000000000000000
0.0000000000000000
0.0000000000000000
0.0000000000000000
0.0000000000000000
0.0000000000000000
0.0000000000000000
0.0000000000000000
0.0000000000000000
0.0000000000000000
0.0000000000000000
0.0000000000000000
0.0000000000000000
0.0000000000000000
0.0000000000000000
0.0000000000000000
0.0000000000000000
0.0000000000000000
0.0000000000000000
0.0000000000000000
0.0000000000000000
0.0000000000000000
0.0000000000000000
0.0000000000000000
0.0000000000000000
0.0000000000000000
0.0000000000000000
0.0000000000000000
0.0000000000000000
0.0000000000000000
0.0000000000000000
0.0000000000000000
0.0000000000000000
0.0000000000000000
0.0000000000000000
0.0000000000000000
0.0000000000000000
0.0000000000000000
0.0000000000000000
0.0000000000000000
0.0000000000000000
0.0000000000000000
0.0000000000000000
0.0000000000000000
0.0000000000000000
0.0000000000000000
0.0000000000000000
0.0000000000000000
0.0000000000000000
0.0000000000000000
0.0000000000000000
0.0000000000000000
0.0000000000000000
0.0000000000000000
0.0000000000000000
0.0000000000000000
0.0000000000000000
0.0000000000000000
0.0000000000000000
0.0000000000000000
0.0000000000000000
0.0000000000000000
0.0000000000000000
0.0000000000000000
0.0000000000000000
0.0000000000000000
0.0000000000000000
0.0000000000000000
0.0000000000000000
0.0000000000000000
0.0000000000000000
0.0000000000000000
0.0000000000000000
0.0000000000000000
0.0000000000000000
0.0000000000000000
0.0000000000000000
0.0000000000000000
0.0000000000000000
0.0000000000000000
0.0000000000000000
0.0000000000000000
0.0000000000000000
0.0000000000000000
0.0000000000000000
0.0000000000000000
0.0000000000000000
0.0000000000000000
0.0000000000000000
0.0000000000000000
0.0000000000000000
0.0000000000000000
0.0000000000000000
0.0000000000000000
0.0000000000000000
0.0000000000000000
0.0000000000000000
0.0000000000000000
0.0000000000000000
0.0000000000000000
0.0000000000000000
0.0000000000000000
0.0000000000000000
0.0000000000000000
0.0000000000000000
0.0000000000000000
0.0000000000000000
0.0000000000000000
0.0000000000000000
0.0000000000000000
0.0000000000000000
0.0000000000000000
0.0000000000000000
0.0000000000000000
0.0000000000000000
0.0000000000000000
0.0000000000000000
0.0000000000000000
0.0000000000000000
0.0000000000000000
0.0000000000000000
0.0000000000000000
0.0000000000000000
0.0000000000000000
0.0000000000000000
0.0000000000000000
0.0000000000000000
0.0000000000000000
0.0000000000000000
0.0000000000000000
0.0000000000000000
0.0000000000000000
0.0000000000000000
0.0000000000000000
0.0000000000000000
0.0000000000000000
0.0000000000000000
0.0000000000000000
0.0000000000000000
0.0000000000000000
0.0000000000000000
0.0000000000000000
0.0000000000000000
0.0000000000000000
0.0000000000000000
0.0000000000000000
0.0000000000000000
0.0000000000000000
0.0000000000000000
0.0000000000000000
0.0000000000000000
0.0000000000000000
0.0000000000000000
0.0000000000000000
0.0000000000000000
0.0000000000000000
0.0000000000000000
0.0000000000000000
0.0000000000000000
0.0000000000000000
0.0000000000000000
0.0000000000000000
0.0000000000000000
0.0000000000000000
0.0000000000000000
0.0000000000000000
0.0000000000000000
0.0000000000000000
0.0000000000000000
0.0000000000000000
0.0000000000000000
0.0000000000000000
0.0000000000000000
0.0000000000000000
0.0000000000000000
0.0000000000000000
0.0000000000000000
0.0000000000000000
0.0000000000000000
0.0000000000000000
0.0000000000000000
0.0000000000000000
0.0000000000000000
0.0000000000000000
0.0000000000000000
0.0000000000000000
0.0000000000000000
0.0000000000000000
0.0000000000000000
0.0000000000000000
0.0000000000000000
0.0000000000000000
0.0000000000000000
0.0000000000000000
0.0000000000000000
0.0000000000000000
0.0000000000000000
0.0000000000000000
0.0000000000000000
0.0000000000000000
0.0000000000000000
0.0000000000000000
0.0000000000000000
0.0000000000000000
0.0000000000000000
0.0000000000000000
0.0000000000000000
0.0000000000000000
0.0000000000000000
0.0000000000000000
0.0000000000000000
0.0000000000000000
0.0000000000000000
0.0000000000000000
0.0000000000000000
0.0000000000000000
0.0000000000000000
0.0000000000000000
0.0000000000000000
0.0000000000000000
0.0000000000000000
0.0000000000000000
0.0000000000000000
0.0000000000000000
0.0000000000000000
0.0000000000000000
0.0000000000000000
0.0000000000000000
0.0000000000000000
0.0000000000000000
0.0000000000000000
0.0000000000000000
0.0000000000000000
0.0000000000000000
0.0000000000000000
0.0000000000000000
0.0000000000000000
0.0000000000000000
0.0000000000000000
0.0000000000000000
0.0000000000000000
0.0000000000000000
0.0000000000000000
0.0000000000000000
0.0000000000000000
0.0000000000000000
0.0000000000000000
0.0000000000000000
0.0000000000000000
0.0000000000000000
0.0000000000000000
0.0000000000000000
0.0000000000000000
0.0000000000000000
0.0000000000000000
0.0000000000000000
0.0000000000000000
0.0000000000000000
0.0000000000000000
0.0000000000000000
0.0000000000000000
0.0000000000000000
0.0000000000000000
0.0000000000000000
0.0000000000000000
0.0000000000000000
0.0000000000000000
0.0000000000000000
0.0000000000000000
0.0000000000000000
0.0000000000000000
0.0000000000000000
0.0000000000000000
0.0000000000000000
0.0000000000000000
0.0000000000000000
0.0000000000000000
0.0000000000000000
0.0000000000000000
0.0000000000000000
0.0000000000000000
0.0000000000000000
0.0000000000000000
0.0000000000000000
0.0000000000000000
0.0000000000000000
0.0000000000000000
0.0000000000000000
0.0000000000000000
0.0000000000000000
0.0000000000000000
0.0000000000000000
0.0000000000000000
0.0000000000000000
0.0000000000000000
0.0000000000000000
0.0000000000000000
0.0000000000000000
0.0000000000000000
0.0000000000000000
0.0000000000000000
0.0000000000000000
0.0000000000000000
0.0000000000000000
0.0000000000000000
0.0000000000000000
0.0000000000000000
0.0000000000000000
0.0000000000000000
0.0000000000000000
0.0000000000000000
0.0000000000000000
0.0000000000000000
0.0000000000000000
0.0000000000000000
0.0000000000000000
0.0000000000000000
0.0000000000000000
0.0000000000000000
0.0000000000000000
0.0000000000000000
0.0000000000000000
0.0000000000000000
0.0000000000000000
0.0000000000000000
0.0000000000000000
0.0000000000000000
0.0000000000000000
0.0000000000000000
0.0000000000000000
0.0000000000000000
0.0000000000000000
0.0000000000000000
0.0000000000000000
0.0000000000000000
0.0000000000000000
0.0000000000000000
0.0000000000000000
0.0000000000000000
0.0000000000000000
0.0000000000000000
0.0000000000000000
0.0000000000000000
0.0000000000000000
0.0000000000000000
0.0000000000000000
0.0000000000000000
0.0000000000000000
0.0000000000000000
0.0000000000000000
0.0000000000000000
0.0000000000000000
0.0000000000000000
0.0000000000000000
0.0000000000000000
0.0000000000000000
0.0000000000000000
0.0000000000000000
0.0000000000000000
0.0000000000000000
0.0000000000000000
0.0000000000000000
0.0000000000000000
0.0000000000000000
0.0000000000000000
0.0000000000000000
0.0000000000000000
0.0000000000000000
0.0000000000000000
0.0000000000000000
0.0000000000000000
0.0000000000000000
0.0000000000000000
0.0000000000000000
0.0000000000000000
0.0000000000000000
0.0000000000000000
0.0000000000000000
0.0000000000000000
0.0000000000000000
0.0000000000000000
0.0000000000000000
0.0000000000000000
0.0000000000000000
0.0000000000000000
0.0000000000000000
0.0000000000000000
0.0000000000000000
0.0000000000000000
0.0000000000000000
0.0000000000000000
0.0000000000000000
0.0000000000000000
0.0000000000000000
0.0000000000000000
0.0000000000000000
0.0000000000000000
0.0000000000000000
0.0000000000000000
0.0000000000000000
0.0000000000000000
0.0000000000000000
0.0000000000000000
0.0000000000000000
0.0000000000000000
0.0000000000000000
0.0000000000000000
0.0000000000000000
0.0000000000000000
0.0000000000000000
0.0000000000000000
0.0000000000000000
0.0000000000000000
0.0000000000000000
0.0000000000000000
0.0000000000000000
0.0000000000000000
0.0000000000000000
0.0000000000000000
0.0000000000000000
0.0000000000000000
0.0000000000000000
0.0000000000000000
0.0000000000000000
0.0000000000000000
0.0000000000000000
0.0000000000000000
0.0000000000000000
0.0000000000000000
0.0000000000000000
0.0000000000000000
0.0000000000000000
0.0000000000000000
0.0000000000000000
0.0000000000000000
0.0000000000000000
0.0000000000000000
0.0000000000000000
0.0000000000000000
0.0000000000000000
0.0000000000000000
0.0000000000000000
0.0000000000000000
0.0000000000000000
0.0000000000000000
0.0000000000000000
0.0000000000000000
0.0000000000000000
0.0000000000000000
0.0000000000000000
0.0000000000000000
0.0000000000000000
0.0000000000000000
0.0000000000000000
0.0000000000000000
0.0000000000000000
0.0000000000000000
0.0000000000000000
0.0000000000000000
0.0000000000000000
0.0000000000000000
0.0000000000000000
0.0000000000000000
0.0000000000000000
0.0000000000000000
0.0000000000000000
0.0000000000000000
0.0000000000000000
0.0000000000000000
0.0000000000000000
0.0000000000000000
0.0000000000000000
0.0000000000000000
0.0000000000000000
0.0000000000000000
0.0000000000000000
0.0000000000000000
0.0000000000000000
0.0000000000000000
0.0000000000000000
0.0000000000000000
0.0000000000000000
0.0000000000000000
0.0000000000000000
0.0000000000000000
0.0000000000000000
0.0000000000000000
0.0000000000000000
0.0000000000000000
0.0000000000000000
0.0000000000000000
0.0000000000000000
0.0000000000000000
0.0000000000000000
0.0000000000000000
0.0000000000000000
0.0000000000000000
0.0000000000000000
0.0000000000000000
0.0000000000000000
0.0000000000000000
0.0000000000000000
0.0000000000000000
0.0000000000000000
0.0000000000000000
0.0000000000000000
0.0000000000000000
0.0000000000000000
0.0000000000000000
0.0000000000000000
0.0000000000000000
0.0000000000000000
0.0000000000000000
0.0000000000000000
0.0000000000000000
0.0000000000000000
0.0000000000000000
0.0000000000000000
0.0000000000000000
0.0000000000000000
0.0000000000000000
0.0000000000000000
0.0000000000000000
0.0000000000000000
0.0000000000000000
0.0000000000000000
0.0000000000000000
0.0000000000000000
0.0000000000000000
0.0000000000000000
0.0000000000000000
0.0000000000000000
0.0000000000000000
0.0000000000000000
0.0000000000000000
0.0000000000000000
0.0000000000000000
0.0000000000000000
0.0000000000000000
0.0000000000000000
0.0000000000000000
0.0000000000000000
0.0000000000000000
0.0000000000000000
0.0000000000000000
0.0000000000000000
0.0000000000000000
0.0000000000000000
0.0000000000000000
0.0000000000000000
0.0000000000000000
0.0000000000000000
0.0000000000000000
0.0000000000000000
0.0000000000000000
0.0000000000000000
0.0000000000000000
0.0000000000000000
0.0000000000000000
0.0000000000000000
0.0000000000000000
0.0000000000000000
0.0000000000000000
0.0000000000000000
0.0000000000000000
0.0000000000000000
0.0000000000000000
0.0000000000000000
0.0000000000000000
0.0000000000000000
0.0000000000000000
0.0000000000000000
0.0000000000000000
0.0000000000000000
0.0000000000000000
0.0000000000000000
0.0000000000000000
0.0000000000000000
0.0000000000000000
0.0000000000000000
0.0000000000000000
0.0000000000000000
0.0000000000000000
0.0000000000000000
0.0000000000000000
0.0000000000000000
0.0000000000000000
0.0000000000000000
0.0000000000000000
0.0000000000000000
0.0000000000000000
0.0000000000000000
0.0000000000000000
0.0000000000000000
0.0000000000000000
0.0000000000000000
0.0000000000000000
0.0000000000000000
0.0000000000000000
0.0000000000000000
0.0000000000000000
0.0000000000000000
0.0000000000000000
0.0000000000000000
0.0000000000000000
0.0000000000000000
0.0000000000000000
0.0000000000000000
0.0000000000000000
0.0000000000000000
0.0000000000000000
0.0000000000000000
0.0000000000000000
0.0000000000000000
0.0000000000000000
0.0000000000000000
0.0000000000000000
0.0000000000000000
0.0000000000000000
0.0000000000000000
0.0000000000000000
0.0000000000000000
0.0000000000000000
0.0000000000000000
0.0000000000000000
0.0000000000000000
0.0000000000000000
0.0000000000000000
0.0000000000000000
0.0000000000000000
0.0000000000000000
0.0000000000000000
0.0000000000000000
0.0000000000000000
0.0000000000000000
0.0000000000000000
0.0000000000000000
0.0000000000000000
0.0000000000000000
0.0000000000000000
0.0000000000000000
0.0000000000000000
0.0000000000000000
0.0000000000000000
0.0000000000000000
0.0000000000000000
0.0000000000000000
0.0000000000000000
0.0000000000000000
0.0000000000000000
0.0000000000000000
0.0000000000000000
0.0000000000000000
0.0000000000000000
0.0000000000000000
0.0000000000000000
0.0000000000000000
0.0000000000000000
0.0000000000000000
0.0000000000000000
0.0000000000000000
0.0000000000000000
0.0000000000000000
0.0000000000000000
0.0000000000000000
0.0000000000000000
0.0000000000000000
0.0000000000000000
0.0000000000000000
0.0000000000000000
0.0000000000000000
0.0000000000000000
0.0000000000000000
0.0000000000000000
0.0000000000000000
0.0000000000000000
0.0000000000000000
0.0000000000000000
0.0000000000000000
0.0000000000000000
0.0000000000000000
0.0000000000000000
0.0000000000000000
0.0000000000000000
0.0000000000000000
0.0000000000000000
0.0000000000000000
0.0000000000000000
0.0000000000000000
0.0000000000000000
0.0000000000000000
0.0000000000000000
0.0000000000000000
0.0000000000000000
0.0000000000000000
0.0000000000000000
0.0000000000000000
0.0000000000000000
0.0000000000000000
0.0000000000000000
0.0000000000000000
0.0000000000000000
0.0000000000000000
0.0000000000000000
0.0000000000000000
0.0000000000000000
0.0000000000000000
0.0000000000000000
0.0000000000000000
0.0000000000000000
0.0000000000000000
0.0000000000000000
0.0000000000000000
0.0000000000000000
0.0000000000000000
0.0000000000000000
0.0000000000000000
0.0000000000000000
0.0000000000000000
0.0000000000000000
0.0000000000000000
0.0000000000000000
0.0000000000000000
0.0000000000000000
0.0000000000000000
0.0000000000000000
0.0000000000000000
0.0000000000000000
0.0000000000000000
0.0000000000000000
0.0000000000000000
0.0000000000000000
0.0000000000000000
0.0000000000000000
0.0000000000000000
0.0000000000000000
0.0000000000000000
0.0000000000000000
0.0000000000000000
0.0000000000000000
0.0000000000000000
0.0000000000000000
0.0000000000000000
0.0000000000000000
0.0000000000000000
0.0000000000000000
0.0000000000000000
0.0000000000000000
0.0000000000000000
0.0000000000000000
0.0000000000000000
0.0000000000000000
0.0000000000000000
0.0000000000000000
0.0000000000000000
0.0000000000000000
0.0000000000000000
0.0000000000000000
0.0000000000000000
0.0000000000000000
0.0000000000000000
0.0000000000000000
0.0000000000000000
0.0000000000000000
0.0000000000000000
0.0000000000000000
0.0000000000000000
0.0000000000000000
0.0000000000000000
0.0000000000000000
0.0000000000000000
0.0000000000000000
0.0000000000000000
0.0000000000000000
0.0000000000000000
0.0000000000000000
0.0000000000000000
0.0000000000000000
0.0000000000000000
0.0000000000000000
0.0000000000000000
0.0000000000000000
0.0000000000000000
0.0000000000000000
0.0000000000000000
0.0000000000000000
0.0000000000000000
0.0000000000000000
0.0000000000000000
0.0000000000000000
0.0000000000000000
0.0000000000000000
0.0000000000000000
0.0000000000000000
0.0000000000000000
0.0000000000000000
0.0000000000000000
0.0000000000000000
0.0000000000000000
0.0000000000000000
0.0000000000000000
0.0000000000000000
0.0000000000000000
0.0000000000000000
0.0000000000000000
0.0000000000000000
0.0000000000000000
0.0000000000000000
0.0000000000000000
0.0000000000000000
0.0000000000000000
0.0000000000000000
0.0000000000000000
0.0000000000000000
0.0000000000000000
0.0000000000000000
0.0000000000000000
0.0000000000000000
0.0000000000000000
0.0000000000000000
0.0000000000000000
0.0000000000000000
0.0000000000000000
0.0000000000000000
0.0000000000000000
0.0000000000000000
0.0000000000000000
0.0000000000000000
0.0000000000000000
0.0000000000000000
0.0000000000000000
0.0000000000000000
0.0000000000000000
0.0000000000000000
0.0000000000000000
0.0000000000000000
0.0000000000000000
0.0000000000000000
0.0000000000000000
0.0000000000000000
0.0000000000000000
0.0000000000000000
0.0000000000000000
0.0000000000000000
0.0000000000000000
0.0000000000000000
0.0000000000000000
0.0000000000000000
0.0000000000000000
0.0000000000000000
0.0000000000000000
0.0000000000000000
0.0000000000000000
0.0000000000000000
0.0000000000000000
0.0000000000000000
0.0000000000000000
0.0000000000000000
0.0000000000000000
0.0000000000000000
0.0000000000000000
0.0000000000000000
0.0000000000000000
0.0000000000000000
0.0000000000000000
0.0000000000000000
0.0000000000000000
0.0000000000000000
0.0000000000000000
0.0000000000000000
0.0000000000000000
0.0000000000000000
0.0000000000000000
0.0000000000000000
0.0000000000000000
0.0000000000000000
0.0000000000000000
0.0000000000000000
0.0000000000000000
0.0000000000000000
0.0000000000000000
0.0000000000000000
0.0000000000000000
0.0000000000000000
0.0000000000000000
0.0000000000000000
0.0000000000000000
0.0000000000000000
0.0000000000000000
0.0000000000000000
0.0000000000000000
0.0000000000000000
0.0000000000000000
0.0000000000000000
0.0000000000000000
0.0000000000000000
0.0000000000000000
0.0000000000000000
0.0000000000000000
0.0000000000000000
0.0000000000000000
0.0000000000000000
0.0000000000000000
0.0000000000000000
0.0000000000000000
0.0000000000000000
0.0000000000000000
0.0000000000000000
0.0000000000000000
0.0000000000000000
0.0000000000000000
0.0000000000000000
0.0000000000000000
0.0000000000000000
0.0000000000000000
0.0000000000000000
0.0000000000000000
0.0000000000000000
0.0000000000000000
0.0000000000000000
0.0000000000000000
0.0000000000000000
0.0000000000000000
0.0000000000000000
0.0000000000000000
0.0000000000000000
0.0000000000000000
0.0000000000000000
0.0000000000000000
0.0000000000000000
0.0000000000000000
0.0000000000000000
0.0000000000000000
0.0000000000000000
0.0000000000000000
0.0000000000000000
0.0000000000000000
0.0000000000000000
0.0000000000000000
0.0000000000000000
0.0000000000000000
0.0000000000000000
0.0000000000000000
0.0000000000000000
0.0000000000000000
0.0000000000000000
0.0000000000000000
0.0000000000000000
0.0000000000000000
0.0000000000000000
0.0000000000000000
0.0000000000000000
0.0000000000000000
0.0000000000000000
0.0000000000000000
0.0000000000000000
0.0000000000000000
0.0000000000000000
0.0000000000000000
0.0000000000000000
0.0000000000000000
0.0000000000000000
0.0000000000000000
0.0000000000000000
0.0000000000000000
0.0000000000000000
0.0000000000000000
0.0000000000000000
0.0000000000000000
0.0000000000000000
0.0000000000000000
0.0000000000000000
0.0000000000000000
0.0000000000000000
0.0000000000000000
0.0000000000000000
0.0000000000000000
0.0000000000000000
0.0000000000000000
0.0000000000000000
0.0000000000000000
0.0000000000000000
0.0000000000000000
0.0000000000000000
0.0000000000000000
0.0000000000000000
0.0000000000000000
0.0000000000000000
0.0000000000000000
0.0000000000000000
0.0000000000000000
0.0000000000000000
0.0000000000000000
0.0000000000000000
0.0000000000000000
0.0000000000000000
0.0000000000000000
0.0000000000000000
0.0000000000000000
0.0000000000000000
0.0000000000000000
0.0000000000000000
0.0000000000000000
0.0000000000000000
0.0000000000000000
0.0000000000000000
0.0000000000000000
0.0000000000000000
0.0000000000000000
0.0000000000000000
0.0000000000000000
0.0000000000000000
0.0000000000000000
0.0000000000000000
0.0000000000000000
0.0000000000000000
0.0000000000000000
0.0000000000000000
0.0000000000000000
0.0000000000000000
0.0000000000000000
0.0000000000000000
0.0000000000000000
0.0000000000000000
0.0000000000000000
0.0000000000000000
0.0000000000000000
0.0000000000000000
0.0000000000000000
0.0000000000000000
0.0000000000000000
0.0000000000000000
0.0000000000000000
0.0000000000000000
0.0000000000000000
0.0000000000000000
0.0000000000000000
0.0000000000000000
0.0000000000000000
0.0000000000000000
0.0000000000000000
0.0000000000000000
0.0000000000000000
0.0000000000000000
0.0000000000000000
0.0000000000000000
0.0000000000000000
0.0000000000000000
0.0000000000000000
0.0000000000000000
0.0000000000000000
0.0000000000000000
0.0000000000000000
0.0000000000000000
0.0000000000000000
0.0000000000000000
0.0000000000000000
0.0000000000000000
0.0000000000000000
0.0000000000000000
0.0000000000000000
0.0000000000000000
0.0000000000000000
0.0000000000000000
0.0000000000000000
0.0000000000000000
0.0000000000000000
0.0000000000000000
0.0000000000000000
0.0000000000000000
0.0000000000000000
0.0000000000000000
0.0000000000000000
0.0000000000000000
0.0000000000000000
0.0000000000000000
0.0000000000000000
0.0000000000000000
0.0000000000000000
0.0000000000000000
0.0000000000000000
0.0000000000000000
0.0000000000000000
0.0000000000000000
0.0000000000000000
0.0000000000000000
0.0000000000000000
0.0000000000000000
0.0000000000000000
0.0000000000000000
0.0000000000000000
0.0000000000000000
0.0000000000000000
0.0000000000000000
0.0000000000000000
0.0000000000000000
0.0000000000000000
0.0000000000000000
0.0000000000000000
0.0000000000000000
0.0000000000000000
0.0000000000000000
0.0000000000000000
0.0000000000000000
0.0000000000000000
0.0000000000000000
0.0000000000000000
0.0000000000000000
0.0000000000000000
0.0000000000000000
0.0000000000000000
0.0000000000000000
0.0000000000000000
0.0000000000000000
0.0000000000000000
0.0000000000000000
0.0000000000000000
0.0000000000000000
0.0000000000000000
0.0000000000000000
0.0000000000000000
0.0000000000000000
0.0000000000000000
0.0000000000000000
0.0000000000000000
0.0000000000000000
0.0000000000000000
0.0000000000000000
0.0000000000000000
0.0000000000000000
0.0000000000000000
0.0000000000000000
0.0000000000000000
0.0000000000000000
0.0000000000000000
0.0000000000000000
0.0000000000000000
0.0000000000000000
0.0000000000000000
0.0000000000000000
0.0000000000000000
0.0000000000000000
0.0000000000000000
0.0000000000000000
0.0000000000000000
0.0000000000000000
0.0000000000000000
0.0000000000000000
0.0000000000000000
0.0000000000000000
0.0000000000000000
0.0000000000000000
0.0000000000000000
0.0000000000000000
0.0000000000000000
0.0000000000000000
0.0000000000000000
0.0000000000000000
0.0000000000000000
0.0000000000000000
0.0000000000000000
0.0000000000000000
0.0000000000000000
0.0000000000000000
0.0000000000000000
0.0000000000000000
0.0000000000000000
0.0000000000000000
0.0000000000000000
0.0000000000000000
0.0000000000000000
0.0000000000000000
0.0000000000000000
0.0000000000000000
0.0000000000000000
0.0000000000000000
0.0000000000000000
0.0000000000000000
0.0000000000000000
0.0000000000000000
0.0000000000000000
0.0000000000000000
0.0000000000000000
0.0000000000000000
0.0000000000000000
0.0000000000000000
0.0000000000000000
0.0000000000000000
0.0000000000000000
0.0000000000000000
0.0000000000000000
0.0000000000000000
0.0000000000000000
0.0000000000000000
0.0000000000000000
0.0000000000000000
0.0000000000000000
0.0000000000000000
0.0000000000000000
0.0000000000000000
0.0000000000000000
0.0000000000000000
0.0000000000000000
0.0000000000000000
0.0000000000000000
0.0000000000000000
0.0000000000000000
0.0000000000000000
0.0000000000000000
0.0000000000000000
0.0000000000000000
0.0000000000000000
0.0000000000000000
0.0000000000000000
0.0000000000000000
0.0000000000000000
0.0000000000000000
0.0000000000000000
0.0000000000000000
0.0000000000000000
0.0000000000000000
0.0000000000000000
0.0000000000000000
0.0000000000000000
0.0000000000000000
0.0000000000000000
0.0000000000000000
0.0000000000000000
0.0000000000000000
0.0000000000000000
0.0000000000000000
0.0000000000000000
0.0000000000000000
0.0000000000000000
0.0000000000000000
0.0000000000000000
0.0000000000000000
0.0000000000000000
0.0000000000000000
0.0000000000000000
0.0000000000000000
0.0000000000000000
0.0000000000000000
0.0000000000000000
0.0000000000000000
0.0000000000000000
0.0000000000000000
0.0000000000000000
0.0000000000000000
0.0000000000000000
0.0000000000000000
0.0000000000000000
0.0000000000000000
0.0000000000000000
0.0000000000000000
0.0000000000000000
0.0000000000000000
0.0000000000000000
0.0000000000000000
0.0000000000000000
0.0000000000000000
0.0000000000000000
0.0000000000000000
0.0000000000000000
0.0000000000000000
0.0000000000000000
0.0000000000000000
0.0000000000000000
0.0000000000000000
0.0000000000000000
0.0000000000000000
0.0000000000000000
0.0000000000000000
0.0000000000000000
0.0000000000000000
0.0000000000000000
0.0000000000000000
0.0000000000000000
0.0000000000000000
0.0000000000000000
0.0000000000000000
0.0000000000000000
0.0000000000000000
0.0000000000000000
0.0000000000000000
0.0000000000000000
0.0000000000000000
0.0000000000000000
0.0000000000000000
0.0000000000000000
0.0000000000000000
0.0000000000000000
0.0000000000000000
0.0000000000000000
0.0000000000000000
0.0000000000000000
0.0000000000000000
0.0000000000000000
0.0000000000000000
0.0000000000000000
0.0000000000000000
0.0000000000000000
0.0000000000000000
0.0000000000000000
0.0000000000000000
0.0000000000000000
0.0000000000000000
0.0000000000000000
0.0000000000000000
0.0000000000000000
0.0000000000000000
0.0000000000000000
0.0000000000000000
0.0000000000000000
0.0000000000000000
0.0000000000000000
0.0000000000000000
0.0000000000000000
0.0000000000000000
0.0000000000000000
0.0000000000000000
0.0000000000000000
0.0000000000000000
0.0000000000000000
0.0000000000000000
0.0000000000000000
0.0000000000000000
0.0000000000000000
0.0000000000000000
0.0000000000000000
0.0000000000000000
0.0000000000000000
0.0000000000000000
0.0000000000000000
0.0000000000000000
0.0000000000000000
0.0000000000000000
0.0000000000000000
0.0000000000000000
0.0000000000000000
0.0000000000000000
0.0000000000000000
0.0000000000000000
0.0000000000000000
0.0000000000000000
0.0000000000000000
0.0000000000000000
0.0000000000000000
0.0000000000000000
0.0000000000000000
0.0000000000000000
0.0000000000000000
0.0000000000000000
0.0000000000000000
0.0000000000000000
0.0000000000000000
0.0000000000000000
0.0000000000000000
0.0000000000000000
0.0000000000000000
0.0000000000000000
0.0000000000000000
0.0000000000000000
0.0000000000000000
0.0000000000000000
0.0000000000000000
0.0000000000000000
0.0000000000000000
0.0000000000000000
0.0000000000000000
0.0000000000000000
0.0000000000000000
0.0000000000000000
0.0000000000000000
0.0000000000000000
0.0000000000000000
0.0000000000000000
0.0000000000000000
0.0000000000000000
0.0000000000000000
0.0000000000000000
0.0000000000000000
0.0000000000000000
0.0000000000000000
0.0000000000000000
0.0000000000000000
0.0000000000000000
0.0000000000000000
0.0000000000000000
0.0000000000000000
0.0000000000000000
0.0000000000000000
0.0000000000000000
0.0000000000000000
0.0000000000000000
0.0000000000000000
0.0000000000000000
0.0000000000000000
0.0000000000000000
0.0000000000000000
0.0000000000000000
0.0000000000000000
0.0000000000000000
0.0000000000000000
0.0000000000000000
0.0000000000000000
0.0000000000000000
0.0000000000000000
0.0000000000000000
0.0000000000000000
0.0000000000000000
0.0000000000000000
0.0000000000000000
0.0000000000000000
0.0000000000000000
0.0000000000000000
0.0000000000000000
0.0000000000000000
0.0000000000000000
0.0000000000000000
0.0000000000000000
0.0000000000000000
0.0000000000000000
0.0000000000000000
0.0000000000000000
0.0000000000000000
0.0000000000000000
0.0000000000000000
0.0000000000000000
0.0000000000000000
0.0000000000000000
0.0000000000000000
0.0000000000000000
0.0000000000000000
0.0000000000000000
0.0000000000000000
0.0000000000000000
0.0000000000000000
0.0000000000000000
0.0000000000000000
0.0000000000000000
0.0000000000000000
0.0000000000000000
0.0000000000000000
0.0000000000000000
0.0000000000000000
0.0000000000000000
0.0000000000000000
0.0000000000000000
0.0000000000000000
0.0000000000000000
0.0000000000000000
0.0000000000000000
0.0000000000000000
0.0000000000000000
0.0000000000000000
0.0000000000000000
0.0000000000000000
0.0000000000000000
0.0000000000000000
0.0000000000000000
0.0000000000000000
0.0000000000000000
0.0000000000000000
0.0000000000000000
0.0000000000000000
0.0000000000000000
0.0000000000000000
0.0000000000000000
0.0000000000000000
0.0000000000000000
0.0000000000000000
0.0000000000000000
0.0000000000000000
0.0000000000000000
0.0000000000000000
0.0000000000000000
0.0000000000000000
0.0000000000000000
0.0000000000000000
0.0000000000000000
0.0000000000000000
0.0000000000000000
0.0000000000000000
0.0000000000000000
0.0000000000000000
0.0000000000000000
0.0000000000000000
0.0000000000000000
0.0000000000000000
0.0000000000000000
0.0000000000000000
0.0000000000000000
0.0000000000000000
0.0000000000000000
0.0000000000000000
0.0000000000000000
0.0000000000000000
0.0000000000000000
0.0000000000000000
0.0000000000000000
0.0000000000000000
0.0000000000000000
0.0000000000000000
0.0000000000000000
0.0000000000000000
0.0000000000000000
0.0000000000000000
0.0000000000000000
0.0000000000000000
0.0000000000000000
0.0000000000000000
0.0000000000000000
0.0000000000000000
0.0000000000000000
0.0000000000000000
0.0000000000000000
0.0000000000000000
0.0000000000000000
0.0000000000000000
0.0000000000000000
0.0000000000000000
0.0000000000000000
0.0000000000000000
0.0000000000000000
0.0000000000000000
0.0000000000000000
0.0000000000000000
0.0000000000000000
0.0000000000000000
0.0000000000000000
0.0000000000000000
0.0000000000000000
0.0000000000000000
0.0000000000000000
0.0000000000000000
0.0000000000000000
0.0000000000000000
0.0000000000000000
0.0000000000000000
0.0000000000000000
0.0000000000000000
0.0000000000000000
0.0000000000000000
0.0000000000000000
0.0000000000000000
0.0000000000000000
0.0000000000000000
0.0000000000000000
0.0000000000000000
0.0000000000000000
0.0000000000000000
0.0000000000000000
0.0000000000000000
0.0000000000000000
0.0000000000000000
0.0000000000000000
0.0000000000000000
0.0000000000000000
0.0000000000000000
0.0000000000000000
0.0000000000000000
0.0000000000000000
0.0000000000000000
0.0000000000000000
0.0000000000000000
0.0000000000000000
0.0000000000000000
0.0000000000000000
0.0000000000000000
0.0000000000000000
0.0000000000000000
0.0000000000000000
0.0000000000000000
0.0000000000000000
0.0000000000000000
0.0000000000000000
0.0000000000000000
0.0000000000000000
0.0000000000000000
0.0000000000000000
0.0000000000000000
0.0000000000000000
0.0000000000000000
0.0000000000000000
0.0000000000000000
0.0000000000000000
0.0000000000000000
0.0000000000000000
0.0000000000000000
0.0000000000000000
0.0000000000000000
0.0000000000000000
0.0000000000000000
0.0000000000000000
0.0000000000000000
0.0000000000000000
0.0000000000000000
0.0000000000000000
0.0000000000000000
0.0000000000000000
0.0000000000000000
0.0000000000000000
0.0000000000000000
0.0000000000000000
0.0000000000000000
0.0000000000000000
0.0000000000000000
0.0000000000000000
0.0000000000000000
0.0000000000000000
0.0000000000000000
0.0000000000000000
0.0000000000000000
0.0000000000000000
0.0000000000000000
0.0000000000000000
0.0000000000000000
0.0000000000000000
0.0000000000000000
0.0000000000000000
0.0000000000000000
0.0000000000000000
0.0000000000000000
0.0000000000000000
0.0000000000000000
0.0000000000000000
0.0000000000000000
0.0000000000000000
0.0000000000000000
0.0000000000000000
0.0000000000000000
0.0000000000000000
0.0000000000000000
0.0000000000000000
0.0000000000000000
0.0000000000000000
0.0000000000000000
0.0000000000000000
0.0000000000000000
0.0000000000000000
0.0000000000000000
0.0000000000000000
0.0000000000000000
0.0000000000000000
0.0000000000000000
0.0000000000000000
0.0000000000000000
0.0000000000000000
0.0000000000000000
0.0000000000000000
0.0000000000000000
0.0000000000000000
0.0000000000000000
0.0000000000000000
0.0000000000000000
0.0000000000000000
0.0000000000000000
0.0000000000000000
0.0000000000000000
0.0000000000000000
0.0000000000000000
0.0000000000000000
0.0000000000000000
0.0000000000000000
0.0000000000000000
0.0000000000000000
0.0000000000000000
0.0000000000000000
0.0000000000000000
0.0000000000000000
0.0000000000000000
0.0000000000000000
0.0000000000000000
0.0000000000000000
0.0000000000000000
0.0000000000000000
0.0000000000000000
0.0000000000000000
0.0000000000000000
0.0000000000000000
0.0000000000000000
0.0000000000000000
0.0000000000000000
0.0000000000000000
0.0000000000000000
0.0000000000000000
0.0000000000000000
0.0000000000000000
0.0000000000000000
0.0000000000000000
0.0000000000000000
0.0000000000000000
0.0000000000000000
0.0000000000000000
0.0000000000000000
0.0000000000000000
0.0000000000000000
0.0000000000000000
0.0000000000000000
0.0000000000000000
0.0000000000000000
0.0000000000000000
0.0000000000000000
0.0000000000000000
0.0000000000000000
0.0000000000000000
0.0000000000000000
0.0000000000000000
0.0000000000000000
0.0000000000000000
0.0000000000000000
0.0000000000000000
0.0000000000000000
0.0000000000000000
0.0000000000000000
0.0000000000000000
0.0000000000000000
0.0000000000000000
0.0000000000000000
0.0000000000000000
0.0000000000000000
0.0000000000000000
0.0000000000000000
0.0000000000000000
0.0000000000000000
0.0000000000000000
0.0000000000000000
0.0000000000000000
0.0000000000000000
0.0000000000000000
0.0000000000000000
0.0000000000000000
0.0000000000000000
0.0000000000000000
0.0000000000000000
0.0000000000000000
0.0000000000000000
0.0000000000000000
0.0000000000000000
0.0000000000000000
0.0000000000000000
0.0000000000000000
0.0000000000000000
0.0000000000000000
0.0000000000000000
0.0000000000000000
0.0000000000000000
0.0000000000000000
0.0000000000000000
0.0000000000000000
0.0000000000000000
0.0000000000000000
0.0000000000000000
0.0000000000000000
0.0000000000000000
0.0000000000000000
0.0000000000000000
0.0000000000000000
0.0000000000000000
0.0000000000000000
0.0000000000000000
0.0000000000000000
0.0000000000000000
0.0000000000000000
0.0000000000000000
0.0000000000000000
0.0000000000000000
0.0000000000000000
0.0000000000000000
0.0000000000000000
0.0000000000000000
0.0000000000000000
0.0000000000000000
0.0000000000000000
0.0000000000000000
0.0000000000000000
0.0000000000000000
0.0000000000000000
0.0000000000000000
0.0000000000000000
0.0000000000000000
0.0000000000000000
0.0000000000000000
0.0000000000000000
0.0000000000000000
0.0000000000000000
0.0000000000000000
0.0000000000000000
0.0000000000000000
0.0000000000000000
0.0000000000000000
0.0000000000000000
0.0000000000000000
0.0000000000000000
0.0000000000000000
0.0000000000000000
0.0000000000000000
0.0000000000000000
0.0000000000000000
0.0000000000000000
0.0000000000000000
0.0000000000000000
0.0000000000000000
0.0000000000000000
0.0000000000000000
0.0000000000000000
0.0000000000000000
0.0000000000000000
0.0000000000000000
0.0000000000000000
0.0000000000000000
0.0000000000000000
0.0000000000000000
0.0000000000000000
0.0000000000000000
0.0000000000000000
0.0000000000000000
0.0000000000000000
0.0000000000000000
0.0000000000000000
0.0000000000000000
0.0000000000000000
0.0000000000000000
0.0000000000000000
0.0000000000000000
0.0000000000000000
0.0000000000000000
0.0000000000000000
0.0000000000000000
0.0000000000000000
0.0000000000000000
0.0000000000000000
0.0000000000000000
0.0000000000000000
0.0000000000000000
0.0000000000000000
0.0000000000000000
0.0000000000000000
0.0000000000000000
0.0000000000000000
0.0000000000000000
0.0000000000000000
0.0000000000000000
0.0000000000000000
0.0000000000000000
0.0000000000000000
0.0000000000000000
0.0000000000000000
0.0000000000000000
0.0000000000000000
0.0000000000000000
0.0000000000000000
0.0000000000000000
0.0000000000000000
0.0000000000000000
0.0000000000000000
0.0000000000000000
0.0000000000000000
0.0000000000000000
0.0000000000000000
0.0000000000000000
0.0000000000000000
0.0000000000000000
0.0000000000000000
0.0000000000000000
0.0000000000000000
0.0000000000000000
0.0000000000000000
0.0000000000000000
0.0000000000000000
0.0000000000000000
0.0000000000000000
0.0000000000000000
0.0000000000000000
0.0000000000000000
0.0000000000000000
0.0000000000000000
0.0000000000000000
0.0000000000000000
0.0000000000000000
0.0000000000000000
0.0000000000000000
0.0000000000000000
0.0000000000000000
0.0000000000000000
0.0000000000000000
0.0000000000000000
0.0000000000000000
0.0000000000000000
0.0000000000000000
0.0000000000000000
0.0000000000000000
0.0000000000000000
0.0000000000000000
0.0000000000000000
0.0000000000000000
0.0000000000000000
0.0000000000000000
0.0000000000000000
0.0000000000000000
0.0000000000000000
0.0000000000000000
0.0000000000000000
0.0000000000000000
0.0000000000000000
0.0000000000000000
0.0000000000000000
0.0000000000000000
0.0000000000000000
0.0000000000000000
0.0000000000000000
0.0000000000000000
0.0000000000000000
0.0000000000000000
0.0000000000000000
0.0000000000000000
0.0000000000000000
0.0000000000000000
0.0000000000000000
0.0000000000000000
0.0000000000000000
0.0000000000000000
0.0000000000000000
0.0000000000000000
0.0000000000000000
0.0000000000000000
0.0000000000000000
0.0000000000000000
0.0000000000000000
0.0000000000000000
0.0000000000000000
0.0000000000000000
0.0000000000000000
0.0000000000000000
0.0000000000000000
0.0000000000000000
0.0000000000000000
0.0000000000000000
0.0000000000000000
0.0000000000000000
0.0000000000000000
0.0000000000000000
0.0000000000000000
0.0000000000000000
0.0000000000000000
0.0000000000000000
0.0000000000000000
0.0000000000000000
0.0000000000000000
0.0000000000000000
0.0000000000000000
0.0000000000000000
0.0000000000000000
0.0000000000000000
0.0000000000000000
0.0000000000000000
0.0000000000000000
0.0000000000000000
0.0000000000000000
0.0000000000000000
0.0000000000000000
0.0000000000000000
0.0000000000000000
0.0000000000000000
0.0000000000000000
0.0000000000000000
0.0000000000000000
0.0000000000000000
0.0000000000000000
0.0000000000000000
0.0000000000000000
0.0000000000000000
0.0000000000000000
0.0000000000000000
0.0000000000000000
0.0000000000000000
0.0000000000000000
0.0000000000000000
0.0000000000000000
0.0000000000000000
0.0000000000000000
0.0000000000000000
0.0000000000000000
0.0000000000000000
0.0000000000000000
0.0000000000000000
0.0000000000000000
0.0000000000000000
0.0000000000000000
0.0000000000000000
0.0000000000000000
0.0000000000000000
0.0000000000000000
0.0000000000000000
0.0000000000000000
0.0000000000000000
0.0000000000000000
0.0000000000000000
0.0000000000000000
0.0000000000000000
0.0000000000000000
0.0000000000000000
0.0000000000000000
0.0000000000000000
0.0000000000000000
0.0000000000000000
0.0000000000000000
0.0000000000000000
0.0000000000000000
0.0000000000000000
0.0000000000000000
0.0000000000000000
0.0000000000000000
0.0000000000000000
0.0000000000000000
0.0000000000000000
0.0000000000000000
0.0000000000000000
0.0000000000000000
0.0000000000000000
0.0000000000000000
0.0000000000000000
0.0000000000000000
0.0000000000000000
0.0000000000000000
0.0000000000000000
0.0000000000000000
0.0000000000000000
0.0000000000000000
0.0000000000000000
0.0000000000000000
0.0000000000000000
0.0000000000000000
0.0000000000000000
0.0000000000000000
0.0000000000000000
0.0000000000000000
0.0000000000000000
0.0000000000000000
0.0000000000000000
0.0000000000000000
0.0000000000000000
0.0000000000000000
0.0000000000000000
0.0000000000000000
0.0000000000000000
0.0000000000000000
0.0000000000000000
0.0000000000000000
0.0000000000000000
0.0000000000000000
0.0000000000000000
0.0000000000000000
0.0000000000000000
0.0000000000000000
0.0000000000000000
0.0000000000000000
0.0000000000000000
0.0000000000000000
0.0000000000000000
0.0000000000000000
0.0000000000000000
0.0000000000000000
0.0000000000000000
0.0000000000000000
0.0000000000000000
0.0000000000000000
0.0000000000000000
0.0000000000000000
0.0000000000000000
0.0000000000000000
0.0000000000000000
0.0000000000000000
0.0000000000000000
0.0000000000000000
0.0000000000000000
0.0000000000000000
0.0000000000000000
0.0000000000000000
0.0000000000000000
0.0000000000000000
0.0000000000000000
0.0000000000000000
0.0000000000000000
0.0000000000000000
0.0000000000000000
0.0000000000000000
0.0000000000000000
0.0000000000000000
0.0000000000000000
0.0000000000000000
0.0000000000000000
0.0000000000000000
0.0000000000000000
0.0000000000000000
0.0000000000000000
0.0000000000000000
0.0000000000000000
0.0000000000000000
0.0000000000000000
0.0000000000000000
0.0000000000000000
0.0000000000000000
0.0000000000000000
0.0000000000000000
0.0000000000000000
0.0000000000000000
0.0000000000000000
0.0000000000000000
0.0000000000000000
0.0000000000000000
0.0000000000000000
0.0000000000000000
0.0000000000000000
0.0000000000000000
0.0000000000000000
0.0000000000000000
0.0000000000000000
0.0000000000000000
0.0000000000000000
0.0000000000000000
0.0000000000000000
0.0000000000000000
0.0000000000000000
0.0000000000000000
0.0000000000000000
0.0000000000000000
0.0000000000000000
0.0000000000000000
0.0000000000000000
0.0000000000000000
0.0000000000000000
0.0000000000000000
0.0000000000000000
0.0000000000000000
0.0000000000000000
0.0000000000000000
0.0000000000000000
0.0000000000000000
0.0000000000000000
0.0000000000000000
0.0000000000000000
0.0000000000000000
0.0000000000000000
0.0000000000000000
0.0000000000000000
0.0000000000000000
0.0000000000000000
0.0000000000000000
0.0000000000000000
0.0000000000000000
0.0000000000000000
0.0000000000000000
0.0000000000000000
0.0000000000000000
0.0000000000000000
0.0000000000000000
0.0000000000000000
0.0000000000000000
0.0000000000000000
0.0000000000000000
0.0000000000000000
0.0000000000000000
0.0000000000000000
0.0000000000000000
0.0000000000000000
0.0000000000000000
0.0000000000000000
0.0000000000000000
0.0000000000000000
0.0000000000000000
0.0000000000000000
0.0000000000000000
0.0000000000000000
0.0000000000000000
0.0000000000000000
0.0000000000000000
0.0000000000000000
0.0000000000000000
0.0000000000000000
0.0000000000000000
0.0000000000000000
0.0000000000000000
0.0000000000000000
0.0000000000000000
0.0000000000000000
0.0000000000000000
0.0000000000000000
0.0000000000000000
0.0000000000000000
0.0000000000000000
0.0000000000000000
0.0000000000000000
0.0000000000000000
0.0000000000000000
0.0000000000000000
0.0000000000000000
0.0000000000000000
0.0000000000000000
0.0000000000000000
0.0000000000000000
0.0000000000000000
0.0000000000000000
0.0000000000000000
0.0000000000000000
0.0000000000000000
0.0000000000000000
0.0000000000000000
0.0000000000000000
0.0000000000000000
0.0000000000000000
0.0000000000000000
0.0000000000000000
0.0000000000000000
0.0000000000000000
0.0000000000000000
0.0000000000000000
0.0000000000000000
0.0000000000000000
0.0000000000000000
0.0000000000000000
0.0000000000000000
0.0000000000000000
0.0000000000000000
0.0000000000000000
0.0000000000000000
0.0000000000000000
0.0000000000000000
0.0000000000000000
0.0000000000000000
0.0000000000000000
0.0000000000000000
0.0000000000000000
0.0000000000000000
0.0000000000000000
0.0000000000000000
0.0000000000000000
0.0000000000000000
0.0000000000000000
0.0000000000000000
0.0000000000000000
0.0000000000000000
0.0000000000000000
0.0000000000000000
0.0000000000000000
0.0000000000000000
0.0000000000000000
0.0000000000000000
0.0000000000000000
0.0000000000000000
0.0000000000000000
0.0000000000000000
0.0000000000000000
0.0000000000000000
0.0000000000000000
0.0000000000000000
0.0000000000000000
0.0000000000000000
0.0000000000000000
0.0000000000000000
0.0000000000000000
0.0000000000000000
0.0000000000000000
0.0000000000000000
0.0000000000000000
0.0000000000000000
0.0000000000000000
0.0000000000000000
0.0000000000000000
0.0000000000000000
0.0000000000000000
0.0000000000000000
0.0000000000000000
0.0000000000000000
0.0000000000000000
0.0000000000000000
0.0000000000000000
0.0000000000000000
0.0000000000000000
0.0000000000000000
0.0000000000000000
0.0000000000000000
0.0000000000000000
0.0000000000000000
0.0000000000000000
0.0000000000000000
0.0000000000000000
0.0000000000000000
0.0000000000000000
0.0000000000000000
0.0000000000000000
0.0000000000000000
0.0000000000000000
0.0000000000000000
0.0000000000000000
0.0000000000000000
0.0000000000000000
0.0000000000000000
0.0000000000000000
0.0000000000000000
0.0000000000000000
0.0000000000000000
0.0000000000000000
0.0000000000000000
0.0000000000000000
0.0000000000000000
0.0000000000000000
0.0000000000000000
0.0000000000000000
0.0000000000000000
0.0000000000000000
0.0000000000000000
0.0000000000000000
0.0000000000000000
0.0000000000000000
0.0000000000000000
0.0000000000000000
0.0000000000000000
0.0000000000000000
0.0000000000000000
0.0000000000000000
0.0000000000000000
0.0000000000000000
0.0000000000000000
0.0000000000000000
0.0000000000000000
0.0000000000000000
0.0000000000000000
0.0000000000000000
0.0000000000000000
0.0000000000000000
0.0000000000000000
0.0000000000000000
0.0000000000000000
0.0000000000000000
0.0000000000000000
0.0000000000000000
0.0000000000000000
0.0000000000000000
0.0000000000000000
0.0000000000000000
0.0000000000000000
0.0000000000000000
0.0000000000000000
0.0000000000000000
0.0000000000000000
0.0000000000000000
0.0000000000000000
0.0000000000000000
0.0000000000000000
0.0000000000000000
0.0000000000000000
0.0000000000000000
0.0000000000000000
0.0000000000000000
0.0000000000000000
0.0000000000000000
0.0000000000000000
0.0000000000000000
0.0000000000000000
0.0000000000000000
0.0000000000000000
0.0000000000000000
0.0000000000000000
0.0000000000000000
0.0000000000000000
0.0000000000000000
0.0000000000000000
0.0000000000000000
0.0000000000000000
0.0000000000000000
0.0000000000000000
0.0000000000000000
0.0000000000000000
0.0000000000000000
0.0000000000000000
0.0000000000000000
0.0000000000000000
0.0000000000000000
0.0000000000000000
0.0000000000000000
0.0000000000000000
0.0000000000000000
0.0000000000000000
0.0000000000000000
0.0000000000000000
0.0000000000000000
0.0000000000000000
0.0000000000000000
0.0000000000000000
0.0000000000000000
0.0000000000000000
0.0000000000000000
0.0000000000000000
0.0000000000000000
0.0000000000000000
0.0000000000000000
0.0000000000000000
0.0000000000000000
0.0000000000000000
0.0000000000000000
0.0000000000000000
0.0000000000000000
0.0000000000000000
0.0000000000000000
0.0000000000000000
0.0000000000000000
0.0000000000000000
0.0000000000000000
0.0000000000000000
0.0000000000000000
0.0000000000000000
0.0000000000000000
0.0000000000000000
0.0000000000000000
0.0000000000000000
0.0000000000000000
0.0000000000000000
0.0000000000000000
0.0000000000000000
0.0000000000000000
0.0000000000000000
0.0000000000000000
0.0000000000000000
0.0000000000000000
0.0000000000000000
0.0000000000000000
0.0000000000000000
0.0000000000000000
0.0000000000000000
0.0000000000000000
0.0000000000000000
0.0000000000000000
0.0000000000000000
0.0000000000000000
0.0000000000000000
0.0000000000000000
0.0000000000000000
0.0000000000000000
0.0000000000000000
0.0000000000000000
0.0000000000000000
0.0000000000000000
0.0000000000000000
0.0000000000000000
0.0000000000000000
0.0000000000000000
0.0000000000000000
0.0000000000000000
0.0000000000000000
0.0000000000000000
0.0000000000000000
0.0000000000000000
0.0000000000000000
0.0000000000000000
0.0000000000000000
0.0000000000000000
0.0000000000000000
0.0000000000000000
0.0000000000000000
0.0000000000000000
0.0000000000000000
0.0000000000000000
0.0000000000000000
0.0000000000000000
0.0000000000000000
0.0000000000000000
0.0000000000000000
0.0000000000000000
0.0000000000000000
0.0000000000000000
0.0000000000000000
0.0000000000000000
0.0000000000000000
0.0000000000000000
0.0000000000000000
0.0000000000000000
0.0000000000000000
0.0000000000000000
0.0000000000000000
0.0000000000000000
0.0000000000000000
0.0000000000000000
0.0000000000000000
0.0000000000000000
0.0000000000000000
0.0000000000000000
0.0000000000000000
0.0000000000000000
0.0000000000000000
0.0000000000000000
0.0000000000000000
0.0000000000000000
0.0000000000000000
0.0000000000000000
0.0000000000000000
0.0000000000000000
0.0000000000000000
0.0000000000000000
0.0000000000000000
0.0000000000000000
0.0000000000000000
0.0000000000000000
0.0000000000000000
0.0000000000000000
0.0000000000000000
0.0000000000000000
0.0000000000000000
0.0000000000000000
0.0000000000000000
0.0000000000000000
0.0000000000000000
0.0000000000000000
0.0000000000000000
0.0000000000000000
0.0000000000000000
0.0000000000000000
0.0000000000000000
0.0000000000000000
0.0000000000000000
0.0000000000000000
0.0000000000000000
0.0000000000000000
0.0000000000000000
0.0000000000000000
0.0000000000000000
0.0000000000000000
0.0000000000000000
0.0000000000000000
0.0000000000000000
0.0000000000000000
0.0000000000000000
0.0000000000000000
0.0000000000000000
0.0000000000000000
0.0000000000000000
0.0000000000000000
0.0000000000000000
0.0000000000000000
0.0000000000000000
0.0000000000000000
0.0000000000000000
0.0000000000000000
0.0000000000000000
0.0000000000000000
0.0000000000000000
0.0000000000000000
0.0000000000000000
0.0000000000000000
0.0000000000000000
0.0000000000000000
0.0000000000000000
0.0000000000000000
0.0000000000000000
0.0000000000000000
0.0000000000000000
0.0000000000000000
0.0000000000000000
0.0000000000000000
0.0000000000000000
0.0000000000000000
0.0000000000000000
0.0000000000000000
0.0000000000000000
0.0000000000000000
0.0000000000000000
0.0000000000000000
0.0000000000000000
0.0000000000000000
0.0000000000000000
0.0000000000000000
0.0000000000000000
0.0000000000000000
0.0000000000000000
0.0000000000000000
0.0000000000000000
0.0000000000000000
0.0000000000000000
0.0000000000000000
0.0000000000000000
0.0000000000000000
0.0000000000000000
0.0000000000000000
0.0000000000000000
0.0000000000000000
0.0000000000000000
0.0000000000000000
0.0000000000000000
0.0000000000000000
0.0000000000000000
0.0000000000000000
0.0000000000000000
0.0000000000000000
0.0000000000000000
0.0000000000000000
0.0000000000000000
0.0000000000000000
0.0000000000000000
0.0000000000000000
0.0000000000000000
0.0000000000000000
0.0000000000000000
0.0000000000000000
0.0000000000000000
0.0000000000000000
0.0000000000000000
0.0000000000000000
0.0000000000000000
0.0000000000000000
0.0000000000000000
0.0000000000000000
0.0000000000000000
0.0000000000000000
0.0000000000000000
0.0000000000000000
0.0000000000000000
0.0000000000000000
0.0000000000000000
0.0000000000000000
0.0000000000000000
0.0000000000000000
0.0000000000000000
0.0000000000000000
0.0000000000000000
0.0000000000000000
0.0000000000000000
0.0000000000000000
0.0000000000000000
0.0000000000000000
0.0000000000000000
0.0000000000000000
0.0000000000000000
0.0000000000000000
0.0000000000000000
0.0000000000000000
0.0000000000000000
0.0000000000000000
0.0000000000000000
0.0000000000000000
0.0000000000000000
0.0000000000000000
0.0000000000000000
0.0000000000000000
0.0000000000000000
0.0000000000000000
0.0000000000000000
0.0000000000000000
0.0000000000000000
0.0000000000000000
0.0000000000000000
0.0000000000000000
0.0000000000000000
0.0000000000000000
0.0000000000000000
0.0000000000000000
0.0000000000000000
0.0000000000000000
0.0000000000000000
0.0000000000000000
0.0000000000000000
0.0000000000000000
0.0000000000000000
0.0000000000000000
0.0000000000000000
0.0000000000000000
0.0000000000000000
0.0000000000000000
0.0000000000000000
0.0000000000000000
0.0000000000000000
0.0000000000000000
0.0000000000000000
0.0000000000000000
0.0000000000000000
0.0000000000000000
0.0000000000000000
0.0000000000000000
0.0000000000000000
0.0000000000000000
0.0000000000000000
0.0000000000000000
0.0000000000000000
0.0000000000000000
0.0000000000000000
0.0000000000000000
0.0000000000000000
0.0000000000000000
0.0000000000000000
0.0000000000000000
0.0000000000000000
0.0000000000000000
0.0000000000000000
0.0000000000000000
0.0000000000000000
0.0000000000000000
0.0000000000000000
0.0000000000000000
0.0000000000000000
0.0000000000000000
0.0000000000000000
0.0000000000000000
0.0000000000000000
0.0000000000000000
0.0000000000000000
0.0000000000000000
0.0000000000000000
0.0000000000000000
0.0000000000000000
0.0000000000000000
0.0000000000000000
0.0000000000000000
0.0000000000000000
0.0000000000000000
0.0000000000000000
0.0000000000000000
0.0000000000000000
0.0000000000000000
0.0000000000000000
0.0000000000000000
0.0000000000000000
0.0000000000000000
0.0000000000000000
0.0000000000000000
0.0000000000000000
0.0000000000000000
0.0000000000000000
0.0000000000000000
0.0000000000000000
0.0000000000000000
0.0000000000000000
0.0000000000000000
0.0000000000000000
0.0000000000000000
0.0000000000000000
0.0000000000000000
0.0000000000000000
0.0000000000000000
0.0000000000000000
0.0000000000000000
0.0000000000000000
0.0000000000000000
0.0000000000000000
0.0000000000000000
0.0000000000000000
0.0000000000000000
0.0000000000000000
0.0000000000000000
0.0000000000000000
0.0000000000000000
0.0000000000000000
0.0000000000000000
0.0000000000000000
0.0000000000000000
0.0000000000000000
0.0000000000000000
0.0000000000000000
0.0000000000000000
0.0000000000000000
0.0000000000000000
0.0000000000000000
0.0000000000000000
0.0000000000000000
0.0000000000000000
0.0000000000000000
0.0000000000000000
0.0000000000000000
0.0000000000000000
0.0000000000000000
0.0000000000000000
0.0000000000000000
0.0000000000000000
0.0000000000000000
0.0000000000000000
0.0000000000000000
0.0000000000000000
0.0000000000000000
0.0000000000000000
0.0000000000000000
0.0000000000000000
0.0000000000000000
0.0000000000000000
0.0000000000000000
0.0000000000000000
0.0000000000000000
0.0000000000000000
0.0000000000000000
0.0000000000000000
0.0000000000000000
0.0000000000000000
0.0000000000000000
0.0000000000000000
0.0000000000000000
0.0000000000000000
0.0000000000000000
0.0000000000000000
0.0000000000000000
0.0000000000000000
0.0000000000000000
0.0000000000000000
0.0000000000000000
0.0000000000000000
0.0000000000000000
0.0000000000000000
0.0000000000000000
0.0000000000000000
0.0000000000000000
0.0000000000000000
0.0000000000000000
0.0000000000000000
0.0000000000000000
0.0000000000000000
0.0000000000000000
0.0000000000000000
0.0000000000000000
0.0000000000000000
0.0000000000000000
0.0000000000000000
0.0000000000000000
0.0000000000000000
0.0000000000000000
0.0000000000000000
0.0000000000000000
0.0000000000000000
0.0000000000000000
0.0000000000000000
0.0000000000000000
0.0000000000000000
0.0000000000000000
0.0000000000000000
0.0000000000000000
0.0000000000000000
0.0000000000000000
0.0000000000000000
0.0000000000000000
0.0000000000000000
0.0000000000000000
0.0000000000000000
0.0000000000000000
0.0000000000000000
0.0000000000000000
0.0000000000000000
0.0000000000000000
0.0000000000000000
0.0000000000000000
0.0000000000000000
0.0000000000000000
0.0000000000000000
0.0000000000000000
0.0000000000000000
0.0000000000000000
0.0000000000000000
0.0000000000000000
0.0000000000000000
0.0000000000000000
0.0000000000000000
0.0000000000000000
0.0000000000000000
0.0000000000000000
0.0000000000000000
0.0000000000000000
0.0000000000000000
0.0000000000000000
0.0000000000000000
0.0000000000000000
0.0000000000000000
0.0000000000000000
0.0000000000000000
0.0000000000000000
0.0000000000000000
0.0000000000000000
0.0000000000000000
0.0000000000000000
0.0000000000000000
0.0000000000000000
0.0000000000000000
0.0000000000000000
0.0000000000000000
0.0000000000000000
0.0000000000000000
0.0000000000000000
0.0000000000000000
0.0000000000000000
0.0000000000000000
0.0000000000000000
0.0000000000000000
0.0000000000000000
0.0000000000000000
0.0000000000000000
0.0000000000000000
0.0000000000000000
0.0000000000000000
0.0000000000000000
0.0000000000000000
0.0000000000000000
0.0000000000000000
0.0000000000000000
0.0000000000000000
0.0000000000000000
0.0000000000000000
0.0000000000000000
0.0000000000000000
0.0000000000000000
0.0000000000000000
0.0000000000000000
0.0000000000000000
0.0000000000000000
0.0000000000000000
0.0000000000000000
0.0000000000000000
0.0000000000000000
0.0000000000000000
0.0000000000000000
0.0000000000000000
0.0000000000000000
0.0000000000000000
0.0000000000000000
0.0000000000000000
0.0000000000000000
0.0000000000000000
0.0000000000000000
0.0000000000000000
0.0000000000000000
0.0000000000000000
0.0000000000000000
0.0000000000000000
0.0000000000000000
0.0000000000000000
0.0000000000000000
0.0000000000000000
0.0000000000000000
0.0000000000000000
0.0000000000000000
0.0000000000000000
0.0000000000000000
0.0000000000000000
0.0000000000000000
0.0000000000000000
0.0000000000000000
0.0000000000000000
0.0000000000000000
0.0000000000000000
0.0000000000000000
0.0000000000000000
0.0000000000000000
0.0000000000000000
0.0000000000000000
0.0000000000000000
0.0000000000000000
0.0000000000000000
0.0000000000000000
0.0000000000000000
0.0000000000000000
0.0000000000000000
0.0000000000000000
0.0000000000000000
0.0000000000000000
0.0000000000000000
0.0000000000000000
0.0000000000000000
0.0000000000000000
0.0000000000000000
0.0000000000000000
0.0000000000000000
0.0000000000000000
0.0000000000000000
0.0000000000000000
0.0000000000000000
0.0000000000000000
0.0000000000000000
0.0000000000000000
0.0000000000000000
0.0000000000000000
0.0000000000000000
0.0000000000000000
0.0000000000000000
0.0000000000000000
0.0000000000000000
0.0000000000000000
0.0000000000000000
0.0000000000000000
0.0000000000000000
0.0000000000000000
0.0000000000000000
0.0000000000000000
0.0000000000000000
0.0000000000000000
0.0000000000000000
0.0000000000000000
0.0000000000000000
0.0000000000000000
0.0000000000000000
0.0000000000000000
0.0000000000000000
0.0000000000000000
0.0000000000000000
0.0000000000000000
0.0000000000000000
0.0000000000000000
0.0000000000000000
0.0000000000000000
0.0000000000000000
0.0000000000000000
0.0000000000000000
0.0000000000000000
0.0000000000000000
0.0000000000000000
0.0000000000000000
0.0000000000000000
0.0000000000000000
0.0000000000000000
0.0000000000000000
0.0000000000000000
0.0000000000000000
0.0000000000000000
0.0000000000000000
0.0000000000000000
0.0000000000000000
0.0000000000000000
0.0000000000000000
0.0000000000000000
0.0000000000000000
0.0000000000000000
0.0000000000000000
0.0000000000000000
0.0000000000000000
0.0000000000000000
0.0000000000000000
0.0000000000000000
0.0000000000000000
0.0000000000000000
0.0000000000000000
0.0000000000000000
0.0000000000000000
0.0000000000000000
0.0000000000000000
0.0000000000000000
0.0000000000000000
0.0000000000000000
0.0000000000000000
0.0000000000000000
0.0000000000000000
0.0000000000000000
0.0000000000000000
0.0000000000000000
0.0000000000000000
0.0000000000000000
0.0000000000000000
0.0000000000000000
0.0000000000000000
0.0000000000000000
0.0000000000000000
0.0000000000000000
0.0000000000000000
0.0000000000000000
0.0000000000000000
0.0000000000000000
0.0000000000000000
0.0000000000000000
0.0000000000000000
0.0000000000000000
0.0000000000000000
0.0000000000000000
0.0000000000000000
0.0000000000000000
0.0000000000000000
0.0000000000000000
0.0000000000000000
0.0000000000000000
0.0000000000000000
0.0000000000000000
0.0000000000000000
0.0000000000000000
0.0000000000000000
0.0000000000000000
0.0000000000000000
0.0000000000000000
0.0000000000000000
0.0000000000000000
0.0000000000000000
0.0000000000000000
0.0000000000000000
0.0000000000000000
0.0000000000000000
0.0000000000000000
0.0000000000000000
0.0000000000000000
0.0000000000000000
0.0000000000000000
0.0000000000000000
0.0000000000000000
0.0000000000000000
0.0000000000000000
0.0000000000000000
0.0000000000000000
0.0000000000000000
0.0000000000000000
0.0000000000000000
0.0000000000000000
0.0000000000000000
0.0000000000000000
0.0000000000000000
0.0000000000000000
0.0000000000000000
0.0000000000000000
0.0000000000000000
0.0000000000000000
0.0000000000000000
0.0000000000000000
0.0000000000000000
0.0000000000000000
0.0000000000000000
0.0000000000000000
0.0000000000000000
0.0000000000000000
0.0000000000000000
0.0000000000000000
0.0000000000000000
0.0000000000000000
0.0000000000000000
0.0000000000000000
0.0000000000000000
0.0000000000000000
0.0000000000000000
0.0000000000000000
0.0000000000000000
0.0000000000000000
0.0000000000000000
0.0000000000000000
0.0000000000000000
0.0000000000000000
0.0000000000000000
0.0000000000000000
0.0000000000000000
0.0000000000000000
0.0000000000000000
0.0000000000000000
0.0000000000000000
0.0000000000000000
0.0000000000000000
0.0000000000000000
0.0000000000000000
0.0000000000000000
0.0000000000000000
0.0000000000000000
0.0000000000000000
0.0000000000000000
0.0000000000000000
0.0000000000000000
0.0000000000000000
0.0000000000000000
0.0000000000000000
0.0000000000000000
0.0000000000000000
0.0000000000000000
0.0000000000000000
0.0000000000000000
0.0000000000000000
0.0000000000000000
0.0000000000000000
0.0000000000000000
0.0000000000000000
0.0000000000000000
0.0000000000000000
0.0000000000000000
0.0000000000000000
0.0000000000000000
0.0000000000000000
0.0000000000000000
0.0000000000000000
0.0000000000000000
0.0000000000000000
0.0000000000000000
0.0000000000000000
0.0000000000000000
0.0000000000000000
0.0000000000000000
0.0000000000000000
0.0000000000000000
0.0000000000000000
0.0000000000000000
0.0000000000000000
0.0000000000000000
0.0000000000000000
0.0000000000000000
0.0000000000000000
0.0000000000000000
0.0000000000000000
0.0000000000000000
0.0000000000000000
0.0000000000000000
0.0000000000000000
0.0000000000000000
0.0000000000000000
0.0000000000000000
0.0000000000000000
0.0000000000000000
0.0000000000000000
0.0000000000000000
0.0000000000000000
0.0000000000000000
0.0000000000000000
0.0000000000000000
0.0000000000000000
0.0000000000000000
0.0000000000000000
0.0000000000000000
0.0000000000000000
0.0000000000000000
0.0000000000000000
0.0000000000000000
0.0000000000000000
0.0000000000000000
0.0000000000000000
0.0000000000000000
0.0000000000000000
0.0000000000000000
0.0000000000000000
0.0000000000000000
0.0000000000000000
0.0000000000000000
0.0000000000000000
0.0000000000000000
0.0000000000000000
0.0000000000000000
0.0000000000000000
0.0000000000000000
0.0000000000000000
0.0000000000000000
0.0000000000000000
0.0000000000000000
0.0000000000000000
0.0000000000000000
0.0000000000000000
0.0000000000000000
0.0000000000000000
0.0000000000000000
0.0000000000000000
0.0000000000000000
0.0000000000000000
0.0000000000000000
0.0000000000000000
0.0000000000000000
0.0000000000000000
0.0000000000000000
0.0000000000000000
0.0000000000000000
0.0000000000000000
0.0000000000000000
0.0000000000000000
0.0000000000000000
0.0000000000000000
0.0000000000000000
0.0000000000000000
0.0000000000000000
0.0000000000000000
0.0000000000000000
0.0000000000000000
0.0000000000000000
0.0000000000000000
0.0000000000000000
0.0000000000000000
0.0000000000000000
0.0000000000000000
0.0000000000000000
0.0000000000000000
0.0000000000000000
0.0000000000000000
0.0000000000000000
0.0000000000000000
0.0000000000000000
0.0000000000000000
0.0000000000000000
0.0000000000000000
0.0000000000000000
0.0000000000000000
0.0000000000000000
0.0000000000000000
0.0000000000000000
0.0000000000000000
0.0000000000000000
0.0000000000000000
0.0000000000000000
0.0000000000000000
0.0000000000000000
0.0000000000000000
0.0000000000000000
0.0000000000000000
0.0000000000000000
0.0000000000000000
0.0000000000000000
0.0000000000000000
0.0000000000000000
0.0000000000000000
0.0000000000000000
0.0000000000000000
0.0000000000000000
0.0000000000000000
0.0000000000000000
0.0000000000000000
0.0000000000000000
0.0000000000000000
0.0000000000000000
0.0000000000000000
0.0000000000000000
0.0000000000000000
0.0000000000000000
0.0000000000000000
0.0000000000000000
0.0000000000000000
0.0000000000000000
0.0000000000000000
0.0000000000000000
0.0000000000000000
0.0000000000000000
0.0000000000000000
0.0000000000000000
0.0000000000000000
0.0000000000000000
0.0000000000000000
0.0000000000000000
0.0000000000000000
0.0000000000000000
0.0000000000000000
0.0000000000000000
0.0000000000000000
0.0000000000000000
0.0000000000000000
0.0000000000000000
0.0000000000000000
0.0000000000000000
0.0000000000000000
0.0000000000000000
0.0000000000000000
0.0000000000000000
0.0000000000000000
0.0000000000000000
0.0000000000000000
0.0000000000000000
0.0000000000000000
0.0000000000000000
0.0000000000000000
0.0000000000000000
0.0000000000000000
0.0000000000000000
0.0000000000000000
0.0000000000000000
0.0000000000000000
0.0000000000000000
0.0000000000000000
0.0000000000000000
0.0000000000000000
0.0000000000000000
0.0000000000000000
0.0000000000000000
0.0000000000000000
0.0000000000000000
0.0000000000000000
0.0000000000000000
0.0000000000000000
0.0000000000000000
0.0000000000000000
0.0000000000000000
0.0000000000000000
0.0000000000000000
0.0000000000000000
0.0000000000000000
0.0000000000000000
0.0000000000000000
0.0000000000000000
0.0000000000000000
0.0000000000000000
0.0000000000000000
0.0000000000000000
0.0000000000000000
0.0000000000000000
0.0000000000000000
0.0000000000000000
0.0000000000000000
0.0000000000000000
0.0000000000000000
0.0000000000000000
0.0000000000000000
0.0000000000000000
0.0000000000000000
0.0000000000000000
0.0000000000000000
0.0000000000000000
0.0000000000000000
0.0000000000000000
0.0000000000000000
0.0000000000000000
0.0000000000000000
0.0000000000000000
0.0000000000000000
0.0000000000000000
0.0000000000000000
0.0000000000000000
0.0000000000000000
0.0000000000000000
0.0000000000000000
0.0000000000000000
0.0000000000000000
0.0000000000000000
0.0000000000000000
0.0000000000000000
0.0000000000000000
0.0000000000000000
0.0000000000000000
0.0000000000000000
0.0000000000000000
0.0000000000000000
0.0000000000000000
0.0000000000000000
0.0000000000000000
0.0000000000000000
0.0000000000000000
0.0000000000000000
0.0000000000000000
0.0000000000000000
0.0000000000000000
0.0000000000000000
0.0000000000000000
0.0000000000000000
0.0000000000000000
0.0000000000000000
0.0000000000000000
0.0000000000000000
0.0000000000000000
0.0000000000000000
0.0000000000000000
0.0000000000000000
0.0000000000000000
0.0000000000000000
0.0000000000000000
0.0000000000000000
0.0000000000000000
0.0000000000000000
0.0000000000000000
0.0000000000000000
0.0000000000000000
0.0000000000000000
0.0000000000000000
0.0000000000000000
0.0000000000000000
0.0000000000000000
0.0000000000000000
0.0000000000000000
0.0000000000000000
0.0000000000000000
0.0000000000000000
0.0000000000000000
0.0000000000000000
0.0000000000000000
0.0000000000000000
0.0000000000000000
0.0000000000000000
0.0000000000000000
0.0000000000000000
0.0000000000000000
0.0000000000000000
0.0000000000000000
0.0000000000000000
0.0000000000000000
0.0000000000000000
0.0000000000000000
0.0000000000000000
0.0000000000000000
0.0000000000000000
0.0000000000000000
0.0000000000000000
0.0000000000000000
0.0000000000000000
0.0000000000000000
0.0000000000000000
0.0000000000000000
0.0000000000000000
0.0000000000000000
0.0000000000000000
0.0000000000000000
0.0000000000000000
0.0000000000000000
0.0000000000000000
0.0000000000000000
0.0000000000000000
0.0000000000000000
0.0000000000000000
0.0000000000000000
0.0000000000000000
0.0000000000000000
0.0000000000000000
0.0000000000000000
0.0000000000000000
0.0000000000000000
0.0000000000000000
0.0000000000000000
0.0000000000000000
0.0000000000000000
0.0000000000000000
0.0000000000000000
0.0000000000000000
0.0000000000000000
0.0000000000000000
0.0000000000000000
0.0000000000000000
0.0000000000000000
0.0000000000000000
0.0000000000000000
0.0000000000000000
0.0000000000000000
0.0000000000000000
0.0000000000000000
0.0000000000000000
0.0000000000000000
0.0000000000000000
0.0000000000000000
0.0000000000000000
0.0000000000000000
0.0000000000000000
0.0000000000000000
0.0000000000000000
0.0000000000000000
0.0000000000000000
0.0000000000000000
0.0000000000000000
0.0000000000000000
0.0000000000000000
0.0000000000000000
0.0000000000000000
0.0000000000000000
0.0000000000000000
0.0000000000000000
0.0000000000000000
0.0000000000000000
0.0000000000000000
0.0000000000000000
0.0000000000000000
0.0000000000000000
0.0000000000000000
0.0000000000000000
0.0000000000000000
0.0000000000000000
0.0000000000000000
0.0000000000000000
0.0000000000000000
0.0000000000000000
0.0000000000000000
0.0000000000000000
0.0000000000000000
0.0000000000000000
0.0000000000000000
0.0000000000000000
0.0000000000000000
0.0000000000000000
0.0000000000000000
0.0000000000000000
0.0000000000000000
0.0000000000000000
0.0000000000000000
0.0000000000000000
0.0000000000000000
0.0000000000000000
0.0000000000000000
0.0000000000000000
0.0000000000000000
0.0000000000000000
0.0000000000000000
0.0000000000000000
0.0000000000000000
0.0000000000000000
0.0000000000000000
0.0000000000000000
0.0000000000000000
0.0000000000000000
0.0000000000000000
0.0000000000000000
0.0000000000000000
0.0000000000000000
0.0000000000000000
0.0000000000000000
0.0000000000000000
0.0000000000000000
0.0000000000000000
0.0000000000000000
0.0000000000000000
0.0000000000000000
0.0000000000000000
0.0000000000000000
0.0000000000000000
0.0000000000000000
0.0000000000000000
0.0000000000000000
0.0000000000000000
0.0000000000000000
0.0000000000000000
0.0000000000000000
0.0000000000000000
0.0000000000000000
0.0000000000000000
0.0000000000000000
0.0000000000000000
0.0000000000000000
0.0000000000000000
0.0000000000000000
0.0000000000000000
0.0000000000000000
0.0000000000000000
0.0000000000000000
0.0000000000000000
0.0000000000000000
0.0000000000000000
0.0000000000000000
0.0000000000000000
0.0000000000000000
0.0000000000000000
0.0000000000000000
0.0000000000000000
0.0000000000000000
0.0000000000000000
0.0000000000000000
0.0000000000000000
0.0000000000000000
0.0000000000000000
0.0000000000000000
0.0000000000000000
0.0000000000000000
0.0000000000000000
0.0000000000000000
0.0000000000000000
0.0000000000000000
0.0000000000000000
0.0000000000000000
0.0000000000000000
0.0000000000000000
0.0000000000000000
0.0000000000000000
0.0000000000000000
0.0000000000000000
0.0000000000000000
0.0000000000000000
0.0000000000000000
0.0000000000000000
0.0000000000000000
0.0000000000000000
0.0000000000000000
0.0000000000000000
0.0000000000000000
0.0000000000000000
0.0000000000000000
0.0000000000000000
0.0000000000000000
0.0000000000000000
0.0000000000000000
0.0000000000000000
0.0000000000000000
0.0000000000000000
0.0000000000000000
0.0000000000000000
0.0000000000000000
0.0000000000000000
0.0000000000000000
0.0000000000000000
0.0000000000000000
0.0000000000000000
0.0000000000000000
0.0000000000000000
0.0000000000000000
0.0000000000000000
0.0000000000000000
0.0000000000000000
0.0000000000000000
0.0000000000000000
0.0000000000000000
0.0000000000000000
0.0000000000000000
0.0000000000000000
0.0000000000000000
0.0000000000000000
0.0000000000000000
0.0000000000000000
0.0000000000000000
0.0000000000000000
0.0000000000000000
0.0000000000000000
0.0000000000000000
0.0000000000000000
0.0000000000000000
0.0000000000000000
0.0000000000000000
0.0000000000000000
0.0000000000000000
0.0000000000000000
0.0000000000000000
0.0000000000000000
0.0000000000000000
0.0000000000000000
0.0000000000000000
0.0000000000000000
0.0000000000000000
0.0000000000000000
0.0000000000000000
0.0000000000000000
0.0000000000000000
0.0000000000000000
0.0000000000000000
0.0000000000000000
0.0000000000000000
0.0000000000000000
0.0000000000000000
0.0000000000000000
0.0000000000000000
0.0000000000000000
0.0000000000000000
0.0000000000000000
0.0000000000000000
0.0000000000000000
0.0000000000000000
0.0000000000000000
0.0000000000000000
0.0000000000000000
0.0000000000000000
0.0000000000000000
0.0000000000000000
0.0000000000000000
0.0000000000000000
0.0000000000000000
0.0000000000000000
0.0000000000000000
0.0000000000000000
0.0000000000000000
0.0000000000000000
0.0000000000000000
0.0000000000000000
0.0000000000000000
0.0000000000000000
0.0000000000000000
0.0000000000000000
0.0000000000000000
0.0000000000000000
0.0000000000000000
0.0000000000000000
0.0000000000000000
0.0000000000000000
0.0000000000000000
0.0000000000000000
0.0000000000000000
0.0000000000000000
0.0000000000000000
0.0000000000000000
0.0000000000000000
0.0000000000000000
0.0000000000000000
0.0000000000000000
0.0000000000000000
0.0000000000000000
0.0000000000000000
0.0000000000000000
0.0000000000000000
0.0000000000000000
0.0000000000000000
0.0000000000000000
0.0000000000000000
0.0000000000000000
0.0000000000000000
0.0000000000000000
0.0000000000000000
0.0000000000000000
0.0000000000000000
0.0000000000000000
0.0000000000000000
0.0000000000000000
0.0000000000000000
0.0000000000000000
0.0000000000000000
0.0000000000000000
0.0000000000000000
0.0000000000000000
0.0000000000000000
0.0000000000000000
0.0000000000000000
0.0000000000000000
0.0000000000000000
0.0000000000000000
0.0000000000000000
0.0000000000000000
0.0000000000000000
0.0000000000000000
0.0000000000000000
0.0000000000000000
0.0000000000000000
0.0000000000000000
0.0000000000000000
0.0000000000000000
0.0000000000000000
0.0000000000000000
0.0000000000000000
0.0000000000000000
0.0000000000000000
0.0000000000000000
0.0000000000000000
0.0000000000000000
0.0000000000000000
0.0000000000000000
0.0000000000000000
0.0000000000000000
0.0000000000000000
0.0000000000000000
0.0000000000000000
0.0000000000000000
0.0000000000000000
0.0000000000000000
0.0000000000000000
0.0000000000000000
0.0000000000000000
0.0000000000000000
0.0000000000000000
0.0000000000000000
0.0000000000000000
0.0000000000000000
0.0000000000000000
0.0000000000000000
0.0000000000000000
0.0000000000000000
0.0000000000000000
0.0000000000000000
0.0000000000000000
0.0000000000000000
0.0000000000000000
0.0000000000000000
0.0000000000000000
0.0000000000000000
0.0000000000000000
0.0000000000000000
0.0000000000000000
0.0000000000000000
0.0000000000000000
0.0000000000000000
0.0000000000000000
0.0000000000000000
0.0000000000000000
0.0000000000000000
0.0000000000000000
0.0000000000000000
0.0000000000000000
0.0000000000000000
0.0000000000000000
0.0000000000000000
0.0000000000000000
0.0000000000000000
0.0000000000000000
0.0000000000000000
0.0000000000000000
0.0000000000000000
0.0000000000000000
0.0000000000000000
0.0000000000000000
0.0000000000000000
0.0000000000000000
0.0000000000000000
0.0000000000000000
0.0000000000000000
0.0000000000000000
0.0000000000000000
0.0000000000000000
0.0000000000000000
0.0000000000000000
0.0000000000000000
0.0000000000000000
0.0000000000000000
0.0000000000000000
0.0000000000000000
0.0000000000000000
0.0000000000000000
0.0000000000000000
0.0000000000000000
0.0000000000000000
0.0000000000000000
0.0000000000000000
0.0000000000000000
0.0000000000000000
0.0000000000000000
0.0000000000000000
0.0000000000000000
0.0000000000000000
0.0000000000000000
0.0000000000000000
0.0000000000000000
0.0000000000000000
0.0000000000000000
0.0000000000000000
0.0000000000000000
0.0000000000000000
0.0000000000000000
0.0000000000000000
0.0000000000000000
0.0000000000000000
0.0000000000000000
0.0000000000000000
0.0000000000000000
0.0000000000000000
0.0000000000000000
0.0000000000000000
0.0000000000000000
0.0000000000000000
0.0000000000000000
0.0000000000000000
0.0000000000000000
0.0000000000000000
0.0000000000000000
0.0000000000000000
0.0000000000000000
0.0000000000000000
0.0000000000000000
0.0000000000000000
0.0000000000000000
0.0000000000000000
0.0000000000000000
0.0000000000000000
0.0000000000000000
0.0000000000000000
0.0000000000000000
0.0000000000000000
0.0000000000000000
0.0000000000000000
0.0000000000000000
0.0000000000000000
0.0000000000000000
0.0000000000000000
0.0000000000000000
0.0000000000000000
0.0000000000000000
0.0000000000000000
0.0000000000000000
0.0000000000000000
0.0000000000000000
0.0000000000000000
0.0000000000000000
0.0000000000000000
0.0000000000000000
0.0000000000000000
0.0000000000000000
0.0000000000000000
0.0000000000000000
0.0000000000000000
0.0000000000000000
0.0000000000000000
0.0000000000000000
0.0000000000000000
0.0000000000000000
0.0000000000000000
0.0000000000000000
0.0000000000000000
0.0000000000000000
0.0000000000000000
0.0000000000000000
0.0000000000000000
0.0000000000000000
0.0000000000000000
0.0000000000000000
0.0000000000000000
0.0000000000000000
0.0000000000000000
0.0000000000000000
0.0000000000000000
0.0000000000000000
0.0000000000000000
0.0000000000000000
0.0000000000000000
0.0000000000000000
0.0000000000000000
0.0000000000000000
0.0000000000000000
0.0000000000000000
0.0000000000000000
0.0000000000000000
0.0000000000000000
0.0000000000000000
0.0000000000000000
0.0000000000000000
0.0000000000000000
0.0000000000000000
0.0000000000000000
0.0000000000000000
0.0000000000000000
0.0000000000000000
0.0000000000000000
0.0000000000000000
0.0000000000000000
0.0000000000000000
0.0000000000000000
0.0000000000000000
0.0000000000000000
0.0000000000000000
0.0000000000000000
0.0000000000000000
0.0000000000000000
0.0000000000000000
0.0000000000000000
0.0000000000000000
0.0000000000000000
0.0000000000000000
0.0000000000000000
0.0000000000000000
0.0000000000000000
0.0000000000000000
0.0000000000000000
0.0000000000000000
0.0000000000000000
0.0000000000000000
0.0000000000000000
0.0000000000000000
0.0000000000000000
0.0000000000000000
0.0000000000000000
0.0000000000000000
0.0000000000000000
0.0000000000000000
0.0000000000000000
0.0000000000000000
0.0000000000000000
0.0000000000000000
0.0000000000000000
0.0000000000000000
0.0000000000000000
0.0000000000000000
0.0000000000000000
0.0000000000000000
0.0000000000000000
0.0000000000000000
0.0000000000000000
0.0000000000000000
0.0000000000000000
0.0000000000000000
0.0000000000000000
0.0000000000000000
0.0000000000000000
0.0000000000000000
0.0000000000000000
0.0000000000000000
0.0000000000000000
0.0000000000000000
0.0000000000000000
0.0000000000000000
0.0000000000000000
0.0000000000000000
0.0000000000000000
0.0000000000000000
0.0000000000000000
0.0000000000000000
0.0000000000000000
0.0000000000000000
0.0000000000000000
0.0000000000000000
0.0000000000000000
0.0000000000000000
0.0000000000000000
0.0000000000000000
0.0000000000000000
0.0000000000000000
0.0000000000000000
0.0000000000000000
0.0000000000000000
0.0000000000000000
0.0000000000000000
0.0000000000000000
0.0000000000000000
0.0000000000000000
0.0000000000000000
0.0000000000000000
0.0000000000000000
0.0000000000000000
0.0000000000000000
0.0000000000000000
0.0000000000000000
0.0000000000000000
0.0000000000000000
0.0000000000000000
0.0000000000000000
0.0000000000000000
0.0000000000000000
0.0000000000000000
0.0000000000000000
0.0000000000000000
0.0000000000000000
0.0000000000000000
0.0000000000000000
0.0000000000000000
0.0000000000000000
0.0000000000000000
0.0000000000000000
0.0000000000000000
0.0000000000000000
0.0000000000000000
0.0000000000000000
0.0000000000000000
0.0000000000000000
0.0000000000000000
0.0000000000000000
0.0000000000000000
0.0000000000000000
0.0000000000000000
0.0000000000000000
0.0000000000000000
0.0000000000000000
0.0000000000000000
0.0000000000000000
0.0000000000000000
0.0000000000000000
0.0000000000000000
0.0000000000000000
0.0000000000000000
0.0000000000000000
0.0000000000000000
0.0000000000000000
0.0000000000000000
0.0000000000000000
0.0000000000000000
0.0000000000000000
0.0000000000000000
0.0000000000000000
0.0000000000000000
0.0000000000000000
0.0000000000000000
0.0000000000000000
0.0000000000000000
0.0000000000000000
0.0000000000000000
0.0000000000000000
0.0000000000000000
0.0000000000000000
0.0000000000000000
0.0000000000000000
0.0000000000000000
0.0000000000000000
0.0000000000000000
0.0000000000000000
0.0000000000000000
0.0000000000000000
0.0000000000000000
0.0000000000000000
0.0000000000000000
0.0000000000000000
0.0000000000000000
0.0000000000000000
0.0000000000000000
0.0000000000000000
0.0000000000000000
0.0000000000000000
0.0000000000000000
0.0000000000000000
0.0000000000000000
0.0000000000000000
0.0000000000000000
0.0000000000000000
0.0000000000000000
0.0000000000000000
0.0000000000000000
0.0000000000000000
0.0000000000000000
0.0000000000000000
0.0000000000000000
0.0000000000000000
0.0000000000000000
0.0000000000000000
0.0000000000000000
0.0000000000000000
0.0000000000000000
0.0000000000000000
0.0000000000000000
0.0000000000000000
0.0000000000000000
0.0000000000000000
0.0000000000000000
0.0000000000000000
0.0000000000000000
0.0000000000000000
0.0000000000000000
0.0000000000000000
0.0000000000000000
0.0000000000000000
0.0000000000000000
0.0000000000000000
0.0000000000000000
0.0000000000000000
0.0000000000000000
0.0000000000000000
0.0000000000000000
0.0000000000000000
0.0000000000000000
0.0000000000000000
0.0000000000000000
0.0000000000000000
0.0000000000000000
0.0000000000000000
0.0000000000000000
0.0000000000000000
0.0000000000000000
0.0000000000000000
0.0000000000000000
0.0000000000000000
0.0000000000000000
0.0000000000000000
0.0000000000000000
0.0000000000000000
0.0000000000000000
0.0000000000000000
0.0000000000000000
0.0000000000000000
0.0000000000000000
0.0000000000000000
0.0000000000000000
0.0000000000000000
0.0000000000000000
0.0000000000000000
0.0000000000000000
0.0000000000000000
0.0000000000000000
0.0000000000000000
0.0000000000000000
0.0000000000000000
0.0000000000000000
0.0000000000000000
0.0000000000000000
0.0000000000000000
0.0000000000000000
0.0000000000000000
0.0000000000000000
0.0000000000000000
0.0000000000000000
0.0000000000000000
0.0000000000000000
0.0000000000000000
0.0000000000000000
0.0000000000000000
0.0000000000000000
0.0000000000000000
0.0000000000000000
0.0000000000000000
0.0000000000000000
0.0000000000000000
0.0000000000000000
0.0000000000000000
0.0000000000000000
0.0000000000000000
0.0000000000000000
0.0000000000000000
0.0000000000000000
0.0000000000000000
0.0000000000000000
0.0000000000000000
0.0000000000000000
0.0000000000000000
0.0000000000000000
0.0000000000000000
0.0000000000000000
0.0000000000000000
0.0000000000000000
0.0000000000000000
0.0000000000000000
0.0000000000000000
0.0000000000000000
0.0000000000000000
0.0000000000000000
0.0000000000000000
0.0000000000000000
0.0000000000000000
0.0000000000000000
0.0000000000000000
0.0000000000000000
0.0000000000000000
0.0000000000000000
0.0000000000000000
0.0000000000000000
0.0000000000000000
0.0000000000000000
0.0000000000000000
0.0000000000000000
0.0000000000000000
0.0000000000000000
0.0000000000000000
0.0000000000000000
0.0000000000000000
0.0000000000000000
0.0000000000000000
0.0000000000000000
0.0000000000000000
0.0000000000000000
0.0000000000000000
0.0000000000000000
0.0000000000000000
0.0000000000000000
0.0000000000000000
0.0000000000000000
0.0000000000000000
0.0000000000000000
0.0000000000000000
0.0000000000000000
0.0000000000000000
0.0000000000000000
0.0000000000000000
0.0000000000000000
0.0000000000000000
0.0000000000000000
0.0000000000000000
0.0000000000000000
0.0000000000000000
0.0000000000000000
0.0000000000000000
0.0000000000000000
0.0000000000000000
0.0000000000000000
0.0000000000000000
0.0000000000000000
0.0000000000000000
0.0000000000000000
0.0000000000000000
0.0000000000000000
0.0000000000000000
0.0000000000000000
0.0000000000000000
0.0000000000000000
0.0000000000000000
0.0000000000000000
0.0000000000000000
0.0000000000000000
0.0000000000000000
0.0000000000000000
0.0000000000000000
0.0000000000000000
0.0000000000000000
0.0000000000000000
0.0000000000000000
0.0000000000000000
0.0000000000000000
0.0000000000000000
0.0000000000000000
0.0000000000000000
0.0000000000000000
0.0000000000000000
0.0000000000000000
0.0000000000000000
0.0000000000000000
0.0000000000000000
0.0000000000000000
0.0000000000000000
0.0000000000000000
0.0000000000000000
0.0000000000000000
0.0000000000000000
0.0000000000000000
0.0000000000000000
0.0000000000000000
0.0000000000000000
0.0000000000000000
0.0000000000000000
0.0000000000000000
0.0000000000000000
0.0000000000000000
0.0000000000000000
0.0000000000000000
0.0000000000000000
0.0000000000000000
0.0000000000000000
0.0000000000000000
0.0000000000000000
0.0000000000000000
0.0000000000000000
0.0000000000000000
0.0000000000000000
0.0000000000000000
0.0000000000000000
0.0000000000000000
0.0000000000000000
0.0000000000000000
0.0000000000000000
0.0000000000000000
0.0000000000000000
0.0000000000000000
0.0000000000000000
0.0000000000000000
0.0000000000000000
0.0000000000000000
0.0000000000000000
0.0000000000000000
0.0000000000000000
0.0000000000000000
0.0000000000000000
0.0000000000000000
0.0000000000000000
0.0000000000000000
0.0000000000000000
0.0000000000000000
0.0000000000000000
0.0000000000000000
0.0000000000000000
0.0000000000000000
0.0000000000000000
0.0000000000000000
0.0000000000000000
0.0000000000000000
0.0000000000000000
0.0000000000000000
0.0000000000000000
0.0000000000000000
0.0000000000000000
0.0000000000000000
0.0000000000000000
0.0000000000000000
0.0000000000000000
0.0000000000000000
0.0000000000000000
0.0000000000000000
0.0000000000000000
0.0000000000000000
0.0000000000000000
0.0000000000000000
0.0000000000000000
0.0000000000000000
0.0000000000000000
0.0000000000000000
0.0000000000000000
0.0000000000000000
0.0000000000000000
0.0000000000000000
0.0000000000000000
0.0000000000000000
0.0000000000000000
0.0000000000000000
0.0000000000000000
0.0000000000000000
0.0000000000000000
0.0000000000000000
0.0000000000000000
0.0000000000000000
0.0000000000000000
0.0000000000000000
0.0000000000000000
0.0000000000000000
0.0000000000000000
0.0000000000000000
0.0000000000000000
0.0000000000000000
0.0000000000000000
0.0000000000000000
0.0000000000000000
0.0000000000000000
0.0000000000000000
0.0000000000000000
0.0000000000000000
0.0000000000000000
0.0000000000000000
0.0000000000000000
0.0000000000000000
0.0000000000000000
0.0000000000000000
0.0000000000000000
0.0000000000000000
0.0000000000000000
0.0000000000000000
0.0000000000000000
0.0000000000000000
0.0000000000000000
0.0000000000000000
0.0000000000000000
0.0000000000000000
0.0000000000000000
0.0000000000000000
0.0000000000000000
0.0000000000000000
0.0000000000000000
0.0000000000000000
0.0000000000000000
0.0000000000000000
0.0000000000000000
0.0000000000000000
0.0000000000000000
0.0000000000000000
0.0000000000000000
0.0000000000000000
0.0000000000000000
0.0000000000000000
0.0000000000000000
0.0000000000000000
0.0000000000000000
0.0000000000000000
0.0000000000000000
0.0000000000000000
0.0000000000000000
0.0000000000000000
0.0000000000000000
0.0000000000000000
0.0000000000000000
0.0000000000000000
0.0000000000000000
0.0000000000000000
0.0000000000000000
0.0000000000000000
0.0000000000000000
0.0000000000000000
0.0000000000000000
0.0000000000000000
0.0000000000000000
0.0000000000000000
0.0000000000000000
0.0000000000000000
0.0000000000000000
0.0000000000000000
0.0000000000000000
0.0000000000000000
0.0000000000000000
0.0000000000000000
0.0000000000000000
0.0000000000000000
0.0000000000000000
0.0000000000000000
0.0000000000000000
0.0000000000000000
0.0000000000000000
0.0000000000000000
0.0000000000000000
0.0000000000000000
0.0000000000000000
0.0000000000000000
0.0000000000000000
0.0000000000000000
0.0000000000000000
0.0000000000000000
0.0000000000000000
0.0000000000000000
0.0000000000000000
0.0000000000000000
0.0000000000000000
0.0000000000000000
0.0000000000000000
0.0000000000000000
0.0000000000000000
0.0000000000000000
0.0000000000000000
0.0000000000000000
0.0000000000000000
0.0000000000000000
0.0000000000000000
0.0000000000000000
0.0000000000000000
0.0000000000000000
0.0000000000000000
0.0000000000000000
0.0000000000000000
0.0000000000000000
0.0000000000000000
0.0000000000000000
0.0000000000000000
0.0000000000000000
0.0000000000000000
0.0000000000000000
0.0000000000000000
0.0000000000000000
0.0000000000000000
0.0000000000000000
0.0000000000000000
0.0000000000000000
0.0000000000000000
0.0000000000000000
0.0000000000000000
0.0000000000000000
0.0000000000000000
0.0000000000000000
0.0000000000000000
0.0000000000000000
0.0000000000000000
0.0000000000000000
0.0000000000000000
0.0000000000000000
0.0000000000000000
0.0000000000000000
0.0000000000000000
0.0000000000000000
0.0000000000000000
0.0000000000000000
0.0000000000000000
0.0000000000000000
0.0000000000000000
0.0000000000000000
0.0000000000000000
0.0000000000000000
0.0000000000000000
0.0000000000000000
0.0000000000000000
0.0000000000000000
0.0000000000000000
0.0000000000000000
0.0000000000000000
0.0000000000000000
0.0000000000000000
0.0000000000000000
0.0000000000000000
0.0000000000000000
0.0000000000000000
0.0000000000000000
0.0000000000000000
0.0000000000000000
0.0000000000000000
0.0000000000000000
0.0000000000000000
0.0000000000000000
0.0000000000000000
0.0000000000000000
0.0000000000000000
0.0000000000000000
0.0000000000000000
0.0000000000000000
0.0000000000000000
0.0000000000000000
0.0000000000000000
0.0000000000000000
0.0000000000000000
0.0000000000000000
0.0000000000000000
0.0000000000000000
0.0000000000000000
0.0000000000000000
0.0000000000000000
0.0000000000000000
0.0000000000000000
0.0000000000000000
0.0000000000000000
0.0000000000000000
0.0000000000000000
0.0000000000000000
0.0000000000000000
0.0000000000000000
0.0000000000000000
0.0000000000000000
0.0000000000000000
0.0000000000000000
0.0000000000000000
0.0000000000000000
0.0000000000000000
0.0000000000000000
0.0000000000000000
0.0000000000000000
0.0000000000000000
0.0000000000000000
0.0000000000000000
0.0000000000000000
0.0000000000000000
0.0000000000000000
0.0000000000000000
0.0000000000000000
0.0000000000000000
0.0000000000000000
0.0000000000000000
0.0000000000000000
0.0000000000000000
0.0000000000000000
0.0000000000000000
0.0000000000000000
0.0000000000000000
0.0000000000000000
0.0000000000000000
0.0000000000000000
0.0000000000000000
0.0000000000000000
0.0000000000000000
0.0000000000000000
0.0000000000000000
0.0000000000000000
0.0000000000000000
0.0000000000000000
0.0000000000000000
0.0000000000000000
0.0000000000000000
0.0000000000000000
0.0000000000000000
0.0000000000000000
0.0000000000000000
0.0000000000000000
0.0000000000000000
0.0000000000000000
0.0000000000000000
0.0000000000000000
0.0000000000000000
0.0000000000000000
0.0000000000000000
0.0000000000000000
0.0000000000000000
0.0000000000000000
0.0000000000000000
0.0000000000000000
0.0000000000000000
0.0000000000000000
0.0000000000000000
0.0000000000000000
0.0000000000000000
0.0000000000000000
0.0000000000000000
0.0000000000000000
0.0000000000000000
0.0000000000000000
0.0000000000000000
0.0000000000000000
0.0000000000000000
0.0000000000000000
0.0000000000000000
0.0000000000000000
0.0000000000000000
0.0000000000000000
0.0000000000000000
0.0000000000000000
0.0000000000000000
0.0000000000000000
0.0000000000000000
0.0000000000000000
0.0000000000000000
0.0000000000000000
0.0000000000000000
0.0000000000000000
0.0000000000000000
0.0000000000000000
0.0000000000000000
0.0000000000000000
0.0000000000000000
0.0000000000000000
0.0000000000000000
0.0000000000000000
0.0000000000000000
0.0000000000000000
0.0000000000000000
0.0000000000000000
0.0000000000000000
0.0000000000000000
0.0000000000000000
0.0000000000000000
0.0000000000000000
0.0000000000000000
0.0000000000000000
0.0000000000000000
0.0000000000000000
0.0000000000000000
0.0000000000000000
0.0000000000000000
0.0000000000000000
0.0000000000000000
0.0000000000000000
0.0000000000000000
0.0000000000000000
0.0000000000000000
0.0000000000000000
0.0000000000000000
0.0000000000000000
0.0000000000000000
0.0000000000000000
0.0000000000000000
0.0000000000000000
0.0000000000000000
0.0000000000000000
0.0000000000000000
0.0000000000000000
0.0000000000000000
0.0000000000000000
0.0000000000000000
0.0000000000000000
0.0000000000000000
0.0000000000000000
0.0000000000000000
0.0000000000000000
0.0000000000000000
0.0000000000000000
0.0000000000000000
0.0000000000000000
0.0000000000000000
0.0000000000000000
0.0000000000000000
0.0000000000000000
0.0000000000000000
0.0000000000000000
0.0000000000000000
0.0000000000000000
0.0000000000000000
0.0000000000000000
0.0000000000000000
0.0000000000000000
0.0000000000000000
0.0000000000000000
0.0000000000000000
0.0000000000000000
0.0000000000000000
0.0000000000000000
0.0000000000000000
0.0000000000000000
0.0000000000000000
0.0000000000000000
0.0000000000000000
0.0000000000000000
0.0000000000000000
0.0000000000000000
0.0000000000000000
0.0000000000000000
0.0000000000000000
0.0000000000000000
0.0000000000000000
0.0000000000000000
0.0000000000000000
0.0000000000000000
0.0000000000000000
0.0000000000000000
0.0000000000000000
0.0000000000000000
0.0000000000000000
0.0000000000000000
0.0000000000000000
0.0000000000000000
0.0000000000000000
0.0000000000000000
0.0000000000000000
0.0000000000000000
0.0000000000000000
0.0000000000000000
0.0000000000000000
0.0000000000000000
0.0000000000000000
0.0000000000000000
0.0000000000000000
0.0000000000000000
0.0000000000000000
0.0000000000000000
0.0000000000000000
0.0000000000000000
0.0000000000000000
0.0000000000000000
0.0000000000000000
0.0000000000000000
0.0000000000000000
0.0000000000000000
0.0000000000000000
0.0000000000000000
0.0000000000000000
0.0000000000000000
0.0000000000000000
0.0000000000000000
0.0000000000000000
0.0000000000000000
0.0000000000000000
0.0000000000000000
0.0000000000000000
0.0000000000000000
0.0000000000000000
0.0000000000000000
0.0000000000000000
0.0000000000000000
0.0000000000000000
0.0000000000000000
0.0000000000000000
0.0000000000000000
0.0000000000000000
0.0000000000000000
0.0000000000000000
0.0000000000000000
0.0000000000000000
0.0000000000000000
0.0000000000000000
0.0000000000000000
0.0000000000000000
0.0000000000000000
0.0000000000000000
0.0000000000000000
0.0000000000000000
0.0000000000000000
0.0000000000000000
0.0000000000000000
0.0000000000000000
0.0000000000000000
0.0000000000000000
0.0000000000000000
0.0000000000000000
0.0000000000000000
0.0000000000000000
0.0000000000000000
0.0000000000000000
0.0000000000000000
0.0000000000000000
0.0000000000000000
0.0000000000000000
0.0000000000000000
0.0000000000000000
0.0000000000000000
0.0000000000000000
0.0000000000000000
0.0000000000000000
0.0000000000000000
0.0000000000000000
0.0000000000000000
0.0000000000000000
0.0000000000000000
0.0000000000000000
0.0000000000000000
0.0000000000000000
0.0000000000000000
0.0000000000000000
0.0000000000000000
0.0000000000000000
0.0000000000000000
0.0000000000000000
0.0000000000000000
0.0000000000000000
0.0000000000000000
0.0000000000000000
0.0000000000000000
0.0000000000000000
0.0000000000000000
0.0000000000000000
0.0000000000000000
0.0000000000000000
0.0000000000000000
0.0000000000000000
0.0000000000000000
0.0000000000000000
0.0000000000000000
0.0000000000000000
0.0000000000000000
0.0000000000000000
0.0000000000000000
0.0000000000000000
0.0000000000000000
0.0000000000000000
0.0000000000000000
0.0000000000000000
0.0000000000000000
0.0000000000000000
0.0000000000000000
0.0000000000000000
0.0000000000000000
0.0000000000000000
0.0000000000000000
0.0000000000000000
0.0000000000000000
0.0000000000000000
0.0000000000000000
0.0000000000000000
0.0000000000000000
0.0000000000000000
0.0000000000000000
0.0000000000000000
0.0000000000000000
0.0000000000000000
0.0000000000000000
0.0000000000000000
0.0000000000000000
0.0000000000000000
0.0000000000000000
0.0000000000000000
0.0000000000000000
0.0000000000000000
0.0000000000000000
0.0000000000000000
0.0000000000000000
0.0000000000000000
0.0000000000000000
0.0000000000000000
0.0000000000000000
0.0000000000000000
0.0000000000000000
0.0000000000000000
0.0000000000000000
0.0000000000000000
0.0000000000000000
0.0000000000000000
0.0000000000000000
0.0000000000000000
0.0000000000000000
0.0000000000000000
0.0000000000000000
0.0000000000000000
0.0000000000000000
0.0000000000000000
0.0000000000000000
0.0000000000000000
0.0000000000000000
0.0000000000000000
0.0000000000000000
0.0000000000000000
0.0000000000000000
0.0000000000000000
0.0000000000000000
0.0000000000000000
0.0000000000000000
0.0000000000000000
0.0000000000000000
0.0000000000000000
0.0000000000000000
0.0000000000000000
0.0000000000000000
0.0000000000000000
0.0000000000000000
0.0000000000000000
0.0000000000000000
0.0000000000000000
0.0000000000000000
0.0000000000000000
0.0000000000000000
0.0000000000000000
0.0000000000000000
0.0000000000000000
0.0000000000000000
0.0000000000000000
0.0000000000000000
0.0000000000000000
0.0000000000000000
0.0000000000000000
0.0000000000000000
0.0000000000000000
0.0000000000000000
0.0000000000000000
0.0000000000000000
0.0000000000000000
0.0000000000000000
0.0000000000000000
0.0000000000000000
0.0000000000000000
0.0000000000000000
0.0000000000000000
0.0000000000000000
0.0000000000000000
0.0000000000000000
0.0000000000000000
0.0000000000000000
0.0000000000000000
0.0000000000000000
0.0000000000000000
0.0000000000000000
0.0000000000000000
0.0000000000000000
0.0000000000000000
0.0000000000000000
0.0000000000000000
0.0000000000000000
0.0000000000000000
0.0000000000000000
0.0000000000000000
0.0000000000000000
0.0000000000000000
0.0000000000000000
0.0000000000000000
0.0000000000000000
0.0000000000000000
0.0000000000000000
0.0000000000000000
0.0000000000000000
0.0000000000000000
0.0000000000000000
0.0000000000000000
0.0000000000000000
0.0000000000000000
0.0000000000000000
0.0000000000000000
0.0000000000000000
0.0000000000000000
0.0000000000000000
0.0000000000000000
0.0000000000000000
0.0000000000000000
0.0000000000000000
0.0000000000000000
0.0000000000000000
0.0000000000000000
0.0000000000000000
0.0000000000000000
0.0000000000000000
0.0000000000000000
0.0000000000000000
0.0000000000000000
0.0000000000000000
0.0000000000000000
0.0000000000000000
0.0000000000000000
0.0000000000000000
0.0000000000000000
0.0000000000000000
0.0000000000000000
0.0000000000000000
0.0000000000000000
0.0000000000000000
0.0000000000000000
0.0000000000000000
0.0000000000000000
0.0000000000000000
0.0000000000000000
0.0000000000000000
0.0000000000000000
0.0000000000000000
0.0000000000000000
0.0000000000000000
0.0000000000000000
0.0000000000000000
0.0000000000000000
0.0000000000000000
0.0000000000000000
0.0000000000000000
0.0000000000000000
0.0000000000000000
0.0000000000000000
0.0000000000000000
0.0000000000000000
0.0000000000000000
0.0000000000000000
0.0000000000000000
0.0000000000000000
0.0000000000000000
0.0000000000000000
0.0000000000000000
0.0000000000000000
0.0000000000000000
0.0000000000000000
0.0000000000000000
0.0000000000000000
0.0000000000000000
0.0000000000000000
0.0000000000000000
0.0000000000000000
0.0000000000000000
0.0000000000000000
0.0000000000000000
0.0000000000000000
0.0000000000000000
0.0000000000000000
0.0000000000000000
0.0000000000000000
0.0000000000000000
0.0000000000000000
0.0000000000000000
0.0000000000000000
0.0000000000000000
0.0000000000000000
0.0000000000000000
0.0000000000000000
0.0000000000000000
0.0000000000000000
0.0000000000000000
0.0000000000000000
0.0000000000000000
0.0000000000000000
0.0000000000000000
0.0000000000000000
0.0000000000000000
0.0000000000000000
0.0000000000000000
0.0000000000000000
0.0000000000000000
0.0000000000000000
0.0000000000000000
0.0000000000000000
0.0000000000000000
0.0000000000000000
0.0000000000000000
0.0000000000000000
0.0000000000000000
0.0000000000000000
0.0000000000000000
0.0000000000000000
0.0000000000000000
0.0000000000000000
0.0000000000000000
0.0000000000000000
0.0000000000000000
0.0000000000000000
0.0000000000000000
0.0000000000000000
0.0000000000000000
0.0000000000000000
0.0000000000000000
0.0000000000000000
0.0000000000000000
0.0000000000000000
0.0000000000000000
0.0000000000000000
0.0000000000000000
0.0000000000000000
0.0000000000000000
0.0000000000000000
0.0000000000000000
0.0000000000000000
0.0000000000000000
0.0000000000000000
0.0000000000000000
0.0000000000000000
0.0000000000000000
0.0000000000000000
0.0000000000000000
0.0000000000000000
0.0000000000000000
0.0000000000000000
0.0000000000000000
0.0000000000000000
0.0000000000000000
0.0000000000000000
0.0000000000000000
0.0000000000000000
0.0000000000000000
0.0000000000000000
0.0000000000000000
0.0000000000000000
0.0000000000000000
0.0000000000000000
0.0000000000000000
0.0000000000000000
0.0000000000000000
0.0000000000000000
0.0000000000000000
0.0000000000000000
0.0000000000000000
0.0000000000000000
0.0000000000000000
0.0000000000000000
0.0000000000000000
0.0000000000000000
0.0000000000000000
0.0000000000000000
0.0000000000000000
0.0000000000000000
0.0000000000000000
0.0000000000000000
0.0000000000000000
0.0000000000000000
0.0000000000000000
0.0000000000000000
0.0000000000000000
0.0000000000000000
0.0000000000000000
0.0000000000000000
0.0000000000000000
0.0000000000000000
0.0000000000000000
0.0000000000000000
0.0000000000000000
0.0000000000000000
0.0000000000000000
0.0000000000000000
0.0000000000000000
0.0000000000000000
0.0000000000000000
0.0000000000000000
0.0000000000000000
0.0000000000000000
0.0000000000000000
0.0000000000000000
0.0000000000000000
0.0000000000000000
0.0000000000000000
0.0000000000000000
0.0000000000000000
0.0000000000000000
0.0000000000000000
0.0000000000000000
0.0000000000000000
0.0000000000000000
0.0000000000000000
0.0000000000000000
0.0000000000000000
0.0000000000000000
0.0000000000000000
0.0000000000000000
0.0000000000000000
0.0000000000000000
0.0000000000000000
0.0000000000000000
0.0000000000000000
0.0000000000000000
0.0000000000000000
0.0000000000000000
0.0000000000000000
0.0000000000000000
0.0000000000000000
0.0000000000000000
0.0000000000000000
0.0000000000000000
0.0000000000000000
0.0000000000000000
0.0000000000000000
0.0000000000000000
0.0000000000000000
0.0000000000000000
0.0000000000000000
0.0000000000000000
0.0000000000000000
0.0000000000000000
0.0000000000000000
0.0000000000000000
0.0000000000000000
0.0000000000000000
0.0000000000000000
0.0000000000000000
0.0000000000000000
0.0000000000000000
0.0000000000000000
0.0000000000000000
0.0000000000000000
0.0000000000000000
0.0000000000000000
0.0000000000000000
0.0000000000000000
0.0000000000000000
0.0000000000000000
0.0000000000000000
0.0000000000000000
0.0000000000000000
0.0000000000000000
0.0000000000000000
0.0000000000000000
0.0000000000000000
0.0000000000000000
0.0000000000000000
0.0000000000000000
0.0000000000000000
0.0000000000000000
0.0000000000000000
0.0000000000000000
0.0000000000000000
0.0000000000000000
0.0000000000000000
0.0000000000000000
0.0000000000000000
0.0000000000000000
0.0000000000000000
0.0000000000000000
0.0000000000000000
0.0000000000000000
0.0000000000000000
0.0000000000000000
0.0000000000000000
0.0000000000000000
0.0000000000000000
0.0000000000000000
0.0000000000000000
0.0000000000000000
0.0000000000000000
0.0000000000000000
0.0000000000000000
0.0000000000000000
0.0000000000000000
0.0000000000000000
0.0000000000000000
0.0000000000000000
0.0000000000000000
0.0000000000000000
0.0000000000000000
0.0000000000000000
0.0000000000000000
0.0000000000000000
0.0000000000000000
0.0000000000000000
0.0000000000000000
0.0000000000000000
0.0000000000000000
0.0000000000000000
0.0000000000000000
0.0000000000000000
0.0000000000000000
0.0000000000000000
0.0000000000000000
0.0000000000000000
0.0000000000000000
0.0000000000000000
0.0000000000000000
0.0000000000000000
0.0000000000000000
0.0000000000000000
0.0000000000000000
0.0000000000000000
0.0000000000000000
0.0000000000000000
0.0000000000000000
0.0000000000000000
0.0000000000000000
0.0000000000000000
0.0000000000000000
0.0000000000000000
0.0000000000000000
0.0000000000000000
0.0000000000000000
0.0000000000000000
0.0000000000000000
0.0000000000000000
0.0000000000000000
0.0000000000000000
0.0000000000000000
0.0000000000000000
0.0000000000000000
0.0000000000000000
0.0000000000000000
0.0000000000000000
0.0000000000000000
0.0000000000000000
0.0000000000000000
0.0000000000000000
0.0000000000000000
0.0000000000000000
0.0000000000000000
0.0000000000000000
0.0000000000000000
0.0000000000000000
0.0000000000000000
0.0000000000000000
0.0000000000000000
0.0000000000000000
0.0000000000000000
0.0000000000000000
0.0000000000000000
0.0000000000000000
0.0000000000000000
0.0000000000000000
0.0000000000000000
0.0000000000000000
0.0000000000000000
0.0000000000000000
0.0000000000000000
0.0000000000000000
0.0000000000000000
0.0000000000000000
0.0000000000000000
0.0000000000000000
0.0000000000000000
0.0000000000000000
0.0000000000000000
0.0000000000000000
0.0000000000000000
0.0000000000000000
0.0000000000000000
0.0000000000000000
0.0000000000000000
0.0000000000000000
0.0000000000000000
0.0000000000000000
0.0000000000000000
0.0000000000000000
0.0000000000000000
0.0000000000000000
0.0000000000000000
0.0000000000000000
0.0000000000000000
0.0000000000000000
0.0000000000000000
0.0000000000000000
0.0000000000000000
0.0000000000000000
0.0000000000000000
0.0000000000000000
0.0000000000000000
0.0000000000000000
0.0000000000000000
0.0000000000000000
0.0000000000000000
0.0000000000000000
0.0000000000000000
0.0000000000000000
0.0000000000000000
0.0000000000000000
0.0000000000000000
0.0000000000000000
0.0000000000000000
0.0000000000000000
0.0000000000000000
0.0000000000000000
0.0000000000000000
0.0000000000000000
0.0000000000000000
0.0000000000000000
0.0000000000000000
0.0000000000000000
0.0000000000000000
0.0000000000000000
0.0000000000000000
0.0000000000000000
0.0000000000000000
0.0000000000000000
0.0000000000000000
0.0000000000000000
0.0000000000000000
0.0000000000000000
0.0000000000000000
0.0000000000000000
0.0000000000000000
0.0000000000000000
0.0000000000000000
0.0000000000000000
0.0000000000000000
0.0000000000000000
0.0000000000000000
0.0000000000000000
0.0000000000000000
0.0000000000000000
0.0000000000000000
0.0000000000000000
0.0000000000000000
0.0000000000000000
0.0000000000000000
0.0000000000000000
0.0000000000000000
0.0000000000000000
0.0000000000000000
0.0000000000000000
0.0000000000000000
0.0000000000000000
0.0000000000000000
0.0000000000000000
0.0000000000000000
0.0000000000000000
0.0000000000000000
0.0000000000000000
0.0000000000000000
0.0000000000000000
0.0000000000000000
0.0000000000000000
0.0000000000000000
0.0000000000000000
0.0000000000000000
0.0000000000000000
0.0000000000000000
0.0000000000000000
0.0000000000000000
0.0000000000000000
0.0000000000000000
0.0000000000000000
0.0000000000000000
0.0000000000000000
0.0000000000000000
0.0000000000000000
0.0000000000000000
0.0000000000000000
0.0000000000000000
0.0000000000000000
0.0000000000000000
0.0000000000000000
0.0000000000000000
0.0000000000000000
0.0000000000000000
0.0000000000000000
0.0000000000000000
0.0000000000000000
0.0000000000000000
0.0000000000000000
0.0000000000000000
0.0000000000000000
0.0000000000000000
0.0000000000000000
0.0000000000000000
0.0000000000000000
0.0000000000000000
0.0000000000000000
0.0000000000000000
0.0000000000000000
0.0000000000000000
0.0000000000000000
0.0000000000000000
0.0000000000000000
0.0000000000000000
0.0000000000000000
0.0000000000000000
0.0000000000000000
0.0000000000000000
0.0000000000000000
0.0000000000000000
0.0000000000000000
0.0000000000000000
0.0000000000000000
0.0000000000000000
0.0000000000000000
0.0000000000000000
0.0000000000000000
0.0000000000000000
0.0000000000000000
0.0000000000000000
0.0000000000000000
0.0000000000000000
0.0000000000000000
0.0000000000000000
0.0000000000000000
0.0000000000000000
0.0000000000000000
0.0000000000000000
0.0000000000000000
0.0000000000000000
0.0000000000000000
0.0000000000000000
0.0000000000000000
0.0000000000000000
0.0000000000000000
0.0000000000000000
0.0000000000000000
0.0000000000000000
0.0000000000000000
0.0000000000000000
0.0000000000000000
0.0000000000000000
0.0000000000000000
0.0000000000000000
0.0000000000000000
0.0000000000000000
0.0000000000000000
0.0000000000000000
0.0000000000000000
0.0000000000000000
0.0000000000000000
0.0000000000000000
0.0000000000000000
0.0000000000000000
0.0000000000000000
0.0000000000000000
0.0000000000000000
0.0000000000000000
0.0000000000000000
0.0000000000000000
0.0000000000000000
0.0000000000000000
0.0000000000000000
0.0000000000000000
0.0000000000000000
0.0000000000000000
0.0000000000000000
0.0000000000000000
0.0000000000000000
0.0000000000000000
0.0000000000000000
0.0000000000000000
0.0000000000000000
0.0000000000000000
0.0000000000000000
0.0000000000000000
0.0000000000000000
0.0000000000000000
0.0000000000000000
0.0000000000000000
0.0000000000000000
0.0000000000000000
0.0000000000000000
0.0000000000000000
0.0000000000000000
0.0000000000000000
0.0000000000000000
0.0000000000000000
0.0000000000000000
0.0000000000000000
0.0000000000000000
0.0000000000000000
0.0000000000000000
0.0000000000000000
0.0000000000000000
0.0000000000000000
0.0000000000000000
0.0000000000000000
0.0000000000000000
0.0000000000000000
0.0000000000000000
0.0000000000000000
0.0000000000000000
0.0000000000000000
0.0000000000000000
0.0000000000000000
0.0000000000000000
0.0000000000000000
0.0000000000000000
0.0000000000000000
0.0000000000000000
0.0000000000000000
0.0000000000000000
0.0000000000000000
0.0000000000000000
0.0000000000000000
0.0000000000000000
0.0000000000000000
0.0000000000000000
0.0000000000000000
0.0000000000000000
0.0000000000000000
0.0000000000000000
0.0000000000000000
0.0000000000000000
0.0000000000000000
0.0000000000000000
0.0000000000000000
0.0000000000000000
0.0000000000000000
0.0000000000000000
0.0000000000000000
0.0000000000000000
0.0000000000000000
0.0000000000000000
0.0000000000000000
0.0000000000000000
0.0000000000000000
0.0000000000000000
0.0000000000000000
0.0000000000000000
0.0000000000000000
0.0000000000000000
0.0000000000000000
0.0000000000000000
0.0000000000000000
0.0000000000000000
0.0000000000000000
0.0000000000000000
0.0000000000000000
0.0000000000000000
0.0000000000000000
0.0000000000000000
0.0000000000000000
0.0000000000000000
0.0000000000000000
0.0000000000000000
0.0000000000000000
0.0000000000000000
0.0000000000000000
0.0000000000000000
0.0000000000000000
0.0000000000000000
0.0000000000000000
0.0000000000000000
0.0000000000000000
0.0000000000000000
0.0000000000000000
0.0000000000000000
0.0000000000000000
0.0000000000000000
0.0000000000000000
0.0000000000000000
0.0000000000000000
0.0000000000000000
0.0000000000000000
0.0000000000000000
0.0000000000000000
0.0000000000000000
0.0000000000000000
0.0000000000000000
0.0000000000000000
0.0000000000000000
0.0000000000000000
0.0000000000000000
0.0000000000000000
0.0000000000000000
0.0000000000000000
0.0000000000000000
0.0000000000000000
0.0000000000000000
0.0000000000000000
0.0000000000000000
0.0000000000000000
0.0000000000000000
0.0000000000000000
0.0000000000000000
0.0000000000000000
0.0000000000000000
0.0000000000000000
0.0000000000000000
0.0000000000000000
0.0000000000000000
0.0000000000000000
0.0000000000000000
0.0000000000000000
0.0000000000000000
0.0000000000000000
0.0000000000000000
0.0000000000000000
0.0000000000000000
0.0000000000000000
0.0000000000000000
0.0000000000000000
0.0000000000000000
0.0000000000000000
0.0000000000000000
0.0000000000000000
0.0000000000000000
0.0000000000000000
0.0000000000000000
0.0000000000000000
0.0000000000000000
0.0000000000000000
0.0000000000000000
0.0000000000000000
0.0000000000000000
0.0000000000000000
0.0000000000000000
0.0000000000000000
0.0000000000000000
0.0000000000000000
0.0000000000000000
0.0000000000000000
0.0000000000000000
0.0000000000000000
0.0000000000000000
0.0000000000000000
0.0000000000000000
0.0000000000000000
0.0000000000000000
0.0000000000000000
0.0000000000000000
0.0000000000000000
0.0000000000000000
0.0000000000000000
0.0000000000000000
0.0000000000000000
0.0000000000000000
0.0000000000000000
0.0000000000000000
0.0000000000000000
0.0000000000000000
0.0000000000000000
0.0000000000000000
0.0000000000000000
0.0000000000000000
0.0000000000000000
0.0000000000000000
0.0000000000000000
0.0000000000000000
0.0000000000000000
0.0000000000000000
0.0000000000000000
0.0000000000000000
0.0000000000000000
0.0000000000000000
0.0000000000000000
0.0000000000000000
0.0000000000000000
0.0000000000000000
0.0000000000000000
0.0000000000000000
0.0000000000000000
0.0000000000000000
0.0000000000000000
0.0000000000000000
0.0000000000000000
0.0000000000000000
0.0000000000000000
0.0000000000000000
0.0000000000000000
0.0000000000000000
0.0000000000000000
0.0000000000000000
0.0000000000000000
0.0000000000000000
0.0000000000000000
0.0000000000000000
0.0000000000000000
0.0000000000000000
0.0000000000000000
0.0000000000000000
0.0000000000000000
0.0000000000000000
0.0000000000000000
0.0000000000000000
0.0000000000000000
0.0000000000000000
0.0000000000000000
0.0000000000000000
0.0000000000000000
0.0000000000000000
0.0000000000000000
0.0000000000000000
0.0000000000000000
0.0000000000000000
0.0000000000000000
0.0000000000000000
0.0000000000000000
0.0000000000000000
0.0000000000000000
0.0000000000000000
0.0000000000000000
0.0000000000000000
0.0000000000000000
0.0000000000000000
0.0000000000000000
0.0000000000000000
0.0000000000000000
0.0000000000000000
0.0000000000000000
0.0000000000000000
0.0000000000000000
0.0000000000000000
0.0000000000000000
0.0000000000000000
0.0000000000000000
0.0000000000000000
0.0000000000000000
0.0000000000000000
0.0000000000000000
0.0000000000000000
0.0000000000000000
0.0000000000000000
0.0000000000000000
0.0000000000000000
0.0000000000000000
0.0000000000000000
0.0000000000000000
0.0000000000000000
0.0000000000000000
0.0000000000000000
0.0000000000000000
0.0000000000000000
0.0000000000000000
0.0000000000000000
0.0000000000000000
0.0000000000000000
0.0000000000000000
0.0000000000000000
0.0000000000000000
0.0000000000000000
0.0000000000000000
0.0000000000000000
0.0000000000000000
0.0000000000000000
0.0000000000000000
0.0000000000000000
0.0000000000000000
0.0000000000000000
0.0000000000000000
0.0000000000000000
0.0000000000000000
0.0000000000000000
0.0000000000000000
0.0000000000000000
0.0000000000000000
0.0000000000000000
0.0000000000000000
0.0000000000000000
0.0000000000000000
0.0000000000000000
0.0000000000000000
0.0000000000000000
0.0000000000000000
0.0000000000000000
0.0000000000000000
0.0000000000000000
0.0000000000000000
0.0000000000000000
0.0000000000000000
0.0000000000000000
0.0000000000000000
0.0000000000000000
0.0000000000000000
0.0000000000000000
0.0000000000000000
0.0000000000000000
0.0000000000000000
0.0000000000000000
0.0000000000000000
0.0000000000000000
0.0000000000000000
0.0000000000000000
0.0000000000000000
0.0000000000000000
0.0000000000000000
0.0000000000000000
0.0000000000000000
0.0000000000000000
0.0000000000000000
0.0000000000000000
0.0000000000000000
0.0000000000000000
0.0000000000000000
0.0000000000000000
0.0000000000000000
0.0000000000000000
0.0000000000000000
0.0000000000000000
0.0000000000000000
0.0000000000000000
0.0000000000000000
0.0000000000000000
0.0000000000000000
0.0000000000000000
0.0000000000000000
0.0000000000000000
0.0000000000000000
0.0000000000000000
0.0000000000000000
0.0000000000000000
0.0000000000000000
0.0000000000000000
0.0000000000000000
0.0000000000000000
0.0000000000000000
0.0000000000000000
0.0000000000000000
0.0000000000000000
0.0000000000000000
0.0000000000000000
0.0000000000000000
0.0000000000000000
0.0000000000000000
0.0000000000000000
0.0000000000000000
0.0000000000000000
0.0000000000000000
0.0000000000000000
0.0000000000000000
0.0000000000000000
0.0000000000000000
0.0000000000000000
0.0000000000000000
0.0000000000000000
0.0000000000000000
0.0000000000000000
0.0000000000000000
0.0000000000000000
0.0000000000000000
0.0000000000000000
0.0000000000000000
0.0000000000000000
0.0000000000000000
0.0000000000000000
0.0000000000000000
0.0000000000000000
0.0000000000000000
0.0000000000000000
0.0000000000000000
0.0000000000000000
0.0000000000000000
0.0000000000000000
0.0000000000000000
0.0000000000000000
0.0000000000000000
0.0000000000000000
0.0000000000000000
0.0000000000000000
0.0000000000000000
0.0000000000000000
0.0000000000000000
0.0000000000000000
0.0000000000000000
0.0000000000000000
0.0000000000000000
0.0000000000000000
0.0000000000000000
0.0000000000000000
0.0000000000000000
0.0000000000000000
0.0000000000000000
0.0000000000000000
0.0000000000000000
0.0000000000000000
0.0000000000000000
0.0000000000000000
0.0000000000000000
0.0000000000000000
0.0000000000000000
0.0000000000000000
0.0000000000000000
0.0000000000000000
0.0000000000000000
0.0000000000000000
0.0000000000000000
0.0000000000000000
0.0000000000000000
0.0000000000000000
0.0000000000000000
0.0000000000000000
0.0000000000000000
0.0000000000000000
0.0000000000000000
0.0000000000000000
0.0000000000000000
0.0000000000000000
0.0000000000000000
0.0000000000000000
0.0000000000000000
0.0000000000000000
0.0000000000000000
0.0000000000000000
0.0000000000000000
0.0000000000000000
0.0000000000000000
0.0000000000000000
0.0000000000000000
0.0000000000000000
0.0000000000000000
0.0000000000000000
0.0000000000000000
0.0000000000000000
0.0000000000000000
0.0000000000000000
0.0000000000000000
0.0000000000000000
0.0000000000000000
0.0000000000000000
0.0000000000000000
0.0000000000000000
0.0000000000000000
0.0000000000000000
0.0000000000000000
0.0000000000000000
0.0000000000000000
0.0000000000000000
0.0000000000000000
0.0000000000000000
0.0000000000000000
0.0000000000000000
0.0000000000000000
0.0000000000000000
0.0000000000000000
0.0000000000000000
0.0000000000000000
0.0000000000000000
0.0000000000000000
0.0000000000000000
0.0000000000000000
0.0000000000000000
0.0000000000000000
0.0000000000000000
0.0000000000000000
0.0000000000000000
0.0000000000000000
0.0000000000000000
0.0000000000000000
0.0000000000000000
0.0000000000000000
0.0000000000000000
0.0000000000000000
0.0000000000000000
0.0000000000000000
0.0000000000000000
0.0000000000000000
0.0000000000000000
0.0000000000000000
0.0000000000000000
0.0000000000000000
0.0000000000000000
0.0000000000000000
0.0000000000000000
0.0000000000000000
0.0000000000000000
0.0000000000000000
0.0000000000000000
0.0000000000000000
0.0000000000000000
0.0000000000000000
0.0000000000000000
0.0000000000000000
0.0000000000000000
0.0000000000000000
0.0000000000000000
0.0000000000000000
0.0000000000000000
0.0000000000000000
0.0000000000000000
0.0000000000000000
0.0000000000000000
0.0000000000000000
0.0000000000000000
0.0000000000000000
0.0000000000000000
0.0000000000000000
0.0000000000000000
0.0000000000000000
0.0000000000000000
0.0000000000000000
0.0000000000000000
0.0000000000000000
0.0000000000000000
0.0000000000000000
0.0000000000000000
0.0000000000000000
0.0000000000000000
0.0000000000000000
0.0000000000000000
0.0000000000000000
0.0000000000000000
0.0000000000000000
0.0000000000000000
0.0000000000000000
0.0000000000000000
0.0000000000000000
0.0000000000000000
0.0000000000000000
0.0000000000000000
0.0000000000000000
0.0000000000000000
0.0000000000000000
0.0000000000000000
0.0000000000000000
0.0000000000000000
0.0000000000000000
0.0000000000000000
0.0000000000000000
0.0000000000000000
0.0000000000000000
0.0000000000000000
0.0000000000000000
0.0000000000000000
0.0000000000000000
0.0000000000000000
0.0000000000000000
0.0000000000000000
0.0000000000000000
0.0000000000000000
0.0000000000000000
0.0000000000000000
0.0000000000000000
0.0000000000000000
0.0000000000000000
0.0000000000000000
0.0000000000000000
0.0000000000000000
0.0000000000000000
0.0000000000000000
0.0000000000000000
0.0000000000000000
0.0000000000000000
0.0000000000000000
0.0000000000000000
0.0000000000000000
0.0000000000000000
0.0000000000000000
0.0000000000000000
0.0000000000000000
0.0000000000000000
0.0000000000000000
0.0000000000000000
0.0000000000000000
0.0000000000000000
0.0000000000000000
0.0000000000000000
0.0000000000000000
0.0000000000000000
0.0000000000000000
0.0000000000000000
0.0000000000000000
0.0000000000000000
0.0000000000000000
0.0000000000000000
0.0000000000000000
0.0000000000000000
0.0000000000000000
0.0000000000000000
0.0000000000000000
0.0000000000000000
0.0000000000000000
0.0000000000000000
0.0000000000000000
0.0000000000000000
0.0000000000000000
0.0000000000000000
0.0000000000000000
0.0000000000000000
0.0000000000000000
0.0000000000000000
0.0000000000000000
0.0000000000000000
0.0000000000000000
0.0000000000000000
0.0000000000000000
0.0000000000000000
0.0000000000000000
0.0000000000000000
0.0000000000000000
0.0000000000000000
0.0000000000000000
0.0000000000000000
0.0000000000000000
0.0000000000000000
0.0000000000000000
0.0000000000000000
0.0000000000000000
0.0000000000000000
0.0000000000000000
0.0000000000000000
0.0000000000000000
0.0000000000000000
0.0000000000000000
0.0000000000000000
0.0000000000000000
0.0000000000000000
0.0000000000000000
0.0000000000000000
0.0000000000000000
0.0000000000000000
0.0000000000000000
0.0000000000000000
0.0000000000000000
0.0000000000000000
0.0000000000000000
0.0000000000000000
0.0000000000000000
0.0000000000000000
0.0000000000000000
0.0000000000000000
0.0000000000000000
0.0000000000000000
0.0000000000000000
0.0000000000000000
0.0000000000000000
0.0000000000000000
0.0000000000000000
0.0000000000000000
0.0000000000000000
0.0000000000000000
0.0000000000000000
0.0000000000000000
0.0000000000000000
0.0000000000000000
0.0000000000000000
0.0000000000000000
0.0000000000000000
0.0000000000000000
0.0000000000000000
0.0000000000000000
0.0000000000000000
0.0000000000000000
0.0000000000000000
0.0000000000000000
0.0000000000000000
0.0000000000000000
0.0000000000000000
0.0000000000000000
0.0000000000000000
0.0000000000000000
0.0000000000000000
0.0000000000000000
0.0000000000000000
0.0000000000000000
0.0000000000000000
0.0000000000000000
0.0000000000000000
0.0000000000000000
0.0000000000000000
0.0000000000000000
0.0000000000000000
0.0000000000000000
0.0000000000000000
0.0000000000000000
0.0000000000000000
0.0000000000000000
0.0000000000000000
0.0000000000000000
0.0000000000000000
0.0000000000000000
0.0000000000000000
0.0000000000000000
0.0000000000000000
0.0000000000000000
0.0000000000000000
0.0000000000000000
0.0000000000000000
0.0000000000000000
0.0000000000000000
0.0000000000000000
0.0000000000000000
0.0000000000000000
0.0000000000000000
0.0000000000000000
0.0000000000000000
0.0000000000000000
0.0000000000000000
0.0000000000000000
0.0000000000000000
0.0000000000000000
0.0000000000000000
0.0000000000000000
0.0000000000000000
0.0000000000000000
0.0000000000000000
0.0000000000000000
0.0000000000000000
0.0000000000000000
0.0000000000000000
0.0000000000000000
0.0000000000000000
0.0000000000000000
0.0000000000000000
0.0000000000000000
0.0000000000000000
0.0000000000000000
0.0000000000000000
0.0000000000000000
0.0000000000000000
0.0000000000000000
0.0000000000000000
0.0000000000000000
0.0000000000000000
0.0000000000000000
0.0000000000000000
0.0000000000000000
0.0000000000000000
0.0000000000000000
0.0000000000000000
0.0000000000000000
0.0000000000000000
0.0000000000000000
0.0000000000000000
0.0000000000000000
0.0000000000000000
0.0000000000000000
0.0000000000000000
0.0000000000000000
0.0000000000000000
0.0000000000000000
0.0000000000000000
0.0000000000000000
0.0000000000000000
0.0000000000000000
0.0000000000000000
0.0000000000000000
0.0000000000000000
0.0000000000000000
0.0000000000000000
0.0000000000000000
0.0000000000000000
0.0000000000000000
0.0000000000000000
0.0000000000000000
0.0000000000000000
0.0000000000000000
0.0000000000000000
0.0000000000000000
0.0000000000000000
0.0000000000000000
0.0000000000000000
0.0000000000000000
0.0000000000000000
0.0000000000000000
0.0000000000000000
0.0000000000000000
0.0000000000000000
0.0000000000000000
0.0000000000000000
0.0000000000000000
0.0000000000000000
0.0000000000000000
0.0000000000000000
0.0000000000000000
0.0000000000000000
0.0000000000000000
0.0000000000000000
0.0000000000000000
0.0000000000000000
0.0000000000000000
0.0000000000000000
0.0000000000000000
0.0000000000000000
0.0000000000000000
0.0000000000000000
0.0000000000000000
0.0000000000000000
0.0000000000000000
0.0000000000000000
0.0000000000000000
0.0000000000000000
0.0000000000000000
0.0000000000000000
0.0000000000000000
0.0000000000000000
0.0000000000000000
0.0000000000000000
0.0000000000000000
0.0000000000000000
0.0000000000000000
0.0000000000000000
0.0000000000000000
0.0000000000000000
0.0000000000000000
0.0000000000000000
0.0000000000000000
0.0000000000000000
0.0000000000000000
0.0000000000000000
0.0000000000000000
0.0000000000000000
0.0000000000000000
0.0000000000000000
0.0000000000000000
0.0000000000000000
0.0000000000000000
0.0000000000000000
0.0000000000000000
0.0000000000000000
0.0000000000000000
0.0000000000000000
0.0000000000000000
0.0000000000000000
0.0000000000000000
0.0000000000000000
0.0000000000000000
0.0000000000000000
0.0000000000000000
0.0000000000000000
0.0000000000000000
0.0000000000000000
0.0000000000000000
0.0000000000000000
0.0000000000000000
0.0000000000000000
0.0000000000000000
0.0000000000000000
0.0000000000000000
0.0000000000000000
0.0000000000000000
0.0000000000000000
0.0000000000000000
0.0000000000000000
0.0000000000000000
0.0000000000000000
0.0000000000000000
0.0000000000000000
0.0000000000000000
0.0000000000000000
0.0000000000000000
0.0000000000000000
0.0000000000000000
0.0000000000000000
0.0000000000000000
0.0000000000000000
0.0000000000000000
0.0000000000000000
0.0000000000000000
0.0000000000000000
0.0000000000000000
0.0000000000000000
0.0000000000000000
0.0000000000000000
0.0000000000000000
0.0000000000000000
0.0000000000000000
0.0000000000000000
0.0000000000000000
0.0000000000000000
0.0000000000000000
0.0000000000000000
0.0000000000000000
0.0000000000000000
0.0000000000000000
0.0000000000000000
0.0000000000000000
0.0000000000000000
0.0000000000000000
0.0000000000000000
0.0000000000000000
0.0000000000000000
0.0000000000000000
0.0000000000000000
0.0000000000000000
0.0000000000000000
0.0000000000000000
0.0000000000000000
0.0000000000000000
0.0000000000000000
0.0000000000000000
0.0000000000000000
0.0000000000000000
0.0000000000000000
0.0000000000000000
0.0000000000000000
0.0000000000000000
0.0000000000000000
0.0000000000000000
0.0000000000000000
0.0000000000000000
0.0000000000000000
0.0000000000000000
0.0000000000000000
0.0000000000000000
0.0000000000000000
0.0000000000000000
0.0000000000000000
0.0000000000000000
0.0000000000000000
0.0000000000000000
0.0000000000000000
0.0000000000000000
0.0000000000000000
0.0000000000000000
0.0000000000000000
0.0000000000000000
0.0000000000000000
0.0000000000000000
0.0000000000000000
0.0000000000000000
0.0000000000000000
0.0000000000000000
0.0000000000000000
0.0000000000000000
0.0000000000000000
0.0000000000000000
0.0000000000000000
0.0000000000000000
0.0000000000000000
0.0000000000000000
0.0000000000000000
0.0000000000000000
0.0000000000000000
0.0000000000000000
0.0000000000000000
0.0000000000000000
0.0000000000000000
0.0000000000000000
0.0000000000000000
0.0000000000000000
0.0000000000000000
0.0000000000000000
0.0000000000000000
0.0000000000000000
0.0000000000000000
0.0000000000000000
0.0000000000000000
0.0000000000000000
0.0000000000000000
0.0000000000000000
0.0000000000000000
0.0000000000000000
0.0000000000000000
0.0000000000000000
0.0000000000000000
0.0000000000000000
0.0000000000000000
0.0000000000000000
0.0000000000000000
0.0000000000000000
0.0000000000000000
0.0000000000000000
0.0000000000000000
0.0000000000000000
0.0000000000000000
0.0000000000000000
0.0000000000000000
0.0000000000000000
0.0000000000000000
0.0000000000000000
0.0000000000000000
0.0000000000000000
0.0000000000000000
0.0000000000000000
0.0000000000000000
0.0000000000000000
0.0000000000000000
0.0000000000000000
0.0000000000000000
0.0000000000000000
0.0000000000000000
0.0000000000000000
0.0000000000000000
0.0000000000000000
0.0000000000000000
0.0000000000000000
0.0000000000000000
0.0000000000000000
0.0000000000000000
0.0000000000000000
0.0000000000000000
0.0000000000000000
0.0000000000000000
0.0000000000000000
0.0000000000000000
0.0000000000000000
0.0000000000000000
0.0000000000000000
0.0000000000000000
0.0000000000000000
0.0000000000000000
0.0000000000000000
0.0000000000000000
0.0000000000000000
0.0000000000000000
0.0000000000000000
0.0000000000000000
0.0000000000000000
0.0000000000000000
0.0000000000000000
0.0000000000000000
0.0000000000000000
0.0000000000000000
0.0000000000000000
0.0000000000000000
0.0000000000000000
0.0000000000000000
0.0000000000000000
0.0000000000000000
0.0000000000000000
0.0000000000000000
0.0000000000000000
0.0000000000000000
0.0000000000000000
0.0000000000000000
0.0000000000000000
0.0000000000000000
0.0000000000000000
0.0000000000000000
0.0000000000000000
0.0000000000000000
0.0000000000000000
0.0000000000000000
0.0000000000000000
0.0000000000000000
0.0000000000000000
0.0000000000000000
0.0000000000000000
0.0000000000000000
0.0000000000000000
0.0000000000000000
0.0000000000000000
0.0000000000000000
0.0000000000000000
0.0000000000000000
0.0000000000000000
0.0000000000000000
0.0000000000000000
0.0000000000000000
0.0000000000000000
0.0000000000000000
0.0000000000000000
0.0000000000000000
0.0000000000000000
0.0000000000000000
0.0000000000000000
0.0000000000000000
0.0000000000000000
0.0000000000000000
0.0000000000000000
0.0000000000000000
0.0000000000000000
0.0000000000000000
0.0000000000000000
0.0000000000000000
0.0000000000000000
0.0000000000000000
0.0000000000000000
0.0000000000000000
0.0000000000000000
0.0000000000000000
0.0000000000000000
0.0000000000000000
0.0000000000000000
0.0000000000000000
0.0000000000000000
0.0000000000000000
0.0000000000000000
0.0000000000000000
0.0000000000000000
0.0000000000000000
0.0000000000000000
0.0000000000000000
0.0000000000000000
0.0000000000000000
0.0000000000000000
0.0000000000000000
0.0000000000000000
0.0000000000000000
0.0000000000000000
0.0000000000000000
0.0000000000000000
0.0000000000000000
0.0000000000000000
0.0000000000000000
0.0000000000000000
0.0000000000000000
0.0000000000000000
0.0000000000000000
0.0000000000000000
0.0000000000000000
0.0000000000000000
0.0000000000000000
0.0000000000000000
0.0000000000000000
0.0000000000000000
0.0000000000000000
0.0000000000000000
0.0000000000000000
0.0000000000000000
0.0000000000000000
0.0000000000000000
0.0000000000000000
0.0000000000000000
0.0000000000000000
0.0000000000000000
0.0000000000000000
0.0000000000000000
0.0000000000000000
0.0000000000000000
0.0000000000000000
0.0000000000000000
0.0000000000000000
0.0000000000000000
0.0000000000000000
0.0000000000000000
0.0000000000000000
0.0000000000000000
0.0000000000000000
0.0000000000000000
0.0000000000000000
0.0000000000000000
0.0000000000000000
0.0000000000000000
0.0000000000000000
0.0000000000000000
0.0000000000000000
0.0000000000000000
0.0000000000000000
0.0000000000000000
0.0000000000000000
0.0000000000000000
0.0000000000000000
0.0000000000000000
0.0000000000000000
0.0000000000000000
0.0000000000000000
0.0000000000000000
0.0000000000000000
0.0000000000000000
0.0000000000000000
0.0000000000000000
0.0000000000000000
0.0000000000000000
0.0000000000000000
0.0000000000000000
0.0000000000000000
0.0000000000000000
0.0000000000000000
0.0000000000000000
0.0000000000000000
0.0000000000000000
0.0000000000000000
0.0000000000000000
0.0000000000000000
0.0000000000000000
0.0000000000000000
0.0000000000000000
0.0000000000000000
0.0000000000000000
0.0000000000000000
0.0000000000000000
0.0000000000000000
0.0000000000000000
0.0000000000000000
0.0000000000000000
0.0000000000000000
0.0000000000000000
0.0000000000000000
0.0000000000000000
0.0000000000000000
0.0000000000000000
0.0000000000000000
0.0000000000000000
0.0000000000000000
0.0000000000000000
0.0000000000000000
0.0000000000000000
0.0000000000000000
0.0000000000000000
0.0000000000000000
0.0000000000000000
0.0000000000000000
0.0000000000000000
0.0000000000000000
0.0000000000000000
0.0000000000000000
0.0000000000000000
0.0000000000000000
0.0000000000000000
0.0000000000000000
0.0000000000000000
0.0000000000000000
0.0000000000000000
0.0000000000000000
0.0000000000000000
0.0000000000000000
0.0000000000000000
0.0000000000000000
0.0000000000000000
0.0000000000000000
0.0000000000000000
0.0000000000000000
0.0000000000000000
0.0000000000000000
0.0000000000000000
0.0000000000000000
0.0000000000000000
0.0000000000000000
0.0000000000000000
0.0000000000000000
0.0000000000000000
0.0000000000000000
0.0000000000000000
0.0000000000000000
0.0000000000000000
0.0000000000000000
0.0000000000000000
0.0000000000000000
0.0000000000000000
0.0000000000000000
0.0000000000000000
0.0000000000000000
0.0000000000000000
0.0000000000000000
0.0000000000000000
0.0000000000000000
0.0000000000000000
0.0000000000000000
0.0000000000000000
0.0000000000000000
0.0000000000000000
0.0000000000000000
0.0000000000000000
0.0000000000000000
0.0000000000000000
0.0000000000000000
0.0000000000000000
0.0000000000000000
0.0000000000000000
0.0000000000000000
0.0000000000000000
0.0000000000000000
0.0000000000000000
0.0000000000000000
0.0000000000000000
0.0000000000000000
0.0000000000000000
0.0000000000000000
0.0000000000000000
0.0000000000000000
0.0000000000000000
0.0000000000000000
0.0000000000000000
0.0000000000000000
0.0000000000000000
0.0000000000000000
0.0000000000000000
0.0000000000000000
0.0000000000000000
0.0000000000000000
0.0000000000000000
0.0000000000000000
0.0000000000000000
0.0000000000000000
0.0000000000000000
0.0000000000000000
0.0000000000000000
0.0000000000000000
0.0000000000000000
0.0000000000000000
0.0000000000000000
0.0000000000000000
0.0000000000000000
0.0000000000000000
0.0000000000000000
0.0000000000000000
0.0000000000000000
0.0000000000000000
0.0000000000000000
0.0000000000000000
0.0000000000000000
0.0000000000000000
0.0000000000000000
0.0000000000000000
0.0000000000000000
0.0000000000000000
0.0000000000000000
0.0000000000000000
0.0000000000000000
0.0000000000000000
0.0000000000000000
0.0000000000000000
0.0000000000000000
0.0000000000000000
0.0000000000000000
0.0000000000000000
0.0000000000000000
0.0000000000000000
0.0000000000000000
0.0000000000000000
0.0000000000000000
0.0000000000000000
0.0000000000000000
0.0000000000000000
0.0000000000000000
0.0000000000000000
0.0000000000000000
0.0000000000000000
0.0000000000000000
0.0000000000000000
0.0000000000000000
0.0000000000000000
0.0000000000000000
0.0000000000000000
0.0000000000000000
0.0000000000000000
0.0000000000000000
0.0000000000000000
0.0000000000000000
0.0000000000000000
0.0000000000000000
0.0000000000000000
0.0000000000000000
0.0000000000000000
0.0000000000000000
0.0000000000000000
0.0000000000000000
0.0000000000000000
0.0000000000000000
0.0000000000000000
0.0000000000000000
0.0000000000000000
0.0000000000000000
0.0000000000000000
0.0000000000000000
0.0000000000000000
0.0000000000000000
0.0000000000000000
0.0000000000000000
0.0000000000000000
0.0000000000000000
0.0000000000000000
0.0000000000000000
0.0000000000000000
0.0000000000000000
0.0000000000000000
0.0000000000000000
0.0000000000000000
0.0000000000000000
0.0000000000000000
0.0000000000000000
0.0000000000000000
0.0000000000000000
0.0000000000000000
0.0000000000000000
0.0000000000000000
0.0000000000000000
0.0000000000000000
0.0000000000000000
0.0000000000000000
0.0000000000000000
0.0000000000000000
0.0000000000000000
0.0000000000000000
0.0000000000000000
0.0000000000000000
0.0000000000000000
0.0000000000000000
0.0000000000000000
0.0000000000000000
0.0000000000000000
0.0000000000000000
0.0000000000000000
0.0000000000000000
0.0000000000000000
0.0000000000000000
0.0000000000000000
0.0000000000000000
0.0000000000000000
0.0000000000000000
0.0000000000000000
0.0000000000000000
0.0000000000000000
0.0000000000000000
0.0000000000000000
0.0000000000000000
0.0000000000000000
0.0000000000000000
0.0000000000000000
0.0000000000000000
0.0000000000000000
0.0000000000000000
0.0000000000000000
0.0000000000000000
0.0000000000000000
0.0000000000000000
0.0000000000000000
0.0000000000000000
0.0000000000000000
0.0000000000000000
0.0000000000000000
0.0000000000000000
0.0000000000000000
0.0000000000000000
0.0000000000000000
0.0000000000000000
0.0000000000000000
0.0000000000000000
0.0000000000000000
0.0000000000000000
0.0000000000000000
0.0000000000000000
0.0000000000000000
0.0000000000000000
0.0000000000000000
0.0000000000000000
0.0000000000000000
0.0000000000000000
0.0000000000000000
0.0000000000000000
0.0000000000000000
0.0000000000000000
0.0000000000000000
0.0000000000000000
0.0000000000000000
0.0000000000000000
0.0000000000000000
0.0000000000000000
0.0000000000000000
0.0000000000000000
0.0000000000000000
0.0000000000000000
0.0000000000000000
0.0000000000000000
0.0000000000000000
0.0000000000000000
0.0000000000000000
0.0000000000000000
0.0000000000000000
0.0000000000000000
0.0000000000000000
0.0000000000000000
0.0000000000000000
0.0000000000000000
0.0000000000000000
0.0000000000000000
0.0000000000000000
0.0000000000000000
0.0000000000000000
0.0000000000000000
0.0000000000000000
0.0000000000000000
0.0000000000000000
0.0000000000000000
0.0000000000000000
0.0000000000000000
0.0000000000000000
0.0000000000000000
0.0000000000000000
0.0000000000000000
0.0000000000000000
0.0000000000000000
0.0000000000000000
0.0000000000000000
0.0000000000000000
0.0000000000000000
0.0000000000000000
0.0000000000000000
0.0000000000000000
0.0000000000000000
0.0000000000000000
0.0000000000000000
0.0000000000000000
0.0000000000000000
0.0000000000000000
0.0000000000000000
0.0000000000000000
0.0000000000000000
0.0000000000000000
0.0000000000000000
0.0000000000000000
0.0000000000000000
0.0000000000000000
0.0000000000000000
0.0000000000000000
0.0000000000000000
0.0000000000000000
0.0000000000000000
0.0000000000000000
0.0000000000000000
0.0000000000000000
0.0000000000000000
0.0000000000000000
0.0000000000000000
0.0000000000000000
0.0000000000000000
0.0000000000000000
0.0000000000000000
0.0000000000000000
0.0000000000000000
0.0000000000000000
0.0000000000000000
0.0000000000000000
0.0000000000000000
0.0000000000000000
0.0000000000000000
0.0000000000000000
0.0000000000000000
0.0000000000000000
0.0000000000000000
0.0000000000000000
0.0000000000000000
0.0000000000000000
0.0000000000000000
0.0000000000000000
0.0000000000000000
0.0000000000000000
0.0000000000000000
0.0000000000000000
0.0000000000000000
0.0000000000000000
0.0000000000000000
0.0000000000000000
0.0000000000000000
0.0000000000000000
0.0000000000000000
0.0000000000000000
0.0000000000000000
0.0000000000000000
0.0000000000000000
0.0000000000000000
0.0000000000000000
0.0000000000000000
0.0000000000000000
0.0000000000000000
0.0000000000000000
0.0000000000000000
0.0000000000000000
0.0000000000000000
0.0000000000000000
0.0000000000000000
0.0000000000000000
0.0000000000000000
0.0000000000000000
0.0000000000000000
0.0000000000000000
0.0000000000000000
0.0000000000000000
0.0000000000000000
0.0000000000000000
0.0000000000000000
0.0000000000000000
0.0000000000000000
0.0000000000000000
0.0000000000000000
0.0000000000000000
0.0000000000000000
0.0000000000000000
0.0000000000000000
0.0000000000000000
0.0000000000000000
0.0000000000000000
0.0000000000000000
0.0000000000000000
0.0000000000000000
0.0000000000000000
0.0000000000000000
0.0000000000000000
0.0000000000000000
0.0000000000000000
0.0000000000000000
0.0000000000000000
0.0000000000000000
0.0000000000000000
0.0000000000000000
0.0000000000000000
0.0000000000000000
0.0000000000000000
0.0000000000000000
0.0000000000000000
0.0000000000000000
0.0000000000000000
0.0000000000000000
0.0000000000000000
0.0000000000000000
0.0000000000000000
0.0000000000000000
0.0000000000000000
0.0000000000000000
0.0000000000000000
0.0000000000000000
0.0000000000000000
0.0000000000000000
0.0000000000000000
0.0000000000000000
0.0000000000000000
0.0000000000000000
0.0000000000000000
0.0000000000000000
0.0000000000000000
0.0000000000000000
0.0000000000000000
0.0000000000000000
0.0000000000000000
0.0000000000000000
0.0000000000000000
0.0000000000000000
0.0000000000000000
0.0000000000000000
0.0000000000000000
0.0000000000000000
0.0000000000000000
0.0000000000000000
0.0000000000000000
0.0000000000000000
0.0000000000000000
0.0000000000000000
0.0000000000000000
0.0000000000000000
0.0000000000000000
0.0000000000000000
0.0000000000000000
0.0000000000000000
0.0000000000000000
0.0000000000000000
0.0000000000000000
0.0000000000000000
0.0000000000000000
0.0000000000000000
0.0000000000000000
0.0000000000000000
0.0000000000000000
0.0000000000000000
0.0000000000000000
0.0000000000000000
0.0000000000000000
0.0000000000000000
0.0000000000000000
0.0000000000000000
0.0000000000000000
0.0000000000000000
0.0000000000000000
0.0000000000000000
0.0000000000000000
0.0000000000000000
0.0000000000000000
0.0000000000000000
0.0000000000000000
0.0000000000000000
0.0000000000000000
0.0000000000000000
0.0000000000000000
0.0000000000000000
0.0000000000000000
0.0000000000000000
0.0000000000000000
0.0000000000000000
0.0000000000000000
0.0000000000000000
0.0000000000000000
0.0000000000000000
0.0000000000000000
0.0000000000000000
0.0000000000000000
0.0000000000000000
0.0000000000000000
0.0000000000000000
0.0000000000000000
0.0000000000000000
0.0000000000000000
0.0000000000000000
0.0000000000000000
0.0000000000000000
0.0000000000000000
0.0000000000000000
0.0000000000000000
0.0000000000000000
0.0000000000000000
0.0000000000000000
0.0000000000000000
0.0000000000000000
0.0000000000000000
0.0000000000000000
0.0000000000000000
0.0000000000000000
0.0000000000000000
0.0000000000000000
0.0000000000000000
0.0000000000000000
0.0000000000000000
0.0000000000000000
0.0000000000000000
0.0000000000000000
0.0000000000000000
0.0000000000000000
0.0000000000000000
0.0000000000000000
0.0000000000000000
0.0000000000000000
0.0000000000000000
0.0000000000000000
0.0000000000000000
0.0000000000000000
0.0000000000000000
0.0000000000000000
0.0000000000000000
0.0000000000000000
0.0000000000000000
0.0000000000000000
0.0000000000000000
0.0000000000000000
0.0000000000000000
0.0000000000000000
0.0000000000000000
0.0000000000000000
0.0000000000000000
0.0000000000000000
0.0000000000000000
0.0000000000000000
0.0000000000000000
0.0000000000000000
0.0000000000000000
0.0000000000000000
0.0000000000000000
0.0000000000000000
0.0000000000000000
0.0000000000000000
0.0000000000000000
0.0000000000000000
0.0000000000000000
0.0000000000000000
0.0000000000000000
0.0000000000000000
0.0000000000000000
0.0000000000000000
0.0000000000000000
0.0000000000000000
0.0000000000000000
0.0000000000000000
0.0000000000000000
0.0000000000000000
0.0000000000000000
0.0000000000000000
0.0000000000000000
0.0000000000000000
0.0000000000000000
0.0000000000000000
0.0000000000000000
0.0000000000000000
0.0000000000000000
0.0000000000000000
0.0000000000000000
0.0000000000000000
0.0000000000000000
0.0000000000000000
0.0000000000000000
0.0000000000000000
0.0000000000000000
0.0000000000000000
0.0000000000000000
0.0000000000000000
0.0000000000000000
0.0000000000000000
0.0000000000000000
0.0000000000000000
0.0000000000000000
0.0000000000000000
0.0000000000000000
0.0000000000000000
0.0000000000000000
0.0000000000000000
0.0000000000000000
0.0000000000000000
0.0000000000000000
0.0000000000000000
0.0000000000000000
0.0000000000000000
0.0000000000000000
0.0000000000000000
0.0000000000000000
0.0000000000000000
0.0000000000000000
0.0000000000000000
0.0000000000000000
0.0000000000000000
0.0000000000000000
0.0000000000000000
0.0000000000000000
0.0000000000000000
0.0000000000000000
0.0000000000000000
0.0000000000000000
0.0000000000000000
0.0000000000000000
0.0000000000000000
0.0000000000000000
0.0000000000000000
0.0000000000000000
0.0000000000000000
0.0000000000000000
0.0000000000000000
0.0000000000000000
0.0000000000000000
0.0000000000000000
0.0000000000000000
0.0000000000000000
0.0000000000000000
0.0000000000000000
0.0000000000000000
0.0000000000000000
0.0000000000000000
0.0000000000000000
0.0000000000000000
0.0000000000000000
0.0000000000000000
0.0000000000000000
0.0000000000000000
0.0000000000000000
0.0000000000000000
0.0000000000000000
0.0000000000000000
0.0000000000000000
0.0000000000000000
0.0000000000000000
0.0000000000000000
0.0000000000000000
0.0000000000000000
0.0000000000000000
0.0000000000000000
0.0000000000000000
0.0000000000000000
0.0000000000000000
0.0000000000000000
0.0000000000000000
0.0000000000000000
0.0000000000000000
0.0000000000000000
0.0000000000000000
0.0000000000000000
0.0000000000000000
0.0000000000000000
0.0000000000000000
0.0000000000000000
0.0000000000000000
0.0000000000000000
0.0000000000000000
0.0000000000000000
0.0000000000000000
0.0000000000000000
0.0000000000000000
0.0000000000000000
0.0000000000000000
0.0000000000000000
0.0000000000000000
0.0000000000000000
0.0000000000000000
0.0000000000000000
0.0000000000000000
0.0000000000000000
0.0000000000000000
0.0000000000000000
0.0000000000000000
0.0000000000000000
0.0000000000000000
0.0000000000000000
0.0000000000000000
0.0000000000000000
0.0000000000000000
0.0000000000000000
0.0000000000000000
0.0000000000000000
0.0000000000000000
0.0000000000000000
0.0000000000000000
0.0000000000000000
0.0000000000000000
0.0000000000000000
0.0000000000000000
0.0000000000000000
0.0000000000000000
0.0000000000000000
0.0000000000000000
0.0000000000000000
0.0000000000000000
0.0000000000000000
0.0000000000000000
0.0000000000000000
0.0000000000000000
0.0000000000000000
0.0000000000000000
0.0000000000000000
0.0000000000000000
0.0000000000000000
0.0000000000000000
0.0000000000000000
0.0000000000000000
0.0000000000000000
0.0000000000000000
0.0000000000000000
0.0000000000000000
0.0000000000000000
0.0000000000000000
0.0000000000000000
0.0000000000000000
0.0000000000000000
0.0000000000000000
0.0000000000000000
0.0000000000000000
0.0000000000000000
0.0000000000000000
0.0000000000000000
0.0000000000000000
0.0000000000000000
0.0000000000000000
0.0000000000000000
0.0000000000000000
0.0000000000000000
0.0000000000000000
0.0000000000000000
0.0000000000000000
0.0000000000000000
0.0000000000000000
0.0000000000000000
0.0000000000000000
0.0000000000000000
0.0000000000000000
0.0000000000000000
0.0000000000000000
0.0000000000000000
0.0000000000000000
0.0000000000000000
0.0000000000000000
0.0000000000000000
0.0000000000000000
0.0000000000000000
0.0000000000000000
0.0000000000000000
0.0000000000000000
0.0000000000000000
0.0000000000000000
0.0000000000000000
0.0000000000000000
0.0000000000000000
0.0000000000000000
0.0000000000000000
0.0000000000000000
0.0000000000000000
0.0000000000000000
0.0000000000000000
0.0000000000000000
0.0000000000000000
0.0000000000000000
0.0000000000000000
0.0000000000000000
0.0000000000000000
0.0000000000000000
0.0000000000000000
0.0000000000000000
0.0000000000000000
0.0000000000000000
0.0000000000000000
0.0000000000000000
0.0000000000000000
0.0000000000000000
0.0000000000000000
0.0000000000000000
0.0000000000000000
0.0000000000000000
0.0000000000000000
0.0000000000000000
0.0000000000000000
0.0000000000000000
0.0000000000000000
0.0000000000000000
0.0000000000000000
0.0000000000000000
0.0000000000000000
0.0000000000000000
0.0000000000000000
0.0000000000000000
0.0000000000000000
0.0000000000000000
0.0000000000000000
0.0000000000000000
0.0000000000000000
0.0000000000000000
0.0000000000000000
0.0000000000000000
0.0000000000000000
0.0000000000000000
0.0000000000000000
0.0000000000000000
0.0000000000000000
0.0000000000000000
0.0000000000000000
0.0000000000000000
0.0000000000000000
0.0000000000000000
0.0000000000000000
0.0000000000000000
0.0000000000000000
0.0000000000000000
0.0000000000000000
0.0000000000000000
0.0000000000000000
0.0000000000000000
0.0000000000000000
0.0000000000000000
0.0000000000000000
0.0000000000000000
0.0000000000000000
0.0000000000000000
0.0000000000000000
0.0000000000000000
0.0000000000000000
0.0000000000000000
0.0000000000000000
0.0000000000000000
0.0000000000000000
0.0000000000000000
0.0000000000000000
0.0000000000000000
0.0000000000000000
0.0000000000000000
0.0000000000000000
0.0000000000000000
0.0000000000000000
0.0000000000000000
0.0000000000000000
0.0000000000000000
0.0000000000000000
0.0000000000000000
0.0000000000000000
0.0000000000000000
0.0000000000000000
0.0000000000000000
0.0000000000000000
0.0000000000000000
0.0000000000000000
0.0000000000000000
0.0000000000000000
0.0000000000000000
0.0000000000000000
0.0000000000000000
0.0000000000000000
0.0000000000000000
0.0000000000000000
0.0000000000000000
0.0000000000000000
0.0000000000000000
0.0000000000000000
0.0000000000000000
0.0000000000000000
0.0000000000000000
0.0000000000000000
0.0000000000000000
0.0000000000000000
0.0000000000000000
0.0000000000000000
0.0000000000000000
0.0000000000000000
0.0000000000000000
0.0000000000000000
0.0000000000000000
0.0000000000000000
0.0000000000000000
0.0000000000000000
0.0000000000000000
0.0000000000000000
0.0000000000000000
0.0000000000000000
0.0000000000000000
0.0000000000000000
0.0000000000000000
0.0000000000000000
0.0000000000000000
0.0000000000000000
0.0000000000000000
0.0000000000000000
0.0000000000000000
0.0000000000000000
0.0000000000000000
0.0000000000000000
0.0000000000000000
0.0000000000000000
0.0000000000000000
0.0000000000000000
0.0000000000000000
0.0000000000000000
0.0000000000000000
0.0000000000000000
0.0000000000000000
0.0000000000000000
0.0000000000000000
0.0000000000000000
0.0000000000000000
0.0000000000000000
0.0000000000000000
0.0000000000000000
0.0000000000000000
0.0000000000000000
0.0000000000000000
0.0000000000000000
0.0000000000000000
0.0000000000000000
0.0000000000000000
0.0000000000000000
0.0000000000000000
0.0000000000000000
0.0000000000000000
0.0000000000000000
0.0000000000000000
0.0000000000000000
0.0000000000000000
0.0000000000000000
0.0000000000000000
0.0000000000000000
0.0000000000000000
0.0000000000000000
0.0000000000000000
0.0000000000000000
0.0000000000000000
0.0000000000000000
0.0000000000000000
0.0000000000000000
0.0000000000000000
0.0000000000000000
0.0000000000000000
0.0000000000000000
0.0000000000000000
0.0000000000000000
0.0000000000000000
0.0000000000000000
0.0000000000000000
0.0000000000000000
0.0000000000000000
0.0000000000000000
0.0000000000000000
0.0000000000000000
0.0000000000000000
0.0000000000000000
0.0000000000000000
0.0000000000000000
0.0000000000000000
0.0000000000000000
0.0000000000000000
0.0000000000000000
0.0000000000000000
0.0000000000000000
0.0000000000000000
0.0000000000000000
0.0000000000000000
0.0000000000000000
0.0000000000000000
0.0000000000000000
0.0000000000000000
0.0000000000000000
0.0000000000000000
0.0000000000000000
0.0000000000000000
0.0000000000000000
0.0000000000000000
0.0000000000000000
0.0000000000000000
0.0000000000000000
0.0000000000000000
0.0000000000000000
0.0000000000000000
0.0000000000000000
0.0000000000000000
0.0000000000000000
0.0000000000000000
0.0000000000000000
0.0000000000000000
0.0000000000000000
0.0000000000000000
0.0000000000000000
0.0000000000000000
0.0000000000000000
0.0000000000000000
0.0000000000000000
0.0000000000000000
0.0000000000000000
0.0000000000000000
0.0000000000000000
0.0000000000000000
0.0000000000000000
0.0000000000000000
0.0000000000000000
0.0000000000000000
0.0000000000000000
0.0000000000000000
0.0000000000000000
0.0000000000000000
0.0000000000000000
0.0000000000000000
0.0000000000000000
0.0000000000000000
0.0000000000000000
0.0000000000000000
0.0000000000000000
0.0000000000000000
0.0000000000000000
0.0000000000000000
0.0000000000000000
0.0000000000000000
0.0000000000000000
0.0000000000000000
0.0000000000000000
0.0000000000000000
0.0000000000000000
0.0000000000000000
0.0000000000000000
0.0000000000000000
0.0000000000000000
0.0000000000000000
0.0000000000000000
0.0000000000000000
0.0000000000000000
0.0000000000000000
0.0000000000000000
0.0000000000000000
0.0000000000000000
0.0000000000000000
0.0000000000000000
0.0000000000000000
0.0000000000000000
0.0000000000000000
0.0000000000000000
0.0000000000000000
0.0000000000000000
0.0000000000000000
0.0000000000000000
0.0000000000000000
0.0000000000000000
0.0000000000000000
0.0000000000000000
0.0000000000000000
0.0000000000000000
0.0000000000000000
0.0000000000000000
0.0000000000000000
0.0000000000000000
0.0000000000000000
0.0000000000000000
0.0000000000000000
0.0000000000000000
0.0000000000000000
0.0000000000000000
0.0000000000000000
0.0000000000000000
0.0000000000000000
0.0000000000000000
0.0000000000000000
0.0000000000000000
0.0000000000000000
0.0000000000000000
0.0000000000000000
0.0000000000000000
0.0000000000000000
0.0000000000000000
0.0000000000000000
0.0000000000000000
0.0000000000000000
0.0000000000000000
0.0000000000000000
0.0000000000000000
0.0000000000000000
0.0000000000000000
0.0000000000000000
0.0000000000000000
0.0000000000000000
0.0000000000000000
0.0000000000000000
0.0000000000000000
0.0000000000000000
0.0000000000000000
0.0000000000000000
0.0000000000000000
0.0000000000000000
0.0000000000000000
0.0000000000000000
0.0000000000000000
0.0000000000000000
0.0000000000000000
0.0000000000000000
0.0000000000000000
0.0000000000000000
0.0000000000000000
0.0000000000000000
0.0000000000000000
0.0000000000000000
0.0000000000000000
0.0000000000000000
0.0000000000000000
0.0000000000000000
0.0000000000000000
0.0000000000000000
0.0000000000000000
0.0000000000000000
0.0000000000000000
0.0000000000000000
0.0000000000000000
0.0000000000000000
0.0000000000000000
0.0000000000000000
0.0000000000000000
0.0000000000000000
0.0000000000000000
0.0000000000000000
0.0000000000000000
0.0000000000000000
0.0000000000000000
0.0000000000000000
0.0000000000000000
0.0000000000000000
0.0000000000000000
0.0000000000000000
0.0000000000000000
0.0000000000000000
0.0000000000000000
0.0000000000000000
0.0000000000000000
0.0000000000000000
0.0000000000000000
0.0000000000000000
0.0000000000000000
0.0000000000000000
0.0000000000000000
0.0000000000000000
0.0000000000000000
0.0000000000000000
0.0000000000000000
0.0000000000000000
0.0000000000000000
0.0000000000000000
0.0000000000000000
0.0000000000000000
0.0000000000000000
0.0000000000000000
0.0000000000000000
0.0000000000000000
0.0000000000000000
0.0000000000000000
0.0000000000000000
0.0000000000000000
0.0000000000000000
0.0000000000000000
0.0000000000000000
0.0000000000000000
0.0000000000000000
0.0000000000000000
0.0000000000000000
0.0000000000000000
0.0000000000000000
0.0000000000000000
0.0000000000000000
0.0000000000000000
0.0000000000000000
0.0000000000000000
0.0000000000000000
0.0000000000000000
0.0000000000000000
0.0000000000000000
0.0000000000000000
0.0000000000000000
0.0000000000000000
0.0000000000000000
0.0000000000000000
0.0000000000000000
0.0000000000000000
0.0000000000000000
0.0000000000000000
0.0000000000000000
0.0000000000000000
0.0000000000000000
0.0000000000000000
0.0000000000000000
0.0000000000000000
0.0000000000000000
0.0000000000000000
0.0000000000000000
0.0000000000000000
0.0000000000000000
0.0000000000000000
0.0000000000000000
0.0000000000000000
0.0000000000000000
0.0000000000000000
0.0000000000000000
0.0000000000000000
0.0000000000000000
0.0000000000000000
0.0000000000000000
0.0000000000000000
0.0000000000000000
0.0000000000000000
0.0000000000000000
0.0000000000000000
0.0000000000000000
0.0000000000000000
0.0000000000000000
0.0000000000000000
0.0000000000000000
0.0000000000000000
0.0000000000000000
0.0000000000000000
0.0000000000000000
0.0000000000000000
0.0000000000000000
0.0000000000000000
0.0000000000000000
0.0000000000000000
0.0000000000000000
0.0000000000000000
0.0000000000000000
0.0000000000000000
0.0000000000000000
0.0000000000000000
0.0000000000000000
0.0000000000000000
0.0000000000000000
0.0000000000000000
0.0000000000000000
0.0000000000000000
0.0000000000000000
0.0000000000000000
0.0000000000000000
0.0000000000000000
0.0000000000000000
0.0000000000000000
0.0000000000000000
0.0000000000000000
0.0000000000000000
0.0000000000000000
0.0000000000000000
0.0000000000000000
0.0000000000000000
0.0000000000000000
0.0000000000000000
0.0000000000000000
0.0000000000000000
0.0000000000000000
0.0000000000000000
0.0000000000000000
0.0000000000000000
0.0000000000000000
0.0000000000000000
0.0000000000000000
0.0000000000000000
0.0000000000000000
0.0000000000000000
0.0000000000000000
0.0000000000000000
0.0000000000000000
0.0000000000000000
0.0000000000000000
0.0000000000000000
0.0000000000000000
0.0000000000000000
0.0000000000000000
0.0000000000000000
0.0000000000000000
0.0000000000000000
0.0000000000000000
0.0000000000000000
0.0000000000000000
0.0000000000000000
0.0000000000000000
0.0000000000000000
0.0000000000000000
0.0000000000000000
0.0000000000000000
0.0000000000000000
0.0000000000000000
0.0000000000000000
0.0000000000000000
0.0000000000000000
0.0000000000000000
0.0000000000000000
0.0000000000000000
0.0000000000000000
0.0000000000000000
0.0000000000000000
0.0000000000000000
0.0000000000000000
0.0000000000000000
0.0000000000000000
0.0000000000000000
0.0000000000000000
0.0000000000000000
0.0000000000000000
0.0000000000000000
0.0000000000000000
0.0000000000000000
0.0000000000000000
0.0000000000000000
0.0000000000000000
0.0000000000000000
0.0000000000000000
0.0000000000000000
0.0000000000000000
0.0000000000000000
0.0000000000000000
0.0000000000000000
0.0000000000000000
0.0000000000000000
0.0000000000000000
0.0000000000000000
0.0000000000000000
0.0000000000000000
0.0000000000000000
0.0000000000000000
0.0000000000000000
0.0000000000000000
0.0000000000000000
0.0000000000000000
0.0000000000000000
0.0000000000000000
0.0000000000000000
0.0000000000000000
0.0000000000000000
0.0000000000000000
0.0000000000000000
0.0000000000000000
0.0000000000000000
0.0000000000000000
0.0000000000000000
0.0000000000000000
0.0000000000000000
0.0000000000000000
0.0000000000000000
0.0000000000000000
0.0000000000000000
0.0000000000000000
0.0000000000000000
0.0000000000000000
0.0000000000000000
0.0000000000000000
0.0000000000000000
0.0000000000000000
0.0000000000000000
0.0000000000000000
0.0000000000000000
0.0000000000000000
0.0000000000000000
0.0000000000000000
0.0000000000000000
0.0000000000000000
0.0000000000000000
0.0000000000000000
0.0000000000000000
0.0000000000000000
0.0000000000000000
0.0000000000000000
0.0000000000000000
0.0000000000000000
0.0000000000000000
0.0000000000000000
0.0000000000000000
0.0000000000000000
0.0000000000000000
0.0000000000000000
0.0000000000000000
0.0000000000000000
0.0000000000000000
0.0000000000000000
0.0000000000000000
0.0000000000000000
0.0000000000000000
0.0000000000000000
0.0000000000000000
0.0000000000000000
0.0000000000000000
0.0000000000000000
0.0000000000000000
0.0000000000000000
0.0000000000000000
0.0000000000000000
0.0000000000000000
0.0000000000000000
0.0000000000000000
0.0000000000000000
0.0000000000000000
0.0000000000000000
0.0000000000000000
0.0000000000000000
0.0000000000000000
0.0000000000000000
0.0000000000000000
0.0000000000000000
0.0000000000000000
0.0000000000000000
0.0000000000000000
0.0000000000000000
0.0000000000000000
0.0000000000000000
0.0000000000000000
0.0000000000000000
0.0000000000000000
0.0000000000000000
0.0000000000000000
0.0000000000000000
0.0000000000000000
0.0000000000000000
0.0000000000000000
0.0000000000000000
0.0000000000000000
0.0000000000000000
0.0000000000000000
0.0000000000000000
0.0000000000000000
0.0000000000000000
0.0000000000000000
0.0000000000000000
0.0000000000000000
0.0000000000000000
0.0000000000000000
0.0000000000000000
0.0000000000000000
0.0000000000000000
0.0000000000000000
0.0000000000000000
0.0000000000000000
0.0000000000000000
0.0000000000000000
0.0000000000000000
0.0000000000000000
0.0000000000000000
0.0000000000000000
0.0000000000000000
0.0000000000000000
0.0000000000000000
0.0000000000000000
0.0000000000000000
0.0000000000000000
0.0000000000000000
0.0000000000000000
0.0000000000000000
0.0000000000000000
0.0000000000000000
0.0000000000000000
0.0000000000000000
0.0000000000000000
0.0000000000000000
0.0000000000000000
0.0000000000000000
0.0000000000000000
0.0000000000000000
0.0000000000000000
0.0000000000000000
0.0000000000000000
0.0000000000000000
0.0000000000000000
0.0000000000000000
0.0000000000000000
0.0000000000000000
0.0000000000000000
0.0000000000000000
0.0000000000000000
0.0000000000000000
0.0000000000000000
0.0000000000000000
0.0000000000000000
0.0000000000000000
0.0000000000000000
0.0000000000000000
0.0000000000000000
0.0000000000000000
0.0000000000000000
0.0000000000000000
0.0000000000000000
0.0000000000000000
0.0000000000000000
0.0000000000000000
0.0000000000000000
0.0000000000000000
0.0000000000000000
0.0000000000000000
0.0000000000000000
0.0000000000000000
0.0000000000000000
0.0000000000000000
0.0000000000000000
0.0000000000000000
0.0000000000000000
0.0000000000000000
0.0000000000000000
0.0000000000000000
0.0000000000000000
0.0000000000000000
0.0000000000000000
0.0000000000000000
0.0000000000000000
0.0000000000000000
0.0000000000000000
0.0000000000000000
0.0000000000000000
0.0000000000000000
0.0000000000000000
0.0000000000000000
0.0000000000000000
0.0000000000000000
0.0000000000000000
0.0000000000000000
0.0000000000000000
0.0000000000000000
0.0000000000000000
0.0000000000000000
0.0000000000000000
0.0000000000000000
0.0000000000000000
0.0000000000000000
0.0000000000000000
0.0000000000000000
0.0000000000000000
0.0000000000000000
0.0000000000000000
0.0000000000000000
0.0000000000000000
0.0000000000000000
0.0000000000000000
0.0000000000000000
0.0000000000000000
0.0000000000000000
0.0000000000000000
0.0000000000000000
0.0000000000000000
0.0000000000000000
0.0000000000000000
0.0000000000000000
0.0000000000000000
0.0000000000000000
0.0000000000000000
0.0000000000000000
0.0000000000000000
0.0000000000000000
0.0000000000000000
0.0000000000000000
0.0000000000000000
0.0000000000000000
0.0000000000000000
0.0000000000000000
0.0000000000000000
0.0000000000000000
0.0000000000000000
0.0000000000000000
0.0000000000000000
0.0000000000000000
0.0000000000000000
0.0000000000000000
0.0000000000000000
0.0000000000000000
0.0000000000000000
0.0000000000000000
0.0000000000000000
0.0000000000000000
0.0000000000000000
0.0000000000000000
0.0000000000000000
0.0000000000000000
0.0000000000000000
0.0000000000000000
0.0000000000000000
0.0000000000000000
0.0000000000000000
0.0000000000000000
0.0000000000000000
0.0000000000000000
0.0000000000000000
0.0000000000000000
0.0000000000000000
0.0000000000000000
0.0000000000000000
0.0000000000000000
0.0000000000000000
0.0000000000000000
0.0000000000000000
0.0000000000000000
0.0000000000000000
0.0000000000000000
0.0000000000000000
0.0000000000000000
0.0000000000000000
0.0000000000000000
0.0000000000000000
0.0000000000000000
0.0000000000000000
0.0000000000000000
0.0000000000000000
0.0000000000000000
0.0000000000000000
0.0000000000000000
0.0000000000000000
0.0000000000000000
0.0000000000000000
0.0000000000000000
0.0000000000000000
0.0000000000000000
0.0000000000000000
0.0000000000000000
0.0000000000000000
0.0000000000000000
0.0000000000000000
0.0000000000000000
0.0000000000000000
0.0000000000000000
0.0000000000000000
0.0000000000000000
0.0000000000000000
0.0000000000000000
0.0000000000000000
0.0000000000000000
0.0000000000000000
0.0000000000000000
0.0000000000000000
0.0000000000000000
0.0000000000000000
0.0000000000000000
0.0000000000000000
0.0000000000000000
0.0000000000000000
0.0000000000000000
0.0000000000000000
0.0000000000000000
0.0000000000000000
0.0000000000000000
0.0000000000000000
0.0000000000000000
0.0000000000000000
0.0000000000000000
0.0000000000000000
0.0000000000000000
0.0000000000000000
0.0000000000000000
0.0000000000000000
0.0000000000000000
0.0000000000000000
0.0000000000000000
0.0000000000000000
0.0000000000000000
0.0000000000000000
0.0000000000000000
0.0000000000000000
0.0000000000000000
0.0000000000000000
0.0000000000000000
0.0000000000000000
0.0000000000000000
0.0000000000000000
0.0000000000000000
0.0000000000000000
0.0000000000000000
0.0000000000000000
0.0000000000000000
0.0000000000000000
0.0000000000000000
0.0000000000000000
0.0000000000000000
0.0000000000000000
0.0000000000000000
0.0000000000000000
0.0000000000000000
0.0000000000000000
0.0000000000000000
0.0000000000000000
0.0000000000000000
0.0000000000000000
0.0000000000000000
0.0000000000000000
0.0000000000000000
0.0000000000000000
0.0000000000000000
0.0000000000000000
0.0000000000000000
0.0000000000000000
0.0000000000000000
0.0000000000000000
0.0000000000000000
0.0000000000000000
0.0000000000000000
0.0000000000000000
0.0000000000000000
0.0000000000000000
0.0000000000000000
0.0000000000000000
0.0000000000000000
0.0000000000000000
0.0000000000000000
0.0000000000000000
0.0000000000000000
0.0000000000000000
0.0000000000000000
0.0000000000000000
0.0000000000000000
0.0000000000000000
0.0000000000000000
0.0000000000000000
0.0000000000000000
0.0000000000000000
0.0000000000000000
0.0000000000000000
0.0000000000000000
0.0000000000000000
0.0000000000000000
0.0000000000000000
0.0000000000000000
0.0000000000000000
0.0000000000000000
0.0000000000000000
0.0000000000000000
0.0000000000000000
0.0000000000000000
0.0000000000000000
0.0000000000000000
0.0000000000000000
0.0000000000000000
0.0000000000000000
0.0000000000000000
0.0000000000000000
0.0000000000000000
0.0000000000000000
0.0000000000000000
0.0000000000000000
0.0000000000000000
0.0000000000000000
0.0000000000000000
0.0000000000000000
0.0000000000000000
0.0000000000000000
0.0000000000000000
0.0000000000000000
0.0000000000000000
0.0000000000000000
0.0000000000000000
0.0000000000000000
0.0000000000000000
0.0000000000000000
0.0000000000000000
0.0000000000000000
0.0000000000000000
0.0000000000000000
0.0000000000000000
0.0000000000000000
0.0000000000000000
0.0000000000000000
0.0000000000000000
0.0000000000000000
0.0000000000000000
0.0000000000000000
0.0000000000000000
0.0000000000000000
0.0000000000000000
0.0000000000000000
0.0000000000000000
0.0000000000000000
0.0000000000000000
0.0000000000000000
0.0000000000000000
0.0000000000000000
0.0000000000000000
0.0000000000000000
0.0000000000000000
0.0000000000000000
0.0000000000000000
0.0000000000000000
0.0000000000000000
0.0000000000000000
0.0000000000000000
0.0000000000000000
0.0000000000000000
0.0000000000000000
0.0000000000000000
0.0000000000000000
0.0000000000000000
0.0000000000000000
0.0000000000000000
0.0000000000000000
0.0000000000000000
0.0000000000000000
0.0000000000000000
0.0000000000000000
0.0000000000000000
0.0000000000000000
0.0000000000000000
0.0000000000000000
0.0000000000000000
0.0000000000000000
0.0000000000000000
0.0000000000000000
0.0000000000000000
0.0000000000000000
0.0000000000000000
0.0000000000000000
0.0000000000000000
0.0000000000000000
0.0000000000000000
0.0000000000000000
0.0000000000000000
0.0000000000000000
0.0000000000000000
0.0000000000000000
0.0000000000000000
0.0000000000000000
0.0000000000000000
0.0000000000000000
0.0000000000000000
0.0000000000000000
0.0000000000000000
0.0000000000000000
0.0000000000000000
0.0000000000000000
0.0000000000000000
0.0000000000000000
0.0000000000000000
0.0000000000000000
0.0000000000000000
0.0000000000000000
0.0000000000000000
0.0000000000000000
0.0000000000000000
0.0000000000000000
0.0000000000000000
0.0000000000000000
0.0000000000000000
0.0000000000000000
0.0000000000000000
0.0000000000000000
0.0000000000000000
0.0000000000000000
0.0000000000000000
0.0000000000000000
0.0000000000000000
0.0000000000000000
0.0000000000000000
0.0000000000000000
0.0000000000000000
0.0000000000000000
0.0000000000000000
0.0000000000000000
0.0000000000000000
0.0000000000000000
0.0000000000000000
0.0000000000000000
0.0000000000000000
0.0000000000000000
0.0000000000000000
0.0000000000000000
0.0000000000000000
0.0000000000000000
0.0000000000000000
0.0000000000000000
0.0000000000000000
0.0000000000000000
0.0000000000000000
0.0000000000000000
0.0000000000000000
0.0000000000000000
0.0000000000000000
0.0000000000000000
0.0000000000000000
0.0000000000000000
0.0000000000000000
0.0000000000000000
0.0000000000000000
0.0000000000000000
0.0000000000000000
0.0000000000000000
0.0000000000000000
0.0000000000000000
0.0000000000000000
0.0000000000000000
0.0000000000000000
0.0000000000000000
0.0000000000000000
0.0000000000000000
0.0000000000000000
0.0000000000000000
0.0000000000000000
0.0000000000000000
0.0000000000000000
0.0000000000000000
0.0000000000000000
0.0000000000000000
0.0000000000000000
0.0000000000000000
0.0000000000000000
0.0000000000000000
0.0000000000000000
0.0000000000000000
0.0000000000000000
0.0000000000000000
0.0000000000000000
0.0000000000000000
0.0000000000000000
0.0000000000000000
0.0000000000000000
0.0000000000000000
0.0000000000000000
0.0000000000000000
0.0000000000000000
0.0000000000000000
0.0000000000000000
0.0000000000000000
0.0000000000000000
0.0000000000000000
0.0000000000000000
0.0000000000000000
0.0000000000000000
0.0000000000000000
0.0000000000000000
0.0000000000000000
0.0000000000000000
0.0000000000000000
0.0000000000000000
0.0000000000000000
0.0000000000000000
0.0000000000000000
0.0000000000000000
0.0000000000000000
0.0000000000000000
0.0000000000000000
0.0000000000000000
0.0000000000000000
0.0000000000000000
0.0000000000000000
0.0000000000000000
0.0000000000000000
0.0000000000000000
0.0000000000000000
0.0000000000000000
0.0000000000000000
0.0000000000000000
0.0000000000000000
0.0000000000000000
0.0000000000000000
0.0000000000000000
0.0000000000000000
0.0000000000000000
0.0000000000000000
0.0000000000000000
0.0000000000000000
0.0000000000000000
0.0000000000000000
0.0000000000000000
0.0000000000000000
0.0000000000000000
0.0000000000000000
0.0000000000000000
0.0000000000000000
0.0000000000000000
0.0000000000000000
0.0000000000000000
0.0000000000000000
0.0000000000000000
0.0000000000000000
0.0000000000000000
0.0000000000000000
0.0000000000000000
0.0000000000000000
0.0000000000000000
0.0000000000000000
0.0000000000000000
0.0000000000000000
0.0000000000000000
0.0000000000000000
0.0000000000000000
0.0000000000000000
0.0000000000000000
0.0000000000000000
0.0000000000000000
0.0000000000000000
0.0000000000000000
0.0000000000000000
0.0000000000000000
0.0000000000000000
0.0000000000000000
0.0000000000000000
0.0000000000000000
0.0000000000000000
0.0000000000000000
0.0000000000000000
0.0000000000000000
0.0000000000000000
0.0000000000000000
0.0000000000000000
0.0000000000000000
0.0000000000000000
0.0000000000000000
0.0000000000000000
0.0000000000000000
0.0000000000000000
0.0000000000000000
0.0000000000000000
0.0000000000000000
0.0000000000000000
0.0000000000000000
0.0000000000000000
0.0000000000000000
0.0000000000000000
0.0000000000000000
0.0000000000000000
0.0000000000000000
0.0000000000000000
0.0000000000000000
0.0000000000000000
0.0000000000000000
0.0000000000000000
0.0000000000000000
0.0000000000000000
0.0000000000000000
0.0000000000000000
0.0000000000000000
0.0000000000000000
0.0000000000000000
0.0000000000000000
0.0000000000000000
0.0000000000000000
0.0000000000000000
0.0000000000000000
0.0000000000000000
0.0000000000000000
0.0000000000000000
0.0000000000000000
0.0000000000000000
0.0000000000000000
0.0000000000000000
0.0000000000000000
0.0000000000000000
0.0000000000000000
0.0000000000000000
0.0000000000000000
0.0000000000000000
0.0000000000000000
0.0000000000000000
0.0000000000000000
0.0000000000000000
0.0000000000000000
0.0000000000000000
0.0000000000000000
0.0000000000000000
0.0000000000000000
0.0000000000000000
0.0000000000000000
0.0000000000000000
0.0000000000000000
0.0000000000000000
0.0000000000000000
0.0000000000000000
0.0000000000000000
0.0000000000000000
0.0000000000000000
0.0000000000000000
0.0000000000000000
0.0000000000000000
0.0000000000000000
0.0000000000000000
0.0000000000000000
0.0000000000000000
0.0000000000000000
0.0000000000000000
0.0000000000000000
0.0000000000000000
0.0000000000000000
0.0000000000000000
0.0000000000000000
0.0000000000000000
0.0000000000000000
0.0000000000000000
0.0000000000000000
0.0000000000000000
0.0000000000000000
0.0000000000000000
0.0000000000000000
0.0000000000000000
0.0000000000000000
0.0000000000000000
0.0000000000000000
0.0000000000000000
0.0000000000000000
0.0000000000000000
0.0000000000000000
0.0000000000000000
0.0000000000000000
0.0000000000000000
0.0000000000000000
0.0000000000000000
0.0000000000000000
0.0000000000000000
0.0000000000000000
0.0000000000000000
0.0000000000000000
0.0000000000000000
0.0000000000000000
0.0000000000000000
0.0000000000000000
0.0000000000000000
0.0000000000000000
0.0000000000000000
0.0000000000000000
0.0000000000000000
0.0000000000000000
0.0000000000000000
0.0000000000000000
0.0000000000000000
0.0000000000000000
0.0000000000000000
0.0000000000000000
0.0000000000000000
0.0000000000000000
0.0000000000000000
0.0000000000000000
0.0000000000000000
0.0000000000000000
0.0000000000000000
0.0000000000000000
0.0000000000000000
0.0000000000000000
0.0000000000000000
0.0000000000000000
0.0000000000000000
0.0000000000000000
0.0000000000000000
0.0000000000000000
0.0000000000000000
0.0000000000000000
0.0000000000000000
0.0000000000000000
0.0000000000000000
0.0000000000000000
0.0000000000000000
0.0000000000000000
0.0000000000000000
0.0000000000000000
0.0000000000000000
0.0000000000000000
0.0000000000000000
0.0000000000000000
0.0000000000000000
0.0000000000000000
0.0000000000000000
0.0000000000000000
0.0000000000000000
0.0000000000000000
0.0000000000000000
0.0000000000000000
0.0000000000000000
0.0000000000000000
0.0000000000000000
0.0000000000000000
0.0000000000000000
0.0000000000000000
0.0000000000000000
0.0000000000000000
0.0000000000000000
0.0000000000000000
0.0000000000000000
0.0000000000000000
0.0000000000000000
0.0000000000000000
0.0000000000000000
0.0000000000000000
0.0000000000000000
0.0000000000000000
0.0000000000000000
0.0000000000000000
0.0000000000000000
0.0000000000000000
0.0000000000000000
0.0000000000000000
0.0000000000000000
0.0000000000000000
0.0000000000000000
0.0000000000000000
0.0000000000000000
0.0000000000000000
0.0000000000000000
0.0000000000000000
0.0000000000000000
0.0000000000000000
0.0000000000000000
0.0000000000000000
0.0000000000000000
0.0000000000000000
0.0000000000000000
0.0000000000000000
0.0000000000000000
0.0000000000000000
0.0000000000000000
0.0000000000000000
0.0000000000000000
0.0000000000000000
0.0000000000000000
0.0000000000000000
0.0000000000000000
0.0000000000000000
0.0000000000000000
0.0000000000000000
0.0000000000000000
0.0000000000000000
0.0000000000000000
0.0000000000000000
0.0000000000000000
0.0000000000000000
0.0000000000000000
0.0000000000000000
0.0000000000000000
0.0000000000000000
0.0000000000000000
0.0000000000000000
0.0000000000000000
0.0000000000000000
0.0000000000000000
0.0000000000000000
0.0000000000000000
0.0000000000000000
0.0000000000000000
0.0000000000000000
0.0000000000000000
0.0000000000000000
0.0000000000000000
0.0000000000000000
0.0000000000000000
0.0000000000000000
0.0000000000000000
0.0000000000000000
0.0000000000000000
0.0000000000000000
0.0000000000000000
0.0000000000000000
0.0000000000000000
0.0000000000000000
0.0000000000000000
0.0000000000000000
0.0000000000000000
0.0000000000000000
0.0000000000000000
0.0000000000000000
0.0000000000000000
0.0000000000000000
0.0000000000000000
0.0000000000000000
0.0000000000000000
0.0000000000000000
0.0000000000000000
0.0000000000000000
0.0000000000000000
0.0000000000000000
0.0000000000000000
0.0000000000000000
0.0000000000000000
0.0000000000000000
0.0000000000000000
0.0000000000000000
0.0000000000000000
0.0000000000000000
0.0000000000000000
0.0000000000000000
0.0000000000000000
0.0000000000000000
0.0000000000000000
0.0000000000000000
0.0000000000000000
0.0000000000000000
0.0000000000000000
0.0000000000000000
0.0000000000000000
0.0000000000000000
0.0000000000000000
0.0000000000000000
0.0000000000000000
0.0000000000000000
0.0000000000000000
0.0000000000000000
0.0000000000000000
0.0000000000000000
0.0000000000000000
0.0000000000000000
0.0000000000000000
0.0000000000000000
0.0000000000000000
0.0000000000000000
0.0000000000000000
0.0000000000000000
0.0000000000000000
0.0000000000000000
0.0000000000000000
0.0000000000000000
0.0000000000000000
0.0000000000000000
0.0000000000000000
0.0000000000000000
0.0000000000000000
0.0000000000000000
0.0000000000000000
0.0000000000000000
0.0000000000000000
0.0000000000000000
0.0000000000000000
0.0000000000000000
0.0000000000000000
0.0000000000000000
0.0000000000000000
0.0000000000000000
0.0000000000000000
0.0000000000000000
0.0000000000000000
0.0000000000000000
0.0000000000000000
0.0000000000000000
0.0000000000000000
0.0000000000000000
0.0000000000000000
0.0000000000000000
0.0000000000000000
0.0000000000000000
0.0000000000000000
0.0000000000000000
0.0000000000000000
0.0000000000000000
0.0000000000000000
0.0000000000000000
0.0000000000000000
0.0000000000000000
0.0000000000000000
0.0000000000000000
0.0000000000000000
0.0000000000000000
0.0000000000000000
0.0000000000000000
0.0000000000000000
0.0000000000000000
0.0000000000000000
0.0000000000000000
0.0000000000000000
0.0000000000000000
0.0000000000000000
0.0000000000000000
0.0000000000000000
0.0000000000000000
0.0000000000000000
0.0000000000000000
0.0000000000000000
0.0000000000000000
0.0000000000000000
0.0000000000000000
0.0000000000000000
0.0000000000000000
0.0000000000000000
0.0000000000000000
0.0000000000000000
0.0000000000000000
0.0000000000000000
0.0000000000000000
0.0000000000000000
0.0000000000000000
0.0000000000000000
0.0000000000000000
0.0000000000000000
0.0000000000000000
0.0000000000000000
0.0000000000000000
0.0000000000000000
0.0000000000000000
0.0000000000000000
0.0000000000000000
0.0000000000000000
0.0000000000000000
0.0000000000000000
0.0000000000000000
0.0000000000000000
0.0000000000000000
0.0000000000000000
0.0000000000000000
0.0000000000000000
0.0000000000000000
0.0000000000000000
0.0000000000000000
0.0000000000000000
0.0000000000000000
0.0000000000000000
0.0000000000000000
0.0000000000000000
0.0000000000000000
0.0000000000000000
0.0000000000000000
0.0000000000000000
0.0000000000000000
0.0000000000000000
0.0000000000000000
0.0000000000000000
0.0000000000000000
0.0000000000000000
0.0000000000000000
0.0000000000000000
0.0000000000000000
0.0000000000000000
0.0000000000000000
0.0000000000000000
0.0000000000000000
0.0000000000000000
0.0000000000000000
0.0000000000000000
0.0000000000000000
0.0000000000000000
0.0000000000000000
0.0000000000000000
0.0000000000000000
0.0000000000000000
0.0000000000000000
0.0000000000000000
0.0000000000000000
0.0000000000000000
0.0000000000000000
0.0000000000000000
0.0000000000000000
0.0000000000000000
0.0000000000000000
0.0000000000000000
0.0000000000000000
0.0000000000000000
0.0000000000000000
0.0000000000000000
0.0000000000000000
0.0000000000000000
0.0000000000000000
0.0000000000000000
0.0000000000000000
0.0000000000000000
0.0000000000000000
0.0000000000000000
0.0000000000000000
0.0000000000000000
0.0000000000000000
0.0000000000000000
0.0000000000000000
0.0000000000000000
0.0000000000000000
0.0000000000000000
0.0000000000000000
0.0000000000000000
0.0000000000000000
0.0000000000000000
0.0000000000000000
0.0000000000000000
0.0000000000000000
0.0000000000000000
0.0000000000000000
0.0000000000000000
0.0000000000000000
0.0000000000000000
0.0000000000000000
0.0000000000000000
0.0000000000000000
0.0000000000000000
0.0000000000000000
0.0000000000000000
0.0000000000000000
0.0000000000000000
0.0000000000000000
0.0000000000000000
0.0000000000000000
0.0000000000000000
0.0000000000000000
0.0000000000000000
0.0000000000000000
0.0000000000000000
0.0000000000000000
0.0000000000000000
0.0000000000000000
0.0000000000000000
0.0000000000000000
0.0000000000000000
0.0000000000000000
0.0000000000000000
0.0000000000000000
0.0000000000000000
0.0000000000000000
0.0000000000000000
0.0000000000000000
0.0000000000000000
0.0000000000000000
0.0000000000000000
0.0000000000000000
0.0000000000000000
0.0000000000000000
0.0000000000000000
0.0000000000000000
0.0000000000000000
0.0000000000000000
0.0000000000000000
0.0000000000000000
0.0000000000000000
0.0000000000000000
0.0000000000000000
0.0000000000000000
0.0000000000000000
0.0000000000000000
0.0000000000000000
0.0000000000000000
0.0000000000000000
0.0000000000000000
0.0000000000000000
0.0000000000000000
0.0000000000000000
0.0000000000000000
0.0000000000000000
0.0000000000000000
0.0000000000000000
0.0000000000000000
0.0000000000000000
0.0000000000000000
0.0000000000000000
0.0000000000000000
0.0000000000000000
0.0000000000000000
0.0000000000000000
0.0000000000000000
0.0000000000000000
0.0000000000000000
0.0000000000000000
0.0000000000000000
0.0000000000000000
0.0000000000000000
0.0000000000000000
0.0000000000000000
0.0000000000000000
0.0000000000000000
0.0000000000000000
0.0000000000000000
0.0000000000000000
0.0000000000000000
0.0000000000000000
0.0000000000000000
0.0000000000000000
0.0000000000000000
0.0000000000000000
0.0000000000000000
0.0000000000000000
0.0000000000000000
0.0000000000000000
0.0000000000000000
0.0000000000000000
0.0000000000000000
0.0000000000000000
0.0000000000000000
0.0000000000000000
0.0000000000000000
0.0000000000000000
0.0000000000000000
0.0000000000000000
0.0000000000000000
0.0000000000000000
0.0000000000000000
0.0000000000000000
0.0000000000000000
0.0000000000000000
0.0000000000000000
0.0000000000000000
0.0000000000000000
0.0000000000000000
0.0000000000000000
0.0000000000000000
0.0000000000000000
0.0000000000000000
0.0000000000000000
0.0000000000000000
0.0000000000000000
0.0000000000000000
0.0000000000000000
0.0000000000000000
0.0000000000000000
0.0000000000000000
0.0000000000000000
0.0000000000000000
0.0000000000000000
0.0000000000000000
0.0000000000000000
0.0000000000000000
0.0000000000000000
0.0000000000000000
0.0000000000000000
0.0000000000000000
0.0000000000000000
0.0000000000000000
0.0000000000000000
0.0000000000000000
0.0000000000000000
0.0000000000000000
0.0000000000000000
0.0000000000000000
0.0000000000000000
0.0000000000000000
0.0000000000000000
0.0000000000000000
0.0000000000000000
0.0000000000000000
0.0000000000000000
0.0000000000000000
0.0000000000000000
0.0000000000000000
0.0000000000000000
0.0000000000000000
0.0000000000000000
0.0000000000000000
0.0000000000000000
0.0000000000000000
0.0000000000000000
0.0000000000000000
0.0000000000000000
0.0000000000000000
0.0000000000000000
0.0000000000000000
0.0000000000000000
0.0000000000000000
0.0000000000000000
0.0000000000000000
0.0000000000000000
0.0000000000000000
0.0000000000000000
0.0000000000000000
0.0000000000000000
0.0000000000000000
0.0000000000000000
0.0000000000000000
0.0000000000000000
0.0000000000000000
0.0000000000000000
0.0000000000000000
0.0000000000000000
0.0000000000000000
0.0000000000000000
0.0000000000000000
0.0000000000000000
0.0000000000000000
0.0000000000000000
0.0000000000000000
0.0000000000000000
0.0000000000000000
0.0000000000000000
0.0000000000000000
0.0000000000000000
0.0000000000000000
0.0000000000000000
0.0000000000000000
0.0000000000000000
0.0000000000000000
0.0000000000000000
0.0000000000000000
0.0000000000000000
0.0000000000000000
0.0000000000000000
0.0000000000000000
0.0000000000000000
0.0000000000000000
0.0000000000000000
0.0000000000000000
0.0000000000000000
0.0000000000000000
0.0000000000000000
0.0000000000000000
0.0000000000000000
0.0000000000000000
0.0000000000000000
0.0000000000000000
0.0000000000000000
0.0000000000000000
0.0000000000000000
0.0000000000000000
0.0000000000000000
0.0000000000000000
0.0000000000000000
0.0000000000000000
0.0000000000000000
0.0000000000000000
0.0000000000000000
0.0000000000000000
0.0000000000000000
0.0000000000000000
0.0000000000000000
0.0000000000000000
0.0000000000000000
0.0000000000000000
0.0000000000000000
0.0000000000000000
0.0000000000000000
0.0000000000000000
0.0000000000000000
0.0000000000000000
0.0000000000000000
0.0000000000000000
0.0000000000000000
0.0000000000000000
0.0000000000000000
0.0000000000000000
0.0000000000000000
0.0000000000000000
0.0000000000000000
0.0000000000000000
0.0000000000000000
0.0000000000000000
0.0000000000000000
0.0000000000000000
0.0000000000000000
0.0000000000000000
0.0000000000000000
0.0000000000000000
0.0000000000000000
0.0000000000000000
0.0000000000000000
0.0000000000000000
0.0000000000000000
0.0000000000000000
0.0000000000000000
0.0000000000000000
0.0000000000000000
0.0000000000000000
0.0000000000000000
0.0000000000000000
0.0000000000000000
0.0000000000000000
0.0000000000000000
0.0000000000000000
0.0000000000000000
0.0000000000000000
0.0000000000000000
0.0000000000000000
0.0000000000000000
0.0000000000000000
0.0000000000000000
0.0000000000000000
0.0000000000000000
0.0000000000000000
0.0000000000000000
0.0000000000000000
0.0000000000000000
0.0000000000000000
0.0000000000000000
0.0000000000000000
0.0000000000000000
0.0000000000000000
0.0000000000000000
0.0000000000000000
0.0000000000000000
0.0000000000000000
0.0000000000000000
0.0000000000000000
0.0000000000000000
0.0000000000000000
0.0000000000000000
0.0000000000000000
0.0000000000000000
0.0000000000000000
0.0000000000000000
0.0000000000000000
0.0000000000000000
0.0000000000000000
0.0000000000000000
0.0000000000000000
0.0000000000000000
0.0000000000000000
0.0000000000000000
0.0000000000000000
0.0000000000000000
0.0000000000000000
0.0000000000000000
0.0000000000000000
0.0000000000000000
0.0000000000000000
0.0000000000000000
0.0000000000000000
0.0000000000000000
0.0000000000000000
0.0000000000000000
0.0000000000000000
0.0000000000000000
0.0000000000000000
0.0000000000000000
0.0000000000000000
0.0000000000000000
0.0000000000000000
0.0000000000000000
0.0000000000000000
0.0000000000000000
0.0000000000000000
0.0000000000000000
0.0000000000000000
0.0000000000000000
0.0000000000000000
0.0000000000000000
0.0000000000000000
0.0000000000000000
0.0000000000000000
0.0000000000000000
0.0000000000000000
0.0000000000000000
0.0000000000000000
0.0000000000000000
0.0000000000000000
0.0000000000000000
0.0000000000000000
0.0000000000000000
0.0000000000000000
0.0000000000000000
0.0000000000000000
0.0000000000000000
0.0000000000000000
0.0000000000000000
0.0000000000000000
0.0000000000000000
0.0000000000000000
0.0000000000000000
0.0000000000000000
0.0000000000000000
0.0000000000000000
0.0000000000000000
0.0000000000000000
0.0000000000000000
0.0000000000000000
0.0000000000000000
0.0000000000000000
0.0000000000000000
0.0000000000000000
0.0000000000000000
0.0000000000000000
0.0000000000000000
0.0000000000000000
0.0000000000000000
0.0000000000000000
0.0000000000000000
0.0000000000000000
0.0000000000000000
0.0000000000000000
0.0000000000000000
0.0000000000000000
0.0000000000000000
0.0000000000000000
0.0000000000000000
0.0000000000000000
0.0000000000000000
0.0000000000000000
0.0000000000000000
0.0000000000000000
0.0000000000000000
0.0000000000000000
0.0000000000000000
0.0000000000000000
0.0000000000000000
0.0000000000000000
0.0000000000000000
0.0000000000000000
0.0000000000000000
0.0000000000000000
0.0000000000000000
0.0000000000000000
0.0000000000000000
0.0000000000000000
0.0000000000000000
0.0000000000000000
0.0000000000000000
0.0000000000000000
0.0000000000000000
0.0000000000000000
0.0000000000000000
0.0000000000000000
0.0000000000000000
0.0000000000000000
0.0000000000000000
0.0000000000000000
0.0000000000000000
0.0000000000000000
0.0000000000000000
0.0000000000000000
0.0000000000000000
0.0000000000000000
0.0000000000000000
0.0000000000000000
0.0000000000000000
0.0000000000000000
0.0000000000000000
0.0000000000000000
0.0000000000000000
0.0000000000000000
0.0000000000000000
0.0000000000000000
0.0000000000000000
0.0000000000000000
0.0000000000000000
0.0000000000000000
0.0000000000000000
0.0000000000000000
0.0000000000000000
0.0000000000000000
0.0000000000000000
0.0000000000000000
0.0000000000000000
0.0000000000000000
0.0000000000000000
0.0000000000000000
0.0000000000000000
0.0000000000000000
0.0000000000000000
0.0000000000000000
0.0000000000000000
0.0000000000000000
0.0000000000000000
0.0000000000000000
0.0000000000000000
0.0000000000000000
0.0000000000000000
0.0000000000000000
0.0000000000000000
0.0000000000000000
0.0000000000000000
0.0000000000000000
0.0000000000000000
0.0000000000000000
0.0000000000000000
0.0000000000000000
0.0000000000000000
0.0000000000000000
0.0000000000000000
0.0000000000000000
0.0000000000000000
0.0000000000000000
0.0000000000000000
0.0000000000000000
0.0000000000000000
0.0000000000000000
0.0000000000000000
0.0000000000000000
0.0000000000000000
0.0000000000000000
0.0000000000000000
0.0000000000000000
0.0000000000000000
0.0000000000000000
0.0000000000000000
0.0000000000000000
0.0000000000000000
0.0000000000000000
0.0000000000000000
0.0000000000000000
0.0000000000000000
0.0000000000000000
0.0000000000000000
0.0000000000000000
0.0000000000000000
0.0000000000000000
0.0000000000000000
0.0000000000000000
0.0000000000000000
0.0000000000000000
0.0000000000000000
0.0000000000000000
0.0000000000000000
0.0000000000000000
0.0000000000000000
0.0000000000000000
0.0000000000000000
0.0000000000000000
0.0000000000000000
0.0000000000000000
0.0000000000000000
0.0000000000000000
0.0000000000000000
0.0000000000000000
0.0000000000000000
0.0000000000000000
0.0000000000000000
0.0000000000000000
0.0000000000000000
0.0000000000000000
0.0000000000000000
0.0000000000000000
0.0000000000000000
0.0000000000000000
0.0000000000000000
0.0000000000000000
0.0000000000000000
0.0000000000000000
0.0000000000000000
0.0000000000000000
0.0000000000000000
0.0000000000000000
0.0000000000000000
0.0000000000000000
0.0000000000000000
0.0000000000000000
0.0000000000000000
0.0000000000000000
0.0000000000000000
0.0000000000000000
0.0000000000000000
0.0000000000000000
0.0000000000000000
0.0000000000000000
0.0000000000000000
0.0000000000000000
0.0000000000000000
0.0000000000000000
0.0000000000000000
0.0000000000000000
0.0000000000000000
0.0000000000000000
0.0000000000000000
0.0000000000000000
0.0000000000000000
0.0000000000000000
0.0000000000000000
0.0000000000000000
0.0000000000000000
0.0000000000000000
0.0000000000000000
0.0000000000000000
0.0000000000000000
0.0000000000000000
0.0000000000000000
0.0000000000000000
0.0000000000000000
0.0000000000000000
0.0000000000000000
0.0000000000000000
0.0000000000000000
0.0000000000000000
0.0000000000000000
0.0000000000000000
0.0000000000000000
0.0000000000000000
0.0000000000000000
0.0000000000000000
0.0000000000000000
0.0000000000000000
0.0000000000000000
0.0000000000000000
0.0000000000000000
0.0000000000000000
0.0000000000000000
0.0000000000000000
0.0000000000000000
0.0000000000000000
0.0000000000000000
0.0000000000000000
0.0000000000000000
0.0000000000000000
0.0000000000000000
0.0000000000000000
0.0000000000000000
0.0000000000000000
0.0000000000000000
0.0000000000000000
0.0000000000000000
0.0000000000000000
0.0000000000000000
0.0000000000000000
0.0000000000000000
0.0000000000000000
0.0000000000000000
0.0000000000000000
0.0000000000000000
0.0000000000000000
0.0000000000000000
0.0000000000000000
0.0000000000000000
0.0000000000000000
0.0000000000000000
0.0000000000000000
0.0000000000000000
0.0000000000000000
0.0000000000000000
0.0000000000000000
0.0000000000000000
0.0000000000000000
0.0000000000000000
0.0000000000000000
0.0000000000000000
0.0000000000000000
0.0000000000000000
0.0000000000000000
0.0000000000000000
0.0000000000000000
0.0000000000000000
0.0000000000000000
0.0000000000000000
0.0000000000000000
0.0000000000000000
0.0000000000000000
0.0000000000000000
0.0000000000000000
0.0000000000000000
0.0000000000000000
0.0000000000000000
0.0000000000000000
0.0000000000000000
0.0000000000000000
0.0000000000000000
0.0000000000000000
0.0000000000000000
0.0000000000000000
0.0000000000000000
0.0000000000000000
0.0000000000000000
0.0000000000000000
0.0000000000000000
0.0000000000000000
0.0000000000000000
0.0000000000000000
0.0000000000000000
0.0000000000000000
0.0000000000000000
0.0000000000000000
0.0000000000000000
0.0000000000000000
0.0000000000000000
0.0000000000000000
0.0000000000000000
0.0000000000000000
0.0000000000000000
0.0000000000000000
0.0000000000000000
0.0000000000000000
0.0000000000000000
0.0000000000000000
0.0000000000000000
0.0000000000000000
0.0000000000000000
0.0000000000000000
0.0000000000000000
0.0000000000000000
0.0000000000000000
0.0000000000000000
0.0000000000000000
0.0000000000000000
0.0000000000000000
0.0000000000000000
0.0000000000000000
0.0000000000000000
0.0000000000000000
0.0000000000000000
0.0000000000000000
0.0000000000000000
0.0000000000000000
0.0000000000000000
0.0000000000000000
0.0000000000000000
0.0000000000000000
0.0000000000000000
0.0000000000000000
0.0000000000000000
0.0000000000000000
0.0000000000000000
0.0000000000000000
0.0000000000000000
0.0000000000000000
0.0000000000000000
0.0000000000000000
0.0000000000000000
0.0000000000000000
0.0000000000000000
0.0000000000000000
0.0000000000000000
0.0000000000000000
0.0000000000000000
0.0000000000000000
0.0000000000000000
0.0000000000000000
0.0000000000000000
0.0000000000000000
0.0000000000000000
0.0000000000000000
0.0000000000000000
0.0000000000000000
0.0000000000000000
0.0000000000000000
0.0000000000000000
0.0000000000000000
0.0000000000000000
0.0000000000000000
0.0000000000000000
0.0000000000000000
0.0000000000000000
0.0000000000000000
0.0000000000000000
0.0000000000000000
0.0000000000000000
0.0000000000000000
0.0000000000000000
0.0000000000000000
0.0000000000000000
0.0000000000000000
0.0000000000000000
0.0000000000000000
0.0000000000000000
0.0000000000000000
0.0000000000000000
0.0000000000000000
0.0000000000000000
0.0000000000000000
0.0000000000000000
0.0000000000000000
0.0000000000000000
0.0000000000000000
0.0000000000000000
0.0000000000000000
0.0000000000000000
0.0000000000000000
0.0000000000000000
0.0000000000000000
0.0000000000000000
0.0000000000000000
0.0000000000000000
0.0000000000000000
0.0000000000000000
0.0000000000000000
0.0000000000000000
0.0000000000000000
0.0000000000000000
0.0000000000000000
0.0000000000000000
0.0000000000000000
0.0000000000000000
0.0000000000000000
0.0000000000000000
0.0000000000000000
0.0000000000000000
0.0000000000000000
0.0000000000000000
0.0000000000000000
0.0000000000000000
0.0000000000000000
0.0000000000000000
0.0000000000000000
0.0000000000000000
0.0000000000000000
0.0000000000000000
0.0000000000000000
0.0000000000000000
0.0000000000000000
0.0000000000000000
0.0000000000000000
0.0000000000000000
0.0000000000000000
0.0000000000000000
0.0000000000000000
0.0000000000000000
0.0000000000000000
0.0000000000000000
0.0000000000000000
0.0000000000000000
0.0000000000000000
0.0000000000000000
0.0000000000000000
0.0000000000000000
0.0000000000000000
0.0000000000000000
0.0000000000000000
0.0000000000000000
0.0000000000000000
0.0000000000000000
0.0000000000000000
0.0000000000000000
0.0000000000000000
0.0000000000000000
0.0000000000000000
0.0000000000000000
0.0000000000000000
0.0000000000000000
0.0000000000000000
0.0000000000000000
0.0000000000000000
0.0000000000000000
0.0000000000000000
0.0000000000000000
0.0000000000000000
0.0000000000000000
0.0000000000000000
0.0000000000000000
0.0000000000000000
0.0000000000000000
0.0000000000000000
0.0000000000000000
0.0000000000000000
0.0000000000000000
0.0000000000000000
0.0000000000000000
0.0000000000000000
0.0000000000000000
0.0000000000000000
0.0000000000000000
0.0000000000000000
0.0000000000000000
0.0000000000000000
0.0000000000000000
0.0000000000000000
0.0000000000000000
0.0000000000000000
0.0000000000000000
0.0000000000000000
0.0000000000000000
0.0000000000000000
0.0000000000000000
0.0000000000000000
0.0000000000000000
0.0000000000000000
0.0000000000000000
0.0000000000000000
0.0000000000000000
0.0000000000000000
0.0000000000000000
0.0000000000000000
0.0000000000000000
0.0000000000000000
0.0000000000000000
0.0000000000000000
0.0000000000000000
0.0000000000000000
0.0000000000000000
0.0000000000000000
0.0000000000000000
0.0000000000000000
0.0000000000000000
0.0000000000000000
0.0000000000000000
0.0000000000000000
0.0000000000000000
0.0000000000000000
0.0000000000000000
0.0000000000000000
0.0000000000000000
0.0000000000000000
0.0000000000000000
0.0000000000000000
0.0000000000000000
0.0000000000000000
0.0000000000000000
0.0000000000000000
0.0000000000000000
0.0000000000000000
0.0000000000000000
0.0000000000000000
0.0000000000000000
0.0000000000000000
0.0000000000000000
0.0000000000000000
0.0000000000000000
0.0000000000000000
0.0000000000000000
0.0000000000000000
0.0000000000000000
0.0000000000000000
0.0000000000000000
0.0000000000000000
0.0000000000000000
0.0000000000000000
0.0000000000000000
0.0000000000000000
0.0000000000000000
0.0000000000000000
0.0000000000000000
0.0000000000000000
0.0000000000000000
0.0000000000000000
0.0000000000000000
0.0000000000000000
0.0000000000000000
0.0000000000000000
0.0000000000000000
0.0000000000000000
0.0000000000000000
0.0000000000000000
0.0000000000000000
0.0000000000000000
0.0000000000000000
0.0000000000000000
0.0000000000000000
0.0000000000000000
0.0000000000000000
0.0000000000000000
0.0000000000000000
0.0000000000000000
0.0000000000000000
0.0000000000000000
0.0000000000000000
0.0000000000000000
0.0000000000000000
0.0000000000000000
0.0000000000000000
0.0000000000000000
0.0000000000000000
0.0000000000000000
0.0000000000000000
0.0000000000000000
0.0000000000000000
0.0000000000000000
0.0000000000000000
0.0000000000000000
0.0000000000000000
0.0000000000000000
0.0000000000000000
0.0000000000000000
0.0000000000000000
0.0000000000000000
0.0000000000000000
0.0000000000000000
0.0000000000000000
0.0000000000000000
0.0000000000000000
0.0000000000000000
0.0000000000000000
0.0000000000000000
0.0000000000000000
0.0000000000000000
0.0000000000000000
0.0000000000000000
0.0000000000000000
0.0000000000000000
0.0000000000000000
0.0000000000000000
0.0000000000000000
0.0000000000000000
0.0000000000000000
0.0000000000000000
0.0000000000000000
0.0000000000000000
0.0000000000000000
0.0000000000000000
0.0000000000000000
0.0000000000000000
0.0000000000000000
0.0000000000000000
0.0000000000000000
0.0000000000000000
0.0000000000000000
0.0000000000000000
0.0000000000000000
0.0000000000000000
0.0000000000000000
0.0000000000000000
0.0000000000000000
0.0000000000000000
0.0000000000000000
0.0000000000000000
0.0000000000000000
0.0000000000000000
0.0000000000000000
0.0000000000000000
0.0000000000000000
0.0000000000000000
0.0000000000000000
0.0000000000000000
0.0000000000000000
0.0000000000000000
0.0000000000000000
0.0000000000000000
0.0000000000000000
0.0000000000000000
0.0000000000000000
0.0000000000000000
0.0000000000000000
0.0000000000000000
0.0000000000000000
0.0000000000000000
0.0000000000000000
0.0000000000000000
0.0000000000000000
0.0000000000000000
0.0000000000000000
0.0000000000000000
0.0000000000000000
0.0000000000000000
0.0000000000000000
0.0000000000000000
0.0000000000000000
0.0000000000000000
0.0000000000000000
0.0000000000000000
0.0000000000000000
0.0000000000000000
0.0000000000000000
0.0000000000000000
0.0000000000000000
0.0000000000000000
0.0000000000000000
0.0000000000000000
0.0000000000000000
0.0000000000000000
0.0000000000000000
0.0000000000000000
0.0000000000000000
0.0000000000000000
0.0000000000000000
0.0000000000000000
0.0000000000000000
0.0000000000000000
0.0000000000000000
0.0000000000000000
0.0000000000000000
0.0000000000000000
0.0000000000000000
0.0000000000000000
0.0000000000000000
0.0000000000000000
0.0000000000000000
0.0000000000000000
0.0000000000000000
0.0000000000000000
0.0000000000000000
0.0000000000000000
0.0000000000000000
0.0000000000000000
0.0000000000000000
0.0000000000000000
0.0000000000000000
0.0000000000000000
0.0000000000000000
0.0000000000000000
0.0000000000000000
0.0000000000000000
0.0000000000000000
0.0000000000000000
0.0000000000000000
0.0000000000000000
0.0000000000000000
0.0000000000000000
0.0000000000000000
0.0000000000000000
0.0000000000000000
0.0000000000000000
0.0000000000000000
0.0000000000000000
0.0000000000000000
0.0000000000000000
0.0000000000000000
0.0000000000000000
0.0000000000000000
0.0000000000000000
0.0000000000000000
0.0000000000000000
0.0000000000000000
0.0000000000000000
0.0000000000000000
0.0000000000000000
0.0000000000000000
0.0000000000000000
0.0000000000000000
0.0000000000000000
0.0000000000000000
0.0000000000000000
0.0000000000000000
0.0000000000000000
0.0000000000000000
0.0000000000000000
0.0000000000000000
0.0000000000000000
0.0000000000000000
0.0000000000000000
0.0000000000000000
0.0000000000000000
0.0000000000000000
0.0000000000000000
0.0000000000000000
0.0000000000000000
0.0000000000000000
0.0000000000000000
0.0000000000000000
0.0000000000000000
0.0000000000000000
0.0000000000000000
0.0000000000000000
0.0000000000000000
0.0000000000000000
0.0000000000000000
0.0000000000000000
0.0000000000000000
0.0000000000000000
0.0000000000000000
0.0000000000000000
0.0000000000000000
0.0000000000000000
0.0000000000000000
0.0000000000000000
0.0000000000000000
0.0000000000000000
0.0000000000000000
0.0000000000000000
0.0000000000000000
0.0000000000000000
0.0000000000000000
0.0000000000000000
0.0000000000000000
0.0000000000000000
0.0000000000000000
0.0000000000000000
0.0000000000000000
0.0000000000000000
0.0000000000000000
0.0000000000000000
0.0000000000000000
0.0000000000000000
0.0000000000000000
0.0000000000000000
0.0000000000000000
0.0000000000000000
0.0000000000000000
0.0000000000000000
0.0000000000000000
0.0000000000000000
0.0000000000000000
0.0000000000000000
0.0000000000000000
0.0000000000000000
0.0000000000000000
0.0000000000000000
0.0000000000000000
0.0000000000000000
0.0000000000000000
0.0000000000000000
0.0000000000000000
0.0000000000000000
0.0000000000000000
0.0000000000000000
0.0000000000000000
0.0000000000000000
0.0000000000000000
0.0000000000000000
0.0000000000000000
0.0000000000000000
0.0000000000000000
0.0000000000000000
0.0000000000000000
0.0000000000000000
0.0000000000000000
0.0000000000000000
0.0000000000000000
0.0000000000000000
0.0000000000000000
0.0000000000000000
0.0000000000000000
0.0000000000000000
0.0000000000000000
0.0000000000000000
0.0000000000000000
0.0000000000000000
0.0000000000000000
0.0000000000000000
0.0000000000000000
0.0000000000000000
0.0000000000000000
0.0000000000000000
0.0000000000000000
0.0000000000000000
0.0000000000000000
0.0000000000000000
0.0000000000000000
0.0000000000000000
0.0000000000000000
0.0000000000000000
0.0000000000000000
0.0000000000000000
0.0000000000000000
0.0000000000000000
0.0000000000000000
0.0000000000000000
0.0000000000000000
0.0000000000000000
0.0000000000000000
0.0000000000000000
0.0000000000000000
0.0000000000000000
0.0000000000000000
0.0000000000000000
0.0000000000000000
0.0000000000000000
0.0000000000000000
0.0000000000000000
0.0000000000000000
0.0000000000000000
0.0000000000000000
0.0000000000000000
0.0000000000000000
0.0000000000000000
0.0000000000000000
0.0000000000000000
0.0000000000000000
0.0000000000000000
0.0000000000000000
0.0000000000000000
0.0000000000000000
0.0000000000000000
0.0000000000000000
0.0000000000000000
0.0000000000000000
0.0000000000000000
0.0000000000000000
0.0000000000000000
0.0000000000000000
0.0000000000000000
0.0000000000000000
0.0000000000000000
0.0000000000000000
0.0000000000000000
0.0000000000000000
0.0000000000000000
0.0000000000000000
0.0000000000000000
0.0000000000000000
0.0000000000000000
0.0000000000000000
0.0000000000000000
0.0000000000000000
0.0000000000000000
0.0000000000000000
0.0000000000000000
0.0000000000000000
0.0000000000000000
0.0000000000000000
0.0000000000000000
0.0000000000000000
0.0000000000000000
0.0000000000000000
0.0000000000000000
0.0000000000000000
0.0000000000000000
0.0000000000000000
0.0000000000000000
0.0000000000000000
0.0000000000000000
0.0000000000000000
0.0000000000000000
0.0000000000000000
0.0000000000000000
0.0000000000000000
0.0000000000000000
0.0000000000000000
0.0000000000000000
0.0000000000000000
0.0000000000000000
0.0000000000000000
0.0000000000000000
0.0000000000000000
0.0000000000000000
0.0000000000000000
0.0000000000000000
0.0000000000000000
0.0000000000000000
0.0000000000000000
0.0000000000000000
0.0000000000000000
0.0000000000000000
0.0000000000000000
0.0000000000000000
0.0000000000000000
0.0000000000000000
0.0000000000000000
0.0000000000000000
0.0000000000000000
0.0000000000000000
0.0000000000000000
0.0000000000000000
0.0000000000000000
0.0000000000000000
0.0000000000000000
0.0000000000000000
0.0000000000000000
0.0000000000000000
0.0000000000000000
0.0000000000000000
0.0000000000000000
0.0000000000000000
0.0000000000000000
0.0000000000000000
0.0000000000000000
0.0000000000000000
0.0000000000000000
0.0000000000000000
0.0000000000000000
0.0000000000000000
0.0000000000000000
0.0000000000000000
0.0000000000000000
0.0000000000000000
0.0000000000000000
0.0000000000000000
0.0000000000000000
0.0000000000000000
0.0000000000000000
0.0000000000000000
0.0000000000000000
0.0000000000000000
0.0000000000000000
0.0000000000000000
0.0000000000000000
0.0000000000000000
0.0000000000000000
0.0000000000000000
0.0000000000000000
0.0000000000000000
0.0000000000000000
0.0000000000000000
0.0000000000000000
0.0000000000000000
0.0000000000000000
0.0000000000000000
0.0000000000000000
0.0000000000000000
0.0000000000000000
0.0000000000000000
0.0000000000000000
0.0000000000000000
0.0000000000000000
0.0000000000000000
0.0000000000000000
0.0000000000000000
0.0000000000000000
0.0000000000000000
0.0000000000000000
0.0000000000000000
0.0000000000000000
0.0000000000000000
0.0000000000000000
0.0000000000000000
0.0000000000000000
0.0000000000000000
0.0000000000000000
0.0000000000000000
0.0000000000000000
0.0000000000000000
0.0000000000000000
0.0000000000000000
0.0000000000000000
0.0000000000000000
0.0000000000000000
0.0000000000000000
0.0000000000000000
0.0000000000000000
0.0000000000000000
0.0000000000000000
0.0000000000000000
0.0000000000000000
0.0000000000000000
0.0000000000000000
0.0000000000000000
0.0000000000000000
0.0000000000000000
0.0000000000000000
0.0000000000000000
0.0000000000000000
0.0000000000000000
0.0000000000000000
0.0000000000000000
0.0000000000000000
0.0000000000000000
0.0000000000000000
0.0000000000000000
0.0000000000000000
0.0000000000000000
0.0000000000000000
0.0000000000000000
0.0000000000000000
0.0000000000000000
0.0000000000000000
0.0000000000000000
0.0000000000000000
0.0000000000000000
0.0000000000000000
0.0000000000000000
0.0000000000000000
0.0000000000000000
0.0000000000000000
0.0000000000000000
0.0000000000000000
0.0000000000000000
0.0000000000000000
0.0000000000000000
0.0000000000000000
0.0000000000000000
0.0000000000000000
0.0000000000000000
0.0000000000000000
0.0000000000000000
0.0000000000000000
0.0000000000000000
0.0000000000000000
0.0000000000000000
0.0000000000000000
0.0000000000000000
0.0000000000000000
0.0000000000000000
0.0000000000000000
0.0000000000000000
0.0000000000000000
0.0000000000000000
0.0000000000000000
0.0000000000000000
0.0000000000000000
0.0000000000000000
0.0000000000000000
0.0000000000000000
0.0000000000000000
0.0000000000000000
0.0000000000000000
0.0000000000000000
0.0000000000000000
0.0000000000000000
0.0000000000000000
0.0000000000000000
0.0000000000000000
0.0000000000000000
0.0000000000000000
0.0000000000000000
0.0000000000000000
0.0000000000000000
0.0000000000000000
0.0000000000000000
0.0000000000000000
0.0000000000000000
0.0000000000000000
0.0000000000000000
0.0000000000000000
0.0000000000000000
0.0000000000000000
0.0000000000000000
0.0000000000000000
0.0000000000000000
0.0000000000000000
0.0000000000000000
0.0000000000000000
0.0000000000000000
0.0000000000000000
0.0000000000000000
0.0000000000000000
0.0000000000000000
0.0000000000000000
0.0000000000000000
0.0000000000000000
0.0000000000000000
0.0000000000000000
0.0000000000000000
0.0000000000000000
0.0000000000000000
0.0000000000000000
0.0000000000000000
0.0000000000000000
0.0000000000000000
0.0000000000000000
0.0000000000000000
0.0000000000000000
0.0000000000000000
0.0000000000000000
0.0000000000000000
0.0000000000000000
0.0000000000000000
0.0000000000000000
0.0000000000000000
0.0000000000000000
0.0000000000000000
0.0000000000000000
0.0000000000000000
0.0000000000000000
0.0000000000000000
0.0000000000000000
0.0000000000000000
0.0000000000000000
0.0000000000000000
0.0000000000000000
0.0000000000000000
0.0000000000000000
0.0000000000000000
0.0000000000000000
0.0000000000000000
0.0000000000000000
0.0000000000000000
0.0000000000000000
0.0000000000000000
0.0000000000000000
0.0000000000000000
0.0000000000000000
0.0000000000000000
0.0000000000000000
0.0000000000000000
0.0000000000000000
0.0000000000000000
0.0000000000000000
0.0000000000000000
0.0000000000000000
0.0000000000000000
0.0000000000000000
0.0000000000000000
0.0000000000000000
0.0000000000000000
0.0000000000000000
0.0000000000000000
0.0000000000000000
0.0000000000000000
0.0000000000000000
0.0000000000000000
0.0000000000000000
0.0000000000000000
0.0000000000000000
0.0000000000000000
0.0000000000000000
0.0000000000000000
0.0000000000000000
0.0000000000000000
0.0000000000000000
0.0000000000000000
0.0000000000000000
0.0000000000000000
0.0000000000000000
0.0000000000000000
0.0000000000000000
0.0000000000000000
0.0000000000000000
0.0000000000000000
0.0000000000000000
0.0000000000000000
0.0000000000000000
0.0000000000000000
0.0000000000000000
0.0000000000000000
0.0000000000000000
0.0000000000000000
0.0000000000000000
0.0000000000000000
0.0000000000000000
0.0000000000000000
0.0000000000000000
0.0000000000000000
0.0000000000000000
0.0000000000000000
0.0000000000000000
0.0000000000000000
0.0000000000000000
0.0000000000000000
0.0000000000000000
0.0000000000000000
0.0000000000000000
0.0000000000000000
0.0000000000000000
0.0000000000000000
0.0000000000000000
0.0000000000000000
0.0000000000000000
0.0000000000000000
0.0000000000000000
0.0000000000000000
0.0000000000000000
0.0000000000000000
0.0000000000000000
0.0000000000000000
0.0000000000000000
0.0000000000000000
0.0000000000000000
0.0000000000000000
0.0000000000000000
0.0000000000000000
0.0000000000000000
0.0000000000000000
0.0000000000000000
0.0000000000000000
0.0000000000000000
0.0000000000000000
0.0000000000000000
0.0000000000000000
0.0000000000000000
0.0000000000000000
0.0000000000000000
0.0000000000000000
0.0000000000000000
0.0000000000000000
0.0000000000000000
0.0000000000000000
0.0000000000000000
0.0000000000000000
0.0000000000000000
0.0000000000000000
0.0000000000000000
0.0000000000000000
0.0000000000000000
0.0000000000000000
0.0000000000000000
0.0000000000000000
0.0000000000000000
0.0000000000000000
0.0000000000000000
0.0000000000000000
0.0000000000000000
0.0000000000000000
0.0000000000000000
0.0000000000000000
0.0000000000000000
0.0000000000000000
0.0000000000000000
0.0000000000000000
0.0000000000000000
0.0000000000000000
0.0000000000000000
0.0000000000000000
0.0000000000000000
0.0000000000000000
0.0000000000000000
0.0000000000000000
0.0000000000000000
0.0000000000000000
0.0000000000000000
0.0000000000000000
0.0000000000000000
0.0000000000000000
0.0000000000000000
0.0000000000000000
0.0000000000000000
0.0000000000000000
0.0000000000000000
0.0000000000000000
0.0000000000000000
0.0000000000000000
0.0000000000000000
0.0000000000000000
0.0000000000000000
0.0000000000000000
0.0000000000000000
0.0000000000000000
0.0000000000000000
0.0000000000000000
0.0000000000000000
0.0000000000000000
0.0000000000000000
0.0000000000000000
0.0000000000000000
0.0000000000000000
0.0000000000000000
0.0000000000000000
0.0000000000000000
0.0000000000000000
0.0000000000000000
0.0000000000000000
0.0000000000000000
0.0000000000000000
0.0000000000000000
0.0000000000000000
0.0000000000000000
0.0000000000000000
0.0000000000000000
0.0000000000000000
0.0000000000000000
0.0000000000000000
0.0000000000000000
0.0000000000000000
0.0000000000000000
0.0000000000000000
0.0000000000000000
0.0000000000000000
0.0000000000000000
0.0000000000000000
0.0000000000000000
0.0000000000000000
0.0000000000000000
0.0000000000000000
0.0000000000000000
0.0000000000000000
0.0000000000000000
0.0000000000000000
0.0000000000000000
0.0000000000000000
0.0000000000000000
0.0000000000000000
0.0000000000000000
0.0000000000000000
0.0000000000000000
0.0000000000000000
0.0000000000000000
0.0000000000000000
0.0000000000000000
0.0000000000000000
0.0000000000000000
0.0000000000000000
0.0000000000000000
0.0000000000000000
0.0000000000000000
0.0000000000000000
0.0000000000000000
0.0000000000000000
0.0000000000000000
0.0000000000000000
0.0000000000000000
0.0000000000000000
0.0000000000000000
0.0000000000000000
0.0000000000000000
0.0000000000000000
0.0000000000000000
0.0000000000000000
0.0000000000000000
0.0000000000000000
0.0000000000000000
0.0000000000000000
0.0000000000000000
0.0000000000000000
0.0000000000000000
0.0000000000000000
0.0000000000000000
0.0000000000000000
0.0000000000000000
0.0000000000000000
0.0000000000000000
0.0000000000000000
0.0000000000000000
0.0000000000000000
0.0000000000000000
0.0000000000000000
0.0000000000000000
0.0000000000000000
0.0000000000000000
0.0000000000000000
0.0000000000000000
0.0000000000000000
0.0000000000000000
0.0000000000000000
0.0000000000000000
0.0000000000000000
0.0000000000000000
0.0000000000000000
0.0000000000000000
0.0000000000000000
0.0000000000000000
0.0000000000000000
0.0000000000000000
0.0000000000000000
0.0000000000000000
0.0000000000000000
0.0000000000000000
0.0000000000000000
0.0000000000000000
0.0000000000000000
0.0000000000000000
0.0000000000000000
0.0000000000000000
0.0000000000000000
0.0000000000000000
0.0000000000000000
0.0000000000000000
0.0000000000000000
0.0000000000000000
0.0000000000000000
0.0000000000000000
0.0000000000000000
0.0000000000000000
0.0000000000000000
0.0000000000000000
0.0000000000000000
0.0000000000000000
0.0000000000000000
0.0000000000000000
0.0000000000000000
0.0000000000000000
0.0000000000000000
0.0000000000000000
0.0000000000000000
0.0000000000000000
0.0000000000000000
0.0000000000000000
0.0000000000000000
0.0000000000000000
0.0000000000000000
0.0000000000000000
0.0000000000000000
0.0000000000000000
0.0000000000000000
0.0000000000000000
0.0000000000000000
0.0000000000000000
0.0000000000000000
0.0000000000000000
0.0000000000000000
0.0000000000000000
0.0000000000000000
0.0000000000000000
0.0000000000000000
0.0000000000000000
0.0000000000000000
0.0000000000000000
0.0000000000000000
0.0000000000000000
0.0000000000000000
0.0000000000000000
0.0000000000000000
0.0000000000000000
0.0000000000000000
0.0000000000000000
0.0000000000000000
0.0000000000000000
0.0000000000000000
0.0000000000000000
0.0000000000000000
0.0000000000000000
0.0000000000000000
0.0000000000000000
0.0000000000000000
0.0000000000000000
0.0000000000000000
0.0000000000000000
0.0000000000000000
0.0000000000000000
0.0000000000000000
0.0000000000000000
0.0000000000000000
0.0000000000000000
0.0000000000000000
0.0000000000000000
0.0000000000000000
0.0000000000000000
0.0000000000000000
0.0000000000000000
0.0000000000000000
0.0000000000000000
0.0000000000000000
0.0000000000000000
0.0000000000000000
0.0000000000000000
0.0000000000000000
0.0000000000000000
0.0000000000000000
0.0000000000000000
0.0000000000000000
0.0000000000000000
0.0000000000000000
0.0000000000000000
0.0000000000000000
0.0000000000000000
0.0000000000000000
0.0000000000000000
0.0000000000000000
0.0000000000000000
0.0000000000000000
0.0000000000000000
0.0000000000000000
0.0000000000000000
0.0000000000000000
0.0000000000000000
0.0000000000000000
0.0000000000000000
0.0000000000000000
0.0000000000000000
0.0000000000000000
0.0000000000000000
0.0000000000000000
0.0000000000000000
0.0000000000000000
0.0000000000000000
0.0000000000000000
0.0000000000000000
0.0000000000000000
0.0000000000000000
0.0000000000000000
0.0000000000000000
0.0000000000000000
0.0000000000000000
0.0000000000000000
0.0000000000000000
0.0000000000000000
0.0000000000000000
0.0000000000000000
0.0000000000000000
0.0000000000000000
0.0000000000000000
0.0000000000000000
0.0000000000000000
0.0000000000000000
0.0000000000000000
0.0000000000000000
0.0000000000000000
0.0000000000000000
0.0000000000000000
0.0000000000000000
0.0000000000000000
0.0000000000000000
0.0000000000000000
0.0000000000000000
0.0000000000000000
0.0000000000000000
0.0000000000000000
0.0000000000000000
0.0000000000000000
0.0000000000000000
0.0000000000000000
0.0000000000000000
0.0000000000000000
0.0000000000000000
0.0000000000000000
0.0000000000000000
0.0000000000000000
0.0000000000000000
0.0000000000000000
0.0000000000000000
0.0000000000000000
0.0000000000000000
0.0000000000000000
0.0000000000000000
0.0000000000000000
0.0000000000000000
0.0000000000000000
0.0000000000000000
0.0000000000000000
0.0000000000000000
0.0000000000000000
0.0000000000000000
0.0000000000000000
0.0000000000000000
0.0000000000000000
0.0000000000000000
0.0000000000000000
0.0000000000000000
0.0000000000000000
0.0000000000000000
0.0000000000000000
0.0000000000000000
0.0000000000000000
0.0000000000000000
0.0000000000000000
0.0000000000000000
0.0000000000000000
0.0000000000000000
0.0000000000000000
0.0000000000000000
0.0000000000000000
0.0000000000000000
0.0000000000000000
0.0000000000000000
0.0000000000000000
0.0000000000000000
0.0000000000000000
0.0000000000000000
0.0000000000000000
0.0000000000000000
0.0000000000000000
0.0000000000000000
0.0000000000000000
0.0000000000000000
0.0000000000000000
0.0000000000000000
0.0000000000000000
0.0000000000000000
0.0000000000000000
0.0000000000000000
0.0000000000000000
0.0000000000000000
0.0000000000000000
0.0000000000000000
0.0000000000000000
0.0000000000000000
0.0000000000000000
0.0000000000000000
0.0000000000000000
0.0000000000000000
0.0000000000000000
0.0000000000000000
0.0000000000000000
0.0000000000000000
0.0000000000000000
0.0000000000000000
0.0000000000000000
0.0000000000000000
0.0000000000000000
0.0000000000000000
0.0000000000000000
0.0000000000000000
0.0000000000000000
0.0000000000000000
0.0000000000000000
0.0000000000000000
0.0000000000000000
0.0000000000000000
0.0000000000000000
0.0000000000000000
0.0000000000000000
0.0000000000000000
0.0000000000000000
0.0000000000000000
0.0000000000000000
0.0000000000000000
0.0000000000000000
0.0000000000000000
0.0000000000000000
0.0000000000000000
0.0000000000000000
0.0000000000000000
0.0000000000000000
0.0000000000000000
0.0000000000000000
0.0000000000000000
0.0000000000000000
0.0000000000000000
0.0000000000000000
0.0000000000000000
0.0000000000000000
0.0000000000000000
0.0000000000000000
0.0000000000000000
0.0000000000000000
0.0000000000000000
0.0000000000000000
0.0000000000000000
0.0000000000000000
0.0000000000000000
0.0000000000000000
0.0000000000000000
0.0000000000000000
0.0000000000000000
0.0000000000000000
0.0000000000000000
0.0000000000000000
0.0000000000000000
0.0000000000000000
0.0000000000000000
0.0000000000000000
0.0000000000000000
0.0000000000000000
0.0000000000000000
0.0000000000000000
0.0000000000000000
0.0000000000000000
0.0000000000000000
0.0000000000000000
0.0000000000000000
0.0000000000000000
0.0000000000000000
0.0000000000000000
0.0000000000000000
0.0000000000000000
0.0000000000000000
0.0000000000000000
0.0000000000000000
0.0000000000000000
0.0000000000000000
0.0000000000000000
0.0000000000000000
0.0000000000000000
0.0000000000000000
0.0000000000000000
0.0000000000000000
0.0000000000000000
0.0000000000000000
0.0000000000000000
0.0000000000000000
0.0000000000000000
0.0000000000000000
0.0000000000000000
0.0000000000000000
0.0000000000000000
0.0000000000000000
0.0000000000000000
0.0000000000000000
0.0000000000000000
0.0000000000000000
0.0000000000000000
0.0000000000000000
0.0000000000000000
0.0000000000000000
0.0000000000000000
0.0000000000000000
0.0000000000000000
0.0000000000000000
0.0000000000000000
0.0000000000000000
0.0000000000000000
0.0000000000000000
0.0000000000000000
0.0000000000000000
0.0000000000000000
0.0000000000000000
0.0000000000000000
0.0000000000000000
0.0000000000000000
0.0000000000000000
0.0000000000000000
0.0000000000000000
0.0000000000000000
0.0000000000000000
0.0000000000000000
0.0000000000000000
0.0000000000000000
0.0000000000000000
0.0000000000000000
0.0000000000000000
0.0000000000000000
0.0000000000000000
0.0000000000000000
0.0000000000000000
0.0000000000000000
0.0000000000000000
0.0000000000000000
0.0000000000000000
0.0000000000000000
0.0000000000000000
0.0000000000000000
0.0000000000000000
0.0000000000000000
0.0000000000000000
0.0000000000000000
0.0000000000000000
0.0000000000000000
0.0000000000000000
0.0000000000000000
0.0000000000000000
0.0000000000000000
0.0000000000000000
0.0000000000000000
0.0000000000000000
0.0000000000000000
0.0000000000000000
0.0000000000000000
0.0000000000000000
0.0000000000000000
0.0000000000000000
0.0000000000000000
0.0000000000000000
0.0000000000000000
0.0000000000000000
0.0000000000000000
0.0000000000000000
0.0000000000000000
0.0000000000000000
0.0000000000000000
0.0000000000000000
0.0000000000000000
0.0000000000000000
0.0000000000000000
0.0000000000000000
0.0000000000000000
0.0000000000000000
0.0000000000000000
0.0000000000000000
0.0000000000000000
0.0000000000000000
0.0000000000000000
0.0000000000000000
0.0000000000000000
0.0000000000000000
0.0000000000000000
0.0000000000000000
0.0000000000000000
0.0000000000000000
0.0000000000000000
0.0000000000000000
0.0000000000000000
0.0000000000000000
0.0000000000000000
0.0000000000000000
0.0000000000000000
0.0000000000000000
0.0000000000000000
0.0000000000000000
0.0000000000000000
0.0000000000000000
0.0000000000000000
0.0000000000000000
0.0000000000000000
0.0000000000000000
0.0000000000000000
0.0000000000000000
0.0000000000000000
0.0000000000000000
0.0000000000000000
0.0000000000000000
0.0000000000000000
0.0000000000000000
0.0000000000000000
0.0000000000000000
0.0000000000000000
0.0000000000000000
0.0000000000000000
0.0000000000000000
0.0000000000000000
0.0000000000000000
0.0000000000000000
0.0000000000000000
0.0000000000000000
0.0000000000000000
0.0000000000000000
0.0000000000000000
0.0000000000000000
0.0000000000000000
0.0000000000000000
0.0000000000000000
0.0000000000000000
0.0000000000000000
0.0000000000000000
0.0000000000000000
0.0000000000000000
0.0000000000000000
0.0000000000000000
0.0000000000000000
0.0000000000000000
0.0000000000000000
0.0000000000000000
0.0000000000000000
0.0000000000000000
0.0000000000000000
0.0000000000000000
0.0000000000000000
0.0000000000000000
0.0000000000000000
0.0000000000000000
0.0000000000000000
0.0000000000000000
0.0000000000000000
0.0000000000000000
0.0000000000000000
0.0000000000000000
0.0000000000000000
0.0000000000000000
0.0000000000000000
0.0000000000000000
0.0000000000000000
0.0000000000000000
0.0000000000000000
0.0000000000000000
0.0000000000000000
0.0000000000000000
0.0000000000000000
0.0000000000000000
0.0000000000000000
0.0000000000000000
0.0000000000000000
0.0000000000000000
0.0000000000000000
0.0000000000000000
0.0000000000000000
0.0000000000000000
0.0000000000000000
0.0000000000000000
0.0000000000000000
0.0000000000000000
0.0000000000000000
0.0000000000000000
0.0000000000000000
0.0000000000000000
0.0000000000000000
0.0000000000000000
0.0000000000000000
0.0000000000000000
0.0000000000000000
0.0000000000000000
0.0000000000000000
0.0000000000000000
0.0000000000000000
0.0000000000000000
0.0000000000000000
0.0000000000000000
0.0000000000000000
0.0000000000000000
0.0000000000000000
0.0000000000000000
0.0000000000000000
0.0000000000000000
0.0000000000000000
0.0000000000000000
0.0000000000000000
0.0000000000000000
0.0000000000000000
0.0000000000000000
0.0000000000000000
0.0000000000000000
0.0000000000000000
0.0000000000000000
0.0000000000000000
0.0000000000000000
0.0000000000000000
0.0000000000000000
0.0000000000000000
0.0000000000000000
0.0000000000000000
0.0000000000000000
0.0000000000000000
0.0000000000000000
0.0000000000000000
0.0000000000000000
0.0000000000000000
0.0000000000000000
0.0000000000000000
0.0000000000000000
0.0000000000000000
0.0000000000000000
0.0000000000000000
0.0000000000000000
0.0000000000000000
0.0000000000000000
0.0000000000000000
0.0000000000000000
0.0000000000000000
0.0000000000000000
0.0000000000000000
0.0000000000000000
0.0000000000000000
0.0000000000000000
0.0000000000000000
0.0000000000000000
0.0000000000000000
0.0000000000000000
0.0000000000000000
0.0000000000000000
0.0000000000000000
0.0000000000000000
0.0000000000000000
0.0000000000000000
0.0000000000000000
0.0000000000000000
0.0000000000000000
0.0000000000000000
0.0000000000000000
0.0000000000000000
0.0000000000000000
0.0000000000000000
0.0000000000000000
0.0000000000000000
0.0000000000000000
0.0000000000000000
0.0000000000000000
0.0000000000000000
0.0000000000000000
0.0000000000000000
0.0000000000000000
0.0000000000000000
0.0000000000000000
0.0000000000000000
0.0000000000000000
0.0000000000000000
0.0000000000000000
0.0000000000000000
0.0000000000000000
0.0000000000000000
0.0000000000000000
0.0000000000000000
0.0000000000000000
0.0000000000000000
0.0000000000000000
0.0000000000000000
0.0000000000000000
0.0000000000000000
0.0000000000000000
0.0000000000000000
0.0000000000000000
0.0000000000000000
0.0000000000000000
0.0000000000000000
0.0000000000000000
0.0000000000000000
0.0000000000000000
0.0000000000000000
0.0000000000000000
0.0000000000000000
0.0000000000000000
0.0000000000000000
0.0000000000000000
0.0000000000000000
0.0000000000000000
0.0000000000000000
0.0000000000000000
0.0000000000000000
0.0000000000000000
0.0000000000000000
0.0000000000000000
0.0000000000000000
0.0000000000000000
0.0000000000000000
0.0000000000000000
0.0000000000000000
0.0000000000000000
0.0000000000000000
0.0000000000000000
0.0000000000000000
0.0000000000000000
0.0000000000000000
0.0000000000000000
0.0000000000000000
0.0000000000000000
0.0000000000000000
0.0000000000000000
0.0000000000000000
0.0000000000000000
0.0000000000000000
0.0000000000000000
0.0000000000000000
0.0000000000000000
0.0000000000000000
0.0000000000000000
0.0000000000000000
0.0000000000000000
0.0000000000000000
0.0000000000000000
0.0000000000000000
0.0000000000000000
0.0000000000000000
0.0000000000000000
0.0000000000000000
0.0000000000000000
0.0000000000000000
0.0000000000000000
0.0000000000000000
0.0000000000000000
0.0000000000000000
0.0000000000000000
0.0000000000000000
0.0000000000000000
0.0000000000000000
0.0000000000000000
0.0000000000000000
0.0000000000000000
0.0000000000000000
0.0000000000000000
0.0000000000000000
0.0000000000000000
0.0000000000000000
0.0000000000000000
0.0000000000000000
0.0000000000000000
0.0000000000000000
0.0000000000000000
0.0000000000000000
0.0000000000000000
0.0000000000000000
0.0000000000000000
0.0000000000000000
0.0000000000000000
0.0000000000000000
0.0000000000000000
0.0000000000000000
0.0000000000000000
0.0000000000000000
0.0000000000000000
0.0000000000000000
0.0000000000000000
0.0000000000000000
0.0000000000000000
0.0000000000000000
0.0000000000000000
0.0000000000000000
0.0000000000000000
0.0000000000000000
0.0000000000000000
0.0000000000000000
0.0000000000000000
0.0000000000000000
0.0000000000000000
0.0000000000000000
0.0000000000000000
0.0000000000000000
0.0000000000000000
0.0000000000000000
0.0000000000000000
0.0000000000000000
0.0000000000000000
0.0000000000000000
0.0000000000000000
0.0000000000000000
0.0000000000000000
0.0000000000000000
0.0000000000000000
0.0000000000000000
0.0000000000000000
0.0000000000000000
0.0000000000000000
0.0000000000000000
0.0000000000000000
0.0000000000000000
0.0000000000000000
0.0000000000000000
0.0000000000000000
0.0000000000000000
0.0000000000000000
0.0000000000000000
0.0000000000000000
0.0000000000000000
0.0000000000000000
0.0000000000000000
0.0000000000000000
0.0000000000000000
0.0000000000000000
0.0000000000000000
0.0000000000000000
0.0000000000000000
0.0000000000000000
0.0000000000000000
0.0000000000000000
0.0000000000000000
0.0000000000000000
0.0000000000000000
0.0000000000000000
0.0000000000000000
0.0000000000000000
0.0000000000000000
0.0000000000000000
0.0000000000000000
0.0000000000000000
0.0000000000000000
0.0000000000000000
0.0000000000000000
0.0000000000000000
0.0000000000000000
0.0000000000000000
0.0000000000000000
0.0000000000000000
0.0000000000000000
0.0000000000000000
0.0000000000000000
0.0000000000000000
0.0000000000000000
0.0000000000000000
0.0000000000000000
0.0000000000000000
0.0000000000000000
0.0000000000000000
0.0000000000000000
0.0000000000000000
0.0000000000000000
0.0000000000000000
0.0000000000000000
0.0000000000000000
0.0000000000000000
0.0000000000000000
0.0000000000000000
0.0000000000000000
0.0000000000000000
0.0000000000000000
0.0000000000000000
0.0000000000000000
0.0000000000000000
0.0000000000000000
0.0000000000000000
0.0000000000000000
0.0000000000000000
0.0000000000000000
0.0000000000000000
0.0000000000000000
0.0000000000000000
0.0000000000000000
0.0000000000000000
0.0000000000000000
0.0000000000000000
0.0000000000000000
0.0000000000000000
0.0000000000000000
0.0000000000000000
0.0000000000000000
0.0000000000000000
0.0000000000000000
0.0000000000000000
0.0000000000000000
0.0000000000000000
0.0000000000000000
0.0000000000000000
0.0000000000000000
0.0000000000000000
0.0000000000000000
0.0000000000000000
0.0000000000000000
0.0000000000000000
0.0000000000000000
0.0000000000000000
0.0000000000000000
0.0000000000000000
0.0000000000000000
0.0000000000000000
0.0000000000000000
0.0000000000000000
0.0000000000000000
0.0000000000000000
0.0000000000000000
0.0000000000000000
0.0000000000000000
0.0000000000000000
0.0000000000000000
0.0000000000000000
0.0000000000000000
0.0000000000000000
0.0000000000000000
0.0000000000000000
0.0000000000000000
0.0000000000000000
0.0000000000000000
0.0000000000000000
0.0000000000000000
0.0000000000000000
0.0000000000000000
0.0000000000000000
0.0000000000000000
0.0000000000000000
0.0000000000000000
0.0000000000000000
0.0000000000000000
0.0000000000000000
0.0000000000000000
0.0000000000000000
0.0000000000000000
0.0000000000000000
0.0000000000000000
0.0000000000000000
0.0000000000000000
0.0000000000000000
0.0000000000000000
0.0000000000000000
0.0000000000000000
0.0000000000000000
0.0000000000000000
0.0000000000000000
0.0000000000000000
0.0000000000000000
0.0000000000000000
0.0000000000000000
0.0000000000000000
0.0000000000000000
0.0000000000000000
0.0000000000000000
0.0000000000000000
0.0000000000000000
0.0000000000000000
0.0000000000000000
0.0000000000000000
0.0000000000000000
0.0000000000000000
0.0000000000000000
0.0000000000000000
0.0000000000000000
0.0000000000000000
0.0000000000000000
0.0000000000000000
0.0000000000000000
0.0000000000000000
0.0000000000000000
0.0000000000000000
0.0000000000000000
0.0000000000000000
0.0000000000000000
0.0000000000000000
0.0000000000000000
0.0000000000000000
0.0000000000000000
0.0000000000000000
0.0000000000000000
0.0000000000000000
0.0000000000000000
0.0000000000000000
0.0000000000000000
0.0000000000000000
0.0000000000000000
0.0000000000000000
0.0000000000000000
0.0000000000000000
0.0000000000000000
0.0000000000000000
0.0000000000000000
0.0000000000000000
0.0000000000000000
0.0000000000000000
0.0000000000000000
0.0000000000000000
0.0000000000000000
0.0000000000000000
0.0000000000000000
0.0000000000000000
0.0000000000000000
0.0000000000000000
0.0000000000000000
0.0000000000000000
0.0000000000000000
0.0000000000000000
0.0000000000000000
0.0000000000000000
0.0000000000000000
0.0000000000000000
0.0000000000000000
0.0000000000000000
0.0000000000000000
0.0000000000000000
0.0000000000000000
0.0000000000000000
0.0000000000000000
0.0000000000000000
0.0000000000000000
0.0000000000000000
0.0000000000000000
0.0000000000000000
0.0000000000000000
0.0000000000000000
0.0000000000000000
0.0000000000000000
0.0000000000000000
0.0000000000000000
0.0000000000000000
0.0000000000000000
0.0000000000000000
0.0000000000000000
0.0000000000000000
0.0000000000000000
0.0000000000000000
0.0000000000000000
0.0000000000000000
0.0000000000000000
0.0000000000000000
0.0000000000000000
0.0000000000000000
0.0000000000000000
0.0000000000000000
0.0000000000000000
0.0000000000000000
0.0000000000000000
0.0000000000000000
0.0000000000000000
0.0000000000000000
0.0000000000000000
0.0000000000000000
0.0000000000000000
0.0000000000000000
0.0000000000000000
0.0000000000000000
0.0000000000000000
0.0000000000000000
0.0000000000000000
0.0000000000000000
0.0000000000000000
0.0000000000000000
0.0000000000000000
0.0000000000000000
0.0000000000000000
0.0000000000000000
0.0000000000000000
0.0000000000000000
0.0000000000000000
0.0000000000000000
0.0000000000000000
0.0000000000000000
0.0000000000000000
0.0000000000000000
0.0000000000000000
0.0000000000000000
0.0000000000000000
0.0000000000000000
0.0000000000000000
0.0000000000000000
0.0000000000000000
0.0000000000000000
0.0000000000000000
0.0000000000000000
0.0000000000000000
0.0000000000000000
0.0000000000000000
0.0000000000000000
0.0000000000000000
0.0000000000000000
0.0000000000000000
0.0000000000000000
0.0000000000000000
0.0000000000000000
0.0000000000000000
0.0000000000000000
0.0000000000000000
0.0000000000000000
0.0000000000000000
0.0000000000000000
0.0000000000000000
0.0000000000000000
0.0000000000000000
0.0000000000000000
0.0000000000000000
0.0000000000000000
0.0000000000000000
0.0000000000000000
0.0000000000000000
0.0000000000000000
0.0000000000000000
0.0000000000000000
0.0000000000000000
0.0000000000000000
0.0000000000000000
0.0000000000000000
0.0000000000000000
0.0000000000000000
0.0000000000000000
0.0000000000000000
0.0000000000000000
0.0000000000000000
0.0000000000000000
0.0000000000000000
0.0000000000000000
0.0000000000000000
0.0000000000000000
0.0000000000000000
0.0000000000000000
0.0000000000000000
0.0000000000000000
0.0000000000000000
0.0000000000000000
0.0000000000000000
0.0000000000000000
0.0000000000000000
0.0000000000000000
0.0000000000000000
0.0000000000000000
0.0000000000000000
0.0000000000000000
0.0000000000000000
0.0000000000000000
0.0000000000000000
0.0000000000000000
0.0000000000000000
0.0000000000000000
0.0000000000000000
0.0000000000000000
0.0000000000000000
0.0000000000000000
0.0000000000000000
0.0000000000000000
0.0000000000000000
0.0000000000000000
0.0000000000000000
0.0000000000000000
0.0000000000000000
0.0000000000000000
0.0000000000000000
0.0000000000000000
0.0000000000000000
0.0000000000000000
0.0000000000000000
0.0000000000000000
0.0000000000000000
0.0000000000000000
0.0000000000000000
0.0000000000000000
0.0000000000000000
0.0000000000000000
0.0000000000000000
0.0000000000000000
0.0000000000000000
0.0000000000000000
0.0000000000000000
0.0000000000000000
0.0000000000000000
0.0000000000000000
0.0000000000000000
0.0000000000000000
0.0000000000000000
0.0000000000000000
0.0000000000000000
0.0000000000000000
0.0000000000000000
0.0000000000000000
0.0000000000000000
0.0000000000000000
0.0000000000000000
0.0000000000000000
0.0000000000000000
0.0000000000000000
0.0000000000000000
0.0000000000000000
0.0000000000000000
0.0000000000000000
0.0000000000000000
0.0000000000000000
0.0000000000000000
0.0000000000000000
0.0000000000000000
0.0000000000000000
0.0000000000000000
0.0000000000000000
0.0000000000000000
0.0000000000000000
0.0000000000000000
0.0000000000000000
0.0000000000000000
0.0000000000000000
0.0000000000000000
0.0000000000000000
0.0000000000000000
0.0000000000000000
0.0000000000000000
0.0000000000000000
0.0000000000000000
0.0000000000000000
0.0000000000000000
0.0000000000000000
0.0000000000000000
0.0000000000000000
0.0000000000000000
0.0000000000000000
0.0000000000000000
0.0000000000000000
0.0000000000000000
0.0000000000000000
0.0000000000000000
0.0000000000000000
0.0000000000000000
0.0000000000000000
0.0000000000000000
0.0000000000000000
0.0000000000000000
0.0000000000000000
0.0000000000000000
0.0000000000000000
0.0000000000000000
0.0000000000000000
0.0000000000000000
0.0000000000000000
0.0000000000000000
0.0000000000000000
0.0000000000000000
0.0000000000000000
0.0000000000000000
0.0000000000000000
0.0000000000000000
0.0000000000000000
0.0000000000000000
0.0000000000000000
0.0000000000000000
0.0000000000000000
0.0000000000000000
0.0000000000000000
0.0000000000000000
0.0000000000000000
0.0000000000000000
0.0000000000000000
0.0000000000000000
0.0000000000000000
0.0000000000000000
0.0000000000000000
0.0000000000000000
0.0000000000000000
0.0000000000000000
0.0000000000000000
0.0000000000000000
0.0000000000000000
0.0000000000000000
0.0000000000000000
0.0000000000000000
0.0000000000000000
0.0000000000000000
0.0000000000000000
0.0000000000000000
0.0000000000000000
0.0000000000000000
0.0000000000000000
0.0000000000000000
0.0000000000000000
0.0000000000000000
0.0000000000000000
0.0000000000000000
0.0000000000000000
0.0000000000000000
0.0000000000000000
0.0000000000000000
0.0000000000000000
0.0000000000000000
0.0000000000000000
0.0000000000000000
0.0000000000000000
0.0000000000000000
0.0000000000000000
0.0000000000000000
0.0000000000000000
0.0000000000000000
0.0000000000000000
0.0000000000000000
0.0000000000000000
0.0000000000000000
0.0000000000000000
0.0000000000000000
0.0000000000000000
0.0000000000000000
0.0000000000000000
0.0000000000000000
0.0000000000000000
0.0000000000000000
0.0000000000000000
0.0000000000000000
0.0000000000000000
0.0000000000000000
0.0000000000000000
0.0000000000000000
0.0000000000000000
0.0000000000000000
0.0000000000000000
0.0000000000000000
0.0000000000000000
0.0000000000000000
0.0000000000000000
0.0000000000000000
0.0000000000000000
0.0000000000000000
0.0000000000000000
0.0000000000000000
0.0000000000000000
0.0000000000000000
0.0000000000000000
0.0000000000000000
0.0000000000000000
0.0000000000000000
0.0000000000000000
0.0000000000000000
0.0000000000000000
0.0000000000000000
0.0000000000000000
0.0000000000000000
0.0000000000000000
0.0000000000000000
0.0000000000000000
0.0000000000000000
0.0000000000000000
0.0000000000000000
0.0000000000000000
0.0000000000000000
0.0000000000000000
0.0000000000000000
0.0000000000000000
0.0000000000000000
0.0000000000000000
0.0000000000000000
0.0000000000000000
0.0000000000000000
0.0000000000000000
0.0000000000000000
0.0000000000000000
0.0000000000000000
0.0000000000000000
0.0000000000000000
0.0000000000000000
0.0000000000000000
0.0000000000000000
0.0000000000000000
0.0000000000000000
0.0000000000000000
0.0000000000000000
0.0000000000000000
0.0000000000000000
0.0000000000000000
0.0000000000000000
0.0000000000000000
0.0000000000000000
0.0000000000000000
0.0000000000000000
0.0000000000000000
0.0000000000000000
0.0000000000000000
0.0000000000000000
0.0000000000000000
0.0000000000000000
0.0000000000000000
0.0000000000000000
0.0000000000000000
0.0000000000000000
0.0000000000000000
0.0000000000000000
0.0000000000000000
0.0000000000000000
0.0000000000000000
0.0000000000000000
0.0000000000000000
0.0000000000000000
0.0000000000000000
0.0000000000000000
0.0000000000000000
0.0000000000000000
0.0000000000000000
0.0000000000000000
0.0000000000000000
0.0000000000000000
0.0000000000000000
0.0000000000000000
0.0000000000000000
0.0000000000000000
0.0000000000000000
0.0000000000000000
0.0000000000000000
0.0000000000000000
0.0000000000000000
0.0000000000000000
0.0000000000000000
0.0000000000000000
0.0000000000000000
0.0000000000000000
0.0000000000000000
0.0000000000000000
0.0000000000000000
0.0000000000000000
0.0000000000000000
0.0000000000000000
0.0000000000000000
0.0000000000000000
0.0000000000000000
0.0000000000000000
0.0000000000000000
0.0000000000000000
0.0000000000000000
0.0000000000000000
0.0000000000000000
0.0000000000000000
0.0000000000000000
0.0000000000000000
0.0000000000000000
0.0000000000000000
0.0000000000000000
0.0000000000000000
0.0000000000000000
0.0000000000000000
0.0000000000000000
0.0000000000000000
0.0000000000000000
0.0000000000000000
0.0000000000000000
0.0000000000000000
0.0000000000000000
0.0000000000000000
0.0000000000000000
0.0000000000000000
0.0000000000000000
0.0000000000000000
0.0000000000000000
0.0000000000000000
0.0000000000000000
0.0000000000000000
0.0000000000000000
0.0000000000000000
0.0000000000000000
0.0000000000000000
0.0000000000000000
0.0000000000000000
0.0000000000000000
0.0000000000000000
0.0000000000000000
0.0000000000000000
0.0000000000000000
0.0000000000000000
0.0000000000000000
0.0000000000000000
0.0000000000000000
0.0000000000000000
0.0000000000000000
0.0000000000000000
0.0000000000000000
0.0000000000000000
0.0000000000000000
0.0000000000000000
0.0000000000000000
0.0000000000000000
0.0000000000000000
0.0000000000000000
0.0000000000000000
0.0000000000000000
0.0000000000000000
0.0000000000000000
0.0000000000000000
0.0000000000000000
0.0000000000000000
0.0000000000000000
0.0000000000000000
0.0000000000000000
0.0000000000000000
0.0000000000000000
0.0000000000000000
0.0000000000000000
0.0000000000000000
0.0000000000000000
0.0000000000000000
0.0000000000000000
0.0000000000000000
0.0000000000000000
0.0000000000000000
0.0000000000000000
0.0000000000000000
0.0000000000000000
0.0000000000000000
0.0000000000000000
0.0000000000000000
0.0000000000000000
0.0000000000000000
0.0000000000000000
0.0000000000000000
0.0000000000000000
0.0000000000000000
0.0000000000000000
0.0000000000000000
0.0000000000000000
0.0000000000000000
0.0000000000000000
0.0000000000000000
0.0000000000000000
0.0000000000000000
0.0000000000000000
0.0000000000000000
0.0000000000000000
0.0000000000000000
0.0000000000000000
0.0000000000000000
0.0000000000000000
0.0000000000000000
0.0000000000000000
0.0000000000000000
0.0000000000000000
0.0000000000000000
0.0000000000000000
0.0000000000000000
0.0000000000000000
0.0000000000000000
0.0000000000000000
0.0000000000000000
0.0000000000000000
0.0000000000000000
0.0000000000000000
0.0000000000000000
0.0000000000000000
0.0000000000000000
0.0000000000000000
0.0000000000000000
0.0000000000000000
0.0000000000000000
0.0000000000000000
0.0000000000000000
0.0000000000000000
0.0000000000000000
0.0000000000000000
0.0000000000000000
0.0000000000000000
0.0000000000000000
0.0000000000000000
0.0000000000000000
0.0000000000000000
0.0000000000000000
0.0000000000000000
0.0000000000000000
0.0000000000000000
0.0000000000000000
0.0000000000000000
0.0000000000000000
0.0000000000000000
0.0000000000000000
0.0000000000000000
0.0000000000000000
0.0000000000000000
0.0000000000000000
0.0000000000000000
0.0000000000000000
0.0000000000000000
0.0000000000000000
0.0000000000000000
0.0000000000000000
0.0000000000000000
0.0000000000000000
0.0000000000000000
0.0000000000000000
0.0000000000000000
0.0000000000000000
0.0000000000000000
0.0000000000000000
0.0000000000000000
0.0000000000000000
0.0000000000000000
0.0000000000000000
0.0000000000000000
0.0000000000000000
0.0000000000000000
0.0000000000000000
0.0000000000000000
0.0000000000000000
0.0000000000000000
0.0000000000000000
0.0000000000000000
0.0000000000000000
0.0000000000000000
0.0000000000000000
0.0000000000000000
0.0000000000000000
0.0000000000000000
0.0000000000000000
0.0000000000000000
0.0000000000000000
0.0000000000000000
0.0000000000000000
0.0000000000000000
0.0000000000000000
0.0000000000000000
0.0000000000000000
0.0000000000000000
0.0000000000000000
0.0000000000000000
0.0000000000000000
0.0000000000000000
0.0000000000000000
0.0000000000000000
0.0000000000000000
0.0000000000000000
0.0000000000000000
0.0000000000000000
0.0000000000000000
0.0000000000000000
0.0000000000000000
0.0000000000000000
0.0000000000000000
0.0000000000000000
0.0000000000000000
0.0000000000000000
0.0000000000000000
0.0000000000000000
0.0000000000000000
0.0000000000000000
0.0000000000000000
0.0000000000000000
0.0000000000000000
0.0000000000000000
0.0000000000000000
0.0000000000000000
0.0000000000000000
0.0000000000000000
0.0000000000000000
0.0000000000000000
0.0000000000000000
0.0000000000000000
0.0000000000000000
0.0000000000000000
0.0000000000000000
0.0000000000000000
0.0000000000000000
0.0000000000000000
0.0000000000000000
0.0000000000000000
0.0000000000000000
0.0000000000000000
0.0000000000000000
0.0000000000000000
0.0000000000000000
0.0000000000000000
0.0000000000000000
0.0000000000000000
0.0000000000000000
0.0000000000000000
0.0000000000000000
0.0000000000000000
0.0000000000000000
0.0000000000000000
0.0000000000000000
0.0000000000000000
0.0000000000000000
0.0000000000000000
0.0000000000000000
0.0000000000000000
0.0000000000000000
0.0000000000000000
0.0000000000000000
0.0000000000000000
0.0000000000000000
0.0000000000000000
0.0000000000000000
0.0000000000000000
0.0000000000000000
0.0000000000000000
0.0000000000000000
0.0000000000000000
0.0000000000000000
0.0000000000000000
0.0000000000000000
0.0000000000000000
0.0000000000000000
0.0000000000000000
0.0000000000000000
0.0000000000000000
0.0000000000000000
0.0000000000000000
0.0000000000000000
0.0000000000000000
0.0000000000000000
0.0000000000000000
0.0000000000000000
0.0000000000000000
0.0000000000000000
0.0000000000000000
0.0000000000000000
0.0000000000000000
0.0000000000000000
0.0000000000000000
0.0000000000000000
0.0000000000000000
0.0000000000000000
0.0000000000000000
0.0000000000000000
0.0000000000000000
0.0000000000000000
0.0000000000000000
0.0000000000000000
0.0000000000000000
0.0000000000000000
0.0000000000000000
0.0000000000000000
0.0000000000000000
0.0000000000000000
0.0000000000000000
0.0000000000000000
0.0000000000000000
0.0000000000000000
0.0000000000000000
0.0000000000000000
0.0000000000000000
0.0000000000000000
0.0000000000000000
0.0000000000000000
0.0000000000000000
0.0000000000000000
0.0000000000000000
0.0000000000000000
0.0000000000000000
0.0000000000000000
0.0000000000000000
0.0000000000000000
0.0000000000000000
0.0000000000000000
0.0000000000000000
0.0000000000000000
0.0000000000000000
0.0000000000000000
0.0000000000000000
0.0000000000000000
0.0000000000000000
0.0000000000000000
0.0000000000000000
0.0000000000000000
0.0000000000000000
0.0000000000000000
0.0000000000000000
0.0000000000000000
0.0000000000000000
0.0000000000000000
0.0000000000000000
0.0000000000000000
0.0000000000000000
0.0000000000000000
0.0000000000000000
0.0000000000000000
0.0000000000000000
0.0000000000000000
0.0000000000000000
0.0000000000000000
0.0000000000000000
0.0000000000000000
0.0000000000000000
0.0000000000000000
0.0000000000000000
0.0000000000000000
0.0000000000000000
0.0000000000000000
0.0000000000000000
0.0000000000000000
0.0000000000000000
0.0000000000000000
0.0000000000000000
0.0000000000000000
0.0000000000000000
0.0000000000000000
0.0000000000000000
0.0000000000000000
0.0000000000000000
0.0000000000000000
0.0000000000000000
0.0000000000000000
0.0000000000000000
0.0000000000000000
0.0000000000000000
0.0000000000000000
0.0000000000000000
0.0000000000000000
0.0000000000000000
0.0000000000000000
0.0000000000000000
0.0000000000000000
0.0000000000000000
0.0000000000000000
0.0000000000000000
0.0000000000000000
0.0000000000000000
0.0000000000000000
0.0000000000000000
0.0000000000000000
0.0000000000000000
0.0000000000000000
0.0000000000000000
0.0000000000000000
0.0000000000000000
0.0000000000000000
0.0000000000000000
0.0000000000000000
0.0000000000000000
0.0000000000000000
0.0000000000000000
0.0000000000000000
0.0000000000000000
0.0000000000000000
0.0000000000000000
0.0000000000000000
0.0000000000000000
0.0000000000000000
0.0000000000000000
0.0000000000000000
0.0000000000000000
0.0000000000000000
0.0000000000000000
0.0000000000000000
0.0000000000000000
0.0000000000000000
0.0000000000000000
0.0000000000000000
0.0000000000000000
0.0000000000000000
0.0000000000000000
0.0000000000000000
0.0000000000000000
0.0000000000000000
0.0000000000000000
0.0000000000000000
0.0000000000000000
0.0000000000000000
0.0000000000000000
0.0000000000000000
0.0000000000000000
0.0000000000000000
0.0000000000000000
0.0000000000000000
0.0000000000000000
0.0000000000000000
0.0000000000000000
0.0000000000000000
0.0000000000000000
0.0000000000000000
0.0000000000000000
0.0000000000000000
0.0000000000000000
0.0000000000000000
0.0000000000000000
0.0000000000000000
0.0000000000000000
0.0000000000000000
0.0000000000000000
0.0000000000000000
0.0000000000000000
0.0000000000000000
0.0000000000000000
0.0000000000000000
0.0000000000000000
0.0000000000000000
0.0000000000000000
0.0000000000000000
0.0000000000000000
0.0000000000000000
0.0000000000000000
0.0000000000000000
0.0000000000000000
0.0000000000000000
0.0000000000000000
0.0000000000000000
0.0000000000000000
0.0000000000000000
0.0000000000000000
0.0000000000000000
0.0000000000000000
0.0000000000000000
0.0000000000000000
0.0000000000000000
0.0000000000000000
0.0000000000000000
0.0000000000000000
0.0000000000000000
0.0000000000000000
0.0000000000000000
0.0000000000000000
0.0000000000000000
0.0000000000000000
0.0000000000000000
0.0000000000000000
0.0000000000000000
0.0000000000000000
0.0000000000000000
0.0000000000000000
0.0000000000000000
0.0000000000000000
0.0000000000000000
0.0000000000000000
0.0000000000000000
0.0000000000000000
0.0000000000000000
0.0000000000000000
0.0000000000000000
0.0000000000000000
0.0000000000000000
0.0000000000000000
0.0000000000000000
0.0000000000000000
0.0000000000000000
0.0000000000000000
0.0000000000000000
0.0000000000000000
0.0000000000000000
0.0000000000000000
0.0000000000000000
0.0000000000000000
0.0000000000000000
0.0000000000000000
0.0000000000000000
0.0000000000000000
0.0000000000000000
0.0000000000000000
0.0000000000000000
0.0000000000000000
0.0000000000000000
0.0000000000000000
0.0000000000000000
0.0000000000000000
0.0000000000000000
0.0000000000000000
0.0000000000000000
0.0000000000000000
0.0000000000000000
0.0000000000000000
0.0000000000000000
0.0000000000000000
0.0000000000000000
0.0000000000000000
0.0000000000000000
0.0000000000000000
0.0000000000000000
0.0000000000000000
0.0000000000000000
0.0000000000000000
0.0000000000000000
0.0000000000000000
0.0000000000000000
0.0000000000000000
0.0000000000000000
0.0000000000000000
0.0000000000000000
0.0000000000000000
0.0000000000000000
0.0000000000000000
0.0000000000000000
0.0000000000000000
0.0000000000000000
0.0000000000000000
0.0000000000000000
0.0000000000000000
0.0000000000000000
0.0000000000000000
0.0000000000000000
0.0000000000000000
0.0000000000000000
0.0000000000000000
0.0000000000000000
0.0000000000000000
0.0000000000000000
0.0000000000000000
0.0000000000000000
0.0000000000000000
0.0000000000000000
0.0000000000000000
0.0000000000000000
0.0000000000000000
0.0000000000000000
0.0000000000000000
0.0000000000000000
0.0000000000000000
0.0000000000000000
0.0000000000000000
0.0000000000000000
0.0000000000000000
0.0000000000000000
0.0000000000000000
0.0000000000000000
0.0000000000000000
0.0000000000000000
0.0000000000000000
0.0000000000000000
0.0000000000000000
0.0000000000000000
0.0000000000000000
0.0000000000000000
0.0000000000000000
0.0000000000000000
0.0000000000000000
0.0000000000000000
0.0000000000000000
0.0000000000000000
0.0000000000000000
0.0000000000000000
0.0000000000000000
0.0000000000000000
0.0000000000000000
0.0000000000000000
0.0000000000000000
0.0000000000000000
0.0000000000000000
0.0000000000000000
0.0000000000000000
0.0000000000000000
0.0000000000000000
0.0000000000000000
0.0000000000000000
0.0000000000000000
0.0000000000000000
0.0000000000000000
0.0000000000000000
0.0000000000000000
0.0000000000000000
0.0000000000000000
0.0000000000000000
0.0000000000000000
0.0000000000000000
0.0000000000000000
0.0000000000000000
0.0000000000000000
0.0000000000000000
0.0000000000000000
0.0000000000000000
0.0000000000000000
0.0000000000000000
0.0000000000000000
0.0000000000000000
0.0000000000000000
0.0000000000000000
0.0000000000000000
0.0000000000000000
0.0000000000000000
0.0000000000000000
0.0000000000000000
0.0000000000000000
0.0000000000000000
0.0000000000000000
0.0000000000000000
0.0000000000000000
0.0000000000000000
0.0000000000000000
0.0000000000000000
0.0000000000000000
0.0000000000000000
0.0000000000000000
0.0000000000000000
0.0000000000000000
0.0000000000000000
0.0000000000000000
0.0000000000000000
0.0000000000000000
0.0000000000000000
0.0000000000000000
0.0000000000000000
0.0000000000000000
0.0000000000000000
0.0000000000000000
0.0000000000000000
0.0000000000000000
0.0000000000000000
0.0000000000000000
0.0000000000000000
0.0000000000000000
0.0000000000000000
0.0000000000000000
0.0000000000000000
0.0000000000000000
0.0000000000000000
0.0000000000000000
0.0000000000000000
0.0000000000000000
0.0000000000000000
0.0000000000000000
0.0000000000000000
0.0000000000000000
0.0000000000000000
0.0000000000000000
0.0000000000000000
0.0000000000000000
0.0000000000000000
0.0000000000000000
0.0000000000000000
0.0000000000000000
0.0000000000000000
0.0000000000000000
0.0000000000000000
0.0000000000000000
0.0000000000000000
0.0000000000000000
0.0000000000000000
0.0000000000000000
0.0000000000000000
0.0000000000000000
0.0000000000000000
0.0000000000000000
0.0000000000000000
0.0000000000000000
0.0000000000000000
0.0000000000000000
0.0000000000000000
0.0000000000000000
0.0000000000000000
0.0000000000000000
0.0000000000000000
0.0000000000000000
0.0000000000000000
0.0000000000000000
0.0000000000000000
0.0000000000000000
0.0000000000000000
0.0000000000000000
0.0000000000000000
0.0000000000000000
0.0000000000000000
0.0000000000000000
0.0000000000000000
0.0000000000000000
0.0000000000000000
0.0000000000000000
0.0000000000000000
0.0000000000000000
0.0000000000000000
0.0000000000000000
0.0000000000000000
0.0000000000000000
0.0000000000000000
0.0000000000000000
0.0000000000000000
0.0000000000000000
0.0000000000000000
0.0000000000000000
0.0000000000000000
0.0000000000000000
0.0000000000000000
0.0000000000000000
0.0000000000000000
0.0000000000000000
0.0000000000000000
0.0000000000000000
0.0000000000000000
0.0000000000000000
0.0000000000000000
0.0000000000000000
0.0000000000000000
0.0000000000000000
0.0000000000000000
0.0000000000000000
0.0000000000000000
0.0000000000000000
0.0000000000000000
0.0000000000000000
0.0000000000000000
0.0000000000000000
0.0000000000000000
0.0000000000000000
0.0000000000000000
0.0000000000000000
0.0000000000000000
0.0000000000000000
0.0000000000000000
0.0000000000000000
0.0000000000000000
0.0000000000000000
0.0000000000000000
0.0000000000000000
0.0000000000000000
0.0000000000000000
0.0000000000000000
0.0000000000000000
0.0000000000000000
0.0000000000000000
0.0000000000000000
0.0000000000000000
0.0000000000000000
0.0000000000000000
0.0000000000000000
0.0000000000000000
0.0000000000000000
0.0000000000000000
0.0000000000000000
0.0000000000000000
0.0000000000000000
0.0000000000000000
0.0000000000000000
0.0000000000000000
0.0000000000000000
0.0000000000000000
0.0000000000000000
0.0000000000000000
0.0000000000000000
0.0000000000000000
0.0000000000000000
0.0000000000000000
0.0000000000000000
0.0000000000000000
0.0000000000000000
0.0000000000000000
0.0000000000000000
0.0000000000000000
0.0000000000000000
0.0000000000000000
0.0000000000000000
0.0000000000000000
0.0000000000000000
0.0000000000000000
0.0000000000000000
0.0000000000000000
0.0000000000000000
0.0000000000000000
0.0000000000000000
0.0000000000000000
0.0000000000000000
0.0000000000000000
0.0000000000000000
0.0000000000000000
0.0000000000000000
0.0000000000000000
0.0000000000000000
0.0000000000000000
0.0000000000000000
0.0000000000000000
0.0000000000000000
0.0000000000000000
0.0000000000000000
0.0000000000000000
0.0000000000000000
0.0000000000000000
0.0000000000000000
0.0000000000000000
0.0000000000000000
0.0000000000000000
0.0000000000000000
0.0000000000000000
0.0000000000000000
0.0000000000000000
0.0000000000000000
0.0000000000000000
0.0000000000000000
0.0000000000000000
0.0000000000000000
0.0000000000000000
0.0000000000000000
0.0000000000000000
0.0000000000000000
0.0000000000000000
0.0000000000000000
0.0000000000000000
0.0000000000000000
0.0000000000000000
0.0000000000000000
0.0000000000000000
0.0000000000000000
0.0000000000000000
0.0000000000000000
0.0000000000000000
0.0000000000000000
0.0000000000000000
0.0000000000000000
0.0000000000000000
0.0000000000000000
0.0000000000000000
0.0000000000000000
0.0000000000000000
0.0000000000000000
0.0000000000000000
0.0000000000000000
0.0000000000000000
0.0000000000000000
0.0000000000000000
0.0000000000000000
0.0000000000000000
0.0000000000000000
0.0000000000000000
0.0000000000000000
0.0000000000000000
0.0000000000000000
0.0000000000000000
0.0000000000000000
0.0000000000000000
0.0000000000000000
0.0000000000000000
0.0000000000000000
0.0000000000000000
0.0000000000000000
0.0000000000000000
0.0000000000000000
0.0000000000000000
0.0000000000000000
0.0000000000000000
0.0000000000000000
0.0000000000000000
0.0000000000000000
0.0000000000000000
0.0000000000000000
0.0000000000000000
0.0000000000000000
0.0000000000000000
0.0000000000000000
0.0000000000000000
0.0000000000000000
0.0000000000000000
0.0000000000000000
0.0000000000000000
0.0000000000000000
0.0000000000000000
0.0000000000000000
0.0000000000000000
0.0000000000000000
0.0000000000000000
0.0000000000000000
0.0000000000000000
0.0000000000000000
0.0000000000000000
0.0000000000000000
0.0000000000000000
0.0000000000000000
0.0000000000000000
0.0000000000000000
0.0000000000000000
0.0000000000000000
0.0000000000000000
0.0000000000000000
0.0000000000000000
0.0000000000000000
0.0000000000000000
0.0000000000000000
0.0000000000000000
0.0000000000000000
0.0000000000000000
0.0000000000000000
0.0000000000000000
0.0000000000000000
0.0000000000000000
0.0000000000000000
0.0000000000000000
0.0000000000000000
0.0000000000000000
0.0000000000000000
0.0000000000000000
0.0000000000000000
0.0000000000000000
0.0000000000000000
0.0000000000000000
0.0000000000000000
0.0000000000000000
0.0000000000000000
0.0000000000000000
0.0000000000000000
0.0000000000000000
0.0000000000000000
0.0000000000000000
0.0000000000000000
0.0000000000000000
0.0000000000000000
0.0000000000000000
0.0000000000000000
0.0000000000000000
0.0000000000000000
0.0000000000000000
0.0000000000000000
0.0000000000000000
0.0000000000000000
0.0000000000000000
0.0000000000000000
0.0000000000000000
0.0000000000000000
0.0000000000000000
0.0000000000000000
0.0000000000000000
0.0000000000000000
0.0000000000000000
0.0000000000000000
0.0000000000000000
0.0000000000000000
0.0000000000000000
0.0000000000000000
0.0000000000000000
0.0000000000000000
0.0000000000000000
0.0000000000000000
0.0000000000000000
0.0000000000000000
0.0000000000000000
0.0000000000000000
0.0000000000000000
0.0000000000000000
0.0000000000000000
0.0000000000000000
0.0000000000000000
0.0000000000000000
0.0000000000000000
0.0000000000000000
0.0000000000000000
0.0000000000000000
0.0000000000000000
0.0000000000000000
0.0000000000000000
0.0000000000000000
0.0000000000000000
0.0000000000000000
0.0000000000000000
0.0000000000000000
0.0000000000000000
0.0000000000000000
0.0000000000000000
0.0000000000000000
0.0000000000000000
0.0000000000000000
0.0000000000000000
0.0000000000000000
0.0000000000000000
0.0000000000000000
0.0000000000000000
0.0000000000000000
0.0000000000000000
0.0000000000000000
0.0000000000000000
0.0000000000000000
0.0000000000000000
0.0000000000000000
0.0000000000000000
0.0000000000000000
0.0000000000000000
0.0000000000000000
0.0000000000000000
0.0000000000000000
0.0000000000000000
0.0000000000000000
0.0000000000000000
0.0000000000000000
0.0000000000000000
0.0000000000000000
0.0000000000000000
0.0000000000000000
0.0000000000000000
0.0000000000000000
0.0000000000000000
0.0000000000000000
0.0000000000000000
0.0000000000000000
0.0000000000000000
0.0000000000000000
0.0000000000000000
0.0000000000000000
0.0000000000000000
0.0000000000000000
0.0000000000000000
0.0000000000000000
0.0000000000000000
0.0000000000000000
0.0000000000000000
0.0000000000000000
0.0000000000000000
0.0000000000000000
0.0000000000000000
0.0000000000000000
0.0000000000000000
0.0000000000000000
0.0000000000000000
0.0000000000000000
0.0000000000000000
0.0000000000000000
0.0000000000000000
0.0000000000000000
0.0000000000000000
0.0000000000000000
0.0000000000000000
0.0000000000000000
0.0000000000000000
0.0000000000000000
0.0000000000000000
0.0000000000000000
0.0000000000000000
0.0000000000000000
0.0000000000000000
0.0000000000000000
0.0000000000000000
0.0000000000000000
0.0000000000000000
0.0000000000000000
0.0000000000000000
0.0000000000000000
0.0000000000000000
0.0000000000000000
0.0000000000000000
0.0000000000000000
0.0000000000000000
0.0000000000000000
0.0000000000000000
0.0000000000000000
0.0000000000000000
0.0000000000000000
0.0000000000000000
0.0000000000000000
0.0000000000000000
0.0000000000000000
0.0000000000000000
0.0000000000000000
0.0000000000000000
0.0000000000000000
0.0000000000000000
0.0000000000000000
0.0000000000000000
0.0000000000000000
0.0000000000000000
0.0000000000000000
0.0000000000000000
0.0000000000000000
0.0000000000000000
0.0000000000000000
0.0000000000000000
0.0000000000000000
0.0000000000000000
0.0000000000000000
0.0000000000000000
0.0000000000000000
0.0000000000000000
0.0000000000000000
0.0000000000000000
0.0000000000000000
0.0000000000000000
0.0000000000000000
0.0000000000000000
0.0000000000000000
0.0000000000000000
0.0000000000000000
0.0000000000000000
0.0000000000000000
0.0000000000000000
0.0000000000000000
0.0000000000000000
0.0000000000000000
0.0000000000000000
0.0000000000000000
0.0000000000000000
0.0000000000000000
0.0000000000000000
0.0000000000000000
0.0000000000000000
0.0000000000000000
0.0000000000000000
0.0000000000000000
0.0000000000000000
0.0000000000000000
0.0000000000000000
0.0000000000000000
0.0000000000000000
0.0000000000000000
0.0000000000000000
0.0000000000000000
0.0000000000000000
0.0000000000000000
0.0000000000000000
0.0000000000000000
0.0000000000000000
0.0000000000000000
0.0000000000000000
0.0000000000000000
0.0000000000000000
0.0000000000000000
0.0000000000000000
0.0000000000000000
0.0000000000000000
0.0000000000000000
0.0000000000000000
0.0000000000000000
0.0000000000000000
0.0000000000000000
0.0000000000000000
0.0000000000000000
0.0000000000000000
0.0000000000000000
0.0000000000000000
0.0000000000000000
0.0000000000000000
0.0000000000000000
0.0000000000000000
0.0000000000000000
0.0000000000000000
0.0000000000000000
0.0000000000000000
0.0000000000000000
0.0000000000000000
0.0000000000000000
0.0000000000000000
0.0000000000000000
0.0000000000000000
0.0000000000000000
0.0000000000000000
0.0000000000000000
0.0000000000000000
0.0000000000000000
0.0000000000000000
0.0000000000000000
0.0000000000000000
0.0000000000000000
0.0000000000000000
0.0000000000000000
0.0000000000000000
0.0000000000000000
0.0000000000000000
0.0000000000000000
0.0000000000000000
0.0000000000000000
0.0000000000000000
0.0000000000000000
0.0000000000000000
0.0000000000000000
0.0000000000000000
0.0000000000000000
0.0000000000000000
0.0000000000000000
0.0000000000000000
0.0000000000000000
0.0000000000000000
0.0000000000000000
0.0000000000000000
0.0000000000000000
0.0000000000000000
0.0000000000000000
0.0000000000000000
0.0000000000000000
0.0000000000000000
0.0000000000000000
0.0000000000000000
0.0000000000000000
0.0000000000000000
0.0000000000000000
0.0000000000000000
0.0000000000000000
0.0000000000000000
0.0000000000000000
0.0000000000000000
0.0000000000000000
0.0000000000000000
0.0000000000000000
0.0000000000000000
0.0000000000000000
0.0000000000000000
0.0000000000000000
0.0000000000000000
0.0000000000000000
0.0000000000000000
0.0000000000000000
0.0000000000000000
0.0000000000000000
0.0000000000000000
0.0000000000000000
0.0000000000000000
0.0000000000000000
0.0000000000000000
0.0000000000000000
0.0000000000000000
0.0000000000000000
0.0000000000000000
0.0000000000000000
0.0000000000000000
0.0000000000000000
0.0000000000000000
0.0000000000000000
0.0000000000000000
0.0000000000000000
0.0000000000000000
0.0000000000000000
0.0000000000000000
0.0000000000000000
0.0000000000000000
0.0000000000000000
0.0000000000000000
0.0000000000000000
0.0000000000000000
0.0000000000000000
0.0000000000000000
0.0000000000000000
0.0000000000000000
0.0000000000000000
0.0000000000000000
0.0000000000000000
0.0000000000000000
0.0000000000000000
0.0000000000000000
0.0000000000000000
0.0000000000000000
0.0000000000000000
0.0000000000000000
0.0000000000000000
0.0000000000000000
0.0000000000000000
0.0000000000000000
0.0000000000000000
0.0000000000000000
0.0000000000000000
0.0000000000000000
0.0000000000000000
0.0000000000000000
0.0000000000000000
0.0000000000000000
0.0000000000000000
0.0000000000000000
0.0000000000000000
0.0000000000000000
0.0000000000000000
0.0000000000000000
0.0000000000000000
0.0000000000000000
0.0000000000000000
0.0000000000000000
0.0000000000000000
0.0000000000000000
0.0000000000000000
0.0000000000000000
0.0000000000000000
0.0000000000000000
0.0000000000000000
0.0000000000000000
0.0000000000000000
0.0000000000000000
0.0000000000000000
0.0000000000000000
0.0000000000000000
0.0000000000000000
0.0000000000000000
0.0000000000000000
0.0000000000000000
0.0000000000000000
0.0000000000000000
0.0000000000000000
0.0000000000000000
0.0000000000000000
0.0000000000000000
0.0000000000000000
0.0000000000000000
0.0000000000000000
0.0000000000000000
0.0000000000000000
0.0000000000000000
0.0000000000000000
0.0000000000000000
0.0000000000000000
0.0000000000000000
0.0000000000000000
0.0000000000000000
0.0000000000000000
0.0000000000000000
0.0000000000000000
0.0000000000000000
0.0000000000000000
0.0000000000000000
0.0000000000000000
0.0000000000000000
0.0000000000000000
0.0000000000000000
0.0000000000000000
0.0000000000000000
0.0000000000000000
0.0000000000000000
0.0000000000000000
0.0000000000000000
0.0000000000000000
0.0000000000000000
0.0000000000000000
0.0000000000000000
0.0000000000000000
0.0000000000000000
0.0000000000000000
0.0000000000000000
0.0000000000000000
0.0000000000000000
0.0000000000000000
0.0000000000000000
0.0000000000000000
0.0000000000000000
0.0000000000000000
0.0000000000000000
0.0000000000000000
0.0000000000000000
0.0000000000000000
0.0000000000000000
0.0000000000000000
0.0000000000000000
0.0000000000000000
0.0000000000000000
0.0000000000000000
0.0000000000000000
0.0000000000000000
0.0000000000000000
0.0000000000000000
0.0000000000000000
0.0000000000000000
0.0000000000000000
0.0000000000000000
0.0000000000000000
0.0000000000000000
0.0000000000000000
0.0000000000000000
0.0000000000000000
0.0000000000000000
0.0000000000000000
0.0000000000000000
0.0000000000000000
0.0000000000000000
0.0000000000000000
0.0000000000000000
0.0000000000000000
0.0000000000000000
0.0000000000000000
0.0000000000000000
0.0000000000000000
0.0000000000000000
0.0000000000000000
0.0000000000000000
0.0000000000000000
0.0000000000000000
0.0000000000000000
0.0000000000000000
0.0000000000000000
0.0000000000000000
0.0000000000000000
0.0000000000000000
0.0000000000000000
0.0000000000000000
0.0000000000000000
0.0000000000000000
0.0000000000000000
0.0000000000000000
0.0000000000000000
0.0000000000000000
0.0000000000000000
0.0000000000000000
0.0000000000000000
0.0000000000000000
0.0000000000000000
0.0000000000000000
0.0000000000000000
0.0000000000000000
0.0000000000000000
0.0000000000000000
0.0000000000000000
0.0000000000000000
0.0000000000000000
0.0000000000000000
0.0000000000000000
0.0000000000000000
0.0000000000000000
0.0000000000000000
0.0000000000000000
0.0000000000000000
0.0000000000000000
0.0000000000000000
0.0000000000000000
0.0000000000000000
0.0000000000000000
0.0000000000000000
0.0000000000000000
0.0000000000000000
0.0000000000000000
0.0000000000000000
0.0000000000000000
0.0000000000000000
0.0000000000000000
0.0000000000000000
0.0000000000000000
0.0000000000000000
0.0000000000000000
0.0000000000000000
0.0000000000000000
0.0000000000000000
0.0000000000000000
0.0000000000000000
0.0000000000000000
0.0000000000000000
0.0000000000000000
0.0000000000000000
0.0000000000000000
0.0000000000000000
0.0000000000000000
0.0000000000000000
0.0000000000000000
0.0000000000000000
0.0000000000000000
0.0000000000000000
0.0000000000000000
0.0000000000000000
0.0000000000000000
0.0000000000000000
0.0000000000000000
0.0000000000000000
0.0000000000000000
0.0000000000000000
0.0000000000000000
0.0000000000000000
0.0000000000000000
0.0000000000000000
0.0000000000000000
0.0000000000000000
0.0000000000000000
0.0000000000000000
0.0000000000000000
0.0000000000000000
0.0000000000000000
0.0000000000000000
0.0000000000000000
0.0000000000000000
0.0000000000000000
0.0000000000000000
0.0000000000000000
0.0000000000000000
0.0000000000000000
0.0000000000000000
0.0000000000000000
0.0000000000000000
0.0000000000000000
0.0000000000000000
0.0000000000000000
0.0000000000000000
0.0000000000000000
0.0000000000000000
0.0000000000000000
0.0000000000000000
0.0000000000000000
0.0000000000000000
0.0000000000000000
0.0000000000000000
0.0000000000000000
0.0000000000000000
0.0000000000000000
0.0000000000000000
0.0000000000000000
0.0000000000000000
0.0000000000000000
0.0000000000000000
0.0000000000000000
0.0000000000000000
0.0000000000000000
0.0000000000000000
0.0000000000000000
0.0000000000000000
0.0000000000000000
0.0000000000000000
0.0000000000000000
0.0000000000000000
0.0000000000000000
0.0000000000000000
0.0000000000000000
0.0000000000000000
0.0000000000000000
0.0000000000000000
0.0000000000000000
0.0000000000000000
0.0000000000000000
0.0000000000000000
0.0000000000000000
0.0000000000000000
0.0000000000000000
0.0000000000000000
0.0000000000000000
0.0000000000000000
0.0000000000000000
0.0000000000000000
0.0000000000000000
0.0000000000000000
0.0000000000000000
0.0000000000000000
0.0000000000000000
0.0000000000000000
0.0000000000000000
0.0000000000000000
0.0000000000000000
0.0000000000000000
0.0000000000000000
0.0000000000000000
0.0000000000000000
0.0000000000000000
0.0000000000000000
0.0000000000000000
0.0000000000000000
0.0000000000000000
0.0000000000000000
0.0000000000000000
0.0000000000000000
0.0000000000000000
0.0000000000000000
0.0000000000000000
0.0000000000000000
0.0000000000000000
0.0000000000000000
0.0000000000000000
0.0000000000000000
0.0000000000000000
0.0000000000000000
0.0000000000000000
0.0000000000000000
0.0000000000000000
0.0000000000000000
0.0000000000000000
0.0000000000000000
0.0000000000000000
0.0000000000000000
0.0000000000000000
0.0000000000000000
0.0000000000000000
0.0000000000000000
0.0000000000000000
0.0000000000000000
0.0000000000000000
0.0000000000000000
0.0000000000000000
0.0000000000000000
0.0000000000000000
0.0000000000000000
0.0000000000000000
0.0000000000000000
0.0000000000000000
0.0000000000000000
0.0000000000000000
0.0000000000000000
0.0000000000000000
0.0000000000000000
0.0000000000000000
0.0000000000000000
0.0000000000000000
0.0000000000000000
0.0000000000000000
0.0000000000000000
0.0000000000000000
0.0000000000000000
0.0000000000000000
0.0000000000000000
0.0000000000000000
0.0000000000000000
0.0000000000000000
0.0000000000000000
0.0000000000000000
0.0000000000000000
0.0000000000000000
0.0000000000000000
0.0000000000000000
0.0000000000000000
0.0000000000000000
0.0000000000000000
0.0000000000000000
0.0000000000000000
0.0000000000000000
0.0000000000000000
0.0000000000000000
0.0000000000000000
0.0000000000000000
0.0000000000000000
0.0000000000000000
0.0000000000000000
0.0000000000000000
0.0000000000000000
0.0000000000000000
0.0000000000000000
0.0000000000000000
0.0000000000000000
0.0000000000000000
0.0000000000000000
0.0000000000000000
0.0000000000000000
0.0000000000000000
0.0000000000000000
0.0000000000000000
0.0000000000000000
0.0000000000000000
0.0000000000000000
0.0000000000000000
0.0000000000000000
0.0000000000000000
0.0000000000000000
0.0000000000000000
0.0000000000000000
0.0000000000000000
0.0000000000000000
0.0000000000000000
0.0000000000000000
0.0000000000000000
0.0000000000000000
0.0000000000000000
0.0000000000000000
0.0000000000000000
0.0000000000000000
0.0000000000000000
0.0000000000000000
0.0000000000000000
0.0000000000000000
0.0000000000000000
0.0000000000000000
0.0000000000000000
0.0000000000000000
0.0000000000000000
0.0000000000000000
0.0000000000000000
0.0000000000000000
0.0000000000000000
0.0000000000000000
0.0000000000000000
0.0000000000000000
0.0000000000000000
0.0000000000000000
0.0000000000000000
0.0000000000000000
0.0000000000000000
0.0000000000000000
0.0000000000000000
0.0000000000000000
0.0000000000000000
0.0000000000000000
0.0000000000000000
0.0000000000000000
0.0000000000000000
0.0000000000000000
0.0000000000000000
0.0000000000000000
0.0000000000000000
0.0000000000000000
0.0000000000000000
0.0000000000000000
0.0000000000000000
0.0000000000000000
0.0000000000000000
0.0000000000000000
0.0000000000000000
0.0000000000000000
0.0000000000000000
0.0000000000000000
0.0000000000000000
0.0000000000000000
0.0000000000000000
0.0000000000000000
0.0000000000000000
0.0000000000000000
0.0000000000000000
0.0000000000000000
0.0000000000000000
0.0000000000000000
0.0000000000000000
0.0000000000000000
0.0000000000000000
0.0000000000000000
0.0000000000000000
0.0000000000000000
0.0000000000000000
0.0000000000000000
0.0000000000000000
0.0000000000000000
0.0000000000000000
0.0000000000000000
0.0000000000000000
0.0000000000000000
0.0000000000000000
0.0000000000000000
0.0000000000000000
0.0000000000000000
0.0000000000000000
0.0000000000000000
0.0000000000000000
0.0000000000000000
0.0000000000000000
0.0000000000000000
0.0000000000000000
0.0000000000000000
0.0000000000000000
0.0000000000000000
0.0000000000000000
0.0000000000000000
0.0000000000000000
0.0000000000000000
0.0000000000000000
0.0000000000000000
0.0000000000000000
0.0000000000000000
0.0000000000000000
0.0000000000000000
0.0000000000000000
0.0000000000000000
0.0000000000000000
0.0000000000000000
0.0000000000000000
0.0000000000000000
0.0000000000000000
0.0000000000000000
0.0000000000000000
0.0000000000000000
0.0000000000000000
0.0000000000000000
0.0000000000000000
0.0000000000000000
0.0000000000000000
0.0000000000000000
0.0000000000000000
0.0000000000000000
0.0000000000000000
0.0000000000000000
0.0000000000000000
0.0000000000000000
0.0000000000000000
0.0000000000000000
0.0000000000000000
0.0000000000000000
0.0000000000000000
0.0000000000000000
0.0000000000000000
0.0000000000000000
0.0000000000000000
0.0000000000000000
0.0000000000000000
0.0000000000000000
0.0000000000000000
0.0000000000000000
0.0000000000000000
0.0000000000000000
0.0000000000000000
0.0000000000000000
0.0000000000000000
0.0000000000000000
0.0000000000000000
0.0000000000000000
0.0000000000000000
0.0000000000000000
0.0000000000000000
0.0000000000000000
0.0000000000000000
0.0000000000000000
0.0000000000000000
0.0000000000000000
0.0000000000000000
0.0000000000000000
0.0000000000000000
0.0000000000000000
0.0000000000000000
0.0000000000000000
0.0000000000000000
0.0000000000000000
0.0000000000000000
0.0000000000000000
0.0000000000000000
0.0000000000000000
0.0000000000000000
0.0000000000000000
0.0000000000000000
0.0000000000000000
0.0000000000000000
0.0000000000000000
0.0000000000000000
0.0000000000000000
0.0000000000000000
0.0000000000000000
0.0000000000000000
0.0000000000000000
0.0000000000000000
0.0000000000000000
0.0000000000000000
0.0000000000000000
0.0000000000000000
0.0000000000000000
0.0000000000000000
0.0000000000000000
0.0000000000000000
0.0000000000000000
0.0000000000000000
0.0000000000000000
0.0000000000000000
0.0000000000000000
0.0000000000000000
0.0000000000000000
0.0000000000000000
0.0000000000000000
0.0000000000000000
0.0000000000000000
0.0000000000000000
0.0000000000000000
0.0000000000000000
0.0000000000000000
0.0000000000000000
0.0000000000000000
0.0000000000000000
0.0000000000000000
0.0000000000000000
0.0000000000000000
0.0000000000000000
0.0000000000000000
0.0000000000000000
0.0000000000000000
0.0000000000000000
0.0000000000000000
0.0000000000000000
0.0000000000000000
0.0000000000000000
0.0000000000000000
0.0000000000000000
0.0000000000000000
0.0000000000000000
0.0000000000000000
0.0000000000000000
0.0000000000000000
0.0000000000000000
0.0000000000000000
0.0000000000000000
0.0000000000000000
0.0000000000000000
0.0000000000000000
0.0000000000000000
0.0000000000000000
0.0000000000000000
0.0000000000000000
0.0000000000000000
0.0000000000000000
0.0000000000000000
0.0000000000000000
0.0000000000000000
0.0000000000000000
0.0000000000000000
0.0000000000000000
0.0000000000000000
0.0000000000000000
0.0000000000000000
0.0000000000000000
0.0000000000000000
0.0000000000000000
0.0000000000000000
0.0000000000000000
0.0000000000000000
0.0000000000000000
0.0000000000000000
0.0000000000000000
0.0000000000000000
0.0000000000000000
0.0000000000000000
0.0000000000000000
0.0000000000000000
0.0000000000000000
0.0000000000000000
0.0000000000000000
0.0000000000000000
0.0000000000000000
0.0000000000000000
0.0000000000000000
0.0000000000000000
0.0000000000000000
0.0000000000000000
0.0000000000000000
0.0000000000000000
0.0000000000000000
0.0000000000000000
0.0000000000000000
0.0000000000000000
0.0000000000000000
0.0000000000000000
0.0000000000000000
0.0000000000000000
0.0000000000000000
0.0000000000000000
0.0000000000000000
0.0000000000000000
0.0000000000000000
0.0000000000000000
0.0000000000000000
0.0000000000000000
0.0000000000000000
0.0000000000000000
0.0000000000000000
0.0000000000000000
0.0000000000000000
0.0000000000000000
0.0000000000000000
0.0000000000000000
0.0000000000000000
0.0000000000000000
0.0000000000000000
0.0000000000000000
0.0000000000000000
0.0000000000000000
0.0000000000000000
0.0000000000000000
0.0000000000000000
0.0000000000000000
0.0000000000000000
0.0000000000000000
0.0000000000000000
0.0000000000000000
0.0000000000000000
0.0000000000000000
0.0000000000000000
0.0000000000000000
0.0000000000000000
0.0000000000000000
0.0000000000000000
0.0000000000000000
0.0000000000000000
0.0000000000000000
0.0000000000000000
0.0000000000000000
0.0000000000000000
0.0000000000000000
0.0000000000000000
0.0000000000000000
0.0000000000000000
0.0000000000000000
0.0000000000000000
0.0000000000000000
0.0000000000000000
0.0000000000000000
0.0000000000000000
0.0000000000000000
0.0000000000000000
0.0000000000000000
0.0000000000000000
0.0000000000000000
0.0000000000000000
0.0000000000000000
0.0000000000000000
0.0000000000000000
0.0000000000000000
0.0000000000000000
0.0000000000000000
0.0000000000000000
0.0000000000000000
0.0000000000000000
0.0000000000000000
0.0000000000000000
0.0000000000000000
0.0000000000000000
0.0000000000000000
0.0000000000000000
0.0000000000000000
0.0000000000000000
0.0000000000000000
0.0000000000000000
0.0000000000000000
0.0000000000000000
0.0000000000000000
0.0000000000000000
0.0000000000000000
0.0000000000000000
0.0000000000000000
0.0000000000000000
0.0000000000000000
0.0000000000000000
0.0000000000000000
0.0000000000000000
0.0000000000000000
0.0000000000000000
0.0000000000000000
0.0000000000000000
0.0000000000000000
0.0000000000000000
0.0000000000000000
0.0000000000000000
0.0000000000000000
0.0000000000000000
0.0000000000000000
0.0000000000000000
0.0000000000000000
0.0000000000000000
0.0000000000000000
0.0000000000000000
0.0000000000000000
0.0000000000000000
0.0000000000000000
0.0000000000000000
0.0000000000000000
0.0000000000000000
0.0000000000000000
0.0000000000000000
0.0000000000000000
0.0000000000000000
0.0000000000000000
0.0000000000000000
0.0000000000000000
0.0000000000000000
0.0000000000000000
0.0000000000000000
0.0000000000000000
0.0000000000000000
0.0000000000000000
0.0000000000000000
0.0000000000000000
0.0000000000000000
0.0000000000000000
0.0000000000000000
0.0000000000000000
0.0000000000000000
0.0000000000000000
0.0000000000000000
0.0000000000000000
0.0000000000000000
0.0000000000000000
0.0000000000000000
0.0000000000000000
0.0000000000000000
0.0000000000000000
0.0000000000000000
0.0000000000000000
0.0000000000000000
0.0000000000000000
0.0000000000000000
0.0000000000000000
0.0000000000000000
0.0000000000000000
0.0000000000000000
0.0000000000000000
0.0000000000000000
0.0000000000000000
0.0000000000000000
0.0000000000000000
0.0000000000000000
0.0000000000000000
0.0000000000000000
0.0000000000000000
0.0000000000000000
0.0000000000000000
0.0000000000000000
0.0000000000000000
0.0000000000000000
0.0000000000000000
0.0000000000000000
0.0000000000000000
0.0000000000000000
0.0000000000000000
0.0000000000000000
0.0000000000000000
0.0000000000000000
0.0000000000000000
0.0000000000000000
0.0000000000000000
0.0000000000000000
0.0000000000000000
0.0000000000000000
0.0000000000000000
0.0000000000000000
0.0000000000000000
0.0000000000000000
0.0000000000000000
0.0000000000000000
0.0000000000000000
0.0000000000000000
0.0000000000000000
0.0000000000000000
0.0000000000000000
0.0000000000000000
0.0000000000000000
0.0000000000000000
0.0000000000000000
0.0000000000000000
0.0000000000000000
0.0000000000000000
0.0000000000000000
0.0000000000000000
0.0000000000000000
0.0000000000000000
0.0000000000000000
0.0000000000000000
0.0000000000000000
0.0000000000000000
0.0000000000000000
0.0000000000000000
0.0000000000000000
0.0000000000000000
0.0000000000000000
0.0000000000000000
0.0000000000000000
0.0000000000000000
0.0000000000000000
0.0000000000000000
0.0000000000000000
0.0000000000000000
0.0000000000000000
0.0000000000000000
0.0000000000000000
0.0000000000000000
0.0000000000000000
0.0000000000000000
0.0000000000000000
0.0000000000000000
0.0000000000000000
0.0000000000000000
0.0000000000000000
0.0000000000000000
0.0000000000000000
0.0000000000000000
0.0000000000000000
0.0000000000000000
0.0000000000000000
0.0000000000000000
0.0000000000000000
0.0000000000000000
0.0000000000000000
0.0000000000000000
0.0000000000000000
0.0000000000000000
0.0000000000000000
0.0000000000000000
0.0000000000000000
0.0000000000000000
0.0000000000000000
0.0000000000000000
0.0000000000000000
0.0000000000000000
0.0000000000000000
0.0000000000000000
0.0000000000000000
0.0000000000000000
0.0000000000000000
0.0000000000000000
0.0000000000000000
0.0000000000000000
0.0000000000000000
0.0000000000000000
0.0000000000000000
0.0000000000000000
0.0000000000000000
0.0000000000000000
0.0000000000000000
0.0000000000000000
0.0000000000000000
0.0000000000000000
0.0000000000000000
0.0000000000000000
0.0000000000000000
0.0000000000000000
0.0000000000000000
0.0000000000000000
0.0000000000000000
0.0000000000000000
0.0000000000000000
0.0000000000000000
0.0000000000000000
0.0000000000000000
0.0000000000000000
0.0000000000000000
0.0000000000000000
0.0000000000000000
0.0000000000000000
0.0000000000000000
0.0000000000000000
0.0000000000000000
0.0000000000000000
0.0000000000000000
0.0000000000000000
0.0000000000000000
0.0000000000000000
0.0000000000000000
0.0000000000000000
0.0000000000000000
0.0000000000000000
0.0000000000000000
0.0000000000000000
0.0000000000000000
0.0000000000000000
0.0000000000000000
0.0000000000000000
0.0000000000000000
0.0000000000000000
0.0000000000000000
0.0000000000000000
0.0000000000000000
0.0000000000000000
0.0000000000000000
0.0000000000000000
0.0000000000000000
0.0000000000000000
0.0000000000000000
0.0000000000000000
0.0000000000000000
0.0000000000000000
0.0000000000000000
0.0000000000000000
0.0000000000000000
0.0000000000000000
0.0000000000000000
0.0000000000000000
0.0000000000000000
0.0000000000000000
0.0000000000000000
0.0000000000000000
0.0000000000000000
0.0000000000000000
0.0000000000000000
0.0000000000000000
0.0000000000000000
0.0000000000000000
0.0000000000000000
0.0000000000000000
0.0000000000000000
0.0000000000000000
0.0000000000000000
0.0000000000000000
0.0000000000000000
0.0000000000000000
0.0000000000000000
0.0000000000000000
0.0000000000000000
0.0000000000000000
0.0000000000000000
0.0000000000000000
0.0000000000000000
0.0000000000000000
0.0000000000000000
0.0000000000000000
0.0000000000000000
0.0000000000000000
0.0000000000000000
0.0000000000000000
0.0000000000000000
0.0000000000000000
0.0000000000000000
0.0000000000000000
0.0000000000000000
0.0000000000000000
0.0000000000000000
0.0000000000000000
0.0000000000000000
0.0000000000000000
0.0000000000000000
0.0000000000000000
0.0000000000000000
0.0000000000000000
0.0000000000000000
0.0000000000000000
0.0000000000000000
0.0000000000000000
0.0000000000000000
0.0000000000000000
0.0000000000000000
0.0000000000000000
0.0000000000000000
0.0000000000000000
0.0000000000000000
0.0000000000000000
0.0000000000000000
0.0000000000000000
0.0000000000000000
0.0000000000000000
0.0000000000000000
0.0000000000000000
0.0000000000000000
0.0000000000000000
0.0000000000000000
0.0000000000000000
0.0000000000000000
0.0000000000000000
0.0000000000000000
0.0000000000000000
0.0000000000000000
0.0000000000000000
0.0000000000000000
0.0000000000000000
0.0000000000000000
0.0000000000000000
0.0000000000000000
0.0000000000000000
0.0000000000000000
0.0000000000000000
0.0000000000000000
0.0000000000000000
0.0000000000000000
0.0000000000000000
0.0000000000000000
0.0000000000000000
0.0000000000000000
0.0000000000000000
0.0000000000000000
0.0000000000000000
0.0000000000000000
0.0000000000000000
0.0000000000000000
0.0000000000000000
0.0000000000000000
0.0000000000000000
0.0000000000000000
0.0000000000000000
0.0000000000000000
0.0000000000000000
0.0000000000000000
0.0000000000000000
0.0000000000000000
0.0000000000000000
0.0000000000000000
0.0000000000000000
0.0000000000000000
0.0000000000000000
0.0000000000000000
0.0000000000000000
0.0000000000000000
0.0000000000000000
0.0000000000000000
0.0000000000000000
0.0000000000000000
0.0000000000000000
0.0000000000000000
0.0000000000000000
0.0000000000000000
0.0000000000000000
0.0000000000000000
0.0000000000000000
0.0000000000000000
0.0000000000000000
0.0000000000000000
0.0000000000000000
0.0000000000000000
0.0000000000000000
0.0000000000000000
0.0000000000000000
0.0000000000000000
0.0000000000000000
0.0000000000000000
0.0000000000000000
0.0000000000000000
0.0000000000000000
0.0000000000000000
0.0000000000000000
0.0000000000000000
0.0000000000000000
0.0000000000000000
0.0000000000000000
0.0000000000000000
0.0000000000000000
0.0000000000000000
0.0000000000000000
0.0000000000000000
0.0000000000000000
0.0000000000000000
0.0000000000000000
0.0000000000000000
0.0000000000000000
0.0000000000000000
0.0000000000000000
0.0000000000000000
0.0000000000000000
0.0000000000000000
0.0000000000000000
0.0000000000000000
0.0000000000000000
0.0000000000000000
0.0000000000000000
0.0000000000000000
0.0000000000000000
0.0000000000000000
0.0000000000000000
0.0000000000000000
0.0000000000000000
0.0000000000000000
0.0000000000000000
0.0000000000000000
0.0000000000000000
0.0000000000000000
0.0000000000000000
0.0000000000000000
0.0000000000000000
0.0000000000000000
0.0000000000000000
0.0000000000000000
0.0000000000000000
0.0000000000000000
0.0000000000000000
0.0000000000000000
0.0000000000000000
0.0000000000000000
0.0000000000000000
0.0000000000000000
0.0000000000000000
0.0000000000000000
0.0000000000000000
0.0000000000000000
0.0000000000000000
0.0000000000000000
0.0000000000000000
0.0000000000000000
0.0000000000000000
0.0000000000000000
0.0000000000000000
0.0000000000000000
0.0000000000000000
0.0000000000000000
0.0000000000000000
0.0000000000000000
0.0000000000000000
0.0000000000000000
0.0000000000000000
0.0000000000000000
0.0000000000000000
0.0000000000000000
0.0000000000000000
0.0000000000000000
0.0000000000000000
0.0000000000000000
0.0000000000000000
0.0000000000000000
0.0000000000000000
0.0000000000000000
0.0000000000000000
0.0000000000000000
0.0000000000000000
0.0000000000000000
0.0000000000000000
0.0000000000000000
0.0000000000000000
0.0000000000000000
0.0000000000000000
0.0000000000000000
0.0000000000000000
0.0000000000000000
0.0000000000000000
0.0000000000000000
0.0000000000000000
0.0000000000000000
0.0000000000000000
0.0000000000000000
0.0000000000000000
0.0000000000000000
0.0000000000000000
0.0000000000000000
0.0000000000000000
0.0000000000000000
0.0000000000000000
0.0000000000000000
0.0000000000000000
0.0000000000000000
0.0000000000000000
0.0000000000000000
0.0000000000000000
0.0000000000000000
0.0000000000000000
0.0000000000000000
0.0000000000000000
0.0000000000000000
0.0000000000000000
0.0000000000000000
0.0000000000000000
0.0000000000000000
0.0000000000000000
0.0000000000000000
0.0000000000000000
0.0000000000000000
0.0000000000000000
0.0000000000000000
0.0000000000000000
0.0000000000000000
0.0000000000000000
0.0000000000000000
0.0000000000000000
0.0000000000000000
0.0000000000000000
0.0000000000000000
0.0000000000000000
0.0000000000000000
0.0000000000000000
0.0000000000000000
0.0000000000000000
0.0000000000000000
0.0000000000000000
0.0000000000000000
0.0000000000000000
0.0000000000000000
0.0000000000000000
0.0000000000000000
0.0000000000000000
0.0000000000000000
0.0000000000000000
0.0000000000000000
0.0000000000000000
0.0000000000000000
0.0000000000000000
0.0000000000000000
0.0000000000000000
0.0000000000000000
0.0000000000000000
0.0000000000000000
0.0000000000000000
0.0000000000000000
0.0000000000000000
0.0000000000000000
0.0000000000000000
0.0000000000000000
0.0000000000000000
0.0000000000000000
0.0000000000000000
0.0000000000000000
0.0000000000000000
0.0000000000000000
0.0000000000000000
0.0000000000000000
0.0000000000000000
0.0000000000000000
0.0000000000000000
0.0000000000000000
0.0000000000000000
0.0000000000000000
0.0000000000000000
0.0000000000000000
0.0000000000000000
0.0000000000000000
0.0000000000000000
0.0000000000000000
0.0000000000000000
0.0000000000000000
0.0000000000000000
0.0000000000000000
0.0000000000000000
0.0000000000000000
0.0000000000000000
0.0000000000000000
0.0000000000000000
0.0000000000000000
0.0000000000000000
0.0000000000000000
0.0000000000000000
0.0000000000000000
0.0000000000000000
0.0000000000000000
0.0000000000000000
0.0000000000000000
0.0000000000000000
0.0000000000000000
0.0000000000000000
0.0000000000000000
0.0000000000000000
0.0000000000000000
0.0000000000000000
0.0000000000000000
0.0000000000000000
0.0000000000000000
0.0000000000000000
0.0000000000000000
0.0000000000000000
0.0000000000000000
0.0000000000000000
0.0000000000000000
0.0000000000000000
0.0000000000000000
0.0000000000000000
0.0000000000000000
0.0000000000000000
0.0000000000000000
0.0000000000000000
0.0000000000000000
0.0000000000000000
0.0000000000000000
0.0000000000000000
0.0000000000000000
0.0000000000000000
0.0000000000000000
0.0000000000000000
0.0000000000000000
0.0000000000000000
0.0000000000000000
0.0000000000000000
0.0000000000000000
0.0000000000000000
0.0000000000000000
0.0000000000000000
0.0000000000000000
0.0000000000000000
0.0000000000000000
0.0000000000000000
0.0000000000000000
0.0000000000000000
0.0000000000000000
0.0000000000000000
0.0000000000000000
0.0000000000000000
0.0000000000000000
0.0000000000000000
0.0000000000000000
0.0000000000000000
0.0000000000000000
0.0000000000000000
0.0000000000000000
0.0000000000000000
0.0000000000000000
0.0000000000000000
0.0000000000000000
0.0000000000000000
0.0000000000000000
0.0000000000000000
0.0000000000000000
0.0000000000000000
0.0000000000000000
0.0000000000000000
0.0000000000000000
0.0000000000000000
0.0000000000000000
0.0000000000000000
0.0000000000000000
0.0000000000000000
0.0000000000000000
0.0000000000000000
0.0000000000000000
0.0000000000000000
0.0000000000000000
0.0000000000000000
0.0000000000000000
0.0000000000000000
0.0000000000000000
0.0000000000000000
0.0000000000000000
0.0000000000000000
0.0000000000000000
0.0000000000000000
0.0000000000000000
0.0000000000000000
0.0000000000000000
0.0000000000000000
0.0000000000000000
0.0000000000000000
0.0000000000000000
0.0000000000000000
0.0000000000000000
0.0000000000000000
0.0000000000000000
0.0000000000000000
0.0000000000000000
0.0000000000000000
0.0000000000000000
0.0000000000000000
0.0000000000000000
0.0000000000000000
0.0000000000000000
0.0000000000000000
0.0000000000000000
0.0000000000000000
0.0000000000000000
0.0000000000000000
0.0000000000000000
0.0000000000000000
0.0000000000000000
0.0000000000000000
0.0000000000000000
0.0000000000000000
0.0000000000000000
0.0000000000000000
0.0000000000000000
0.0000000000000000
0.0000000000000000
0.0000000000000000
0.0000000000000000
0.0000000000000000
0.0000000000000000
0.0000000000000000
0.0000000000000000
0.0000000000000000
0.0000000000000000
0.0000000000000000
0.0000000000000000
0.0000000000000000
0.0000000000000000
0.0000000000000000
0.0000000000000000
0.0000000000000000
0.0000000000000000
0.0000000000000000
0.0000000000000000
0.0000000000000000
0.0000000000000000
0.0000000000000000
0.0000000000000000
0.0000000000000000
0.0000000000000000
0.0000000000000000
0.0000000000000000
0.0000000000000000
0.0000000000000000
0.0000000000000000
0.0000000000000000
0.0000000000000000
0.0000000000000000
0.0000000000000000
0.0000000000000000
0.0000000000000000
0.0000000000000000
0.0000000000000000
0.0000000000000000
0.0000000000000000
0.0000000000000000
0.0000000000000000
0.0000000000000000
0.0000000000000000
0.0000000000000000
0.0000000000000000
0.0000000000000000
0.0000000000000000
0.0000000000000000
0.0000000000000000
0.0000000000000000
0.0000000000000000
0.0000000000000000
0.0000000000000000
0.0000000000000000
0.0000000000000000
0.0000000000000000
0.0000000000000000
0.0000000000000000
0.0000000000000000
0.0000000000000000
0.0000000000000000
0.0000000000000000
0.0000000000000000
0.0000000000000000
0.0000000000000000
0.0000000000000000
0.0000000000000000
0.0000000000000000
0.0000000000000000
0.0000000000000000
0.0000000000000000
0.0000000000000000
0.0000000000000000
0.0000000000000000
0.0000000000000000
0.0000000000000000
0.0000000000000000
0.0000000000000000
0.0000000000000000
0.0000000000000000
0.0000000000000000
0.0000000000000000
0.0000000000000000
0.0000000000000000
0.0000000000000000
0.0000000000000000
0.0000000000000000
0.0000000000000000
0.0000000000000000
0.0000000000000000
0.0000000000000000
0.0000000000000000
0.0000000000000000
0.0000000000000000
0.0000000000000000
0.0000000000000000
0.0000000000000000
0.0000000000000000
0.0000000000000000
0.0000000000000000
0.0000000000000000
0.0000000000000000
0.0000000000000000
0.0000000000000000
0.0000000000000000
0.0000000000000000
0.0000000000000000
0.0000000000000000
0.0000000000000000
0.0000000000000000
0.0000000000000000
0.0000000000000000
0.0000000000000000
0.0000000000000000
0.0000000000000000
0.0000000000000000
0.0000000000000000
0.0000000000000000
0.0000000000000000
0.0000000000000000
0.0000000000000000
0.0000000000000000
0.0000000000000000
0.0000000000000000
0.0000000000000000
0.0000000000000000
0.0000000000000000
0.0000000000000000
0.0000000000000000
0.0000000000000000
0.0000000000000000
0.0000000000000000
0.0000000000000000
0.0000000000000000
0.0000000000000000
0.0000000000000000
0.0000000000000000
0.0000000000000000
0.0000000000000000
0.0000000000000000
0.0000000000000000
0.0000000000000000
0.0000000000000000
0.0000000000000000
0.0000000000000000
0.0000000000000000
0.0000000000000000
0.0000000000000000
0.0000000000000000
0.0000000000000000
0.0000000000000000
0.0000000000000000
0.0000000000000000
0.0000000000000000
0.0000000000000000
0.0000000000000000
0.0000000000000000
0.0000000000000000
0.0000000000000000
0.0000000000000000
0.0000000000000000
0.0000000000000000
0.0000000000000000
0.0000000000000000
0.0000000000000000
0.0000000000000000
0.0000000000000000
0.0000000000000000
0.0000000000000000
0.0000000000000000
0.0000000000000000
0.0000000000000000
0.0000000000000000
0.0000000000000000
0.0000000000000000
0.0000000000000000
0.0000000000000000
0.0000000000000000
0.0000000000000000
0.0000000000000000
0.0000000000000000
0.0000000000000000
0.0000000000000000
0.0000000000000000
0.0000000000000000
0.0000000000000000
0.0000000000000000
0.0000000000000000
0.0000000000000000
0.0000000000000000
0.0000000000000000
0.0000000000000000
0.0000000000000000
0.0000000000000000
0.0000000000000000
0.0000000000000000
0.0000000000000000
0.0000000000000000
0.0000000000000000
0.0000000000000000
0.0000000000000000
0.0000000000000000
0.0000000000000000
0.0000000000000000
0.0000000000000000
0.0000000000000000
0.0000000000000000
0.0000000000000000
0.0000000000000000
0.0000000000000000
0.0000000000000000
0.0000000000000000
0.0000000000000000
0.0000000000000000
0.0000000000000000
0.0000000000000000
0.0000000000000000
0.0000000000000000
0.0000000000000000
0.0000000000000000
0.0000000000000000
0.0000000000000000
0.0000000000000000
0.0000000000000000
0.0000000000000000
0.0000000000000000
0.0000000000000000
0.0000000000000000
0.0000000000000000
0.0000000000000000
0.0000000000000000
0.0000000000000000
0.0000000000000000
0.0000000000000000
0.0000000000000000
0.0000000000000000
0.0000000000000000
0.0000000000000000
0.0000000000000000
0.0000000000000000
0.0000000000000000
0.0000000000000000
0.0000000000000000
0.0000000000000000
0.0000000000000000
0.0000000000000000
0.0000000000000000
0.0000000000000000
0.0000000000000000
0.0000000000000000
0.0000000000000000
0.0000000000000000
0.0000000000000000
0.0000000000000000
0.0000000000000000
0.0000000000000000
0.0000000000000000
0.0000000000000000
0.0000000000000000
0.0000000000000000
0.0000000000000000
0.0000000000000000
0.0000000000000000
0.0000000000000000
0.0000000000000000
0.0000000000000000
0.0000000000000000
0.0000000000000000
0.0000000000000000
0.0000000000000000
0.0000000000000000
0.0000000000000000
0.0000000000000000
0.0000000000000000
0.0000000000000000
0.0000000000000000
0.0000000000000000
0.0000000000000000
0.0000000000000000
0.0000000000000000
0.0000000000000000
0.0000000000000000
0.0000000000000000
0.0000000000000000
0.0000000000000000
0.0000000000000000
0.0000000000000000
0.0000000000000000
0.0000000000000000
0.0000000000000000
0.0000000000000000
0.0000000000000000
0.0000000000000000
0.0000000000000000
0.0000000000000000
0.0000000000000000
0.0000000000000000
0.0000000000000000
0.0000000000000000
0.0000000000000000
0.0000000000000000
0.0000000000000000
0.0000000000000000
0.0000000000000000
0.0000000000000000
0.0000000000000000
0.0000000000000000
0.0000000000000000
0.0000000000000000
0.0000000000000000
0.0000000000000000
0.0000000000000000
0.0000000000000000
0.0000000000000000
0.0000000000000000
0.0000000000000000
0.0000000000000000
0.0000000000000000
0.0000000000000000
0.0000000000000000
0.0000000000000000
0.0000000000000000
0.0000000000000000
0.0000000000000000
0.0000000000000000
0.0000000000000000
0.0000000000000000
0.0000000000000000
0.0000000000000000
0.0000000000000000
0.0000000000000000
0.0000000000000000
0.0000000000000000
0.0000000000000000
0.0000000000000000
0.0000000000000000
0.0000000000000000
0.0000000000000000
0.0000000000000000
0.0000000000000000
0.0000000000000000
0.0000000000000000
0.0000000000000000
0.0000000000000000
0.0000000000000000
0.0000000000000000
0.0000000000000000
0.0000000000000000
0.0000000000000000
0.0000000000000000
0.0000000000000000
0.0000000000000000
0.0000000000000000
0.0000000000000000
0.0000000000000000
0.0000000000000000
0.0000000000000000
0.0000000000000000
0.0000000000000000
0.0000000000000000
0.0000000000000000
0.0000000000000000
0.0000000000000000
0.0000000000000000
0.0000000000000000
0.0000000000000000
0.0000000000000000
0.0000000000000000
0.0000000000000000
0.0000000000000000
0.0000000000000000
0.0000000000000000
0.0000000000000000
0.0000000000000000
0.0000000000000000
0.0000000000000000
0.0000000000000000
0.0000000000000000
0.0000000000000000
0.0000000000000000
0.0000000000000000
0.0000000000000000
0.0000000000000000
0.0000000000000000
0.0000000000000000
0.0000000000000000
0.0000000000000000
0.0000000000000000
0.0000000000000000
0.0000000000000000
0.0000000000000000
0.0000000000000000
0.0000000000000000
0.0000000000000000
0.0000000000000000
0.0000000000000000
0.0000000000000000
0.0000000000000000
0.0000000000000000
0.0000000000000000
0.0000000000000000
0.0000000000000000
0.0000000000000000
0.0000000000000000
0.0000000000000000
0.0000000000000000
0.0000000000000000
0.0000000000000000
0.0000000000000000
0.0000000000000000
0.0000000000000000
0.0000000000000000
0.0000000000000000
0.0000000000000000
0.0000000000000000
0.0000000000000000
0.0000000000000000
0.0000000000000000
0.0000000000000000
0.0000000000000000
0.0000000000000000
0.0000000000000000
0.0000000000000000
0.0000000000000000
0.0000000000000000
0.0000000000000000
0.0000000000000000
0.0000000000000000
0.0000000000000000
0.0000000000000000
0.0000000000000000
0.0000000000000000
0.0000000000000000
0.0000000000000000
0.0000000000000000
0.0000000000000000
0.0000000000000000
0.0000000000000000
0.0000000000000000
0.0000000000000000
0.0000000000000000
0.0000000000000000
0.0000000000000000
0.0000000000000000
0.0000000000000000
0.0000000000000000
0.0000000000000000
0.0000000000000000
0.0000000000000000
0.0000000000000000
0.0000000000000000
0.0000000000000000
0.0000000000000000
0.0000000000000000
0.0000000000000000
0.0000000000000000
0.0000000000000000
0.0000000000000000
0.0000000000000000
0.0000000000000000
0.0000000000000000
0.0000000000000000
0.0000000000000000
0.0000000000000000
0.0000000000000000
0.0000000000000000
0.0000000000000000
0.0000000000000000
0.0000000000000000
0.0000000000000000
0.0000000000000000
0.0000000000000000
0.0000000000000000
0.0000000000000000
0.0000000000000000
0.0000000000000000
0.0000000000000000
0.0000000000000000
0.0000000000000000
0.0000000000000000
0.0000000000000000
0.0000000000000000
0.0000000000000000
0.0000000000000000
0.0000000000000000
0.0000000000000000
0.0000000000000000
0.0000000000000000
0.0000000000000000
0.0000000000000000
0.0000000000000000
0.0000000000000000
0.0000000000000000
0.0000000000000000
0.0000000000000000
0.0000000000000000
0.0000000000000000
0.0000000000000000
0.0000000000000000
0.0000000000000000
0.0000000000000000
0.0000000000000000
0.0000000000000000
0.0000000000000000
0.0000000000000000
0.0000000000000000
0.0000000000000000
0.0000000000000000
0.0000000000000000
0.0000000000000000
0.0000000000000000
0.0000000000000000
0.0000000000000000
0.0000000000000000
0.0000000000000000
0.0000000000000000
0.0000000000000000
0.0000000000000000
0.0000000000000000
0.0000000000000000
0.0000000000000000
0.0000000000000000
0.0000000000000000
0.0000000000000000
0.0000000000000000
0.0000000000000000
0.0000000000000000
0.0000000000000000
0.0000000000000000
0.0000000000000000
0.0000000000000000
0.0000000000000000
0.0000000000000000
0.0000000000000000
0.0000000000000000
0.0000000000000000
0.0000000000000000
0.0000000000000000
0.0000000000000000
0.0000000000000000
0.0000000000000000
0.0000000000000000
0.0000000000000000
0.0000000000000000
0.0000000000000000
0.0000000000000000
0.0000000000000000
0.0000000000000000
0.0000000000000000
0.0000000000000000
0.0000000000000000
0.0000000000000000
0.0000000000000000
0.0000000000000000
0.0000000000000000
0.0000000000000000
0.0000000000000000
0.0000000000000000
0.0000000000000000
0.0000000000000000
0.0000000000000000
0.0000000000000000
0.0000000000000000
0.0000000000000000
0.0000000000000000
0.0000000000000000
0.0000000000000000
0.0000000000000000
0.0000000000000000
0.0000000000000000
0.0000000000000000
0.0000000000000000
0.0000000000000000
0.0000000000000000
0.0000000000000000
0.0000000000000000
0.0000000000000000
0.0000000000000000
0.0000000000000000
0.0000000000000000
0.0000000000000000
0.0000000000000000
0.0000000000000000
0.0000000000000000
0.0000000000000000
0.0000000000000000
0.0000000000000000
0.0000000000000000
0.0000000000000000
0.0000000000000000
0.0000000000000000
0.0000000000000000
0.0000000000000000
0.0000000000000000
0.0000000000000000
0.0000000000000000
0.0000000000000000
0.0000000000000000
0.0000000000000000
0.0000000000000000
0.0000000000000000
0.0000000000000000
0.0000000000000000
0.0000000000000000
0.0000000000000000
0.0000000000000000
0.0000000000000000
0.0000000000000000
0.0000000000000000
0.0000000000000000
0.0000000000000000
0.0000000000000000
0.0000000000000000
0.0000000000000000
0.0000000000000000
0.0000000000000000
0.0000000000000000
0.0000000000000000
0.0000000000000000
0.0000000000000000
0.0000000000000000
0.0000000000000000
0.0000000000000000
0.0000000000000000
0.0000000000000000
0.0000000000000000
0.0000000000000000
0.0000000000000000
0.0000000000000000
0.0000000000000000
0.0000000000000000
0.0000000000000000
0.0000000000000000
0.0000000000000000
0.0000000000000000
0.0000000000000000
0.0000000000000000
0.0000000000000000
0.0000000000000000
0.0000000000000000
0.0000000000000000
0.0000000000000000
0.0000000000000000
0.0000000000000000
0.0000000000000000
0.0000000000000000
0.0000000000000000
0.0000000000000000
0.0000000000000000
0.0000000000000000
0.0000000000000000
0.0000000000000000
0.0000000000000000
0.0000000000000000
0.0000000000000000
0.0000000000000000
0.0000000000000000
0.0000000000000000
0.0000000000000000
0.0000000000000000
0.0000000000000000
0.0000000000000000
0.0000000000000000
0.0000000000000000
0.0000000000000000
0.0000000000000000
0.0000000000000000
0.0000000000000000
0.0000000000000000
0.0000000000000000
0.0000000000000000
0.0000000000000000
0.0000000000000000
0.0000000000000000
0.0000000000000000
0.0000000000000000
0.0000000000000000
0.0000000000000000
0.0000000000000000
0.0000000000000000
0.0000000000000000
0.0000000000000000
0.0000000000000000
0.0000000000000000
0.0000000000000000
0.0000000000000000
0.0000000000000000
0.0000000000000000
0.0000000000000000
0.0000000000000000
0.0000000000000000
0.0000000000000000
0.0000000000000000
0.0000000000000000
0.0000000000000000
0.0000000000000000
0.0000000000000000
0.0000000000000000
0.0000000000000000
0.0000000000000000
0.0000000000000000
0.0000000000000000
0.0000000000000000
0.0000000000000000
0.0000000000000000
0.0000000000000000
0.0000000000000000
0.0000000000000000
0.0000000000000000
0.0000000000000000
0.0000000000000000
0.0000000000000000
0.0000000000000000
0.0000000000000000
0.0000000000000000
0.0000000000000000
0.0000000000000000
0.0000000000000000
0.0000000000000000
0.0000000000000000
0.0000000000000000
0.0000000000000000
0.0000000000000000
0.0000000000000000
0.0000000000000000
0.0000000000000000
0.0000000000000000
0.0000000000000000
0.0000000000000000
0.0000000000000000
0.0000000000000000
0.0000000000000000
0.0000000000000000
0.0000000000000000
0.0000000000000000
0.0000000000000000
0.0000000000000000
0.0000000000000000
0.0000000000000000
0.0000000000000000
0.0000000000000000
0.0000000000000000
0.0000000000000000
0.0000000000000000
0.0000000000000000
0.0000000000000000
0.0000000000000000
0.0000000000000000
0.0000000000000000
0.0000000000000000
0.0000000000000000
0.0000000000000000
0.0000000000000000
0.0000000000000000
0.0000000000000000
0.0000000000000000
0.0000000000000000
0.0000000000000000
0.0000000000000000
0.0000000000000000
0.0000000000000000
0.0000000000000000
0.0000000000000000
0.0000000000000000
0.0000000000000000
0.0000000000000000
0.0000000000000000
0.0000000000000000
0.0000000000000000
0.0000000000000000
0.0000000000000000
0.0000000000000000
0.0000000000000000
0.0000000000000000
0.0000000000000000
0.0000000000000000
0.0000000000000000
0.0000000000000000
0.0000000000000000
0.0000000000000000
0.0000000000000000
0.0000000000000000
0.0000000000000000
0.0000000000000000
0.0000000000000000
0.0000000000000000
0.0000000000000000
0.0000000000000000
0.0000000000000000
0.0000000000000000
0.0000000000000000
0.0000000000000000
0.0000000000000000
0.0000000000000000
0.0000000000000000
0.0000000000000000
0.0000000000000000
0.0000000000000000
0.0000000000000000
0.0000000000000000
0.0000000000000000
0.0000000000000000
0.0000000000000000
0.0000000000000000
0.0000000000000000
0.0000000000000000
0.0000000000000000
0.0000000000000000
0.0000000000000000
0.0000000000000000
0.0000000000000000
0.0000000000000000
0.0000000000000000
0.0000000000000000
0.0000000000000000
0.0000000000000000
0.0000000000000000
0.0000000000000000
0.0000000000000000
0.0000000000000000
0.0000000000000000
0.0000000000000000
0.0000000000000000
0.0000000000000000
0.0000000000000000
0.0000000000000000
0.0000000000000000
0.0000000000000000
0.0000000000000000
0.0000000000000000
0.0000000000000000
0.0000000000000000
0.0000000000000000
0.0000000000000000
0.0000000000000000
0.0000000000000000
0.0000000000000000
0.0000000000000000
0.0000000000000000
0.0000000000000000
0.0000000000000000
0.0000000000000000
0.0000000000000000
0.0000000000000000
0.0000000000000000
0.0000000000000000
0.0000000000000000
0.0000000000000000
0.0000000000000000
0.0000000000000000
0.0000000000000000
0.0000000000000000
0.0000000000000000
0.0000000000000000
0.0000000000000000
0.0000000000000000
0.0000000000000000
0.0000000000000000
0.0000000000000000
0.0000000000000000
0.0000000000000000
0.0000000000000000
0.0000000000000000
0.0000000000000000
0.0000000000000000
0.0000000000000000
0.0000000000000000
0.0000000000000000
0.0000000000000000
0.0000000000000000
0.0000000000000000
0.0000000000000000
0.0000000000000000
0.0000000000000000
0.0000000000000000
0.0000000000000000
0.0000000000000000
0.0000000000000000
0.0000000000000000
0.0000000000000000
0.0000000000000000
0.0000000000000000
0.0000000000000000
0.0000000000000000
0.0000000000000000
0.0000000000000000
0.0000000000000000
0.0000000000000000
0.0000000000000000
0.0000000000000000
0.0000000000000000
0.0000000000000000
0.0000000000000000
0.0000000000000000
0.0000000000000000
0.0000000000000000
0.0000000000000000
0.0000000000000000
0.0000000000000000
0.0000000000000000
0.0000000000000000
0.0000000000000000
0.0000000000000000
0.0000000000000000
0.0000000000000000
0.0000000000000000
0.0000000000000000
0.0000000000000000
0.0000000000000000
0.0000000000000000
0.0000000000000000
0.0000000000000000
0.0000000000000000
0.0000000000000000
0.0000000000000000
0.0000000000000000
0.0000000000000000
0.0000000000000000
0.0000000000000000
0.0000000000000000
0.0000000000000000
0.0000000000000000
0.0000000000000000
0.0000000000000000
0.0000000000000000
0.0000000000000000
0.0000000000000000
0.0000000000000000
0.0000000000000000
0.0000000000000000
0.0000000000000000
0.0000000000000000
0.0000000000000000
0.0000000000000000
0.0000000000000000
0.0000000000000000
0.0000000000000000
0.0000000000000000
0.0000000000000000
0.0000000000000000
0.0000000000000000
0.0000000000000000
0.0000000000000000
0.0000000000000000
0.0000000000000000
0.0000000000000000
0.0000000000000000
0.0000000000000000
0.0000000000000000
0.0000000000000000
0.0000000000000000
0.0000000000000000
0.0000000000000000
0.0000000000000000
0.0000000000000000
0.0000000000000000
0.0000000000000000
0.0000000000000000
0.0000000000000000
0.0000000000000000
0.0000000000000000
0.0000000000000000
0.0000000000000000
0.0000000000000000
0.0000000000000000
0.0000000000000000
0.0000000000000000
0.0000000000000000
0.0000000000000000
0.0000000000000000
0.0000000000000000
0.0000000000000000
0.0000000000000000
0.0000000000000000
0.0000000000000000
0.0000000000000000
0.0000000000000000
0.0000000000000000
0.0000000000000000
0.0000000000000000
0.0000000000000000
0.0000000000000000
0.0000000000000000
0.0000000000000000
0.0000000000000000
0.0000000000000000
0.0000000000000000
0.0000000000000000
0.0000000000000000
0.0000000000000000
0.0000000000000000
0.0000000000000000
0.0000000000000000
0.0000000000000000
0.0000000000000000
0.0000000000000000
0.0000000000000000
0.0000000000000000
0.0000000000000000
0.0000000000000000
0.0000000000000000
0.0000000000000000
0.0000000000000000
0.0000000000000000
0.0000000000000000
0.0000000000000000
0.0000000000000000
0.0000000000000000
0.0000000000000000
0.0000000000000000
0.0000000000000000
0.0000000000000000
0.0000000000000000
0.0000000000000000
0.0000000000000000
0.0000000000000000
0.0000000000000000
0.0000000000000000
0.0000000000000000
0.0000000000000000
0.0000000000000000
0.0000000000000000
0.0000000000000000
0.0000000000000000
0.0000000000000000
0.0000000000000000
0.0000000000000000
0.0000000000000000
0.0000000000000000
0.0000000000000000
0.0000000000000000
0.0000000000000000
0.0000000000000000
0.0000000000000000
0.0000000000000000
0.0000000000000000
0.0000000000000000
0.0000000000000000
0.0000000000000000
0.0000000000000000
0.0000000000000000
0.0000000000000000
0.0000000000000000
0.0000000000000000
0.0000000000000000
0.0000000000000000
0.0000000000000000
0.0000000000000000
0.0000000000000000
0.0000000000000000
0.0000000000000000
0.0000000000000000
0.0000000000000000
0.0000000000000000
0.0000000000000000
0.0000000000000000
0.0000000000000000
0.0000000000000000
0.0000000000000000
0.0000000000000000
0.0000000000000000
0.0000000000000000
0.0000000000000000
0.0000000000000000
0.0000000000000000
0.0000000000000000
0.0000000000000000
0.0000000000000000
0.0000000000000000
0.0000000000000000
0.0000000000000000
0.0000000000000000
0.0000000000000000
0.0000000000000000
0.0000000000000000
0.0000000000000000
0.0000000000000000
0.0000000000000000
0.0000000000000000
0.0000000000000000
0.0000000000000000
0.0000000000000000
0.0000000000000000
0.0000000000000000
0.0000000000000000
0.0000000000000000
0.0000000000000000
0.0000000000000000
0.0000000000000000
0.0000000000000000
0.0000000000000000
0.0000000000000000
0.0000000000000000
0.0000000000000000
0.0000000000000000
0.0000000000000000
0.0000000000000000
0.0000000000000000
0.0000000000000000
0.0000000000000000
0.0000000000000000
0.0000000000000000
0.0000000000000000
0.0000000000000000
0.0000000000000000
0.0000000000000000
0.0000000000000000
0.0000000000000000
0.0000000000000000
0.0000000000000000
0.0000000000000000
0.0000000000000000
0.0000000000000000
0.0000000000000000
0.0000000000000000
0.0000000000000000
0.0000000000000000
0.0000000000000000
0.0000000000000000
0.0000000000000000
0.0000000000000000
0.0000000000000000
0.0000000000000000
0.0000000000000000
0.0000000000000000
0.0000000000000000
0.0000000000000000
0.0000000000000000
0.0000000000000000
0.0000000000000000
0.0000000000000000
0.0000000000000000
0.0000000000000000
0.0000000000000000
0.0000000000000000
0.0000000000000000
0.0000000000000000
0.0000000000000000
0.0000000000000000
0.0000000000000000
0.0000000000000000
0.0000000000000000
0.0000000000000000
0.0000000000000000
0.0000000000000000
0.0000000000000000
0.0000000000000000
0.0000000000000000
0.0000000000000000
0.0000000000000000
0.0000000000000000
0.0000000000000000
0.0000000000000000
0.0000000000000000
0.0000000000000000
0.0000000000000000
0.0000000000000000
0.0000000000000000
0.0000000000000000
0.0000000000000000
0.0000000000000000
0.0000000000000000
0.0000000000000000
0.0000000000000000
0.0000000000000000
0.0000000000000000
0.0000000000000000
0.0000000000000000
0.0000000000000000
0.0000000000000000
0.0000000000000000
0.0000000000000000
0.0000000000000000
0.0000000000000000
0.0000000000000000
0.0000000000000000
0.0000000000000000
0.0000000000000000
0.0000000000000000
0.0000000000000000
0.0000000000000000
0.0000000000000000
0.0000000000000000
0.0000000000000000
0.0000000000000000
0.0000000000000000
0.0000000000000000
0.0000000000000000
0.0000000000000000
0.0000000000000000
0.0000000000000000
0.0000000000000000
0.0000000000000000
0.0000000000000000
0.0000000000000000
0.0000000000000000
0.0000000000000000
0.0000000000000000
0.0000000000000000
0.0000000000000000
0.0000000000000000
0.0000000000000000
0.0000000000000000
0.0000000000000000
0.0000000000000000
0.0000000000000000
0.0000000000000000
0.0000000000000000
0.0000000000000000
0.0000000000000000
0.0000000000000000
0.0000000000000000
0.0000000000000000
0.0000000000000000
0.0000000000000000
0.0000000000000000
0.0000000000000000
0.0000000000000000
0.0000000000000000
0.0000000000000000
0.0000000000000000
0.0000000000000000
0.0000000000000000
0.0000000000000000
0.0000000000000000
0.0000000000000000
0.0000000000000000
0.0000000000000000
0.0000000000000000
0.0000000000000000
0.0000000000000000
0.0000000000000000
0.0000000000000000
0.0000000000000000
0.0000000000000000
0.0000000000000000
0.0000000000000000
0.0000000000000000
0.0000000000000000
0.0000000000000000
0.0000000000000000
0.0000000000000000
0.0000000000000000
0.0000000000000000
0.0000000000000000
0.0000000000000000
0.0000000000000000
0.0000000000000000
0.0000000000000000
0.0000000000000000
0.0000000000000000
0.0000000000000000
0.0000000000000000
0.0000000000000000
0.0000000000000000
0.0000000000000000
0.0000000000000000
0.0000000000000000
0.0000000000000000
0.0000000000000000
0.0000000000000000
0.0000000000000000
0.0000000000000000
0.0000000000000000
0.0000000000000000
0.0000000000000000
0.0000000000000000
0.0000000000000000
0.0000000000000000
0.0000000000000000
0.0000000000000000
0.0000000000000000
0.0000000000000000
0.0000000000000000
0.0000000000000000
0.0000000000000000
0.0000000000000000
0.0000000000000000
0.0000000000000000
0.0000000000000000
0.0000000000000000
0.0000000000000000
0.0000000000000000
0.0000000000000000
0.0000000000000000
0.0000000000000000
0.0000000000000000
0.0000000000000000
0.0000000000000000
0.0000000000000000
0.0000000000000000
0.0000000000000000
0.0000000000000000
0.0000000000000000
0.0000000000000000
0.0000000000000000
0.0000000000000000
0.0000000000000000
0.0000000000000000
0.0000000000000000
0.0000000000000000
0.0000000000000000
0.0000000000000000
0.0000000000000000
0.0000000000000000
0.0000000000000000
0.0000000000000000
0.0000000000000000
0.0000000000000000
0.0000000000000000
0.0000000000000000
0.0000000000000000
0.0000000000000000
0.0000000000000000
0.0000000000000000
0.0000000000000000
0.0000000000000000
0.0000000000000000
0.0000000000000000
0.0000000000000000
0.0000000000000000
0.0000000000000000
0.0000000000000000
0.0000000000000000
0.0000000000000000
0.0000000000000000
0.0000000000000000
0.0000000000000000
0.0000000000000000
0.0000000000000000
0.0000000000000000
0.0000000000000000
0.0000000000000000
0.0000000000000000
0.0000000000000000
0.0000000000000000
0.0000000000000000
0.0000000000000000
0.0000000000000000
0.0000000000000000
0.0000000000000000
0.0000000000000000
0.0000000000000000
0.0000000000000000
0.0000000000000000
0.0000000000000000
0.0000000000000000
0.0000000000000000
0.0000000000000000
0.0000000000000000
0.0000000000000000
0.0000000000000000
0.0000000000000000
0.0000000000000000
0.0000000000000000
0.0000000000000000
0.0000000000000000
0.0000000000000000
0.0000000000000000
0.0000000000000000
0.0000000000000000
0.0000000000000000
0.0000000000000000
0.0000000000000000
0.0000000000000000
0.0000000000000000
0.0000000000000000
0.0000000000000000
0.0000000000000000
0.0000000000000000
0.0000000000000000
0.0000000000000000
0.0000000000000000
0.0000000000000000
0.0000000000000000
0.0000000000000000
0.0000000000000000
0.0000000000000000
0.0000000000000000
0.0000000000000000
0.0000000000000000
0.0000000000000000
0.0000000000000000
0.0000000000000000
0.0000000000000000
0.0000000000000000
0.0000000000000000
0.0000000000000000
0.0000000000000000
0.0000000000000000
0.0000000000000000
0.0000000000000000
0.0000000000000000
0.0000000000000000
0.0000000000000000
0.0000000000000000
0.0000000000000000
0.0000000000000000
0.0000000000000000
0.0000000000000000
0.0000000000000000
0.0000000000000000
0.0000000000000000
0.0000000000000000
0.0000000000000000
0.0000000000000000
0.0000000000000000
0.0000000000000000
0.0000000000000000
0.0000000000000000
0.0000000000000000
0.0000000000000000
0.0000000000000000
0.0000000000000000
0.0000000000000000
0.0000000000000000
0.0000000000000000
0.0000000000000000
0.0000000000000000
0.0000000000000000
0.0000000000000000
0.0000000000000000
0.0000000000000000
0.0000000000000000
0.0000000000000000
0.0000000000000000
0.0000000000000000
0.0000000000000000
0.0000000000000000
0.0000000000000000
0.0000000000000000
0.0000000000000000
0.0000000000000000
0.0000000000000000
0.0000000000000000
0.0000000000000000
0.0000000000000000
0.0000000000000000
0.0000000000000000
0.0000000000000000
0.0000000000000000
0.0000000000000000
0.0000000000000000
0.0000000000000000
0.0000000000000000
0.0000000000000000
0.0000000000000000
0.0000000000000000
0.0000000000000000
0.0000000000000000
0.0000000000000000
0.0000000000000000
0.0000000000000000
0.0000000000000000
0.0000000000000000
0.0000000000000000
0.0000000000000000
0.0000000000000000
0.0000000000000000
0.0000000000000000
0.0000000000000000
0.0000000000000000
0.0000000000000000
0.0000000000000000
0.0000000000000000
0.0000000000000000
0.0000000000000000
0.0000000000000000
0.0000000000000000
0.0000000000000000
0.0000000000000000
0.0000000000000000
0.0000000000000000
0.0000000000000000
0.0000000000000000
0.0000000000000000
0.0000000000000000
0.0000000000000000
0.0000000000000000
0.0000000000000000
0.0000000000000000
0.0000000000000000
0.0000000000000000
0.0000000000000000
0.0000000000000000
0.0000000000000000
0.0000000000000000
0.0000000000000000
0.0000000000000000
0.0000000000000000
0.0000000000000000
0.0000000000000000
0.0000000000000000
0.0000000000000000
0.0000000000000000
0.0000000000000000
0.0000000000000000
0.0000000000000000
0.0000000000000000
0.0000000000000000
0.0000000000000000
0.0000000000000000
0.0000000000000000
0.0000000000000000
0.0000000000000000
0.0000000000000000
0.0000000000000000
0.0000000000000000
0.0000000000000000
0.0000000000000000
0.0000000000000000
0.0000000000000000
0.0000000000000000
0.0000000000000000
0.0000000000000000
0.0000000000000000
0.0000000000000000
0.0000000000000000
0.0000000000000000
0.0000000000000000
0.0000000000000000
0.0000000000000000
0.0000000000000000
0.0000000000000000
0.0000000000000000
0.0000000000000000
0.0000000000000000
0.0000000000000000
0.0000000000000000
0.0000000000000000
0.0000000000000000
0.0000000000000000
0.0000000000000000
0.0000000000000000
0.0000000000000000
0.0000000000000000
0.0000000000000000
0.0000000000000000
0.0000000000000000
0.0000000000000000
0.0000000000000000
0.0000000000000000
0.0000000000000000
0.0000000000000000
0.0000000000000000
0.0000000000000000
0.0000000000000000
0.0000000000000000
0.0000000000000000
0.0000000000000000
0.0000000000000000
0.0000000000000000
0.0000000000000000
0.0000000000000000
0.0000000000000000
0.0000000000000000
0.0000000000000000
0.0000000000000000
0.0000000000000000
0.0000000000000000
0.0000000000000000
0.0000000000000000
0.0000000000000000
0.0000000000000000
0.0000000000000000
0.0000000000000000
0.0000000000000000
0.0000000000000000
0.0000000000000000
0.0000000000000000
0.0000000000000000
0.0000000000000000
0.0000000000000000
0.0000000000000000
0.0000000000000000
0.0000000000000000
0.0000000000000000
0.0000000000000000
0.0000000000000000
0.0000000000000000
0.0000000000000000
0.0000000000000000
0.0000000000000000
0.0000000000000000
0.0000000000000000
0.0000000000000000
0.0000000000000000
0.0000000000000000
0.0000000000000000
0.0000000000000000
0.0000000000000000
0.0000000000000000
0.0000000000000000
0.0000000000000000
0.0000000000000000
0.0000000000000000
0.0000000000000000
0.0000000000000000
0.0000000000000000
0.0000000000000000
0.0000000000000000
0.0000000000000000
0.0000000000000000
0.0000000000000000
0.0000000000000000
0.0000000000000000
0.0000000000000000
0.0000000000000000
0.0000000000000000
0.0000000000000000
0.0000000000000000
0.0000000000000000
0.0000000000000000
0.0000000000000000
0.0000000000000000
0.0000000000000000
0.0000000000000000
0.0000000000000000
0.0000000000000000
0.0000000000000000
0.0000000000000000
0.0000000000000000
0.0000000000000000
0.0000000000000000
0.0000000000000000
0.0000000000000000
0.0000000000000000
0.0000000000000000
0.0000000000000000
0.0000000000000000
0.0000000000000000
0.0000000000000000
0.0000000000000000
0.0000000000000000
0.0000000000000000
0.0000000000000000
0.0000000000000000
0.0000000000000000
0.0000000000000000
0.0000000000000000
0.0000000000000000
0.0000000000000000
0.0000000000000000
0.0000000000000000
0.0000000000000000
0.0000000000000000
0.0000000000000000
0.0000000000000000
0.0000000000000000
0.0000000000000000
0.0000000000000000
0.0000000000000000
0.0000000000000000
0.0000000000000000
0.0000000000000000
0.0000000000000000
0.0000000000000000
0.0000000000000000
0.0000000000000000
0.0000000000000000
0.0000000000000000
0.0000000000000000
0.0000000000000000
0.0000000000000000
0.0000000000000000
0.0000000000000000
0.0000000000000000
0.0000000000000000
0.0000000000000000
0.0000000000000000
0.0000000000000000
0.0000000000000000
0.0000000000000000
0.0000000000000000
0.0000000000000000
0.0000000000000000
0.0000000000000000
0.0000000000000000
0.0000000000000000
0.0000000000000000
0.0000000000000000
0.0000000000000000
0.0000000000000000
0.0000000000000000
0.0000000000000000
0.0000000000000000
0.0000000000000000
0.0000000000000000
0.0000000000000000
0.0000000000000000
0.0000000000000000
0.0000000000000000
0.0000000000000000
0.0000000000000000
0.0000000000000000
0.0000000000000000
0.0000000000000000
0.0000000000000000
0.0000000000000000
0.0000000000000000
0.0000000000000000
0.0000000000000000
0.0000000000000000
0.0000000000000000
0.0000000000000000
0.0000000000000000
0.0000000000000000
0.0000000000000000
0.0000000000000000
0.0000000000000000
0.0000000000000000
0.0000000000000000
0.0000000000000000
0.0000000000000000
0.0000000000000000
0.0000000000000000
0.0000000000000000
0.0000000000000000
0.0000000000000000
0.0000000000000000
0.0000000000000000
0.0000000000000000
0.0000000000000000
0.0000000000000000
0.0000000000000000
0.0000000000000000
0.0000000000000000
0.0000000000000000
0.0000000000000000
0.0000000000000000
0.0000000000000000
0.0000000000000000
0.0000000000000000
0.0000000000000000
0.0000000000000000
0.0000000000000000
0.0000000000000000
0.0000000000000000
0.0000000000000000
0.0000000000000000
0.0000000000000000
0.0000000000000000
0.0000000000000000
0.0000000000000000
0.0000000000000000
0.0000000000000000
0.0000000000000000
0.0000000000000000
0.0000000000000000
0.0000000000000000
0.0000000000000000
0.0000000000000000
0.0000000000000000
0.0000000000000000
0.0000000000000000
0.0000000000000000
0.0000000000000000
0.0000000000000000
0.0000000000000000
0.0000000000000000
0.0000000000000000
0.0000000000000000
0.0000000000000000
0.0000000000000000
0.0000000000000000
0.0000000000000000
0.0000000000000000
0.0000000000000000
0.0000000000000000
0.0000000000000000
0.0000000000000000
0.0000000000000000
0.0000000000000000
0.0000000000000000
0.0000000000000000
0.0000000000000000
0.0000000000000000
0.0000000000000000
0.0000000000000000
0.0000000000000000
0.0000000000000000
0.0000000000000000
0.0000000000000000
0.0000000000000000
0.0000000000000000
0.0000000000000000
0.0000000000000000
0.0000000000000000
0.0000000000000000
0.0000000000000000
0.0000000000000000
0.0000000000000000
0.0000000000000000
0.0000000000000000
0.0000000000000000
0.0000000000000000
0.0000000000000000
0.0000000000000000
0.0000000000000000
0.0000000000000000
0.0000000000000000
0.0000000000000000
0.0000000000000000
0.0000000000000000
0.0000000000000000
0.0000000000000000
0.0000000000000000
0.0000000000000000
0.0000000000000000
0.0000000000000000
0.0000000000000000
0.0000000000000000
0.0000000000000000
0.0000000000000000
0.0000000000000000
0.0000000000000000
0.0000000000000000
0.0000000000000000
0.0000000000000000
0.0000000000000000
0.0000000000000000
0.0000000000000000
0.0000000000000000
0.0000000000000000
0.0000000000000000
0.0000000000000000
0.0000000000000000
0.0000000000000000
0.0000000000000000
0.0000000000000000
0.0000000000000000
0.0000000000000000
0.0000000000000000
0.0000000000000000
0.0000000000000000
0.0000000000000000
0.0000000000000000
0.0000000000000000
0.0000000000000000
0.0000000000000000
0.0000000000000000
0.0000000000000000
0.0000000000000000
0.0000000000000000
0.0000000000000000
0.0000000000000000
0.0000000000000000
0.0000000000000000
0.0000000000000000
0.0000000000000000
0.0000000000000000
0.0000000000000000
0.0000000000000000
0.0000000000000000
0.0000000000000000
0.0000000000000000
0.0000000000000000
0.0000000000000000
0.0000000000000000
0.0000000000000000
0.0000000000000000
0.0000000000000000
0.0000000000000000
0.0000000000000000
0.0000000000000000
0.0000000000000000
0.0000000000000000
0.0000000000000000
0.0000000000000000
0.0000000000000000
0.0000000000000000
0.0000000000000000
0.0000000000000000
0.0000000000000000
0.0000000000000000
0.0000000000000000
0.0000000000000000
0.0000000000000000
0.0000000000000000
0.0000000000000000
0.0000000000000000
0.0000000000000000
0.0000000000000000
0.0000000000000000
0.0000000000000000
0.0000000000000000
0.0000000000000000
0.0000000000000000
0.0000000000000000
0.0000000000000000
0.0000000000000000
0.0000000000000000
0.0000000000000000
0.0000000000000000
0.0000000000000000
0.0000000000000000
0.0000000000000000
0.0000000000000000
0.0000000000000000
0.0000000000000000
0.0000000000000000
0.0000000000000000
0.0000000000000000
0.0000000000000000
0.0000000000000000
0.0000000000000000
0.0000000000000000
0.0000000000000000
0.0000000000000000
0.0000000000000000
0.0000000000000000
0.0000000000000000
0.0000000000000000
0.0000000000000000
0.0000000000000000
0.0000000000000000
0.0000000000000000
0.0000000000000000
0.0000000000000000
0.0000000000000000
0.0000000000000000
0.0000000000000000
0.0000000000000000
0.0000000000000000
0.0000000000000000
0.0000000000000000
0.0000000000000000
0.0000000000000000
0.0000000000000000
0.0000000000000000
0.0000000000000000
0.0000000000000000
0.0000000000000000
0.0000000000000000
0.0000000000000000
0.0000000000000000
0.0000000000000000
0.0000000000000000
0.0000000000000000
0.0000000000000000
0.0000000000000000
0.0000000000000000
0.0000000000000000
0.0000000000000000
0.0000000000000000
0.0000000000000000
0.0000000000000000
0.0000000000000000
0.0000000000000000
0.0000000000000000
0.0000000000000000
0.0000000000000000
0.0000000000000000
0.0000000000000000
0.0000000000000000
0.0000000000000000
0.0000000000000000
0.0000000000000000
0.0000000000000000
0.0000000000000000
0.0000000000000000
0.0000000000000000
0.0000000000000000
0.0000000000000000
0.0000000000000000
0.0000000000000000
0.0000000000000000
0.0000000000000000
0.0000000000000000
0.0000000000000000
0.0000000000000000
0.0000000000000000
0.0000000000000000
0.0000000000000000
0.0000000000000000
0.0000000000000000
0.0000000000000000
0.0000000000000000
0.0000000000000000
0.0000000000000000
0.0000000000000000
0.0000000000000000
0.0000000000000000
0.0000000000000000
0.0000000000000000
0.0000000000000000
0.0000000000000000
0.0000000000000000
0.0000000000000000
0.0000000000000000
0.0000000000000000
0.0000000000000000
0.0000000000000000
0.0000000000000000
0.0000000000000000
0.0000000000000000
0.0000000000000000
0.0000000000000000
0.0000000000000000
0.0000000000000000
0.0000000000000000
0.0000000000000000
0.0000000000000000
0.0000000000000000
0.0000000000000000
0.0000000000000000
0.0000000000000000
0.0000000000000000
0.0000000000000000
0.0000000000000000
0.0000000000000000
0.0000000000000000
0.0000000000000000
0.0000000000000000
0.0000000000000000
0.0000000000000000
0.0000000000000000
0.0000000000000000
0.0000000000000000
0.0000000000000000
0.0000000000000000
0.0000000000000000
0.0000000000000000
0.0000000000000000
0.0000000000000000
0.0000000000000000
0.0000000000000000
0.0000000000000000
0.0000000000000000
0.0000000000000000
0.0000000000000000
0.0000000000000000
0.0000000000000000
0.0000000000000000
0.0000000000000000
0.0000000000000000
0.0000000000000000
0.0000000000000000
0.0000000000000000
0.0000000000000000
0.0000000000000000
0.0000000000000000
0.0000000000000000
0.0000000000000000
0.0000000000000000
0.0000000000000000
0.0000000000000000
0.0000000000000000
0.0000000000000000
0.0000000000000000
0.0000000000000000
0.0000000000000000
0.0000000000000000
0.0000000000000000
0.0000000000000000
0.0000000000000000
0.0000000000000000
0.0000000000000000
0.0000000000000000
0.0000000000000000
0.0000000000000000
0.0000000000000000
0.0000000000000000
0.0000000000000000
0.0000000000000000
0.0000000000000000
0.0000000000000000
0.0000000000000000
0.0000000000000000
0.0000000000000000
0.0000000000000000
0.0000000000000000
0.0000000000000000
0.0000000000000000
0.0000000000000000
0.0000000000000000
0.0000000000000000
0.0000000000000000
0.0000000000000000
0.0000000000000000
0.0000000000000000
0.0000000000000000
0.0000000000000000
0.0000000000000000
0.0000000000000000
0.0000000000000000
0.0000000000000000
0.0000000000000000
0.0000000000000000
0.0000000000000000
0.0000000000000000
0.0000000000000000
0.0000000000000000
0.0000000000000000
0.0000000000000000
0.0000000000000000
0.0000000000000000
0.0000000000000000
0.0000000000000000
0.0000000000000000
0.0000000000000000
0.0000000000000000
0.0000000000000000
0.0000000000000000
0.0000000000000000
0.0000000000000000
0.0000000000000000
0.0000000000000000
0.0000000000000000
0.0000000000000000
0.0000000000000000
0.0000000000000000
0.0000000000000000
0.0000000000000000
0.0000000000000000
0.0000000000000000
0.0000000000000000
0.0000000000000000
0.0000000000000000
0.0000000000000000
0.0000000000000000
0.0000000000000000
0.0000000000000000
0.0000000000000000
0.0000000000000000
0.0000000000000000
0.0000000000000000
0.0000000000000000
0.0000000000000000
0.0000000000000000
0.0000000000000000
0.0000000000000000
0.0000000000000000
0.0000000000000000
0.0000000000000000
0.0000000000000000
0.0000000000000000
0.0000000000000000
0.0000000000000000
0.0000000000000000
0.0000000000000000
0.0000000000000000
0.0000000000000000
0.0000000000000000
0.0000000000000000
0.0000000000000000
0.0000000000000000
0.0000000000000000
0.0000000000000000
0.0000000000000000
0.0000000000000000
0.0000000000000000
0.0000000000000000
0.0000000000000000
0.0000000000000000
0.0000000000000000
0.0000000000000000
0.0000000000000000
0.0000000000000000
0.0000000000000000
0.0000000000000000
0.0000000000000000
0.0000000000000000
0.0000000000000000
0.0000000000000000
0.0000000000000000
0.0000000000000000
0.0000000000000000
0.0000000000000000
0.0000000000000000
0.0000000000000000
0.0000000000000000
0.0000000000000000
0.0000000000000000
0.0000000000000000
0.0000000000000000
0.0000000000000000
0.0000000000000000
0.0000000000000000
0.0000000000000000
0.0000000000000000
0.0000000000000000
0.0000000000000000
0.0000000000000000
0.0000000000000000
0.0000000000000000
0.0000000000000000
0.0000000000000000
0.0000000000000000
0.0000000000000000
0.0000000000000000
0.0000000000000000
0.0000000000000000
0.0000000000000000
0.0000000000000000
0.0000000000000000
0.0000000000000000
0.0000000000000000
0.0000000000000000
0.0000000000000000
0.0000000000000000
0.0000000000000000
0.0000000000000000
0.0000000000000000
0.0000000000000000
0.0000000000000000
0.0000000000000000
0.0000000000000000
0.0000000000000000
0.0000000000000000
0.0000000000000000
0.0000000000000000
0.0000000000000000
0.0000000000000000
0.0000000000000000
0.0000000000000000
0.0000000000000000
0.0000000000000000
0.0000000000000000
0.0000000000000000
0.0000000000000000
0.0000000000000000
0.0000000000000000
0.0000000000000000
0.0000000000000000
0.0000000000000000
0.0000000000000000
0.0000000000000000
0.0000000000000000
0.0000000000000000
0.0000000000000000
0.0000000000000000
0.0000000000000000
0.0000000000000000
0.0000000000000000
0.0000000000000000
0.0000000000000000
0.0000000000000000
0.0000000000000000
0.0000000000000000
0.0000000000000000
0.0000000000000000
0.0000000000000000
0.0000000000000000
0.0000000000000000
0.0000000000000000
0.0000000000000000
0.0000000000000000
0.0000000000000000
0.0000000000000000
0.0000000000000000
0.0000000000000000
0.0000000000000000
0.0000000000000000
0.0000000000000000
0.0000000000000000
0.0000000000000000
0.0000000000000000
0.0000000000000000
0.0000000000000000
0.0000000000000000
0.0000000000000000
0.0000000000000000
0.0000000000000000
0.0000000000000000
0.0000000000000000
0.0000000000000000
0.0000000000000000
0.0000000000000000
0.0000000000000000
0.0000000000000000
0.0000000000000000
0.0000000000000000
0.0000000000000000
0.0000000000000000
0.0000000000000000
0.0000000000000000
0.0000000000000000
0.0000000000000000
0.0000000000000000
0.0000000000000000
0.0000000000000000
0.0000000000000000
0.0000000000000000
0.0000000000000000
0.0000000000000000
0.0000000000000000
0.0000000000000000
0.0000000000000000
0.0000000000000000
0.0000000000000000
0.0000000000000000
0.0000000000000000
0.0000000000000000
0.0000000000000000
0.0000000000000000
0.0000000000000000
0.0000000000000000
0.0000000000000000
0.0000000000000000
0.0000000000000000
0.0000000000000000
0.0000000000000000
0.0000000000000000
0.0000000000000000
0.0000000000000000
0.0000000000000000
0.0000000000000000
0.0000000000000000
0.0000000000000000
0.0000000000000000
0.0000000000000000
0.0000000000000000
0.0000000000000000
0.0000000000000000
0.0000000000000000
0.0000000000000000
0.0000000000000000
0.0000000000000000
0.0000000000000000
0.0000000000000000
0.0000000000000000
0.0000000000000000
0.0000000000000000
0.0000000000000000
0.0000000000000000
0.0000000000000000
0.0000000000000000
0.0000000000000000
0.0000000000000000
0.0000000000000000
0.0000000000000000
0.0000000000000000
0.0000000000000000
0.0000000000000000
0.0000000000000000
0.0000000000000000
0.0000000000000000
0.0000000000000000
0.0000000000000000
0.0000000000000000
0.0000000000000000
0.0000000000000000
0.0000000000000000
0.0000000000000000
0.0000000000000000
0.0000000000000000
0.0000000000000000
0.0000000000000000
0.0000000000000000
0.0000000000000000
0.0000000000000000
0.0000000000000000
0.0000000000000000
0.0000000000000000
0.0000000000000000
0.0000000000000000
0.0000000000000000
0.0000000000000000
0.0000000000000000
0.0000000000000000
0.0000000000000000
0.0000000000000000
0.0000000000000000
0.0000000000000000
0.0000000000000000
0.0000000000000000
0.0000000000000000
0.0000000000000000
0.0000000000000000
0.0000000000000000
0.0000000000000000
0.0000000000000000
0.0000000000000000
0.0000000000000000
0.0000000000000000
0.0000000000000000
0.0000000000000000
0.0000000000000000
0.0000000000000000
0.0000000000000000
0.0000000000000000
0.0000000000000000
0.0000000000000000
0.0000000000000000
0.0000000000000000
0.0000000000000000
0.0000000000000000
0.0000000000000000
0.0000000000000000
0.0000000000000000
0.0000000000000000
0.0000000000000000
0.0000000000000000
0.0000000000000000
0.0000000000000000
0.0000000000000000
0.0000000000000000
0.0000000000000000
0.0000000000000000
0.0000000000000000
0.0000000000000000
0.0000000000000000
0.0000000000000000
0.0000000000000000
0.0000000000000000
0.0000000000000000
0.0000000000000000
0.0000000000000000
0.0000000000000000
0.0000000000000000
0.0000000000000000
0.0000000000000000
0.0000000000000000
0.0000000000000000
0.0000000000000000
0.0000000000000000
0.0000000000000000
0.0000000000000000
0.0000000000000000
0.0000000000000000
0.0000000000000000
0.0000000000000000
0.0000000000000000
0.0000000000000000
0.0000000000000000
0.0000000000000000
0.0000000000000000
0.0000000000000000
0.0000000000000000
0.0000000000000000
0.0000000000000000
0.0000000000000000
0.0000000000000000
0.0000000000000000
0.0000000000000000
0.0000000000000000
0.0000000000000000
0.0000000000000000
0.0000000000000000
0.0000000000000000
0.0000000000000000
0.0000000000000000
0.0000000000000000
0.0000000000000000
0.0000000000000000
0.0000000000000000
0.0000000000000000
0.0000000000000000
0.0000000000000000
0.0000000000000000
0.0000000000000000
0.0000000000000000
0.0000000000000000
0.0000000000000000
0.0000000000000000
0.0000000000000000
0.0000000000000000
0.0000000000000000
0.0000000000000000
0.0000000000000000
0.0000000000000000
0.0000000000000000
0.0000000000000000
0.0000000000000000
0.0000000000000000
0.0000000000000000
0.0000000000000000
0.0000000000000000
0.0000000000000000
0.0000000000000000
0.0000000000000000
0.0000000000000000
0.0000000000000000
0.0000000000000000
0.0000000000000000
0.0000000000000000
0.0000000000000000
0.0000000000000000
0.0000000000000000
0.0000000000000000
0.0000000000000000
0.0000000000000000
0.0000000000000000
0.0000000000000000
0.0000000000000000
0.0000000000000000
0.0000000000000000
0.0000000000000000
0.0000000000000000
0.0000000000000000
0.0000000000000000
0.0000000000000000
0.0000000000000000
0.0000000000000000
0.0000000000000000
0.0000000000000000
0.0000000000000000
0.0000000000000000
0.0000000000000000
0.0000000000000000
0.0000000000000000
0.0000000000000000
0.0000000000000000
0.0000000000000000
0.0000000000000000
0.0000000000000000
0.0000000000000000
0.0000000000000000
0.0000000000000000
0.0000000000000000
0.0000000000000000
0.0000000000000000
0.0000000000000000
0.0000000000000000
0.0000000000000000
0.0000000000000000
0.0000000000000000
0.0000000000000000
0.0000000000000000
0.0000000000000000
0.0000000000000000
0.0000000000000000
0.0000000000000000
0.0000000000000000
0.0000000000000000
0.0000000000000000
0.0000000000000000
0.0000000000000000
0.0000000000000000
0.0000000000000000
0.0000000000000000
0.0000000000000000
0.0000000000000000
0.0000000000000000
0.0000000000000000
0.0000000000000000
0.0000000000000000
0.0000000000000000
0.0000000000000000
0.0000000000000000
0.0000000000000000
0.0000000000000000
0.0000000000000000
0.0000000000000000
0.0000000000000000
0.0000000000000000
0.0000000000000000
0.0000000000000000
0.0000000000000000
0.0000000000000000
0.0000000000000000
0.0000000000000000
0.0000000000000000
0.0000000000000000
0.0000000000000000
0.0000000000000000
0.0000000000000000
0.0000000000000000
0.0000000000000000
0.0000000000000000
0.0000000000000000
0.0000000000000000
0.0000000000000000
0.0000000000000000
0.0000000000000000
0.0000000000000000
0.0000000000000000
0.0000000000000000
0.0000000000000000
0.0000000000000000
0.0000000000000000
0.0000000000000000
0.0000000000000000
0.0000000000000000
0.0000000000000000
0.0000000000000000
0.0000000000000000
0.0000000000000000
0.0000000000000000
0.0000000000000000
0.0000000000000000
0.0000000000000000
0.0000000000000000
0.0000000000000000
0.0000000000000000
0.0000000000000000
0.0000000000000000
0.0000000000000000
0.0000000000000000
0.0000000000000000
0.0000000000000000
0.0000000000000000
0.0000000000000000
0.0000000000000000
0.0000000000000000
0.0000000000000000
0.0000000000000000
0.0000000000000000
0.0000000000000000
0.0000000000000000
0.0000000000000000
0.0000000000000000
0.0000000000000000
0.0000000000000000
0.0000000000000000
0.0000000000000000
0.0000000000000000
0.0000000000000000
0.0000000000000000
0.0000000000000000
0.0000000000000000
0.0000000000000000
0.0000000000000000
0.0000000000000000
0.0000000000000000
0.0000000000000000
0.0000000000000000
0.0000000000000000
0.0000000000000000
0.0000000000000000
0.0000000000000000
0.0000000000000000
0.0000000000000000
0.0000000000000000
0.0000000000000000
0.0000000000000000
0.0000000000000000
0.0000000000000000
0.0000000000000000
0.0000000000000000
0.0000000000000000
0.0000000000000000
0.0000000000000000
0.0000000000000000
0.0000000000000000
0.0000000000000000
0.0000000000000000
0.0000000000000000
0.0000000000000000
0.0000000000000000
0.0000000000000000
0.0000000000000000
0.0000000000000000
0.0000000000000000
0.0000000000000000
0.0000000000000000
0.0000000000000000
0.0000000000000000
0.0000000000000000
0.0000000000000000
0.0000000000000000
0.0000000000000000
0.0000000000000000
0.0000000000000000
0.0000000000000000
0.0000000000000000
0.0000000000000000
0.0000000000000000
0.0000000000000000
0.0000000000000000
0.0000000000000000
0.0000000000000000
0.0000000000000000
0.0000000000000000
0.0000000000000000
0.0000000000000000
0.0000000000000000
0.0000000000000000
0.0000000000000000
0.0000000000000000
0.0000000000000000
0.0000000000000000
0.0000000000000000
0.0000000000000000
0.0000000000000000
0.0000000000000000
0.0000000000000000
0.0000000000000000
0.0000000000000000
0.0000000000000000
0.0000000000000000
0.0000000000000000
0.0000000000000000
0.0000000000000000
0.0000000000000000
0.0000000000000000
0.0000000000000000
0.0000000000000000
0.0000000000000000
0.0000000000000000
0.0000000000000000
0.0000000000000000
0.0000000000000000
0.0000000000000000
0.0000000000000000
0.0000000000000000
0.0000000000000000
0.0000000000000000
0.0000000000000000
0.0000000000000000
0.0000000000000000
0.0000000000000000
0.0000000000000000
0.0000000000000000
0.0000000000000000
0.0000000000000000
0.0000000000000000
0.0000000000000000
0.0000000000000000
0.0000000000000000
0.0000000000000000
0.0000000000000000
0.0000000000000000
0.0000000000000000
0.0000000000000000
0.0000000000000000
0.0000000000000000
0.0000000000000000
0.0000000000000000
0.0000000000000000
0.0000000000000000
0.0000000000000000
0.0000000000000000
0.0000000000000000
0.0000000000000000
0.0000000000000000
0.0000000000000000
0.0000000000000000
0.0000000000000000
0.0000000000000000
0.0000000000000000
0.0000000000000000
0.0000000000000000
0.0000000000000000
0.0000000000000000
0.0000000000000000
0.0000000000000000
0.0000000000000000
0.0000000000000000
0.0000000000000000
0.0000000000000000
0.0000000000000000
0.0000000000000000
0.0000000000000000
0.0000000000000000
0.0000000000000000
0.0000000000000000
0.0000000000000000
0.0000000000000000
0.0000000000000000
0.0000000000000000
0.0000000000000000
0.0000000000000000
0.0000000000000000
0.0000000000000000
0.0000000000000000
0.0000000000000000
0.0000000000000000
0.0000000000000000
0.0000000000000000
0.0000000000000000
0.0000000000000000
0.0000000000000000
0.0000000000000000
0.0000000000000000
0.0000000000000000
0.0000000000000000
0.0000000000000000
0.0000000000000000
0.0000000000000000
0.0000000000000000
0.0000000000000000
0.0000000000000000
0.0000000000000000
0.0000000000000000
0.0000000000000000
0.0000000000000000
0.0000000000000000
0.0000000000000000
0.0000000000000000
0.0000000000000000
0.0000000000000000
0.0000000000000000
0.0000000000000000
0.0000000000000000
0.0000000000000000
0.0000000000000000
0.0000000000000000
0.0000000000000000
0.0000000000000000
0.0000000000000000
0.0000000000000000
0.0000000000000000
0.0000000000000000
0.0000000000000000
0.0000000000000000
0.0000000000000000
0.0000000000000000
0.0000000000000000
0.0000000000000000
0.0000000000000000
0.0000000000000000
0.0000000000000000
0.0000000000000000
0.0000000000000000
0.0000000000000000
0.0000000000000000
0.0000000000000000
0.0000000000000000
0.0000000000000000
0.0000000000000000
0.0000000000000000
0.0000000000000000
0.0000000000000000
0.0000000000000000
0.0000000000000000
0.0000000000000000
0.0000000000000000
0.0000000000000000
0.0000000000000000
0.0000000000000000
0.0000000000000000
0.0000000000000000
0.0000000000000000
0.0000000000000000
0.0000000000000000
0.0000000000000000
0.0000000000000000
0.0000000000000000
0.0000000000000000
0.0000000000000000
0.0000000000000000
0.0000000000000000
0.0000000000000000
0.0000000000000000
0.0000000000000000
0.0000000000000000
0.0000000000000000
0.0000000000000000
0.0000000000000000
0.0000000000000000
0.0000000000000000
0.0000000000000000
0.0000000000000000
0.0000000000000000
0.0000000000000000
0.0000000000000000
0.0000000000000000
0.0000000000000000
0.0000000000000000
0.0000000000000000
0.0000000000000000
0.0000000000000000
0.0000000000000000
0.0000000000000000
0.0000000000000000
0.0000000000000000
0.0000000000000000
0.0000000000000000
0.0000000000000000
0.0000000000000000
0.0000000000000000
0.0000000000000000
0.0000000000000000
0.0000000000000000
0.0000000000000000
0.0000000000000000
0.0000000000000000
0.0000000000000000
0.0000000000000000
0.0000000000000000
0.0000000000000000
0.0000000000000000
0.0000000000000000
0.0000000000000000
0.0000000000000000
0.0000000000000000
0.0000000000000000
0.0000000000000000
0.0000000000000000
0.0000000000000000
0.0000000000000000
0.0000000000000000
0.0000000000000000
0.0000000000000000
0.0000000000000000
0.0000000000000000
0.0000000000000000
0.0000000000000000
0.0000000000000000
0.0000000000000000
0.0000000000000000
0.0000000000000000
0.0000000000000000
0.0000000000000000
0.0000000000000000
0.0000000000000000
0.0000000000000000
0.0000000000000000
0.0000000000000000
0.0000000000000000
0.0000000000000000
0.0000000000000000
0.0000000000000000
0.0000000000000000
0.0000000000000000
0.0000000000000000
0.0000000000000000
0.0000000000000000
0.0000000000000000
0.0000000000000000
0.0000000000000000
0.0000000000000000
0.0000000000000000
0.0000000000000000
0.0000000000000000
0.0000000000000000
0.0000000000000000
0.0000000000000000
0.0000000000000000
0.0000000000000000
0.0000000000000000
0.0000000000000000
0.0000000000000000
0.0000000000000000
0.0000000000000000
0.0000000000000000
0.0000000000000000
0.0000000000000000
0.0000000000000000
0.0000000000000000
0.0000000000000000
0.0000000000000000
0.0000000000000000
0.0000000000000000
0.0000000000000000
0.0000000000000000
0.0000000000000000
0.0000000000000000
0.0000000000000000
0.0000000000000000
0.0000000000000000
0.0000000000000000
0.0000000000000000
0.0000000000000000
0.0000000000000000
0.0000000000000000
0.0000000000000000
0.0000000000000000
0.0000000000000000
0.0000000000000000
0.0000000000000000
0.0000000000000000
0.0000000000000000
0.0000000000000000
0.0000000000000000
0.0000000000000000
0.0000000000000000
0.0000000000000000
0.0000000000000000
0.0000000000000000
0.0000000000000000
0.0000000000000000
0.0000000000000000
0.0000000000000000
0.0000000000000000
0.0000000000000000
0.0000000000000000
0.0000000000000000
0.0000000000000000
0.0000000000000000
0.0000000000000000
0.0000000000000000
0.0000000000000000
0.0000000000000000
0.0000000000000000
0.0000000000000000
0.0000000000000000
0.0000000000000000
0.0000000000000000
0.0000000000000000
0.0000000000000000
0.0000000000000000
0.0000000000000000
0.0000000000000000
0.0000000000000000
0.0000000000000000
0.0000000000000000
0.0000000000000000
0.0000000000000000
0.0000000000000000
0.0000000000000000
0.0000000000000000
0.0000000000000000
0.0000000000000000
0.0000000000000000
0.0000000000000000
0.0000000000000000
0.0000000000000000
0.0000000000000000
0.0000000000000000
0.0000000000000000
0.0000000000000000
0.0000000000000000
0.0000000000000000
0.0000000000000000
0.0000000000000000
0.0000000000000000
0.0000000000000000
0.0000000000000000
0.0000000000000000
0.0000000000000000
0.0000000000000000
0.0000000000000000
0.0000000000000000
0.0000000000000000
0.0000000000000000
0.0000000000000000
0.0000000000000000
0.0000000000000000
0.0000000000000000
0.0000000000000000
0.0000000000000000
0.0000000000000000
0.0000000000000000
0.0000000000000000
0.0000000000000000
0.0000000000000000
0.0000000000000000
0.0000000000000000
0.0000000000000000
0.0000000000000000
0.0000000000000000
0.0000000000000000
0.0000000000000000
0.0000000000000000
0.0000000000000000
0.0000000000000000
0.0000000000000000
0.0000000000000000
0.0000000000000000
0.0000000000000000
0.0000000000000000
0.0000000000000000
0.0000000000000000
0.0000000000000000
0.0000000000000000
0.0000000000000000
0.0000000000000000
0.0000000000000000
0.0000000000000000
0.0000000000000000
0.0000000000000000
0.0000000000000000
0.0000000000000000
0.0000000000000000
0.0000000000000000
0.0000000000000000
0.0000000000000000
0.0000000000000000
0.0000000000000000
0.0000000000000000
0.0000000000000000
0.0000000000000000
0.0000000000000000
0.0000000000000000
0.0000000000000000
0.0000000000000000
0.0000000000000000
0.0000000000000000
0.0000000000000000
0.0000000000000000
0.0000000000000000
0.0000000000000000
0.0000000000000000
0.0000000000000000
0.0000000000000000
0.0000000000000000
0.0000000000000000
0.0000000000000000
0.0000000000000000
0.0000000000000000
0.0000000000000000
0.0000000000000000
0.0000000000000000
0.0000000000000000
0.0000000000000000
0.0000000000000000
0.0000000000000000
0.0000000000000000
0.0000000000000000
0.0000000000000000
0.0000000000000000
0.0000000000000000
0.0000000000000000
0.0000000000000000
0.0000000000000000
0.0000000000000000
0.0000000000000000
0.0000000000000000
0.0000000000000000
0.0000000000000000
0.0000000000000000
0.0000000000000000
0.0000000000000000
0.0000000000000000
0.0000000000000000
0.0000000000000000
0.0000000000000000
0.0000000000000000
0.0000000000000000
0.0000000000000000
0.0000000000000000
0.0000000000000000
0.0000000000000000
0.0000000000000000
0.0000000000000000
0.0000000000000000
0.0000000000000000
0.0000000000000000
0.0000000000000000
0.0000000000000000
0.0000000000000000
0.0000000000000000
0.0000000000000000
0.0000000000000000
0.0000000000000000
0.0000000000000000
0.0000000000000000
0.0000000000000000
0.0000000000000000
0.0000000000000000
0.0000000000000000
0.0000000000000000
0.0000000000000000
0.0000000000000000
0.0000000000000000
0.0000000000000000
0.0000000000000000
0.0000000000000000
0.0000000000000000
0.0000000000000000
0.0000000000000000
0.0000000000000000
0.0000000000000000
0.0000000000000000
0.0000000000000000
0.0000000000000000
0.0000000000000000
0.0000000000000000
0.0000000000000000
0.0000000000000000
0.0000000000000000
0.0000000000000000
0.0000000000000000
0.0000000000000000
0.0000000000000000
0.0000000000000000
0.0000000000000000
0.0000000000000000
0.0000000000000000
0.0000000000000000
0.0000000000000000
0.0000000000000000
0.0000000000000000
0.0000000000000000
0.0000000000000000
0.0000000000000000
0.0000000000000000
0.0000000000000000
0.0000000000000000
0.0000000000000000
0.0000000000000000
0.0000000000000000
0.0000000000000000
0.0000000000000000
0.0000000000000000
0.0000000000000000
0.0000000000000000
0.0000000000000000
0.0000000000000000
0.0000000000000000
0.0000000000000000
0.0000000000000000
0.0000000000000000
0.0000000000000000
0.0000000000000000
0.0000000000000000
0.0000000000000000
0.0000000000000000
0.0000000000000000
0.0000000000000000
0.0000000000000000
0.0000000000000000
0.0000000000000000
0.0000000000000000
0.0000000000000000
0.0000000000000000
0.0000000000000000
0.0000000000000000
0.0000000000000000
0.0000000000000000
0.0000000000000000
0.0000000000000000
0.0000000000000000
0.0000000000000000
0.0000000000000000
0.0000000000000000
0.0000000000000000
0.0000000000000000
0.0000000000000000
0.0000000000000000
0.0000000000000000
0.0000000000000000
0.0000000000000000
0.0000000000000000
0.0000000000000000
0.0000000000000000
0.0000000000000000
0.0000000000000000
0.0000000000000000
0.0000000000000000
0.0000000000000000
0.0000000000000000
0.0000000000000000
0.0000000000000000
0.0000000000000000
0.0000000000000000
0.0000000000000000
0.0000000000000000
0.0000000000000000
0.0000000000000000
0.0000000000000000
0.0000000000000000
0.0000000000000000
0.0000000000000000
0.0000000000000000
0.0000000000000000
0.0000000000000000
0.0000000000000000
0.0000000000000000
0.0000000000000000
0.0000000000000000
0.0000000000000000
0.0000000000000000
0.0000000000000000
0.0000000000000000
0.0000000000000000
0.0000000000000000
0.0000000000000000
0.0000000000000000
0.0000000000000000
0.0000000000000000
0.0000000000000000
0.0000000000000000
0.0000000000000000
0.0000000000000000
0.0000000000000000
0.0000000000000000
0.0000000000000000
0.0000000000000000
0.0000000000000000
0.0000000000000000
0.0000000000000000
0.0000000000000000
0.0000000000000000
0.0000000000000000
0.0000000000000000
0.0000000000000000
0.0000000000000000
0.0000000000000000
0.0000000000000000
0.0000000000000000
0.0000000000000000
0.0000000000000000
0.0000000000000000
0.0000000000000000
0.0000000000000000
0.0000000000000000
0.0000000000000000
0.0000000000000000
0.0000000000000000
0.0000000000000000
0.0000000000000000
0.0000000000000000
0.0000000000000000
0.0000000000000000
0.0000000000000000
0.0000000000000000
0.0000000000000000
0.0000000000000000
0.0000000000000000
0.0000000000000000
0.0000000000000000
0.0000000000000000
0.0000000000000000
0.0000000000000000
0.0000000000000000
0.0000000000000000
0.0000000000000000
0.0000000000000000
0.0000000000000000
0.0000000000000000
0.0000000000000000
0.0000000000000000
0.0000000000000000
0.0000000000000000
0.0000000000000000
0.0000000000000000
0.0000000000000000
0.0000000000000000
0.0000000000000000
0.0000000000000000
0.0000000000000000
0.0000000000000000
0.0000000000000000
0.0000000000000000
0.0000000000000000
0.0000000000000000
0.0000000000000000
0.0000000000000000
0.0000000000000000
0.0000000000000000
0.0000000000000000
0.0000000000000000
0.0000000000000000
0.0000000000000000
0.0000000000000000
0.0000000000000000
0.0000000000000000
0.0000000000000000
0.0000000000000000
0.0000000000000000
0.0000000000000000
0.0000000000000000
0.0000000000000000
0.0000000000000000
0.0000000000000000
0.0000000000000000
0.0000000000000000
0.0000000000000000
0.0000000000000000
0.0000000000000000
0.0000000000000000
0.0000000000000000
0.0000000000000000
0.0000000000000000
0.0000000000000000
0.0000000000000000
0.0000000000000000
0.0000000000000000
0.0000000000000000
0.0000000000000000
0.0000000000000000
0.0000000000000000
0.0000000000000000
0.0000000000000000
0.0000000000000000
0.0000000000000000
0.0000000000000000
0.0000000000000000
0.0000000000000000
0.0000000000000000
0.0000000000000000
0.0000000000000000
0.0000000000000000
0.0000000000000000
0.0000000000000000
0.0000000000000000
0.0000000000000000
0.0000000000000000
0.0000000000000000
0.0000000000000000
0.0000000000000000
0.0000000000000000
0.0000000000000000
0.0000000000000000
0.0000000000000000
0.0000000000000000
0.0000000000000000
0.0000000000000000
0.0000000000000000
0.0000000000000000
0.0000000000000000
0.0000000000000000
0.0000000000000000
0.0000000000000000
0.0000000000000000
0.0000000000000000
0.0000000000000000
0.0000000000000000
0.0000000000000000
0.0000000000000000
0.0000000000000000
0.0000000000000000
0.0000000000000000
0.0000000000000000
0.0000000000000000
0.0000000000000000
0.0000000000000000
0.0000000000000000
0.0000000000000000
0.0000000000000000
0.0000000000000000
0.0000000000000000
0.0000000000000000
0.0000000000000000
0.0000000000000000
0.0000000000000000
0.0000000000000000
0.0000000000000000
0.0000000000000000
0.0000000000000000
0.0000000000000000
0.0000000000000000
0.0000000000000000
0.0000000000000000
0.0000000000000000
0.0000000000000000
0.0000000000000000
0.0000000000000000
0.0000000000000000
0.0000000000000000
0.0000000000000000
0.0000000000000000
0.0000000000000000
0.0000000000000000
0.0000000000000000
0.0000000000000000
0.0000000000000000
0.0000000000000000
0.0000000000000000
0.0000000000000000
0.0000000000000000
0.0000000000000000
0.0000000000000000
0.0000000000000000
0.0000000000000000
0.0000000000000000
0.0000000000000000
0.0000000000000000
0.0000000000000000
0.0000000000000000
0.0000000000000000
0.0000000000000000
0.0000000000000000
0.0000000000000000
0.0000000000000000
0.0000000000000000
0.0000000000000000
0.0000000000000000
0.0000000000000000
0.0000000000000000
0.0000000000000000
0.0000000000000000
0.0000000000000000
0.0000000000000000
0.0000000000000000
0.0000000000000000
0.0000000000000000
0.0000000000000000
0.0000000000000000
0.0000000000000000
0.0000000000000000
0.0000000000000000
0.0000000000000000
0.0000000000000000
0.0000000000000000
0.0000000000000000
0.0000000000000000
0.0000000000000000
0.0000000000000000
0.0000000000000000
0.0000000000000000
0.0000000000000000
0.0000000000000000
0.0000000000000000
0.0000000000000000
0.0000000000000000
0.0000000000000000
0.0000000000000000
0.0000000000000000
0.0000000000000000
0.0000000000000000
0.0000000000000000
0.0000000000000000
0.0000000000000000
0.0000000000000000
0.0000000000000000
0.0000000000000000
0.0000000000000000
0.0000000000000000
0.0000000000000000
0.0000000000000000
0.0000000000000000
0.0000000000000000
0.0000000000000000
0.0000000000000000
0.0000000000000000
0.0000000000000000
0.0000000000000000
0.0000000000000000
0.0000000000000000
0.0000000000000000
0.0000000000000000
0.0000000000000000
0.0000000000000000
0.0000000000000000
0.0000000000000000
0.0000000000000000
0.0000000000000000
0.0000000000000000
0.0000000000000000
0.0000000000000000
0.0000000000000000
0.0000000000000000
0.0000000000000000
0.0000000000000000
0.0000000000000000
0.0000000000000000
0.0000000000000000
0.0000000000000000
0.0000000000000000
0.0000000000000000
0.0000000000000000
0.0000000000000000
0.0000000000000000
0.0000000000000000
0.0000000000000000
0.0000000000000000
0.0000000000000000
0.0000000000000000
0.0000000000000000
0.0000000000000000
0.0000000000000000
0.0000000000000000
0.0000000000000000
0.0000000000000000
0.0000000000000000
0.0000000000000000
0.0000000000000000
0.0000000000000000
0.0000000000000000
0.0000000000000000
0.0000000000000000
0.0000000000000000
0.0000000000000000
0.0000000000000000
0.0000000000000000
0.0000000000000000
0.0000000000000000
0.0000000000000000
0.0000000000000000
0.0000000000000000
0.0000000000000000
0.0000000000000000
0.0000000000000000
0.0000000000000000
0.0000000000000000
0.0000000000000000
0.0000000000000000
0.0000000000000000
0.0000000000000000
0.0000000000000000
0.0000000000000000
0.0000000000000000
0.0000000000000000
0.0000000000000000
0.0000000000000000
0.0000000000000000
0.0000000000000000
0.0000000000000000
0.0000000000000000
0.0000000000000000
0.0000000000000000
0.0000000000000000
0.0000000000000000
0.0000000000000000
0.0000000000000000
0.0000000000000000
0.0000000000000000
0.0000000000000000
0.0000000000000000
0.0000000000000000
0.0000000000000000
0.0000000000000000
0.0000000000000000
0.0000000000000000
0.0000000000000000
0.0000000000000000
0.0000000000000000
0.0000000000000000
0.0000000000000000
0.0000000000000000
0.0000000000000000
0.0000000000000000
0.0000000000000000
0.0000000000000000
0.0000000000000000
0.0000000000000000
0.0000000000000000
0.0000000000000000
0.0000000000000000
0.0000000000000000
0.0000000000000000
0.0000000000000000
0.0000000000000000
0.0000000000000000
0.0000000000000000
0.0000000000000000
0.0000000000000000
0.0000000000000000
0.0000000000000000
0.0000000000000000
0.0000000000000000
0.0000000000000000
0.0000000000000000
0.0000000000000000
0.0000000000000000
0.0000000000000000
0.0000000000000000
0.0000000000000000
0.0000000000000000
0.0000000000000000
0.0000000000000000
0.0000000000000000
0.0000000000000000
0.0000000000000000
0.0000000000000000
0.0000000000000000
0.0000000000000000
0.0000000000000000
0.0000000000000000
0.0000000000000000
0.0000000000000000
0.0000000000000000
0.0000000000000000
0.0000000000000000
0.0000000000000000
0.0000000000000000
0.0000000000000000
0.0000000000000000
0.0000000000000000
0.0000000000000000
0.0000000000000000
0.0000000000000000
0.0000000000000000
0.0000000000000000
0.0000000000000000
0.0000000000000000
0.0000000000000000
0.0000000000000000
0.0000000000000000
0.0000000000000000
0.0000000000000000
0.0000000000000000
0.0000000000000000
0.0000000000000000
0.0000000000000000
0.0000000000000000
0.0000000000000000
0.0000000000000000
0.0000000000000000
0.0000000000000000
0.0000000000000000
0.0000000000000000
0.0000000000000000
0.0000000000000000
0.0000000000000000
0.0000000000000000
0.0000000000000000
0.0000000000000000
0.0000000000000000
0.0000000000000000
0.0000000000000000
0.0000000000000000
0.0000000000000000
0.0000000000000000
0.0000000000000000
0.0000000000000000
0.0000000000000000
0.0000000000000000
0.0000000000000000
0.0000000000000000
0.0000000000000000
0.0000000000000000
0.0000000000000000
0.0000000000000000
0.0000000000000000
0.0000000000000000
0.0000000000000000
0.0000000000000000
0.0000000000000000
0.0000000000000000
0.0000000000000000
0.0000000000000000
0.0000000000000000
0.0000000000000000
0.0000000000000000
0.0000000000000000
0.0000000000000000
0.0000000000000000
0.0000000000000000
0.0000000000000000
0.0000000000000000
0.0000000000000000
0.0000000000000000
0.0000000000000000
0.0000000000000000
0.0000000000000000
0.0000000000000000
0.0000000000000000
0.0000000000000000
0.0000000000000000
0.0000000000000000
0.0000000000000000
0.0000000000000000
0.0000000000000000
0.0000000000000000
0.0000000000000000
0.0000000000000000
0.0000000000000000
0.0000000000000000
0.0000000000000000
0.0000000000000000
0.0000000000000000
0.0000000000000000
0.0000000000000000
0.0000000000000000
0.0000000000000000
0.0000000000000000
0.0000000000000000
0.0000000000000000
0.0000000000000000
0.0000000000000000
0.0000000000000000
0.0000000000000000
0.0000000000000000
0.0000000000000000
0.0000000000000000
0.0000000000000000
0.0000000000000000
0.0000000000000000
0.0000000000000000
0.0000000000000000
0.0000000000000000
0.0000000000000000
0.0000000000000000
0.0000000000000000
0.0000000000000000
0.0000000000000000
0.0000000000000000
0.0000000000000000
0.0000000000000000
0.0000000000000000
0.0000000000000000
0.0000000000000000
0.0000000000000000
0.0000000000000000
0.0000000000000000
0.0000000000000000
0.0000000000000000
0.0000000000000000
0.0000000000000000
0.0000000000000000
0.0000000000000000
0.0000000000000000
0.0000000000000000
0.0000000000000000
0.0000000000000000
0.0000000000000000
0.0000000000000000
0.0000000000000000
0.0000000000000000
0.0000000000000000
0.0000000000000000
0.0000000000000000
0.0000000000000000
0.0000000000000000
0.0000000000000000
0.0000000000000000
0.0000000000000000
0.0000000000000000
0.0000000000000000
0.0000000000000000
0.0000000000000000
0.0000000000000000
0.0000000000000000
0.0000000000000000
0.0000000000000000
0.0000000000000000
0.0000000000000000
0.0000000000000000
0.0000000000000000
0.0000000000000000
0.0000000000000000
0.0000000000000000
0.0000000000000000
0.0000000000000000
0.0000000000000000
0.0000000000000000
0.0000000000000000
0.0000000000000000
0.0000000000000000
0.0000000000000000
0.0000000000000000
0.0000000000000000
0.0000000000000000
0.0000000000000000
0.0000000000000000
0.0000000000000000
0.0000000000000000
0.0000000000000000
0.0000000000000000
0.0000000000000000
0.0000000000000000
0.0000000000000000
0.0000000000000000
0.0000000000000000
0.0000000000000000
0.0000000000000000
0.0000000000000000
0.0000000000000000
0.0000000000000000
0.0000000000000000
0.0000000000000000
0.0000000000000000
0.0000000000000000
0.0000000000000000
0.0000000000000000
0.0000000000000000
0.0000000000000000
0.0000000000000000
0.0000000000000000
0.0000000000000000
0.0000000000000000
0.0000000000000000
0.0000000000000000
0.0000000000000000
0.0000000000000000
0.0000000000000000
0.0000000000000000
0.0000000000000000
0.0000000000000000
0.0000000000000000
0.0000000000000000
0.0000000000000000
0.0000000000000000
0.0000000000000000
0.0000000000000000
0.0000000000000000
0.0000000000000000
0.0000000000000000
0.0000000000000000
0.0000000000000000
0.0000000000000000
0.0000000000000000
0.0000000000000000
0.0000000000000000
0.0000000000000000
0.0000000000000000
0.0000000000000000
0.0000000000000000
0.0000000000000000
0.0000000000000000
0.0000000000000000
0.0000000000000000
0.0000000000000000
0.0000000000000000
0.0000000000000000
0.0000000000000000
0.0000000000000000
0.0000000000000000
0.0000000000000000
0.0000000000000000
0.0000000000000000
0.0000000000000000
0.0000000000000000
0.0000000000000000
0.0000000000000000
0.0000000000000000
0.0000000000000000
0.0000000000000000
0.0000000000000000
0.0000000000000000
0.0000000000000000
0.0000000000000000
0.0000000000000000
0.0000000000000000
0.0000000000000000
0.0000000000000000
0.0000000000000000
0.0000000000000000
0.0000000000000000
0.0000000000000000
0.0000000000000000
0.0000000000000000
0.0000000000000000
0.0000000000000000
0.0000000000000000
0.0000000000000000
0.0000000000000000
0.0000000000000000
0.0000000000000000
0.0000000000000000
0.0000000000000000
0.0000000000000000
0.0000000000000000
0.0000000000000000
0.0000000000000000
0.0000000000000000
0.0000000000000000
0.0000000000000000
0.0000000000000000
0.0000000000000000
0.0000000000000000
0.0000000000000000
0.0000000000000000
0.0000000000000000
0.0000000000000000
0.0000000000000000
0.0000000000000000
0.0000000000000000
0.0000000000000000
0.0000000000000000
0.0000000000000000
0.0000000000000000
0.0000000000000000
0.0000000000000000
0.0000000000000000
0.0000000000000000
0.0000000000000000
0.0000000000000000
0.0000000000000000
0.0000000000000000
0.0000000000000000
0.0000000000000000
0.0000000000000000
0.0000000000000000
0.0000000000000000
0.0000000000000000
0.0000000000000000
0.0000000000000000
0.0000000000000000
0.0000000000000000
0.0000000000000000
0.0000000000000000
0.0000000000000000
0.0000000000000000
0.0000000000000000
0.0000000000000000
0.0000000000000000
0.0000000000000000
0.0000000000000000
0.0000000000000000
0.0000000000000000
0.0000000000000000
0.0000000000000000
0.0000000000000000
0.0000000000000000
0.0000000000000000
0.0000000000000000
0.0000000000000000
0.0000000000000000
0.0000000000000000
0.0000000000000000
0.0000000000000000
0.0000000000000000
0.0000000000000000
0.0000000000000000
0.0000000000000000
0.0000000000000000
0.0000000000000000
0.0000000000000000
0.0000000000000000
0.0000000000000000
0.0000000000000000
0.0000000000000000
0.0000000000000000
0.0000000000000000
0.0000000000000000
0.0000000000000000
0.0000000000000000
0.0000000000000000
0.0000000000000000
0.0000000000000000
0.0000000000000000
0.0000000000000000
0.0000000000000000
0.0000000000000000
0.0000000000000000
0.0000000000000000
0.0000000000000000
0.0000000000000000
0.0000000000000000
0.0000000000000000
0.0000000000000000
0.0000000000000000
0.0000000000000000
0.0000000000000000
0.0000000000000000
0.0000000000000000
0.0000000000000000
0.0000000000000000
0.0000000000000000
0.0000000000000000
0.0000000000000000
0.0000000000000000
0.0000000000000000
0.0000000000000000
0.0000000000000000
0.0000000000000000
0.0000000000000000
0.0000000000000000
0.0000000000000000
0.0000000000000000
0.0000000000000000
0.0000000000000000
0.0000000000000000
0.0000000000000000
0.0000000000000000
0.0000000000000000
0.0000000000000000
0.0000000000000000
0.0000000000000000
0.0000000000000000
0.0000000000000000
0.0000000000000000
0.0000000000000000
0.0000000000000000
0.0000000000000000
0.0000000000000000
0.0000000000000000
0.0000000000000000
0.0000000000000000
0.0000000000000000
0.0000000000000000
0.0000000000000000
0.0000000000000000
0.0000000000000000
0.0000000000000000
0.0000000000000000
0.0000000000000000
0.0000000000000000
0.0000000000000000
0.0000000000000000
0.0000000000000000
0.0000000000000000
0.0000000000000000
0.0000000000000000
0.0000000000000000
0.0000000000000000
0.0000000000000000
0.0000000000000000
0.0000000000000000
0.0000000000000000
0.0000000000000000
0.0000000000000000
0.0000000000000000
0.0000000000000000
0.0000000000000000
0.0000000000000000
0.0000000000000000
0.0000000000000000
0.0000000000000000
0.0000000000000000
0.0000000000000000
0.0000000000000000
0.0000000000000000
0.0000000000000000
0.0000000000000000
0.0000000000000000
0.0000000000000000
0.0000000000000000
0.0000000000000000
0.0000000000000000
0.0000000000000000
0.0000000000000000
0.0000000000000000
0.0000000000000000
0.0000000000000000
0.0000000000000000
0.0000000000000000
0.0000000000000000
0.0000000000000000
0.0000000000000000
0.0000000000000000
0.0000000000000000
0.0000000000000000
0.0000000000000000
0.0000000000000000
0.0000000000000000
0.0000000000000000
0.0000000000000000
0.0000000000000000
0.0000000000000000
0.0000000000000000
0.0000000000000000
0.0000000000000000
0.0000000000000000
0.0000000000000000
0.0000000000000000
0.0000000000000000
0.0000000000000000
0.0000000000000000
0.0000000000000000
0.0000000000000000
0.0000000000000000
0.0000000000000000
0.0000000000000000
0.0000000000000000
0.0000000000000000
0.0000000000000000
0.0000000000000000
0.0000000000000000
0.0000000000000000
0.0000000000000000
0.0000000000000000
0.0000000000000000
0.0000000000000000
0.0000000000000000
0.0000000000000000
0.0000000000000000
0.0000000000000000
0.0000000000000000
0.0000000000000000
0.0000000000000000
0.0000000000000000
0.0000000000000000
0.0000000000000000
0.0000000000000000
0.0000000000000000
0.0000000000000000
0.0000000000000000
0.0000000000000000
0.0000000000000000
0.0000000000000000
0.0000000000000000
0.0000000000000000
0.0000000000000000
0.0000000000000000
0.0000000000000000
0.0000000000000000
0.0000000000000000
0.0000000000000000
0.0000000000000000
0.0000000000000000
0.0000000000000000
0.0000000000000000
0.0000000000000000
0.0000000000000000
0.0000000000000000
0.0000000000000000
0.0000000000000000
0.0000000000000000
0.0000000000000000
0.0000000000000000
0.0000000000000000
0.0000000000000000
0.0000000000000000
0.0000000000000000
0.0000000000000000
0.0000000000000000
0.0000000000000000
0.0000000000000000
0.0000000000000000
0.0000000000000000
0.0000000000000000
0.0000000000000000
0.0000000000000000
0.0000000000000000
0.0000000000000000
0.0000000000000000
0.0000000000000000
0.0000000000000000
0.0000000000000000
0.0000000000000000
0.0000000000000000
0.0000000000000000
0.0000000000000000
0.0000000000000000
0.0000000000000000
0.0000000000000000
0.0000000000000000
0.0000000000000000
0.0000000000000000
0.0000000000000000
0.0000000000000000
0.0000000000000000
0.0000000000000000
0.0000000000000000
0.0000000000000000
0.0000000000000000
0.0000000000000000
0.0000000000000000
0.0000000000000000
0.0000000000000000
0.0000000000000000
0.0000000000000000
0.0000000000000000
0.0000000000000000
0.0000000000000000
0.0000000000000000
0.0000000000000000
0.0000000000000000
0.0000000000000000
0.0000000000000000
0.0000000000000000
0.0000000000000000
0.0000000000000000
0.0000000000000000
0.0000000000000000
0.0000000000000000
0.0000000000000000
0.0000000000000000
0.0000000000000000
0.0000000000000000
0.0000000000000000
0.0000000000000000
0.0000000000000000
0.0000000000000000
0.0000000000000000
0.0000000000000000
0.0000000000000000
0.0000000000000000
0.0000000000000000
0.0000000000000000
0.0000000000000000
0.0000000000000000
0.0000000000000000
0.0000000000000000
0.0000000000000000
0.0000000000000000
0.0000000000000000
0.0000000000000000
0.0000000000000000
0.0000000000000000
0.0000000000000000
0.0000000000000000
0.0000000000000000
0.0000000000000000
0.0000000000000000
0.0000000000000000
0.0000000000000000
0.0000000000000000
0.0000000000000000
0.0000000000000000
0.0000000000000000
0.0000000000000000
0.0000000000000000
0.0000000000000000
0.0000000000000000
0.0000000000000000
0.0000000000000000
0.0000000000000000
0.0000000000000000
0.0000000000000000
0.0000000000000000
0.0000000000000000
0.0000000000000000
0.0000000000000000
0.0000000000000000
0.0000000000000000
0.0000000000000000
0.0000000000000000
0.0000000000000000
0.0000000000000000
0.0000000000000000
0.0000000000000000
0.0000000000000000
0.0000000000000000
0.0000000000000000
0.0000000000000000
0.0000000000000000
0.0000000000000000
0.0000000000000000
0.0000000000000000
0.0000000000000000
0.0000000000000000
0.0000000000000000
0.0000000000000000
0.0000000000000000
0.0000000000000000
0.0000000000000000
0.0000000000000000
0.0000000000000000
0.0000000000000000
0.0000000000000000
0.0000000000000000
0.0000000000000000
0.0000000000000000
0.0000000000000000
0.0000000000000000
0.0000000000000000
0.0000000000000000
0.0000000000000000
0.0000000000000000
0.0000000000000000
0.0000000000000000
0.0000000000000000
0.0000000000000000
0.0000000000000000
0.0000000000000000
0.0000000000000000
0.0000000000000000
0.0000000000000000
0.0000000000000000
0.0000000000000000
0.0000000000000000
0.0000000000000000
0.0000000000000000
0.0000000000000000
0.0000000000000000
0.0000000000000000
0.0000000000000000
0.0000000000000000
0.0000000000000000
0.0000000000000000
0.0000000000000000
0.0000000000000000
0.0000000000000000
0.0000000000000000
0.0000000000000000
0.0000000000000000
0.0000000000000000
0.0000000000000000
0.0000000000000000
0.0000000000000000
0.0000000000000000
0.0000000000000000
0.0000000000000000
0.0000000000000000
0.0000000000000000
0.0000000000000000
0.0000000000000000
0.0000000000000000
0.0000000000000000
0.0000000000000000
0.0000000000000000
0.0000000000000000
0.0000000000000000
0.0000000000000000
0.0000000000000000
0.0000000000000000
0.0000000000000000
0.0000000000000000
0.0000000000000000
0.0000000000000000
0.0000000000000000
0.0000000000000000
0.0000000000000000
0.0000000000000000
0.0000000000000000
0.0000000000000000
0.0000000000000000
0.0000000000000000
0.0000000000000000
0.0000000000000000
0.0000000000000000
0.0000000000000000
0.0000000000000000
0.0000000000000000
0.0000000000000000
0.0000000000000000
0.0000000000000000
0.0000000000000000
0.0000000000000000
0.0000000000000000
0.0000000000000000
0.0000000000000000
0.0000000000000000
0.0000000000000000
0.0000000000000000
0.0000000000000000
0.0000000000000000
0.0000000000000000
0.0000000000000000
0.0000000000000000
0.0000000000000000
0.0000000000000000
0.0000000000000000
0.0000000000000000
0.0000000000000000
0.0000000000000000
0.0000000000000000
0.0000000000000000
0.0000000000000000
0.0000000000000000
0.0000000000000000
0.0000000000000000
0.0000000000000000
0.0000000000000000
0.0000000000000000
0.0000000000000000
0.0000000000000000
0.0000000000000000
0.0000000000000000
0.0000000000000000
0.0000000000000000
0.0000000000000000
0.0000000000000000
0.0000000000000000
0.0000000000000000
0.0000000000000000
0.0000000000000000
0.0000000000000000
0.0000000000000000
0.0000000000000000
0.0000000000000000
0.0000000000000000
0.0000000000000000
0.0000000000000000
0.0000000000000000
0.0000000000000000
0.0000000000000000
0.0000000000000000
0.0000000000000000
0.0000000000000000
0.0000000000000000
0.0000000000000000
0.0000000000000000
0.0000000000000000
0.0000000000000000
0.0000000000000000
0.0000000000000000
0.0000000000000000
0.0000000000000000
0.0000000000000000
0.0000000000000000
0.0000000000000000
0.0000000000000000
0.0000000000000000
0.0000000000000000
0.0000000000000000
0.0000000000000000
0.0000000000000000
0.0000000000000000
0.0000000000000000
0.0000000000000000
0.0000000000000000
0.0000000000000000
0.0000000000000000
0.0000000000000000
0.0000000000000000
0.0000000000000000
0.0000000000000000
0.0000000000000000
0.0000000000000000
0.0000000000000000
0.0000000000000000
0.0000000000000000
0.0000000000000000
0.0000000000000000
0.0000000000000000
0.0000000000000000
0.0000000000000000
0.0000000000000000
0.0000000000000000
0.0000000000000000
0.0000000000000000
0.0000000000000000
0.0000000000000000
0.0000000000000000
0.0000000000000000
0.0000000000000000
0.0000000000000000
0.0000000000000000
0.0000000000000000
0.0000000000000000
0.0000000000000000
0.0000000000000000
0.0000000000000000
0.0000000000000000
0.0000000000000000
0.0000000000000000
0.0000000000000000
0.0000000000000000
0.0000000000000000
0.0000000000000000
0.0000000000000000
0.0000000000000000
0.0000000000000000
0.0000000000000000
0.0000000000000000
0.0000000000000000
0.0000000000000000
0.0000000000000000
0.0000000000000000
0.0000000000000000
0.0000000000000000
0.0000000000000000
0.0000000000000000
0.0000000000000000
0.0000000000000000
0.0000000000000000
0.0000000000000000
0.0000000000000000
0.0000000000000000
0.0000000000000000
0.0000000000000000
0.0000000000000000
0.0000000000000000
0.0000000000000000
0.0000000000000000
0.0000000000000000
0.0000000000000000
0.0000000000000000
0.0000000000000000
0.0000000000000000
0.0000000000000000
0.0000000000000000
0.0000000000000000
0.0000000000000000
0.0000000000000000
0.0000000000000000
0.0000000000000000


