# mixing_ratio
# rank
3
# size
32
90
12
# lbound
1
1
1
# entries
0.36171090081172816E-5
0.36171090081172816E-5
0.36171090081172816E-5
0.36171090081172816E-5
0.36171090081172816E-5
0.36171090081172816E-5
0.36171090081172816E-5
0.36171090081172816E-5
0.36171090081172816E-5
0.36171090081172816E-5
0.36171090081172816E-5
0.36171090081172816E-5
0.36171090081172816E-5
0.36171090081172816E-5
0.36171090081172816E-5
0.36171090081172816E-5
0.36171090081172816E-5
0.36171090081172816E-5
0.36171090081172816E-5
0.36171090081172816E-5
0.36171090081172816E-5
0.36171090081172816E-5
0.36171090081172816E-5
0.36171090081172816E-5
0.36171090081172816E-5
0.36171090081172816E-5
0.36171090081172816E-5
0.36171090081172816E-5
0.36171090081172816E-5
0.36171090081172816E-5
0.36171090081172816E-5
0.36171090081172816E-5
0.36171090081172816E-5
0.36171090081172816E-5
0.36171090081172816E-5
0.36171090081172816E-5
0.36171090081172816E-5
0.36171090081172816E-5
0.36171090081172816E-5
0.36171090081172816E-5
0.36171090081172816E-5
0.36171090081172816E-5
0.36171090081172816E-5
0.36171090081172816E-5
0.36171090081172816E-5
0.36171090081172816E-5
0.36171090081172816E-5
0.36171090081172816E-5
0.36171090081172816E-5
0.36171090081172816E-5
0.36171090081172816E-5
0.36171090081172816E-5
0.36171090081172816E-5
0.36171090081172816E-5
0.36171090081172816E-5
0.36171090081172816E-5
0.36171090081172816E-5
0.36171090081172816E-5
0.36171090081172816E-5
0.36171090081172816E-5
0.36171090081172816E-5
0.36171090081172816E-5
0.36171090081172816E-5
0.36171090081172816E-5
0.36171090081172816E-5
0.36171090081172816E-5
0.36171090081172816E-5
0.36171090081172816E-5
0.36171090081172816E-5
0.36171090081172816E-5
0.36171090081172816E-5
0.36171090081172816E-5
0.36171090081172816E-5
0.36171090081172816E-5
0.36171090081172816E-5
0.36171090081172816E-5
0.36171090081172816E-5
0.36171090081172816E-5
0.36171090081172816E-5
0.36171090081172816E-5
0.36171090081172816E-5
0.36171090081172816E-5
0.36171090081172816E-5
0.36171090081172816E-5
0.36171090081172816E-5
0.36171090081172816E-5
0.36171090081172816E-5
0.36171090081172816E-5
0.36171090081172816E-5
0.36171090081172816E-5
0.36171090081172816E-5
0.36171090081172816E-5
0.36171090081172816E-5
0.36171090081172816E-5
0.36171090081172816E-5
0.36171090081172816E-5
0.36171090081172816E-5
0.36171090081172816E-5
0.36171090081172816E-5
0.36171090081172816E-5
0.36171090081172816E-5
0.36171090081172816E-5
0.36171090081172816E-5
0.36171090081172816E-5
0.36171090081172816E-5
0.36171090081172816E-5
0.36171090081172816E-5
0.36171090081172816E-5
0.36171090081172816E-5
0.36171090081172816E-5
0.36171090081172816E-5
0.36171090081172816E-5
0.36171090081172816E-5
0.36171090081172816E-5
0.36171090081172816E-5
0.36171090081172816E-5
0.36171090081172816E-5
0.36171090081172816E-5
0.36171090081172816E-5
0.36171090081172816E-5
0.36171090081172816E-5
0.36171090081172816E-5
0.36171090081172816E-5
0.36171090081172816E-5
0.36171090081172816E-5
0.36171090081172816E-5
0.36171090081172816E-5
0.36171090081172816E-5
0.36171090081172816E-5
0.36171090081172816E-5
0.36171090081172816E-5
0.36171090081172816E-5
0.36171090081172816E-5
0.36171090081172816E-5
0.36171090081172816E-5
0.36171090081172816E-5
0.36171090081172816E-5
0.36171090081172816E-5
0.36171090081172816E-5
0.36171090081172816E-5
0.36171090081172816E-5
0.36171090081172816E-5
0.36171090081172816E-5
0.36171090081172816E-5
0.36171090081172816E-5
0.36171090081172816E-5
0.36171090081172816E-5
0.36171090081172816E-5
0.36171090081172816E-5
0.36171090081172816E-5
0.36171090081172816E-5
0.36171090081172816E-5
0.36171090081172816E-5
0.36171090081172816E-5
0.36171090081172816E-5
0.36171090081172816E-5
0.36171090081172816E-5
0.36171090081172816E-5
0.36171090081172816E-5
0.36171090081172816E-5
0.36171090081172816E-5
0.36171090081172816E-5
0.36171090081172816E-5
0.36171090081172816E-5
0.36171090081172816E-5
0.36171090081172816E-5
0.36171090081172816E-5
0.36171090081172816E-5
0.36171090081172816E-5
0.36171090081172816E-5
0.36171090081172816E-5
0.36171090081172816E-5
0.36171090081172816E-5
0.36171090081172816E-5
0.36171090081172816E-5
0.36171090081172816E-5
0.36171090081172816E-5
0.36171090081172816E-5
0.36171090081172816E-5
0.36171090081172816E-5
0.36171090081172816E-5
0.36171090081172816E-5
0.36171090081172816E-5
0.36171090081172816E-5
0.36171090081172816E-5
0.36171090081172816E-5
0.36171090081172816E-5
0.36171090081172816E-5
0.36171090081172816E-5
0.36171090081172816E-5
0.36171090081172816E-5
0.36171090081172816E-5
0.36171090081172816E-5
0.36171090081172816E-5
0.36171090081172816E-5
0.36171090081172816E-5
0.36171090081172816E-5
0.36171090081172816E-5
0.36171090081172816E-5
0.36171090081172816E-5
0.36171090081172816E-5
0.36171090081172816E-5
0.36171090081172816E-5
0.36171090081172816E-5
0.36171090081172816E-5
0.36171090081172816E-5
0.36171090081172816E-5
0.36171090081172816E-5
0.36171090081172816E-5
0.36171090081172816E-5
0.36171090081172816E-5
0.36171090081172816E-5
0.36171090081172816E-5
0.36171090081172816E-5
0.36171090081172816E-5
0.36171090081172816E-5
0.36171090081172816E-5
0.36171090081172816E-5
0.36171090081172816E-5
0.36171090081172816E-5
0.36171090081172816E-5
0.36171090081172816E-5
0.36171090081172816E-5
0.36171090081172816E-5
0.36171090081172816E-5
0.36171090081172816E-5
0.36171090081172816E-5
0.36171090081172816E-5
0.36171090081172816E-5
0.36171090081172816E-5
0.36171090081172816E-5
0.36171090081172816E-5
0.36171090081172816E-5
0.36171090081172816E-5
0.36171090081172816E-5
0.36171090081172816E-5
0.36171090081172816E-5
0.36171090081172816E-5
0.36171090081172816E-5
0.36171090081172816E-5
0.36171090081172816E-5
0.36171090081172816E-5
0.36171090081172816E-5
0.36171090081172816E-5
0.36171090081172816E-5
0.36171090081172816E-5
0.36171090081172816E-5
0.36171090081172816E-5
0.36171090081172816E-5
0.36171090081172816E-5
0.36171090081172816E-5
0.36171090081172816E-5
0.36171090081172816E-5
0.36171090081172816E-5
0.36171090081172816E-5
0.36171090081172816E-5
0.36171090081172816E-5
0.36171090081172816E-5
0.36171090081172816E-5
0.36171090081172816E-5
0.36171090081172816E-5
0.36171090081172816E-5
0.36171090081172816E-5
0.36171090081172816E-5
0.36171090081172816E-5
0.36171090081172816E-5
0.36171090081172816E-5
0.36171090081172816E-5
0.36171090081172816E-5
0.36171090081172816E-5
0.36171090081172816E-5
0.36171090081172816E-5
0.36171090081172816E-5
0.36171090081172816E-5
0.36171090081172816E-5
0.36171090081172816E-5
0.36171090081172816E-5
0.36171090081172816E-5
0.36171090081172816E-5
0.36171090081172816E-5
0.36171090081172816E-5
0.36171090081172816E-5
0.36171090081172816E-5
0.36171090081172816E-5
0.36171090081172816E-5
0.36171090081172816E-5
0.36171090081172816E-5
0.36171090081172816E-5
0.36171090081172816E-5
0.36171090081172816E-5
0.36171090081172816E-5
0.36171090081172816E-5
0.36171090081172816E-5
0.36171090081172816E-5
0.36171090081172816E-5
0.36171090081172816E-5
0.36171090081172816E-5
0.36171090081172816E-5
0.36171090081172816E-5
0.36171090081172816E-5
0.36171090081172816E-5
0.36171090081172816E-5
0.36171090081172816E-5
0.36171090081172816E-5
0.36171090081172816E-5
0.36171090081172816E-5
0.36171090081172816E-5
0.36171090081172816E-5
0.36171090081172816E-5
0.36171090081172816E-5
0.36171090081172816E-5
0.36171090081172816E-5
0.36171090081172816E-5
0.36171090081172816E-5
0.36171090081172816E-5
0.36171090081172816E-5
0.36171090081172816E-5
0.36171090081172816E-5
0.36171090081172816E-5
0.36171090081172816E-5
0.36171090081172816E-5
0.36171090081172816E-5
0.36171090081172816E-5
0.36171090081172816E-5
0.36171090081172816E-5
0.36171090081172816E-5
0.36171090081172816E-5
0.36171090081172816E-5
0.36171090081172816E-5
0.36171090081172816E-5
0.36171090081172816E-5
0.36171090081172816E-5
0.36171090081172816E-5
0.36171090081172816E-5
0.36171090081172816E-5
0.36171090081172816E-5
0.36171090081172816E-5
0.36171090081172816E-5
0.36171090081172816E-5
0.36171090081172816E-5
0.36171090081172816E-5
0.36171090081172816E-5
0.36171090081172816E-5
0.36171090081172816E-5
0.36171090081172816E-5
0.36171090081172816E-5
0.36171090081172816E-5
0.36171090081172816E-5
0.36171090081172816E-5
0.36171090081172816E-5
0.36171090081172816E-5
0.36171090081172816E-5
0.36171090081172816E-5
0.36171090081172816E-5
0.36171090081172816E-5
0.36171090081172816E-5
0.36171090081172816E-5
0.36171090081172816E-5
0.36171090081172816E-5
0.36171090081172816E-5
0.36171090081172816E-5
0.36171090081172816E-5
0.36171090081172816E-5
0.36171090081172816E-5
0.36171090081172816E-5
0.36171090081172816E-5
0.36171090081172816E-5
0.36171090081172816E-5
0.36171090081172816E-5
0.36171090081172816E-5
0.36171090081172816E-5
0.36171090081172816E-5
0.36171090081172816E-5
0.36171090081172816E-5
0.36171090081172816E-5
0.36171090081172816E-5
0.36171090081172816E-5
0.36171090081172816E-5
0.36171090081172816E-5
0.36171090081172816E-5
0.36171090081172816E-5
0.36171090081172816E-5
0.36171090081172816E-5
0.36171090081172816E-5
0.36171090081172816E-5
0.36171090081172816E-5
0.36171090081172816E-5
0.36171090081172816E-5
0.36171090081172816E-5
0.36171090081172816E-5
0.36171090081172816E-5
0.36171090081172816E-5
0.36171090081172816E-5
0.36171090081172816E-5
0.36171090081172816E-5
0.36171090081172816E-5
0.36171090081172816E-5
0.36171090081172816E-5
0.36171090081172816E-5
0.36171090081172816E-5
0.36171090081172816E-5
0.36171090081172816E-5
0.36171090081172816E-5
0.36171090081172816E-5
0.36171090081172816E-5
0.36171090081172816E-5
0.36171090081172816E-5
0.36171090081172816E-5
0.36171090081172816E-5
0.36171090081172816E-5
0.36171090081172816E-5
0.36171090081172816E-5
0.36171090081172816E-5
0.36171090081172816E-5
0.36171090081172816E-5
0.36171090081172816E-5
0.36171090081172816E-5
0.36171090081172816E-5
0.36171090081172816E-5
0.36171090081172816E-5
0.36171090081172816E-5
0.36171090081172816E-5
0.36171090081172816E-5
0.36171090081172816E-5
0.36171090081172816E-5
0.36171090081172816E-5
0.36171090081172816E-5
0.36171090081172816E-5
0.36171090081172816E-5
0.36171090081172816E-5
0.36171090081172816E-5
0.36171090081172816E-5
0.36171090081172816E-5
0.36171090081172816E-5
0.36171090081172816E-5
0.36171090081172816E-5
0.36171090081172816E-5
0.36171090081172816E-5
0.36171090081172816E-5
0.36171090081172816E-5
0.36171090081172816E-5
0.36171090081172816E-5
0.36171090081172816E-5
0.36171090081172816E-5
0.36171090081172816E-5
0.36171090081172816E-5
0.36171090081172816E-5
0.36171090081172816E-5
0.36171090081172816E-5
0.36171090081172816E-5
0.36171090081172816E-5
0.36171090081172816E-5
0.36171090081172816E-5
0.36171090081172816E-5
0.36171090081172816E-5
0.36171090081172816E-5
0.36171090081172816E-5
0.36171090081172816E-5
0.36171090081172816E-5
0.36171090081172816E-5
0.36171090081172816E-5
0.36171090081172816E-5
0.36171090081172816E-5
0.36171090081172816E-5
0.36171090081172816E-5
0.36171090081172816E-5
0.36171090081172816E-5
0.36171090081172816E-5
0.36171090081172816E-5
0.36171090081172816E-5
0.36171090081172816E-5
0.36171090081172816E-5
0.36171090081172816E-5
0.36171090081172816E-5
0.36171090081172816E-5
0.36171090081172816E-5
0.36171090081172816E-5
0.36171090081172816E-5
0.36171090081172816E-5
0.36171090081172816E-5
0.36171090081172816E-5
0.36171090081172816E-5
0.36171090081172816E-5
0.36171090081172816E-5
0.36171090081172816E-5
0.36171090081172816E-5
0.36171090081172816E-5
0.36171090081172816E-5
0.36171090081172816E-5
0.36171090081172816E-5
0.36171090081172816E-5
0.36171090081172816E-5
0.36171090081172816E-5
0.36171090081172816E-5
0.36171090081172816E-5
0.36171090081172816E-5
0.36171090081172816E-5
0.36171090081172816E-5
0.36171090081172816E-5
0.36171090081172816E-5
0.36171090081172816E-5
0.36171090081172816E-5
0.36171090081172816E-5
0.36171090081172816E-5
0.36171090081172816E-5
0.36171090081172816E-5
0.36171090081172816E-5
0.36171090081172816E-5
0.36171090081172816E-5
0.36171090081172816E-5
0.36171090081172816E-5
0.36171090081172816E-5
0.36171090081172816E-5
0.36171090081172816E-5
0.36171090081172816E-5
0.36171090081172816E-5
0.36171090081172816E-5
0.36171090081172816E-5
0.36171090081172816E-5
0.36171090081172816E-5
0.36171090081172816E-5
0.36171090081172816E-5
0.36171090081172816E-5
0.36171090081172816E-5
0.36171090081172816E-5
0.36171090081172816E-5
0.36171090081172816E-5
0.36171090081172816E-5
0.36171090081172816E-5
0.36171090081172816E-5
0.36171090081172816E-5
0.36171090081172816E-5
0.36171090081172816E-5
0.36171090081172816E-5
0.36171090081172816E-5
0.36171090081172816E-5
0.36171090081172816E-5
0.36171090081172816E-5
0.36171090081172816E-5
0.36171090081172816E-5
0.36171090081172816E-5
0.36171090081172816E-5
0.36171090081172816E-5
0.36171090081172816E-5
0.36171090081172816E-5
0.36171090081172816E-5
0.36171090081172816E-5
0.36171090081172816E-5
0.36171090081172816E-5
0.36171090081172816E-5
0.36171090081172816E-5
0.36171090081172816E-5
0.36171090081172816E-5
0.36171090081172816E-5
0.36171090081172816E-5
0.36171090081172816E-5
0.36171090081172816E-5
0.36171090081172816E-5
0.36171090081172816E-5
0.36171090081172816E-5
0.36171090081172816E-5
0.36171090081172816E-5
0.36171090081172816E-5
0.36171090081172816E-5
0.36171090081172816E-5
0.36171090081172816E-5
0.36171090081172816E-5
0.36171090081172816E-5
0.36171090081172816E-5
0.36171090081172816E-5
0.36171090081172816E-5
0.36171090081172816E-5
0.36171090081172816E-5
0.36171090081172816E-5
0.36171090081172816E-5
0.36171090081172816E-5
0.36171090081172816E-5
0.36171090081172816E-5
0.36171090081172816E-5
0.36171090081172816E-5
0.36171090081172816E-5
0.36171090081172816E-5
0.36171090081172816E-5
0.36171090081172816E-5
0.36171090081172816E-5
0.36171090081172816E-5
0.36171090081172816E-5
0.36171090081172816E-5
0.36171090081172816E-5
0.36171090081172816E-5
0.36171090081172816E-5
0.36171090081172816E-5
0.36171090081172816E-5
0.36171090081172816E-5
0.36171090081172816E-5
0.36171090081172816E-5
0.36171090081172816E-5
0.36171090081172816E-5
0.36171090081172816E-5
0.36171090081172816E-5
0.36171090081172816E-5
0.36171090081172816E-5
0.36171090081172816E-5
0.36171090081172816E-5
0.36171090081172816E-5
0.36171090081172816E-5
0.36171090081172816E-5
0.36171090081172816E-5
0.36171090081172816E-5
0.36171090081172816E-5
0.36171090081172816E-5
0.36171090081172816E-5
0.36171090081172816E-5
0.36171090081172816E-5
0.36171090081172816E-5
0.36171090081172816E-5
0.36171090081172816E-5
0.36171090081172816E-5
0.36171090081172816E-5
0.36171090081172816E-5
0.36171090081172816E-5
0.36171090081172816E-5
0.36171090081172816E-5
0.36171090081172816E-5
0.36171090081172816E-5
0.36171090081172816E-5
0.36171090081172816E-5
0.36171090081172816E-5
0.36171090081172816E-5
0.36171090081172816E-5
0.36171090081172816E-5
0.36171090081172816E-5
0.36171090081172816E-5
0.36171090081172816E-5
0.36171090081172816E-5
0.36171090081172816E-5
0.36171090081172816E-5
0.36171090081172816E-5
0.36171090081172816E-5
0.36171090081172816E-5
0.36171090081172816E-5
0.36171090081172816E-5
0.36171090081172816E-5
0.36171090081172816E-5
0.36171090081172816E-5
0.36171090081172816E-5
0.36171090081172816E-5
0.36171090081172816E-5
0.36171090081172816E-5
0.36171090081172816E-5
0.36171090081172816E-5
0.36171090081172816E-5
0.36171090081172816E-5
0.36171090081172816E-5
0.36171090081172816E-5
0.36171090081172816E-5
0.36171090081172816E-5
0.36171090081172816E-5
0.36171090081172816E-5
0.36171090081172816E-5
0.36171090081172816E-5
0.36171090081172816E-5
0.36171090081172816E-5
0.36171090081172816E-5
0.36171090081172816E-5
0.36171090081172816E-5
0.36171090081172816E-5
0.36171090081172816E-5
0.36171090081172816E-5
0.36171090081172816E-5
0.36171090081172816E-5
0.36171090081172816E-5
0.36171090081172816E-5
0.36171090081172816E-5
0.36171090081172816E-5
0.36171090081172816E-5
0.36171090081172816E-5
0.36171090081172816E-5
0.36171090081172816E-5
0.36171090081172816E-5
0.36171090081172816E-5
0.36171090081172816E-5
0.36171090081172816E-5
0.36171090081172816E-5
0.36171090081172816E-5
0.36171090081172816E-5
0.36171090081172816E-5
0.36171090081172816E-5
0.36171090081172816E-5
0.36171090081172816E-5
0.36171090081172816E-5
0.36171090081172816E-5
0.36171090081172816E-5
0.36171090081172816E-5
0.36171090081172816E-5
0.36171090081172816E-5
0.36171090081172816E-5
0.36171090081172816E-5
0.36171090081172816E-5
0.36171090081172816E-5
0.36171090081172816E-5
0.36171090081172816E-5
0.36171090081172816E-5
0.36171090081172816E-5
0.36171090081172816E-5
0.36171090081172816E-5
0.36171090081172816E-5
0.36171090081172816E-5
0.36171090081172816E-5
0.36171090081172816E-5
0.36171090081172816E-5
0.36171090081172816E-5
0.36171090081172816E-5
0.36171090081172816E-5
0.36171090081172816E-5
0.36171090081172816E-5
0.36171090081172816E-5
0.36171090081172816E-5
0.36171090081172816E-5
0.36171090081172816E-5
0.36171090081172816E-5
0.36171090081172816E-5
0.36171090081172816E-5
0.36171090081172816E-5
0.36171090081172816E-5
0.36171090081172816E-5
0.36171090081172816E-5
0.36171090081172816E-5
0.36171090081172816E-5
0.36171090081172816E-5
0.36171090081172816E-5
0.36171090081172816E-5
0.36171090081172816E-5
0.36171090081172816E-5
0.36171090081172816E-5
0.36171090081172816E-5
0.36171090081172816E-5
0.36171090081172816E-5
0.36171090081172816E-5
0.36171090081172816E-5
0.36171090081172816E-5
0.36171090081172816E-5
0.36171090081172816E-5
0.36171090081172816E-5
0.36171090081172816E-5
0.36171090081172816E-5
0.36171090081172816E-5
0.36171090081172816E-5
0.36171090081172816E-5
0.36171090081172816E-5
0.36171090081172816E-5
0.36171090081172816E-5
0.36171090081172816E-5
0.36171090081172816E-5
0.36171090081172816E-5
0.36171090081172816E-5
0.36171090081172816E-5
0.36171090081172816E-5
0.36171090081172816E-5
0.36171090081172816E-5
0.36171090081172816E-5
0.36171090081172816E-5
0.36171090081172816E-5
0.36171090081172816E-5
0.36171090081172816E-5
0.36171090081172816E-5
0.36171090081172816E-5
0.36171090081172816E-5
0.36171090081172816E-5
0.36171090081172816E-5
0.36171090081172816E-5
0.36171090081172816E-5
0.36171090081172816E-5
0.36171090081172816E-5
0.36171090081172816E-5
0.36171090081172816E-5
0.36171090081172816E-5
0.36171090081172816E-5
0.36171090081172816E-5
0.36171090081172816E-5
0.36171090081172816E-5
0.36171090081172816E-5
0.36171090081172816E-5
0.36171090081172816E-5
0.36171090081172816E-5
0.36171090081172816E-5
0.36171090081172816E-5
0.36171090081172816E-5
0.36171090081172816E-5
0.36171090081172816E-5
0.36171090081172816E-5
0.36171090081172816E-5
0.36171090081172816E-5
0.36171090081172816E-5
0.36171090081172816E-5
0.36171090081172816E-5
0.36171090081172816E-5
0.36171090081172816E-5
0.36171090081172816E-5
0.36171090081172816E-5
0.36171090081172816E-5
0.36171090081172816E-5
0.36171090081172816E-5
0.36171090081172816E-5
0.36171090081172816E-5
0.36171090081172816E-5
0.36171090081172816E-5
0.36171090081172816E-5
0.36171090081172816E-5
0.36171090081172816E-5
0.36171090081172816E-5
0.36171090081172816E-5
0.36171090081172816E-5
0.36171090081172816E-5
0.36171090081172816E-5
0.36171090081172816E-5
0.36171090081172816E-5
0.36171090081172816E-5
0.36171090081172816E-5
0.36171090081172816E-5
0.36171090081172816E-5
0.36171090081172816E-5
0.36171090081172816E-5
0.36171090081172816E-5
0.36171090081172816E-5
0.36171090081172816E-5
0.36171090081172816E-5
0.36171090081172816E-5
0.36171090081172816E-5
0.36171090081172816E-5
0.36171090081172816E-5
0.36171090081172816E-5
0.36171090081172816E-5
0.36171090081172816E-5
0.36171090081172816E-5
0.36171090081172816E-5
0.36171090081172816E-5
0.36171090081172816E-5
0.36171090081172816E-5
0.36171090081172816E-5
0.36171090081172816E-5
0.36171090081172816E-5
0.36171090081172816E-5
0.36171090081172816E-5
0.36171090081172816E-5
0.36171090081172816E-5
0.36171090081172816E-5
0.36171090081172816E-5
0.36171090081172816E-5
0.36171090081172816E-5
0.36171090081172816E-5
0.36171090081172816E-5
0.36171090081172816E-5
0.36171090081172816E-5
0.36171090081172816E-5
0.36171090081172816E-5
0.36171090081172816E-5
0.36171090081172816E-5
0.36171090081172816E-5
0.36171090081172816E-5
0.36171090081172816E-5
0.36171090081172816E-5
0.36171090081172816E-5
0.36171090081172816E-5
0.36171090081172816E-5
0.36171090081172816E-5
0.36171090081172816E-5
0.36171090081172816E-5
0.36171090081172816E-5
0.36171090081172816E-5
0.36171090081172816E-5
0.36171090081172816E-5
0.36171090081172816E-5
0.36171090081172816E-5
0.36171090081172816E-5
0.36171090081172816E-5
0.36171090081172816E-5
0.36171090081172816E-5
0.36171090081172816E-5
0.36171090081172816E-5
0.36171090081172816E-5
0.36171090081172816E-5
0.36171090081172816E-5
0.36171090081172816E-5
0.36171090081172816E-5
0.36171090081172816E-5
0.36171090081172816E-5
0.36171090081172816E-5
0.36171090081172816E-5
0.36171090081172816E-5
0.36171090081172816E-5
0.36171090081172816E-5
0.36171090081172816E-5
0.36171090081172816E-5
0.36171090081172816E-5
0.36171090081172816E-5
0.36171090081172816E-5
0.36171090081172816E-5
0.36171090081172816E-5
0.36171090081172816E-5
0.36171090081172816E-5
0.36171090081172816E-5
0.36171090081172816E-5
0.36171090081172816E-5
0.36171090081172816E-5
0.36171090081172816E-5
0.36171090081172816E-5
0.36171090081172816E-5
0.36171090081172816E-5
0.36171090081172816E-5
0.36171090081172816E-5
0.36171090081172816E-5
0.36171090081172816E-5
0.36171090081172816E-5
0.36171090081172816E-5
0.36171090081172816E-5
0.36171090081172816E-5
0.36171090081172816E-5
0.36171090081172816E-5
0.36171090081172816E-5
0.36171090081172816E-5
0.36171090081172816E-5
0.36171090081172816E-5
0.36171090081172816E-5
0.36171090081172816E-5
0.36171090081172816E-5
0.36171090081172816E-5
0.36171090081172816E-5
0.36171090081172816E-5
0.36171090081172816E-5
0.36171090081172816E-5
0.36171090081172816E-5
0.36171090081172816E-5
0.36171090081172816E-5
0.36171090081172816E-5
0.36171090081172816E-5
0.36171090081172816E-5
0.36171090081172816E-5
0.36171090081172816E-5
0.36171090081172816E-5
0.36171090081172816E-5
0.36171090081172816E-5
0.36171090081172816E-5
0.36171090081172816E-5
0.36171090081172816E-5
0.36171090081172816E-5
0.36171090081172816E-5
0.36171090081172816E-5
0.36171090081172816E-5
0.36171090081172816E-5
0.36171090081172816E-5
0.36171090081172816E-5
0.36171090081172816E-5
0.36171090081172816E-5
0.36171090081172816E-5
0.36171090081172816E-5
0.36171090081172816E-5
0.36171090081172816E-5
0.36171090081172816E-5
0.36171090081172816E-5
0.36171090081172816E-5
0.36171090081172816E-5
0.36171090081172816E-5
0.36171090081172816E-5
0.36171090081172816E-5
0.36171090081172816E-5
0.36171090081172816E-5
0.36171090081172816E-5
0.36171090081172816E-5
0.36171090081172816E-5
0.36171090081172816E-5
0.36171090081172816E-5
0.36171090081172816E-5
0.36171090081172816E-5
0.36171090081172816E-5
0.36171090081172816E-5
0.36171090081172816E-5
0.36171090081172816E-5
0.36171090081172816E-5
0.36171090081172816E-5
0.36171090081172816E-5
0.36171090081172816E-5
0.36171090081172816E-5
0.36171090081172816E-5
0.36171090081172816E-5
0.36171090081172816E-5
0.36171090081172816E-5
0.36171090081172816E-5
0.36171090081172816E-5
0.36171090081172816E-5
0.36171090081172816E-5
0.36171090081172816E-5
0.36171090081172816E-5
0.36171090081172816E-5
0.36171090081172816E-5
0.36171090081172816E-5
0.36171090081172816E-5
0.36171090081172816E-5
0.36171090081172816E-5
0.36171090081172816E-5
0.36171090081172816E-5
0.36171090081172816E-5
0.36171090081172816E-5
0.36171090081172816E-5
0.36171090081172816E-5
0.36171090081172816E-5
0.36171090081172816E-5
0.36171090081172816E-5
0.36171090081172816E-5
0.36171090081172816E-5
0.36171090081172816E-5
0.36171090081172816E-5
0.36171090081172816E-5
0.36171090081172816E-5
0.36171090081172816E-5
0.36171090081172816E-5
0.36171090081172816E-5
0.36171090081172816E-5
0.36171090081172816E-5
0.36171090081172816E-5
0.36171090081172816E-5
0.36171090081172816E-5
0.36171090081172816E-5
0.36171090081172816E-5
0.36171090081172816E-5
0.36171090081172816E-5
0.36171090081172816E-5
0.36171090081172816E-5
0.36171090081172816E-5
0.36171090081172816E-5
0.36171090081172816E-5
0.36171090081172816E-5
0.36171090081172816E-5
0.36171090081172816E-5
0.36171090081172816E-5
0.36171090081172816E-5
0.36171090081172816E-5
0.36171090081172816E-5
0.36171090081172816E-5
0.36171090081172816E-5
0.36171090081172816E-5
0.36171090081172816E-5
0.36171090081172816E-5
0.36171090081172816E-5
0.36171090081172816E-5
0.36171090081172816E-5
0.36171090081172816E-5
0.36171090081172816E-5
0.36171090081172816E-5
0.36171090081172816E-5
0.36171090081172816E-5
0.36171090081172816E-5
0.36171090081172816E-5
0.36171090081172816E-5
0.36171090081172816E-5
0.36171090081172816E-5
0.36171090081172816E-5
0.36171090081172816E-5
0.36171090081172816E-5
0.36171090081172816E-5
0.36171090081172816E-5
0.36171090081172816E-5
0.36171090081172816E-5
0.36171090081172816E-5
0.36171090081172816E-5
0.36171090081172816E-5
0.36171090081172816E-5
0.36171090081172816E-5
0.36171090081172816E-5
0.36171090081172816E-5
0.36171090081172816E-5
0.36171090081172816E-5
0.36171090081172816E-5
0.36171090081172816E-5
0.36171090081172816E-5
0.36171090081172816E-5
0.36171090081172816E-5
0.36171090081172816E-5
0.36171090081172816E-5
0.36171090081172816E-5
0.36171090081172816E-5
0.36171090081172816E-5
0.36171090081172816E-5
0.36171090081172816E-5
0.36171090081172816E-5
0.36171090081172816E-5
0.36171090081172816E-5
0.36171090081172816E-5
0.36171090081172816E-5
0.36171090081172816E-5
0.36171090081172816E-5
0.36171090081172816E-5
0.36171090081172816E-5
0.36171090081172816E-5
0.36171090081172816E-5
0.36171090081172816E-5
0.36171090081172816E-5
0.36171090081172816E-5
0.36171090081172816E-5
0.36171090081172816E-5
0.36171090081172816E-5
0.36171090081172816E-5
0.36171090081172816E-5
0.36171090081172816E-5
0.36171090081172816E-5
0.36171090081172816E-5
0.36171090081172816E-5
0.36171090081172816E-5
0.36171090081172816E-5
0.36171090081172816E-5
0.36171090081172816E-5
0.36171090081172816E-5
0.36171090081172816E-5
0.36171090081172816E-5
0.36171090081172816E-5
0.36171090081172816E-5
0.36171090081172816E-5
0.36171090081172816E-5
0.36171090081172816E-5
0.36171090081172816E-5
0.36171090081172816E-5
0.36171090081172816E-5
0.36171090081172816E-5
0.36171090081172816E-5
0.36171090081172816E-5
0.36171090081172816E-5
0.36171090081172816E-5
0.36171090081172816E-5
0.36171090081172816E-5
0.36171090081172816E-5
0.36171090081172816E-5
0.36171090081172816E-5
0.36171090081172816E-5
0.36171090081172816E-5
0.36171090081172816E-5
0.36171090081172816E-5
0.36171090081172816E-5
0.36171090081172816E-5
0.36171090081172816E-5
0.36171090081172816E-5
0.36171090081172816E-5
0.36171090081172816E-5
0.36171090081172816E-5
0.36171090081172816E-5
0.36171090081172816E-5
0.36171090081172816E-5
0.36171090081172816E-5
0.36171090081172816E-5
0.36171090081172816E-5
0.36171090081172816E-5
0.36171090081172816E-5
0.36171090081172816E-5
0.36171090081172816E-5
0.36171090081172816E-5
0.36171090081172816E-5
0.36171090081172816E-5
0.36171090081172816E-5
0.36171090081172816E-5
0.36171090081172816E-5
0.36171090081172816E-5
0.36171090081172816E-5
0.36171090081172816E-5
0.36171090081172816E-5
0.36171090081172816E-5
0.36171090081172816E-5
0.36171090081172816E-5
0.36171090081172816E-5
0.36171090081172816E-5
0.36171090081172816E-5
0.36171090081172816E-5
0.36171090081172816E-5
0.36171090081172816E-5
0.36171090081172816E-5
0.36171090081172816E-5
0.36171090081172816E-5
0.36171090081172816E-5
0.36171090081172816E-5
0.36171090081172816E-5
0.36171090081172816E-5
0.36171090081172816E-5
0.36171090081172816E-5
0.36171090081172816E-5
0.36171090081172816E-5
0.36171090081172816E-5
0.36171090081172816E-5
0.36171090081172816E-5
0.36171090081172816E-5
0.36171090081172816E-5
0.36171090081172816E-5
0.36171090081172816E-5
0.36171090081172816E-5
0.36171090081172816E-5
0.36171090081172816E-5
0.36171090081172816E-5
0.36171090081172816E-5
0.36171090081172816E-5
0.36171090081172816E-5
0.36171090081172816E-5
0.36171090081172816E-5
0.36171090081172816E-5
0.36171090081172816E-5
0.36171090081172816E-5
0.36171090081172816E-5
0.36171090081172816E-5
0.36171090081172816E-5
0.36171090081172816E-5
0.36171090081172816E-5
0.36171090081172816E-5
0.36171090081172816E-5
0.36171090081172816E-5
0.36171090081172816E-5
0.36171090081172816E-5
0.36171090081172816E-5
0.36171090081172816E-5
0.36171090081172816E-5
0.36171090081172816E-5
0.36171090081172816E-5
0.36171090081172816E-5
0.36171090081172816E-5
0.36171090081172816E-5
0.36171090081172816E-5
0.36171090081172816E-5
0.36171090081172816E-5
0.36171090081172816E-5
0.36171090081172816E-5
0.36171090081172816E-5
0.36171090081172816E-5
0.36171090081172816E-5
0.36171090081172816E-5
0.36171090081172816E-5
0.36171090081172816E-5
0.36171090081172816E-5
0.36171090081172816E-5
0.36171090081172816E-5
0.36171090081172816E-5
0.36171090081172816E-5
0.36171090081172816E-5
0.36171090081172816E-5
0.36171090081172816E-5
0.36171090081172816E-5
0.36171090081172816E-5
0.36171090081172816E-5
0.36171090081172816E-5
0.36171090081172816E-5
0.36171090081172816E-5
0.36171090081172816E-5
0.36171090081172816E-5
0.36171090081172816E-5
0.36171090081172816E-5
0.36171090081172816E-5
0.36171090081172816E-5
0.36171090081172816E-5
0.36171090081172816E-5
0.36171090081172816E-5
0.36171090081172816E-5
0.36171090081172816E-5
0.36171090081172816E-5
0.36171090081172816E-5
0.36171090081172816E-5
0.36171090081172816E-5
0.36171090081172816E-5
0.36171090081172816E-5
0.36171090081172816E-5
0.36171090081172816E-5
0.36171090081172816E-5
0.36171090081172816E-5
0.36171090081172816E-5
0.36171090081172816E-5
0.36171090081172816E-5
0.36171090081172816E-5
0.36171090081172816E-5
0.36171090081172816E-5
0.36171090081172816E-5
0.36171090081172816E-5
0.36171090081172816E-5
0.36171090081172816E-5
0.36171090081172816E-5
0.36171090081172816E-5
0.36171090081172816E-5
0.36171090081172816E-5
0.36171090081172816E-5
0.36171090081172816E-5
0.36171090081172816E-5
0.36171090081172816E-5
0.36171090081172816E-5
0.36171090081172816E-5
0.36171090081172816E-5
0.36171090081172816E-5
0.36171090081172816E-5
0.36171090081172816E-5
0.36171090081172816E-5
0.36171090081172816E-5
0.36171090081172816E-5
0.36171090081172816E-5
0.36171090081172816E-5
0.36171090081172816E-5
0.36171090081172816E-5
0.36171090081172816E-5
0.36171090081172816E-5
0.36171090081172816E-5
0.36171090081172816E-5
0.36171090081172816E-5
0.36171090081172816E-5
0.36171090081172816E-5
0.36171090081172816E-5
0.36171090081172816E-5
0.36171090081172816E-5
0.36171090081172816E-5
0.36171090081172816E-5
0.36171090081172816E-5
0.36171090081172816E-5
0.36171090081172816E-5
0.36171090081172816E-5
0.36171090081172816E-5
0.36171090081172816E-5
0.36171090081172816E-5
0.36171090081172816E-5
0.36171090081172816E-5
0.36171090081172816E-5
0.36171090081172816E-5
0.36171090081172816E-5
0.36171090081172816E-5
0.36171090081172816E-5
0.36171090081172816E-5
0.36171090081172816E-5
0.36171090081172816E-5
0.36171090081172816E-5
0.36171090081172816E-5
0.36171090081172816E-5
0.36171090081172816E-5
0.36171090081172816E-5
0.36171090081172816E-5
0.36171090081172816E-5
0.36171090081172816E-5
0.36171090081172816E-5
0.36171090081172816E-5
0.36171090081172816E-5
0.36171090081172816E-5
0.36171090081172816E-5
0.36171090081172816E-5
0.36171090081172816E-5
0.36171090081172816E-5
0.36171090081172816E-5
0.36171090081172816E-5
0.36171090081172816E-5
0.36171090081172816E-5
0.36171090081172816E-5
0.36171090081172816E-5
0.36171090081172816E-5
0.36171090081172816E-5
0.36171090081172816E-5
0.36171090081172816E-5
0.36171090081172816E-5
0.36171090081172816E-5
0.36171090081172816E-5
0.36171090081172816E-5
0.36171090081172816E-5
0.36171090081172816E-5
0.36171090081172816E-5
0.36171090081172816E-5
0.36171090081172816E-5
0.36171090081172816E-5
0.36171090081172816E-5
0.36171090081172816E-5
0.36171090081172816E-5
0.36171090081172816E-5
0.36171090081172816E-5
0.36171090081172816E-5
0.36171090081172816E-5
0.36171090081172816E-5
0.36171090081172816E-5
0.36171090081172816E-5
0.36171090081172816E-5
0.36171090081172816E-5
0.36171090081172816E-5
0.36171090081172816E-5
0.36171090081172816E-5
0.36171090081172816E-5
0.36171090081172816E-5
0.36171090081172816E-5
0.36171090081172816E-5
0.36171090081172816E-5
0.36171090081172816E-5
0.36171090081172816E-5
0.36171090081172816E-5
0.36171090081172816E-5
0.36171090081172816E-5
0.36171090081172816E-5
0.36171090081172816E-5
0.36171090081172816E-5
0.36171090081172816E-5
0.36171090081172816E-5
0.36171090081172816E-5
0.36171090081172816E-5
0.36171090081172816E-5
0.36171090081172816E-5
0.36171090081172816E-5
0.36171090081172816E-5
0.36171090081172816E-5
0.36171090081172816E-5
0.36171090081172816E-5
0.36171090081172816E-5
0.36171090081172816E-5
0.36171090081172816E-5
0.36171090081172816E-5
0.36171090081172816E-5
0.36171090081172816E-5
0.36171090081172816E-5
0.36171090081172816E-5
0.36171090081172816E-5
0.36171090081172816E-5
0.36171090081172816E-5
0.36171090081172816E-5
0.36171090081172816E-5
0.36171090081172816E-5
0.36171090081172816E-5
0.36171090081172816E-5
0.36171090081172816E-5
0.36171090081172816E-5
0.36171090081172816E-5
0.36171090081172816E-5
0.36171090081172816E-5
0.36171090081172816E-5
0.36171090081172816E-5
0.36171090081172816E-5
0.36171090081172816E-5
0.36171090081172816E-5
0.36171090081172816E-5
0.36171090081172816E-5
0.36171090081172816E-5
0.36171090081172816E-5
0.36171090081172816E-5
0.36171090081172816E-5
0.36171090081172816E-5
0.36171090081172816E-5
0.36171090081172816E-5
0.36171090081172816E-5
0.36171090081172816E-5
0.36171090081172816E-5
0.36171090081172816E-5
0.36171090081172816E-5
0.36171090081172816E-5
0.36171090081172816E-5
0.36171090081172816E-5
0.36171090081172816E-5
0.36171090081172816E-5
0.36171090081172816E-5
0.36171090081172816E-5
0.36171090081172816E-5
0.36171090081172816E-5
0.36171090081172816E-5
0.36171090081172816E-5
0.36171090081172816E-5
0.36171090081172816E-5
0.36171090081172816E-5
0.36171090081172816E-5
0.36171090081172816E-5
0.36171090081172816E-5
0.36171090081172816E-5
0.36171090081172816E-5
0.36171090081172816E-5
0.36171090081172816E-5
0.36171090081172816E-5
0.36171090081172816E-5
0.36171090081172816E-5
0.36171090081172816E-5
0.36171090081172816E-5
0.36171090081172816E-5
0.36171090081172816E-5
0.36171090081172816E-5
0.36171090081172816E-5
0.36171090081172816E-5
0.36171090081172816E-5
0.36171090081172816E-5
0.36171090081172816E-5
0.36171090081172816E-5
0.36171090081172816E-5
0.36171090081172816E-5
0.36171090081172816E-5
0.36171090081172816E-5
0.36171090081172816E-5
0.36171090081172816E-5
0.36171090081172816E-5
0.36171090081172816E-5
0.36171090081172816E-5
0.36171090081172816E-5
0.36171090081172816E-5
0.36171090081172816E-5
0.36171090081172816E-5
0.36171090081172816E-5
0.36171090081172816E-5
0.36171090081172816E-5
0.36171090081172816E-5
0.36171090081172816E-5
0.36171090081172816E-5
0.36171090081172816E-5
0.36171090081172816E-5
0.36171090081172816E-5
0.36171090081172816E-5
0.36171090081172816E-5
0.36171090081172816E-5
0.36171090081172816E-5
0.36171090081172816E-5
0.36171090081172816E-5
0.36171090081172816E-5
0.36171090081172816E-5
0.36171090081172816E-5
0.36171090081172816E-5
0.36171090081172816E-5
0.36171090081172816E-5
0.36171090081172816E-5
0.36171090081172816E-5
0.36171090081172816E-5
0.36171090081172816E-5
0.36171090081172816E-5
0.36171090081172816E-5
0.88033070383140480E-5
0.36171090081172816E-5
0.86638904726334658E-5
0.36171090081172816E-5
0.36171090081172816E-5
0.36171090081172816E-5
0.36171090081172816E-5
0.36171090081172816E-5
0.36171090081172816E-5
0.36171090081172816E-5
0.36171090081172816E-5
0.36171090081172816E-5
0.36171090081172816E-5
0.36171090081172816E-5
0.36171090081172816E-5
0.36171090081172816E-5
0.36171090081172816E-5
0.36171090081172816E-5
0.36171090081172816E-5
0.36171090081172816E-5
0.95913380436337602E-5
0.96601717995474435E-5
0.95589362271338069E-5
0.95589362271338069E-5
0.96574366336329304E-5
0.95889355432171874E-5
0.96910380376351136E-5
0.96970095473059852E-5
0.96574366336328881E-5
0.96970095473059886E-5
0.96910380376351289E-5
0.95889355432171874E-5
0.94738075979810286E-5
0.94992901340574736E-5
0.94242037740871934E-5
0.94992901340575210E-5
0.98996667143178174E-5
0.99460406384201321E-5
0.99460406384200576E-5
0.98171627464082173E-5
0.98135487499691716E-5
0.97734612501179353E-5
0.97668259027205010E-5
0.98957400833360466E-5
0.10084646589589119E-4
0.10032477223445668E-4
0.10173047106910616E-4
0.10032477223445661E-4
0.98135487499691394E-5
0.98957400833360432E-5
0.97668259027204722E-5
0.97734612501178760E-5
0.11470621632847557E-4
0.11452292961154242E-4
0.11482685184503153E-4
0.11482685184503153E-4
0.11452858982660136E-4
0.11471431745657201E-4
0.11446712924431631E-4
0.11445795980641649E-4
0.11452858982660097E-4
0.11445795980641659E-4
0.11446712924431738E-4
0.11471431745657201E-4
0.11529104811911491E-4
0.11512517936899726E-4
0.11570613143378584E-4
0.11512517936899780E-4
0.11438639799245060E-4
0.11442066959794029E-4
0.11442066959793999E-4
0.11436659922959323E-4
0.11436708919781184E-4
0.11438115007760893E-4
0.11438508518059487E-4
0.11438420860008357E-4
0.11460297336395037E-4
0.11452168452867311E-4
0.11477050089348775E-4
0.11452168452867342E-4
0.11436708919781157E-4
0.11438420860008313E-4
0.11438508518059529E-4
0.11438115007760925E-4
0.14958806038881012E-4
0.14839639974198958E-4
0.15022779680574810E-4
0.15022779680574810E-4
0.14844002691826084E-4
0.14963356124059022E-4
0.14792261583200759E-4
0.14783469136910994E-4
0.14844002691826180E-4
0.14783469136911060E-4
0.14792261583200847E-4
0.14963356124059018E-4
0.15224578622052101E-4
0.15158011576603841E-4
0.15375242124650147E-4
0.15158011576603907E-4
0.14540233188236065E-4
0.14496256865623345E-4
0.14496256865623316E-4
0.14627981388742960E-4
0.14632138211884071E-4
0.14680234727238538E-4
0.14688566070680106E-4
0.14544121493963317E-4
0.14383309414200868E-4
0.14422883428794453E-4
0.14323171987670611E-4
0.14422883428794384E-4
0.14632138211884191E-4
0.14544121493963270E-4
0.14688566070680113E-4
0.14680234727238513E-4
0.20401254428969467E-4
0.20158846838756300E-4
0.20528954036715026E-4
0.20528954036715026E-4
0.20167836623986735E-4
0.20410389384734159E-4
0.20060596990650543E-4
0.20042233630939850E-4
0.20167836623986870E-4
0.20042233630939789E-4
0.20060596990650583E-4
0.20410389384734156E-4
0.20922642978339395E-4
0.20794164546993159E-4
0.21209138677014804E-4
0.20794164546993243E-4
0.19514210623881905E-4
0.19413555569728221E-4
0.19413555569728269E-4
0.19709711679447396E-4
0.19718815993543690E-4
0.19823234774304188E-4
0.19841157480550337E-4
0.19523017935376284E-4
0.19144678720717742E-4
0.19240798748061283E-4
0.18993786023719253E-4
0.19240798748061167E-4
0.19718815993543717E-4
0.19523017935376291E-4
0.19841157480550497E-4
0.19823234774304157E-4
0.28106893645537949E-4
0.27714868144405948E-4
0.28312416488033005E-4
0.28312416488033005E-4
0.27729454897921850E-4
0.28121617036252907E-4
0.27555184780290400E-4
0.27525283862516875E-4
0.27729454897921721E-4
0.27525283862517088E-4
0.27555184780290539E-4
0.28121617036252676E-4
0.28942466918452424E-4
0.28737385887163199E-4
0.29398233371314876E-4
0.28737385887163341E-4
0.26656719591603081E-4
0.26488880929330497E-4
0.26488880929330335E-4
0.26980464670729655E-4
0.26995474329796220E-4
0.27167228770464462E-4
0.27196638670461503E-4
0.26671366291850102E-4
0.26036080176351624E-4
0.26198749974548100E-4
0.25778709588246810E-4
0.26198749974548060E-4
0.26995474329796545E-4
0.26671366291850285E-4
0.27196638670461412E-4
0.27167228770464533E-4
0.38263715989949562E-4
0.37684030275234983E-4
0.38568009608574008E-4
0.38568009608574008E-4
0.37705584849018619E-4
0.38285505408164786E-4
0.37448130221040844E-4
0.37403968988279475E-4
0.37705584849018606E-4
0.37403968988279495E-4
0.37448130221041088E-4
0.38285505408164786E-4
0.39502986373368809E-4
0.39198262649532216E-4
0.40181727726381705E-4
0.39198262649532277E-4
0.36121876792522425E-4
0.35874070777426640E-4
0.35874070777426796E-4
0.36599711474688199E-4
0.36621863331392501E-4
0.36875353894152402E-4
0.36918762687194380E-4
0.36143498186137061E-4
0.35204875786665177E-4
0.35445428471342869E-4
0.34823829263435415E-4
0.35445428471342774E-4
0.36621863331392711E-4
0.36143498186136566E-4
0.36918762687194671E-4
0.36875353894152334E-4
0.51012561581292264E-4
0.50173781674675876E-4
0.51454880999562547E-4
0.51454880999562547E-4
0.50204879504818945E-4
0.51044188491201862E-4
0.49833895882825365E-4
0.49770361597611472E-4
0.50204879504818938E-4
0.49770361597611181E-4
0.49833895882825629E-4
0.51044188491202018E-4
0.52822532672552338E-4
0.52375385992754509E-4
0.53823295819817782E-4
0.52375385992754794E-4
0.47938578799874031E-4
0.47587321911073512E-4
0.47587321911073532E-4
0.48618421077199307E-4
0.48650019530736352E-4
0.49012131298717962E-4
0.49074237225805323E-4
0.47969268507108143E-4
0.46643089212933048E-4
0.46981795360437467E-4
0.46108139602363991E-4
0.46981795360437494E-4
0.48650019530736508E-4
0.47969268507108326E-4
0.49074237225805438E-4
0.49012131298717915E-4
0.66536167488476323E-4
0.65321619472879738E-4
0.67179706379712551E-4
0.67179706379712551E-4
0.65366509616905652E-4
0.66582113116242170E-4
0.64831706439029700E-4
0.64740274846068315E-4
0.65366509616905625E-4
0.64740274846069196E-4
0.64831706439029226E-4
0.66582113116242359E-4
0.69182211404622679E-4
0.68525450742717956E-4
0.70659010526315268E-4
0.68525450742717861E-4
0.62125066197194121E-4
0.61628424103720756E-4
0.61628424103719998E-4
0.63090830428891282E-4
0.63135860446890426E-4
0.63652776223913819E-4
0.63741593878873784E-4
0.62168535262057312E-4
0.60301624461554708E-4
0.60776150457988471E-4
0.59555473686751615E-4
0.60776150457988247E-4
0.63135860446890873E-4
0.62168535262057596E-4
0.63741593878873946E-4
0.63652776223913738E-4
0.84956955490676466E-4
0.83203116057287583E-4
0.85890356604015962E-4
0.85890356604015962E-4
0.83267752441852383E-4
0.85023503396796282E-4
0.82498656797645441E-4
0.82367380958980269E-4
0.83267752441852356E-4
0.82367380958980486E-4
0.82498656797645414E-4
0.85023503396796282E-4
0.88811967316918583E-4
0.87850996469068712E-4
0.90982198603578858E-4
0.87850996469068278E-4
0.78640189808416928E-4
0.77938792338431043E-4
0.77938792338431355E-4
0.80010165033113506E-4
0.80074231175179103E-4
0.80810842865884584E-4
0.80937623890747605E-4
0.78701682595493682E-4
0.76075927722212141E-4
0.76740295245532030E-4
0.75035689560941403E-4
0.76740295245532030E-4
0.80074231175179063E-4
0.78701682595493547E-4
0.80937623890748066E-4
0.80810842865885275E-4
0.10625759490083029E-3
0.10374479760648130E-3
0.10760037336537590E-3
0.10760037336537590E-3
0.10383715959965364E-3
0.10635320705902999E-3
0.10273941716619348E-3
0.10255232178847701E-3
0.10383715959965360E-3
0.10255232178847722E-3
0.10273941716619443E-3
0.10635320705903004E-3
0.11182633815255218E-3
0.11043261931058281E-3
0.11498660862151038E-3
0.11043261931058189E-3
0.97276173325462918E-4
0.96291562384630229E-4
0.96291562384630120E-4
0.99207146069271493E-4
0.99297692126966710E-4
0.10034028571653041E-3
0.10052000964191419E-3
0.97362627883778221E-4
0.93690521821518266E-4
0.94615739589448266E-4
0.92247500642309293E-4
0.94615739589448008E-4
0.99297692126966913E-4
0.97362627883778601E-4
0.10052000964191457E-3
0.10034028571653128E-3
0.13025328711720405E-3
0.12669740599597859E-3
0.13216073923381214E-3
0.13216073923381165E-3
0.12682778415064138E-3
0.13038894269745195E-3
0.12527986079451835E-3
0.12501640128720524E-3
0.12682778415064135E-3
0.12501640128720560E-3
0.12527986079451982E-3
0.13038894269745273E-3
0.13819488436530244E-3
0.13619978061901093E-3
0.14273628743160935E-3
0.13619978061901020E-3
0.11763314344198777E-3
0.11626591297709312E-3
0.11626591297709360E-3
0.12032451493179627E-3
0.12045103244750312E-3
0.12190979000669590E-3
0.12216161442805702E-3
0.11775336248678163E-3
0.11267181973683494E-3
0.11394723532386254E-3
0.11068967671531403E-3
0.11394723532386258E-3
0.12045103244750358E-3
0.11775336248678128E-3
0.12216161442805823E-3
0.12190979000669644E-3
0.15657904865930364E-3
0.15162689135883451E-3
0.15924534472813316E-3
0.15924534472813305E-3
0.15180802978368777E-3
0.15676844961862472E-3
0.14965965104639226E-3
0.14929447609330441E-3
0.15180802978368867E-3
0.14929447609330430E-3
0.14965965104639262E-3
0.15676844961862418E-3
0.16772272847186386E-3
0.16491283695657473E-3
0.17414324344918342E-3
0.16491283695657425E-3
0.13912140951883085E-3
0.13725126301787605E-3
0.13725126301787567E-3
0.14281569696627928E-3
0.14298976910935590E-3
0.14499940788817933E-3
0.14534680370469652E-3
0.13928606534989411E-3
0.13235759968267217E-3
0.13409034150694310E-3
0.12967355572468311E-3
0.13409034150694348E-3
0.14298976910935728E-3
0.13928606534989376E-3
0.14534680370469760E-3
0.14499940788817954E-3
0.18469534813304707E-3
0.17792562704907469E-3
0.18835380706301827E-3
0.18835380706301683E-3
0.17817265397069879E-3
0.18495492030704225E-3
0.17524579426198862E-3
0.17474894990468536E-3
0.17817265397069884E-3
0.17474894990468623E-3
0.17524579426198895E-3
0.18495492030704217E-3
0.20004529227327168E-3
0.19616030649322616E-3
0.20895696822930510E-3
0.19616030649322511E-3
0.16098867787512535E-3
0.15847710255490141E-3
0.15847710255490006E-3
0.16596701334493463E-3
0.16620212864613845E-3
0.16891992017863857E-3
0.16939036087572880E-3
0.16121008958997174E-3
0.15193393997170717E-3
0.15424580249850811E-3
0.14836402498880782E-3
0.15424580249850866E-3
0.16620212864614005E-3
0.16121008958997152E-3
0.16939036087573099E-3
0.16891992017863976E-3
0.21391450032275268E-3
0.20484581293552740E-3
0.21883423934507083E-3
0.21883423934507002E-3
0.20517590875586639E-3
0.21426313350508456E-3
0.20126892288646351E-3
0.20060659693594779E-3
0.20517590875586682E-3
0.20060659693594800E-3
0.20126892288646386E-3
0.21426313350508372E-3
0.23464027870853898E-3
0.22937429841920752E-3
0.24676903816044955E-3
0.22937429841920798E-3
0.18237259819597415E-3
0.17906855831570918E-3
0.17906855831570812E-3
0.18894437496773140E-3
0.18925546912042731E-3
0.19285614503028326E-3
0.19348026274745145E-3
0.18266424484628121E-3
0.17049884697634886E-3
0.17352029580038021E-3
0.16584766043323430E-3
0.17352029580037975E-3
0.18925546912042891E-3
0.18266424484628029E-3
0.19348026274745343E-3
0.19285614503028358E-3
0.24344712755432617E-3
0.23155350885689874E-3
0.24992569869729969E-3
0.24992569869729990E-3
0.23198529490949958E-3
0.24390562888666509E-3
0.22688037186651154E-3
0.22601620497157704E-3
0.23198529490950096E-3
0.22601620497157858E-3
0.22688037186651460E-3
0.24390562888666360E-3
0.27085773842353597E-3
0.26386461299279405E-3
0.28703426728923938E-3
0.26386461299279427E-3
0.20237432998086767E-3
0.19812289669793654E-3
0.19812289669793548E-3
0.21086104701402623E-3
0.21126377154153430E-3
0.21593127950793003E-3
0.21674147739951321E-3
0.20275010507880064E-3
0.18714641473790338E-3
0.19100788725667604E-3
0.18122105416575250E-3
0.19100788725667732E-3
0.21126377154153736E-3
0.20275010507879952E-3
0.21674147739951668E-3
0.21593127950793241E-3
0.27246455208324954E-3
0.25719796043694403E-3
0.28081677592770195E-3
0.28081677592770092E-3
0.25775063765727909E-3
0.27305483072250506E-3
0.25122420063802348E-3
0.25012109363657534E-3
0.25775063765727849E-3
0.25012109363657621E-3
0.25122420063802597E-3
0.27305483072250311E-3
0.30796636781932639E-3
0.29886913754339009E-3
0.32910761436229219E-3
0.29886913754338700E-3
0.22014422796973334E-3
0.21479746349549591E-3
0.21479746349549426E-3
0.23085871597133622E-3
0.23136848426148700E-3
0.23728514363679072E-3
0.23831375331851001E-3
0.22061749270093118E-3
0.20106036190641136E-3
0.20588163887655850E-3
0.19368721651748716E-3
0.20588163887655988E-3
0.23136848426149112E-3
0.22061749270092934E-3
0.23831375331851432E-3
0.23728514363679327E-3
0.30016992373923547E-3
0.28098769980688417E-3
0.31071380945579087E-3
0.31071380945579130E-3
0.28168001624747144E-3
0.30091397374416113E-3
0.27351509679671301E-3
0.27213734123727193E-3
0.28168001624747139E-3
0.27213734123727361E-3
0.27351509679671577E-3
0.30091397374415837E-3
0.34521151585455010E-3
0.33361538272658350E-3
0.37229365849409865E-3
0.33361538272658100E-3
0.23496746263444872E-3
0.22839629103815347E-3
0.22839629103815304E-3
0.24819080448691493E-3
0.24882171798893765E-3
0.25615592214651457E-3
0.25743309716283539E-3
0.23555000624170093E-3
0.21160260339243576E-3
0.21748159040990995E-3
0.20264482276908803E-3
0.21748159040991079E-3
0.24882171798894204E-3
0.23555000624170022E-3
0.25743309716284174E-3
0.25615592214651739E-3
0.32586895829130296E-3
0.30226314418504855E-3
0.33891021487440640E-3
0.33891021487440608E-3
0.30311231254678893E-3
0.32678775056974816E-3
0.29311142576615126E-3
0.29142689941463414E-3
0.30311231254678893E-3
0.29142689941463599E-3
0.29311142576615582E-3
0.32678775056974512E-3
0.38187830313092194E-3
0.36738593856712096E-3
0.41590342381240527E-3
0.36738593856711841E-3
0.24633641935383626E-3
0.23844179996691879E-3
0.23844179996691830E-3
0.26229571484729936E-3
0.26305951207068463E-3
0.27195358660547060E-3
0.27350520306279656E-3
0.24703747208090488E-3
0.21838222545748434E-3
0.22538485244522766E-3
0.20775511601837628E-3
0.22538485244522925E-3
0.26305951207068913E-3
0.24703747208090142E-3
0.27350520306280545E-3
0.27195358660547303E-3
0.34903089234149004E-3
0.32055560785808481E-3
0.36484794015638353E-3
0.36484794015638201E-3
0.32157631788778973E-3
0.35014331452782476E-3
0.30957309340301080E-3
0.30755521819257137E-3
0.32157631788779244E-3
0.30755521819257061E-3
0.30957309340301411E-3
0.35014331452782520E-3
0.41735225933639655E-3
0.39957977824081945E-3
0.45931208868604735E-3
0.39957977824081598E-3
0.25399853256350156E-3
0.24472014062811161E-3
0.24472014062810815E-3
0.27284894254833611E-3
0.27375412893817304E-3
0.28431414513880720E-3
0.28616001573129939E-3
0.25482398745640646E-3
0.22129323608194478E-3
0.22944622357805563E-3
0.20897482299855796E-3
0.22944622357805788E-3
0.27375412893817862E-3
0.25482398745640277E-3
0.28616001573130508E-3
0.28431414513881153E-3
0.36933178784945276E-3
0.33562484390601307E-3
0.38816325798947881E-3
0.38816325798947507E-3
0.33682851194305875E-3
0.37065377503183068E-3
0.32269638240661183E-3
0.32032555399042254E-3
0.33682851194305865E-3
0.32032555399042232E-3
0.32269638240661958E-3
0.37065377503182786E-3
0.45117021206895764E-3
0.42976192794206539E-3
0.50201093373788909E-3
0.42976192794205931E-3
0.25797254088741394E-3
0.24729342415810165E-3
0.24729342415809785E-3
0.27978663479169346E-3
0.28083793562324894E-3
0.29312711599551377E-3
0.29527979941854407E-3
0.25892451935602753E-3
0.22051522582314294E-3
0.22980312000145153E-3
0.20654983213425082E-3
0.22980312000145384E-3
0.28083793562325501E-3
0.25892451935602455E-3
0.29527979941854895E-3
0.29312711599551963E-3
0.38667532719407430E-3
0.34747097245933751E-3
0.40871174564382069E-3
0.40871174564382020E-3
0.34886533997122301E-3
0.38821930366295430E-3
0.33252197180393519E-3
0.32978623978488839E-3
0.34886533997122285E-3
0.32978623978488812E-3
0.33252197180394137E-3
0.38821930366294709E-3
0.48305574721140812E-3
0.45769593637690569E-3
0.54364779798617016E-3
0.45769593637690135E-3
0.25853200579967266E-3
0.24647829763661865E-3
0.24647829763661507E-3
0.28329836165179355E-3
0.28449659366419725E-3
0.29853343679186653E-3
0.30099784131689398E-3
0.25960885020517670E-3
0.21647822483945853E-3
0.22684541545977429E-3
0.20097207386073250E-3
0.22684541545977394E-3
0.28449659366420311E-3
0.25960885020517361E-3
0.30099784131689826E-3
0.29853343679187011E-3
0.40119003478190186E-3
0.35632105858703496E-3
0.42657077393596439E-3
0.42657077393596417E-3
0.35791019859795803E-3
0.40296474106336341E-3
0.33931699963470367E-3
0.33621189287571347E-3
0.35791019859795895E-3
0.33621189287571325E-3
0.33931699963471158E-3
0.40296474106336059E-3
0.51293604349344937E-3
0.48335637925538426E-3
0.58405210453176242E-3
0.48335637925537423E-3
0.25616087874161920E-3
0.24279648001584043E-3
0.24279648001583642E-3
0.28379236463925406E-3
0.28513475443993369E-3
0.30089625014653200E-3
0.30367010403253603E-3
0.25735758407008689E-3
0.20979975447380156E-3
0.22115731215357573E-3
0.19290903772897211E-3
0.22115731215357673E-3
0.28513475443994225E-3
0.25735758407008076E-3
0.30367010403254465E-3
0.30089625014653666E-3
0.41320557052970257E-3
0.36259464836387972E-3
0.44202133582784856E-3
0.44202133582784347E-3
0.36437937442155720E-3
0.41521629022128601E-3
0.34353619191404772E-3
0.34006371931611713E-3
0.36437937442155741E-3
0.34006371931611691E-3
0.34353619191405114E-3
0.41521629022128683E-3
0.54093969734039110E-3
0.50692168549112135E-3
0.62324277502160709E-3
0.50692168549111181E-3
0.25149047679729917E-3
0.23690747527107555E-3
0.23690747527107227E-3
0.28184102635856340E-3
0.28332192998013924E-3
0.30075140213841494E-3
0.30382652257980602E-3
0.25279949929282215E-3
0.20120664612019611E-3
0.21344296243640154E-3
0.18311985831399974E-3
0.21344296243640663E-3
0.28332192998014753E-3
0.25279949929282025E-3
0.30382652257981415E-3
0.30075140213842194E-3
0.42321356035726116E-3
0.36685537499389799E-3
0.45551383328082032E-3
0.45551383328081788E-3
0.36883398557192301E-3
0.42546270015622015E-3
0.34576984680581308E-3
0.34193683084651148E-3
0.36883398557192312E-3
0.34193683084651131E-3
0.34576984680582121E-3
0.42546270015621874E-3
0.56737769166597231E-3
0.52875021446417442E-3
0.66141958673039908E-3
0.52875021446416217E-3
0.24522941892231629E-3
0.22953569154415509E-3
0.22953569154415143E-3
0.27811677740723003E-3
0.27972869269084536E-3
0.29874708586244755E-3
0.30211125412372693E-3
0.24664173991992001E-3
0.19145560868865272E-3
0.20444920686100548E-3
0.17237288854059791E-3
0.20444920686100976E-3
0.27972869269085371E-3
0.24664173991991546E-3
0.30211125412373560E-3
0.29874708586245276E-3
0.43181984038549736E-3
0.36975681193370853E-3
0.46762398752315805E-3
0.46762398752315805E-3
0.37192605644940181E-3
0.43430776629114245E-3
0.34668735248113541E-3
0.34250334459510145E-3
0.37192605644940387E-3
0.34250334459510112E-3
0.34668735248114332E-3
0.43430776629113887E-3
0.59271143435279559E-3
0.54934424234841055E-3
0.69894029949556474E-3
0.54934424234840014E-3
0.23809759472458240E-3
0.22140338683862145E-3
0.22140338683861708E-3
0.27332874543580871E-3
0.27506347051555640E-3
0.29558244059560461E-3
0.29922160994088763E-3
0.23960388585462543E-3
0.18126472018661452E-3
0.19489736537209272E-3
0.16137723483474143E-3
0.19489736537209418E-3
0.27506347051556524E-3
0.23960388585461911E-3
0.29922160994089669E-3
0.29558244059561058E-3
0.43969487266790942E-3
0.37199006650039752E-3
0.47900517465942279E-3
0.47900517465942279E-3
0.37434619521056045E-3
0.44242087417234444E-3
0.34698397515492505E-3
0.34245904361188654E-3
0.37434619521056165E-3
0.34245904361188524E-3
0.34698397515493313E-3
0.44242087417234205E-3
0.61751253912852955E-3
0.56930709241252849E-3
0.73628690818209176E-3
0.56930709241251190E-3
0.23077255045386025E-3
0.21317779782336022E-3
0.21317779782335794E-3
0.26816844744519981E-3
0.27001823046193904E-3
0.29195328027354039E-3
0.29585381816519407E-3
0.23236428648852224E-3
0.17126386982051708E-3
0.18543227010934767E-3
0.15073592260633593E-3
0.18543227010935060E-3
0.27001823046194647E-3
0.23236428648851603E-3
0.29585381816520475E-3
0.29195328027354598E-3
0.44752769555862721E-3
0.37423858989032283E-3
0.49034239746586670E-3
0.49034239746586670E-3
0.37677835012923938E-3
0.45049094077617854E-3
0.34733636784686040E-3
0.34247903924934924E-3
0.37677835012924529E-3
0.34247903924934805E-3
0.34733636784687162E-3
0.45049094077617854E-3
0.64241874941885191E-3
0.58929812503164751E-3
0.77402458077918148E-3
0.58929812503163341E-3
0.22385276592761099E-3
0.20543658029820096E-3
0.20543658029819698E-3
0.26326951863951177E-3
0.26522806325603306E-3
0.28851015751964258E-3
0.29266085137130037E-3
0.22552315920155449E-3
0.16196709012291987E-3
0.17659194956994633E-3
0.14092279043753509E-3
0.17659194956994899E-3
0.26522806325604239E-3
0.22552315920154885E-3
0.29266085137131024E-3
0.28851015751964925E-3
0.45598660504562880E-3
0.37714298454608481E-3
0.50231121489825086E-3
0.50231121489825086E-3
0.37986444547884429E-3
0.45918696077491714E-3
0.34836934323868125E-3
0.34318492982013166E-3
0.37986444547884418E-3
0.34318492982013128E-3
0.34836934323868944E-3
0.45918696077491611E-3
0.66808934553898747E-3
0.60998897857025868E-3
0.81275633891306827E-3
0.60998897857024025E-3
0.21783828446588020E-3
0.19865149837984601E-3
0.19865149837984121E-3
0.25918283405393947E-3
0.26124606291889701E-3
0.28583056208251253E-3
0.29022418259164271E-3
0.21958295866108464E-3
0.15376510298001765E-3
0.16879689937419640E-3
0.13228040169236676E-3
0.16879689937420101E-3
0.26124606291890828E-3
0.21958295866107792E-3
0.29022418259165312E-3
0.28583056208252386E-3
0.46568740274584395E-3
0.38127589471384580E-3
0.51554278850899889E-3
0.51554278850899889E-3
0.38417901377361995E-3
0.46912601822941764E-3
0.35063364179661535E-3
0.34512311718886990E-3
0.38417901377362510E-3
0.34512311718886931E-3
0.35063364179661974E-3
0.46912601822941515E-3
0.69516189225555462E-3
0.63202273862963422E-3
0.85307558256703879E-3
0.63202273862961232E-3
0.21312594513789513E-3
0.19318706829392728E-3
0.19318706829392327E-3
0.25636525523478647E-3
0.25853177685379895E-3
0.28440400959660122E-3
0.28903830504131407E-3
0.21494331260949926E-3
0.14693322523984487E-3
0.16235465976336777E-3
0.12503318560458854E-3
0.16235465976337121E-3
0.25853177685380941E-3
0.21494331260949289E-3
0.28903830504132535E-3
0.28440400959661168E-3
0.47716799006829408E-3
0.38712489257229676E-3
0.53059424854151973E-3
0.53059424854151973E-3
0.39021177029548084E-3
0.48084757429439309E-3
0.35459223453191893E-3
0.34875174970425474E-3
0.39021177029548349E-3
0.34875174970425501E-3
0.35459223453192923E-3
0.48084757429439097E-3
0.72421067311548781E-3
0.65597603663180670E-3
0.89551747358384236E-3
0.65597603663178697E-3
0.21001451877708673E-3
0.18930902881973748E-3
0.18930902881973238E-3
0.25517812835231874E-3
0.25744939076211655E-3
0.28462661596320569E-3
0.28950468397936419E-3
0.21190586307988149E-3
0.14164836380369447E-3
0.15747383539960208E-3
0.11930891361402790E-3
0.15747383539960546E-3
0.25744939076212896E-3
0.21190586307987509E-3
0.28950468397937238E-3
0.28462661596321295E-3
0.49086666787260353E-3
0.39507990704731443E-3
0.54792217670602964E-3
0.54792217670602986E-3
0.39835470653696729E-3
0.49479142140864763E-3
0.36061138877281894E-3
0.35443246111484115E-3
0.39835470653697288E-3
0.35443246111484158E-3
0.36061138877282811E-3
0.49479142140864568E-3
0.75570596465581461E-3
0.68232279037583657E-3
0.94050928412134295E-3
0.68232279037580904E-3
0.20871438812311799E-3
0.18719703310585243E-3
0.18719703310584923E-3
0.25589069852839088E-3
0.25827083895052223E-3
0.28680065123874135E-3
0.29193068799432463E-3
0.21068367573278947E-3
0.13800893727275849E-3
0.15428157594596343E-3
0.11516210892437975E-3
0.15428157594596665E-3
0.25827083895053475E-3
0.21068367573278177E-3
0.29193068799433672E-3
0.28680065123875122E-3
0.50710087296900212E-3
0.40542125679359853E-3
0.56785633772621737E-3
0.56785633772621510E-3
0.40888978656476472E-3
0.51127606296083507E-3
0.36895232474128581E-3
0.36242269217494902E-3
0.40888978656476824E-3
0.36242269217495065E-3
0.36895232474129785E-3
0.51127606296083280E-3
0.78997267702957054E-3
0.71139763652784183E-3
0.98831933813025175E-3
0.71139763652781668E-3
0.20935676066994048E-3
0.18695648900375617E-3
0.18695648900375142E-3
0.25868363423044139E-3
0.26117904612240082E-3
0.29113443602267702E-3
0.29652889264282517E-3
0.21141021272549204E-3
0.13605264252837177E-3
0.15283941236537865E-3
0.11259440618905239E-3
0.15283941236538321E-3
0.26117904612241204E-3
0.21141021272548565E-3
0.29652889264283937E-3
0.29113443602268694E-3
0.52604327478042131E-3
0.41830468228301273E-3
0.59057093363155174E-3
0.59057093363155250E-3
0.42197365742649591E-3
0.53047446525955589E-3
0.37975969888470631E-3
0.37286480485272525E-3
0.42197365742650188E-3
0.37286480485272400E-3
0.37975969888471759E-3
0.53047446525955361E-3
0.82714697210179257E-3
0.74335719343341603E-3
0.10390042900917016E-2
0.74335719343338578E-3
0.21199838906550223E-3
0.18862559180078198E-3
0.18862559180077932E-3
0.26364860664185031E-3
0.26626724753526506E-3
0.29773857124285703E-3
0.30341275884351800E-3
0.21414383964570114E-3
0.13576846969337578E-3
0.15315369498611843E-3
0.11156857482781535E-3
0.15315369498612234E-3
0.26626724753527937E-3
0.21414383964569233E-3
0.30341275884353079E-3
0.29773857124286592E-3
0.54769312860409572E-3
0.43374082463591712E-3
0.61605159177402339E-3
0.61605159177402708E-3
0.43761683418962075E-3
0.55238509904762781E-3
0.39304423934568720E-3
0.38576929563854809E-3
0.43761683418962324E-3
0.38576929563854918E-3
0.39304423934569859E-3
0.55238509904762803E-3
0.86713031156341680E-3
0.77813816378514121E-3
0.10923552577404036E-2
0.77813816378511670E-3
0.21661910625710769E-3
0.19217497365260169E-3
0.19217497365259456E-3
0.27078110878137697E-3
0.27353157005792473E-3
0.30661568056820649E-3
0.31258586884272752E-3
0.21886516517540417E-3
0.13710087102416845E-3
0.15517833986985571E-3
0.11201447971110796E-3
0.15517833986986005E-3
0.27353157005793942E-3
0.21886516517539588E-3
0.31258586884273955E-3
0.30661568056821462E-3
0.57184246587433502E-3
0.45156828519766628E-3
0.64405796554946641E-3
0.64405796554946706E-3
0.45565650707509196E-3
0.57679787098022619E-3
0.40865853700547579E-3
0.40099109040599314E-3
0.45565650707509429E-3
0.40099109040599330E-3
0.40865853700548538E-3
0.57679787098022359E-3
0.90954193084787083E-3
0.81541288412173281E-3
0.11478446965185064E-2
0.81541288412169898E-3
0.22311103303610463E-3
0.19749890716385388E-3
0.19749890716384919E-3
0.27996531003264324E-3
0.28285566997595746E-3
0.31764248330780489E-3
0.32392354506927747E-3
0.22546606567319446E-3
0.13994538098334829E-3
0.15880902894017915E-3
0.11382656112948431E-3
0.15880902894018309E-3
0.28285566997597150E-3
0.22546606567318641E-3
0.32392354506928907E-3
0.31764248330781513E-3
0.59803897132921200E-3
0.47142163066709366E-3
0.67408408231810549E-3
0.67408408231810614E-3
0.47572435183251724E-3
0.60325681480149183E-3
0.42626718806345763E-3
0.41820008730159350E-3
0.47572435183252249E-3
0.41820008730159561E-3
0.42626718806346988E-3
0.60325681480148901E-3
0.95367278622067301E-3
0.85454507348183613E-3
0.12045776525833191E-2
0.85454507348180100E-3
0.23126009976196584E-3
0.20439868027436969E-3
0.20439868027436383E-3
0.29095170565607417E-3
0.29398819485657967E-3
0.33054506796142746E-3
0.33714774227097639E-3
0.23373103976820047E-3
0.14413635353558842E-3
0.16386949404605770E-3
0.11685359383825461E-3
0.16386949404606222E-3
0.29398819485659469E-3
0.23373103976819109E-3
0.33714774227098935E-3
0.33054506796143641E-3
0.62554996718236424E-3
0.49269828344425284E-3
0.70532109004177619E-3
0.70532109004177977E-3
0.49721330136942501E-3
0.63102397953224512E-3
0.44531502660068628E-3
0.43684964849197123E-3
0.49721330136943303E-3
0.43684964849196922E-3
0.44531502660069783E-3
0.63102397953223547E-3
0.99844615066209288E-3
0.89455082554022432E-3
0.12612526753045012E-2
0.89455082554019299E-3
0.24072258049072273E-3
0.21256068083101826E-3
0.21256068083101324E-3
0.30333060424497652E-3
0.30651612944945469E-3
0.34487062653614805E-3
0.35179850822174221E-3
0.24331360578750284E-3
0.14942899620356257E-3
0.17009218094837106E-3
0.12088274878226677E-3
0.17009218094837580E-3
0.30651612944946938E-3
0.24331360578749392E-3
0.35179850822175782E-3
0.34487062653616100E-3
0.65333413091983887E-3
0.51453062435513597E-3
0.73662910357053717E-3
0.73662910357053717E-3
0.51924962015240258E-3
0.65905114867529301E-3
0.46499960319842796E-3
0.45614916215340207E-3
0.51924962015240507E-3
0.45614916215340478E-3
0.46499960319844032E-3
0.65905114867528965E-3
0.10423913415009802E-2
0.93407147893057290E-3
0.13161382231773253E-2
0.93407147893053496E-3
0.25100151163573052E-3
0.22153379322490142E-3
0.22153379322489643E-3
0.31650683100769905E-3
0.31983942616788244E-3
0.35996130235473338E-3
0.36720770740976194E-3
0.25371263753918780E-3
0.15547957874539789E-3
0.17709742876877331E-3
0.12562143974126315E-3
0.17709742876877827E-3
0.31983942616789658E-3
0.25371263753917733E-3
0.36720770740978091E-3
0.35996130235474303E-3
0.68002788086334715E-3
0.53577052498203438E-3
0.76652478302372256E-3
0.76652478302372267E-3
0.54067749451241402E-3
0.68596630661658877E-3
0.48425514148826441E-3
0.47504790336186853E-3
0.54067749451241706E-3
0.47504790336186825E-3
0.48425514148828236E-3
0.68596630661658194E-3
0.10836355651790064E-2
0.97136401049893349E-3
0.13670676517620346E-2
0.97136401049889511E-3
0.26142945552744566E-3
0.23071230287136343E-3
0.23071230287135858E-3
0.32968252756409596E-3
0.33315381696628416E-3
0.37493720845058155E-3
0.38248208753210956E-3
0.26425512054927989E-3
0.16182918789874219E-3
0.18437684723197073E-3
0.13068181346670503E-3
0.18437684723197586E-3
0.33315381696630237E-3
0.26425512054926948E-3
0.38248208753213027E-3
0.37493720845059380E-3
0.70394767923119496E-3
0.55498942579646155E-3
0.79318466637831207E-3
0.79318466637830817E-3
0.56005919648196960E-3
0.71007601978966873E-3
0.50175167686988928E-3
0.49223399757418798E-3
0.56005919648197285E-3
0.49223399757418766E-3
0.50175167686990511E-3
0.71007601978966169E-3
0.11199090481853679E-2
0.10043058796997909E-2
0.14114434500834359E-2
0.10043058796997515E-2
0.27116298113605795E-3
0.23932972834078686E-3
0.23932972834078155E-3
0.34185311420546066E-3
0.34544685090844598E-3
0.38869336242832163E-3
0.39650037397297969E-3
0.27409069345857051E-3
0.16789626166550164E-3
0.19128623958770339E-3
0.13557284615069162E-3
0.19128623958770884E-3
0.34544685090846290E-3
0.27409069345855777E-3
0.39650037397299991E-3
0.38869336242833643E-3
0.72308113081182197E-3
0.57047415074030897E-3
0.81443278843774925E-3
0.81443278843774882E-3
0.57567076252736918E-3
0.72935631112425951E-3
0.51589218323966747E-3
0.50613175923452079E-3
0.57567076252737232E-3
0.50613175923452372E-3
0.51589218323968352E-3
0.72935631112425886E-3
0.11485164910156600E-2
0.10303727582803898E-2
0.14461906121109873E-2
0.10303727582803481E-2
0.27918269001115075E-3
0.24645882923743980E-3
0.24645882923743432E-3
0.35180696201735442E-3
0.35549753460878761E-3
0.39989884817395694E-3
0.40791232646049169E-3
0.28219166988897800E-3
0.17297611915606615E-3
0.19704535786036365E-3
0.13969944936598322E-3
0.19704535786036948E-3
0.35549753460880495E-3
0.28219166988896629E-3
0.40791232646051121E-3
0.39989884817396865E-3
0.73479765966256180E-3
0.58000112975078490E-3
0.82741336894646478E-3
0.82741336894645991E-3
0.58527405248603884E-3
0.74116072519582975E-3
0.52460950923075207E-3
0.51470268673426550E-3
0.58527405248604166E-3
0.51470268673426854E-3
0.52460950923076833E-3
0.74116072519582606E-3
0.11658717184093847E-2
0.10462217988952329E-2
0.14671699642732872E-2
0.10462217988952010E-2
0.28418789276745370E-3
0.25091957781464249E-3
0.25091957781463566E-3
0.35799030413126692E-3
0.36173972354830463E-3
0.40684187914498019E-3
0.41498048738275537E-3
0.28724648817717545E-3
0.17617837507809348E-3
0.20066575050844211E-3
0.14231294354234787E-3
0.20066575050844805E-3
0.36173972354832426E-3
0.28724648817716325E-3
0.41498048738277521E-3
0.40684187914499310E-3
0.52867890921643086E-3
0.52867890921643086E-3
0.52867890921643086E-3
0.52867890921643086E-3
0.52867890921643086E-3
0.52867890921643086E-3
0.52867890921643086E-3
0.52867890921643086E-3
0.52867890921643086E-3
0.52867890921643086E-3
0.52867890921643086E-3
0.52867890921643086E-3
0.52867890921643086E-3
0.52867890921643086E-3
0.52867890921643086E-3
0.52867890921643086E-3
0.52867890921643086E-3
0.52867890921643086E-3
0.52867890921643086E-3
0.52867890921643086E-3
0.52867890921643086E-3
0.52867890921643086E-3
0.52867890921643086E-3
0.52867890921643086E-3
0.52867890921643086E-3
0.52867890921643086E-3
0.52867890921643086E-3
0.52867890921643086E-3
0.52867890921643086E-3
0.52867890921643086E-3
0.52867890921643086E-3
0.52867890921643086E-3
0.52867890921643086E-3
0.52867890921643086E-3
0.52867890921643086E-3
0.52867890921643086E-3
0.52867890921643086E-3
0.52867890921643086E-3
0.52867890921643086E-3
0.52867890921643086E-3
0.52867890921643086E-3
0.52867890921643086E-3
0.52867890921643086E-3
0.52867890921643086E-3
0.52867890921643086E-3
0.52867890921643086E-3
0.52867890921643086E-3
0.52867890921643086E-3
0.52867890921643086E-3
0.52867890921643086E-3
0.52867890921643086E-3
0.52867890921643086E-3
0.52867890921643086E-3
0.52867890921643086E-3
0.52867890921643086E-3
0.52867890921643086E-3
0.52867890921643086E-3
0.52867890921643086E-3
0.52867890921643086E-3
0.52867890921643086E-3
0.52867890921643086E-3
0.52867890921643086E-3
0.52867890921643086E-3
0.52867890921643086E-3
0.52867890921643086E-3
0.52867890921643086E-3
0.52867890921643086E-3
0.52867890921643086E-3
0.52867890921643086E-3
0.52867890921643086E-3
0.52867890921643086E-3
0.52867890921643086E-3
0.52867890921643086E-3
0.52867890921643086E-3
0.52867890921643086E-3
0.52867890921643086E-3
0.52867890921643086E-3
0.52867890921643086E-3
0.52867890921643086E-3
0.52867890921643086E-3
0.52867890921643086E-3
0.52867890921643086E-3
0.52867890921643086E-3
0.52867890921643086E-3
0.52867890921643086E-3
0.52867890921643086E-3
0.52867890921643086E-3
0.52867890921643086E-3
0.52867890921643086E-3
0.52867890921643086E-3
0.52867890921643086E-3
0.52867890921643086E-3
0.52867890921643086E-3
0.52867890921643086E-3
0.52867890921643086E-3
0.52867890921643086E-3
0.52867890921643086E-3
0.52867890921643086E-3
0.52867890921643086E-3
0.52867890921643086E-3
0.52867890921643086E-3
0.52867890921643086E-3
0.52867890921643086E-3
0.52867890921643086E-3
0.52867890921643086E-3
0.52867890921643086E-3
0.52867890921643086E-3
0.52867890921643086E-3
0.52867890921643086E-3
0.52867890921643086E-3
0.52867890921643086E-3
0.52867890921643086E-3
0.52867890921643086E-3
0.52867890921643086E-3
0.52867890921643086E-3
0.52867890921643086E-3
0.52867890921643086E-3
0.52867890921643086E-3
0.52867890921643086E-3
0.52867890921643086E-3
0.52867890921643086E-3
0.52867890921643086E-3
0.52867890921643086E-3
0.52867890921643086E-3
0.52867890921643086E-3
0.52867890921643086E-3
0.52867890921643086E-3
0.52867890921643086E-3
0.52867890921643086E-3
0.52867890921643086E-3
0.52867890921643086E-3
0.52867890921643086E-3
0.52867890921643086E-3
0.52867890921643086E-3
0.52867890921643086E-3
0.52867890921643086E-3
0.52867890921643086E-3
0.52867890921643086E-3
0.52867890921643086E-3
0.52867890921643086E-3
0.52867890921643086E-3
0.52867890921643086E-3
0.52867890921643086E-3
0.52867890921643086E-3
0.52867890921643086E-3
0.52867890921643086E-3
0.52867890921643086E-3
0.52867890921643086E-3
0.52867890921643086E-3
0.52867890921643086E-3
0.52867890921643086E-3
0.52867890921643086E-3
0.52867890921643086E-3
0.52867890921643086E-3
0.52867890921643086E-3
0.52867890921643086E-3
0.52867890921643086E-3
0.52867890921643086E-3
0.52867890921643086E-3
0.52867890921643086E-3
0.52867890921643086E-3
0.52867890921643086E-3
0.52867890921643086E-3
0.52867890921643086E-3
0.52867890921643086E-3
0.52867890921643086E-3
0.52867890921643086E-3
0.52867890921643086E-3
0.52867890921643086E-3
0.52867890921643086E-3
0.52867890921643086E-3
0.52867890921643086E-3
0.52867890921643086E-3
0.52867890921643086E-3
0.52867890921643086E-3
0.52867890921643086E-3
0.52867890921643086E-3
0.52867890921643086E-3
0.52867890921643086E-3
0.52867890921643086E-3
0.52867890921643086E-3
0.52867890921643086E-3
0.52867890921643086E-3
0.52867890921643086E-3
0.52867890921643086E-3
0.52867890921643086E-3
0.52867890921643086E-3
0.52867890921643086E-3
0.52867890921643086E-3
0.52867890921643086E-3
0.52867890921643086E-3
0.52867890921643086E-3
0.52867890921643086E-3
0.52867890921643086E-3
0.52867890921643086E-3
0.52867890921643086E-3
0.52867890921643086E-3
0.52867890921643086E-3
0.52867890921643086E-3
0.52867890921643086E-3
0.52867890921643086E-3
0.52867890921643086E-3
0.52867890921643086E-3
0.52867890921643086E-3
0.52867890921643086E-3
0.52867890921643086E-3
0.52867890921643086E-3
0.52867890921643086E-3
0.52867890921643086E-3
0.52867890921643086E-3
0.52867890921643086E-3
0.52867890921643086E-3
0.52867890921643086E-3
0.52867890921643086E-3
0.52867890921643086E-3
0.52867890921643086E-3
0.52867890921643086E-3
0.52867890921643086E-3
0.52867890921643086E-3
0.52867890921643086E-3
0.52867890921643086E-3
0.52867890921643086E-3
0.52867890921643086E-3
0.52867890921643086E-3
0.52867890921643086E-3
0.52867890921643086E-3
0.52867890921643086E-3
0.52867890921643086E-3
0.52867890921643086E-3
0.52867890921643086E-3
0.52867890921643086E-3
0.52867890921643086E-3
0.52867890921643086E-3
0.52867890921643086E-3
0.52867890921643086E-3
0.52867890921643086E-3
0.52867890921643086E-3
0.52867890921643086E-3
0.52867890921643086E-3
0.52867890921643086E-3
0.52867890921643086E-3
0.52867890921643086E-3
0.52867890921643086E-3
0.52867890921643086E-3
0.52867890921643086E-3
0.52867890921643086E-3
0.52867890921643086E-3
0.52867890921643086E-3
0.52867890921643086E-3
0.52867890921643086E-3
0.52867890921643086E-3
0.52867890921643086E-3
0.52867890921643086E-3
0.52867890921643086E-3
0.52867890921643086E-3
0.52867890921643086E-3
0.52867890921643086E-3
0.52867890921643086E-3
0.52867890921643086E-3
0.52867890921643086E-3
0.52867890921643086E-3
0.52867890921643086E-3
0.52867890921643086E-3
0.52867890921643086E-3
0.52867890921643086E-3
0.52867890921643086E-3
0.52867890921643086E-3
0.52867890921643086E-3
0.52867890921643086E-3
0.52867890921643086E-3
0.52867890921643086E-3
0.52867890921643086E-3
0.52867890921643086E-3
0.52867890921643086E-3
0.52867890921643086E-3
0.52867890921643086E-3
0.52867890921643086E-3
0.52867890921643086E-3
0.52867890921643086E-3
0.52867890921643086E-3
0.52867890921643086E-3
0.52867890921643086E-3
0.52867890921643086E-3
0.52867890921643086E-3
0.52867890921643086E-3
0.52867890921643086E-3
0.52867890921643086E-3
0.52867890921643086E-3
0.52867890921643086E-3
0.52867890921643086E-3
0.52867890921643086E-3
0.52867890921643086E-3
0.52867890921643086E-3
0.52867890921643086E-3
0.52867890921643086E-3
0.52867890921643086E-3
0.52867890921643086E-3
0.52867890921643086E-3
0.52867890921643086E-3
0.52867890921643086E-3
0.52867890921643086E-3
0.52867890921643086E-3
0.52867890921643086E-3
0.52867890921643086E-3
0.52867890921643086E-3
0.52867890921643086E-3
0.52867890921643086E-3
0.52867890921643086E-3
0.52867890921643086E-3
0.52867890921643086E-3
0.52867890921643086E-3
0.52867890921643086E-3
0.52867890921643086E-3
0.52867890921643086E-3
0.52867890921643086E-3
0.52867890921643086E-3
0.52867890921643086E-3
0.52867890921643086E-3
0.52867890921643086E-3
0.52867890921643086E-3
0.52867890921643086E-3
0.52867890921643086E-3
0.52867890921643086E-3
0.52867890921643086E-3
0.52867890921643086E-3
0.52867890921643086E-3
0.52867890921643086E-3
0.52867890921643086E-3
0.52867890921643086E-3
0.52867890921643086E-3
0.52867890921643086E-3
0.52867890921643086E-3
0.52867890921643086E-3
0.52867890921643086E-3
0.52867890921643086E-3
0.52867890921643086E-3
0.52867890921643086E-3
0.52867890921643086E-3
0.52867890921643086E-3
0.52867890921643086E-3
0.52867890921643086E-3
0.52867890921643086E-3
0.52867890921643086E-3
0.52867890921643086E-3
0.52867890921643086E-3
0.52867890921643086E-3
0.52867890921643086E-3
0.52867890921643086E-3
0.52867890921643086E-3
0.52867890921643086E-3
0.52867890921643086E-3
0.52867890921643086E-3
0.52867890921643086E-3
0.52867890921643086E-3
0.52867890921643086E-3
0.52867890921643086E-3
0.52867890921643086E-3
0.52867890921643086E-3
0.52867890921643086E-3
0.52867890921643086E-3
0.52867890921643086E-3
0.52867890921643086E-3
0.52867890921643086E-3
0.52867890921643086E-3
0.52867890921643086E-3
0.52867890921643086E-3
0.52867890921643086E-3
0.52867890921643086E-3
0.52867890921643086E-3
0.52867890921643086E-3
0.52867890921643086E-3
0.52867890921643086E-3
0.52867890921643086E-3
0.52867890921643086E-3
0.52867890921643086E-3
0.52867890921643086E-3
0.52867890921643086E-3
0.52867890921643086E-3
0.52867890921643086E-3
0.52867890921643086E-3
0.52867890921643086E-3
0.52867890921643086E-3
0.52867890921643086E-3
0.52867890921643086E-3
0.52867890921643086E-3
0.52867890921643086E-3
0.52867890921643086E-3
0.52867890921643086E-3
0.52867890921643086E-3
0.52867890921643086E-3
0.52867890921643086E-3
0.52867890921643086E-3
0.52867890921643086E-3
0.52867890921643086E-3
0.52867890921643086E-3
0.52867890921643086E-3
0.52867890921643086E-3
0.52867890921643086E-3
0.52867890921643086E-3
0.52867890921643086E-3
0.52867890921643086E-3
0.52867890921643086E-3
0.52867890921643086E-3
0.52867890921643086E-3
0.52867890921643086E-3
0.52867890921643086E-3
0.52867890921643086E-3
0.52867890921643086E-3
0.52867890921643086E-3
0.52867890921643086E-3
0.52867890921643086E-3
0.52867890921643086E-3
0.52867890921643086E-3
0.52867890921643086E-3
0.52867890921643086E-3
0.52867890921643086E-3
0.52867890921643086E-3
0.52867890921643086E-3
0.52867890921643086E-3
0.52867890921643086E-3
0.52867890921643086E-3
0.52867890921643086E-3
0.52867890921643086E-3
0.52867890921643086E-3
0.52867890921643086E-3
0.52867890921643086E-3
0.52867890921643086E-3
0.52867890921643086E-3
0.52867890921643086E-3
0.52867890921643086E-3
0.52867890921643086E-3
0.52867890921643086E-3
0.52867890921643086E-3
0.52867890921643086E-3
0.52867890921643086E-3
0.52867890921643086E-3
0.52867890921643086E-3
0.52867890921643086E-3
0.52867890921643086E-3
0.52867890921643086E-3
0.52867890921643086E-3
0.52867890921643086E-3
0.52867890921643086E-3
0.52867890921643086E-3
0.52867890921643086E-3
0.52867890921643086E-3
0.52867890921643086E-3
0.52867890921643086E-3
0.52867890921643086E-3
0.52867890921643086E-3
0.52867890921643086E-3
0.52867890921643086E-3
0.52867890921643086E-3
0.52867890921643086E-3
0.52867890921643086E-3
0.52867890921643086E-3
0.52867890921643086E-3
0.52867890921643086E-3
0.52867890921643086E-3
0.52867890921643086E-3
0.52867890921643086E-3
0.52867890921643086E-3
0.52867890921643086E-3
0.52867890921643086E-3
0.52867890921643086E-3
0.52867890921643086E-3
0.52867890921643086E-3
0.52867890921643086E-3
0.52867890921643086E-3
0.52867890921643086E-3
0.52867890921643086E-3
0.52867890921643086E-3
0.52867890921643086E-3
0.52867890921643086E-3
0.52867890921643086E-3
0.52867890921643086E-3
0.52867890921643086E-3
0.52867890921643086E-3
0.52867890921643086E-3
0.52867890921643086E-3
0.52867890921643086E-3
0.52867890921643086E-3
0.52867890921643086E-3
0.52867890921643086E-3
0.52867890921643086E-3
0.52867890921643086E-3
0.52867890921643086E-3
0.52867890921643086E-3
0.52867890921643086E-3
0.52867890921643086E-3
0.52867890921643086E-3
0.52867890921643086E-3
0.52867890921643086E-3
0.52867890921643086E-3
0.52867890921643086E-3
0.52867890921643086E-3
0.52867890921643086E-3
0.52867890921643086E-3
0.52867890921643086E-3
0.52867890921643086E-3
0.52867890921643086E-3
0.52867890921643086E-3
0.52867890921643086E-3
0.52867890921643086E-3
0.52867890921643086E-3
0.52867890921643086E-3
0.52867890921643086E-3
0.52867890921643086E-3
0.52867890921643086E-3
0.52867890921643086E-3
0.52867890921643086E-3
0.52867890921643086E-3
0.52867890921643086E-3
0.52867890921643086E-3
0.52867890921643086E-3
0.52867890921643086E-3
0.52867890921643086E-3
0.52867890921643086E-3
0.52867890921643086E-3
0.52867890921643086E-3
0.52867890921643086E-3
0.52867890921643086E-3
0.52867890921643086E-3
0.52867890921643086E-3
0.52867890921643086E-3
0.52867890921643086E-3
0.52867890921643086E-3
0.52867890921643086E-3
0.52867890921643086E-3
0.52867890921643086E-3
0.52867890921643086E-3
0.52867890921643086E-3
0.52867890921643086E-3
0.52867890921643086E-3
0.52867890921643086E-3
0.52867890921643086E-3
0.52867890921643086E-3
0.52867890921643086E-3
0.52867890921643086E-3
0.52867890921643086E-3
0.52867890921643086E-3
0.52867890921643086E-3
0.52867890921643086E-3
0.52867890921643086E-3
0.52867890921643086E-3
0.52867890921643086E-3
0.52867890921643086E-3
0.52867890921643086E-3
0.52867890921643086E-3
0.52867890921643086E-3
0.52867890921643086E-3
0.52867890921643086E-3
0.52867890921643086E-3
0.52867890921643086E-3
0.52867890921643086E-3
0.52867890921643086E-3
0.52867890921643086E-3
0.52867890921643086E-3
0.52867890921643086E-3
0.52867890921643086E-3
0.52867890921643086E-3
0.52867890921643086E-3
0.52867890921643086E-3
0.52867890921643086E-3
0.52867890921643086E-3
0.52867890921643086E-3
0.52867890921643086E-3
0.52867890921643086E-3
0.52867890921643086E-3
0.52867890921643086E-3
0.52867890921643086E-3
0.52867890921643086E-3
0.52867890921643086E-3
0.52867890921643086E-3
0.52867890921643086E-3
0.52867890921643086E-3
0.52867890921643086E-3
0.52867890921643086E-3
0.52867890921643086E-3
0.52867890921643086E-3
0.52867890921643086E-3
0.52867890921643086E-3
0.52867890921643086E-3
0.52867890921643086E-3
0.52867890921643086E-3
0.52867890921643086E-3
0.52867890921643086E-3
0.52867890921643086E-3
0.52867890921643086E-3
0.52867890921643086E-3
0.52867890921643086E-3
0.52867890921643086E-3
0.52867890921643086E-3
0.52867890921643086E-3
0.52867890921643086E-3
0.52867890921643086E-3
0.52867890921643086E-3
0.52867890921643086E-3
0.52867890921643086E-3
0.52867890921643086E-3
0.52867890921643086E-3
0.52867890921643086E-3
0.52867890921643086E-3
0.52867890921643086E-3
0.52867890921643086E-3
0.52867890921643086E-3
0.52867890921643086E-3
0.52867890921643086E-3
0.52867890921643086E-3
0.52867890921643086E-3
0.52867890921643086E-3
0.52867890921643086E-3
0.52867890921643086E-3
0.52867890921643086E-3
0.52867890921643086E-3
0.52867890921643086E-3
0.52867890921643086E-3
0.52867890921643086E-3
0.52867890921643086E-3
0.52867890921643086E-3
0.52867890921643086E-3
0.52867890921643086E-3
0.52867890921643086E-3
0.52867890921643086E-3
0.52867890921643086E-3
0.52867890921643086E-3
0.52867890921643086E-3
0.52867890921643086E-3
0.52867890921643086E-3
0.52867890921643086E-3
0.52867890921643086E-3
0.52867890921643086E-3
0.52867890921643086E-3
0.52867890921643086E-3
0.52867890921643086E-3
0.52867890921643086E-3
0.52867890921643086E-3
0.52867890921643086E-3
0.52867890921643086E-3
0.52867890921643086E-3
0.52867890921643086E-3
0.52867890921643086E-3
0.52867890921643086E-3
0.52867890921643086E-3
0.52867890921643086E-3
0.52867890921643086E-3
0.52867890921643086E-3
0.52867890921643086E-3
0.52867890921643086E-3
0.52867890921643086E-3
0.52867890921643086E-3
0.52867890921643086E-3
0.52867890921643086E-3
0.52867890921643086E-3
0.52867890921643086E-3
0.52867890921643086E-3
0.52867890921643086E-3
0.52867890921643086E-3
0.52867890921643086E-3
0.52867890921643086E-3
0.52867890921643086E-3
0.52867890921643086E-3
0.52867890921643086E-3
0.52867890921643086E-3
0.52867890921643086E-3
0.52867890921643086E-3
0.52867890921643086E-3
0.52867890921643086E-3
0.52867890921643086E-3
0.52867890921643086E-3
0.52867890921643086E-3
0.52867890921643086E-3
0.52867890921643086E-3
0.52867890921643086E-3
0.52867890921643086E-3
0.52867890921643086E-3
0.52867890921643086E-3
0.52867890921643086E-3
0.52867890921643086E-3
0.52867890921643086E-3
0.52867890921643086E-3
0.52867890921643086E-3
0.52867890921643086E-3
0.52867890921643086E-3
0.52867890921643086E-3
0.52867890921643086E-3
0.52867890921643086E-3
0.52867890921643086E-3
0.52867890921643086E-3
0.52867890921643086E-3
0.52867890921643086E-3
0.52867890921643086E-3
0.52867890921643086E-3
0.52867890921643086E-3
0.52867890921643086E-3
0.52867890921643086E-3
0.52867890921643086E-3
0.52867890921643086E-3
0.52867890921643086E-3
0.52867890921643086E-3
0.52867890921643086E-3
0.52867890921643086E-3
0.52867890921643086E-3
0.52867890921643086E-3
0.52867890921643086E-3
0.52867890921643086E-3
0.52867890921643086E-3
0.52867890921643086E-3
0.52867890921643086E-3
0.52867890921643086E-3
0.52867890921643086E-3
0.52867890921643086E-3
0.52867890921643086E-3
0.52867890921643086E-3
0.52867890921643086E-3
0.52867890921643086E-3
0.52867890921643086E-3
0.52867890921643086E-3
0.52867890921643086E-3
0.52867890921643086E-3
0.52867890921643086E-3
0.52867890921643086E-3
0.52867890921643086E-3
0.52867890921643086E-3
0.52867890921643086E-3
0.52867890921643086E-3
0.52867890921643086E-3
0.52867890921643086E-3
0.52867890921643086E-3
0.52867890921643086E-3
0.52867890921643086E-3
0.52867890921643086E-3
0.52867890921643086E-3
0.52867890921643086E-3
0.52867890921643086E-3
0.52867890921643086E-3
0.52867890921643086E-3
0.52867890921643086E-3
0.52867890921643086E-3
0.52867890921643086E-3
0.52867890921643086E-3
0.52867890921643086E-3
0.52867890921643086E-3
0.52867890921643086E-3
0.52867890921643086E-3
0.52867890921643086E-3
0.52867890921643086E-3
0.52867890921643086E-3
0.52867890921643086E-3
0.52867890921643086E-3
0.52867890921643086E-3
0.52867890921643086E-3
0.52867890921643086E-3
0.52867890921643086E-3
0.52867890921643086E-3
0.52867890921643086E-3
0.52867890921643086E-3
0.52867890921643086E-3
0.52867890921643086E-3
0.52867890921643086E-3
0.52867890921643086E-3
0.52867890921643086E-3
0.52867890921643086E-3
0.52867890921643086E-3
0.52867890921643086E-3
0.52867890921643086E-3
0.52867890921643086E-3
0.52867890921643086E-3
0.52867890921643086E-3
0.52867890921643086E-3
0.52867890921643086E-3
0.52867890921643086E-3
0.52867890921643086E-3
0.52867890921643086E-3
0.52867890921643086E-3
0.52867890921643086E-3
0.52867890921643086E-3
0.52867890921643086E-3
0.52867890921643086E-3
0.52867890921643086E-3
0.52867890921643086E-3
0.52867890921643086E-3
0.52867890921643086E-3
0.52867890921643086E-3
0.52867890921643086E-3
0.52867890921643086E-3
0.52867890921643086E-3
0.52867890921643086E-3
0.52867890921643086E-3
0.52867890921643086E-3
0.52867890921643086E-3
0.52867890921643086E-3
0.52867890921643086E-3
0.52867890921643086E-3
0.52867890921643086E-3
0.52867890921643086E-3
0.52867890921643086E-3
0.52867890921643086E-3
0.52867890921643086E-3
0.52867890921643086E-3
0.52867890921643086E-3
0.52867890921643086E-3
0.52867890921643086E-3
0.52867890921643086E-3
0.52867890921643086E-3
0.52867890921643086E-3
0.52867890921643086E-3
0.52867890921643086E-3
0.52867890921643086E-3
0.52867890921643086E-3
0.52867890921643086E-3
0.52867890921643086E-3
0.52867890921643086E-3
0.52867890921643086E-3
0.52867890921643086E-3
0.52867890921643086E-3
0.52867890921643086E-3
0.52867890921643086E-3
0.52867890921643086E-3
0.52867890921643086E-3
0.52867890921643086E-3
0.52867890921643086E-3
0.52867890921643086E-3
0.52867890921643086E-3
0.52867890921643086E-3
0.52867890921643086E-3
0.52867890921643086E-3
0.52867890921643086E-3
0.52867890921643086E-3
0.52867890921643086E-3
0.52867890921643086E-3
0.52867890921643086E-3
0.52867890921643086E-3
0.52867890921643086E-3
0.52867890921643086E-3
0.52867890921643086E-3
0.52867890921643086E-3
0.52867890921643086E-3
0.52867890921643086E-3
0.52867890921643086E-3
0.52867890921643086E-3
0.52867890921643086E-3
0.52867890921643086E-3
0.52867890921643086E-3
0.52867890921643086E-3
0.52867890921643086E-3
0.52867890921643086E-3
0.52867890921643086E-3
0.52867890921643086E-3
0.52867890921643086E-3
0.52867890921643086E-3
0.52867890921643086E-3
0.52867890921643086E-3
0.52867890921643086E-3
0.52867890921643086E-3
0.52867890921643086E-3
0.52867890921643086E-3
0.52867890921643086E-3
0.52867890921643086E-3
0.52867890921643086E-3
0.52867890921643086E-3
0.52867890921643086E-3
0.52867890921643086E-3
0.52867890921643086E-3
0.52867890921643086E-3
0.52867890921643086E-3
0.52867890921643086E-3
0.52867890921643086E-3
0.52867890921643086E-3
0.52867890921643086E-3
0.52867890921643086E-3
0.52867890921643086E-3
0.52867890921643086E-3
0.52867890921643086E-3
0.52867890921643086E-3
0.52867890921643086E-3
0.52867890921643086E-3
0.52867890921643086E-3
0.52867890921643086E-3
0.52867890921643086E-3
0.52867890921643086E-3
0.52867890921643086E-3
0.52867890921643086E-3
0.52867890921643086E-3
0.52867890921643086E-3
0.52867890921643086E-3
0.52867890921643086E-3
0.52867890921643086E-3
0.52867890921643086E-3
0.52867890921643086E-3
0.52867890921643086E-3
0.52867890921643086E-3
0.52867890921643086E-3
0.52867890921643086E-3
0.52867890921643086E-3
0.52867890921643086E-3
0.52867890921643086E-3
0.52867890921643086E-3
0.52867890921643086E-3
0.52867890921643086E-3
0.52867890921643086E-3
0.52867890921643086E-3
0.52867890921643086E-3
0.52867890921643086E-3
0.52867890921643086E-3
0.52867890921643086E-3
0.52867890921643086E-3
0.52867890921643086E-3
0.52867890921643086E-3
0.52867890921643086E-3
0.52867890921643086E-3
0.52867890921643086E-3
0.52867890921643086E-3
0.52867890921643086E-3
0.52867890921643086E-3
0.52867890921643086E-3
0.52867890921643086E-3
0.52867890921643086E-3
0.52867890921643086E-3
0.52867890921643086E-3
0.52867890921643086E-3
0.52867890921643086E-3
0.52867890921643086E-3
0.52867890921643086E-3
0.52867890921643086E-3
0.52867890921643086E-3
0.52867890921643086E-3
0.52867890921643086E-3
0.52867890921643086E-3
0.52867890921643086E-3
0.52867890921643086E-3
0.52867890921643086E-3
0.52867890921643086E-3
0.52867890921643086E-3
0.52867890921643086E-3
0.52867890921643086E-3
0.52867890921643086E-3
0.52867890921643086E-3
0.52867890921643086E-3
0.52867890921643086E-3
0.52867890921643086E-3
0.52867890921643086E-3
0.52867890921643086E-3
0.52867890921643086E-3
0.52867890921643086E-3
0.52867890921643086E-3
0.52867890921643086E-3
0.52867890921643086E-3
0.52867890921643086E-3
0.52867890921643086E-3
0.52867890921643086E-3
0.52867890921643086E-3
0.52867890921643086E-3
0.52867890921643086E-3
0.52867890921643086E-3
0.52867890921643086E-3
0.52867890921643086E-3
0.52867890921643086E-3
0.52867890921643086E-3
0.52867890921643086E-3
0.52867890921643086E-3
0.52867890921643086E-3
0.52867890921643086E-3
0.52867890921643086E-3
0.52867890921643086E-3
0.52867890921643086E-3
0.52867890921643086E-3
0.52867890921643086E-3
0.52867890921643086E-3
0.52867890921643086E-3
0.52867890921643086E-3
0.52867890921643086E-3
0.52867890921643086E-3
0.52867890921643086E-3
0.52867890921643086E-3
0.52867890921643086E-3
0.52867890921643086E-3
0.52867890921643086E-3
0.52867890921643086E-3
0.52867890921643086E-3
0.52867890921643086E-3
0.52867890921643086E-3
0.52867890921643086E-3
0.52867890921643086E-3
0.52867890921643086E-3
0.52867890921643086E-3
0.52867890921643086E-3
0.52867890921643086E-3
0.52867890921643086E-3
0.52867890921643086E-3
0.52867890921643086E-3
0.52867890921643086E-3
0.52867890921643086E-3
0.52867890921643086E-3
0.52867890921643086E-3
0.52867890921643086E-3
0.52867890921643086E-3
0.52867890921643086E-3
0.52867890921643086E-3
0.52867890921643086E-3
0.52867890921643086E-3
0.52867890921643086E-3
0.52867890921643086E-3
0.52867890921643086E-3
0.52867890921643086E-3
0.52867890921643086E-3
0.52867890921643086E-3
0.52867890921643086E-3
0.52867890921643086E-3
0.52867890921643086E-3
0.52867890921643086E-3
0.52867890921643086E-3
0.52867890921643086E-3
0.52867890921643086E-3
0.52867890921643086E-3
0.52867890921643086E-3
0.52867890921643086E-3
0.52867890921643086E-3
0.52867890921643086E-3
0.52867890921643086E-3
0.52867890921643086E-3
0.52867890921643086E-3
0.52867890921643086E-3
0.52867890921643086E-3
0.52867890921643086E-3
0.52867890921643086E-3
0.52867890921643086E-3
0.52867890921643086E-3
0.52867890921643086E-3
0.52867890921643086E-3
0.52867890921643086E-3
0.52867890921643086E-3
0.52867890921643086E-3
0.52867890921643086E-3
0.52867890921643086E-3
0.52867890921643086E-3
0.52867890921643086E-3
0.52867890921643086E-3
0.52867890921643086E-3
0.52867890921643086E-3
0.52867890921643086E-3
0.52867890921643086E-3
0.52867890921643086E-3
0.52867890921643086E-3
0.52867890921643086E-3
0.52867890921643086E-3
0.52867890921643086E-3
0.52867890921643086E-3
0.52867890921643086E-3
0.52867890921643086E-3
0.52867890921643086E-3
0.52867890921643086E-3
0.52867890921643086E-3
0.52867890921643086E-3
0.52867890921643086E-3
0.52867890921643086E-3
0.52867890921643086E-3
0.52867890921643086E-3
0.52867890921643086E-3
0.52867890921643086E-3
0.52867890921643086E-3
0.52867890921643086E-3
0.52867890921643086E-3
0.52867890921643086E-3
0.52867890921643086E-3
0.52867890921643086E-3
0.52867890921643086E-3
0.52867890921643086E-3
0.52867890921643086E-3
0.52867890921643086E-3
0.52867890921643086E-3
0.52867890921643086E-3
0.52867890921643086E-3
0.52867890921643086E-3
0.52867890921643086E-3
0.52867890921643086E-3
0.52867890921643086E-3
0.52867890921643086E-3
0.52867890921643086E-3
0.52867890921643086E-3
0.52867890921643086E-3
0.52867890921643086E-3
0.52867890921643086E-3
0.52867890921643086E-3
0.52867890921643086E-3
0.52867890921643086E-3
0.52867890921643086E-3
0.52867890921643086E-3
0.52867890921643086E-3
0.52867890921643086E-3
0.52867890921643086E-3
0.52867890921643086E-3
0.52867890921643086E-3
0.52867890921643086E-3
0.52867890921643086E-3
0.52867890921643086E-3
0.52867890921643086E-3
0.52867890921643086E-3
0.52867890921643086E-3
0.52867890921643086E-3
0.52867890921643086E-3
0.52867890921643086E-3
0.52867890921643086E-3
0.52867890921643086E-3
0.52867890921643086E-3
0.52867890921643086E-3
0.52867890921643086E-3
0.52867890921643086E-3
0.52867890921643086E-3
0.52867890921643086E-3
0.52867890921643086E-3
0.52867890921643086E-3
0.52867890921643086E-3
0.52867890921643086E-3
0.52867890921643086E-3
0.52867890921643086E-3
0.52867890921643086E-3
0.52867890921643086E-3
0.52867890921643086E-3
0.52867890921643086E-3
0.52867890921643086E-3
0.52867890921643086E-3
0.52867890921643086E-3
0.52867890921643086E-3
0.52867890921643086E-3
0.52867890921643086E-3
0.52867890921643086E-3
0.52867890921643086E-3
0.52867890921643086E-3
0.52867890921643086E-3
0.52867890921643086E-3
0.52867890921643086E-3
0.52867890921643086E-3
0.52867890921643086E-3
0.52867890921643086E-3
0.52867890921643086E-3
0.52867890921643086E-3
0.52867890921643086E-3
0.52867890921643086E-3
0.52867890921643086E-3
0.52867890921643086E-3
0.52867890921643086E-3
0.52867890921643086E-3
0.52867890921643086E-3
0.52867890921643086E-3
0.52867890921643086E-3
0.52867890921643086E-3
0.52867890921643086E-3
0.52867890921643086E-3
0.52867890921643086E-3
0.52867890921643086E-3
0.52867890921643086E-3
0.52867890921643086E-3
0.52867890921643086E-3
0.52867890921643086E-3
0.52867890921643086E-3
0.52867890921643086E-3
0.52867890921643086E-3
0.52867890921643086E-3
0.52867890921643086E-3
0.52867890921643086E-3
0.52867890921643086E-3
0.52867890921643086E-3
0.52867890921643086E-3
0.52867890921643086E-3
0.52867890921643086E-3
0.52867890921643086E-3
0.52867890921643086E-3
0.52867890921643086E-3
0.52867890921643086E-3
0.52867890921643086E-3
0.52867890921643086E-3
0.52867890921643086E-3
0.52867890921643086E-3
0.52867890921643086E-3
0.52867890921643086E-3
0.52867890921643086E-3
0.52867890921643086E-3
0.52867890921643086E-3
0.52867890921643086E-3
0.52867890921643086E-3
0.52867890921643086E-3
0.52867890921643086E-3
0.52867890921643086E-3
0.52867890921643086E-3
0.52867890921643086E-3
0.52867890921643086E-3
0.52867890921643086E-3
0.52867890921643086E-3
0.52867890921643086E-3
0.52867890921643086E-3
0.52867890921643086E-3
0.52867890921643086E-3
0.52867890921643086E-3
0.52867890921643086E-3
0.52867890921643086E-3
0.52867890921643086E-3
0.52867890921643086E-3
0.52867890921643086E-3
0.52867890921643086E-3
0.52867890921643086E-3
0.52867890921643086E-3
0.52867890921643086E-3
0.52867890921643086E-3
0.52867890921643086E-3
0.52867890921643086E-3
0.52867890921643086E-3
0.52867890921643086E-3
0.52867890921643086E-3
0.52867890921643086E-3
0.52867890921643086E-3
0.52867890921643086E-3
0.52867890921643086E-3
0.52867890921643086E-3
0.52867890921643086E-3
0.52867890921643086E-3
0.52867890921643086E-3
0.52867890921643086E-3
0.52867890921643086E-3
0.52867890921643086E-3
0.52867890921643086E-3
0.52867890921643086E-3
0.52867890921643086E-3
0.52867890921643086E-3
0.52867890921643086E-3
0.52867890921643086E-3
0.52867890921643086E-3
0.52867890921643086E-3
0.52867890921643086E-3
0.52867890921643086E-3
0.52867890921643086E-3
0.52867890921643086E-3
0.52867890921643086E-3
0.52867890921643086E-3
0.52867890921643086E-3
0.52867890921643086E-3
0.52867890921643086E-3
0.52867890921643086E-3
0.52867890921643086E-3
0.52867890921643086E-3
0.52867890921643086E-3
0.52867890921643086E-3
0.52867890921643086E-3
0.52867890921643086E-3
0.52867890921643086E-3
0.52867890921643086E-3
0.52867890921643086E-3
0.52867890921643086E-3
0.52867890921643086E-3
0.52867890921643086E-3
0.52867890921643086E-3
0.52867890921643086E-3
0.52867890921643086E-3
0.52867890921643086E-3
0.52867890921643086E-3
0.52867890921643086E-3
0.52867890921643086E-3
0.52867890921643086E-3
0.52867890921643086E-3
0.52867890921643086E-3
0.52867890921643086E-3
0.52867890921643086E-3
0.52867890921643086E-3
0.52867890921643086E-3
0.52867890921643086E-3
0.52867890921643086E-3
0.52867890921643086E-3
0.52867890921643086E-3
0.52867890921643086E-3
0.52867890921643086E-3
0.52867890921643086E-3
0.52867890921643086E-3
0.52867890921643086E-3
0.52867890921643086E-3
0.52867890921643086E-3
0.52867890921643086E-3
0.52867890921643086E-3
0.52867890921643086E-3
0.52867890921643086E-3
0.52867890921643086E-3
0.52867890921643086E-3
0.52867890921643086E-3
0.52867890921643086E-3
0.52867890921643086E-3
0.52867890921643086E-3
0.52867890921643086E-3
0.52867890921643086E-3
0.52867890921643086E-3
0.52867890921643086E-3
0.52867890921643086E-3
0.52867890921643086E-3
0.52867890921643086E-3
0.52867890921643086E-3
0.52867890921643086E-3
0.52867890921643086E-3
0.52867890921643086E-3
0.52867890921643086E-3
0.52867890921643086E-3
0.52867890921643086E-3
0.52867890921643086E-3
0.52867890921643086E-3
0.52867890921643086E-3
0.52867890921643086E-3
0.52867890921643086E-3
0.52867890921643086E-3
0.52867890921643086E-3
0.52867890921643086E-3
0.52867890921643086E-3
0.52867890921643086E-3
0.52867890921643086E-3
0.52867890921643086E-3
0.52867890921643086E-3
0.52867890921643086E-3
0.52867890921643086E-3
0.52867890921643086E-3
0.52867890921643086E-3
0.52867890921643086E-3
0.52867890921643086E-3
0.52867890921643086E-3
0.52867890921643086E-3
0.52867890921643086E-3
0.52867890921643086E-3
0.52867890921643086E-3
0.52867890921643086E-3
0.52867890921643086E-3
0.52867890921643086E-3
0.52867890921643086E-3
0.52867890921643086E-3
0.52867890921643086E-3
0.52867890921643086E-3
0.52867890921643086E-3
0.52867890921643086E-3
0.52867890921643086E-3
0.52867890921643086E-3
0.52867890921643086E-3
0.52867890921643086E-3
0.52867890921643086E-3
0.52867890921643086E-3
0.52867890921643086E-3
0.52867890921643086E-3
0.52867890921643086E-3
0.52867890921643086E-3
0.52867890921643086E-3
0.52867890921643086E-3
0.52867890921643086E-3
0.52867890921643086E-3
0.52867890921643086E-3
0.52867890921643086E-3
0.52867890921643086E-3
0.52867890921643086E-3
0.52867890921643086E-3
0.52867890921643086E-3
0.52867890921643086E-3
0.52867890921643086E-3
0.52867890921643086E-3
0.52867890921643086E-3
0.52867890921643086E-3
0.52867890921643086E-3
0.52867890921643086E-3
0.52867890921643086E-3
0.52867890921643086E-3
0.52867890921643086E-3
0.52867890921643086E-3
0.52867890921643086E-3
0.52867890921643086E-3
0.52867890921643086E-3
0.52867890921643086E-3
0.52867890921643086E-3
0.52867890921643086E-3
0.52867890921643086E-3
0.52867890921643086E-3
0.52867890921643086E-3
0.52867890921643086E-3
0.52867890921643086E-3
0.52867890921643086E-3
0.52867890921643086E-3
0.52867890921643086E-3
0.52867890921643086E-3
0.52867890921643086E-3
0.52867890921643086E-3
0.52867890921643086E-3
0.52867890921643086E-3
0.52867890921643086E-3
0.52867890921643086E-3
0.52867890921643086E-3
0.52867890921643086E-3
0.52867890921643086E-3
0.52867890921643086E-3
0.52867890921643086E-3
0.52867890921643086E-3
0.52867890921643086E-3
0.52867890921643086E-3
0.52867890921643086E-3
0.52867890921643086E-3
0.52867890921643086E-3
0.52867890921643086E-3
0.52867890921643086E-3
0.52867890921643086E-3
0.52867890921643086E-3
0.52867890921643086E-3
0.52867890921643086E-3
0.52867890921643086E-3
0.52867890921643086E-3
0.52867890921643086E-3
0.52867890921643086E-3
0.52867890921643086E-3
0.52867890921643086E-3
0.52867890921643086E-3
0.52867890921643086E-3
0.52867890921643086E-3
0.52867890921643086E-3
0.52867890921643086E-3
0.52867890921643086E-3
0.52867890921643086E-3
0.52867890921643086E-3
0.52867890921643086E-3
0.52867890921643086E-3
0.52867890921643086E-3
0.52867890921643086E-3
0.52867890921643086E-3
0.52867890921643086E-3
0.52867890921643086E-3
0.52867890921643086E-3
0.52867890921643086E-3
0.52867890921643086E-3
0.52867890921643086E-3
0.52867890921643086E-3
0.52867890921643086E-3
0.52867890921643086E-3
0.52867890921643086E-3
0.52867890921643086E-3
0.52867890921643086E-3
0.52867890921643086E-3
0.52867890921643086E-3
0.52867890921643086E-3
0.52867890921643086E-3
0.52867890921643086E-3
0.52867890921643086E-3
0.52867890921643086E-3
0.52867890921643086E-3
0.52867890921643086E-3
0.52867890921643086E-3
0.52867890921643086E-3
0.52867890921643086E-3
0.52867890921643086E-3
0.52867890921643086E-3
0.52867890921643086E-3
0.52867890921643086E-3
0.52867890921643086E-3
0.52867890921643086E-3
0.52867890921643086E-3
0.52867890921643086E-3
0.52867890921643086E-3
0.52867890921643086E-3
0.52867890921643086E-3
0.52867890921643086E-3
0.52867890921643086E-3
0.52867890921643086E-3
0.52867890921643086E-3
0.52867890921643086E-3
0.52867890921643086E-3
0.52867890921643086E-3
0.52867890921643086E-3
0.52867890921643086E-3
0.52867890921643086E-3
0.52867890921643086E-3
0.52867890921643086E-3
0.52867890921643086E-3
0.52867890921643086E-3
0.52867890921643086E-3
0.52867890921643086E-3
0.52867890921643086E-3
0.52867890921643086E-3
0.52867890921643086E-3
0.52867890921643086E-3
0.52867890921643086E-3
0.52867890921643086E-3
0.52867890921643086E-3
0.52867890921643086E-3
0.52867890921643086E-3
0.52867890921643086E-3
0.52867890921643086E-3
0.52867890921643086E-3
0.52867890921643086E-3
0.52867890921643086E-3
0.52867890921643086E-3
0.52867890921643086E-3
0.52867890921643086E-3
0.52867890921643086E-3
0.52867890921643086E-3
0.52867890921643086E-3
0.52867890921643086E-3
0.52867890921643086E-3
0.52867890921643086E-3
0.52867890921643086E-3
0.52867890921643086E-3
0.52867890921643086E-3
0.52867890921643086E-3
0.52867890921643086E-3
0.52867890921643086E-3
0.52867890921643086E-3
0.52867890921643086E-3
0.52867890921643086E-3
0.52867890921643086E-3
0.52867890921643086E-3
0.52867890921643086E-3
0.52867890921643086E-3
0.52867890921643086E-3
0.52867890921643086E-3
0.52867890921643086E-3
0.52867890921643086E-3
0.52867890921643086E-3
0.52867890921643086E-3
0.52867890921643086E-3
0.52867890921643086E-3
0.52867890921643086E-3
0.52867890921643086E-3
0.52867890921643086E-3
0.52867890921643086E-3
0.52867890921643086E-3
0.52867890921643086E-3
0.52867890921643086E-3
0.52867890921643086E-3
0.52867890921643086E-3
0.52867890921643086E-3
0.52867890921643086E-3
0.52867890921643086E-3
0.52867890921643086E-3
0.52867890921643086E-3
0.52867890921643086E-3
0.52867890921643086E-3
0.52867890921643086E-3
0.52867890921643086E-3
0.52867890921643086E-3
0.52867890921643086E-3
0.52867890921643086E-3
0.52867890921643086E-3
0.52867890921643086E-3
0.52867890921643086E-3
0.52867890921643086E-3
0.52867890921643086E-3
0.52867890921643086E-3
0.52867890921643086E-3
0.52867890921643086E-3
0.52867890921643086E-3
0.52867890921643086E-3
0.52867890921643086E-3
0.52867890921643086E-3
0.52867890921643086E-3
0.52867890921643086E-3
0.52867890921643086E-3
0.52867890921643086E-3
0.52867890921643086E-3
0.52867890921643086E-3
0.52867890921643086E-3
0.52867890921643086E-3
0.52867890921643086E-3
0.52867890921643086E-3
0.52867890921643086E-3
0.52867890921643086E-3
0.52867890921643086E-3
0.52867890921643086E-3
0.52867890921643086E-3
0.52867890921643086E-3
0.52867890921643086E-3
0.52867890921643086E-3
0.52867890921643086E-3
0.52867890921643086E-3
0.52867890921643086E-3
0.52867890921643086E-3
0.52867890921643086E-3
0.52867890921643086E-3
0.52867890921643086E-3
0.52867890921643086E-3
0.52867890921643086E-3
0.52867890921643086E-3
0.52867890921643086E-3
0.52867890921643086E-3
0.52867890921643086E-3
0.52867890921643086E-3
0.52867890921643086E-3
0.52867890921643086E-3
0.52867890921643086E-3
0.52867890921643086E-3
0.52867890921643086E-3
0.52867890921643086E-3
0.52867890921643086E-3
0.52867890921643086E-3
0.52867890921643086E-3
0.52867890921643086E-3
0.52867890921643086E-3
0.52867890921643086E-3
0.52867890921643086E-3
0.52867890921643086E-3
0.52867890921643086E-3
0.52867890921643086E-3
0.52867890921643086E-3
0.52867890921643086E-3
0.52867890921643086E-3
0.52867890921643086E-3
0.52867890921643086E-3
0.52867890921643086E-3
0.52867890921643086E-3
0.52867890921643086E-3
0.52867890921643086E-3
0.52867890921643086E-3
0.52867890921643086E-3
0.52867890921643086E-3
0.52867890921643086E-3
0.52867890921643086E-3
0.52867890921643086E-3
0.52867890921643086E-3
0.52867890921643086E-3
0.52867890921643086E-3
0.52867890921643086E-3
0.52867890921643086E-3
0.52867890921643086E-3
0.52867890921643086E-3
0.52867890921643086E-3
0.52867890921643086E-3
0.52867890921643086E-3
0.52867890921643086E-3
0.52867890921643086E-3
0.52867890921643086E-3
0.52867890921643086E-3
0.52867890921643086E-3
0.52867890921643086E-3
0.52867890921643086E-3
0.52867890921643086E-3
0.52867890921643086E-3
0.52867890921643086E-3
0.52867890921643086E-3
0.52867890921643086E-3
0.52867890921643086E-3
0.52867890921643086E-3
0.52867890921643086E-3
0.52867890921643086E-3
0.52867890921643086E-3
0.52867890921643086E-3
0.52867890921643086E-3
0.52867890921643086E-3
0.52867890921643086E-3
0.52867890921643086E-3
0.52867890921643086E-3
0.52867890921643086E-3
0.52867890921643086E-3
0.52867890921643086E-3
0.52867890921643086E-3
0.52867890921643086E-3
0.52867890921643086E-3
0.52867890921643086E-3
0.52867890921643086E-3
0.52867890921643086E-3
0.52867890921643086E-3
0.52867890921643086E-3
0.52867890921643086E-3
0.52867890921643086E-3
0.52867890921643086E-3
0.52867890921643086E-3
0.52867890921643086E-3
0.52867890921643086E-3
0.52867890921643086E-3
0.52867890921643086E-3
0.52867890921643086E-3
0.52867890921643086E-3
0.52867890921643086E-3
0.52867890921643086E-3
0.52867890921643086E-3
0.52867890921643086E-3
0.52867890921643086E-3
0.52867890921643086E-3
0.52867890921643086E-3
0.52867890921643086E-3
0.52867890921643086E-3
0.52867890921643086E-3
0.52867890921643086E-3
0.52867890921643086E-3
0.52867890921643086E-3
0.52867890921643086E-3
0.52867890921643086E-3
0.52867890921643086E-3
0.52867890921643086E-3
0.52867890921643086E-3
0.52867890921643086E-3
0.52867890921643086E-3
0.52867890921643086E-3
0.52867890921643086E-3
0.52867890921643086E-3
0.52867890921643086E-3
0.52867890921643086E-3
0.52867890921643086E-3
0.52867890921643086E-3
0.52867890921643086E-3
0.52867890921643086E-3
0.52867890921643086E-3
0.52867890921643086E-3
0.52867890921643086E-3
0.52867890921643086E-3
0.52867890921643086E-3
0.52867890921643086E-3
0.52867890921643086E-3
0.52867890921643086E-3
0.52867890921643086E-3
0.52867890921643086E-3
0.52867890921643086E-3
0.52867890921643086E-3
0.52867890921643086E-3
0.52867890921643086E-3
0.52867890921643086E-3
0.52867890921643086E-3
0.52867890921643086E-3
0.52867890921643086E-3
0.52867890921643086E-3
0.52867890921643086E-3
0.52867890921643086E-3
0.52867890921643086E-3
0.52867890921643086E-3
0.52867890921643086E-3
0.52867890921643086E-3
0.52867890921643086E-3
0.52867890921643086E-3
0.52867890921643086E-3
0.52867890921643086E-3
0.52867890921643086E-3
0.52867890921643086E-3
0.52867890921643086E-3
0.52867890921643086E-3
0.52867890921643086E-3
0.52867890921643086E-3
0.52867890921643086E-3
0.52867890921643086E-3
0.52867890921643086E-3
0.52867890921643086E-3
0.52867890921643086E-3
0.52867890921643086E-3
0.52867890921643086E-3
0.52867890921643086E-3
0.52867890921643086E-3
0.52867890921643086E-3
0.52867890921643086E-3
0.52867890921643086E-3
0.52867890921643086E-3
0.52867890921643086E-3
0.52867890921643086E-3
0.52867890921643086E-3
0.52867890921643086E-3
0.52867890921643086E-3
0.52867890921643086E-3
0.52867890921643086E-3
0.52867890921643086E-3
0.52867890921643086E-3
0.52867890921643086E-3
0.52867890921643086E-3
0.52867890921643086E-3
0.52867890921643086E-3
0.52867890921643086E-3
0.52867890921643086E-3
0.52867890921643086E-3
0.52867890921643086E-3
0.52867890921643086E-3
0.52867890921643086E-3
0.52867890921643086E-3
0.52867890921643086E-3
0.52867890921643086E-3
0.52867890921643086E-3
0.52867890921643086E-3
0.52867890921643086E-3
0.52867890921643086E-3
0.52867890921643086E-3
0.52867890921643086E-3
0.52867890921643086E-3
0.52867890921643086E-3
0.52867890921643086E-3
0.52867890921643086E-3
0.52867890921643086E-3
0.52867890921643086E-3
0.52867890921643086E-3
0.52867890921643086E-3
0.52867890921643086E-3
0.52867890921643086E-3
0.52867890921643086E-3
0.52867890921643086E-3
0.52867890921643086E-3
0.52867890921643086E-3
0.52867890921643086E-3
0.52867890921643086E-3
0.52867890921643086E-3
0.52867890921643086E-3
0.52867890921643086E-3
0.52867890921643086E-3
0.52867890921643086E-3
0.52867890921643086E-3
0.52867890921643086E-3
0.52867890921643086E-3
0.52867890921643086E-3
0.52867890921643086E-3
0.52867890921643086E-3
0.52867890921643086E-3
0.52867890921643086E-3
0.52867890921643086E-3
0.52867890921643086E-3
0.52867890921643086E-3
0.52867890921643086E-3
0.52867890921643086E-3
0.52867890921643086E-3
0.52867890921643086E-3
0.52867890921643086E-3
0.52867890921643086E-3
0.52867890921643086E-3
0.52867890921643086E-3
0.52867890921643086E-3
0.52867890921643086E-3
0.52867890921643086E-3
0.52867890921643086E-3
0.52867890921643086E-3
0.52867890921643086E-3
0.52867890921643086E-3
0.52867890921643086E-3
0.52867890921643086E-3
0.52867890921643086E-3
0.52867890921643086E-3
0.52867890921643086E-3
0.52867890921643086E-3
0.52867890921643086E-3
0.52867890921643086E-3
0.52867890921643086E-3
0.52867890921643086E-3
0.52867890921643086E-3
0.52867890921643086E-3
0.52867890921643086E-3
0.52867890921643086E-3
0.52867890921643086E-3
0.52867890921643086E-3
0.52867890921643086E-3
0.52867890921643086E-3
0.52867890921643086E-3
0.52867890921643086E-3
0.52867890921643086E-3
0.52867890921643086E-3
0.52867890921643086E-3
0.52867890921643086E-3
0.52867890921643086E-3
0.52867890921643086E-3
0.52867890921643086E-3
0.52867890921643086E-3
0.52867890921643086E-3
0.52867890921643086E-3
0.52867890921643086E-3
0.52867890921643086E-3
0.52867890921643086E-3
0.52867890921643086E-3
0.52867890921643086E-3
0.52867890921643086E-3
0.52867890921643086E-3
0.52867890921643086E-3
0.52867890921643086E-3
0.52867890921643086E-3
0.52867890921643086E-3
0.52867890921643086E-3
0.52867890921643086E-3
0.52867890921643086E-3
0.52867890921643086E-3
0.52867890921643086E-3
0.52867890921643086E-3
0.52867890921643086E-3
0.52867890921643086E-3
0.52867890921643086E-3
0.52867890921643086E-3
0.52867890921643086E-3
0.52867890921643086E-3
0.52867890921643086E-3
0.52867890921643086E-3
0.52867890921643086E-3
0.52867890921643086E-3
0.52867890921643086E-3
0.52867890921643086E-3
0.52867890921643086E-3
0.52867890921643086E-3
0.52867890921643086E-3
0.52867890921643086E-3
0.52867890921643086E-3
0.52867890921643086E-3
0.52867890921643086E-3
0.52867890921643086E-3
0.52867890921643086E-3
0.52867890921643086E-3
0.52867890921643086E-3
0.52867890921643086E-3
0.52867890921643086E-3
0.52867890921643086E-3
0.52867890921643086E-3
0.52867890921643086E-3
0.52867890921643086E-3
0.52867890921643086E-3
0.52867890921643086E-3
0.52867890921643086E-3
0.52867890921643086E-3
0.52867890921643086E-3
0.52867890921643086E-3
0.52867890921643086E-3
0.52867890921643086E-3
0.52867890921643086E-3
0.52867890921643086E-3
0.52867890921643086E-3
0.52867890921643086E-3
0.52867890921643086E-3
0.52867890921643086E-3
0.52867890921643086E-3
0.52867890921643086E-3
0.52867890921643086E-3
0.52867890921643086E-3
0.52867890921643086E-3
0.52867890921643086E-3
0.52867890921643086E-3
0.52867890921643086E-3
0.52867890921643086E-3
0.52867890921643086E-3
0.52867890921643086E-3
0.52867890921643086E-3
0.52867890921643086E-3
0.52867890921643086E-3
0.52867890921643086E-3
0.52867890921643086E-3
0.52867890921643086E-3
0.52867890921643086E-3
0.52867890921643086E-3
0.52867890921643086E-3
0.52867890921643086E-3
0.52867890921643086E-3
0.52867890921643086E-3
0.52867890921643086E-3
0.52867890921643086E-3
0.52867890921643086E-3
0.52867890921643086E-3
0.52867890921643086E-3
0.52867890921643086E-3
0.52867890921643086E-3
0.52867890921643086E-3
0.52867890921643086E-3
0.52867890921643086E-3
0.52867890921643086E-3
0.52867890921643086E-3
0.52867890921643086E-3
0.52867890921643086E-3
0.52867890921643086E-3
0.52867890921643086E-3
0.52867890921643086E-3
0.52867890921643086E-3
0.52867890921643086E-3
0.52867890921643086E-3
0.52867890921643086E-3
0.52867890921643086E-3
0.52867890921643086E-3
0.52867890921643086E-3
0.52867890921643086E-3
0.52867890921643086E-3
0.52867890921643086E-3
0.52867890921643086E-3
0.52867890921643086E-3
0.52867890921643086E-3
0.52867890921643086E-3
0.52867890921643086E-3
0.52867890921643086E-3
0.52867890921643086E-3
0.52867890921643086E-3
0.52867890921643086E-3
0.52867890921643086E-3
0.52867890921643086E-3
0.52867890921643086E-3
0.52867890921643086E-3
0.52867890921643086E-3
0.52867890921643086E-3
0.52867890921643086E-3
0.52867890921643086E-3
0.52867890921643086E-3
0.52867890921643086E-3
0.52867890921643086E-3
0.52867890921643086E-3
0.52867890921643086E-3
0.52867890921643086E-3
0.52867890921643086E-3
0.52867890921643086E-3
0.52867890921643086E-3
0.52867890921643086E-3
0.52867890921643086E-3
0.52867890921643086E-3
0.52867890921643086E-3
0.52867890921643086E-3
0.52867890921643086E-3
0.52867890921643086E-3
0.52867890921643086E-3
0.52867890921643086E-3
0.52867890921643086E-3
0.52867890921643086E-3
0.52867890921643086E-3
0.52867890921643086E-3
0.52867890921643086E-3
0.52867890921643086E-3
0.52867890921643086E-3
0.52867890921643086E-3
0.52867890921643086E-3
0.52867890921643086E-3
0.52867890921643086E-3
0.52867890921643086E-3
0.52867890921643086E-3
0.52867890921643086E-3
0.52867890921643086E-3
0.52867890921643086E-3
0.52867890921643086E-3
0.52867890921643086E-3
0.52867890921643086E-3
0.52867890921643086E-3
0.52867890921643086E-3
0.52867890921643086E-3
0.52867890921643086E-3
0.52867890921643086E-3
0.52867890921643086E-3
0.52867890921643086E-3
0.52867890921643086E-3
0.52867890921643086E-3
0.52867890921643086E-3
0.52867890921643086E-3
0.52867890921643086E-3
0.52867890921643086E-3
0.52867890921643086E-3
0.52867890921643086E-3
0.52867890921643086E-3
0.52867890921643086E-3
0.52867890921643086E-3
0.52867890921643086E-3
0.52867890921643086E-3
0.52867890921643086E-3
0.52867890921643086E-3
0.52867890921643086E-3
0.52867890921643086E-3
0.52867890921643086E-3
0.52867890921643086E-3
0.52867890921643086E-3
0.52867890921643086E-3
0.52867890921643086E-3
0.52867890921643086E-3
0.52867890921643086E-3
0.52867890921643086E-3
0.52867890921643086E-3
0.52867890921643086E-3
0.52867890921643086E-3
0.52867890921643086E-3
0.52867890921643086E-3
0.52867890921643086E-3
0.52867890921643086E-3
0.52867890921643086E-3
0.52867890921643086E-3
0.52867890921643086E-3
0.52867890921643086E-3
0.52867890921643086E-3
0.52867890921643086E-3
0.52867890921643086E-3
0.52867890921643086E-3
0.52867890921643086E-3
0.52867890921643086E-3
0.52867890921643086E-3
0.52867890921643086E-3
0.52867890921643086E-3
0.52867890921643086E-3
0.52867890921643086E-3
0.52867890921643086E-3
0.52867890921643086E-3
0.52867890921643086E-3
0.52867890921643086E-3
0.52867890921643086E-3
0.52867890921643086E-3
0.52867890921643086E-3
0.52867890921643086E-3
0.52867890921643086E-3
0.52867890921643086E-3
0.52867890921643086E-3
0.52867890921643086E-3
0.52867890921643086E-3
0.52867890921643086E-3
0.52867890921643086E-3
0.52867890921643086E-3
0.52867890921643086E-3
0.52867890921643086E-3
0.52867890921643086E-3
0.52867890921643086E-3
0.52867890921643086E-3
0.52867890921643086E-3
0.52867890921643086E-3
0.52867890921643086E-3
0.52867890921643086E-3
0.52867890921643086E-3
0.52867890921643086E-3
0.52867890921643086E-3
0.52867890921643086E-3
0.52867890921643086E-3
0.52867890921643086E-3
0.52867890921643086E-3
0.52867890921643086E-3
0.52867890921643086E-3
0.52867890921643086E-3
0.52867890921643086E-3
0.52867890921643086E-3
0.52867890921643086E-3
0.52867890921643086E-3
0.52867890921643086E-3
0.52867890921643086E-3
0.52867890921643086E-3
0.52867890921643086E-3
0.52867890921643086E-3
0.52867890921643086E-3
0.52867890921643086E-3
0.52867890921643086E-3
0.52867890921643086E-3
0.52867890921643086E-3
0.52867890921643086E-3
0.52867890921643086E-3
0.52867890921643086E-3
0.52867890921643086E-3
0.52867890921643086E-3
0.52867890921643086E-3
0.52867890921643086E-3
0.52867890921643086E-3
0.52867890921643086E-3
0.52867890921643086E-3
0.52867890921643086E-3
0.52867890921643086E-3
0.52867890921643086E-3
0.52867890921643086E-3
0.52867890921643086E-3
0.52867890921643086E-3
0.52867890921643086E-3
0.52867890921643086E-3
0.52867890921643086E-3
0.52867890921643086E-3
0.52867890921643086E-3
0.52867890921643086E-3
0.52867890921643086E-3
0.52867890921643086E-3
0.52867890921643086E-3
0.52867890921643086E-3
0.52867890921643086E-3
0.52867890921643086E-3
0.52867890921643086E-3
0.52867890921643086E-3
0.52867890921643086E-3
0.52867890921643086E-3
0.52867890921643086E-3
0.52867890921643086E-3
0.52867890921643086E-3
0.52867890921643086E-3
0.52867890921643086E-3
0.52867890921643086E-3
0.52867890921643086E-3
0.52867890921643086E-3
0.52867890921643086E-3
0.52867890921643086E-3
0.52867890921643086E-3
0.52867890921643086E-3
0.52867890921643086E-3
0.52867890921643086E-3
0.52867890921643086E-3
0.52867890921643086E-3
0.52867890921643086E-3
0.52867890921643086E-3
0.52867890921643086E-3
0.52867890921643086E-3
0.52867890921643086E-3
0.52867890921643086E-3
0.52867890921643086E-3
0.52867890921643086E-3
0.52867890921643086E-3
0.52867890921643086E-3
0.52867890921643086E-3
0.52867890921643086E-3
0.52867890921643086E-3
0.52867890921643086E-3
0.52867890921643086E-3
0.52867890921643086E-3
0.52867890921643086E-3
0.52867890921643086E-3
0.52867890921643086E-3
0.52867890921643086E-3
0.52867890921643086E-3
0.52867890921643086E-3
0.52867890921643086E-3
0.52867890921643086E-3
0.52867890921643086E-3
0.52867890921643086E-3
0.52867890921643086E-3
0.52867890921643086E-3
0.52867890921643086E-3
0.52867890921643086E-3
0.52867890921643086E-3
0.52867890921643086E-3
0.52867890921643086E-3
0.52867890921643086E-3
0.52867890921643086E-3
0.52867890921643086E-3
0.52867890921643086E-3
0.52867890921643086E-3
0.52867890921643086E-3
0.52867890921643086E-3
0.52867890921643086E-3
0.52867890921643086E-3
0.52867890921643086E-3
0.52867890921643086E-3
0.52867890921643086E-3
0.52867890921643086E-3
0.52867890921643086E-3
0.52867890921643086E-3
0.52867890921643086E-3
0.52867890921643086E-3
0.52867890921643086E-3
0.52867890921643086E-3
0.52867890921643086E-3
0.52867890921643086E-3
0.52867890921643086E-3
0.52867890921643086E-3
0.52867890921643086E-3
0.52867890921643086E-3
0.52867890921643086E-3
0.52867890921643086E-3
0.52867890921643086E-3
0.52867890921643086E-3
0.52867890921643086E-3
0.52867890921643086E-3
0.52867890921643086E-3
0.52867890921643086E-3
0.52867890921643086E-3
0.52867890921643086E-3
0.52867890921643086E-3
0.52867890921643086E-3
0.52867890921643086E-3
0.52867890921643086E-3
0.52867890921643086E-3
0.52867890921643086E-3
0.52867890921643086E-3
0.52867890921643086E-3
0.52867890921643086E-3
0.52867890921643086E-3
0.52867890921643086E-3
0.52867890921643086E-3
0.52867890921643086E-3
0.52867890921643086E-3
0.52867890921643086E-3
0.52867890921643086E-3
0.52867890921643086E-3
0.52867890921643086E-3
0.52867890921643086E-3
0.52867890921643086E-3
0.52867890921643086E-3
0.52867890921643086E-3
0.52867890921643086E-3
0.52867890921643086E-3
0.52867890921643086E-3
0.52867890921643086E-3
0.52867890921643086E-3
0.52867890921643086E-3
0.52867890921643086E-3
0.52867890921643086E-3
0.52867890921643086E-3
0.52867890921643086E-3
0.52867890921643086E-3
0.52867890921643086E-3
0.52867890921643086E-3
0.52867890921643086E-3
0.52867890921643086E-3
0.52867890921643086E-3
0.52867890921643086E-3
0.52867890921643086E-3
0.52867890921643086E-3
0.52867890921643086E-3
0.52867890921643086E-3
0.52867890921643086E-3
0.52867890921643086E-3
0.52867890921643086E-3
0.52867890921643086E-3
0.52867890921643086E-3
0.52867890921643086E-3
0.52867890921643086E-3
0.52867890921643086E-3
0.52867890921643086E-3
0.52867890921643086E-3
0.52867890921643086E-3
0.52867890921643086E-3
0.52867890921643086E-3
0.52867890921643086E-3
0.52867890921643086E-3
0.52867890921643086E-3
0.52867890921643086E-3
0.52867890921643086E-3
0.52867890921643086E-3
0.52867890921643086E-3
0.52867890921643086E-3
0.52867890921643086E-3
0.52867890921643086E-3
0.52867890921643086E-3
0.52867890921643086E-3
0.52867890921643086E-3
0.52867890921643086E-3
0.52867890921643086E-3
0.52867890921643086E-3
0.52867890921643086E-3
0.52867890921643086E-3
0.52867890921643086E-3
0.52867890921643086E-3
0.52867890921643086E-3
0.52867890921643086E-3
0.52867890921643086E-3
0.52867890921643086E-3
0.52867890921643086E-3
0.52867890921643086E-3
0.52867890921643086E-3
0.52867890921643086E-3
0.52867890921643086E-3
0.52867890921643086E-3
0.52867890921643086E-3
0.52867890921643086E-3
0.52867890921643086E-3
0.52867890921643086E-3
0.52867890921643086E-3
0.52867890921643086E-3
0.52867890921643086E-3
0.52867890921643086E-3
0.52867890921643086E-3
0.52867890921643086E-3
0.52867890921643086E-3
0.52867890921643086E-3
0.52867890921643086E-3
0.52867890921643086E-3
0.52867890921643086E-3
0.52867890921643086E-3
0.52867890921643086E-3
0.52867890921643086E-3
0.52867890921643086E-3
0.52867890921643086E-3
0.52867890921643086E-3
0.52867890921643086E-3
0.52867890921643086E-3
0.52867890921643086E-3
0.52867890921643086E-3
0.52867890921643086E-3
0.52867890921643086E-3
0.52867890921643086E-3
0.52867890921643086E-3
0.52867890921643086E-3
0.52867890921643086E-3
0.52867890921643086E-3
0.52867890921643086E-3
0.52867890921643086E-3
0.52867890921643086E-3
0.52867890921643086E-3
0.52867890921643086E-3
0.52867890921643086E-3
0.52867890921643086E-3
0.52867890921643086E-3
0.52867890921643086E-3
0.52867890921643086E-3
0.52867890921643086E-3
0.52867890921643086E-3
0.52867890921643086E-3
0.52867890921643086E-3
0.52867890921643086E-3
0.52867890921643086E-3
0.52867890921643086E-3
0.52867890921643086E-3
0.52867890921643086E-3
0.52867890921643086E-3
0.52867890921643086E-3
0.52867890921643086E-3
0.52867890921643086E-3
0.52867890921643086E-3
0.52867890921643086E-3
0.52867890921643086E-3
0.52867890921643086E-3
0.52867890921643086E-3
0.52867890921643086E-3
0.52867890921643086E-3
0.52867890921643086E-3
0.52867890921643086E-3
0.52867890921643086E-3
0.52867890921643086E-3
0.52867890921643086E-3
0.52867890921643086E-3
0.52867890921643086E-3
0.52867890921643086E-3
0.52867890921643086E-3
0.52867890921643086E-3
0.52867890921643086E-3
0.52867890921643086E-3
0.52867890921643086E-3
0.52867890921643086E-3
0.52867890921643086E-3
0.52867890921643086E-3
0.52867890921643086E-3
0.52867890921643086E-3
0.52867890921643086E-3
0.52867890921643086E-3
0.52867890921643086E-3
0.52867890921643086E-3
0.52867890921643086E-3
0.52867890921643086E-3
0.52867890921643086E-3
0.52867890921643086E-3
0.52867890921643086E-3
0.52867890921643086E-3
0.52867890921643086E-3
0.52867890921643086E-3
0.52867890921643086E-3
0.52867890921643086E-3
0.52867890921643086E-3
0.52867890921643086E-3
0.52867890921643086E-3
0.52867890921643086E-3
0.52867890921643086E-3
0.52867890921643086E-3
0.52867890921643086E-3
0.52867890921643086E-3
0.52867890921643086E-3
0.52867890921643086E-3
0.52867890921643086E-3
0.52867890921643086E-3
0.52867890921643086E-3
0.52867890921643086E-3
0.52867890921643086E-3
0.52867890921643086E-3
0.52867890921643086E-3
0.52867890921643086E-3
0.52867890921643086E-3
0.52867890921643086E-3
0.52867890921643086E-3
0.52867890921643086E-3
0.52867890921643086E-3
0.52867890921643086E-3
0.52867890921643086E-3
0.52867890921643086E-3
0.52867890921643086E-3
0.52867890921643086E-3
0.52867890921643086E-3
0.52867890921643086E-3
0.52867890921643086E-3
0.52867890921643086E-3
0.52867890921643086E-3
0.52867890921643086E-3
0.52867890921643086E-3
0.52867890921643086E-3
0.52867890921643086E-3
0.52867890921643086E-3
0.52867890921643086E-3
0.52867890921643086E-3
0.52867890921643086E-3
0.52867890921643086E-3
0.52867890921643086E-3
0.52867890921643086E-3
0.52867890921643086E-3
0.52867890921643086E-3
0.52867890921643086E-3
0.52867890921643086E-3
0.52867890921643086E-3
0.52867890921643086E-3
0.52867890921643086E-3
0.52867890921643086E-3
0.52867890921643086E-3
0.52867890921643086E-3
0.52867890921643086E-3
0.52867890921643086E-3
0.52867890921643086E-3
0.52867890921643086E-3
0.52867890921643086E-3
0.52867890921643086E-3
0.52867890921643086E-3
0.52867890921643086E-3
0.52867890921643086E-3
0.52867890921643086E-3
0.52867890921643086E-3
0.52867890921643086E-3
0.52867890921643086E-3
0.52867890921643086E-3
0.52867890921643086E-3
0.52867890921643086E-3
0.52867890921643086E-3
0.52867890921643086E-3
0.52867890921643086E-3
0.52867890921643086E-3
0.52867890921643086E-3
0.52867890921643086E-3
0.52867890921643086E-3
0.52867890921643086E-3
0.52867890921643086E-3
0.52867890921643086E-3
0.52867890921643086E-3
0.52867890921643086E-3
0.52867890921643086E-3
0.52867890921643086E-3
0.52867890921643086E-3
0.52867890921643086E-3
0.52867890921643086E-3
0.52867890921643086E-3
0.52867890921643086E-3
0.52867890921643086E-3
0.52867890921643086E-3
0.52867890921643086E-3
0.52867890921643086E-3
0.52867890921643086E-3
0.52867890921643086E-3
0.52867890921643086E-3
0.52867890921643086E-3
0.52867890921643086E-3
0.52867890921643086E-3
0.52867890921643086E-3
0.52867890921643086E-3
0.52867890921643086E-3
0.52867890921643086E-3
0.52867890921643086E-3
0.52867890921643086E-3
0.52867890921643086E-3
0.52867890921643086E-3
0.52867890921643086E-3
0.52867890921643086E-3
0.52867890921643086E-3
0.52867890921643086E-3
0.52867890921643086E-3
0.52867890921643086E-3
0.52867890921643086E-3
0.52867890921643086E-3
0.52867890921643086E-3
0.52867890921643086E-3
0.52867890921643086E-3
0.52867890921643086E-3
0.52867890921643086E-3
0.52867890921643086E-3
0.52867890921643086E-3
0.52867890921643086E-3
0.52867890921643086E-3
0.52867890921643086E-3
0.52867890921643086E-3
0.52867890921643086E-3
0.52867890921643086E-3
0.52867890921643086E-3
0.52867890921643086E-3
0.52867890921643086E-3
0.52867890921643086E-3
0.52867890921643086E-3
0.52867890921643086E-3
0.52867890921643086E-3
0.52867890921643086E-3
0.52867890921643086E-3
0.52867890921643086E-3
0.52867890921643086E-3
0.52867890921643086E-3
0.52867890921643086E-3
0.52867890921643086E-3
0.52867890921643086E-3
0.52867890921643086E-3
0.52867890921643086E-3
0.52867890921643086E-3
0.52867890921643086E-3
0.52867890921643086E-3
0.52867890921643086E-3
0.52867890921643086E-3
0.52867890921643086E-3
0.52867890921643086E-3
0.52867890921643086E-3
0.52867890921643086E-3
0.52867890921643086E-3
0.52867890921643086E-3
0.52867890921643086E-3
0.52867890921643086E-3
0.52867890921643086E-3
0.52867890921643086E-3
0.52867890921643086E-3
0.52867890921643086E-3
0.52867890921643086E-3
0.52867890921643086E-3
0.52867890921643086E-3
0.52867890921643086E-3
0.52867890921643086E-3
0.52867890921643086E-3
0.52867890921643086E-3
0.52867890921643086E-3
0.52867890921643086E-3
0.52867890921643086E-3
0.52867890921643086E-3
0.52867890921643086E-3
0.52867890921643086E-3
0.52867890921643086E-3
0.52867890921643086E-3
0.52867890921643086E-3
0.52867890921643086E-3
0.52867890921643086E-3
0.52867890921643086E-3
0.52867890921643086E-3
0.52867890921643086E-3
0.52867890921643086E-3
0.52867890921643086E-3
0.52867890921643086E-3
0.52867890921643086E-3
0.52867890921643086E-3
0.52867890921643086E-3
0.52867890921643086E-3
0.52867890921643086E-3
0.52867890921643086E-3
0.52867890921643086E-3
0.52867890921643086E-3
0.52867890921643086E-3
0.52867890921643086E-3
0.52867890921643086E-3
0.52867890921643086E-3
0.52867890921643086E-3
0.52867890921643086E-3
0.52867890921643086E-3
0.52867890921643086E-3
0.52867890921643086E-3
0.52867890921643086E-3
0.52867890921643086E-3
0.52867890921643086E-3
0.52867890921643086E-3
0.52867890921643086E-3
0.52867890921643086E-3
0.52867890921643086E-3
0.52867890921643086E-3
0.52867890921643086E-3
0.52867890921643086E-3
0.52867890921643086E-3
0.52867890921643086E-3
0.52867890921643086E-3
0.52867890921643086E-3
0.52867890921643086E-3
0.52867890921643086E-3
0.52867890921643086E-3
0.52867890921643086E-3
0.52867890921643086E-3
0.52867890921643086E-3
0.52867890921643086E-3
0.52867890921643086E-3
0.52867890921643086E-3
0.52867890921643086E-3
0.52867890921643086E-3
0.52867890921643086E-3
0.52867890921643086E-3
0.52867890921643086E-3
0.52867890921643086E-3
0.52867890921643086E-3
0.52867890921643086E-3
0.52867890921643086E-3
0.52867890921643086E-3
0.52867890921643086E-3
0.52867890921643086E-3
0.52867890921643086E-3
0.52867890921643086E-3
0.52867890921643086E-3
0.52867890921643086E-3
0.52867890921643086E-3
0.52867890921643086E-3
0.52867890921643086E-3
0.52867890921643086E-3
0.52867890921643086E-3
0.52867890921643086E-3
0.52867890921643086E-3
0.52867890921643086E-3
0.52867890921643086E-3
0.52867890921643086E-3
0.52867890921643086E-3
0.52867890921643086E-3
0.52867890921643086E-3
0.52867890921643086E-3
0.52867890921643086E-3
0.52867890921643086E-3
0.52867890921643086E-3
0.52867890921643086E-3
0.52867890921643086E-3
0.52867890921643086E-3
0.52867890921643086E-3
0.52867890921643086E-3
0.52867890921643086E-3
0.52867890921643086E-3
0.52867890921643086E-3
0.52867890921643086E-3
0.52867890921643086E-3
0.52867890921643086E-3
0.52867890921643086E-3
0.52867890921643086E-3
0.52867890921643086E-3
0.52867890921643086E-3
0.52867890921643086E-3
0.52867890921643086E-3
0.52867890921643086E-3
0.52867890921643086E-3
0.52867890921643086E-3
0.52867890921643086E-3
0.52867890921643086E-3
0.52867890921643086E-3
0.52867890921643086E-3
0.52867890921643086E-3
0.52867890921643086E-3
0.52867890921643086E-3
0.52867890921643086E-3
0.52867890921643086E-3
0.52867890921643086E-3
0.52867890921643086E-3
0.52867890921643086E-3
0.52867890921643086E-3
0.52867890921643086E-3
0.52867890921643086E-3
0.52867890921643086E-3
0.52867890921643086E-3
0.52867890921643086E-3
0.52867890921643086E-3
0.52867890921643086E-3
0.52867890921643086E-3
0.52867890921643086E-3
0.52867890921643086E-3
0.52867890921643086E-3
0.52867890921643086E-3
0.52867890921643086E-3
0.52867890921643086E-3
0.52867890921643086E-3
0.52867890921643086E-3
0.52867890921643086E-3
0.52867890921643086E-3
0.52867890921643086E-3
0.52867890921643086E-3
0.52867890921643086E-3
0.52867890921643086E-3
0.52867890921643086E-3
0.52867890921643086E-3
0.52867890921643086E-3
0.52867890921643086E-3
0.52867890921643086E-3
0.52867890921643086E-3
0.52867890921643086E-3
0.52867890921643086E-3
0.52867890921643086E-3
0.52867890921643086E-3
0.52867890921643086E-3
0.52867890921643086E-3
0.52867890921643086E-3
0.52867890921643086E-3
0.52867890921643086E-3
0.52867890921643086E-3
0.52867890921643086E-3
0.52867890921643086E-3
0.52867890921643086E-3
0.52867890921643086E-3
0.52867890921643086E-3
0.52867890921643086E-3
0.52867890921643086E-3
0.52867890921643086E-3
0.52867890921643086E-3
0.52867890921643086E-3
0.52867890921643086E-3
0.52867890921643086E-3
0.52867890921643086E-3
0.52867890921643086E-3
0.52867890921643086E-3
0.52867890921643086E-3
0.52867890921643086E-3
0.52867890921643086E-3
0.52867890921643086E-3
0.52867890921643086E-3
0.52867890921643086E-3
0.52867890921643086E-3
0.52867890921643086E-3
0.52867890921643086E-3
0.52867890921643086E-3
0.52867890921643086E-3
0.52867890921643086E-3
0.52867890921643086E-3
0.52867890921643086E-3
0.52867890921643086E-3
0.52867890921643086E-3
0.52867890921643086E-3
0.52867890921643086E-3
0.52867890921643086E-3
0.52867890921643086E-3
0.52867890921643086E-3
0.52867890921643086E-3
0.52867890921643086E-3
0.52867890921643086E-3
0.52867890921643086E-3
0.52867890921643086E-3
0.52867890921643086E-3
0.52867890921643086E-3
0.52867890921643086E-3
0.52867890921643086E-3
0.52867890921643086E-3
0.52867890921643086E-3
0.52867890921643086E-3
0.52867890921643086E-3
0.52867890921643086E-3
0.52867890921643086E-3
0.52867890921643086E-3
0.52867890921643086E-3
0.52867890921643086E-3
0.52867890921643086E-3
0.52867890921643086E-3
0.52867890921643086E-3
0.52867890921643086E-3
0.52867890921643086E-3
0.52867890921643086E-3
0.52867890921643086E-3
0.52867890921643086E-3
0.52867890921643086E-3
0.52867890921643086E-3
0.52867890921643086E-3
0.52867890921643086E-3
0.52867890921643086E-3
0.52867890921643086E-3
0.52867890921643086E-3
0.52867890921643086E-3
0.52867890921643086E-3
0.52867890921643086E-3
0.52867890921643086E-3
0.52867890921643086E-3
0.52867890921643086E-3
0.52867890921643086E-3
0.52867890921643086E-3
0.52867890921643086E-3
0.52867890921643086E-3
0.52867890921643086E-3
0.52867890921643086E-3
0.52867890921643086E-3
0.52867890921643086E-3
0.52867890921643086E-3
0.52867890921643086E-3
0.52867890921643086E-3
0.52867890921643086E-3
0.52867890921643086E-3
0.52867890921643086E-3
0.52867890921643086E-3
0.52867890921643086E-3
0.52867890921643086E-3
0.52867890921643086E-3
0.52867890921643086E-3
0.52867890921643086E-3
0.52867890921643086E-3
0.52867890921643086E-3
0.52867890921643086E-3
0.52867890921643086E-3
0.52867890921643086E-3
0.52867890921643086E-3
0.52867890921643086E-3
0.52867890921643086E-3
0.52867890921643086E-3
0.52867890921643086E-3
0.52867890921643086E-3
0.52867890921643086E-3
0.52867890921643086E-3
0.52867890921643086E-3
0.52867890921643086E-3
0.52867890921643086E-3
0.52867890921643086E-3
0.52867890921643086E-3
0.52867890921643086E-3
0.52867890921643086E-3
0.52867890921643086E-3
0.52867890921643086E-3
0.52867890921643086E-3
0.52867890921643086E-3
0.52867890921643086E-3
0.52867890921643086E-3
0.52867890921643086E-3
0.52867890921643086E-3
0.52867890921643086E-3
0.52867890921643086E-3
0.52867890921643086E-3
0.52867890921643086E-3
0.52867890921643086E-3
0.52867890921643086E-3
0.52867890921643086E-3
0.52867890921643086E-3
0.52867890921643086E-3
0.52867890921643086E-3
0.52867890921643086E-3
0.52867890921643086E-3
0.52867890921643086E-3
0.52867890921643086E-3
0.52867890921643086E-3
0.52867890921643086E-3
0.52867890921643086E-3
0.10831296162757505E-6
0.10826692678972232E-6
0.10834292170057281E-6
0.10834292170057281E-6
0.10826867611920204E-6
0.10831465339332633E-6
0.10824757504955107E-6
0.10824390891974176E-6
0.10826867611920205E-6
0.10824390891974175E-6
0.10824757504955107E-6
0.10831465339332633E-6
0.10860203028405917E-6
0.10851914990104857E-6
0.10881656334367474E-6
0.10851914990104852E-6
0.10844745241984143E-6
0.10858545923645268E-6
0.10858545923645269E-6
0.10835301827423465E-6
0.10834875999855727E-6
0.10830072025484118E-6
0.10829261620099037E-6
0.10844306646221259E-6
0.10900132472951256E-6
0.10884725440832165E-6
0.10941334595563069E-6
0.10884725440832163E-6
0.10834875999855725E-6
0.10844306646221261E-6
0.10829261620099033E-6
0.10830072025484115E-6
0.10831296162757499E-6
0.10826692678972236E-6
0.10834292170057284E-6
0.10834292170057284E-6
0.10826867611920198E-6
0.10831465339332634E-6
0.10824757504955111E-6
0.10824390891974174E-6
0.10826867611920200E-6
0.10824390891974172E-6
0.10824757504955111E-6
0.10831465339332633E-6
0.10860203028405915E-6
0.10851914990104853E-6
0.10881656334367469E-6
0.10851914990104851E-6
0.10844745241984143E-6
0.10858545923645268E-6
0.10858545923645265E-6
0.10835301827423466E-6
0.10834875999855724E-6
0.10830072025484125E-6
0.10829261620099034E-6
0.10844306646221254E-6
0.10900132472951257E-6
0.10884725440832173E-6
0.10941334595563069E-6
0.10884725440832166E-6
0.10834875999855727E-6
0.10844306646221261E-6
0.10829261620099034E-6
0.10830072025484122E-6
0.11003121153214433E-6
0.10826692678972235E-6
0.11348178732973250E-6
0.11348178732973250E-6
0.10826867611920205E-6
0.11027912489468304E-6
0.10824757504955101E-6
0.10824390891974174E-6
0.10826867611920205E-6
0.10824390891974175E-6
0.10824757504955105E-6
0.11027912489468251E-6
0.12388085621585666E-6
0.12055055786343379E-6
0.13111334406969199E-6
0.12055055786343356E-6
0.10844745241984140E-6
0.10858545923645262E-6
0.10858545923645268E-6
0.10835301827423464E-6
0.10834875999855725E-6
0.10830072025484115E-6
0.10829261620099038E-6
0.10844306646221261E-6
0.10900132472951257E-6
0.10884725440832167E-6
0.10941334595563069E-6
0.10884725440832161E-6
0.10834875999855723E-6
0.10844306646221259E-6
0.10829261620099030E-6
0.10830072025484118E-6
0.38642421332468914E-6
0.37950820269806783E-6
0.38804490935811943E-6
0.38804490935811943E-6
0.37981597340127860E-6
0.38654801876980852E-6
0.37611697915821671E-6
0.37547738720311455E-6
0.37981597340127887E-6
0.37547738720311529E-6
0.37611697915821687E-6
0.38654801876980852E-6
0.39045940691811376E-6
0.38968708791633471E-6
0.39186679969627682E-6
0.38968708791633455E-6
0.35276670426756565E-6
0.34830241594986390E-6
0.34830241594986406E-6
0.36158626772832833E-6
0.36198937478138507E-6
0.36656809711570874E-6
0.36734603121654674E-6
0.35317111721798515E-6
0.33592796009942338E-6
0.34044132886074418E-6
0.32917870820577348E-6
0.34044132886074572E-6
0.36198937478138708E-6
0.35317111721798203E-6
0.36734603121654780E-6
0.36656809711571017E-6
0.38642421332468914E-6
0.38305532872176766E-6
0.38804490935811933E-6
0.38804490935811933E-6
0.38318334674951440E-6
0.38654801876980873E-6
0.38163914518460934E-6
0.38137085341161598E-6
0.38318334674951440E-6
0.38137085341161593E-6
0.38163914518460976E-6
0.38654801876980846E-6
0.39045940691811360E-6
0.38968708791633471E-6
0.39186679969627682E-6
0.38968708791633439E-6
0.36938423848803985E-6
0.36698751297174119E-6
0.36698751297174077E-6
0.37421728419889426E-6
0.37443521851561815E-6
0.37689384485067562E-6
0.37730860227186803E-6
0.36960870744013124E-6
0.36015321586385790E-6
0.36268519403491990E-6
0.35655940984690948E-6
0.36268519403492043E-6
0.37443521851561895E-6
0.36960870744013034E-6
0.37730860227186898E-6
0.37689384485067646E-6
0.69238675201642677E-6
0.68081287417970716E-6
0.69806184937867108E-6
0.69806184937867108E-6
0.68125113289423621E-6
0.69281348446420567E-6
0.67597443815575124E-6
0.67505994803410756E-6
0.68125113289423663E-6
0.67505994803410862E-6
0.67597443815575198E-6
0.69281348446420503E-6
0.70869452418566658E-6
0.70531849552039101E-6
0.71503451368168119E-6
0.70531849552039069E-6
0.64124466556288116E-6
0.63549033069452209E-6
0.63549033069452219E-6
0.65452028507358571E-6
0.65512373347342397E-6
0.66195830271472070E-6
0.66311595150930471E-6
0.64185651863802955E-6
0.61950800828465113E-6
0.62538348474943537E-6
0.61374728360296754E-6
0.62538348474943748E-6
0.65512373347342704E-6
0.64185651863802500E-6
0.66311595150930641E-6
0.66195830271472303E-6
0.86239168799027534E-6
0.81289200192937945E-6
0.88662864407710059E-6
0.88662864407710059E-6
0.81479846363935969E-6
0.86418276830221933E-6
0.79167868542787091E-6
0.78763527985512016E-6
0.81479846363936106E-6
0.78763527985512704E-6
0.79167868542787165E-6
0.86418276830221573E-6
0.94555374156055360E-6
0.92740727985803161E-6
0.98151949446425329E-6
0.92740727985803256E-6
0.69602213706805563E-6
0.69350253537604789E-6
0.69350253537604747E-6
0.70612060692130164E-6
0.70848618751723903E-6
0.73516632680407789E-6
0.73966459892172590E-6
0.69637405030517338E-6
0.68662112127934340E-6
0.68917055540605047E-6
0.68719012562343237E-6
0.68917055540605100E-6
0.70848618751725269E-6
0.69637405030517190E-6
0.73966459892173066E-6
0.73516632680408732E-6
0.26453112242205627E-5
0.26579304839201600E-5
0.26376804097812851E-5
0.26376804097812851E-5
0.26574438274205417E-5
0.26448543779413940E-5
0.26633551421791071E-5
0.26643915793310530E-5
0.26574438274205426E-5
0.26643915793310547E-5
0.26633551421791033E-5
0.26448543779413931E-5
0.25800178709803166E-5
0.25984949398022555E-5
0.25381500448204337E-5
0.25984949398022653E-5
0.26257274401592360E-5
0.25998543479297736E-5
0.25998543479297783E-5
0.26620750222672009E-5
0.26622640829272350E-5
0.26644860434078785E-5
0.26648768774757877E-5
0.26274885340359091E-5
0.25269340519863214E-5
0.25534725570924088E-5
0.24809251544632091E-5
0.25534725570924220E-5
0.26622640829272362E-5
0.26274885340358854E-5
0.26648768774757877E-5
0.26644860434078798E-5
0.38583133174713339E-5
0.38636472153691162E-5
0.38528207678759009E-5
0.38528207678759009E-5
0.38634718041277920E-5
0.38580872619240247E-5
0.38654557847461304E-5
0.38657721108168101E-5
0.38634718041277903E-5
0.38657721108168152E-5
0.38654557847461236E-5
0.38580872619240204E-5
0.37761820851808984E-5
0.38014755521947746E-5
0.37137612050012029E-5
0.38014755521947924E-5
0.38050310619393577E-5
0.37798931040523470E-5
0.37798931040523504E-5
0.38318159431477456E-5
0.38330332075967892E-5
0.38468062820469746E-5
0.38491358578968767E-5
0.38062645642774169E-5
0.37080124701792487E-5
0.37341382405950946E-5
0.36571843488590463E-5
0.37341382405951073E-5
0.38330332075967968E-5
0.38062645642773962E-5
0.38491358578968758E-5
0.38468062820469789E-5
0.50776720416498956E-5
0.51278153619029706E-5
0.50489148750195867E-5
0.50489148750195884E-5
0.51259184231235659E-5
0.50758198062437344E-5
0.51487596635737416E-5
0.51527195258628939E-5
0.51259184231235609E-5
0.51527195258628964E-5
0.51487596635737323E-5
0.50758198062437327E-5
0.48825139017325079E-5
0.49360120548816263E-5
0.47570043537739166E-5
0.49360120548816484E-5
0.51641521816801239E-5
0.51441995825905897E-5
0.51441995825905914E-5
0.51649581124376977E-5
0.51650007235848177E-5
0.51655121593360185E-5
0.51656034941233326E-5
0.51641830390786890E-5
0.50837314813462199E-5
0.51059049785966709E-5
0.50280676191788550E-5
0.51059049785966785E-5
0.51650007235848194E-5
0.51641830390786796E-5
0.51656034941233326E-5
0.51655121593360210E-5
0.52650086174691807E-5
0.53463081058710226E-5
0.52211509846736277E-5
0.52211509846736260E-5
0.53432034011681579E-5
0.52620374108772286E-5
0.53807300405699910E-5
0.53872666484804966E-5
0.53432034011681546E-5
0.53872666484804957E-5
0.53807300405699851E-5
0.52620374108772328E-5
0.50191313716382820E-5
0.50833137984712726E-5
0.48678446153058695E-5
0.50833137984712971E-5
0.54778045050835802E-5
0.54734544973407967E-5
0.54734544973407916E-5
0.54479996300979906E-5
0.54466584734010425E-5
0.54315508358705706E-5
0.54290067821094175E-5
0.54764181602313649E-5
0.54558947609440726E-5
0.54624909828813042E-5
0.54249950160371740E-5
0.54624909828813051E-5
0.54466584734010349E-5
0.54764181602313743E-5
0.54290067821094149E-5
0.54315508358705663E-5
0.52327767996002545E-5
0.52743210443561275E-5
0.52092205947531639E-5
0.52092205947531681E-5
0.52727343092501248E-5
0.52312580132409659E-5
0.52919195558163085E-5
0.52952631617790133E-5
0.52727343092501231E-5
0.52952631617790141E-5
0.52919195558163043E-5
0.52312580132409642E-5
0.50723531707306643E-5
0.51161108439374729E-5
0.49604285480674211E-5
0.51161108439374932E-5
0.52947850498340208E-5
0.52733795853902994E-5
0.52733795853902985E-5
0.52995536466892288E-5
0.52997864870744604E-5
0.53025176609167537E-5
0.53029971266987368E-5
0.52949895941850575E-5
0.52090314183916196E-5
0.52326214086967602E-5
0.51543276559348482E-5
0.52326214086967670E-5
0.52997864870744596E-5
0.52949895941850507E-5
0.53029971266987351E-5
0.53025176609167571E-5
0.52602984284681730E-5
0.53185141946695766E-5
0.52285483576730134E-5
0.52285483576730134E-5
0.53162926349716124E-5
0.52581690337893565E-5
0.53431372252049044E-5
0.53478115983076938E-5
0.53162926349716124E-5
0.53478115983076938E-5
0.53431372252048985E-5
0.52581690337893590E-5
0.50745388027961849E-5
0.51235542456253300E-5
0.49521366111248081E-5
0.51235542456253427E-5
0.53884782322880623E-5
0.53787500439692609E-5
0.53787500439692549E-5
0.53776245631289314E-5
0.53771394245664901E-5
0.53716947830680498E-5
0.53707816612477789E-5
0.53879704087971462E-5
0.53465525943055548E-5
0.53586150168573601E-5
0.53096076724197309E-5
0.53586150168573643E-5
0.53771394245664901E-5
0.53879704087971522E-5
0.53707816612477764E-5
0.53716947830680498E-5
0.55934698943668637E-5
0.56177600506314550E-5
0.55747923717411504E-5
0.55747923717411478E-5
0.56168231344754900E-5
0.55925912011017788E-5
0.56282012738958132E-5
0.56301954444973776E-5
0.56168231344754849E-5
0.56301954444973802E-5
0.56282012738958072E-5
0.55925912011017780E-5
0.54353870664495644E-5
0.54797351992136544E-5
0.53225084325516543E-5
0.54797351992136714E-5
0.55880202830218853E-5
0.55635970058298835E-5
0.55635970058298801E-5
0.56088309722536793E-5
0.56097928973667763E-5
0.56207821269299966E-5
0.56226605407952538E-5
0.55889644186154809E-5
0.54922191762280490E-5
0.55183463519984556E-5
0.54327429298969417E-5
0.55183463519984675E-5
0.56097928973667805E-5
0.55889644186154682E-5
0.56226605407952538E-5
0.56207821269299966E-5
0.54838268731324432E-5
0.55240828292876122E-5
0.54648842791102610E-5
0.54648842791102653E-5
0.55225435666056386E-5
0.54823576237636192E-5
0.55411593889457123E-5
0.55444044184780700E-5
0.55225435666056378E-5
0.55444044184780692E-5
0.55411593889457089E-5
0.54823576237636226E-5
0.53725959492380388E-5
0.54020404177562747E-5
0.52939188227484190E-5
0.54020404177562908E-5
0.55547321895687455E-5
0.55428180714310251E-5
0.55428180714310217E-5
0.55551098426598746E-5
0.55551266356490794E-5
0.55553166829812201E-5
0.55553490031795057E-5
0.55547501518351633E-5
0.55055146383948944E-5
0.55194177076057819E-5
0.54663545141976863E-5
0.55194177076057836E-5
0.55551266356490794E-5
0.55547501518351642E-5
0.55553490031795083E-5
0.55553166829812243E-5
0.59797524589173520E-5
0.60045024198904970E-5
0.59652787439819559E-5
0.59652787439819525E-5
0.60035494429311245E-5
0.59788556963246854E-5
0.60151118279350821E-5
0.60171357490096692E-5
0.60035494429311211E-5
0.60171357490096709E-5
0.60151118279350787E-5
0.59788556963246871E-5
0.58680190050465883E-5
0.58988862007938303E-5
0.57875473120560276E-5
0.58988862007938421E-5
0.59937386271366657E-5
0.59745270830343711E-5
0.59745270830343652E-5
0.60068921181658546E-5
0.60074902021740148E-5
0.60142646723050665E-5
0.60154122284477576E-5
0.59943446280137313E-5
0.59171432996489078E-5
0.59383080023183018E-5
0.58665043381452762E-5
0.59383080023183103E-5
0.60074902021740207E-5
0.59943446280137321E-5
0.60154122284477610E-5
0.60142646723050665E-5
0.62035061019140451E-5
0.61998168173147183E-5
0.62039358136076066E-5
0.62039358136076066E-5
0.61999321053041674E-5
0.62036675614178337E-5
0.61986730454896079E-5
0.61984835598994679E-5
0.61999321053041649E-5
0.61984835598994696E-5
0.61986730454896045E-5
0.62036675614178328E-5
0.61561332921829094E-5
0.61711068638743448E-5
0.61119088486108876E-5
0.61711068638743575E-5
0.61234748698107513E-5
0.60939498782833936E-5
0.60939498782833970E-5
0.61551579359133645E-5
0.61566167232063239E-5
0.61732557541943357E-5
0.61760956865878280E-5
0.61249182659905263E-5
0.60084415838322350E-5
0.60397469828986820E-5
0.59443242188026861E-5
0.60397469828986972E-5
0.61566167232063256E-5
0.61249182659905136E-5
0.61760956865878289E-5
0.61732557541943424E-5
0.68181640169073698E-5
0.68020429841226795E-5
0.68253995840850541E-5
0.68253995840850541E-5
0.68026257612272179E-5
0.68187871004513848E-5
0.67957562733961763E-5
0.67945985955194644E-5
0.68026257612272221E-5
0.67945985955194652E-5
0.67957562733961763E-5
0.68187871004513831E-5
0.68091212275403382E-5
0.68137943516535531E-5
0.67882217367101259E-5
0.68137943516535531E-5
0.66943477306537186E-5
0.66610222855744761E-5
0.66610222855744718E-5
0.67355402067792818E-5
0.67374308771943019E-5
0.67589564331000226E-5
0.67626229559613746E-5
0.66962294833095074E-5
0.65645320358894166E-5
0.65999618426721729E-5
0.64951869270619662E-5
0.65999618426721806E-5
0.67374308771943163E-5
0.66962294833094989E-5
0.67626229559613839E-5
0.67589564331000226E-5
0.75039081659359309E-5
0.74450829368995465E-5
0.75294659012466030E-5
0.75294659012466030E-5
0.74474174854401656E-5
0.75058156566334716E-5
0.74195877896632934E-5
0.74148258991160619E-5
0.74474174854401656E-5
0.74148258991160704E-5
0.74195877896633019E-5
0.75058156566334716E-5
0.75774359170418792E-5
0.75609295205414449E-5
0.76045814055684550E-5
0.75609295205414449E-5
0.72125433161461335E-5
0.71607445604802954E-5
0.71607445604802878E-5
0.72919722662427374E-5
0.72956210134498414E-5
0.73371902655000006E-5
0.73442766063229129E-5
0.72161698459508684E-5
0.70139307985045852E-5
0.70676080760799556E-5
0.69175584474302336E-5
0.70676080760799768E-5
0.72956210134498626E-5
0.72161698459508396E-5
0.73442766063229256E-5
0.73371902655000124E-5
0.81455178186536708E-5
0.80425069455392294E-5
0.82017998255085447E-5
0.82017998255085447E-5
0.80462270698348814E-5
0.81496335581688448E-5
0.80016564674504408E-5
0.79939805194398212E-5
0.80462270698348848E-5
0.79939805194398178E-5
0.80016564674504544E-5
0.81496335581688381E-5
0.83480151793216638E-5
0.83006900373502356E-5
0.84416165558590183E-5
0.83006900373502305E-5
0.77266552457134824E-5
0.76665206189870969E-5
0.76665206189870901E-5
0.78304438043548480E-5
0.78351800649900084E-5
0.78889439749276354E-5
0.78980733899158431E-5
0.77314225490101904E-5
0.74957006907132770E-5
0.75584668800494945E-5
0.73892943464177051E-5
0.75584668800495089E-5
0.78351800649900287E-5
0.77314225490101768E-5
0.78980733899158668E-5
0.78889439749276455E-5
0.89115348150224209E-5
0.87783220393781675E-5
0.89797334716149753E-5
0.89797334716149753E-5
0.87833302751865828E-5
0.89164859527029069E-5
0.87232062858522164E-5
0.87128243451777418E-5
0.87833302751865828E-5
0.87128243451777519E-5
0.87232062858522282E-5
0.89164859527029018E-5
0.91703390427049017E-5
0.91085304991682926E-5
0.92989466094191543E-5
0.91085304991682706E-5
0.83739660774227824E-5
0.83022994018013787E-5
0.83022994018013719E-5
0.85050559157292297E-5
0.85110183290683897E-5
0.85785883378184149E-5
0.85900421431709694E-5
0.83800062717265237E-5
0.80985021493213860E-5
0.81735936622718375E-5
0.79765398596499051E-5
0.81735936622718595E-5
0.85110183290684168E-5
0.83800062717264864E-5
0.85900421431709931E-5
0.85785883378184302E-5
0.95284037371476324E-5
0.93471522176274497E-5
0.96210814367336348E-5
0.96210814367336348E-5
0.93539975934902201E-5
0.95351078389354821E-5
0.92716540297717382E-5
0.92573986191955399E-5
0.93539975934902218E-5
0.92573986191955484E-5
0.92716540297717636E-5
0.95351078389354702E-5
0.98906079201137275E-5
0.98038642263163066E-5
0.10074650413353803E-4
0.98038642263162693E-5
0.88132256364990854E-5
0.87242889862059265E-5
0.87242889862059164E-5
0.89844923350501451E-5
0.89922665904938986E-5
0.90802749042228371E-5
0.90951759616475068E-5
0.88211313721791322E-5
0.84727069204679873E-5
0.85653537273831644E-5
0.83305965032301567E-5
0.85653537273831932E-5
0.89922665904939409E-5
0.88211313721790916E-5
0.90951759616475407E-5
0.90802749042228659E-5
0.98293438410707334E-5
0.96573718333593019E-5
0.99170822383888741E-5
0.99170822383888741E-5
0.96638882483045605E-5
0.98356828229786350E-5
0.95853842549830576E-5
0.95717670952911474E-5
0.96638882483045673E-5
0.95717670952911372E-5
0.95853842549830745E-5
0.98356828229786266E-5
0.10177162792714770E-4
0.10093658408268002E-4
0.10355519159674563E-4
0.10093658408267985E-4
0.91528258528267931E-5
0.90725656088020266E-5
0.90725656088020148E-5
0.93149507131199229E-5
0.93222776591123107E-5
0.94050323458883805E-5
0.94190098093737442E-5
0.91603401761142997E-5
0.88438652179584022E-5
0.89285594892876391E-5
0.87230796626588405E-5
0.89285594892876628E-5
0.93222776591123429E-5
0.91603401761142692E-5
0.94190098093737747E-5
0.94050323458883975E-5
0.10214814058796935E-4
0.10039762155670179E-4
0.10303978952320464E-4
0.10303978952320464E-4
0.10046409918590772E-4
0.10221251646257427E-4
0.99662437949043464E-5
0.99523203891029490E-5
0.10046409918590779E-4
0.99523203891029540E-5
0.99662437949043684E-5
0.10221251646257430E-4
0.10571039064205478E-4
0.10485489757787074E-4
0.10753533977878824E-4
0.10485489757787038E-4
0.95344828318367297E-5
0.94567414831859087E-5
0.94567414831858850E-5
0.96964985567520955E-5
0.97037892444351434E-5
0.97859490117129711E-5
0.97997925943053433E-5
0.95420216455145716E-5
0.92341036915399837E-5
0.93168700654621114E-5
0.91225057490292310E-5
0.93168700654621300E-5
0.97037892444351688E-5
0.95420216455145479E-5
0.97997925943053806E-5
0.97859490117129847E-5
0.10396852238020663E-4
0.10188616795491228E-4
0.10503322455180458E-4
0.10503322455180458E-4
0.10196510619533991E-4
0.10404523834812333E-4
0.10101399883035974E-4
0.10084899620007044E-4
0.10196510619533999E-4
0.10084899620007061E-4
0.10101399883036000E-4
0.10404523834812333E-4
0.10826540023754636E-4
0.10722900074831892E-4
0.11023192941352422E-4
0.10722900074831849E-4
0.96129326953258684E-5
0.95282514616353390E-5
0.95282514616353339E-5
0.97938055095402077E-5
0.98019819963546220E-5
0.98943375968566272E-5
0.99099371253141345E-5
0.96213130694204650E-5
0.92893340151718820E-5
0.93775902930140422E-5
0.91744311247389046E-5
0.93775902930140642E-5
0.98019819963546593E-5
0.96213130694204125E-5
0.99099371253141582E-5
0.98943375968566577E-5
0.10166085405068475E-4
0.10002438740204361E-4
0.10249571801946468E-4
0.10249571801946468E-4
0.10008673059438703E-4
0.10172083242571512E-4
0.99333876519405799E-5
0.99202884881202231E-5
0.10008673059438720E-4
0.99202884881202163E-5
0.99333876519405969E-5
0.10172083242571507E-4
0.10512394421654629E-4
0.10428380867414536E-4
0.10716252470613943E-4
0.10428380867414508E-4
0.95737570834956684E-5
0.95139669124772990E-5
0.95139669124772786E-5
0.97065689657830959E-5
0.97125158847131418E-5
0.97793561665843413E-5
0.97905866032352614E-5
0.95799648780482322E-5
0.93423557333906744E-5
0.94064100336584221E-5
0.92648547273902897E-5
0.94064100336584374E-5
0.97125158847131723E-5
0.95799648780482237E-5
0.97905866032352987E-5
0.97793561665843582E-5
0.10113388854713153E-4
0.99680131947060446E-5
0.10187471314014844E-4
0.10187471314014844E-4
0.99735762819443455E-5
0.10118691504517264E-4
0.99062639717890631E-5
0.98945224589162506E-5
0.99735762819443591E-5
0.98945224589162404E-5
0.99062639717890935E-5
0.10118691504517254E-4
0.10430183547238672E-4
0.10352838050928135E-4
0.10599120247066278E-4
0.10352838050928099E-4
0.96001631261111107E-5
0.95518835178554705E-5
0.95518835178554569E-5
0.97125474771939603E-5
0.97175603128912150E-5
0.97737863204811696E-5
0.97832124331084519E-5
0.96054344362959571E-5
0.94122137817562143E-5
0.94646547855837954E-5
0.93505776510654141E-5
0.94646547855838174E-5
0.97175603128912353E-5
0.96054344362959452E-5
0.97832124331084620E-5
0.97737863204811866E-5
0.99734116644355647E-5
0.98463632215682589E-5
0.10038240824286060E-4
0.10038240824286060E-4
0.98512434611728115E-5
0.99780264985632348E-5
0.97920974149799324E-5
0.97817591448346901E-5
0.98512434611728115E-5
0.97817591448346867E-5
0.97920974149799476E-5
0.99780264985632365E-5
0.10261354867458187E-4
0.10190502548529579E-4
0.10418196719232471E-4
0.10190502548529554E-4
0.94859916768272930E-5
0.94328796429021489E-5
0.94328796429021472E-5
0.96110975057019429E-5
0.96167403718092966E-5
0.96797927461376808E-5
0.96875917777360457E-5
0.94917999118422757E-5
0.92837927946281985E-5
0.93389805561898904E-5
0.92127418001995228E-5
0.93389805561899040E-5
0.96167403718093287E-5
0.94917999118422571E-5
0.96875917777360728E-5
0.96797927461376960E-5
0.95747972458924249E-5
0.94398878624684866E-5
0.96450181884997311E-5
0.96450181884997226E-5
0.94450139078757397E-5
0.95797552659412704E-5
0.93831873184977387E-5
0.93724469728683070E-5
0.94450139078757414E-5
0.93724469728683121E-5
0.93831873184977540E-5
0.95797552659412620E-5
0.98957979424618487E-5
0.98155589857529236E-5
0.10077203215830960E-4
0.98155589857529033E-5
0.91584235888381008E-5
0.91346295718101637E-5
0.91346295718101552E-5
0.92269824393397765E-5
0.92300249709602273E-5
0.92645950889345333E-5
0.92728666066334663E-5
0.91616541372681569E-5
0.90661488195509116E-5
0.90920976724185662E-5
0.90350675730221128E-5
0.90920976724185560E-5
0.92300249709602324E-5
0.91616541372681451E-5
0.92728666066334815E-5
0.92645950889345401E-5
0.93661791424492215E-5
0.92803526799381687E-5
0.94106909475799785E-5
0.94106909475799853E-5
0.92836474156183799E-5
0.93692990722388652E-5
0.92437257353575715E-5
0.92367495436079120E-5
0.92836474156183951E-5
0.92367495436079035E-5
0.92437257353575715E-5
0.93692990722388517E-5
0.95803494741317586E-5
0.95265396085738528E-5
0.97045864725424071E-5
0.95265396085738274E-5
0.90839449314833958E-5
0.90646655579974593E-5
0.90646655579974509E-5
0.91411202082704746E-5
0.91436631628471687E-5
0.91721439168782701E-5
0.91769111346140999E-5
0.90866337741442246E-5
0.90103306876824968E-5
0.90307606863935695E-5
0.89868303973904561E-5
0.90307606863935882E-5
0.91436631628471789E-5
0.90866337741442229E-5
0.91769111346141219E-5
0.91721439168782752E-5
0.92582021182218007E-5
0.91792919143111521E-5
0.92992538450123813E-5
0.92992538450123813E-5
0.91823067200743500E-5
0.92610855781947838E-5
0.91458526090088561E-5
0.91394991439628548E-5
0.91823067200743500E-5
0.91394991439628599E-5
0.91458526090088611E-5
0.92610855781947737E-5
0.94515235448688787E-5
0.94032129589851728E-5
0.95652631872873654E-5
0.94032129589851457E-5
0.90002922058856073E-5
0.89824060925398762E-5
0.89824060925398694E-5
0.90518053161007280E-5
0.90541176276065568E-5
0.90801450046171117E-5
0.90845253200271647E-5
0.90026950233673087E-5
0.89330417502611537E-5
0.89513859689793161E-5
0.89125312982237137E-5
0.89513859689793076E-5
0.90541176276065670E-5
0.90026950233672968E-5
0.90845253200271681E-5
0.90801450046171167E-5
0.91710017977363228E-5
0.90948518002807800E-5
0.92104557303766132E-5
0.92104557303766132E-5
0.90977509518982497E-5
0.91737949726166054E-5
0.90627490452553893E-5
0.90566606165606828E-5
0.90977509518982513E-5
0.90566606165606743E-5
0.90627490452553978E-5
0.91737949726165952E-5
0.93479155982800739E-5
0.93042198749854514E-5
0.94522643821651645E-5
0.93042198749854327E-5
0.89155362782769028E-5
0.88956772437720967E-5
0.88956772437720950E-5
0.89678345177304512E-5
0.89701990678244928E-5
0.89969173925887817E-5
0.90014327268118932E-5
0.89179598579733497E-5
0.88315033462798403E-5
0.88613680820626326E-5
0.87851449727934692E-5
0.88613680820626394E-5
0.89701990678245012E-5
0.89179598579733327E-5
0.90014327268119034E-5
0.89969173925888003E-5
0.91058694042227475E-5
0.90297693983918142E-5
0.91449811925432057E-5
0.91449811925432057E-5
0.90326609293480678E-5
0.91086666507290418E-5
0.89931158625710599E-5
0.89850569894272912E-5
0.90326609293480678E-5
0.89850569894272929E-5
0.89931158625710769E-5
0.91086666507290519E-5
0.92707278194127238E-5
0.92306752670202226E-5
0.93663586861158378E-5
0.92306752670202142E-5
0.87695562056206542E-5
0.87320226408964365E-5
0.87320226408964281E-5
0.88509051821154470E-5
0.88545988359855093E-5
0.88964205196944709E-5
0.89035030625140167E-5
0.87733105290004276E-5
0.86362835769230655E-5
0.86659142094787249E-5
0.85986726421543269E-5
0.86659142094787418E-5
0.88545988359855195E-5
0.87733105290004124E-5
0.89035030625140353E-5
0.88964205196944693E-5
0.90144151595745434E-5
0.89134471296111066E-5
0.90660335729686672E-5
0.90660335729686672E-5
0.89172701687820007E-5
0.90181396454244243E-5
0.88753482679057122E-5
0.88691301579785072E-5
0.89172701687820007E-5
0.88691301579785140E-5
0.88753482679057292E-5
0.90181396454244226E-5
0.92114049283858037E-5
0.91706366809247685E-5
0.92988169136283905E-5
0.91706366809247567E-5
0.86907834037023113E-5
0.86576686392741790E-5
0.86576686392741638E-5
0.87589143800935092E-5
0.87620020087597358E-5
0.87969301644643360E-5
0.88028397671633628E-5
0.86939335329654261E-5
0.85650314648817951E-5
0.85990689809632773E-5
0.85122126003648937E-5
0.85990689809632824E-5
0.87620020087597579E-5
0.86939335329654142E-5
0.88028397671633695E-5
0.87969301644643597E-5
0.89614193572505914E-5
0.88812989381247207E-5
0.90018141420220658E-5
0.90018141420220658E-5
0.88843446960282648E-5
0.89643622641950645E-5
0.88476012399899170E-5
0.88412165338209374E-5
0.88843446960282648E-5
0.88412165338209374E-5
0.88476012399899237E-5
0.89643622641950509E-5
0.91203084016957986E-5
0.90774637352312300E-5
0.92234833653539543E-5
0.90774637352312114E-5
0.86452778389136592E-5
0.86053188637508802E-5
0.86053188637508650E-5
0.87209591333785609E-5
0.87243832582752526E-5
0.87630815783771853E-5
0.87696223010336443E-5
0.86487821396034998E-5
0.84922823446588234E-5
0.85338970028216750E-5
0.84237542423580183E-5
0.85338970028216817E-5
0.87243832582752780E-5
0.86487821396034828E-5
0.87696223010336596E-5
0.87630815783771837E-5
0.88522965101635927E-5
0.87809103962647233E-5
0.88878147255760203E-5
0.88878147255760203E-5
0.87836372816807384E-5
0.88549052326047180E-5
0.87506690264543612E-5
0.87449242354596253E-5
0.87836372816807334E-5
0.87449242354596304E-5
0.87506690264543730E-5
0.88549052326047299E-5
0.89791363585686184E-5
0.89501889115787009E-5
0.90420226840702806E-5
0.89501889115786840E-5
0.85530890197712476E-5
0.85107517967798505E-5
0.85107517967798505E-5
0.86283265841771408E-5
0.86317158434597270E-5
0.86699328791966643E-5
0.86763765734616796E-5
0.85565867309405076E-5
0.83891513118797947E-5
0.84341461806971865E-5
0.83121334779032647E-5
0.84341461806972170E-5
0.86317158434597371E-5
0.85565867309404974E-5
0.86763765734617051E-5
0.86699328791966829E-5
0.86644496823042687E-5
0.86057742250539677E-5
0.86931266670435122E-5
0.86931266670435105E-5
0.86080272951845363E-5
0.86665816143883000E-5
0.85807266490016639E-5
0.85759560001853818E-5
0.86080272951845482E-5
0.85759560001853700E-5
0.85807266490016537E-5
0.86665816143883000E-5
0.87585214185969893E-5
0.87380156436106626E-5
0.88000477300649214E-5
0.87380156436106524E-5
0.83990585676402027E-5
0.83570176844549778E-5
0.83570176844549659E-5
0.84695164042568413E-5
0.84726796459582017E-5
0.85082829255472385E-5
0.85142740206048333E-5
0.84023440169714837E-5
0.82350944166729255E-5
0.82803276906500211E-5
0.81560106444758906E-5
0.82803276906500415E-5
0.84726796459582119E-5
0.84023440169714752E-5
0.85142740206048537E-5
0.85082829255472486E-5
0.83648250013774094E-5
0.83257523869810215E-5
0.83830360546811633E-5
0.83830360546811650E-5
0.83272727657618241E-5
0.83662238800638771E-5
0.83087452510499695E-5
0.83054844078454848E-5
0.83272727657618342E-5
0.83054844078454848E-5
0.83087452510499797E-5
0.83662238800638771E-5
0.84099686409884253E-5
0.84019313427947976E-5
0.84218759836494714E-5
0.84019313427947892E-5
0.81612651846452850E-5
0.81232309957242812E-5
0.81232309957242711E-5
0.82201758132610758E-5
0.82228011499610860E-5
0.82522325922159375E-5
0.82571637679389350E-5
0.81640304267597209E-5
0.80111601016581544E-5
0.80529511083588056E-5
0.79367257581434800E-5
0.80529511083588141E-5
0.82228011499611047E-5
0.81640304267597226E-5
0.82571637679389435E-5
0.82522325922159460E-5
0.79246051559812162E-5
0.79112781427184649E-5
0.79294372400741504E-5
0.79294372400741504E-5
0.79118305235822725E-5
0.79250474300357167E-5
0.79049227536381133E-5
0.79036679987646950E-5
0.79118305235822742E-5
0.79036679987646950E-5
0.79049227536381218E-5
0.79250474300357167E-5
0.79030481883540372E-5
0.79197371900075362E-5
0.78508139030542969E-5
0.79197371900075295E-5
0.78098435922482424E-5
0.77799392420114702E-5
0.77799392420114617E-5
0.78501697023135193E-5
0.78519411489468430E-5
0.78716463275350065E-5
0.78749200246801746E-5
0.78117607452121052E-5
0.76896253227672969E-5
0.77235682530241480E-5
0.76280761789931178E-5
0.77235682530241480E-5
0.78519411489468515E-5
0.78117607452121069E-5
0.78749200246801916E-5
0.78716463275350133E-5
0.73613485118164106E-5
0.73930631320460550E-5
0.73367910946957697E-5
0.73367910946957697E-5
0.73925835048366564E-5
0.73596702208587516E-5
0.73980929295049337E-5
0.73989883217007606E-5
0.73925835048366632E-5
0.73989883217007683E-5
0.73980929295049337E-5
0.73596702208587440E-5
0.72446582818952080E-5
0.72680247388296420E-5
0.71943525774224800E-5
0.72680247388296640E-5
0.73609973349880989E-5
0.73406383860499984E-5
0.73406383860499832E-5
0.73804437319975185E-5
0.73812632058262876E-5
0.73901661668455873E-5
0.73916062642259693E-5
0.73619545496910571E-5
0.72766694212957442E-5
0.73009725447936567E-5
0.72318198257017348E-5
0.73009725447936576E-5
0.73812632058262876E-5
0.73619545496910486E-5
0.73916062642259769E-5
0.73901661668455873E-5
0.66816566281415008E-5
0.67330848636158791E-5
0.66590129371971358E-5
0.66590129371971358E-5
0.67305971039568759E-5
0.66801108641994519E-5
0.67602751132520373E-5
0.67653570384836853E-5
0.67305971039568895E-5
0.67653570384836667E-5
0.67602751132520450E-5
0.66801108641994706E-5
0.65635795638132006E-5
0.65947033938776147E-5
0.64884674588037539E-5
0.65947033938776079E-5
0.68425847858745688E-5
0.68348967265576388E-5
0.68348967265576397E-5
0.68266149080708461E-5
0.68251879523771844E-5
0.68085307776547169E-5
0.68056205777063494E-5
0.68424644283268771E-5
0.68059660572721861E-5
0.68175289522212403E-5
0.67819710540246604E-5
0.68175289522212428E-5
0.68251879523771997E-5
0.68424644283268881E-5
0.68056205777063570E-5
0.68085307776547110E-5
0.59981443172010923E-5
0.60588488893530909E-5
0.59656193103906508E-5
0.59656193103906508E-5
0.60565803639393483E-5
0.59958744588528003E-5
0.60837362474175878E-5
0.60884076329917576E-5
0.60565803639393458E-5
0.60884076329917669E-5
0.60837362474175878E-5
0.59958744588527885E-5
0.58435915830124513E-5
0.58830082817601080E-5
0.57507764249085183E-5
0.58830082817601173E-5
0.61897424307908511E-5
0.62095024841311704E-5
0.62095024841311704E-5
0.61472964974666989E-5
0.61458629904408515E-5
0.61293472110278709E-5
0.61264993784790113E-5
0.61873588539529891E-5
0.62574905607088940E-5
0.62409618306468323E-5
0.62787242724841442E-5
0.62409618306468230E-5
0.61458629904408422E-5
0.61873588539530179E-5
0.61264993784790011E-5
0.61293472110278616E-5
0.52838784655228612E-5
0.53643388313763126E-5
0.52414804103081561E-5
0.52414804103081561E-5
0.53613190833070889E-5
0.52808841455266962E-5
0.53975323391739832E-5
0.54037759633789634E-5
0.53613190833070889E-5
0.54037759633789566E-5
0.53975323391739629E-5
0.52808841455267030E-5
0.50778520808522430E-5
0.51371878457226440E-5
0.49413988292049436E-5
0.51371878457226440E-5
0.55477414039022762E-5
0.55697960754437596E-5
0.55697960754437596E-5
0.54959170938097739E-5
0.54935155556450713E-5
0.54660463684316991E-5
0.54613451918398660E-5
0.55453961054711808E-5
0.56265004783188661E-5
0.56064600858057015E-5
0.56544270057225310E-5
0.56064600858056964E-5
0.54935155556450560E-5
0.55453961054711960E-5
0.54613451918398660E-5
0.54660463684316949E-5
0.45290083659813054E-5
0.46407579983946081E-5
0.44708416803746740E-5
0.44708416803746740E-5
0.46365423684932221E-5
0.45248711865838979E-5
0.46872176126600129E-5
0.46959820549238410E-5
0.46365423684932272E-5
0.46959820549238410E-5
0.46872176126600129E-5
0.45248711865838979E-5
0.42908496391618865E-5
0.43428048926866842E-5
0.41695543374568257E-5
0.43428048926866978E-5
0.49113820167860949E-5
0.49425869493018164E-5
0.49425869493018104E-5
0.48401289643901155E-5
0.48362088205393878E-5
0.47916239563844870E-5
0.47840386909477628E-5
0.49084381075663988E-5
0.50276446436547143E-5
0.49968193889508637E-5
0.50749183265991014E-5
0.49968193889508578E-5
0.48362088205393573E-5
0.49084381075664115E-5
0.47840386909477534E-5
0.47916239563844810E-5
0.38476521913407532E-5
0.39415858659896101E-5
0.37987625748310629E-5
0.37987625748310629E-5
0.39380324607246958E-5
0.38441843710043840E-5
0.39808031717845209E-5
0.39882132570656378E-5
0.39380324607246958E-5
0.39882132570656335E-5
0.39808031717845090E-5
0.38441843710043840E-5
0.36240788307794785E-5
0.36849775181192214E-5
0.34799898613476749E-5
0.36849775181192290E-5
0.41993233638060102E-5
0.42474497109996889E-5
0.42474497109996805E-5
0.41119164323551531E-5
0.41085155657260997E-5
0.40699638155211418E-5
0.40634276068174430E-5
0.41950239994796061E-5
0.43815401519103342E-5
0.43325482704505974E-5
0.44609198163358992E-5
0.43325482704505711E-5
0.41085155657260904E-5
0.41950239994796451E-5
0.40634276068174303E-5
0.40699638155211215E-5
0.32040351912368355E-5
0.33189910217125002E-5
0.31445104827077234E-5
0.31445104827077234E-5
0.33146349193388781E-5
0.31998001354679120E-5
0.33670993082064663E-5
0.33761954065423904E-5
0.33146349193388739E-5
0.33761954065423942E-5
0.33670993082064486E-5
0.31998001354679192E-5
0.29507936024870072E-5
0.30084570828910097E-5
0.28237297411801660E-5
0.30084570828910266E-5
0.36280131781841454E-5
0.36676403936889814E-5
0.36676403936889886E-5
0.35336149048650542E-5
0.35292395826322527E-5
0.34796806590611280E-5
0.34712857456844737E-5
0.36243284969082194E-5
0.37792493689379739E-5
0.37381794807383249E-5
0.38483764695971882E-5
0.37381794807383101E-5
0.35292395826322311E-5
0.36243284969082300E-5
0.34712857456844593E-5
0.34796806590611212E-5
0.26737092686913276E-5
0.27777350394145094E-5
0.26178347516020644E-5
0.26178347516020644E-5
0.27742433900125811E-5
0.26697393010184706E-5
0.28163381065223915E-5
0.28236466362255591E-5
0.27742433900125769E-5
0.28236466362255527E-5
0.28163381065223762E-5
0.26697393010184769E-5
0.24270847718720021E-5
0.24880495404004076E-5
0.22908773473382754E-5
0.24880495404004368E-5
0.30275417116108963E-5
0.30721710712242340E-5
0.30721710712242378E-5
0.29486241169474481E-5
0.29451355804582286E-5
0.29057595218782036E-5
0.28991136387626969E-5
0.30232831278700352E-5
0.31984249265337542E-5
0.31518149134062411E-5
0.32780317881146827E-5
0.31518149134062220E-5
0.29451355804582172E-5
0.30232831278700657E-5
0.28991136387626880E-5
0.29057595218782010E-5
0.21804340081584007E-5
0.22678396312673113E-5
0.21371749268353409E-5
0.21371749268353468E-5
0.22640838692833892E-5
0.21773727576297456E-5
0.23094768708248867E-5
0.23173825431166143E-5
0.22640838692833989E-5
0.23173825431166105E-5
0.23094768708248795E-5
0.21773727576297396E-5
0.19791490488252670E-5
0.20328119902852988E-5
0.18591471971572865E-5
0.20328119902853077E-5
0.25388357805431145E-5
0.25796445550735544E-5
0.25796445550735561E-5
0.24537087910206212E-5
0.24498786403590417E-5
0.24067350470461912E-5
0.23994701125176096E-5
0.25348757651785814E-5
0.26959829568188895E-5
0.26528558676246895E-5
0.27669798365503038E-5
0.26528558676246810E-5
0.24498786403590260E-5
0.25348757651786055E-5
0.23994701125175918E-5
0.24067350470461815E-5
0.17771836901797912E-5
0.18734295819804995E-5
0.17279282201659902E-5
0.17279282201659957E-5
0.18697525166119036E-5
0.17736712406947575E-5
0.19141820698162661E-5
0.19219159022331285E-5
0.18697525166119063E-5
0.19219159022331255E-5
0.19141820698162521E-5
0.17736712406947575E-5
0.15679102374455989E-5
0.16152919727943463E-5
0.14649781345589435E-5
0.16152919727943540E-5
0.21376864082838709E-5
0.21676457764773643E-5
0.21676457764773643E-5
0.20555465976839846E-5
0.20518123343135505E-5
0.20096269811889613E-5
0.20025026934905683E-5
0.21342143450233392E-5
0.22515448977607572E-5
0.22205838096984291E-5
0.23061390034648343E-5
0.22205838096984147E-5
0.20518123343135221E-5
0.21342143450233621E-5
0.20025026934905572E-5
0.20096269811889419E-5
0.14514076724292563E-5
0.15165855012606278E-5
0.14181611474215910E-5
0.14181611474215910E-5
0.15140816535916465E-5
0.14490401113961932E-5
0.15439451966510407E-5
0.15482730531413529E-5
0.15140816535916278E-5
0.15482730531413417E-5
0.15439451966510174E-5
0.14490401113962030E-5
0.13017678543976013E-5
0.13400965943079086E-5
0.12162534488563156E-5
0.13400965943079183E-5
0.16656410718086236E-5
0.16903027106137091E-5
0.16903027106136913E-5
0.16200805075140718E-5
0.16180644541637969E-5
0.15954659143824377E-5
0.15916779906112344E-5
0.16631977798555275E-5
0.17613463716923623E-5
0.17347085814467546E-5
0.18072235364004116E-5
0.17347085814467474E-5
0.16180644541637743E-5
0.16631977798555432E-5
0.15916779906112178E-5
0.15954659143824305E-5
0.11824316915243032E-5
0.12269959140979563E-5
0.11597888412191363E-5
0.11597888412191454E-5
0.12252773466619835E-5
0.11808188311233456E-5
0.12466001689399898E-5
0.12511686778838803E-5
0.12252773466619659E-5
0.12511686778838693E-5
0.12466001689399741E-5
0.11808188311233420E-5
0.10739015872224799E-5
0.11047107933661887E-5
0.10047443617821508E-5
0.11047107933661993E-5
0.13829838991405516E-5
0.14048874216204414E-5
0.14048874216204289E-5
0.13313259907269225E-5
0.13290284049752608E-5
0.13033399804970998E-5
0.12990497489826637E-5
0.13805493293158313E-5
0.14676654884885823E-5
0.14442033412647505E-5
0.15049486785829666E-5
0.14442033412647533E-5
0.13290284049752407E-5
0.13805493293158451E-5
0.12990497489826569E-5
0.13033399804970847E-5
0.95630668188530131E-6
0.10009462062906576E-5
0.93405389201510314E-6
0.93405389201509456E-6
0.99921218663559558E-6
0.95470623935624408E-6
0.10203215017999796E-5
0.10240314611927880E-5
0.99921218663558033E-6
0.10240314611927779E-5
0.10203215017999743E-5
0.95470623935625572E-6
0.86491719903398709E-6
0.88526972897626720E-6
0.81780610184783480E-6
0.88526972897626816E-6
0.11249149443267735E-5
0.11393748114789756E-5
0.11393748114789758E-5
0.10897393462588475E-5
0.10878535189943455E-5
0.10667606502933111E-5
0.10632362246051804E-5
0.11232808109063890E-5
0.11800443541479729E-5
0.11649751554607546E-5
0.12084533208718047E-5
0.11649751554607495E-5
0.10878535189943256E-5
0.11232808109064097E-5
0.10632362246051586E-5
0.10667606502933064E-5
0.76924352881476683E-6
0.79723700943826063E-6
0.75491179123470781E-6
0.75491179123470781E-6
0.79615453658464462E-6
0.76823496145584400E-6
0.80930508411315761E-6
0.81161018869021644E-6
0.79615453658464102E-6
0.81161018869020934E-6
0.80930508411315348E-6
0.76823496145584644E-6
0.69664881739944928E-6
0.71562245284486973E-6
0.65348645126861294E-6
0.71562245284487121E-6
0.88371058914169451E-6
0.89874668127007529E-6
0.89874668127006036E-6
0.85161970644348955E-6
0.85048406981094740E-6
0.83774409890137543E-6
0.83560863582300471E-6
0.88218117673618683E-6
0.94137870597974177E-6
0.92558019375526510E-6
0.96858603304154080E-6
0.92558019375527516E-6
0.85048406981093068E-6
0.88218117673618938E-6
0.83560863582299328E-6
0.83774409890136368E-6
0.59070184809125811E-6
0.61737587381084034E-6
0.57751083354663874E-6
0.57751083354663874E-6
0.61634544721190185E-6
0.58973958684038762E-6
0.62885994721539677E-6
0.63105288082862750E-6
0.61634544721188544E-6
0.63105288082862146E-6
0.62885994721539434E-6
0.58973958684038942E-6
0.54152690548403899E-6
0.55344623895694911E-6
0.51343351527139683E-6
0.55344623895695790E-6
0.69018869810841858E-6
0.69895376359362302E-6
0.69895376359362577E-6
0.67010781048513389E-6
0.66898946771677874E-6
0.65645877134161488E-6
0.65436091185686998E-6
0.68931517265276011E-6
0.72393107522203003E-6
0.71465598719002805E-6
0.74089440594093566E-6
0.71465598719002159E-6
0.66898946771677229E-6
0.68931517265276201E-6
0.65436091185686744E-6
0.65645877134160387E-6
0.45298707051640210E-6
0.46780176984667603E-6
0.44546956478791416E-6
0.44546956478792147E-6
0.46723007060622484E-6
0.45245166990648484E-6
0.47417262754156848E-6
0.47538920545625964E-6
0.46723007060622653E-6
0.47538920545624805E-6
0.47417262754155943E-6
0.45245166990648611E-6
0.41375847285861949E-6
0.42498715084260300E-6
0.38797521685630533E-6
0.42498715084259659E-6
0.51392758597136814E-6
0.52427486670660430E-6
0.52427486670659329E-6
0.49609944212294492E-6
0.49551143674690110E-6
0.48893260948735397E-6
0.48783268262634559E-6
0.51301694422701971E-6
0.55409014595190384E-6
0.54302896623224698E-6
0.57376959535135747E-6
0.54302896623224804E-6
0.49551143674688903E-6
0.51301694422702956E-6
0.48783268262634368E-6
0.48893260948735143E-6
0.33107389579079166E-6
0.34651177366752430E-6
0.32334365800631761E-6
0.32334365800631062E-6
0.34591314326294060E-6
0.33051940520335777E-6
0.35319459627437912E-6
0.35447293287570477E-6
0.34591314326293610E-6
0.35447293287570942E-6
0.35319459627438489E-6
0.33051940520335867E-6
0.30190209473950693E-6
0.30811880199555824E-6
0.28743894518984827E-6
0.30811880199556460E-6
0.38355217176209625E-6
0.38954654043648321E-6
0.38954654043648067E-6
0.37296987956767759E-6
0.37249436013947055E-6
0.36716943109903983E-6
0.36627872837596813E-6
0.38305245058199980E-6
0.40686721132834897E-6
0.40044932027609720E-6
0.41840174216178775E-6
0.40044932027609074E-6
0.37249436013946795E-6
0.38305245058200086E-6
0.36627872837596692E-6
0.36716943109903819E-6
0.24246405001341429E-6
0.25040191794924636E-6
0.23845296088252502E-6
0.23845296088252502E-6
0.25009427541069756E-6
0.24217914191544057E-6
0.25383275408247854E-6
0.25448809017973838E-6
0.25009427541069465E-6
0.25448809017973018E-6
0.25383275408247060E-6
0.24217914191544115E-6
0.22385611529357308E-6
0.22858015223320699E-6
0.21286696300575482E-6
0.22858015223320738E-6
0.28147682670618929E-6
0.28771042918246942E-6
0.28771042918246767E-6
0.27044055767076210E-6
0.26993793361390472E-6
0.26426594346112232E-6
0.26330910690143854E-6
0.28096207941737492E-6
0.30093077503884497E-6
0.29636159153272680E-6
0.30910691081842362E-6
0.29636159153272664E-6
0.26993793361390249E-6
0.28096207941738292E-6
0.26330910690143775E-6
0.26426594346112127E-6
0.18044985495880888E-6
0.18448703415338130E-6
0.17835864851475112E-6
0.17835864851475112E-6
0.18433103852648409E-6
0.18030388943925651E-6
0.18622841883403152E-6
0.18656172561159290E-6
0.18433103852648258E-6
0.18656172561159165E-6
0.18622841883403096E-6
0.18030388943925717E-6
0.16660572183269929E-6
0.17052545662772684E-6
0.15795549337437594E-6
0.17052545662772078E-6
0.19757584960503683E-6
0.20023748080209008E-6
0.20023748080208905E-6
0.19322018770367296E-6
0.19302361389344513E-6
0.19082750821370534E-6
0.19046079339096785E-6
0.19736633877372807E-6
0.21263009729069737E-6
0.20770152135348593E-6
0.22128749376475288E-6
0.20770152135347963E-6
0.19302361389343727E-6
0.19736633877373503E-6
0.19046079339096737E-6
0.19082750821370459E-6
0.13003983439716292E-6
0.13437191411073353E-6
0.12789448608854293E-6
0.12789448608854293E-6
0.13420274010982400E-6
0.12988554468198071E-6
0.13618356808364749E-6
0.13644354144286814E-6
0.13420274010982299E-6
0.13644354144286761E-6
0.13618356808364717E-6
0.12988554468198089E-6
0.12410318677148817E-6
0.12519282739401260E-6
0.12150624902498086E-6
0.12519282739401890E-6
0.14616989688136937E-6
0.14850145280360471E-6
0.14850145280360410E-6
0.14225262465898984E-6
0.14207543225639159E-6
0.14010325804183941E-6
0.13977586481563230E-6
0.14598184464339639E-6
0.15530912170424989E-6
0.15278282731911549E-6
0.15996512646020674E-6
0.15278282731911551E-6
0.14207543225639683E-6
0.14598184464339681E-6
0.13977586481563204E-6
0.14010325804183303E-6
0.10627668204338211E-6
0.10748236375914541E-6
0.10564102072848732E-6
0.10564102072848732E-6
0.10743690043833480E-6
0.10623217368700620E-6
0.10806185094105735E-6
0.10825561589911481E-6
0.10743690043833422E-6
0.10825561589911435E-6
0.10806185094105714E-6
0.10623217368700632E-6
0.10326158060630375E-6
0.10403614678607877E-6
0.10142162384345326E-6
0.10403614678607893E-6
0.11344219875252405E-6
0.11419834649912975E-6
0.11419834649912940E-6
0.11215300134495426E-6
0.11204254165822295E-6
0.11078289920570433E-6
0.11056783584318157E-6
0.11338545954649483E-6
0.11641280355616420E-6
0.11558436826989958E-6
0.11838494801547526E-6
0.11558436826990571E-6
0.11204254165821638E-6
0.11338545954649517E-6
0.11056783584318141E-6
0.11078289920570998E-6
0.88589754326482413E-7
0.89142688822437333E-7
0.88311945117385018E-7
0.88311945117385018E-7
0.89121299419676152E-7
0.88569835528458405E-7
0.89381241812409204E-7
0.89426830304870851E-7
0.89121299419676007E-7
0.89426830304870573E-7
0.89381241812409071E-7
0.88569835528458458E-7
0.87395017602883050E-7
0.87693718909362648E-7
0.86680305850683025E-7
0.87693718909362648E-7
0.92297683186021285E-7
0.93405982090886659E-7
0.93405982090886460E-7
0.90583481209529676E-7
0.90547614063675663E-7
0.90147582922957884E-7
0.90080943669235149E-7
0.92209305502959757E-7
0.95561373338963085E-7
0.94797518874058723E-7
0.97347356203981137E-7
0.94797518874058577E-7
0.90547614063675292E-7
0.92209305502965659E-7
0.90080943669235070E-7
0.90147582922952074E-7
0.78790550410150032E-7
0.78961637780610036E-7
0.78702126272725252E-7
0.78702126272725252E-7
0.78955241114427833E-7
0.78784139043150029E-7
0.79031942050084175E-7
0.79045172513045440E-7
0.78955241114427728E-7
0.79045172513050946E-7
0.79031942050089641E-7
0.78784139043150056E-7
0.78455650592742829E-7
0.78541849686442817E-7
0.77707076572567042E-7
0.78541849686443042E-7
0.79659241030116507E-7
0.79871472063230843E-7
0.79871472063230751E-7
0.79454509336045351E-7
0.79441476169160774E-7
0.79295961645749346E-7
0.79271688441921576E-7
0.79646086148607515E-7
0.81456651637530760E-7
0.80861381815846800E-7
0.82382995118667211E-7
0.80861381815840857E-7
0.79441476169166227E-7
0.79646086148607634E-7
0.79271688441921550E-7
0.79295961645749082E-7
0.72527773189880828E-7
0.72653993666190762E-7
0.72465548078322208E-7
0.72465548078322420E-7
0.72649331630455332E-7
0.72523035256389847E-7
0.72704574081333260E-7
0.72713929643099673E-7
0.72649331630455517E-7
0.72713929643099673E-7
0.72704574081327767E-7
0.72523035256389847E-7
0.72075568352991846E-7
0.72300052327042527E-7
0.72135888257272423E-7
0.72300052327042725E-7
0.73017166390001237E-7
0.73138123021790954E-7
0.73138123021790914E-7
0.72953351584103843E-7
0.72946223107946142E-7
0.72864933056888923E-7
0.72851086674191801E-7
0.73011005256035927E-7
0.73505460896845813E-7
0.73354808759800851E-7
0.74407145136688349E-7
0.73354808759806000E-7
0.72946223107940610E-7
0.73011005256030607E-7
0.72851086674191589E-7
0.72864933056888923E-7
0.68791798388123659E-7
0.68744682303130072E-7
0.68814751463015282E-7
0.68814751463015282E-7
0.68746663840740308E-7
0.68793319404925786E-7
0.68721829430320676E-7
0.68717312665949982E-7
0.68746663840740308E-7
0.68717312665944635E-7
0.68721829430320676E-7
0.68793319404925786E-7
0.68810254529301704E-7
0.68740728458844391E-7
0.69014795849682556E-7
0.68740728458844391E-7
0.68606519287848466E-7
0.68630969228090403E-7
0.68630969228090403E-7
0.68649556074581344E-7
0.68651447186675464E-7
0.68672420519746811E-7
0.68675887129390066E-7
0.68608559618774023E-7
0.68711352357190689E-7
0.68681732746174855E-7
0.68912918538644447E-7
0.68681732746169415E-7
0.68651447186675266E-7
0.68608559618779635E-7
0.68675887129389867E-7
0.68672420519752184E-7
0.66330580419993133E-7
0.66245602717285137E-7
0.66350655648381250E-7
0.66350655648381250E-7
0.66248994672346435E-7
0.66333530716560286E-7
0.66207239863569583E-7
0.66199799772568345E-7
0.66248994672346435E-7
0.66199799772568159E-7
0.66207239863574824E-7
0.66333530716560286E-7
0.66559392119786870E-7
0.66470423280364119E-7
0.66803895650243143E-7
0.66470423280364304E-7
0.65973726596222023E-7
0.65961367391235054E-7
0.65961367391235054E-7
0.66066579672978304E-7
0.66070569231771979E-7
0.66114381674843932E-7
0.66121554722451816E-7
0.65978223328862287E-7
0.65929819692695485E-7
0.65942484375707265E-7
0.66020977689429473E-7
0.65942484375707080E-7
0.66070569231771807E-7
0.65978223328857179E-7
0.66121554722451988E-7
0.66114381674838850E-7
0.64450400765156036E-7
0.64334175122604616E-7
0.64492304684876652E-7
0.64492304684876652E-7
0.64338697208815423E-7
0.64454564662516558E-7
0.64283574400462657E-7
0.64273867652316713E-7
0.64338697208815595E-7
0.64273867652316541E-7
0.64283574400462657E-7
0.64454564662516558E-7
0.64833477356014174E-7
0.64723938871540566E-7
0.65115677923665783E-7
0.64723938871540566E-7
0.63995927289182606E-7
0.63960262053942270E-7
0.63960262053942098E-7
0.64107761187500008E-7
0.64112610384333750E-7
0.64166199997084835E-7
0.64175041428326000E-7
0.64001307205760033E-7
0.63858435751158722E-7
0.63897218230500194E-7
0.63899872142913988E-7
0.63897218230505223E-7
0.64112610384333750E-7
0.64001307205765221E-7
0.64175041428331320E-7
0.64166199997084835E-7
0.62999582200351695E-7
0.62847258774380936E-7
0.63090387510602067E-7
0.63090387510602067E-7
0.62853134947995738E-7
0.63005091853621394E-7
0.62781767608243786E-7
0.62769258131124360E-7
0.62853134947990695E-7
0.62769258131124188E-7
0.62781767608238743E-7
0.63005091853621394E-7
0.63501196218734510E-7
0.63368391120002709E-7
0.63823582789833655E-7
0.63368391120002881E-7
0.62409402079274028E-7
0.62351191388320566E-7
0.62351191388320566E-7
0.62550209639908263E-7
0.62556460041556504E-7
0.62626431800922640E-7
0.62638141279083661E-7
0.62416039712411834E-7
0.62182484835003216E-7
0.62246067338786913E-7
0.62186242333051267E-7
0.62246067338786913E-7
0.62556460041566655E-7
0.62416039712406739E-7
0.62638141279078592E-7
0.62626431800922640E-7
0.61816484933182893E-7
0.61637837487609766E-7
0.61925672834273358E-7
0.61925672834273358E-7
0.61644713913676518E-7
0.61822961568494409E-7
0.61561286243827986E-7
0.61546682992474698E-7
0.61644713913681495E-7
0.61546682992474539E-7
0.61561286243827827E-7
0.61822961568494409E-7
0.62399030648757666E-7
0.62246558383937588E-7
0.62748946226652402E-7
0.62246558383932479E-7
0.61092745708517773E-7
0.61019275826902207E-7
0.61019275826902048E-7
0.61269166343549573E-7
0.61277111788306412E-7
0.61366715201087125E-7
0.61381826397397714E-7
0.61100951697898417E-7
0.60805214558920292E-7
0.60885940386478066E-7
0.60779421905526180E-7
0.60885940386477907E-7
0.61277111788301409E-7
0.61100951697898417E-7
0.61381826397397714E-7
0.61366715201086966E-7
0.60717313720576114E-7
0.60520411039055892E-7
0.60832612958930984E-7
0.60832612958930984E-7
0.60527912677091109E-7
0.60724536837465029E-7
0.60437273323515524E-7
0.60421487967093596E-7
0.60527912677091109E-7
0.60421487967098533E-7
0.60437273323515524E-7
0.60724536837464870E-7
0.61360723386948000E-7
0.61190804635600645E-7
0.61737890187537678E-7
0.61190804635595748E-7
0.59899450704026605E-7
0.59822108690089613E-7
0.59822108690089613E-7
0.60103618679876789E-7
0.60112822482730039E-7
0.60216689096463830E-7
0.60234220676580073E-7
0.59908940740154996E-7
0.59596175519028034E-7
0.59681902355141744E-7
0.59556839630189112E-7
0.59681902355136609E-7
0.60112822482730039E-7
0.59908940740155142E-7
0.60234220676580073E-7
0.60216689096463830E-7
0.59668756819271315E-7
0.59444372290131700E-7
0.59793373626364494E-7
0.59793373626364494E-7
0.59452847425885682E-7
0.59677065686238959E-7
0.59350823851756784E-7
0.59333139106861532E-7
0.59452847425880937E-7
0.59333139106856483E-7
0.59350823851756936E-7
0.59677065686238959E-7
0.60366917962641871E-7
0.60182481335864790E-7
0.60769080659989986E-7
0.60182481335869515E-7
0.58743208277565291E-7
0.58665622366826659E-7
0.58665622366826507E-7
0.58974168225313202E-7
0.58984582627025815E-7
0.59102126955372163E-7
0.59121969970028105E-7
0.58753940900293299E-7
0.58440451659904596E-7
0.58526215786963875E-7
0.58392397718256128E-7
0.58526215786968653E-7
0.58984582627030725E-7
0.58753940900298216E-7
0.59121969970027953E-7
0.59102126955372011E-7
0.58643677200404434E-7
0.58382995108474258E-7
0.58784242628076515E-7
0.58784242628076370E-7
0.58392789578691395E-7
0.58653377785329800E-7
0.58275197112341487E-7
0.58254886124358510E-7
0.58392789578696272E-7
0.58254886124358364E-7
0.58275197112341487E-7
0.58653377785329800E-7
0.59394384818595026E-7
0.59197663285052891E-7
0.59820883736054203E-7
0.59197663285052746E-7
0.57613333075131880E-7
0.57539489350664662E-7
0.57539489350664662E-7
0.57863894440541671E-7
0.57875160137960185E-7
0.58002105243446199E-7
0.58023496861725682E-7
0.57625005682523545E-7
0.57327440811037570E-7
0.57408499889648363E-7
0.57276139611400310E-7
0.57408499889648363E-7
0.57875160137955302E-7
0.57625005682523690E-7
0.58023496861725682E-7
0.58002105243446199E-7
0.57612108361181977E-7
0.57319347909710725E-7
0.57768814278231006E-7
0.57768814278231006E-7
0.57330370993199537E-7
0.57622979173225241E-7
0.57197901438340952E-7
0.57174992789787607E-7
0.57330370993199537E-7
0.57174992789792345E-7
0.57197901438340800E-7
0.57622979173225241E-7
0.58425798763850386E-7
0.58214268322403001E-7
0.58876186470770090E-7
0.58214268322403153E-7
0.56501902068187648E-7
0.56433455111587124E-7
0.56433455111587124E-7
0.56763327859932880E-7
0.56775047516169969E-7
0.56906891834949191E-7
0.56929069320447889E-7
0.56514112129451365E-7
0.56241286029187801E-7
0.56314682306720718E-7
0.56193131049147741E-7
0.56314682306715834E-7
0.56775047516174998E-7
0.56514112129446482E-7
0.56929069320448034E-7
0.56906891834949046E-7
0.56576507933368795E-7
0.56251480591195870E-7
0.56752500172201439E-7
0.56752500172201439E-7
0.56263729995038419E-7
0.56588562639862708E-7
0.56116478417182445E-7
0.56091004595851147E-7
0.56263729995038419E-7
0.56091004595846244E-7
0.56116478417182445E-7
0.56588562639862708E-7
0.57446978036244121E-7
0.57223879701141026E-7
0.57914562180969925E-7
0.57223879701140880E-7
0.55397582468977595E-7
0.55334614378213672E-7
0.55334614378213672E-7
0.55663946635685691E-7
0.55675892219834643E-7
0.55810306150121952E-7
0.55832920824470076E-7
0.55410019182007396E-7
0.55160928228408592E-7
0.55227313208918929E-7
0.55123895567819244E-7
0.55227313208923826E-7
0.55675892219829892E-7
0.55410019182007396E-7
0.55832920824470215E-7
0.55810306150126994E-7
0.55533750367453374E-7
0.55177851834019519E-7
0.55731996056167566E-7
0.55731996056167566E-7
0.55191288186210148E-7
0.55547127700348816E-7
0.55029655668675373E-7
0.55001669864963843E-7
0.55191288186205198E-7
0.55001669864963843E-7
0.55029655668675373E-7
0.55547127700348816E-7
0.56452982866268182E-7
0.56221751853424442E-7
0.56930653830700432E-7
0.56221751853424442E-7
0.54286703852082987E-7
0.54228167810932308E-7
0.54228167810932308E-7
0.54558606991596761E-7
0.54570805520275231E-7
0.54708091065717218E-7
0.54731193338671686E-7
0.54299394758138158E-7
0.54069484981106062E-7
0.54130201837865837E-7
0.54047127717518564E-7
0.54130201837860914E-7
0.54570805520280452E-7
0.54299394758143088E-7
0.54731193338671963E-7
0.54708091065712275E-7
0.54484554694641507E-7
0.54090743629289349E-7
0.54694373349295043E-7
0.54694373349295043E-7
0.54105209649005919E-7
0.54499996565176544E-7
0.53931050253217427E-7
0.53900864563550889E-7
0.54105209649011227E-7
0.53900864563550889E-7
0.53931050253217427E-7
0.54499996565176544E-7
0.55429349968226827E-7
0.55194356106406422E-7
0.55908104897737147E-7
0.55194356106406719E-7
0.53163478675186021E-7
0.53108975482815256E-7
0.53108975482815256E-7
0.53441456637430246E-7
0.53453940553129625E-7
0.53594534009826047E-7
0.53618211896469915E-7
0.53176442810800836E-7
0.52963667195848966E-7
0.53019419730055432E-7
0.52958451314679243E-7
0.53019419730060130E-7
0.53453940553124622E-7
0.53176442810795847E-7
0.53618211896470199E-7
0.53594534009826325E-7
0.53417268150955824E-7
0.52992704286870963E-7
0.53632118290273735E-7
0.53632118290273735E-7
0.53007777523349351E-7
0.53432506989339843E-7
0.52826059332825094E-7
0.52794506114373792E-7
0.53007777523349351E-7
0.52794506114373508E-7
0.52826059332825094E-7
0.53432506989339843E-7
0.54368709210417773E-7
0.54133439169867862E-7
0.54847093099012290E-7
0.54133439169867862E-7
0.52023038913985192E-7
0.51969393609963735E-7
0.51969393609963735E-7
0.52312494944215946E-7
0.52325543324999764E-7
0.52472790668077354E-7
0.52497642970085397E-7
0.52036492936283633E-7
0.51832308357764670E-7
0.51884310332224787E-7
0.51845070691461967E-7
0.51884310332219732E-7
0.52325543325000042E-7
0.52036492936288430E-7
0.52497642970085397E-7
0.52472790668077354E-7
0.52349697765676930E-7
0.51906256485837641E-7
0.52569638220063611E-7
0.52569638220063611E-7
0.51924512965659998E-7
0.52365360212501801E-7
0.51721591212141959E-7
0.51689079560467893E-7
0.51924512965659998E-7
0.51689079560467893E-7
0.51721591212141959E-7
0.52365360212501801E-7
0.53300460204546733E-7
0.53067303809296156E-7
0.53773556278464364E-7
0.53067303809296156E-7
0.50873872334572993E-7
0.50815672700750977E-7
0.50815672700750977E-7
0.51180641329600923E-7
0.51194484138761431E-7
0.51350765488778849E-7
0.51377154019421380E-7
0.50888116431445254E-7
0.50668724479941904E-7
0.50723972465245561E-7
0.50687906544602434E-7
0.50723972465250729E-7
0.51194484138761709E-7
0.50888116431439788E-7
0.51377154019421380E-7
0.51350765488779134E-7
0.51283111480507394E-7
0.50846175495141511E-7
0.51507842262442097E-7
0.51507842262442097E-7
0.50862766390174698E-7
0.51299187357794636E-7
0.50645379267591704E-7
0.50604904030570363E-7
0.50862766390169576E-7
0.50604904030570363E-7
0.50645379267591704E-7
0.51299187357794636E-7
0.52227415909191896E-7
0.51997930306585082E-7
0.52690438615518810E-7
0.51997930306579602E-7
0.49718883371013245E-7
0.49654524158931992E-7
0.49654524158931992E-7
0.50044162416256025E-7
0.50058846184101813E-7
0.50224649448230141E-7
0.50252650325789076E-7
0.49733980947283632E-7
0.49491695239231495E-7
0.49552649939750554E-7
0.49510718804601826E-7
0.49552649939745519E-7
0.50058846184101813E-7
0.49733980947288972E-7
0.50252650325789360E-7
0.50224649448230141E-7
0.50202380730829315E-7
0.49756368189613676E-7
0.50430559055453684E-7
0.50430559055453684E-7
0.49773302487173132E-7
0.50218791896205087E-7
0.49569070310655509E-7
0.49533591608178766E-7
0.49773302487173132E-7
0.49533591608178766E-7
0.49569070310655509E-7
0.50218791896205087E-7
0.51127752081584506E-7
0.50905703897981417E-7
0.51572283475716845E-7
0.50905703897987419E-7
0.48543491434796598E-7
0.48472519932991322E-7
0.48472519932991322E-7
0.48888557111381964E-7
0.48904150503559916E-7
0.49082450779891743E-7
0.49120716728361933E-7
0.48559492786577542E-7
0.48292185447429513E-7
0.48359551236527892E-7
0.48308100639355831E-7
0.48359551236533391E-7
0.48904150503559916E-7
0.48559492786577542E-7
0.49120716728361933E-7
0.49082450779891743E-7
0.49067831686123748E-7
0.48616607675641417E-7
0.49297335722019029E-7
0.49297335722019029E-7
0.48633731474060777E-7
0.49084443393488544E-7
0.48427256499316376E-7
0.48391397459924839E-7
0.48633731474066660E-7
0.48391397459924839E-7
0.48427256499316376E-7
0.49084443393488544E-7
0.49958809747963417E-7
0.49748324284402887E-7
0.50377717589760495E-7
0.49748324284396911E-7
0.47321614997862339E-7
0.47241150632075534E-7
0.47241150632075249E-7
0.47724809963016607E-7
0.47746370031543462E-7
0.47988564386183901E-7
0.48021127421221737E-7
0.47338592623952395E-7
0.47037936307550808E-7
0.47113110870060393E-7
0.47050177777077265E-7
0.47113110870054649E-7
0.47746370031543462E-7
0.47338592623946896E-7
0.48021127421221737E-7
0.47988564386184198E-7
0.47848155131582207E-7
0.47393542863656724E-7
0.48077480095218701E-7
0.48077480095218701E-7
0.47410810204374842E-7
0.47864874787735828E-7
0.47202534201301787E-7
0.47166347436986734E-7
0.47410810204375146E-7
0.47166347436986734E-7
0.47202534201302098E-7
0.47864874787735828E-7
0.48697730096018434E-7
0.48500394820887321E-7
0.49171361227467432E-7
0.48500394820893647E-7
0.46072013807927155E-7
0.45941178837949993E-7
0.45941178837949993E-7
0.46537203591415335E-7
0.46554826620594941E-7
0.46753753227980321E-7
0.46787335317275611E-7
0.46095273983153069E-7
0.45703412755681650E-7
0.45791124584689813E-7
0.45706796725587383E-7
0.45791124584689813E-7
0.46554826620594941E-7
0.46095273983158879E-7
0.46787335317275611E-7
0.46753753227980321E-7
0.46525489841943432E-7
0.46075036585156101E-7
0.46750542417355678E-7
0.46750542417355678E-7
0.46092190884972825E-7
0.46542005286655582E-7
0.45885068239525200E-7
0.45849036818752867E-7
0.46092190884972825E-7
0.45849036818752867E-7
0.45885068239525517E-7
0.46542005286655582E-7
0.47460925828267319E-7
0.47186581043239920E-7
0.47932953219193126E-7
0.47186581043233164E-7
0.44804511348607305E-7
0.44670276747548091E-7
0.44670276747548091E-7
0.45205822923271707E-7
0.45223935544149024E-7
0.45428461089097714E-7
0.45463003858689351E-7
0.44823144084072920E-7
0.44286539110960919E-7
0.44386214040195399E-7
0.44280987897771522E-7
0.44386214040195399E-7
0.45223935544149024E-7
0.44823144084073225E-7
0.45463003858689662E-7
0.45428461089097714E-7
0.45042721357514577E-7
0.44622213382668739E-7
0.45353304625895416E-7
0.45353304625895416E-7
0.44638035844456002E-7
0.45065536202584677E-7
0.44446168926582861E-7
0.44412605450448083E-7
0.44638035844456002E-7
0.44412605450448083E-7
0.44446168926582861E-7
0.45065536202584677E-7
0.46052966684121815E-7
0.45882629045214737E-7
0.46409066328245910E-7
0.45882629045222056E-7
0.43355814594687613E-7
0.43245431208428083E-7
0.43245431208428083E-7
0.43766961390113546E-7
0.43785481107537565E-7
0.43994390285685600E-7
0.44029636003329628E-7
0.43374938375500991E-7
0.42858627937686976E-7
0.43047029171876896E-7
0.42775295123376552E-7
0.43047029171876585E-7
0.43785481107537565E-7
0.43374938375500991E-7
0.44029636003322514E-7
0.43994390285692707E-7
0.43773600651951132E-7
0.43199496677467865E-7
0.43941310252027324E-7
0.43941310252027324E-7
0.43222265284396411E-7
0.43785811172579034E-7
0.42944561307811840E-7
0.42907683443614776E-7
0.43222265284396768E-7
0.42907683443614776E-7
0.42944561307811840E-7
0.43785811172579034E-7
0.44459545138511129E-7
0.44292627633547963E-7
0.44824380960446642E-7
0.44292627633547963E-7
0.41835449690256332E-7
0.41708579788761595E-7
0.41708579788761595E-7
0.42259587340207461E-7
0.42278707613096695E-7
0.42494440412944746E-7
0.42530842187127837E-7
0.41855159998272448E-7
0.41374404452674888E-7
0.41497221157051832E-7
0.41262124395245137E-7
0.41497221157051832E-7
0.42278707613097039E-7
0.41855159998272448E-7
0.42530842187127837E-7
0.42494440412936951E-7
0.42158154497733357E-7
0.41893023196985129E-7
0.42291909774667918E-7
0.42291909774676858E-7
0.41903412342221514E-7
0.42167591297564437E-7
0.41776279561285756E-7
0.41740277031454384E-7
0.41903412342221514E-7
0.41740277031463185E-7
0.41776279561285756E-7
0.42167591297564437E-7
0.42820659584732239E-7
0.42649638557905191E-7
0.43500595458952349E-7
0.42649638557905191E-7
0.40317848642407471E-7
0.40169417963581965E-7
0.40169417963581965E-7
0.40742671707149070E-7
0.40761665266016422E-7
0.41083026796754501E-7
0.41142156772994203E-7
0.40337731565759660E-7
0.39770048802653980E-7
0.39916755630297344E-7
0.39681402577824534E-7
0.39916755630305893E-7
0.40761665266016422E-7
0.40337731565759660E-7
0.41142156773002938E-7
0.41083026796754501E-7
0.40467642538022239E-7
0.40280533552589798E-7
0.40627564543043395E-7
0.40627564543033105E-7
0.40287894665000401E-7
0.40474315421787329E-7
0.40197379399923811E-7
0.40181240438882199E-7
0.40287894665000401E-7
0.40181240438872067E-7
0.40197379399923811E-7
0.40474315421787329E-7
0.41726097690326770E-7
0.41382006410943522E-7
0.42082754448601587E-7
0.41382006410943522E-7
0.38904041400129661E-7
0.38667696611782015E-7
0.38667696611791915E-7
0.39617384818744145E-7
0.39648529819467622E-7
0.39869711419486049E-7
0.39900125015056226E-7
0.38938156685513589E-7
0.38202651479392828E-7
0.38374055665396768E-7
0.38064246484599403E-7
0.38374055665386941E-7
0.39648529819477634E-7
0.38938156685513589E-7
0.39900125015056226E-7
0.39869711419486049E-7
0.39334812432832328E-7
0.38774555984782827E-7
0.39534032046988523E-7
0.39534032046988523E-7
0.38797118371975159E-7
0.39354035380281262E-7
0.38631193378334931E-7
0.38618885699475457E-7
0.38797118371975159E-7
0.38618885699475457E-7
0.38631193378334931E-7
0.39354035380281262E-7
0.39939440273840900E-7
0.39808088437121467E-7
0.40554820047718200E-7
0.39808088437121467E-7
0.37921367460092382E-7
0.37589238772647112E-7
0.37589238772635261E-7
0.38223357814360037E-7
0.38236342735339605E-7
0.38379455788264794E-7
0.38403021843998286E-7
0.37936022567070337E-7
0.36713154126277050E-7
0.36924071437614867E-7
0.36514797310560618E-7
0.36924071437614867E-7
0.38236342735339605E-7
0.37936022567058915E-7
0.38403021843998286E-7
0.38379455788264794E-7
0.37843820667406045E-7
0.37861012768573014E-7
0.37819000626917760E-7
0.37819000626917760E-7
0.37861645623807282E-7
0.37841765682125198E-7
0.37703799546509320E-7
0.37652125066485345E-7
0.37861645623791711E-7
0.37652125066485345E-7
0.37703799546509320E-7
0.37841765682125198E-7
0.38861141534428769E-7
0.38502750895308403E-7
0.38875368542561105E-7
0.38502750895308403E-7
0.36743195438259240E-7
0.36459070237262046E-7
0.36459070237262046E-7
0.36991458059548822E-7
0.37001403493238430E-7
0.37105115715610664E-7
0.37120998817315330E-7
0.36755797310989020E-7
0.35414664762930849E-7
0.35870751932499055E-7
0.35099979013773814E-7
0.35870751932499055E-7
0.37001403493238430E-7
0.36755797310989020E-7
0.37120998817315330E-7
0.37105115715610664E-7
0.36314712621680982E-7
0.36481137616693952E-7
0.36446638872712861E-7
0.36446638872712861E-7
0.36478454909891054E-7
0.36305209011397070E-7
0.36488619994070982E-7
0.36485211922706748E-7
0.36478454909913778E-7
0.36485211922729373E-7
0.36488619994070982E-7
0.36305209011397070E-7
0.36626273425546220E-7
0.36551425717983918E-7
0.36787381799222235E-7
0.36551425717983918E-7
0.35876761386820006E-7
0.35441045397718236E-7
0.35441045397740325E-7
0.36108064470470529E-7
0.36115017301705703E-7
0.36171258434933336E-7
0.36176629137531672E-7
0.35890620188910507E-7
0.34466478459346701E-7
0.34638229041670943E-7
0.33996630354307275E-7
0.34638229041692867E-7
0.36115017301705703E-7
0.35890620188932689E-7
0.36176629137531672E-7
0.36171258434933336E-7
0.35385042920498566E-7
0.34628180386023535E-7
0.35669979820777670E-7
0.35669979820777670E-7
0.34631901143657172E-7
0.35438307660201247E-7
0.34832129031213689E-7
0.34955524104371148E-7
0.34631901143657172E-7
0.34955524104371148E-7
0.34832129031213689E-7
0.35438307660201247E-7
0.35605107658590541E-7
0.35606248974436358E-7
0.35988477298835117E-7
0.35606248974436358E-7
0.34622147247289027E-7
0.34702289614138649E-7
0.34702289614087079E-7
0.35611746535093014E-7
0.35669520690421850E-7
0.36249554191508902E-7
0.36335030360902598E-7
0.34584320073991567E-7
0.33848964427487228E-7
0.34777470707942215E-7
0.32513826587982922E-7
0.34777470707942215E-7
0.35669520690421850E-7
0.34584320073991567E-7
0.36335030360902598E-7
0.36249554191510894E-7
0.0000000000000000
0.0000000000000000
0.0000000000000000
0.0000000000000000
0.0000000000000000
0.0000000000000000
0.0000000000000000
0.0000000000000000
0.0000000000000000
0.0000000000000000
0.0000000000000000
0.0000000000000000
0.0000000000000000
0.0000000000000000
0.0000000000000000
0.0000000000000000
0.0000000000000000
0.0000000000000000
0.0000000000000000
0.0000000000000000
0.0000000000000000
0.0000000000000000
0.0000000000000000
0.0000000000000000
0.0000000000000000
0.0000000000000000
0.0000000000000000
0.0000000000000000
0.0000000000000000
0.0000000000000000
0.0000000000000000
0.0000000000000000
0.0000000000000000
0.0000000000000000
0.0000000000000000
0.0000000000000000
0.0000000000000000
0.0000000000000000
0.0000000000000000
0.0000000000000000
0.0000000000000000
0.0000000000000000
0.0000000000000000
0.0000000000000000
0.0000000000000000
0.0000000000000000
0.0000000000000000
0.0000000000000000
0.0000000000000000
0.0000000000000000
0.0000000000000000
0.0000000000000000
0.0000000000000000
0.0000000000000000
0.0000000000000000
0.0000000000000000
0.0000000000000000
0.0000000000000000
0.0000000000000000
0.0000000000000000
0.0000000000000000
0.0000000000000000
0.0000000000000000
0.0000000000000000
0.0000000000000000
0.0000000000000000
0.0000000000000000
0.0000000000000000
0.0000000000000000
0.0000000000000000
0.0000000000000000
0.0000000000000000
0.0000000000000000
0.0000000000000000
0.0000000000000000
0.0000000000000000
0.0000000000000000
0.0000000000000000
0.0000000000000000
0.0000000000000000
0.0000000000000000
0.0000000000000000
0.0000000000000000
0.0000000000000000
0.0000000000000000
0.0000000000000000
0.0000000000000000
0.0000000000000000
0.0000000000000000
0.0000000000000000
0.0000000000000000
0.0000000000000000
0.0000000000000000
0.0000000000000000
0.0000000000000000
0.0000000000000000
0.0000000000000000
0.0000000000000000
0.0000000000000000
0.0000000000000000
0.0000000000000000
0.0000000000000000
0.0000000000000000
0.0000000000000000
0.0000000000000000
0.0000000000000000
0.0000000000000000
0.0000000000000000
0.0000000000000000
0.0000000000000000
0.0000000000000000
0.0000000000000000
0.0000000000000000
0.0000000000000000
0.0000000000000000
0.0000000000000000
0.0000000000000000
0.0000000000000000
0.0000000000000000
0.0000000000000000
0.0000000000000000
0.0000000000000000
0.0000000000000000
0.0000000000000000
0.0000000000000000
0.0000000000000000
0.0000000000000000
0.0000000000000000
0.0000000000000000
0.0000000000000000
0.0000000000000000
0.0000000000000000
0.0000000000000000
0.0000000000000000
0.0000000000000000
0.0000000000000000
0.0000000000000000
0.0000000000000000
0.0000000000000000
0.0000000000000000
0.0000000000000000
0.0000000000000000
0.0000000000000000
0.0000000000000000
0.0000000000000000
0.0000000000000000
0.0000000000000000
0.0000000000000000
0.0000000000000000
0.0000000000000000
0.0000000000000000
0.0000000000000000
0.0000000000000000
0.0000000000000000
0.0000000000000000
0.0000000000000000
0.0000000000000000
0.0000000000000000
0.0000000000000000
0.0000000000000000
0.0000000000000000
0.0000000000000000
0.0000000000000000
0.0000000000000000
0.0000000000000000
0.0000000000000000
0.0000000000000000
0.0000000000000000
0.0000000000000000
0.0000000000000000
0.0000000000000000
0.0000000000000000
0.0000000000000000
0.0000000000000000
0.0000000000000000
0.0000000000000000
0.0000000000000000
0.0000000000000000
0.0000000000000000
0.0000000000000000
0.0000000000000000
0.0000000000000000
0.0000000000000000
0.0000000000000000
0.0000000000000000
0.0000000000000000
0.0000000000000000
0.0000000000000000
0.0000000000000000
0.0000000000000000
0.0000000000000000
0.0000000000000000
0.0000000000000000
0.0000000000000000
0.0000000000000000
0.0000000000000000
0.0000000000000000
0.0000000000000000
0.0000000000000000
0.0000000000000000
0.0000000000000000
0.0000000000000000
0.0000000000000000
0.0000000000000000
0.0000000000000000
0.0000000000000000
0.0000000000000000
0.0000000000000000
0.0000000000000000
0.0000000000000000
0.0000000000000000
0.0000000000000000
0.0000000000000000
0.0000000000000000
0.0000000000000000
0.0000000000000000
0.0000000000000000
0.0000000000000000
0.0000000000000000
0.0000000000000000
0.0000000000000000
0.0000000000000000
0.0000000000000000
0.0000000000000000
0.0000000000000000
0.0000000000000000
0.0000000000000000
0.0000000000000000
0.0000000000000000
0.0000000000000000
0.0000000000000000
0.0000000000000000
0.0000000000000000
0.0000000000000000
0.0000000000000000
0.0000000000000000
0.0000000000000000
0.0000000000000000
0.0000000000000000
0.0000000000000000
0.0000000000000000
0.0000000000000000
0.0000000000000000
0.0000000000000000
0.0000000000000000
0.0000000000000000
0.0000000000000000
0.0000000000000000
0.0000000000000000
0.0000000000000000
0.0000000000000000
0.0000000000000000
0.0000000000000000
0.0000000000000000
0.0000000000000000
0.0000000000000000
0.0000000000000000
0.0000000000000000
0.0000000000000000
0.0000000000000000
0.0000000000000000
0.0000000000000000
0.0000000000000000
0.0000000000000000
0.0000000000000000
0.0000000000000000
0.0000000000000000
0.0000000000000000
0.0000000000000000
0.0000000000000000
0.0000000000000000
0.0000000000000000
0.0000000000000000
0.0000000000000000
0.0000000000000000
0.0000000000000000
0.0000000000000000
0.0000000000000000
0.0000000000000000
0.0000000000000000
0.0000000000000000
0.0000000000000000
0.0000000000000000
0.0000000000000000
0.0000000000000000
0.0000000000000000
0.0000000000000000
0.0000000000000000
0.0000000000000000
0.0000000000000000
0.0000000000000000
0.0000000000000000
0.0000000000000000
0.0000000000000000
0.0000000000000000
0.0000000000000000
0.0000000000000000
0.0000000000000000
0.0000000000000000
0.0000000000000000
0.0000000000000000
0.0000000000000000
0.0000000000000000
0.0000000000000000
0.0000000000000000
0.0000000000000000
0.0000000000000000
0.0000000000000000
0.0000000000000000
0.0000000000000000
0.0000000000000000
0.0000000000000000
0.0000000000000000
0.0000000000000000
0.0000000000000000
0.0000000000000000
0.0000000000000000
0.0000000000000000
0.0000000000000000
0.0000000000000000
0.0000000000000000
0.0000000000000000
0.0000000000000000
0.0000000000000000
0.0000000000000000
0.0000000000000000
0.0000000000000000
0.0000000000000000
0.0000000000000000
0.0000000000000000
0.0000000000000000
0.0000000000000000
0.0000000000000000
0.0000000000000000
0.0000000000000000
0.0000000000000000
0.0000000000000000
0.0000000000000000
0.0000000000000000
0.0000000000000000
0.0000000000000000
0.0000000000000000
0.0000000000000000
0.0000000000000000
0.0000000000000000
0.0000000000000000
0.0000000000000000
0.0000000000000000
0.0000000000000000
0.0000000000000000
0.0000000000000000
0.0000000000000000
0.0000000000000000
0.0000000000000000
0.0000000000000000
0.0000000000000000
0.0000000000000000
0.0000000000000000
0.0000000000000000
0.0000000000000000
0.0000000000000000
0.0000000000000000
0.0000000000000000
0.0000000000000000
0.0000000000000000
0.0000000000000000
0.0000000000000000
0.0000000000000000
0.0000000000000000
0.0000000000000000
0.0000000000000000
0.0000000000000000
0.0000000000000000
0.0000000000000000
0.0000000000000000
0.0000000000000000
0.0000000000000000
0.0000000000000000
0.0000000000000000
0.0000000000000000
0.0000000000000000
0.0000000000000000
0.0000000000000000
0.0000000000000000
0.0000000000000000
0.0000000000000000
0.0000000000000000
0.0000000000000000
0.0000000000000000
0.0000000000000000
0.0000000000000000
0.0000000000000000
0.0000000000000000
0.0000000000000000
0.0000000000000000
0.0000000000000000
0.0000000000000000
0.0000000000000000
0.0000000000000000
0.0000000000000000
0.0000000000000000
0.0000000000000000
0.0000000000000000
0.0000000000000000
0.0000000000000000
0.0000000000000000
0.0000000000000000
0.0000000000000000
0.0000000000000000
0.0000000000000000
0.0000000000000000
0.0000000000000000
0.0000000000000000
0.0000000000000000
0.0000000000000000
0.0000000000000000
0.0000000000000000
0.0000000000000000
0.0000000000000000
0.0000000000000000
0.0000000000000000
0.0000000000000000
0.0000000000000000
0.0000000000000000
0.0000000000000000
0.0000000000000000
0.0000000000000000
0.0000000000000000
0.0000000000000000
0.0000000000000000
0.0000000000000000
0.0000000000000000
0.0000000000000000
0.0000000000000000
0.0000000000000000
0.0000000000000000
0.0000000000000000
0.0000000000000000
0.0000000000000000
0.0000000000000000
0.0000000000000000
0.0000000000000000
0.0000000000000000
0.0000000000000000
0.0000000000000000
0.0000000000000000
0.0000000000000000
0.0000000000000000
0.0000000000000000
0.0000000000000000
0.0000000000000000
0.0000000000000000
0.0000000000000000
0.0000000000000000
0.0000000000000000
0.0000000000000000
0.0000000000000000
0.0000000000000000
0.0000000000000000
0.0000000000000000
0.0000000000000000
0.0000000000000000
0.0000000000000000
0.0000000000000000
0.0000000000000000
0.0000000000000000
0.0000000000000000
0.0000000000000000
0.0000000000000000
0.0000000000000000
0.0000000000000000
0.0000000000000000
0.0000000000000000
0.0000000000000000
0.0000000000000000
0.0000000000000000
0.0000000000000000
0.0000000000000000
0.0000000000000000
0.0000000000000000
0.0000000000000000
0.0000000000000000
0.0000000000000000
0.0000000000000000
0.0000000000000000
0.0000000000000000
0.0000000000000000
0.0000000000000000
0.0000000000000000
0.0000000000000000
0.0000000000000000
0.0000000000000000
0.0000000000000000
0.0000000000000000
0.0000000000000000
0.0000000000000000
0.0000000000000000
0.0000000000000000
0.0000000000000000
0.0000000000000000
0.0000000000000000
0.0000000000000000
0.0000000000000000
0.0000000000000000
0.0000000000000000
0.0000000000000000
0.0000000000000000
0.0000000000000000
0.0000000000000000
0.0000000000000000
0.0000000000000000
0.0000000000000000
0.0000000000000000
0.0000000000000000
0.0000000000000000
0.0000000000000000
0.0000000000000000
0.0000000000000000
0.0000000000000000
0.0000000000000000
0.0000000000000000
0.0000000000000000
0.0000000000000000
0.0000000000000000
0.0000000000000000
0.0000000000000000
0.0000000000000000
0.0000000000000000
0.0000000000000000
0.0000000000000000
0.0000000000000000
0.0000000000000000
0.0000000000000000
0.0000000000000000
0.0000000000000000
0.0000000000000000
0.0000000000000000
0.0000000000000000
0.0000000000000000
0.0000000000000000
0.0000000000000000
0.0000000000000000
0.0000000000000000
0.0000000000000000
0.0000000000000000
0.0000000000000000
0.0000000000000000
0.0000000000000000
0.0000000000000000
0.0000000000000000
0.0000000000000000
0.0000000000000000
0.0000000000000000
0.0000000000000000
0.0000000000000000
0.0000000000000000
0.0000000000000000
0.0000000000000000
0.0000000000000000
0.0000000000000000
0.0000000000000000
0.0000000000000000
0.0000000000000000
0.0000000000000000
0.0000000000000000
0.0000000000000000
0.0000000000000000
0.0000000000000000
0.0000000000000000
0.0000000000000000
0.0000000000000000
0.0000000000000000
0.0000000000000000
0.0000000000000000
0.0000000000000000
0.0000000000000000
0.0000000000000000
0.0000000000000000
0.0000000000000000
0.0000000000000000
0.0000000000000000
0.0000000000000000
0.0000000000000000
0.0000000000000000
0.0000000000000000
0.0000000000000000
0.0000000000000000
0.0000000000000000
0.0000000000000000
0.0000000000000000
0.0000000000000000
0.0000000000000000
0.0000000000000000
0.0000000000000000
0.0000000000000000
0.0000000000000000
0.0000000000000000
0.0000000000000000
0.0000000000000000
0.0000000000000000
0.0000000000000000
0.0000000000000000
0.0000000000000000
0.0000000000000000
0.0000000000000000
0.0000000000000000
0.0000000000000000
0.0000000000000000
0.0000000000000000
0.0000000000000000
0.0000000000000000
0.0000000000000000
0.0000000000000000
0.0000000000000000
0.0000000000000000
0.0000000000000000
0.0000000000000000
0.0000000000000000
0.0000000000000000
0.0000000000000000
0.0000000000000000
0.0000000000000000
0.0000000000000000
0.0000000000000000
0.0000000000000000
0.0000000000000000
0.0000000000000000
0.0000000000000000
0.0000000000000000
0.0000000000000000
0.0000000000000000
0.0000000000000000
0.0000000000000000
0.0000000000000000
0.0000000000000000
0.0000000000000000
0.0000000000000000
0.0000000000000000
0.0000000000000000
0.0000000000000000
0.0000000000000000
0.0000000000000000
0.0000000000000000
0.0000000000000000
0.0000000000000000
0.0000000000000000
0.0000000000000000
0.0000000000000000
0.0000000000000000
0.0000000000000000
0.0000000000000000
0.0000000000000000
0.0000000000000000
0.0000000000000000
0.0000000000000000
0.0000000000000000
0.0000000000000000
0.0000000000000000
0.0000000000000000
0.0000000000000000
0.0000000000000000
0.0000000000000000
0.0000000000000000
0.0000000000000000
0.0000000000000000
0.0000000000000000
0.0000000000000000
0.0000000000000000
0.0000000000000000
0.0000000000000000
0.0000000000000000
0.0000000000000000
0.0000000000000000
0.0000000000000000
0.0000000000000000
0.0000000000000000
0.0000000000000000
0.0000000000000000
0.0000000000000000
0.0000000000000000
0.0000000000000000
0.0000000000000000
0.0000000000000000
0.0000000000000000
0.0000000000000000
0.0000000000000000
0.0000000000000000
0.0000000000000000
0.0000000000000000
0.0000000000000000
0.0000000000000000
0.0000000000000000
0.0000000000000000
0.0000000000000000
0.0000000000000000
0.0000000000000000
0.0000000000000000
0.0000000000000000
0.0000000000000000
0.0000000000000000
0.0000000000000000
0.0000000000000000
0.0000000000000000
0.0000000000000000
0.0000000000000000
0.0000000000000000
0.0000000000000000
0.0000000000000000
0.0000000000000000
0.0000000000000000
0.0000000000000000
0.0000000000000000
0.0000000000000000
0.0000000000000000
0.0000000000000000
0.0000000000000000
0.0000000000000000
0.0000000000000000
0.0000000000000000
0.0000000000000000
0.0000000000000000
0.0000000000000000
0.0000000000000000
0.0000000000000000
0.0000000000000000
0.0000000000000000
0.0000000000000000
0.0000000000000000
0.0000000000000000
0.0000000000000000
0.0000000000000000
0.0000000000000000
0.0000000000000000
0.0000000000000000
0.0000000000000000
0.0000000000000000
0.0000000000000000
0.0000000000000000
0.0000000000000000
0.0000000000000000
0.0000000000000000
0.0000000000000000
0.0000000000000000
0.0000000000000000
0.0000000000000000
0.0000000000000000
0.0000000000000000
0.0000000000000000
0.0000000000000000
0.0000000000000000
0.0000000000000000
0.0000000000000000
0.0000000000000000
0.0000000000000000
0.0000000000000000
0.0000000000000000
0.0000000000000000
0.0000000000000000
0.0000000000000000
0.0000000000000000
0.0000000000000000
0.0000000000000000
0.0000000000000000
0.0000000000000000
0.0000000000000000
0.0000000000000000
0.0000000000000000
0.0000000000000000
0.0000000000000000
0.0000000000000000
0.0000000000000000
0.0000000000000000
0.0000000000000000
0.0000000000000000
0.0000000000000000
0.0000000000000000
0.0000000000000000
0.0000000000000000
0.0000000000000000
0.0000000000000000
0.0000000000000000
0.0000000000000000
0.0000000000000000
0.0000000000000000
0.0000000000000000
0.0000000000000000
0.0000000000000000
0.0000000000000000
0.0000000000000000
0.0000000000000000
0.0000000000000000
0.0000000000000000
0.0000000000000000
0.0000000000000000
0.0000000000000000
0.0000000000000000
0.0000000000000000
0.0000000000000000
0.0000000000000000
0.0000000000000000
0.0000000000000000
0.0000000000000000
0.0000000000000000
0.0000000000000000
0.0000000000000000
0.0000000000000000
0.0000000000000000
0.0000000000000000
0.0000000000000000
0.0000000000000000
0.0000000000000000
0.0000000000000000
0.0000000000000000
0.0000000000000000
0.0000000000000000
0.0000000000000000
0.0000000000000000
0.0000000000000000
0.0000000000000000
0.0000000000000000
0.0000000000000000
0.0000000000000000
0.0000000000000000
0.0000000000000000
0.0000000000000000
0.0000000000000000
0.0000000000000000
0.0000000000000000
0.0000000000000000
0.0000000000000000
0.0000000000000000
0.0000000000000000
0.0000000000000000
0.0000000000000000
0.0000000000000000
0.0000000000000000
0.0000000000000000
0.0000000000000000
0.0000000000000000
0.0000000000000000
0.0000000000000000
0.0000000000000000
0.0000000000000000
0.0000000000000000
0.0000000000000000
0.0000000000000000
0.0000000000000000
0.0000000000000000
0.0000000000000000
0.0000000000000000
0.0000000000000000
0.0000000000000000
0.0000000000000000
0.0000000000000000
0.0000000000000000
0.0000000000000000
0.0000000000000000
0.0000000000000000
0.0000000000000000
0.0000000000000000
0.0000000000000000
0.0000000000000000
0.0000000000000000
0.0000000000000000
0.0000000000000000
0.0000000000000000
0.0000000000000000
0.0000000000000000
0.0000000000000000
0.0000000000000000
0.0000000000000000
0.0000000000000000
0.0000000000000000
0.0000000000000000
0.0000000000000000
0.0000000000000000
0.0000000000000000
0.0000000000000000
0.0000000000000000
0.0000000000000000
0.0000000000000000
0.0000000000000000
0.0000000000000000
0.0000000000000000
0.0000000000000000
0.0000000000000000
0.0000000000000000
0.0000000000000000
0.0000000000000000
0.0000000000000000
0.0000000000000000
0.0000000000000000
0.0000000000000000
0.0000000000000000
0.0000000000000000
0.0000000000000000
0.0000000000000000
0.0000000000000000
0.0000000000000000
0.0000000000000000
0.0000000000000000
0.0000000000000000
0.0000000000000000
0.0000000000000000
0.0000000000000000
0.0000000000000000
0.0000000000000000
0.0000000000000000
0.0000000000000000
0.0000000000000000
0.0000000000000000
0.0000000000000000
0.0000000000000000
0.0000000000000000
0.0000000000000000
0.0000000000000000
0.0000000000000000
0.0000000000000000
0.0000000000000000
0.0000000000000000
0.0000000000000000
0.0000000000000000
0.0000000000000000
0.0000000000000000
0.0000000000000000
0.0000000000000000
0.0000000000000000
0.0000000000000000
0.0000000000000000
0.0000000000000000
0.0000000000000000
0.0000000000000000
0.0000000000000000
0.0000000000000000
0.0000000000000000
0.0000000000000000
0.0000000000000000
0.0000000000000000
0.0000000000000000
0.0000000000000000
0.0000000000000000
0.0000000000000000
0.0000000000000000
0.0000000000000000
0.0000000000000000
0.0000000000000000
0.0000000000000000
0.0000000000000000
0.0000000000000000
0.0000000000000000
0.0000000000000000
0.0000000000000000
0.0000000000000000
0.0000000000000000
0.0000000000000000
0.0000000000000000
0.0000000000000000
0.0000000000000000
0.0000000000000000
0.0000000000000000
0.0000000000000000
0.0000000000000000
0.0000000000000000
0.0000000000000000
0.0000000000000000
0.0000000000000000
0.0000000000000000
0.0000000000000000
0.0000000000000000
0.0000000000000000
0.0000000000000000
0.0000000000000000
0.0000000000000000
0.0000000000000000
0.0000000000000000
0.0000000000000000
0.0000000000000000
0.0000000000000000
0.0000000000000000
0.0000000000000000
0.0000000000000000
0.0000000000000000
0.0000000000000000
0.0000000000000000
0.0000000000000000
0.0000000000000000
0.0000000000000000
0.0000000000000000
0.0000000000000000
0.0000000000000000
0.0000000000000000
0.0000000000000000
0.0000000000000000
0.0000000000000000
0.0000000000000000
0.0000000000000000
0.0000000000000000
0.0000000000000000
0.0000000000000000
0.0000000000000000
0.0000000000000000
0.0000000000000000
0.0000000000000000
0.0000000000000000
0.0000000000000000
0.0000000000000000
0.0000000000000000
0.0000000000000000
0.0000000000000000
0.0000000000000000
0.0000000000000000
0.0000000000000000
0.0000000000000000
0.0000000000000000
0.0000000000000000
0.0000000000000000
0.0000000000000000
0.0000000000000000
0.0000000000000000
0.0000000000000000
0.0000000000000000
0.0000000000000000
0.0000000000000000
0.0000000000000000
0.0000000000000000
0.0000000000000000
0.0000000000000000
0.0000000000000000
0.0000000000000000
0.0000000000000000
0.0000000000000000
0.0000000000000000
0.0000000000000000
0.0000000000000000
0.0000000000000000
0.0000000000000000
0.0000000000000000
0.0000000000000000
0.0000000000000000
0.0000000000000000
0.0000000000000000
0.0000000000000000
0.0000000000000000
0.0000000000000000
0.0000000000000000
0.0000000000000000
0.0000000000000000
0.0000000000000000
0.0000000000000000
0.0000000000000000
0.0000000000000000
0.0000000000000000
0.0000000000000000
0.0000000000000000
0.0000000000000000
0.0000000000000000
0.0000000000000000
0.0000000000000000
0.0000000000000000
0.0000000000000000
0.0000000000000000
0.0000000000000000
0.0000000000000000
0.0000000000000000
0.0000000000000000
0.0000000000000000
0.0000000000000000
0.0000000000000000
0.0000000000000000
0.0000000000000000
0.0000000000000000
0.0000000000000000
0.0000000000000000
0.0000000000000000
0.0000000000000000
0.0000000000000000
0.0000000000000000
0.0000000000000000
0.0000000000000000
0.0000000000000000
0.0000000000000000
0.0000000000000000
0.0000000000000000
0.0000000000000000
0.0000000000000000
0.0000000000000000
0.0000000000000000
0.0000000000000000
0.0000000000000000
0.0000000000000000
0.0000000000000000
0.0000000000000000
0.0000000000000000
0.0000000000000000
0.0000000000000000
0.0000000000000000
0.0000000000000000
0.0000000000000000
0.0000000000000000
0.0000000000000000
0.0000000000000000
0.0000000000000000
0.0000000000000000
0.0000000000000000
0.0000000000000000
0.0000000000000000
0.0000000000000000
0.0000000000000000
0.0000000000000000
0.0000000000000000
0.0000000000000000
0.0000000000000000
0.0000000000000000
0.0000000000000000
0.0000000000000000
0.0000000000000000
0.0000000000000000
0.0000000000000000
0.0000000000000000
0.0000000000000000
0.0000000000000000
0.0000000000000000
0.0000000000000000
0.0000000000000000
0.0000000000000000
0.0000000000000000
0.0000000000000000
0.0000000000000000
0.0000000000000000
0.0000000000000000
0.0000000000000000
0.0000000000000000
0.0000000000000000
0.0000000000000000
0.0000000000000000
0.0000000000000000
0.0000000000000000
0.0000000000000000
0.0000000000000000
0.0000000000000000
0.0000000000000000
0.0000000000000000
0.0000000000000000
0.0000000000000000
0.0000000000000000
0.0000000000000000
0.0000000000000000
0.0000000000000000
0.0000000000000000
0.0000000000000000
0.0000000000000000
0.0000000000000000
0.0000000000000000
0.0000000000000000
0.0000000000000000
0.0000000000000000
0.0000000000000000
0.0000000000000000
0.0000000000000000
0.0000000000000000
0.0000000000000000
0.0000000000000000
0.0000000000000000
0.0000000000000000
0.0000000000000000
0.0000000000000000
0.0000000000000000
0.0000000000000000
0.0000000000000000
0.0000000000000000
0.0000000000000000
0.0000000000000000
0.0000000000000000
0.0000000000000000
0.0000000000000000
0.0000000000000000
0.0000000000000000
0.0000000000000000
0.0000000000000000
0.0000000000000000
0.0000000000000000
0.0000000000000000
0.0000000000000000
0.0000000000000000
0.0000000000000000
0.0000000000000000
0.0000000000000000
0.0000000000000000
0.0000000000000000
0.0000000000000000
0.0000000000000000
0.0000000000000000
0.0000000000000000
0.0000000000000000
0.0000000000000000
0.0000000000000000
0.0000000000000000
0.0000000000000000
0.0000000000000000
0.0000000000000000
0.0000000000000000
0.0000000000000000
0.0000000000000000
0.0000000000000000
0.0000000000000000
0.0000000000000000
0.0000000000000000
0.0000000000000000
0.0000000000000000
0.0000000000000000
0.0000000000000000
0.0000000000000000
0.0000000000000000
0.0000000000000000
0.0000000000000000
0.0000000000000000
0.0000000000000000
0.0000000000000000
0.0000000000000000
0.0000000000000000
0.0000000000000000
0.0000000000000000
0.0000000000000000
0.0000000000000000
0.0000000000000000
0.0000000000000000
0.0000000000000000
0.0000000000000000
0.0000000000000000
0.0000000000000000
0.0000000000000000
0.0000000000000000
0.0000000000000000
0.0000000000000000
0.0000000000000000
0.0000000000000000
0.0000000000000000
0.0000000000000000
0.0000000000000000
0.0000000000000000
0.0000000000000000
0.0000000000000000
0.0000000000000000
0.0000000000000000
0.0000000000000000
0.0000000000000000
0.0000000000000000
0.0000000000000000
0.0000000000000000
0.0000000000000000
0.0000000000000000
0.0000000000000000
0.0000000000000000
0.0000000000000000
0.0000000000000000
0.0000000000000000
0.0000000000000000
0.0000000000000000
0.0000000000000000
0.0000000000000000
0.0000000000000000
0.0000000000000000
0.0000000000000000
0.0000000000000000
0.0000000000000000
0.0000000000000000
0.0000000000000000
0.0000000000000000
0.0000000000000000
0.0000000000000000
0.0000000000000000
0.0000000000000000
0.0000000000000000
0.0000000000000000
0.0000000000000000
0.0000000000000000
0.0000000000000000
0.0000000000000000
0.0000000000000000
0.0000000000000000
0.0000000000000000
0.0000000000000000
0.0000000000000000
0.0000000000000000
0.0000000000000000
0.0000000000000000
0.0000000000000000
0.0000000000000000
0.0000000000000000
0.0000000000000000
0.0000000000000000
0.0000000000000000
0.0000000000000000
0.0000000000000000
0.0000000000000000
0.0000000000000000
0.0000000000000000
0.0000000000000000
0.0000000000000000
0.0000000000000000
0.0000000000000000
0.0000000000000000
0.0000000000000000
0.0000000000000000
0.0000000000000000
0.0000000000000000
0.0000000000000000
0.0000000000000000
0.0000000000000000
0.0000000000000000
0.0000000000000000
0.0000000000000000
0.0000000000000000
0.0000000000000000
0.0000000000000000
0.0000000000000000
0.0000000000000000
0.0000000000000000
0.0000000000000000
0.0000000000000000
0.0000000000000000
0.0000000000000000
0.0000000000000000
0.0000000000000000
0.0000000000000000
0.0000000000000000
0.0000000000000000
0.0000000000000000
0.0000000000000000
0.0000000000000000
0.0000000000000000
0.0000000000000000
0.0000000000000000
0.0000000000000000
0.0000000000000000
0.0000000000000000
0.0000000000000000
0.0000000000000000
0.0000000000000000
0.0000000000000000
0.0000000000000000
0.0000000000000000
0.0000000000000000
0.0000000000000000
0.0000000000000000
0.0000000000000000
0.0000000000000000
0.0000000000000000
0.0000000000000000
0.0000000000000000
0.0000000000000000
0.0000000000000000
0.0000000000000000
0.0000000000000000
0.0000000000000000
0.0000000000000000
0.0000000000000000
0.0000000000000000
0.0000000000000000
0.0000000000000000
0.0000000000000000
0.0000000000000000
0.0000000000000000
0.0000000000000000
0.0000000000000000
0.0000000000000000
0.0000000000000000
0.0000000000000000
0.0000000000000000
0.0000000000000000
0.0000000000000000
0.0000000000000000
0.0000000000000000
0.0000000000000000
0.0000000000000000
0.0000000000000000
0.0000000000000000
0.0000000000000000
0.0000000000000000
0.0000000000000000
0.0000000000000000
0.0000000000000000
0.0000000000000000
0.0000000000000000
0.0000000000000000
0.0000000000000000
0.0000000000000000
0.0000000000000000
0.0000000000000000
0.0000000000000000
0.0000000000000000
0.0000000000000000
0.0000000000000000
0.0000000000000000
0.0000000000000000
0.0000000000000000
0.0000000000000000
0.0000000000000000
0.0000000000000000
0.0000000000000000
0.0000000000000000
0.0000000000000000
0.0000000000000000
0.0000000000000000
0.0000000000000000
0.0000000000000000
0.0000000000000000
0.0000000000000000
0.0000000000000000
0.0000000000000000
0.0000000000000000
0.0000000000000000
0.0000000000000000
0.0000000000000000
0.0000000000000000
0.0000000000000000
0.0000000000000000
0.0000000000000000
0.0000000000000000
0.0000000000000000
0.0000000000000000
0.0000000000000000
0.0000000000000000
0.0000000000000000
0.0000000000000000
0.0000000000000000
0.0000000000000000
0.0000000000000000
0.0000000000000000
0.0000000000000000
0.0000000000000000
0.0000000000000000
0.0000000000000000
0.0000000000000000
0.0000000000000000
0.0000000000000000
0.0000000000000000
0.0000000000000000
0.0000000000000000
0.0000000000000000
0.0000000000000000
0.0000000000000000
0.0000000000000000
0.0000000000000000
0.0000000000000000
0.0000000000000000
0.0000000000000000
0.0000000000000000
0.0000000000000000
0.0000000000000000
0.0000000000000000
0.0000000000000000
0.0000000000000000
0.0000000000000000
0.0000000000000000
0.0000000000000000
0.0000000000000000
0.0000000000000000
0.0000000000000000
0.0000000000000000
0.0000000000000000
0.0000000000000000
0.0000000000000000
0.0000000000000000
0.0000000000000000
0.0000000000000000
0.0000000000000000
0.0000000000000000
0.0000000000000000
0.0000000000000000
0.0000000000000000
0.0000000000000000
0.0000000000000000
0.0000000000000000
0.0000000000000000
0.0000000000000000
0.0000000000000000
0.0000000000000000
0.0000000000000000
0.0000000000000000
0.0000000000000000
0.0000000000000000
0.0000000000000000
0.0000000000000000
0.0000000000000000
0.0000000000000000
0.0000000000000000
0.0000000000000000
0.0000000000000000
0.0000000000000000
0.0000000000000000
0.0000000000000000
0.0000000000000000
0.0000000000000000
0.0000000000000000
0.0000000000000000
0.0000000000000000
0.0000000000000000
0.0000000000000000
0.0000000000000000
0.0000000000000000
0.0000000000000000
0.0000000000000000
0.0000000000000000
0.0000000000000000
0.0000000000000000
0.0000000000000000
0.0000000000000000
0.0000000000000000
0.0000000000000000
0.0000000000000000
0.0000000000000000
0.0000000000000000
0.0000000000000000
0.0000000000000000
0.0000000000000000
0.0000000000000000
0.0000000000000000
0.0000000000000000
0.0000000000000000
0.0000000000000000
0.0000000000000000
0.0000000000000000
0.0000000000000000
0.0000000000000000
0.0000000000000000
0.0000000000000000
0.0000000000000000
0.0000000000000000
0.0000000000000000
0.0000000000000000
0.0000000000000000
0.0000000000000000
0.0000000000000000
0.0000000000000000
0.0000000000000000
0.0000000000000000
0.0000000000000000
0.0000000000000000
0.0000000000000000
0.0000000000000000
0.0000000000000000
0.0000000000000000
0.0000000000000000
0.0000000000000000
0.0000000000000000
0.0000000000000000
0.0000000000000000
0.0000000000000000
0.0000000000000000
0.0000000000000000
0.0000000000000000
0.0000000000000000
0.0000000000000000
0.0000000000000000
0.0000000000000000
0.0000000000000000
0.0000000000000000
0.0000000000000000
0.0000000000000000
0.0000000000000000
0.0000000000000000
0.0000000000000000
0.0000000000000000
0.0000000000000000
0.0000000000000000
0.0000000000000000
0.0000000000000000
0.0000000000000000
0.0000000000000000
0.0000000000000000
0.0000000000000000
0.0000000000000000
0.0000000000000000
0.0000000000000000
0.0000000000000000
0.0000000000000000
0.0000000000000000
0.0000000000000000
0.0000000000000000
0.0000000000000000
0.0000000000000000
0.0000000000000000
0.0000000000000000
0.0000000000000000
0.0000000000000000
0.0000000000000000
0.0000000000000000
0.0000000000000000
0.0000000000000000
0.0000000000000000
0.0000000000000000
0.0000000000000000
0.0000000000000000
0.0000000000000000
0.0000000000000000
0.0000000000000000
0.0000000000000000
0.0000000000000000
0.0000000000000000
0.0000000000000000
0.0000000000000000
0.0000000000000000
0.0000000000000000
0.0000000000000000
0.0000000000000000
0.0000000000000000
0.0000000000000000
0.0000000000000000
0.0000000000000000
0.0000000000000000
0.0000000000000000
0.0000000000000000
0.0000000000000000
0.0000000000000000
0.0000000000000000
0.0000000000000000
0.0000000000000000
0.0000000000000000
0.0000000000000000
0.0000000000000000
0.0000000000000000
0.0000000000000000
0.0000000000000000
0.0000000000000000
0.0000000000000000
0.0000000000000000
0.0000000000000000
0.0000000000000000
0.0000000000000000
0.0000000000000000
0.0000000000000000
0.0000000000000000
0.0000000000000000
0.0000000000000000
0.0000000000000000
0.0000000000000000
0.0000000000000000
0.0000000000000000
0.0000000000000000
0.0000000000000000
0.0000000000000000
0.0000000000000000
0.0000000000000000
0.0000000000000000
0.0000000000000000
0.0000000000000000
0.0000000000000000
0.0000000000000000
0.0000000000000000
0.0000000000000000
0.0000000000000000
0.0000000000000000
0.0000000000000000
0.0000000000000000
0.0000000000000000
0.0000000000000000
0.0000000000000000
0.0000000000000000
0.0000000000000000
0.0000000000000000
0.0000000000000000
0.0000000000000000
0.0000000000000000
0.0000000000000000
0.0000000000000000
0.0000000000000000
0.0000000000000000
0.0000000000000000
0.0000000000000000
0.0000000000000000
0.0000000000000000
0.0000000000000000
0.0000000000000000
0.0000000000000000
0.0000000000000000
0.0000000000000000
0.0000000000000000
0.0000000000000000
0.0000000000000000
0.0000000000000000
0.0000000000000000
0.0000000000000000
0.0000000000000000
0.0000000000000000
0.0000000000000000
0.0000000000000000
0.0000000000000000
0.0000000000000000
0.0000000000000000
0.0000000000000000
0.0000000000000000
0.0000000000000000
0.0000000000000000
0.0000000000000000
0.0000000000000000
0.0000000000000000
0.0000000000000000
0.0000000000000000
0.0000000000000000
0.0000000000000000
0.0000000000000000
0.0000000000000000
0.0000000000000000
0.0000000000000000
0.0000000000000000
0.0000000000000000
0.0000000000000000
0.0000000000000000
0.0000000000000000
0.0000000000000000
0.0000000000000000
0.0000000000000000
0.0000000000000000
0.0000000000000000
0.0000000000000000
0.0000000000000000
0.0000000000000000
0.0000000000000000
0.0000000000000000
0.0000000000000000
0.0000000000000000
0.0000000000000000
0.0000000000000000
0.0000000000000000
0.0000000000000000
0.0000000000000000
0.0000000000000000
0.0000000000000000
0.0000000000000000
0.0000000000000000
0.0000000000000000
0.0000000000000000
0.0000000000000000
0.0000000000000000
0.0000000000000000
0.0000000000000000
0.0000000000000000
0.0000000000000000
0.0000000000000000
0.0000000000000000
0.0000000000000000
0.0000000000000000
0.0000000000000000
0.0000000000000000
0.0000000000000000
0.0000000000000000
0.0000000000000000
0.0000000000000000
0.0000000000000000
0.0000000000000000
0.0000000000000000
0.0000000000000000
0.0000000000000000
0.0000000000000000
0.0000000000000000
0.0000000000000000
0.0000000000000000
0.0000000000000000
0.0000000000000000
0.0000000000000000
0.0000000000000000
0.0000000000000000
0.0000000000000000
0.0000000000000000
0.0000000000000000
0.0000000000000000
0.0000000000000000
0.0000000000000000
0.0000000000000000
0.0000000000000000
0.0000000000000000
0.0000000000000000
0.0000000000000000
0.0000000000000000
0.0000000000000000
0.0000000000000000
0.0000000000000000
0.0000000000000000
0.0000000000000000
0.0000000000000000
0.0000000000000000
0.0000000000000000
0.0000000000000000
0.0000000000000000
0.0000000000000000
0.0000000000000000
0.0000000000000000
0.0000000000000000
0.0000000000000000
0.0000000000000000
0.0000000000000000
0.0000000000000000
0.0000000000000000
0.0000000000000000
0.0000000000000000
0.0000000000000000
0.0000000000000000
0.0000000000000000
0.0000000000000000
0.0000000000000000
0.0000000000000000
0.0000000000000000
0.0000000000000000
0.0000000000000000
0.0000000000000000
0.0000000000000000
0.0000000000000000
0.0000000000000000
0.0000000000000000
0.0000000000000000
0.0000000000000000
0.0000000000000000
0.0000000000000000
0.0000000000000000
0.0000000000000000
0.0000000000000000
0.0000000000000000
0.0000000000000000
0.0000000000000000
0.0000000000000000
0.0000000000000000
0.0000000000000000
0.0000000000000000
0.0000000000000000
0.0000000000000000
0.0000000000000000
0.0000000000000000
0.0000000000000000
0.0000000000000000
0.0000000000000000
0.0000000000000000
0.0000000000000000
0.0000000000000000
0.0000000000000000
0.0000000000000000
0.0000000000000000
0.0000000000000000
0.0000000000000000
0.0000000000000000
0.0000000000000000
0.0000000000000000
0.0000000000000000
0.0000000000000000
0.0000000000000000
0.0000000000000000
0.0000000000000000
0.0000000000000000
0.0000000000000000
0.0000000000000000
0.0000000000000000
0.0000000000000000
0.0000000000000000
0.0000000000000000
0.0000000000000000
0.0000000000000000
0.0000000000000000
0.0000000000000000
0.0000000000000000
0.0000000000000000
0.0000000000000000
0.0000000000000000
0.0000000000000000
0.0000000000000000
0.0000000000000000
0.0000000000000000
0.0000000000000000
0.0000000000000000
0.0000000000000000
0.0000000000000000
0.0000000000000000
0.0000000000000000
0.0000000000000000
0.0000000000000000
0.0000000000000000
0.0000000000000000
0.0000000000000000
0.0000000000000000
0.0000000000000000
0.0000000000000000
0.0000000000000000
0.0000000000000000
0.0000000000000000
0.0000000000000000
0.0000000000000000
0.0000000000000000
0.0000000000000000
0.0000000000000000
0.0000000000000000
0.0000000000000000
0.0000000000000000
0.0000000000000000
0.0000000000000000
0.0000000000000000
0.0000000000000000
0.0000000000000000
0.0000000000000000
0.0000000000000000
0.0000000000000000
0.0000000000000000
0.0000000000000000
0.0000000000000000
0.0000000000000000
0.0000000000000000
0.0000000000000000
0.0000000000000000
0.0000000000000000
0.0000000000000000
0.0000000000000000
0.0000000000000000
0.0000000000000000
0.0000000000000000
0.0000000000000000
0.0000000000000000
0.0000000000000000
0.0000000000000000
0.0000000000000000
0.0000000000000000
0.0000000000000000
0.0000000000000000
0.0000000000000000
0.0000000000000000
0.0000000000000000
0.0000000000000000
0.0000000000000000
0.0000000000000000
0.0000000000000000
0.0000000000000000
0.0000000000000000
0.0000000000000000
0.0000000000000000
0.0000000000000000
0.0000000000000000
0.0000000000000000
0.0000000000000000
0.0000000000000000
0.0000000000000000
0.0000000000000000
0.0000000000000000
0.0000000000000000
0.0000000000000000
0.0000000000000000
0.0000000000000000
0.0000000000000000
0.0000000000000000
0.0000000000000000
0.0000000000000000
0.0000000000000000
0.0000000000000000
0.0000000000000000
0.0000000000000000
0.0000000000000000
0.0000000000000000
0.0000000000000000
0.0000000000000000
0.0000000000000000
0.0000000000000000
0.0000000000000000
0.0000000000000000
0.0000000000000000
0.0000000000000000
0.0000000000000000
0.0000000000000000
0.0000000000000000
0.0000000000000000
0.0000000000000000
0.0000000000000000
0.0000000000000000
0.0000000000000000
0.0000000000000000
0.0000000000000000
0.0000000000000000
0.0000000000000000
0.0000000000000000
0.0000000000000000
0.0000000000000000
0.0000000000000000
0.0000000000000000
0.0000000000000000
0.0000000000000000
0.0000000000000000
0.0000000000000000
0.0000000000000000
0.0000000000000000
0.0000000000000000
0.0000000000000000
0.0000000000000000
0.0000000000000000
0.0000000000000000
0.0000000000000000
0.0000000000000000
0.0000000000000000
0.0000000000000000
0.0000000000000000
0.0000000000000000
0.0000000000000000
0.0000000000000000
0.0000000000000000
0.0000000000000000
0.0000000000000000
0.0000000000000000
0.0000000000000000
0.0000000000000000
0.0000000000000000
0.0000000000000000
0.0000000000000000
0.0000000000000000
0.0000000000000000
0.0000000000000000
0.0000000000000000
0.0000000000000000
0.0000000000000000
0.0000000000000000
0.0000000000000000
0.0000000000000000
0.0000000000000000
0.0000000000000000
0.0000000000000000
0.0000000000000000
0.0000000000000000
0.0000000000000000
0.0000000000000000
0.0000000000000000
0.0000000000000000
0.0000000000000000
0.0000000000000000
0.0000000000000000
0.0000000000000000
0.0000000000000000
0.0000000000000000
0.0000000000000000
0.0000000000000000
0.0000000000000000
0.0000000000000000
0.0000000000000000
0.0000000000000000
0.0000000000000000
0.0000000000000000
0.0000000000000000
0.0000000000000000
0.0000000000000000
0.0000000000000000
0.0000000000000000
0.0000000000000000
0.0000000000000000
0.0000000000000000
0.0000000000000000
0.0000000000000000
0.0000000000000000
0.0000000000000000
0.0000000000000000
0.0000000000000000
0.0000000000000000
0.0000000000000000
0.0000000000000000
0.0000000000000000
0.0000000000000000
0.0000000000000000
0.0000000000000000
0.0000000000000000
0.0000000000000000
0.0000000000000000
0.0000000000000000
0.0000000000000000
0.0000000000000000
0.0000000000000000
0.0000000000000000
0.0000000000000000
0.0000000000000000
0.0000000000000000
0.0000000000000000
0.0000000000000000
0.0000000000000000
0.0000000000000000
0.0000000000000000
0.0000000000000000
0.0000000000000000
0.0000000000000000
0.0000000000000000
0.0000000000000000
0.0000000000000000
0.0000000000000000
0.0000000000000000
0.0000000000000000
0.0000000000000000
0.0000000000000000
0.0000000000000000
0.0000000000000000
0.0000000000000000
0.0000000000000000
0.0000000000000000
0.0000000000000000
0.0000000000000000
0.0000000000000000
0.0000000000000000
0.0000000000000000
0.0000000000000000
0.0000000000000000
0.0000000000000000
0.0000000000000000
0.0000000000000000
0.0000000000000000
0.0000000000000000
0.0000000000000000
0.0000000000000000
0.0000000000000000
0.0000000000000000
0.0000000000000000
0.0000000000000000
0.0000000000000000
0.0000000000000000
0.0000000000000000
0.0000000000000000
0.0000000000000000
0.0000000000000000
0.0000000000000000
0.0000000000000000
0.0000000000000000
0.0000000000000000
0.0000000000000000
0.0000000000000000
0.0000000000000000
0.0000000000000000
0.0000000000000000
0.0000000000000000
0.0000000000000000
0.0000000000000000
0.0000000000000000
0.0000000000000000
0.0000000000000000
0.0000000000000000
0.0000000000000000
0.0000000000000000
0.0000000000000000
0.0000000000000000
0.0000000000000000
0.0000000000000000
0.0000000000000000
0.0000000000000000
0.0000000000000000
0.0000000000000000
0.0000000000000000
0.0000000000000000
0.0000000000000000
0.0000000000000000
0.0000000000000000
0.0000000000000000
0.0000000000000000
0.0000000000000000
0.0000000000000000
0.0000000000000000
0.0000000000000000
0.0000000000000000
0.0000000000000000
0.0000000000000000
0.0000000000000000
0.0000000000000000
0.0000000000000000
0.0000000000000000
0.0000000000000000
0.0000000000000000
0.0000000000000000
0.0000000000000000
0.0000000000000000
0.0000000000000000
0.0000000000000000
0.0000000000000000
0.0000000000000000
0.0000000000000000
0.0000000000000000
0.0000000000000000
0.0000000000000000
0.0000000000000000
0.0000000000000000
0.0000000000000000
0.0000000000000000
0.0000000000000000
0.0000000000000000
0.0000000000000000
0.0000000000000000
0.0000000000000000
0.0000000000000000
0.0000000000000000
0.0000000000000000
0.0000000000000000
0.0000000000000000
0.0000000000000000
0.0000000000000000
0.0000000000000000
0.0000000000000000
0.0000000000000000
0.0000000000000000
0.0000000000000000
0.0000000000000000
0.0000000000000000
0.0000000000000000
0.0000000000000000
0.0000000000000000
0.0000000000000000
0.0000000000000000
0.0000000000000000
0.0000000000000000
0.0000000000000000
0.0000000000000000
0.0000000000000000
0.0000000000000000
0.0000000000000000
0.0000000000000000
0.0000000000000000
0.0000000000000000
0.0000000000000000
0.0000000000000000
0.0000000000000000
0.0000000000000000
0.0000000000000000
0.0000000000000000
0.0000000000000000
0.0000000000000000
0.0000000000000000
0.0000000000000000
0.0000000000000000
0.0000000000000000
0.0000000000000000
0.0000000000000000
0.0000000000000000
0.0000000000000000
0.0000000000000000
0.0000000000000000
0.0000000000000000
0.0000000000000000
0.0000000000000000
0.0000000000000000
0.0000000000000000
0.0000000000000000
0.0000000000000000
0.0000000000000000
0.0000000000000000
0.0000000000000000
0.0000000000000000
0.0000000000000000
0.0000000000000000
0.0000000000000000
0.0000000000000000
0.0000000000000000
0.0000000000000000
0.0000000000000000
0.0000000000000000
0.0000000000000000
0.0000000000000000
0.0000000000000000
0.0000000000000000
0.0000000000000000
0.0000000000000000
0.0000000000000000
0.0000000000000000
0.0000000000000000
0.0000000000000000
0.0000000000000000
0.0000000000000000
0.0000000000000000
0.0000000000000000
0.0000000000000000
0.0000000000000000
0.0000000000000000
0.0000000000000000
0.0000000000000000
0.0000000000000000
0.0000000000000000
0.0000000000000000
0.0000000000000000
0.0000000000000000
0.0000000000000000
0.0000000000000000
0.0000000000000000
0.0000000000000000
0.0000000000000000
0.0000000000000000
0.0000000000000000
0.0000000000000000
0.0000000000000000
0.0000000000000000
0.0000000000000000
0.0000000000000000
0.0000000000000000
0.0000000000000000
0.0000000000000000
0.0000000000000000
0.0000000000000000
0.0000000000000000
0.0000000000000000
0.0000000000000000
0.0000000000000000
0.0000000000000000
0.0000000000000000
0.0000000000000000
0.0000000000000000
0.0000000000000000
0.0000000000000000
0.0000000000000000
0.0000000000000000
0.0000000000000000
0.0000000000000000
0.0000000000000000
0.0000000000000000
0.0000000000000000
0.0000000000000000
0.0000000000000000
0.0000000000000000
0.0000000000000000
0.0000000000000000
0.0000000000000000
0.0000000000000000
0.0000000000000000
0.0000000000000000
0.0000000000000000
0.0000000000000000
0.0000000000000000
0.0000000000000000
0.0000000000000000
0.0000000000000000
0.0000000000000000
0.0000000000000000
0.0000000000000000
0.0000000000000000
0.0000000000000000
0.0000000000000000
0.0000000000000000
0.0000000000000000
0.0000000000000000
0.0000000000000000
0.0000000000000000
0.0000000000000000
0.0000000000000000
0.0000000000000000
0.0000000000000000
0.0000000000000000
0.0000000000000000
0.0000000000000000
0.0000000000000000
0.0000000000000000
0.0000000000000000
0.0000000000000000
0.0000000000000000
0.0000000000000000
0.0000000000000000
0.0000000000000000
0.0000000000000000
0.0000000000000000
0.0000000000000000
0.0000000000000000
0.0000000000000000
0.0000000000000000
0.0000000000000000
0.0000000000000000
0.0000000000000000
0.0000000000000000
0.0000000000000000
0.0000000000000000
0.0000000000000000
0.0000000000000000
0.0000000000000000
0.0000000000000000
0.0000000000000000
0.0000000000000000
0.0000000000000000
0.0000000000000000
0.0000000000000000
0.0000000000000000
0.0000000000000000
0.0000000000000000
0.0000000000000000
0.0000000000000000
0.0000000000000000
0.0000000000000000
0.0000000000000000
0.0000000000000000
0.0000000000000000
0.0000000000000000
0.0000000000000000
0.0000000000000000
0.0000000000000000
0.0000000000000000
0.0000000000000000
0.0000000000000000
0.0000000000000000
0.0000000000000000
0.0000000000000000
0.0000000000000000
0.0000000000000000
0.0000000000000000
0.0000000000000000
0.0000000000000000
0.0000000000000000
0.0000000000000000
0.0000000000000000
0.0000000000000000
0.0000000000000000
0.0000000000000000
0.0000000000000000
0.0000000000000000
0.0000000000000000
0.0000000000000000
0.0000000000000000
0.0000000000000000
0.0000000000000000
0.0000000000000000
0.0000000000000000
0.0000000000000000
0.0000000000000000
0.0000000000000000
0.0000000000000000
0.0000000000000000
0.0000000000000000
0.0000000000000000
0.0000000000000000
0.0000000000000000
0.0000000000000000
0.0000000000000000
0.0000000000000000
0.0000000000000000
0.0000000000000000
0.0000000000000000
0.0000000000000000
0.0000000000000000
0.0000000000000000
0.0000000000000000
0.0000000000000000
0.0000000000000000
0.0000000000000000
0.0000000000000000
0.0000000000000000
0.0000000000000000
0.0000000000000000
0.0000000000000000
0.0000000000000000
0.0000000000000000
0.0000000000000000
0.0000000000000000
0.0000000000000000
0.0000000000000000
0.0000000000000000
0.0000000000000000
0.0000000000000000
0.0000000000000000
0.0000000000000000
0.0000000000000000
0.0000000000000000
0.0000000000000000
0.0000000000000000
0.0000000000000000
0.0000000000000000
0.0000000000000000
0.0000000000000000
0.0000000000000000
0.0000000000000000
0.0000000000000000
0.0000000000000000
0.0000000000000000
0.0000000000000000
0.0000000000000000
0.0000000000000000
0.0000000000000000
0.0000000000000000
0.0000000000000000
0.0000000000000000
0.0000000000000000
0.0000000000000000
0.0000000000000000
0.0000000000000000
0.0000000000000000
0.0000000000000000
0.0000000000000000
0.0000000000000000
0.0000000000000000
0.0000000000000000
0.0000000000000000
0.0000000000000000
0.0000000000000000
0.0000000000000000
0.0000000000000000
0.0000000000000000
0.0000000000000000
0.0000000000000000
0.0000000000000000
0.0000000000000000
0.0000000000000000
0.0000000000000000
0.0000000000000000
0.0000000000000000
0.0000000000000000
0.0000000000000000
0.0000000000000000
0.0000000000000000
0.0000000000000000
0.0000000000000000
0.0000000000000000
0.0000000000000000
0.0000000000000000
0.0000000000000000
0.0000000000000000
0.0000000000000000
0.0000000000000000
0.0000000000000000
0.0000000000000000
0.0000000000000000
0.0000000000000000
0.0000000000000000
0.0000000000000000
0.0000000000000000
0.0000000000000000
0.0000000000000000
0.0000000000000000
0.0000000000000000
0.0000000000000000
0.0000000000000000
0.0000000000000000
0.0000000000000000
0.0000000000000000
0.0000000000000000
0.0000000000000000
0.0000000000000000
0.0000000000000000
0.0000000000000000
0.0000000000000000
0.0000000000000000
0.0000000000000000
0.0000000000000000
0.0000000000000000
0.0000000000000000
0.0000000000000000
0.0000000000000000
0.0000000000000000
0.0000000000000000
0.0000000000000000
0.0000000000000000
0.0000000000000000
0.0000000000000000
0.0000000000000000
0.0000000000000000
0.0000000000000000
0.0000000000000000
0.0000000000000000
0.0000000000000000
0.0000000000000000
0.0000000000000000
0.0000000000000000
0.0000000000000000
0.0000000000000000
0.0000000000000000
0.0000000000000000
0.0000000000000000
0.0000000000000000
0.0000000000000000
0.0000000000000000
0.0000000000000000
0.0000000000000000
0.0000000000000000
0.0000000000000000
0.0000000000000000
0.0000000000000000
0.0000000000000000
0.0000000000000000
0.0000000000000000
0.0000000000000000
0.0000000000000000
0.0000000000000000
0.0000000000000000
0.0000000000000000
0.0000000000000000
0.0000000000000000
0.0000000000000000
0.0000000000000000
0.0000000000000000
0.0000000000000000
0.0000000000000000
0.0000000000000000
0.0000000000000000
0.0000000000000000
0.0000000000000000
0.0000000000000000
0.0000000000000000
0.0000000000000000
0.0000000000000000
0.0000000000000000
0.0000000000000000
0.0000000000000000
0.0000000000000000
0.0000000000000000
0.0000000000000000
0.0000000000000000
0.0000000000000000
0.0000000000000000
0.0000000000000000
0.0000000000000000
0.0000000000000000
0.0000000000000000
0.0000000000000000
0.0000000000000000
0.0000000000000000
0.0000000000000000
0.0000000000000000
0.0000000000000000
0.0000000000000000
0.0000000000000000
0.0000000000000000
0.0000000000000000
0.0000000000000000
0.0000000000000000
0.0000000000000000
0.0000000000000000
0.0000000000000000
0.0000000000000000
0.0000000000000000
0.0000000000000000
0.0000000000000000
0.0000000000000000
0.0000000000000000
0.0000000000000000
0.0000000000000000
0.0000000000000000
0.0000000000000000
0.0000000000000000
0.0000000000000000
0.0000000000000000
0.0000000000000000
0.0000000000000000
0.0000000000000000
0.0000000000000000
0.0000000000000000
0.0000000000000000
0.0000000000000000
0.0000000000000000
0.0000000000000000
0.0000000000000000
0.0000000000000000
0.0000000000000000
0.0000000000000000
0.0000000000000000
0.0000000000000000
0.0000000000000000
0.0000000000000000
0.0000000000000000
0.0000000000000000
0.0000000000000000
0.0000000000000000
0.0000000000000000
0.0000000000000000
0.0000000000000000
0.0000000000000000
0.0000000000000000
0.0000000000000000
0.0000000000000000
0.0000000000000000
0.0000000000000000
0.0000000000000000
0.0000000000000000
0.0000000000000000
0.0000000000000000
0.0000000000000000
0.0000000000000000
0.0000000000000000
0.0000000000000000
0.0000000000000000
0.0000000000000000
0.0000000000000000
0.0000000000000000
0.0000000000000000
0.0000000000000000
0.0000000000000000
0.0000000000000000
0.0000000000000000
0.0000000000000000
0.0000000000000000
0.0000000000000000
0.0000000000000000
0.0000000000000000
0.0000000000000000
0.0000000000000000
0.0000000000000000
0.0000000000000000
0.0000000000000000
0.0000000000000000
0.0000000000000000
0.0000000000000000
0.0000000000000000
0.0000000000000000
0.0000000000000000
0.0000000000000000
0.0000000000000000
0.0000000000000000
0.0000000000000000
0.0000000000000000
0.0000000000000000
0.0000000000000000
0.0000000000000000
0.0000000000000000
0.0000000000000000
0.0000000000000000
0.0000000000000000
0.0000000000000000
0.0000000000000000
0.0000000000000000
0.0000000000000000
0.0000000000000000
0.0000000000000000
0.0000000000000000
0.0000000000000000
0.0000000000000000
0.0000000000000000
0.0000000000000000
0.0000000000000000
0.0000000000000000
0.0000000000000000
0.0000000000000000
0.0000000000000000
0.0000000000000000
0.0000000000000000
0.0000000000000000
0.0000000000000000
0.0000000000000000
0.0000000000000000
0.0000000000000000
0.0000000000000000
0.0000000000000000
0.0000000000000000
0.0000000000000000
0.0000000000000000
0.0000000000000000
0.0000000000000000
0.0000000000000000
0.0000000000000000
0.0000000000000000
0.0000000000000000
0.0000000000000000
0.0000000000000000
0.0000000000000000
0.0000000000000000
0.0000000000000000
0.0000000000000000
0.0000000000000000
0.0000000000000000
0.0000000000000000
0.0000000000000000
0.0000000000000000
0.0000000000000000
0.0000000000000000
0.0000000000000000
0.0000000000000000
0.0000000000000000
0.0000000000000000
0.0000000000000000
0.0000000000000000
0.0000000000000000
0.0000000000000000
0.0000000000000000
0.0000000000000000
0.0000000000000000
0.0000000000000000
0.0000000000000000
0.0000000000000000
0.0000000000000000
0.0000000000000000
0.0000000000000000
0.0000000000000000
0.0000000000000000
0.0000000000000000
0.0000000000000000
0.0000000000000000
0.0000000000000000
0.0000000000000000
0.0000000000000000
0.0000000000000000
0.0000000000000000
0.0000000000000000
0.0000000000000000
0.0000000000000000
0.0000000000000000
0.0000000000000000
0.0000000000000000
0.0000000000000000
0.0000000000000000
0.0000000000000000
0.0000000000000000
0.0000000000000000
0.0000000000000000
0.0000000000000000
0.0000000000000000
0.0000000000000000
0.0000000000000000
0.0000000000000000
0.0000000000000000
0.0000000000000000
0.0000000000000000
0.0000000000000000
0.0000000000000000
0.0000000000000000
0.0000000000000000
0.0000000000000000
0.0000000000000000
0.0000000000000000
0.0000000000000000
0.0000000000000000
0.0000000000000000
0.0000000000000000
0.0000000000000000
0.0000000000000000
0.0000000000000000
0.0000000000000000
0.0000000000000000
0.0000000000000000
0.0000000000000000
0.0000000000000000
0.0000000000000000
0.0000000000000000
0.0000000000000000
0.0000000000000000
0.0000000000000000
0.0000000000000000
0.0000000000000000
0.0000000000000000
0.0000000000000000
0.0000000000000000
0.0000000000000000
0.0000000000000000
0.0000000000000000
0.0000000000000000
0.0000000000000000
0.0000000000000000
0.0000000000000000
0.0000000000000000
0.0000000000000000
0.0000000000000000
0.0000000000000000
0.0000000000000000
0.0000000000000000
0.0000000000000000
0.0000000000000000
0.0000000000000000
0.0000000000000000
0.0000000000000000
0.0000000000000000
0.0000000000000000
0.0000000000000000
0.0000000000000000
0.0000000000000000
0.0000000000000000
0.0000000000000000
0.0000000000000000
0.0000000000000000
0.0000000000000000
0.0000000000000000
0.0000000000000000
0.0000000000000000
0.0000000000000000
0.0000000000000000
0.0000000000000000
0.0000000000000000
0.0000000000000000
0.0000000000000000
0.0000000000000000
0.0000000000000000
0.0000000000000000
0.0000000000000000
0.0000000000000000
0.0000000000000000
0.0000000000000000
0.0000000000000000
0.0000000000000000
0.0000000000000000
0.0000000000000000
0.0000000000000000
0.0000000000000000
0.0000000000000000
0.0000000000000000
0.0000000000000000
0.0000000000000000
0.0000000000000000
0.0000000000000000
0.0000000000000000
0.0000000000000000
0.0000000000000000
0.0000000000000000
0.0000000000000000
0.0000000000000000
0.0000000000000000
0.0000000000000000
0.0000000000000000
0.0000000000000000
0.0000000000000000
0.0000000000000000
0.0000000000000000
0.0000000000000000
0.0000000000000000
0.0000000000000000
0.0000000000000000
0.0000000000000000
0.0000000000000000
0.0000000000000000
0.0000000000000000
0.0000000000000000
0.0000000000000000
0.0000000000000000
0.0000000000000000
0.0000000000000000
0.0000000000000000
0.0000000000000000
0.0000000000000000
0.0000000000000000
0.0000000000000000
0.0000000000000000
0.0000000000000000
0.0000000000000000
0.0000000000000000
0.0000000000000000
0.0000000000000000
0.0000000000000000
0.0000000000000000
0.0000000000000000
0.0000000000000000
0.0000000000000000
0.0000000000000000
0.0000000000000000
0.0000000000000000
0.0000000000000000
0.0000000000000000
0.0000000000000000
0.0000000000000000
0.0000000000000000
0.0000000000000000
0.0000000000000000
0.0000000000000000
0.0000000000000000
0.0000000000000000
0.0000000000000000
0.0000000000000000
0.0000000000000000
0.0000000000000000
0.0000000000000000
0.0000000000000000
0.0000000000000000
0.0000000000000000
0.0000000000000000
0.0000000000000000
0.0000000000000000
0.0000000000000000
0.0000000000000000
0.0000000000000000
0.0000000000000000
0.0000000000000000
0.0000000000000000
0.0000000000000000
0.0000000000000000
0.0000000000000000
0.0000000000000000
0.0000000000000000
0.0000000000000000
0.0000000000000000
0.0000000000000000
0.0000000000000000
0.0000000000000000
0.0000000000000000
0.0000000000000000
0.0000000000000000
0.0000000000000000
0.0000000000000000
0.0000000000000000
0.0000000000000000
0.0000000000000000
0.0000000000000000
0.0000000000000000
0.0000000000000000
0.0000000000000000
0.0000000000000000
0.0000000000000000
0.0000000000000000
0.0000000000000000
0.0000000000000000
0.0000000000000000
0.0000000000000000
0.0000000000000000
0.0000000000000000
0.0000000000000000
0.0000000000000000
0.0000000000000000
0.0000000000000000
0.0000000000000000
0.0000000000000000
0.0000000000000000
0.0000000000000000
0.0000000000000000
0.0000000000000000
0.0000000000000000
0.0000000000000000
0.0000000000000000
0.0000000000000000
0.0000000000000000
0.0000000000000000
0.0000000000000000
0.0000000000000000
0.0000000000000000
0.0000000000000000
0.0000000000000000
0.0000000000000000
0.0000000000000000
0.0000000000000000
0.0000000000000000
0.0000000000000000
0.0000000000000000
0.0000000000000000
0.0000000000000000
0.0000000000000000
0.0000000000000000
0.0000000000000000
0.0000000000000000
0.0000000000000000
0.0000000000000000
0.0000000000000000
0.0000000000000000
0.0000000000000000
0.0000000000000000
0.0000000000000000
0.0000000000000000
0.0000000000000000
0.0000000000000000
0.0000000000000000
0.0000000000000000
0.0000000000000000
0.0000000000000000
0.0000000000000000
0.0000000000000000
0.0000000000000000
0.0000000000000000
0.0000000000000000
0.0000000000000000
0.0000000000000000
0.0000000000000000
0.0000000000000000
0.0000000000000000
0.0000000000000000
0.0000000000000000
0.0000000000000000
0.0000000000000000
0.0000000000000000
0.0000000000000000
0.0000000000000000
0.0000000000000000
0.0000000000000000
0.0000000000000000
0.0000000000000000
0.0000000000000000
0.0000000000000000
0.0000000000000000
0.0000000000000000
0.0000000000000000
0.0000000000000000
0.0000000000000000
0.0000000000000000
0.0000000000000000
0.0000000000000000
0.0000000000000000
0.0000000000000000
0.0000000000000000
0.0000000000000000
0.0000000000000000
0.0000000000000000
0.0000000000000000
0.0000000000000000
0.0000000000000000
0.0000000000000000
0.0000000000000000
0.0000000000000000
0.0000000000000000
0.0000000000000000
0.0000000000000000
0.0000000000000000
0.0000000000000000
0.0000000000000000
0.0000000000000000
0.0000000000000000
0.0000000000000000
0.0000000000000000
0.0000000000000000
0.0000000000000000
0.0000000000000000
0.0000000000000000
0.0000000000000000
0.0000000000000000
0.0000000000000000
0.0000000000000000
0.0000000000000000
0.0000000000000000
0.0000000000000000
0.0000000000000000
0.0000000000000000
0.0000000000000000
0.0000000000000000
0.0000000000000000
0.0000000000000000
0.0000000000000000
0.0000000000000000
0.0000000000000000
0.0000000000000000
0.0000000000000000
0.0000000000000000
0.0000000000000000
0.0000000000000000
0.0000000000000000
0.0000000000000000
0.0000000000000000
0.0000000000000000
0.0000000000000000
0.0000000000000000
0.0000000000000000
0.0000000000000000
0.0000000000000000
0.0000000000000000
0.0000000000000000
0.0000000000000000
0.0000000000000000
0.0000000000000000
0.0000000000000000
0.0000000000000000
0.0000000000000000
0.0000000000000000
0.0000000000000000
0.0000000000000000
0.0000000000000000
0.0000000000000000
0.0000000000000000
0.0000000000000000
0.0000000000000000
0.0000000000000000
0.0000000000000000
0.0000000000000000
0.0000000000000000
0.0000000000000000
0.0000000000000000
0.0000000000000000
0.0000000000000000
0.0000000000000000
0.0000000000000000
0.0000000000000000
0.0000000000000000
0.0000000000000000
0.0000000000000000
0.0000000000000000
0.0000000000000000
0.0000000000000000
0.0000000000000000
0.0000000000000000
0.0000000000000000
0.0000000000000000
0.0000000000000000
0.0000000000000000
0.0000000000000000
0.0000000000000000
0.0000000000000000
0.0000000000000000
0.0000000000000000
0.0000000000000000
0.0000000000000000
0.0000000000000000
0.0000000000000000
0.0000000000000000
0.0000000000000000
0.0000000000000000
0.0000000000000000
0.0000000000000000
0.0000000000000000
0.0000000000000000
0.0000000000000000
0.0000000000000000
0.0000000000000000
0.0000000000000000
0.0000000000000000
0.0000000000000000
0.0000000000000000
0.0000000000000000
0.0000000000000000
0.0000000000000000
0.0000000000000000
0.0000000000000000
0.0000000000000000
0.0000000000000000
0.0000000000000000
0.0000000000000000
0.0000000000000000
0.0000000000000000
0.0000000000000000
0.0000000000000000
0.0000000000000000
0.0000000000000000
0.0000000000000000
0.0000000000000000
0.0000000000000000
0.0000000000000000
0.0000000000000000
0.0000000000000000
0.0000000000000000
0.0000000000000000
0.0000000000000000
0.0000000000000000
0.0000000000000000
0.0000000000000000
0.0000000000000000
0.0000000000000000
0.0000000000000000
0.0000000000000000
0.0000000000000000
0.0000000000000000
0.0000000000000000
0.0000000000000000
0.0000000000000000
0.0000000000000000
0.0000000000000000
0.0000000000000000
0.0000000000000000
0.0000000000000000
0.0000000000000000
0.0000000000000000
0.0000000000000000
0.0000000000000000
0.0000000000000000
0.0000000000000000
0.0000000000000000
0.0000000000000000
0.0000000000000000
0.0000000000000000
0.0000000000000000
0.0000000000000000
0.0000000000000000
0.0000000000000000
0.0000000000000000
0.0000000000000000
0.0000000000000000
0.0000000000000000
0.0000000000000000
0.0000000000000000
0.0000000000000000
0.0000000000000000
0.0000000000000000
0.0000000000000000
0.0000000000000000
0.0000000000000000
0.0000000000000000
0.0000000000000000
0.0000000000000000
0.0000000000000000
0.0000000000000000
0.0000000000000000
0.0000000000000000
0.0000000000000000
0.0000000000000000
0.0000000000000000
0.0000000000000000
0.0000000000000000
0.0000000000000000
0.0000000000000000
0.0000000000000000
0.0000000000000000
0.0000000000000000
0.0000000000000000
0.0000000000000000
0.0000000000000000
0.0000000000000000
0.0000000000000000
0.0000000000000000
0.0000000000000000
0.0000000000000000
0.0000000000000000
0.0000000000000000
0.0000000000000000
0.0000000000000000
0.0000000000000000
0.0000000000000000
0.0000000000000000
0.0000000000000000
0.0000000000000000
0.0000000000000000
0.0000000000000000
0.0000000000000000
0.0000000000000000
0.0000000000000000
0.0000000000000000
0.0000000000000000
0.0000000000000000
0.0000000000000000
0.0000000000000000
0.0000000000000000
0.0000000000000000
0.0000000000000000
0.0000000000000000
0.0000000000000000
0.0000000000000000
0.0000000000000000
0.0000000000000000
0.0000000000000000
0.0000000000000000
0.0000000000000000
0.0000000000000000
0.0000000000000000
0.0000000000000000
0.0000000000000000
0.0000000000000000
0.0000000000000000
0.0000000000000000
0.0000000000000000
0.0000000000000000
0.0000000000000000
0.0000000000000000
0.0000000000000000
0.0000000000000000
0.0000000000000000
0.0000000000000000
0.0000000000000000
0.0000000000000000
0.0000000000000000
0.0000000000000000
0.0000000000000000
0.0000000000000000
0.0000000000000000
0.0000000000000000
0.0000000000000000
0.0000000000000000
0.0000000000000000
0.0000000000000000
0.0000000000000000
0.0000000000000000
0.0000000000000000
0.0000000000000000
0.0000000000000000
0.0000000000000000
0.0000000000000000
0.0000000000000000
0.0000000000000000
0.0000000000000000
0.0000000000000000
0.0000000000000000
0.0000000000000000
0.0000000000000000
0.0000000000000000
0.0000000000000000
0.0000000000000000
0.0000000000000000
0.0000000000000000
0.0000000000000000
0.0000000000000000
0.0000000000000000
0.0000000000000000
0.0000000000000000
0.0000000000000000
0.0000000000000000
0.0000000000000000
0.0000000000000000
0.0000000000000000
0.0000000000000000
0.0000000000000000
0.0000000000000000
0.0000000000000000
0.0000000000000000
0.0000000000000000
0.0000000000000000
0.0000000000000000
0.0000000000000000
0.0000000000000000
0.0000000000000000
0.0000000000000000
0.0000000000000000
0.0000000000000000
0.0000000000000000
0.0000000000000000
0.0000000000000000
0.0000000000000000
0.0000000000000000
0.0000000000000000
0.0000000000000000
0.0000000000000000
0.0000000000000000
0.0000000000000000
0.0000000000000000
0.0000000000000000
0.0000000000000000
0.0000000000000000
0.0000000000000000
0.0000000000000000
0.0000000000000000
0.0000000000000000
0.0000000000000000
0.0000000000000000
0.0000000000000000
0.0000000000000000
0.0000000000000000
0.0000000000000000
0.0000000000000000
0.0000000000000000
0.0000000000000000
0.0000000000000000
0.0000000000000000
0.0000000000000000
0.0000000000000000
0.0000000000000000
0.0000000000000000
0.0000000000000000
0.0000000000000000
0.0000000000000000
0.0000000000000000
0.0000000000000000
0.0000000000000000
0.0000000000000000
0.0000000000000000
0.0000000000000000
0.0000000000000000
0.0000000000000000
0.0000000000000000
0.0000000000000000
0.0000000000000000
0.0000000000000000
0.0000000000000000
0.0000000000000000
0.0000000000000000
0.0000000000000000
0.0000000000000000
0.0000000000000000
0.0000000000000000
0.0000000000000000
0.0000000000000000
0.0000000000000000
0.0000000000000000
0.0000000000000000
0.0000000000000000
0.0000000000000000
0.0000000000000000
0.0000000000000000
0.0000000000000000
0.0000000000000000
0.0000000000000000
0.0000000000000000
0.0000000000000000
0.0000000000000000
0.0000000000000000
0.0000000000000000
0.0000000000000000
0.0000000000000000
0.0000000000000000
0.0000000000000000
0.0000000000000000
0.0000000000000000
0.0000000000000000
0.0000000000000000
0.0000000000000000
0.0000000000000000
0.0000000000000000
0.0000000000000000
0.0000000000000000
0.0000000000000000
0.0000000000000000
0.0000000000000000
0.0000000000000000
0.0000000000000000
0.0000000000000000
0.0000000000000000
0.0000000000000000
0.0000000000000000
0.0000000000000000
0.0000000000000000
0.0000000000000000
0.0000000000000000
0.0000000000000000
0.0000000000000000
0.0000000000000000
0.0000000000000000
0.0000000000000000
0.0000000000000000
0.0000000000000000
0.0000000000000000
0.0000000000000000
0.0000000000000000
0.0000000000000000
0.0000000000000000
0.0000000000000000
0.0000000000000000
0.0000000000000000
0.0000000000000000
0.0000000000000000
0.0000000000000000
0.0000000000000000
0.0000000000000000
0.0000000000000000
0.0000000000000000
0.0000000000000000
0.0000000000000000
0.0000000000000000
0.0000000000000000
0.0000000000000000
0.0000000000000000
0.0000000000000000
0.0000000000000000
0.0000000000000000
0.0000000000000000
0.0000000000000000
0.0000000000000000
0.0000000000000000
0.0000000000000000
0.0000000000000000
0.0000000000000000
0.0000000000000000
0.0000000000000000
0.0000000000000000
0.0000000000000000
0.0000000000000000
0.0000000000000000
0.0000000000000000
0.0000000000000000
0.0000000000000000
0.0000000000000000
0.0000000000000000
0.0000000000000000
0.0000000000000000
0.0000000000000000
0.0000000000000000
0.0000000000000000
0.0000000000000000
0.0000000000000000
0.0000000000000000
0.0000000000000000
0.0000000000000000
0.0000000000000000
0.0000000000000000
0.0000000000000000
0.0000000000000000
0.0000000000000000
0.0000000000000000
0.0000000000000000
0.0000000000000000
0.0000000000000000
0.0000000000000000
0.0000000000000000
0.0000000000000000
0.0000000000000000
0.0000000000000000
0.0000000000000000
0.0000000000000000
0.0000000000000000
0.0000000000000000
0.0000000000000000
0.0000000000000000
0.0000000000000000
0.0000000000000000
0.0000000000000000
0.0000000000000000
0.0000000000000000
0.0000000000000000
0.0000000000000000
0.0000000000000000
0.0000000000000000
0.0000000000000000
0.0000000000000000
0.0000000000000000
0.0000000000000000
0.0000000000000000
0.0000000000000000
0.0000000000000000
0.0000000000000000
0.0000000000000000
0.0000000000000000
0.0000000000000000
0.0000000000000000
0.0000000000000000
0.0000000000000000
0.0000000000000000
0.0000000000000000
0.0000000000000000
0.0000000000000000
0.0000000000000000
0.0000000000000000
0.0000000000000000
0.0000000000000000
0.0000000000000000
0.0000000000000000
0.0000000000000000
0.0000000000000000
0.0000000000000000
0.0000000000000000
0.0000000000000000
0.0000000000000000
0.0000000000000000
0.0000000000000000
0.0000000000000000
0.0000000000000000
0.0000000000000000
0.0000000000000000
0.0000000000000000
0.0000000000000000
0.0000000000000000
0.0000000000000000
0.0000000000000000
0.0000000000000000
0.0000000000000000
0.0000000000000000
0.0000000000000000
0.0000000000000000
0.0000000000000000
0.0000000000000000
0.0000000000000000
0.0000000000000000
0.0000000000000000
0.0000000000000000
0.0000000000000000
0.0000000000000000
0.0000000000000000
0.0000000000000000
0.0000000000000000
0.0000000000000000
0.0000000000000000
0.0000000000000000
0.0000000000000000
0.0000000000000000
0.0000000000000000
0.0000000000000000
0.0000000000000000
0.0000000000000000
0.0000000000000000
0.0000000000000000
0.0000000000000000
0.0000000000000000
0.0000000000000000
0.0000000000000000
0.0000000000000000
0.0000000000000000
0.0000000000000000
0.0000000000000000
0.0000000000000000
0.0000000000000000
0.0000000000000000
0.0000000000000000
0.0000000000000000
0.0000000000000000
0.0000000000000000
0.0000000000000000
0.0000000000000000
0.0000000000000000
0.0000000000000000
0.0000000000000000
0.0000000000000000
0.0000000000000000
0.0000000000000000
0.0000000000000000
0.0000000000000000
0.0000000000000000
0.0000000000000000
0.0000000000000000
0.0000000000000000
0.0000000000000000
0.0000000000000000
0.0000000000000000
0.0000000000000000
0.0000000000000000
0.0000000000000000
0.0000000000000000
0.0000000000000000
0.0000000000000000
0.0000000000000000
0.0000000000000000
0.0000000000000000
0.0000000000000000
0.0000000000000000
0.0000000000000000
0.0000000000000000
0.0000000000000000
0.0000000000000000
0.0000000000000000
0.0000000000000000
0.0000000000000000
0.0000000000000000
0.0000000000000000
0.0000000000000000
0.0000000000000000
0.0000000000000000
0.0000000000000000
0.0000000000000000
0.0000000000000000
0.0000000000000000
0.0000000000000000
0.0000000000000000
0.0000000000000000
0.0000000000000000
0.0000000000000000
0.0000000000000000
0.0000000000000000
0.0000000000000000
0.0000000000000000
0.0000000000000000
0.0000000000000000
0.0000000000000000
0.0000000000000000
0.0000000000000000
0.0000000000000000
0.0000000000000000
0.0000000000000000
0.0000000000000000
0.0000000000000000
0.0000000000000000
0.0000000000000000
0.0000000000000000
0.0000000000000000
0.0000000000000000
0.0000000000000000
0.0000000000000000
0.0000000000000000
0.0000000000000000
0.0000000000000000
0.0000000000000000
0.0000000000000000
0.0000000000000000
0.0000000000000000
0.0000000000000000
0.0000000000000000
0.0000000000000000
0.0000000000000000
0.0000000000000000
0.0000000000000000
0.0000000000000000
0.0000000000000000
0.0000000000000000
0.0000000000000000
0.0000000000000000
0.0000000000000000
0.0000000000000000
0.0000000000000000
0.0000000000000000
0.0000000000000000
0.0000000000000000
0.0000000000000000
0.0000000000000000
0.0000000000000000
0.0000000000000000
0.0000000000000000
0.0000000000000000
0.0000000000000000
0.0000000000000000
0.0000000000000000
0.0000000000000000
0.0000000000000000
0.0000000000000000
0.0000000000000000
0.0000000000000000
0.0000000000000000
0.0000000000000000
0.0000000000000000
0.0000000000000000
0.0000000000000000
0.0000000000000000
0.0000000000000000
0.0000000000000000
0.0000000000000000
0.0000000000000000
0.0000000000000000
0.0000000000000000
0.0000000000000000
0.0000000000000000
0.0000000000000000
0.0000000000000000
0.0000000000000000
0.0000000000000000
0.0000000000000000
0.0000000000000000
0.0000000000000000
0.0000000000000000
0.0000000000000000
0.0000000000000000
0.0000000000000000
0.0000000000000000
0.0000000000000000
0.0000000000000000
0.0000000000000000
0.0000000000000000
0.0000000000000000
0.0000000000000000
0.0000000000000000
0.0000000000000000
0.0000000000000000
0.0000000000000000
0.0000000000000000
0.0000000000000000
0.0000000000000000
0.0000000000000000
0.0000000000000000
0.0000000000000000
0.0000000000000000
0.0000000000000000
0.0000000000000000
0.0000000000000000
0.0000000000000000
0.0000000000000000
0.0000000000000000
0.0000000000000000
0.0000000000000000
0.0000000000000000
0.0000000000000000
0.0000000000000000
0.0000000000000000
0.0000000000000000
0.0000000000000000
0.0000000000000000
0.0000000000000000
0.0000000000000000
0.0000000000000000
0.0000000000000000
0.0000000000000000
0.0000000000000000
0.0000000000000000
0.0000000000000000
0.0000000000000000
0.0000000000000000
0.0000000000000000
0.0000000000000000
0.0000000000000000
0.0000000000000000
0.0000000000000000
0.0000000000000000
0.0000000000000000
0.0000000000000000
0.0000000000000000
0.0000000000000000
0.0000000000000000
0.0000000000000000
0.0000000000000000
0.0000000000000000
0.0000000000000000
0.0000000000000000
0.0000000000000000
0.0000000000000000
0.0000000000000000
0.0000000000000000
0.0000000000000000
0.0000000000000000
0.0000000000000000
0.0000000000000000
0.0000000000000000
0.0000000000000000
0.0000000000000000
0.0000000000000000
0.0000000000000000
0.0000000000000000
0.0000000000000000
0.0000000000000000
0.0000000000000000
0.0000000000000000
0.0000000000000000
0.0000000000000000
0.0000000000000000
0.0000000000000000
0.0000000000000000
0.0000000000000000
0.0000000000000000
0.0000000000000000
0.0000000000000000
0.0000000000000000
0.0000000000000000
0.0000000000000000
0.0000000000000000
0.0000000000000000
0.0000000000000000
0.0000000000000000
0.0000000000000000
0.0000000000000000
0.0000000000000000
0.0000000000000000
0.0000000000000000
0.0000000000000000
0.0000000000000000
0.0000000000000000
0.0000000000000000
0.0000000000000000
0.0000000000000000
0.0000000000000000
0.0000000000000000
0.0000000000000000
0.0000000000000000
0.0000000000000000
0.0000000000000000
0.0000000000000000
0.0000000000000000
0.0000000000000000
0.0000000000000000
0.0000000000000000
0.0000000000000000
0.0000000000000000
0.0000000000000000
0.0000000000000000
0.0000000000000000
0.0000000000000000
0.0000000000000000
0.0000000000000000
0.0000000000000000
0.0000000000000000
0.0000000000000000
0.0000000000000000
0.0000000000000000
0.0000000000000000
0.0000000000000000
0.0000000000000000
0.0000000000000000
0.0000000000000000
0.0000000000000000
0.0000000000000000
0.0000000000000000
0.0000000000000000
0.0000000000000000
0.0000000000000000
0.0000000000000000
0.0000000000000000
0.0000000000000000
0.0000000000000000
0.0000000000000000
0.0000000000000000
0.0000000000000000
0.0000000000000000
0.0000000000000000
0.0000000000000000
0.0000000000000000
0.0000000000000000
0.0000000000000000
0.0000000000000000
0.0000000000000000
0.0000000000000000
0.0000000000000000
0.0000000000000000
0.0000000000000000
0.0000000000000000
0.0000000000000000
0.0000000000000000
0.0000000000000000
0.0000000000000000
0.0000000000000000
0.0000000000000000
0.0000000000000000
0.0000000000000000
0.0000000000000000
0.0000000000000000
0.0000000000000000
0.0000000000000000
0.0000000000000000
0.0000000000000000
0.0000000000000000
0.0000000000000000
0.0000000000000000
0.0000000000000000
0.0000000000000000
0.0000000000000000
0.0000000000000000
0.0000000000000000
0.0000000000000000
0.0000000000000000
0.0000000000000000
0.0000000000000000
0.0000000000000000
0.0000000000000000
0.0000000000000000
0.0000000000000000
0.0000000000000000
0.0000000000000000
0.0000000000000000
0.0000000000000000
0.0000000000000000
0.0000000000000000
0.0000000000000000
0.0000000000000000
0.0000000000000000
0.0000000000000000
0.0000000000000000
0.0000000000000000
0.0000000000000000
0.0000000000000000
0.0000000000000000
0.0000000000000000
0.0000000000000000
0.0000000000000000
0.0000000000000000
0.0000000000000000
0.0000000000000000
0.0000000000000000
0.0000000000000000
0.0000000000000000
0.0000000000000000
0.0000000000000000
0.0000000000000000
0.0000000000000000
0.0000000000000000
0.0000000000000000
0.0000000000000000
0.0000000000000000
0.0000000000000000
0.0000000000000000
0.0000000000000000
0.0000000000000000
0.0000000000000000
0.0000000000000000
0.0000000000000000
0.0000000000000000
0.0000000000000000
0.0000000000000000
0.0000000000000000
0.0000000000000000
0.0000000000000000
0.0000000000000000
0.0000000000000000
0.0000000000000000
0.0000000000000000
0.0000000000000000
0.0000000000000000
0.0000000000000000
0.0000000000000000
0.0000000000000000
0.0000000000000000
0.0000000000000000
0.0000000000000000
0.0000000000000000
0.0000000000000000
0.0000000000000000
0.0000000000000000
0.0000000000000000
0.0000000000000000
0.0000000000000000
0.0000000000000000
0.0000000000000000
0.0000000000000000
0.0000000000000000
0.0000000000000000
0.0000000000000000
0.0000000000000000
0.0000000000000000
0.0000000000000000
0.0000000000000000
0.0000000000000000
0.0000000000000000
0.0000000000000000
0.0000000000000000
0.0000000000000000
0.0000000000000000
0.0000000000000000
0.0000000000000000
0.0000000000000000
0.0000000000000000
0.0000000000000000
0.0000000000000000
0.0000000000000000
0.0000000000000000
0.0000000000000000
0.0000000000000000
0.0000000000000000
0.0000000000000000
0.0000000000000000
0.0000000000000000
0.0000000000000000
0.0000000000000000
0.0000000000000000
0.0000000000000000
0.0000000000000000
0.0000000000000000
0.0000000000000000
0.0000000000000000
0.0000000000000000
0.0000000000000000
0.0000000000000000
0.0000000000000000
0.0000000000000000
0.0000000000000000
0.0000000000000000
0.0000000000000000
0.0000000000000000
0.0000000000000000
0.0000000000000000
0.0000000000000000
0.0000000000000000
0.0000000000000000
0.0000000000000000
0.0000000000000000
0.0000000000000000
0.0000000000000000
0.0000000000000000
0.0000000000000000
0.0000000000000000
0.0000000000000000
0.0000000000000000
0.0000000000000000
0.0000000000000000
0.0000000000000000
0.0000000000000000
0.0000000000000000
0.0000000000000000
0.0000000000000000
0.0000000000000000
0.0000000000000000
0.0000000000000000
0.0000000000000000
0.0000000000000000
0.0000000000000000
0.0000000000000000
0.0000000000000000
0.0000000000000000
0.0000000000000000
0.0000000000000000
0.0000000000000000
0.0000000000000000
0.0000000000000000
0.0000000000000000
0.0000000000000000
0.0000000000000000
0.0000000000000000
0.0000000000000000
0.0000000000000000
0.0000000000000000
0.0000000000000000
0.0000000000000000
0.0000000000000000
0.0000000000000000
0.0000000000000000
0.0000000000000000
0.0000000000000000
0.0000000000000000
0.0000000000000000
0.0000000000000000
0.0000000000000000
0.0000000000000000
0.0000000000000000
0.0000000000000000
0.0000000000000000
0.0000000000000000
0.0000000000000000
0.0000000000000000
0.0000000000000000
0.0000000000000000
0.0000000000000000
0.0000000000000000
0.0000000000000000
0.0000000000000000
0.0000000000000000
0.0000000000000000
0.0000000000000000
0.0000000000000000
0.0000000000000000
0.0000000000000000
0.0000000000000000
0.0000000000000000
0.0000000000000000
0.0000000000000000
0.0000000000000000
0.0000000000000000
0.0000000000000000
0.0000000000000000
0.0000000000000000
0.0000000000000000
0.0000000000000000
0.0000000000000000
0.0000000000000000
0.0000000000000000
0.0000000000000000
0.0000000000000000
0.0000000000000000
0.0000000000000000
0.0000000000000000
0.0000000000000000
0.0000000000000000
0.0000000000000000
0.0000000000000000
0.0000000000000000
0.0000000000000000
0.0000000000000000
0.0000000000000000
0.0000000000000000
0.0000000000000000
0.0000000000000000
0.0000000000000000
0.0000000000000000
0.0000000000000000
0.0000000000000000
0.0000000000000000
0.0000000000000000
0.0000000000000000
0.0000000000000000
0.0000000000000000
0.0000000000000000
0.0000000000000000
0.0000000000000000
0.0000000000000000
0.0000000000000000
0.0000000000000000
0.0000000000000000
0.0000000000000000
0.0000000000000000
0.0000000000000000
0.0000000000000000
0.0000000000000000
0.0000000000000000
0.0000000000000000
0.0000000000000000
0.0000000000000000
0.0000000000000000
0.0000000000000000
0.0000000000000000
0.0000000000000000
0.0000000000000000
0.0000000000000000
0.0000000000000000
0.0000000000000000
0.0000000000000000
0.0000000000000000
0.0000000000000000
0.0000000000000000
0.0000000000000000
0.0000000000000000
0.0000000000000000
0.0000000000000000
0.0000000000000000
0.0000000000000000
0.0000000000000000
0.0000000000000000
0.0000000000000000
0.0000000000000000
0.0000000000000000
0.0000000000000000
0.0000000000000000
0.0000000000000000
0.0000000000000000
0.0000000000000000
0.0000000000000000
0.0000000000000000
0.0000000000000000
0.0000000000000000
0.0000000000000000
0.0000000000000000
0.0000000000000000
0.0000000000000000
0.0000000000000000
0.0000000000000000
0.0000000000000000
0.0000000000000000
0.0000000000000000
0.0000000000000000
0.0000000000000000
0.0000000000000000
0.0000000000000000
0.0000000000000000
0.0000000000000000
0.0000000000000000
0.0000000000000000
0.0000000000000000
0.0000000000000000
0.0000000000000000
0.0000000000000000
0.0000000000000000
0.0000000000000000
0.0000000000000000
0.0000000000000000
0.0000000000000000
0.0000000000000000
0.0000000000000000
0.0000000000000000
0.0000000000000000
0.0000000000000000
0.0000000000000000
0.0000000000000000
0.0000000000000000
0.0000000000000000
0.0000000000000000
0.0000000000000000
0.0000000000000000
0.0000000000000000
0.0000000000000000
0.0000000000000000
0.0000000000000000
0.0000000000000000
0.0000000000000000
0.0000000000000000
0.0000000000000000
0.0000000000000000
0.0000000000000000
0.0000000000000000
0.0000000000000000
0.0000000000000000
0.0000000000000000
0.0000000000000000
0.0000000000000000
0.0000000000000000
0.0000000000000000
0.0000000000000000
0.0000000000000000
0.0000000000000000
0.0000000000000000
0.0000000000000000
0.0000000000000000
0.0000000000000000
0.0000000000000000
0.0000000000000000
0.0000000000000000
0.0000000000000000
0.0000000000000000
0.0000000000000000
0.0000000000000000
0.0000000000000000
0.0000000000000000
0.0000000000000000
0.0000000000000000
0.0000000000000000
0.0000000000000000
0.0000000000000000
0.0000000000000000
0.0000000000000000
0.0000000000000000
0.0000000000000000
0.0000000000000000
0.0000000000000000
0.0000000000000000
0.0000000000000000
0.0000000000000000
0.0000000000000000
0.0000000000000000
0.0000000000000000
0.0000000000000000
0.0000000000000000
0.0000000000000000
0.0000000000000000
0.0000000000000000
0.0000000000000000
0.0000000000000000
0.0000000000000000
0.0000000000000000
0.0000000000000000
0.0000000000000000
0.0000000000000000
0.0000000000000000
0.0000000000000000
0.0000000000000000
0.0000000000000000
0.0000000000000000
0.0000000000000000
0.0000000000000000
0.0000000000000000
0.0000000000000000
0.0000000000000000
0.0000000000000000
0.0000000000000000
0.0000000000000000
0.0000000000000000
0.0000000000000000
0.0000000000000000
0.0000000000000000
0.0000000000000000
0.0000000000000000
0.0000000000000000
0.0000000000000000
0.0000000000000000
0.0000000000000000
0.0000000000000000
0.0000000000000000
0.0000000000000000
0.0000000000000000
0.0000000000000000
0.0000000000000000
0.0000000000000000
0.0000000000000000
0.0000000000000000
0.0000000000000000
0.0000000000000000
0.0000000000000000
0.0000000000000000
0.0000000000000000
0.0000000000000000
0.0000000000000000
0.0000000000000000
0.0000000000000000
0.0000000000000000
0.0000000000000000
0.0000000000000000
0.0000000000000000
0.0000000000000000
0.0000000000000000
0.0000000000000000
0.0000000000000000
0.0000000000000000
0.0000000000000000
0.0000000000000000
0.0000000000000000
0.0000000000000000
0.0000000000000000
0.0000000000000000
0.0000000000000000
0.0000000000000000
0.0000000000000000
0.0000000000000000
0.0000000000000000
0.0000000000000000
0.0000000000000000
0.0000000000000000
0.0000000000000000
0.0000000000000000
0.0000000000000000
0.0000000000000000
0.0000000000000000
0.0000000000000000
0.0000000000000000
0.0000000000000000
0.0000000000000000
0.0000000000000000
0.0000000000000000
0.0000000000000000
0.0000000000000000
0.0000000000000000
0.0000000000000000
0.0000000000000000
0.0000000000000000
0.0000000000000000
0.0000000000000000
0.0000000000000000
0.0000000000000000
0.0000000000000000
0.0000000000000000
0.0000000000000000
0.0000000000000000
0.0000000000000000
0.0000000000000000
0.0000000000000000
0.0000000000000000
0.0000000000000000
0.0000000000000000
0.0000000000000000
0.0000000000000000
0.0000000000000000
0.0000000000000000
0.0000000000000000
0.0000000000000000
0.0000000000000000
0.0000000000000000
0.0000000000000000
0.0000000000000000
0.0000000000000000
0.0000000000000000
0.0000000000000000
0.0000000000000000
0.0000000000000000
0.0000000000000000
0.0000000000000000
0.0000000000000000
0.0000000000000000
0.0000000000000000
0.0000000000000000
0.0000000000000000
0.0000000000000000
0.0000000000000000
0.0000000000000000
0.0000000000000000
0.0000000000000000
0.0000000000000000
0.0000000000000000
0.0000000000000000
0.0000000000000000
0.0000000000000000
0.0000000000000000
0.0000000000000000
0.0000000000000000
0.0000000000000000
0.0000000000000000
0.0000000000000000
0.0000000000000000
0.0000000000000000
0.0000000000000000
0.0000000000000000
0.0000000000000000
0.0000000000000000
0.0000000000000000
0.0000000000000000
0.0000000000000000
0.0000000000000000
0.0000000000000000
0.0000000000000000
0.0000000000000000
0.0000000000000000
0.0000000000000000
0.0000000000000000
0.0000000000000000
0.0000000000000000
0.0000000000000000
0.0000000000000000
0.0000000000000000
0.0000000000000000
0.0000000000000000
0.0000000000000000
0.0000000000000000
0.0000000000000000
0.0000000000000000
0.0000000000000000
0.0000000000000000
0.0000000000000000
0.0000000000000000
0.0000000000000000
0.0000000000000000
0.0000000000000000
0.0000000000000000
0.0000000000000000
0.0000000000000000
0.0000000000000000
0.0000000000000000
0.0000000000000000
0.0000000000000000
0.0000000000000000
0.0000000000000000
0.0000000000000000
0.0000000000000000
0.0000000000000000
0.0000000000000000
0.0000000000000000
0.0000000000000000
0.0000000000000000
0.0000000000000000
0.0000000000000000
0.0000000000000000
0.0000000000000000
0.0000000000000000
0.0000000000000000
0.0000000000000000
0.0000000000000000
0.0000000000000000
0.0000000000000000
0.0000000000000000
0.0000000000000000
0.0000000000000000
0.0000000000000000
0.0000000000000000
0.0000000000000000
0.0000000000000000
0.0000000000000000
0.0000000000000000
0.0000000000000000
0.0000000000000000
0.0000000000000000
0.0000000000000000
0.0000000000000000
0.0000000000000000
0.0000000000000000
0.0000000000000000
0.0000000000000000
0.0000000000000000
0.0000000000000000
0.0000000000000000
0.0000000000000000
0.0000000000000000
0.0000000000000000
0.0000000000000000
0.0000000000000000
0.0000000000000000
0.0000000000000000
0.0000000000000000
0.0000000000000000
0.0000000000000000
0.0000000000000000
0.0000000000000000
0.0000000000000000
0.0000000000000000
0.0000000000000000
0.0000000000000000
0.0000000000000000
0.0000000000000000
0.0000000000000000
0.0000000000000000
0.0000000000000000
0.0000000000000000
0.0000000000000000
0.0000000000000000
0.0000000000000000
0.0000000000000000
0.0000000000000000
0.0000000000000000
0.0000000000000000
0.0000000000000000
0.0000000000000000
0.0000000000000000
0.0000000000000000
0.0000000000000000
0.0000000000000000
0.0000000000000000
0.0000000000000000
0.0000000000000000
0.0000000000000000
0.0000000000000000
0.0000000000000000
0.0000000000000000
0.0000000000000000
0.0000000000000000
0.0000000000000000
0.0000000000000000
0.0000000000000000
0.0000000000000000
0.0000000000000000
0.0000000000000000
0.0000000000000000
0.0000000000000000
0.0000000000000000
0.0000000000000000
0.0000000000000000
0.0000000000000000
0.0000000000000000
0.0000000000000000
0.0000000000000000
0.0000000000000000
0.0000000000000000
0.0000000000000000
0.0000000000000000
0.0000000000000000
0.0000000000000000
0.0000000000000000
0.0000000000000000
0.0000000000000000
0.0000000000000000
0.0000000000000000
0.0000000000000000
0.0000000000000000
0.0000000000000000
0.0000000000000000
0.0000000000000000
0.0000000000000000
0.0000000000000000
0.0000000000000000
0.0000000000000000
0.0000000000000000
0.0000000000000000
0.0000000000000000
0.0000000000000000
0.0000000000000000
0.0000000000000000
0.0000000000000000
0.0000000000000000
0.0000000000000000
0.0000000000000000
0.0000000000000000
0.0000000000000000
0.0000000000000000
0.0000000000000000
0.0000000000000000
0.0000000000000000
0.0000000000000000
0.0000000000000000
0.0000000000000000
0.0000000000000000
0.0000000000000000
0.0000000000000000
0.0000000000000000
0.0000000000000000
0.0000000000000000
0.0000000000000000
0.0000000000000000
0.0000000000000000
0.0000000000000000
0.0000000000000000
0.0000000000000000
0.0000000000000000
0.0000000000000000
0.0000000000000000
0.0000000000000000
0.0000000000000000
0.0000000000000000
0.0000000000000000
0.0000000000000000
0.0000000000000000
0.0000000000000000
0.0000000000000000
0.0000000000000000
0.0000000000000000
0.0000000000000000
0.0000000000000000
0.0000000000000000
0.0000000000000000
0.0000000000000000
0.0000000000000000
0.0000000000000000
0.0000000000000000
0.0000000000000000
0.0000000000000000
0.0000000000000000
0.0000000000000000
0.0000000000000000
0.0000000000000000
0.0000000000000000
0.0000000000000000
0.0000000000000000
0.0000000000000000
0.0000000000000000
0.0000000000000000
0.0000000000000000
0.0000000000000000
0.0000000000000000
0.0000000000000000
0.0000000000000000
0.0000000000000000
0.0000000000000000
0.0000000000000000
0.0000000000000000
0.0000000000000000
0.0000000000000000
0.0000000000000000
0.0000000000000000
0.0000000000000000
0.0000000000000000
0.0000000000000000
0.0000000000000000
0.0000000000000000
0.0000000000000000
0.0000000000000000
0.0000000000000000
0.0000000000000000
0.0000000000000000
0.0000000000000000
0.0000000000000000
0.0000000000000000
0.0000000000000000
0.0000000000000000
0.0000000000000000
0.0000000000000000
0.0000000000000000
0.0000000000000000
0.0000000000000000
0.0000000000000000
0.0000000000000000
0.0000000000000000
0.0000000000000000
0.0000000000000000
0.0000000000000000
0.0000000000000000
0.0000000000000000
0.0000000000000000
0.0000000000000000
0.0000000000000000
0.0000000000000000
0.0000000000000000
0.0000000000000000
0.0000000000000000
0.0000000000000000
0.0000000000000000
0.0000000000000000
0.0000000000000000
0.0000000000000000
0.0000000000000000
0.0000000000000000
0.0000000000000000
0.0000000000000000
0.0000000000000000
0.0000000000000000
0.0000000000000000
0.0000000000000000
0.0000000000000000
0.0000000000000000
0.0000000000000000
0.0000000000000000
0.0000000000000000
0.0000000000000000
0.0000000000000000
0.0000000000000000
0.0000000000000000
0.0000000000000000
0.0000000000000000
0.0000000000000000
0.0000000000000000
0.0000000000000000
0.0000000000000000
0.0000000000000000
0.0000000000000000
0.0000000000000000
0.0000000000000000
0.0000000000000000
0.0000000000000000
0.0000000000000000
0.0000000000000000
0.0000000000000000
0.0000000000000000
0.0000000000000000
0.0000000000000000
0.0000000000000000
0.0000000000000000
0.0000000000000000
0.0000000000000000
0.0000000000000000
0.0000000000000000
0.0000000000000000
0.0000000000000000
0.0000000000000000
0.0000000000000000
0.0000000000000000
0.0000000000000000
0.0000000000000000
0.0000000000000000
0.0000000000000000
0.0000000000000000
0.0000000000000000
0.0000000000000000
0.0000000000000000
0.0000000000000000
0.0000000000000000
0.0000000000000000
0.0000000000000000
0.0000000000000000
0.0000000000000000
0.0000000000000000
0.0000000000000000
0.0000000000000000
0.0000000000000000
0.0000000000000000
0.0000000000000000
0.0000000000000000
0.0000000000000000
0.0000000000000000
0.0000000000000000
0.0000000000000000
0.0000000000000000
0.0000000000000000
0.0000000000000000
0.0000000000000000
0.0000000000000000
0.0000000000000000
0.0000000000000000
0.0000000000000000
0.0000000000000000
0.0000000000000000
0.0000000000000000
0.0000000000000000
0.0000000000000000
0.0000000000000000
0.0000000000000000
0.0000000000000000
0.0000000000000000
0.0000000000000000
0.0000000000000000
0.0000000000000000
0.0000000000000000
0.0000000000000000
0.0000000000000000
0.0000000000000000
0.0000000000000000
0.0000000000000000
0.0000000000000000
0.0000000000000000
0.0000000000000000
0.0000000000000000
0.0000000000000000
0.0000000000000000
0.0000000000000000
0.0000000000000000
0.0000000000000000
0.0000000000000000
0.0000000000000000
0.0000000000000000
0.0000000000000000
0.0000000000000000
0.0000000000000000
0.0000000000000000
0.0000000000000000
0.0000000000000000
0.0000000000000000
0.0000000000000000
0.0000000000000000
0.0000000000000000
0.0000000000000000
0.0000000000000000
0.0000000000000000
0.0000000000000000
0.0000000000000000
0.0000000000000000
0.0000000000000000
0.0000000000000000
0.0000000000000000
0.0000000000000000
0.0000000000000000
0.0000000000000000
0.0000000000000000
0.0000000000000000
0.0000000000000000
0.0000000000000000
0.0000000000000000
0.0000000000000000
0.0000000000000000
0.0000000000000000
0.0000000000000000
0.0000000000000000
0.0000000000000000
0.0000000000000000
0.0000000000000000
0.0000000000000000
0.0000000000000000
0.0000000000000000
0.0000000000000000
0.0000000000000000
0.0000000000000000
0.0000000000000000
0.0000000000000000
0.0000000000000000
0.0000000000000000
0.0000000000000000
0.0000000000000000
0.0000000000000000
0.0000000000000000
0.0000000000000000
0.0000000000000000
0.0000000000000000
0.0000000000000000
0.0000000000000000
0.0000000000000000
0.0000000000000000
0.0000000000000000
0.0000000000000000
0.0000000000000000
0.0000000000000000
0.0000000000000000
0.0000000000000000
0.0000000000000000
0.0000000000000000
0.0000000000000000
0.0000000000000000
0.0000000000000000
0.0000000000000000
0.0000000000000000
0.0000000000000000
0.0000000000000000
0.0000000000000000
0.0000000000000000
0.0000000000000000
0.0000000000000000
0.0000000000000000
0.0000000000000000
0.0000000000000000
0.0000000000000000
0.0000000000000000
0.0000000000000000
0.0000000000000000
0.0000000000000000
0.0000000000000000
0.0000000000000000
0.0000000000000000
0.0000000000000000
0.0000000000000000
0.0000000000000000
0.0000000000000000
0.0000000000000000
0.0000000000000000
0.0000000000000000
0.0000000000000000
0.0000000000000000
0.0000000000000000
0.0000000000000000
0.0000000000000000
0.0000000000000000
0.0000000000000000
0.0000000000000000
0.0000000000000000
0.0000000000000000
0.0000000000000000
0.0000000000000000
0.0000000000000000
0.0000000000000000
0.0000000000000000
0.0000000000000000
0.0000000000000000
0.0000000000000000
0.0000000000000000
0.0000000000000000
0.0000000000000000
0.0000000000000000
0.0000000000000000
0.0000000000000000
0.0000000000000000
0.0000000000000000
0.0000000000000000
0.0000000000000000
0.0000000000000000
0.0000000000000000
0.0000000000000000
0.0000000000000000
0.0000000000000000
0.0000000000000000
0.0000000000000000
0.0000000000000000
0.0000000000000000
0.0000000000000000
0.0000000000000000
0.0000000000000000
0.0000000000000000
0.0000000000000000
0.0000000000000000
0.0000000000000000
0.0000000000000000
0.0000000000000000
0.0000000000000000
0.0000000000000000
0.0000000000000000
0.0000000000000000
0.0000000000000000
0.0000000000000000
0.0000000000000000
0.0000000000000000
0.0000000000000000
0.0000000000000000
0.0000000000000000
0.0000000000000000
0.0000000000000000
0.0000000000000000
0.0000000000000000
0.0000000000000000
0.0000000000000000
0.0000000000000000
0.0000000000000000
0.0000000000000000
0.0000000000000000
0.0000000000000000
0.0000000000000000
0.0000000000000000
0.0000000000000000
0.0000000000000000
0.0000000000000000
0.0000000000000000
0.0000000000000000
0.0000000000000000
0.0000000000000000
0.0000000000000000
0.0000000000000000
0.0000000000000000
0.0000000000000000
0.0000000000000000
0.0000000000000000
0.0000000000000000
0.0000000000000000
0.0000000000000000
0.0000000000000000
0.0000000000000000
0.0000000000000000
0.0000000000000000
0.0000000000000000
0.0000000000000000
0.0000000000000000
0.0000000000000000
0.0000000000000000
0.0000000000000000
0.0000000000000000
0.0000000000000000
0.0000000000000000
0.0000000000000000
0.0000000000000000
0.0000000000000000
0.0000000000000000
0.0000000000000000
0.0000000000000000
0.0000000000000000
0.0000000000000000
0.0000000000000000
0.0000000000000000
0.0000000000000000
0.0000000000000000
0.0000000000000000
0.0000000000000000
0.0000000000000000
0.0000000000000000
0.0000000000000000
0.0000000000000000
0.0000000000000000
0.0000000000000000
0.0000000000000000
0.0000000000000000
0.0000000000000000
0.0000000000000000
0.0000000000000000
0.0000000000000000
0.0000000000000000
0.0000000000000000
0.0000000000000000
0.0000000000000000
0.0000000000000000
0.0000000000000000
0.0000000000000000
0.0000000000000000
0.0000000000000000
0.0000000000000000
0.0000000000000000
0.0000000000000000
0.0000000000000000
0.0000000000000000
0.0000000000000000
0.0000000000000000
0.0000000000000000
0.0000000000000000
0.0000000000000000
0.0000000000000000
0.0000000000000000
0.0000000000000000
0.0000000000000000
0.0000000000000000
0.0000000000000000
0.0000000000000000
0.0000000000000000
0.0000000000000000
0.0000000000000000
0.0000000000000000
0.0000000000000000
0.0000000000000000
0.0000000000000000
0.0000000000000000
0.0000000000000000
0.0000000000000000
0.0000000000000000
0.0000000000000000
0.0000000000000000
0.0000000000000000
0.0000000000000000
0.0000000000000000
0.0000000000000000
0.0000000000000000
0.0000000000000000
0.0000000000000000
0.0000000000000000
0.0000000000000000
0.0000000000000000
0.0000000000000000
0.0000000000000000
0.0000000000000000
0.0000000000000000
0.0000000000000000
0.0000000000000000
0.0000000000000000
0.0000000000000000
0.0000000000000000
0.0000000000000000
0.0000000000000000
0.0000000000000000
0.0000000000000000
0.0000000000000000
0.0000000000000000
0.0000000000000000
0.0000000000000000
0.0000000000000000
0.0000000000000000
0.0000000000000000
0.0000000000000000
0.0000000000000000
0.0000000000000000
0.0000000000000000
0.0000000000000000
0.0000000000000000
0.0000000000000000
0.0000000000000000
0.0000000000000000
0.0000000000000000
0.0000000000000000
0.0000000000000000
0.0000000000000000
0.0000000000000000
0.0000000000000000
0.0000000000000000
0.0000000000000000
0.0000000000000000
0.0000000000000000
0.0000000000000000
0.0000000000000000
0.0000000000000000
0.0000000000000000
0.0000000000000000
0.0000000000000000
0.0000000000000000
0.0000000000000000
0.0000000000000000
0.0000000000000000
0.0000000000000000
0.0000000000000000
0.0000000000000000
0.0000000000000000
0.0000000000000000
0.0000000000000000
0.0000000000000000
0.0000000000000000
0.0000000000000000
0.0000000000000000
0.0000000000000000
0.0000000000000000
0.0000000000000000
0.0000000000000000
0.0000000000000000
0.0000000000000000
0.0000000000000000
0.0000000000000000
0.0000000000000000
0.0000000000000000
0.0000000000000000
0.0000000000000000
0.0000000000000000
0.0000000000000000
0.0000000000000000
0.0000000000000000
0.0000000000000000
0.0000000000000000
0.0000000000000000
0.0000000000000000
0.0000000000000000
0.0000000000000000
0.0000000000000000
0.0000000000000000
0.0000000000000000
0.0000000000000000
0.0000000000000000
0.0000000000000000
0.0000000000000000
0.0000000000000000
0.0000000000000000
0.0000000000000000
0.0000000000000000
0.0000000000000000
0.0000000000000000
0.0000000000000000
0.0000000000000000
0.0000000000000000
0.0000000000000000
0.0000000000000000
0.0000000000000000
0.0000000000000000
0.0000000000000000
0.0000000000000000
0.0000000000000000
0.0000000000000000
0.0000000000000000
0.0000000000000000
0.0000000000000000
0.0000000000000000
0.0000000000000000
0.0000000000000000
0.0000000000000000
0.0000000000000000
0.0000000000000000
0.0000000000000000
0.0000000000000000
0.0000000000000000
0.0000000000000000
0.0000000000000000
0.0000000000000000
0.0000000000000000
0.0000000000000000
0.0000000000000000
0.0000000000000000
0.0000000000000000
0.0000000000000000
0.0000000000000000
0.0000000000000000
0.0000000000000000
0.0000000000000000
0.0000000000000000
0.0000000000000000
0.0000000000000000
0.0000000000000000
0.0000000000000000
0.0000000000000000
0.0000000000000000
0.0000000000000000
0.0000000000000000
0.0000000000000000
0.0000000000000000
0.0000000000000000
0.0000000000000000
0.0000000000000000
0.0000000000000000
0.0000000000000000
0.0000000000000000
0.0000000000000000
0.0000000000000000
0.0000000000000000
0.0000000000000000
0.0000000000000000
0.0000000000000000
0.0000000000000000
0.0000000000000000
0.0000000000000000
0.0000000000000000
0.0000000000000000
0.0000000000000000
0.0000000000000000
0.0000000000000000
0.0000000000000000
0.0000000000000000
0.0000000000000000
0.0000000000000000
0.0000000000000000
0.0000000000000000
0.0000000000000000
0.0000000000000000
0.0000000000000000
0.0000000000000000
0.0000000000000000
0.0000000000000000
0.0000000000000000
0.0000000000000000
0.0000000000000000
0.0000000000000000
0.0000000000000000
0.0000000000000000
0.0000000000000000
0.0000000000000000
0.0000000000000000
0.0000000000000000
0.0000000000000000
0.0000000000000000
0.0000000000000000
0.0000000000000000
0.0000000000000000
0.0000000000000000
0.0000000000000000
0.0000000000000000
0.0000000000000000
0.0000000000000000
0.0000000000000000
0.0000000000000000
0.0000000000000000
0.0000000000000000
0.0000000000000000
0.0000000000000000
0.0000000000000000
0.0000000000000000
0.0000000000000000
0.0000000000000000
0.0000000000000000
0.0000000000000000
0.0000000000000000
0.0000000000000000
0.0000000000000000
0.0000000000000000
0.0000000000000000
0.0000000000000000
0.0000000000000000
0.0000000000000000
0.0000000000000000
0.0000000000000000
0.0000000000000000
0.0000000000000000
0.0000000000000000
0.0000000000000000
0.0000000000000000
0.0000000000000000
0.0000000000000000
0.0000000000000000
0.0000000000000000
0.0000000000000000
0.0000000000000000
0.0000000000000000
0.0000000000000000
0.0000000000000000
0.0000000000000000
0.0000000000000000
0.0000000000000000
0.0000000000000000
0.0000000000000000
0.0000000000000000
0.0000000000000000
0.0000000000000000
0.0000000000000000
0.0000000000000000
0.0000000000000000
0.0000000000000000
0.0000000000000000
0.0000000000000000
0.0000000000000000
0.0000000000000000
0.0000000000000000
0.0000000000000000
0.0000000000000000
0.0000000000000000
0.0000000000000000
0.0000000000000000
0.0000000000000000
0.0000000000000000
0.0000000000000000
0.0000000000000000
0.0000000000000000
0.0000000000000000
0.0000000000000000
0.0000000000000000
0.0000000000000000
0.0000000000000000
0.0000000000000000
0.0000000000000000
0.0000000000000000
0.0000000000000000
0.0000000000000000
0.0000000000000000
0.0000000000000000
0.0000000000000000
0.0000000000000000
0.0000000000000000
0.0000000000000000
0.0000000000000000
0.0000000000000000
0.0000000000000000
0.0000000000000000
0.0000000000000000
0.0000000000000000
0.0000000000000000
0.0000000000000000
0.0000000000000000
0.0000000000000000
0.0000000000000000
0.0000000000000000
0.0000000000000000
0.0000000000000000
0.0000000000000000
0.0000000000000000
0.0000000000000000
0.0000000000000000
0.0000000000000000
0.0000000000000000
0.0000000000000000
0.0000000000000000
0.0000000000000000
0.0000000000000000
0.0000000000000000
0.0000000000000000
0.0000000000000000
0.0000000000000000
0.0000000000000000
0.0000000000000000
0.0000000000000000
0.0000000000000000
0.0000000000000000
0.0000000000000000
0.0000000000000000
0.0000000000000000
0.0000000000000000
0.0000000000000000
0.0000000000000000
0.0000000000000000
0.0000000000000000
0.0000000000000000
0.0000000000000000
0.0000000000000000
0.0000000000000000
0.0000000000000000
0.0000000000000000
0.0000000000000000
0.0000000000000000
0.0000000000000000
0.0000000000000000
0.0000000000000000
0.0000000000000000
0.0000000000000000
0.0000000000000000
0.0000000000000000
0.0000000000000000
0.0000000000000000
0.0000000000000000
0.0000000000000000
0.0000000000000000
0.0000000000000000
0.0000000000000000
0.0000000000000000
0.0000000000000000
0.0000000000000000
0.0000000000000000
0.0000000000000000
0.0000000000000000
0.0000000000000000
0.0000000000000000
0.0000000000000000
0.0000000000000000
0.0000000000000000
0.0000000000000000
0.0000000000000000
0.0000000000000000
0.0000000000000000
0.0000000000000000
0.0000000000000000
0.0000000000000000
0.0000000000000000
0.0000000000000000
0.0000000000000000
0.0000000000000000
0.0000000000000000
0.0000000000000000
0.0000000000000000
0.0000000000000000
0.0000000000000000
0.0000000000000000
0.0000000000000000
0.0000000000000000
0.0000000000000000
0.0000000000000000
0.0000000000000000
0.0000000000000000
0.0000000000000000
0.0000000000000000
0.0000000000000000
0.0000000000000000
0.0000000000000000
0.0000000000000000
0.0000000000000000
0.0000000000000000
0.0000000000000000
0.0000000000000000
0.0000000000000000
0.0000000000000000
0.0000000000000000
0.0000000000000000
0.0000000000000000
0.0000000000000000
0.0000000000000000
0.0000000000000000
0.0000000000000000
0.0000000000000000
0.0000000000000000
0.0000000000000000
0.0000000000000000
0.0000000000000000
0.0000000000000000
0.0000000000000000
0.0000000000000000
0.0000000000000000
0.0000000000000000
0.0000000000000000
0.0000000000000000
0.0000000000000000
0.0000000000000000
0.0000000000000000
0.0000000000000000
0.0000000000000000
0.0000000000000000
0.0000000000000000
0.0000000000000000
0.0000000000000000
0.0000000000000000
0.0000000000000000
0.0000000000000000
0.0000000000000000
0.0000000000000000
0.0000000000000000
0.0000000000000000
0.0000000000000000
0.0000000000000000
0.0000000000000000
0.0000000000000000
0.0000000000000000
0.0000000000000000
0.0000000000000000
0.0000000000000000
0.0000000000000000
0.0000000000000000
0.0000000000000000
0.0000000000000000
0.0000000000000000
0.0000000000000000
0.0000000000000000
0.0000000000000000
0.0000000000000000
0.0000000000000000
0.0000000000000000
0.0000000000000000
0.0000000000000000
0.0000000000000000
0.0000000000000000
0.0000000000000000
0.0000000000000000
0.0000000000000000
0.0000000000000000
0.0000000000000000
0.0000000000000000
0.0000000000000000
0.0000000000000000
0.0000000000000000
0.0000000000000000
0.0000000000000000
0.0000000000000000
0.0000000000000000
0.0000000000000000
0.0000000000000000
0.0000000000000000
0.0000000000000000
0.0000000000000000
0.0000000000000000
0.0000000000000000
0.0000000000000000
0.0000000000000000
0.0000000000000000
0.0000000000000000
0.0000000000000000
0.0000000000000000
0.0000000000000000
0.0000000000000000
0.0000000000000000
0.0000000000000000
0.0000000000000000
0.0000000000000000
0.0000000000000000
0.0000000000000000
0.0000000000000000
0.0000000000000000
0.0000000000000000
0.0000000000000000
0.0000000000000000
0.0000000000000000
0.0000000000000000
0.0000000000000000
0.0000000000000000
0.0000000000000000
0.0000000000000000
0.0000000000000000
0.0000000000000000
0.0000000000000000
0.0000000000000000
0.0000000000000000
0.0000000000000000
0.0000000000000000
0.0000000000000000
0.0000000000000000
0.0000000000000000
0.0000000000000000
0.0000000000000000
0.0000000000000000
0.0000000000000000
0.0000000000000000
0.0000000000000000
0.0000000000000000
0.0000000000000000
0.0000000000000000
0.0000000000000000
0.0000000000000000
0.0000000000000000
0.0000000000000000
0.0000000000000000
0.0000000000000000
0.0000000000000000
0.0000000000000000
0.0000000000000000
0.0000000000000000
0.0000000000000000
0.0000000000000000
0.0000000000000000
0.0000000000000000
0.0000000000000000
0.0000000000000000
0.0000000000000000
0.0000000000000000
0.0000000000000000
0.0000000000000000
0.0000000000000000
0.0000000000000000
0.0000000000000000
0.0000000000000000
0.0000000000000000
0.0000000000000000
0.0000000000000000
0.0000000000000000
0.0000000000000000
0.0000000000000000
0.0000000000000000
0.0000000000000000
0.0000000000000000
0.0000000000000000
0.0000000000000000
0.0000000000000000
0.0000000000000000
0.0000000000000000
0.0000000000000000
0.0000000000000000
0.0000000000000000
0.0000000000000000
0.0000000000000000
0.0000000000000000
0.0000000000000000
0.0000000000000000
0.0000000000000000
0.0000000000000000
0.0000000000000000
0.0000000000000000
0.0000000000000000
0.0000000000000000
0.0000000000000000
0.0000000000000000
0.0000000000000000
0.0000000000000000
0.0000000000000000
0.0000000000000000
0.0000000000000000
0.0000000000000000
0.0000000000000000
0.0000000000000000
0.0000000000000000
0.0000000000000000
0.0000000000000000
0.0000000000000000
0.0000000000000000
0.0000000000000000
0.0000000000000000
0.0000000000000000
0.0000000000000000
0.0000000000000000
0.0000000000000000
0.0000000000000000
0.0000000000000000
0.0000000000000000
0.0000000000000000
0.0000000000000000
0.0000000000000000
0.0000000000000000
0.0000000000000000
0.0000000000000000
0.0000000000000000
0.0000000000000000
0.0000000000000000
0.0000000000000000
0.0000000000000000
0.0000000000000000
0.0000000000000000
0.0000000000000000
0.0000000000000000
0.0000000000000000
0.0000000000000000
0.0000000000000000
0.0000000000000000
0.0000000000000000
0.0000000000000000
0.0000000000000000
0.0000000000000000
0.0000000000000000
0.0000000000000000
0.0000000000000000
0.0000000000000000
0.0000000000000000
0.0000000000000000
0.0000000000000000
0.0000000000000000
0.0000000000000000
0.0000000000000000
0.0000000000000000
0.0000000000000000
0.0000000000000000
0.0000000000000000
0.0000000000000000
0.0000000000000000
0.0000000000000000
0.0000000000000000
0.0000000000000000
0.0000000000000000
0.0000000000000000
0.0000000000000000
0.0000000000000000
0.0000000000000000
0.0000000000000000
0.0000000000000000
0.0000000000000000
0.0000000000000000
0.0000000000000000
0.0000000000000000
0.0000000000000000
0.0000000000000000
0.0000000000000000
0.0000000000000000
0.0000000000000000
0.0000000000000000
0.0000000000000000
0.0000000000000000
0.0000000000000000
0.0000000000000000
0.0000000000000000
0.0000000000000000
0.0000000000000000
0.0000000000000000
0.0000000000000000
0.0000000000000000
0.0000000000000000
0.0000000000000000
0.0000000000000000
0.0000000000000000
0.0000000000000000
0.0000000000000000
0.0000000000000000
0.0000000000000000
0.0000000000000000
0.0000000000000000
0.0000000000000000
0.0000000000000000
0.0000000000000000
0.0000000000000000
0.0000000000000000
0.0000000000000000
0.0000000000000000
0.0000000000000000
0.0000000000000000
0.0000000000000000
0.0000000000000000
0.0000000000000000
0.0000000000000000
0.0000000000000000
0.0000000000000000
0.0000000000000000
0.0000000000000000
0.0000000000000000
0.0000000000000000
0.0000000000000000
0.0000000000000000
0.0000000000000000
0.0000000000000000
0.0000000000000000
0.0000000000000000
0.0000000000000000
0.0000000000000000
0.0000000000000000
0.0000000000000000
0.0000000000000000
0.0000000000000000
0.0000000000000000
0.0000000000000000
0.0000000000000000
0.0000000000000000
0.0000000000000000
0.0000000000000000
0.0000000000000000
0.0000000000000000
0.0000000000000000
0.0000000000000000
0.0000000000000000
0.0000000000000000
0.0000000000000000
0.0000000000000000
0.0000000000000000
0.0000000000000000
0.0000000000000000
0.0000000000000000
0.0000000000000000
0.0000000000000000
0.0000000000000000
0.0000000000000000
0.0000000000000000
0.0000000000000000
0.0000000000000000
0.0000000000000000
0.0000000000000000
0.0000000000000000
0.0000000000000000
0.0000000000000000
0.0000000000000000
0.0000000000000000
0.0000000000000000
0.0000000000000000
0.0000000000000000
0.0000000000000000
0.0000000000000000
0.0000000000000000
0.0000000000000000
0.0000000000000000
0.0000000000000000
0.0000000000000000
0.0000000000000000
0.0000000000000000
0.0000000000000000
0.0000000000000000
0.0000000000000000
0.0000000000000000
0.0000000000000000
0.0000000000000000
0.0000000000000000
0.0000000000000000
0.0000000000000000
0.0000000000000000
0.0000000000000000
0.0000000000000000
0.0000000000000000
0.0000000000000000
0.0000000000000000
0.0000000000000000
0.0000000000000000
0.0000000000000000
0.0000000000000000
0.0000000000000000
0.0000000000000000
0.0000000000000000
0.0000000000000000
0.0000000000000000
0.0000000000000000
0.0000000000000000
0.0000000000000000
0.0000000000000000
0.0000000000000000
0.0000000000000000
0.0000000000000000
0.0000000000000000
0.0000000000000000
0.0000000000000000
0.0000000000000000
0.0000000000000000
0.0000000000000000
0.0000000000000000
0.0000000000000000
0.0000000000000000
0.0000000000000000
0.0000000000000000
0.0000000000000000
0.0000000000000000
0.0000000000000000
0.0000000000000000
0.0000000000000000
0.0000000000000000
0.0000000000000000
0.0000000000000000
0.0000000000000000
0.0000000000000000
0.0000000000000000
0.0000000000000000
0.0000000000000000
0.0000000000000000
0.0000000000000000
0.0000000000000000
0.0000000000000000
0.0000000000000000
0.0000000000000000
0.0000000000000000
0.0000000000000000
0.0000000000000000
0.0000000000000000
0.0000000000000000
0.0000000000000000
0.0000000000000000
0.0000000000000000
0.0000000000000000
0.0000000000000000
0.0000000000000000
0.0000000000000000
0.0000000000000000
0.0000000000000000
0.0000000000000000
0.0000000000000000
0.0000000000000000
0.0000000000000000
0.0000000000000000
0.0000000000000000
0.0000000000000000
0.0000000000000000
0.0000000000000000
0.0000000000000000
0.0000000000000000
0.0000000000000000
0.0000000000000000
0.0000000000000000
0.0000000000000000
0.0000000000000000
0.0000000000000000
0.0000000000000000
0.0000000000000000
0.0000000000000000
0.0000000000000000
0.0000000000000000
0.0000000000000000
0.0000000000000000
0.0000000000000000
0.0000000000000000
0.0000000000000000
0.0000000000000000
0.0000000000000000
0.0000000000000000
0.0000000000000000
0.0000000000000000
0.0000000000000000
0.0000000000000000
0.0000000000000000
0.0000000000000000
0.0000000000000000
0.0000000000000000
0.0000000000000000
0.0000000000000000
0.0000000000000000
0.0000000000000000
0.0000000000000000
0.0000000000000000
0.0000000000000000
0.0000000000000000
0.0000000000000000
0.0000000000000000
0.0000000000000000
0.0000000000000000
0.0000000000000000
0.0000000000000000
0.0000000000000000
0.0000000000000000
0.0000000000000000
0.0000000000000000
0.0000000000000000
0.0000000000000000
0.0000000000000000
0.0000000000000000
0.0000000000000000
0.0000000000000000
0.0000000000000000
0.0000000000000000
0.0000000000000000
0.0000000000000000
0.0000000000000000
0.0000000000000000
0.0000000000000000
0.0000000000000000
0.0000000000000000
0.0000000000000000
0.0000000000000000
0.0000000000000000
0.0000000000000000
0.0000000000000000
0.0000000000000000
0.0000000000000000
0.0000000000000000
0.0000000000000000
0.0000000000000000
0.0000000000000000
0.0000000000000000
0.0000000000000000
0.0000000000000000
0.0000000000000000
0.0000000000000000
0.0000000000000000
0.0000000000000000
0.0000000000000000
0.0000000000000000
0.0000000000000000
0.0000000000000000
0.0000000000000000
0.0000000000000000
0.0000000000000000
0.0000000000000000
0.0000000000000000
0.0000000000000000
0.0000000000000000
0.0000000000000000
0.0000000000000000
0.0000000000000000
0.0000000000000000
0.0000000000000000
0.0000000000000000
0.0000000000000000
0.0000000000000000
0.0000000000000000
0.0000000000000000
0.0000000000000000
0.0000000000000000
0.0000000000000000
0.0000000000000000
0.0000000000000000
0.0000000000000000
0.0000000000000000
0.0000000000000000
0.0000000000000000
0.0000000000000000
0.0000000000000000
0.0000000000000000
0.0000000000000000
0.0000000000000000
0.0000000000000000
0.0000000000000000
0.0000000000000000
0.0000000000000000
0.0000000000000000
0.0000000000000000
0.0000000000000000
0.0000000000000000
0.0000000000000000
0.0000000000000000
0.0000000000000000
0.0000000000000000
0.0000000000000000
0.0000000000000000
0.0000000000000000
0.0000000000000000
0.0000000000000000
0.0000000000000000
0.0000000000000000
0.0000000000000000
0.0000000000000000
0.0000000000000000
0.0000000000000000
0.0000000000000000
0.0000000000000000
0.0000000000000000
0.0000000000000000
0.0000000000000000
0.0000000000000000
0.0000000000000000
0.0000000000000000
0.0000000000000000
0.0000000000000000
0.0000000000000000
0.0000000000000000
0.0000000000000000
0.0000000000000000
0.0000000000000000
0.0000000000000000
0.0000000000000000
0.0000000000000000
0.0000000000000000
0.0000000000000000
0.0000000000000000
0.0000000000000000
0.0000000000000000
0.0000000000000000
0.0000000000000000
0.0000000000000000
0.0000000000000000
0.0000000000000000
0.0000000000000000
0.0000000000000000
0.0000000000000000
0.0000000000000000
0.0000000000000000
0.0000000000000000
0.0000000000000000
0.0000000000000000
0.0000000000000000
0.0000000000000000
0.0000000000000000
0.0000000000000000
0.0000000000000000
0.0000000000000000
0.0000000000000000
0.0000000000000000
0.0000000000000000
0.0000000000000000
0.0000000000000000
0.0000000000000000
0.0000000000000000
0.0000000000000000
0.0000000000000000
0.0000000000000000
0.0000000000000000
0.0000000000000000
0.0000000000000000
0.0000000000000000
0.0000000000000000
0.0000000000000000
0.0000000000000000
0.0000000000000000
0.0000000000000000
0.0000000000000000
0.0000000000000000
0.0000000000000000
0.0000000000000000
0.0000000000000000
0.0000000000000000
0.0000000000000000
0.0000000000000000
0.0000000000000000
0.0000000000000000
0.0000000000000000
0.0000000000000000
0.0000000000000000
0.0000000000000000
0.0000000000000000
0.0000000000000000
0.0000000000000000
0.0000000000000000
0.0000000000000000
0.0000000000000000
0.0000000000000000
0.0000000000000000
0.0000000000000000
0.0000000000000000
0.0000000000000000
0.0000000000000000
0.0000000000000000
0.0000000000000000
0.0000000000000000
0.0000000000000000
0.0000000000000000
0.0000000000000000
0.0000000000000000
0.0000000000000000
0.0000000000000000
0.0000000000000000
0.0000000000000000
0.0000000000000000
0.0000000000000000
0.0000000000000000
0.0000000000000000
0.0000000000000000
0.0000000000000000
0.0000000000000000
0.0000000000000000
0.0000000000000000
0.0000000000000000
0.0000000000000000
0.0000000000000000
0.0000000000000000
0.0000000000000000
0.0000000000000000
0.0000000000000000
0.0000000000000000
0.0000000000000000
0.0000000000000000
0.0000000000000000
0.0000000000000000
0.0000000000000000
0.0000000000000000
0.0000000000000000
0.0000000000000000
0.0000000000000000
0.0000000000000000
0.0000000000000000
0.0000000000000000
0.0000000000000000
0.0000000000000000
0.0000000000000000
0.0000000000000000
0.0000000000000000
0.0000000000000000
0.0000000000000000
0.0000000000000000
0.0000000000000000
0.0000000000000000
0.0000000000000000
0.0000000000000000
0.0000000000000000
0.0000000000000000
0.0000000000000000
0.0000000000000000
0.0000000000000000
0.0000000000000000
0.0000000000000000
0.0000000000000000
0.0000000000000000
0.0000000000000000
0.0000000000000000
0.0000000000000000
0.0000000000000000
0.0000000000000000
0.0000000000000000
0.0000000000000000
0.0000000000000000
0.0000000000000000
0.0000000000000000
0.0000000000000000
0.0000000000000000
0.0000000000000000
0.0000000000000000
0.0000000000000000
0.0000000000000000
0.0000000000000000
0.0000000000000000
0.0000000000000000
0.0000000000000000
0.0000000000000000
0.0000000000000000
0.0000000000000000
0.0000000000000000
0.0000000000000000
0.0000000000000000
0.0000000000000000
0.0000000000000000
0.0000000000000000
0.0000000000000000
0.0000000000000000
0.0000000000000000
0.0000000000000000
0.0000000000000000
0.0000000000000000
0.0000000000000000
0.0000000000000000
0.0000000000000000
0.0000000000000000
0.0000000000000000
0.0000000000000000
0.0000000000000000
0.0000000000000000
0.0000000000000000
0.0000000000000000
0.0000000000000000
0.0000000000000000
0.0000000000000000
0.0000000000000000
0.0000000000000000
0.0000000000000000
0.0000000000000000
0.0000000000000000
0.0000000000000000
0.0000000000000000
0.0000000000000000
0.0000000000000000
0.0000000000000000
0.0000000000000000
0.0000000000000000
0.0000000000000000
0.0000000000000000
0.0000000000000000
0.0000000000000000
0.0000000000000000
0.0000000000000000
0.0000000000000000
0.0000000000000000
0.0000000000000000
0.0000000000000000
0.0000000000000000
0.0000000000000000
0.0000000000000000
0.0000000000000000
0.0000000000000000
0.0000000000000000
0.0000000000000000
0.0000000000000000
0.0000000000000000
0.0000000000000000
0.0000000000000000
0.0000000000000000
0.0000000000000000
0.0000000000000000
0.0000000000000000
0.0000000000000000
0.0000000000000000
0.0000000000000000
0.0000000000000000
0.0000000000000000
0.0000000000000000
0.0000000000000000
0.0000000000000000
0.0000000000000000
0.0000000000000000
0.0000000000000000
0.0000000000000000
0.0000000000000000
0.0000000000000000
0.0000000000000000
0.0000000000000000
0.0000000000000000
0.0000000000000000
0.0000000000000000
0.0000000000000000
0.0000000000000000
0.0000000000000000
0.0000000000000000
0.0000000000000000
0.0000000000000000
0.0000000000000000
0.0000000000000000
0.0000000000000000
0.0000000000000000
0.0000000000000000
0.0000000000000000
0.0000000000000000
0.0000000000000000
0.0000000000000000
0.0000000000000000
0.0000000000000000
0.0000000000000000
0.0000000000000000
0.0000000000000000
0.0000000000000000
0.0000000000000000
0.0000000000000000
0.0000000000000000
0.0000000000000000
0.0000000000000000
0.0000000000000000
0.0000000000000000
0.0000000000000000
0.0000000000000000
0.0000000000000000
0.0000000000000000
0.0000000000000000
0.0000000000000000
0.0000000000000000
0.0000000000000000
0.0000000000000000
0.0000000000000000
0.0000000000000000
0.0000000000000000
0.0000000000000000
0.0000000000000000
0.0000000000000000
0.0000000000000000
0.0000000000000000
0.0000000000000000
0.0000000000000000
0.0000000000000000
0.0000000000000000
0.0000000000000000
0.0000000000000000
0.0000000000000000
0.0000000000000000
0.0000000000000000
0.0000000000000000
0.0000000000000000
0.0000000000000000
0.0000000000000000
0.0000000000000000
0.0000000000000000
0.0000000000000000
0.0000000000000000
0.0000000000000000
0.0000000000000000
0.0000000000000000
0.0000000000000000
0.0000000000000000
0.0000000000000000
0.0000000000000000
0.0000000000000000
0.0000000000000000
0.0000000000000000
0.0000000000000000
0.0000000000000000
0.0000000000000000
0.0000000000000000
0.0000000000000000
0.0000000000000000
0.0000000000000000
0.0000000000000000
0.0000000000000000
0.0000000000000000
0.0000000000000000
0.0000000000000000
0.0000000000000000
0.0000000000000000
0.0000000000000000
0.0000000000000000
0.0000000000000000
0.0000000000000000
0.0000000000000000
0.0000000000000000
0.0000000000000000
0.0000000000000000
0.0000000000000000
0.0000000000000000
0.0000000000000000
0.0000000000000000
0.0000000000000000
0.0000000000000000
0.0000000000000000
0.0000000000000000
0.0000000000000000
0.0000000000000000
0.0000000000000000
0.0000000000000000
0.0000000000000000
0.0000000000000000
0.0000000000000000
0.0000000000000000
0.0000000000000000
0.0000000000000000
0.0000000000000000
0.0000000000000000
0.0000000000000000
0.0000000000000000
0.0000000000000000
0.0000000000000000
0.0000000000000000
0.0000000000000000
0.0000000000000000
0.0000000000000000
0.0000000000000000
0.0000000000000000
0.0000000000000000
0.0000000000000000
0.0000000000000000
0.0000000000000000
0.0000000000000000
0.0000000000000000
0.0000000000000000
0.0000000000000000
0.0000000000000000
0.0000000000000000
0.0000000000000000
0.0000000000000000
0.0000000000000000
0.0000000000000000
0.0000000000000000
0.0000000000000000
0.0000000000000000
0.0000000000000000
0.0000000000000000
0.0000000000000000
0.0000000000000000
0.0000000000000000
0.0000000000000000
0.0000000000000000
0.0000000000000000
0.0000000000000000
0.0000000000000000
0.0000000000000000
0.0000000000000000
0.0000000000000000
0.0000000000000000
0.0000000000000000
0.0000000000000000
0.0000000000000000
0.0000000000000000
0.0000000000000000
0.0000000000000000
0.0000000000000000
0.0000000000000000
0.0000000000000000
0.0000000000000000
0.0000000000000000
0.0000000000000000
0.0000000000000000
0.0000000000000000
0.0000000000000000
0.0000000000000000
0.0000000000000000
0.0000000000000000
0.0000000000000000
0.0000000000000000
0.0000000000000000
0.0000000000000000
0.0000000000000000
0.0000000000000000
0.0000000000000000
0.0000000000000000
0.0000000000000000
0.0000000000000000
0.0000000000000000
0.0000000000000000
0.0000000000000000
0.0000000000000000
0.0000000000000000
0.0000000000000000
0.0000000000000000
0.0000000000000000
0.0000000000000000
0.0000000000000000
0.0000000000000000
0.0000000000000000
0.0000000000000000
0.0000000000000000
0.0000000000000000
0.0000000000000000
0.0000000000000000
0.0000000000000000
0.0000000000000000
0.0000000000000000
0.0000000000000000
0.0000000000000000
0.0000000000000000
0.0000000000000000
0.0000000000000000
0.0000000000000000
0.0000000000000000
0.0000000000000000
0.0000000000000000
0.0000000000000000
0.0000000000000000
0.0000000000000000
0.0000000000000000
0.0000000000000000
0.0000000000000000
0.0000000000000000
0.0000000000000000
0.0000000000000000
0.0000000000000000
0.0000000000000000
0.0000000000000000
0.0000000000000000
0.0000000000000000
0.0000000000000000
0.0000000000000000
0.0000000000000000
0.0000000000000000
0.0000000000000000
0.0000000000000000
0.0000000000000000
0.0000000000000000
0.0000000000000000
0.0000000000000000
0.0000000000000000
0.0000000000000000
0.0000000000000000
0.0000000000000000
0.0000000000000000
0.0000000000000000
0.0000000000000000
0.0000000000000000
0.0000000000000000
0.0000000000000000
0.0000000000000000
0.0000000000000000
0.0000000000000000
0.0000000000000000
0.0000000000000000
0.0000000000000000
0.0000000000000000
0.0000000000000000
0.0000000000000000
0.0000000000000000
0.0000000000000000
0.0000000000000000
0.0000000000000000
0.0000000000000000
0.0000000000000000
0.0000000000000000
0.0000000000000000
0.0000000000000000
0.0000000000000000
0.0000000000000000
0.0000000000000000
0.0000000000000000
0.0000000000000000
0.0000000000000000
0.0000000000000000
0.0000000000000000
0.0000000000000000
0.0000000000000000
0.0000000000000000
0.0000000000000000
0.0000000000000000
0.0000000000000000
0.0000000000000000
0.0000000000000000
0.0000000000000000
0.0000000000000000
0.0000000000000000
0.0000000000000000
0.0000000000000000
0.0000000000000000
0.0000000000000000
0.0000000000000000
0.0000000000000000
0.0000000000000000
0.0000000000000000
0.0000000000000000
0.0000000000000000
0.0000000000000000
0.0000000000000000
0.0000000000000000
0.0000000000000000
0.0000000000000000
0.0000000000000000
0.0000000000000000
0.0000000000000000
0.0000000000000000
0.0000000000000000
0.0000000000000000
0.0000000000000000
0.0000000000000000
0.0000000000000000
0.0000000000000000
0.0000000000000000
0.0000000000000000
0.0000000000000000
0.0000000000000000
0.0000000000000000
0.0000000000000000
0.0000000000000000
0.0000000000000000
0.0000000000000000
0.0000000000000000
0.0000000000000000
0.0000000000000000
0.0000000000000000
0.0000000000000000
0.0000000000000000
0.0000000000000000
0.0000000000000000
0.0000000000000000
0.0000000000000000
0.0000000000000000
0.0000000000000000
0.0000000000000000
0.0000000000000000
0.0000000000000000
0.0000000000000000
0.0000000000000000
0.0000000000000000
0.0000000000000000
0.0000000000000000
0.0000000000000000
0.0000000000000000
0.0000000000000000
0.0000000000000000
0.0000000000000000
0.0000000000000000
0.0000000000000000
0.0000000000000000
0.0000000000000000
0.0000000000000000
0.0000000000000000
0.0000000000000000
0.0000000000000000
0.0000000000000000
0.0000000000000000
0.0000000000000000
0.0000000000000000
0.0000000000000000
0.0000000000000000
0.0000000000000000
0.0000000000000000
0.0000000000000000
0.0000000000000000
0.0000000000000000
0.0000000000000000
0.0000000000000000
0.0000000000000000
0.0000000000000000
0.0000000000000000
0.0000000000000000
0.0000000000000000
0.0000000000000000
0.0000000000000000
0.0000000000000000
0.0000000000000000
0.0000000000000000
0.0000000000000000
0.0000000000000000
0.0000000000000000
0.0000000000000000
0.0000000000000000
0.0000000000000000
0.0000000000000000
0.0000000000000000
0.0000000000000000
0.0000000000000000
0.0000000000000000
0.0000000000000000
0.0000000000000000
0.0000000000000000
0.0000000000000000
0.0000000000000000
0.0000000000000000
0.0000000000000000
0.0000000000000000
0.0000000000000000
0.0000000000000000
0.0000000000000000
0.0000000000000000
0.0000000000000000
0.0000000000000000
0.0000000000000000
0.0000000000000000
0.0000000000000000
0.0000000000000000
0.0000000000000000
0.0000000000000000
0.0000000000000000
0.0000000000000000
0.0000000000000000
0.0000000000000000
0.0000000000000000
0.0000000000000000
0.0000000000000000
0.0000000000000000
0.0000000000000000
0.0000000000000000
0.0000000000000000
0.0000000000000000
0.0000000000000000
0.0000000000000000
0.0000000000000000
0.0000000000000000
0.0000000000000000
0.0000000000000000
0.0000000000000000
0.0000000000000000
0.0000000000000000
0.0000000000000000
0.0000000000000000
0.0000000000000000
0.0000000000000000
0.0000000000000000
0.0000000000000000
0.0000000000000000
0.0000000000000000
0.0000000000000000
0.0000000000000000
0.0000000000000000
0.0000000000000000
0.0000000000000000
0.0000000000000000
0.0000000000000000
0.0000000000000000
0.0000000000000000
0.0000000000000000
0.0000000000000000
0.0000000000000000
0.0000000000000000
0.0000000000000000
0.0000000000000000
0.0000000000000000
0.0000000000000000
0.0000000000000000
0.0000000000000000
0.0000000000000000
0.0000000000000000
0.0000000000000000
0.0000000000000000
0.0000000000000000
0.0000000000000000
0.0000000000000000
0.0000000000000000
0.0000000000000000
0.0000000000000000
0.0000000000000000
0.0000000000000000
0.0000000000000000
0.0000000000000000
0.0000000000000000
0.0000000000000000
0.0000000000000000
0.0000000000000000
0.0000000000000000
0.0000000000000000
0.0000000000000000
0.0000000000000000
0.0000000000000000
0.0000000000000000
0.0000000000000000
0.0000000000000000
0.0000000000000000
0.0000000000000000
0.0000000000000000
0.0000000000000000
0.0000000000000000
0.0000000000000000
0.0000000000000000
0.0000000000000000
0.0000000000000000
0.0000000000000000
0.0000000000000000
0.0000000000000000
0.0000000000000000
0.0000000000000000
0.0000000000000000
0.0000000000000000
0.0000000000000000
0.0000000000000000
0.0000000000000000
0.0000000000000000
0.0000000000000000
0.0000000000000000
0.0000000000000000
0.0000000000000000
0.0000000000000000
0.0000000000000000
0.0000000000000000
0.0000000000000000
0.0000000000000000
0.0000000000000000
0.0000000000000000
0.0000000000000000
0.0000000000000000
0.0000000000000000
0.0000000000000000
0.0000000000000000
0.0000000000000000
0.0000000000000000
0.0000000000000000
0.0000000000000000
0.0000000000000000
0.0000000000000000
0.0000000000000000
0.0000000000000000
0.0000000000000000
0.0000000000000000
0.0000000000000000
0.0000000000000000
0.0000000000000000
0.0000000000000000
0.0000000000000000
0.0000000000000000
0.0000000000000000
0.0000000000000000
0.0000000000000000
0.0000000000000000
0.0000000000000000
0.0000000000000000
0.0000000000000000
0.0000000000000000
0.0000000000000000
0.0000000000000000
0.0000000000000000
0.0000000000000000
0.0000000000000000
0.0000000000000000
0.0000000000000000
0.0000000000000000
0.0000000000000000
0.0000000000000000
0.0000000000000000
0.0000000000000000
0.0000000000000000
0.0000000000000000
0.0000000000000000
0.0000000000000000
0.0000000000000000
0.0000000000000000
0.0000000000000000
0.0000000000000000
0.0000000000000000
0.0000000000000000
0.0000000000000000
0.0000000000000000
0.0000000000000000
0.0000000000000000
0.0000000000000000
0.0000000000000000
0.0000000000000000
0.0000000000000000
0.0000000000000000
0.0000000000000000
0.0000000000000000
0.0000000000000000
0.0000000000000000
0.0000000000000000
0.0000000000000000
0.0000000000000000
0.0000000000000000
0.0000000000000000
0.0000000000000000
0.0000000000000000
0.0000000000000000
0.0000000000000000
0.0000000000000000
0.0000000000000000
0.0000000000000000
0.0000000000000000
0.0000000000000000
0.0000000000000000
0.0000000000000000
0.0000000000000000
0.0000000000000000
0.0000000000000000
0.0000000000000000
0.0000000000000000
0.0000000000000000
0.0000000000000000
0.0000000000000000
0.0000000000000000
0.0000000000000000
0.0000000000000000
0.0000000000000000
0.0000000000000000
0.0000000000000000
0.0000000000000000
0.0000000000000000
0.0000000000000000
0.0000000000000000
0.0000000000000000
0.0000000000000000
0.0000000000000000
0.0000000000000000
0.0000000000000000
0.0000000000000000
0.0000000000000000
0.0000000000000000
0.0000000000000000
0.0000000000000000
0.0000000000000000
0.0000000000000000
0.0000000000000000
0.0000000000000000
0.0000000000000000
0.0000000000000000
0.0000000000000000
0.0000000000000000
0.0000000000000000
0.0000000000000000
0.0000000000000000
0.0000000000000000
0.0000000000000000
0.0000000000000000
0.0000000000000000
0.0000000000000000
0.0000000000000000
0.0000000000000000
0.0000000000000000
0.0000000000000000
0.0000000000000000
0.0000000000000000
0.0000000000000000
0.0000000000000000
0.0000000000000000
0.0000000000000000
0.0000000000000000
0.0000000000000000
0.0000000000000000
0.0000000000000000
0.0000000000000000
0.0000000000000000
0.0000000000000000
0.0000000000000000
0.0000000000000000
0.0000000000000000
0.0000000000000000
0.0000000000000000
0.0000000000000000
0.0000000000000000
0.0000000000000000
0.0000000000000000
0.0000000000000000
0.0000000000000000
0.0000000000000000
0.0000000000000000
0.0000000000000000
0.0000000000000000
0.0000000000000000
0.0000000000000000
0.0000000000000000
0.0000000000000000
0.0000000000000000
0.0000000000000000
0.0000000000000000
0.0000000000000000
0.0000000000000000
0.0000000000000000
0.0000000000000000
0.0000000000000000
0.0000000000000000
0.0000000000000000
0.0000000000000000
0.0000000000000000
0.0000000000000000
0.0000000000000000
0.0000000000000000
0.0000000000000000
0.0000000000000000
0.0000000000000000
0.0000000000000000
0.0000000000000000
0.0000000000000000
0.0000000000000000
0.0000000000000000
0.0000000000000000
0.0000000000000000
0.0000000000000000
0.0000000000000000
0.0000000000000000
0.0000000000000000
0.0000000000000000
0.0000000000000000
0.0000000000000000
0.0000000000000000
0.0000000000000000
0.0000000000000000
0.0000000000000000
0.0000000000000000
0.0000000000000000
0.0000000000000000
0.0000000000000000
0.0000000000000000
0.0000000000000000
0.0000000000000000
0.0000000000000000
0.0000000000000000
0.0000000000000000
0.0000000000000000
0.0000000000000000
0.0000000000000000
0.0000000000000000
0.0000000000000000
0.0000000000000000
0.0000000000000000
0.0000000000000000
0.0000000000000000
0.0000000000000000
0.0000000000000000
0.0000000000000000
0.0000000000000000
0.0000000000000000
0.0000000000000000
0.0000000000000000
0.0000000000000000
0.0000000000000000
0.0000000000000000
0.0000000000000000
0.0000000000000000
0.0000000000000000
0.0000000000000000
0.0000000000000000
0.0000000000000000
0.0000000000000000
0.0000000000000000
0.0000000000000000
0.0000000000000000
0.0000000000000000
0.0000000000000000
0.0000000000000000
0.0000000000000000
0.0000000000000000
0.0000000000000000
0.0000000000000000
0.0000000000000000
0.0000000000000000
0.0000000000000000
0.0000000000000000
0.0000000000000000
0.0000000000000000
0.0000000000000000
0.0000000000000000
0.0000000000000000
0.0000000000000000
0.0000000000000000
0.0000000000000000
0.0000000000000000
0.0000000000000000
0.0000000000000000
0.0000000000000000
0.0000000000000000
0.0000000000000000
0.0000000000000000
0.0000000000000000
0.0000000000000000
0.0000000000000000
0.0000000000000000
0.0000000000000000
0.0000000000000000
0.0000000000000000
0.0000000000000000
0.0000000000000000
0.0000000000000000
0.0000000000000000
0.0000000000000000
0.0000000000000000
0.0000000000000000
0.0000000000000000
0.0000000000000000
0.0000000000000000
0.0000000000000000
0.0000000000000000
0.0000000000000000
0.0000000000000000
0.0000000000000000
0.0000000000000000
0.0000000000000000
0.0000000000000000
0.0000000000000000
0.0000000000000000
0.0000000000000000
0.0000000000000000
0.0000000000000000
0.0000000000000000
0.0000000000000000
0.0000000000000000
0.0000000000000000
0.0000000000000000
0.0000000000000000
0.0000000000000000
0.0000000000000000
0.0000000000000000
0.0000000000000000
0.0000000000000000
0.0000000000000000
0.0000000000000000
0.0000000000000000
0.0000000000000000
0.0000000000000000
0.0000000000000000
0.0000000000000000
0.0000000000000000
0.0000000000000000
0.0000000000000000
0.0000000000000000
0.0000000000000000
0.0000000000000000
0.0000000000000000
0.0000000000000000
0.0000000000000000
0.0000000000000000
0.0000000000000000
0.0000000000000000
0.0000000000000000
0.0000000000000000
0.0000000000000000
0.0000000000000000
0.0000000000000000
0.0000000000000000
0.0000000000000000
0.0000000000000000
0.0000000000000000
0.0000000000000000
0.0000000000000000
0.0000000000000000
0.0000000000000000
0.0000000000000000
0.0000000000000000
0.0000000000000000
0.0000000000000000
0.0000000000000000
0.0000000000000000
0.0000000000000000
0.0000000000000000
0.0000000000000000
0.0000000000000000
0.0000000000000000
0.0000000000000000
0.0000000000000000
0.0000000000000000
0.0000000000000000
0.0000000000000000
0.0000000000000000
0.0000000000000000
0.0000000000000000
0.0000000000000000
0.0000000000000000
0.0000000000000000
0.0000000000000000
0.0000000000000000
0.0000000000000000
0.0000000000000000
0.0000000000000000
0.0000000000000000
0.0000000000000000
0.0000000000000000
0.0000000000000000
0.0000000000000000
0.0000000000000000
0.0000000000000000
0.0000000000000000
0.0000000000000000
0.0000000000000000
0.0000000000000000
0.0000000000000000
0.0000000000000000
0.0000000000000000
0.0000000000000000
0.0000000000000000
0.0000000000000000
0.0000000000000000
0.0000000000000000
0.0000000000000000
0.0000000000000000
0.0000000000000000
0.0000000000000000
0.0000000000000000
0.0000000000000000
0.0000000000000000
0.0000000000000000
0.0000000000000000
0.0000000000000000
0.0000000000000000
0.0000000000000000
0.0000000000000000
0.0000000000000000
0.0000000000000000
0.0000000000000000
0.0000000000000000
0.0000000000000000
0.0000000000000000
0.0000000000000000
0.0000000000000000
0.0000000000000000
0.0000000000000000
0.0000000000000000
0.0000000000000000
0.0000000000000000
0.0000000000000000
0.0000000000000000
0.0000000000000000
0.0000000000000000
0.0000000000000000
0.0000000000000000
0.0000000000000000
0.0000000000000000
0.0000000000000000
0.0000000000000000
0.0000000000000000
0.0000000000000000
0.0000000000000000
0.0000000000000000
0.0000000000000000
0.0000000000000000
0.0000000000000000
0.0000000000000000
0.0000000000000000
0.0000000000000000
0.0000000000000000
0.0000000000000000
0.0000000000000000
0.0000000000000000
0.0000000000000000
0.0000000000000000
0.0000000000000000
0.0000000000000000
0.0000000000000000
0.0000000000000000
0.0000000000000000
0.0000000000000000
0.0000000000000000
0.0000000000000000
0.0000000000000000
0.0000000000000000
0.0000000000000000
0.0000000000000000
0.0000000000000000
0.0000000000000000
0.0000000000000000
0.0000000000000000
0.0000000000000000
0.0000000000000000
0.0000000000000000
0.0000000000000000
0.0000000000000000
0.0000000000000000
0.0000000000000000
0.0000000000000000
0.0000000000000000
0.0000000000000000
0.0000000000000000
0.0000000000000000
0.0000000000000000
0.0000000000000000
0.0000000000000000
0.0000000000000000
0.0000000000000000
0.0000000000000000
0.0000000000000000
0.0000000000000000
0.0000000000000000
0.0000000000000000
0.0000000000000000
0.0000000000000000
0.0000000000000000
0.0000000000000000
0.0000000000000000
0.0000000000000000
0.0000000000000000
0.0000000000000000
0.0000000000000000
0.0000000000000000
0.0000000000000000
0.0000000000000000
0.0000000000000000
0.0000000000000000
0.0000000000000000
0.0000000000000000
0.0000000000000000
0.0000000000000000
0.0000000000000000
0.0000000000000000
0.0000000000000000
0.0000000000000000
0.0000000000000000
0.0000000000000000
0.0000000000000000
0.0000000000000000
0.0000000000000000
0.0000000000000000
0.0000000000000000
0.0000000000000000
0.0000000000000000
0.0000000000000000
0.0000000000000000
0.0000000000000000
0.0000000000000000
0.0000000000000000
0.0000000000000000
0.0000000000000000
0.0000000000000000
0.0000000000000000
0.0000000000000000
0.0000000000000000
0.0000000000000000
0.0000000000000000
0.0000000000000000
0.0000000000000000
0.0000000000000000
0.0000000000000000
0.0000000000000000
0.0000000000000000
0.0000000000000000
0.0000000000000000
0.0000000000000000
0.0000000000000000
0.0000000000000000
0.0000000000000000
0.0000000000000000
0.0000000000000000
0.0000000000000000
0.0000000000000000
0.0000000000000000
0.0000000000000000
0.0000000000000000
0.0000000000000000
0.0000000000000000
0.0000000000000000
0.0000000000000000
0.0000000000000000
0.0000000000000000
0.0000000000000000
0.0000000000000000
0.0000000000000000
0.0000000000000000
0.0000000000000000
0.0000000000000000
0.0000000000000000
0.0000000000000000
0.0000000000000000
0.0000000000000000
0.0000000000000000
0.0000000000000000
0.0000000000000000
0.0000000000000000
0.0000000000000000
0.0000000000000000
0.0000000000000000
0.0000000000000000
0.0000000000000000
0.0000000000000000
0.0000000000000000
0.0000000000000000
0.0000000000000000
0.0000000000000000
0.0000000000000000
0.0000000000000000
0.0000000000000000
0.0000000000000000
0.0000000000000000
0.0000000000000000
0.0000000000000000
0.0000000000000000
0.0000000000000000
0.0000000000000000
0.0000000000000000
0.0000000000000000
0.0000000000000000
0.0000000000000000
0.0000000000000000
0.0000000000000000
0.0000000000000000
0.0000000000000000
0.0000000000000000
0.0000000000000000
0.0000000000000000
0.0000000000000000
0.0000000000000000
0.0000000000000000
0.0000000000000000
0.0000000000000000
0.0000000000000000
0.0000000000000000
0.0000000000000000
0.0000000000000000
0.0000000000000000
0.0000000000000000
0.0000000000000000
0.0000000000000000
0.0000000000000000
0.0000000000000000
0.0000000000000000
0.0000000000000000
0.0000000000000000
0.0000000000000000
0.0000000000000000
0.0000000000000000
0.0000000000000000
0.0000000000000000
0.0000000000000000
0.0000000000000000
0.0000000000000000
0.0000000000000000
0.0000000000000000
0.0000000000000000
0.0000000000000000
0.0000000000000000
0.0000000000000000
0.0000000000000000
0.0000000000000000
0.0000000000000000
0.0000000000000000
0.0000000000000000
0.0000000000000000
0.0000000000000000
0.0000000000000000
0.0000000000000000
0.0000000000000000
0.0000000000000000
0.0000000000000000
0.0000000000000000
0.0000000000000000
0.0000000000000000
0.0000000000000000
0.0000000000000000
0.0000000000000000
0.0000000000000000
0.0000000000000000
0.0000000000000000
0.0000000000000000
0.0000000000000000
0.0000000000000000
0.0000000000000000
0.0000000000000000
0.0000000000000000
0.0000000000000000
0.0000000000000000
0.0000000000000000
0.0000000000000000
0.0000000000000000
0.0000000000000000
0.0000000000000000
0.0000000000000000
0.0000000000000000
0.0000000000000000
0.0000000000000000
0.0000000000000000
0.0000000000000000
0.0000000000000000
0.0000000000000000
0.0000000000000000
0.0000000000000000
0.0000000000000000
0.0000000000000000
0.0000000000000000
0.0000000000000000
0.0000000000000000
0.0000000000000000
0.0000000000000000
0.0000000000000000
0.0000000000000000
0.0000000000000000
0.0000000000000000
0.0000000000000000
0.0000000000000000
0.0000000000000000
0.0000000000000000
0.0000000000000000
0.0000000000000000
0.0000000000000000
0.0000000000000000
0.0000000000000000
0.0000000000000000
0.0000000000000000
0.0000000000000000
0.0000000000000000
0.0000000000000000
0.0000000000000000
0.0000000000000000
0.0000000000000000
0.0000000000000000
0.0000000000000000
0.0000000000000000
0.0000000000000000
0.0000000000000000
0.0000000000000000
0.0000000000000000
0.0000000000000000
0.0000000000000000
0.0000000000000000
0.0000000000000000
0.0000000000000000
0.0000000000000000
0.0000000000000000
0.0000000000000000
0.0000000000000000
0.0000000000000000
0.0000000000000000
0.0000000000000000
0.0000000000000000
0.0000000000000000
0.0000000000000000
0.0000000000000000
0.0000000000000000
0.0000000000000000
0.0000000000000000
0.0000000000000000
0.0000000000000000
0.0000000000000000
0.0000000000000000
0.0000000000000000
0.0000000000000000
0.0000000000000000
0.0000000000000000
0.0000000000000000
0.0000000000000000
0.0000000000000000
0.0000000000000000
0.0000000000000000
0.0000000000000000
0.0000000000000000
0.0000000000000000
0.0000000000000000
0.0000000000000000
0.0000000000000000
0.0000000000000000
0.0000000000000000
0.0000000000000000
0.0000000000000000
0.0000000000000000
0.0000000000000000
0.0000000000000000
0.0000000000000000
0.0000000000000000
0.0000000000000000
0.0000000000000000
0.0000000000000000
0.0000000000000000
0.0000000000000000
0.0000000000000000
0.0000000000000000
0.0000000000000000
0.0000000000000000
0.0000000000000000
0.0000000000000000
0.0000000000000000
0.0000000000000000
0.0000000000000000
0.0000000000000000
0.0000000000000000
0.0000000000000000
0.0000000000000000
0.0000000000000000
0.0000000000000000
0.0000000000000000
0.0000000000000000
0.0000000000000000
0.0000000000000000
0.0000000000000000
0.0000000000000000
0.0000000000000000
0.0000000000000000
0.0000000000000000
0.0000000000000000
0.0000000000000000
0.0000000000000000
0.0000000000000000
0.0000000000000000
0.0000000000000000
0.0000000000000000
0.0000000000000000
0.0000000000000000
0.0000000000000000
0.0000000000000000
0.0000000000000000
0.0000000000000000
0.0000000000000000
0.0000000000000000
0.0000000000000000
0.0000000000000000
0.0000000000000000
0.0000000000000000
0.0000000000000000
0.0000000000000000
0.0000000000000000
0.0000000000000000
0.0000000000000000
0.0000000000000000
0.0000000000000000
0.0000000000000000
0.0000000000000000
0.0000000000000000
0.0000000000000000
0.0000000000000000
0.0000000000000000
0.0000000000000000
0.0000000000000000
0.0000000000000000
0.0000000000000000
0.0000000000000000
0.0000000000000000
0.0000000000000000
0.0000000000000000
0.0000000000000000
0.0000000000000000
0.0000000000000000
0.0000000000000000
0.0000000000000000
0.0000000000000000
0.0000000000000000
0.0000000000000000
0.0000000000000000
0.0000000000000000
0.0000000000000000
0.0000000000000000
0.0000000000000000
0.0000000000000000
0.0000000000000000
0.0000000000000000
0.0000000000000000
0.0000000000000000
0.0000000000000000
0.0000000000000000
0.0000000000000000
0.0000000000000000
0.0000000000000000
0.0000000000000000
0.0000000000000000
0.0000000000000000
0.0000000000000000
0.0000000000000000
0.0000000000000000
0.0000000000000000
0.0000000000000000
0.0000000000000000
0.0000000000000000
0.0000000000000000
0.0000000000000000
0.0000000000000000
0.0000000000000000
0.0000000000000000
0.0000000000000000
0.0000000000000000
0.0000000000000000
0.0000000000000000
0.0000000000000000
0.0000000000000000
0.0000000000000000
0.0000000000000000
0.0000000000000000
0.0000000000000000
0.0000000000000000
0.0000000000000000
0.0000000000000000
0.0000000000000000
0.0000000000000000
0.0000000000000000
0.0000000000000000
0.0000000000000000
0.0000000000000000
0.0000000000000000
0.0000000000000000
0.0000000000000000
0.0000000000000000
0.0000000000000000
0.0000000000000000
0.0000000000000000
0.0000000000000000
0.0000000000000000
0.0000000000000000
0.0000000000000000
0.0000000000000000
0.0000000000000000
0.0000000000000000
0.0000000000000000
0.0000000000000000
0.0000000000000000
0.0000000000000000
0.0000000000000000
0.0000000000000000
0.0000000000000000
0.0000000000000000
0.0000000000000000
0.0000000000000000
0.0000000000000000
0.0000000000000000
0.0000000000000000
0.0000000000000000
0.0000000000000000
0.0000000000000000
0.0000000000000000
0.0000000000000000
0.0000000000000000
0.0000000000000000
0.0000000000000000
0.0000000000000000
0.0000000000000000
0.0000000000000000
0.0000000000000000
0.0000000000000000
0.0000000000000000
0.0000000000000000
0.0000000000000000
0.0000000000000000
0.0000000000000000
0.0000000000000000
0.0000000000000000
0.0000000000000000
0.0000000000000000
0.0000000000000000
0.0000000000000000
0.0000000000000000
0.0000000000000000
0.0000000000000000
0.0000000000000000
0.0000000000000000
0.0000000000000000
0.0000000000000000
0.0000000000000000
0.0000000000000000
0.0000000000000000
0.0000000000000000
0.0000000000000000
0.0000000000000000
0.0000000000000000
0.0000000000000000
0.0000000000000000
0.0000000000000000
0.0000000000000000
0.0000000000000000
0.0000000000000000
0.0000000000000000
0.0000000000000000
0.0000000000000000
0.0000000000000000
0.0000000000000000
0.0000000000000000
0.0000000000000000
0.0000000000000000
0.0000000000000000
0.0000000000000000
0.0000000000000000
0.0000000000000000
0.0000000000000000
0.0000000000000000
0.0000000000000000
0.0000000000000000
0.0000000000000000
0.0000000000000000
0.0000000000000000
0.0000000000000000
0.0000000000000000
0.0000000000000000
0.0000000000000000
0.0000000000000000
0.0000000000000000
0.0000000000000000
0.0000000000000000
0.0000000000000000
0.0000000000000000
0.0000000000000000
0.0000000000000000
0.0000000000000000
0.0000000000000000
0.0000000000000000
0.0000000000000000
0.0000000000000000
0.0000000000000000
0.0000000000000000
0.0000000000000000
0.0000000000000000
0.0000000000000000
0.0000000000000000
0.0000000000000000
0.0000000000000000
0.0000000000000000
0.0000000000000000
0.0000000000000000
0.0000000000000000
0.0000000000000000
0.0000000000000000
0.0000000000000000
0.0000000000000000
0.0000000000000000
0.0000000000000000
0.0000000000000000
0.0000000000000000
0.0000000000000000
0.0000000000000000
0.0000000000000000
0.0000000000000000
0.0000000000000000
0.0000000000000000
0.0000000000000000
0.0000000000000000
0.0000000000000000
0.0000000000000000
0.0000000000000000
0.0000000000000000
0.0000000000000000
0.0000000000000000
0.0000000000000000
0.0000000000000000
0.0000000000000000
0.0000000000000000
0.0000000000000000
0.0000000000000000
0.0000000000000000
0.0000000000000000
0.0000000000000000
0.0000000000000000
0.0000000000000000
0.0000000000000000
0.0000000000000000
0.0000000000000000
0.0000000000000000
0.0000000000000000
0.0000000000000000
0.0000000000000000
0.0000000000000000
0.0000000000000000
0.0000000000000000
0.0000000000000000
0.0000000000000000
0.0000000000000000
0.0000000000000000
0.0000000000000000
0.0000000000000000
0.0000000000000000
0.0000000000000000
0.0000000000000000
0.0000000000000000
0.0000000000000000
0.0000000000000000
0.0000000000000000
0.0000000000000000
0.0000000000000000
0.0000000000000000
0.0000000000000000
0.0000000000000000
0.0000000000000000
0.0000000000000000
0.0000000000000000
0.0000000000000000
0.0000000000000000
0.0000000000000000
0.0000000000000000
0.0000000000000000
0.0000000000000000
0.0000000000000000
0.0000000000000000
0.0000000000000000
0.0000000000000000
0.0000000000000000
0.0000000000000000
0.0000000000000000
0.0000000000000000
0.0000000000000000
0.0000000000000000
0.0000000000000000
0.0000000000000000
0.0000000000000000
0.0000000000000000
0.0000000000000000
0.0000000000000000
0.0000000000000000
0.0000000000000000
0.0000000000000000
0.0000000000000000
0.0000000000000000
0.0000000000000000
0.0000000000000000
0.0000000000000000
0.0000000000000000
0.0000000000000000
0.0000000000000000
0.0000000000000000
0.0000000000000000
0.0000000000000000
0.0000000000000000
0.0000000000000000
0.0000000000000000
0.0000000000000000
0.0000000000000000
0.0000000000000000
0.0000000000000000
0.0000000000000000
0.0000000000000000
0.0000000000000000
0.0000000000000000
0.0000000000000000
0.0000000000000000
0.0000000000000000
0.0000000000000000
0.0000000000000000
0.0000000000000000
0.0000000000000000
0.0000000000000000
0.0000000000000000
0.0000000000000000
0.0000000000000000
0.0000000000000000
0.0000000000000000
0.0000000000000000
0.0000000000000000
0.0000000000000000
0.0000000000000000
0.0000000000000000
0.0000000000000000
0.0000000000000000
0.0000000000000000
0.0000000000000000
0.0000000000000000
0.0000000000000000
0.0000000000000000
0.0000000000000000
0.0000000000000000
0.0000000000000000
0.0000000000000000
0.0000000000000000
0.0000000000000000
0.0000000000000000
0.0000000000000000
0.0000000000000000
0.0000000000000000
0.0000000000000000
0.0000000000000000
0.0000000000000000
0.0000000000000000
0.0000000000000000
0.0000000000000000
0.0000000000000000
0.0000000000000000
0.0000000000000000
0.0000000000000000
0.0000000000000000
0.0000000000000000
0.0000000000000000
0.0000000000000000
0.0000000000000000
0.0000000000000000
0.0000000000000000
0.0000000000000000
0.0000000000000000
0.0000000000000000
0.0000000000000000
0.0000000000000000
0.0000000000000000
0.0000000000000000
0.0000000000000000
0.0000000000000000
0.0000000000000000
0.0000000000000000
0.0000000000000000
0.0000000000000000
0.0000000000000000
0.0000000000000000
0.0000000000000000
0.0000000000000000
0.0000000000000000
0.0000000000000000
0.0000000000000000
0.0000000000000000
0.0000000000000000
0.0000000000000000
0.0000000000000000
0.0000000000000000
0.0000000000000000
0.0000000000000000
0.0000000000000000
0.0000000000000000
0.0000000000000000
0.0000000000000000
0.0000000000000000
0.0000000000000000
0.0000000000000000
0.0000000000000000
0.0000000000000000
0.0000000000000000
0.0000000000000000
0.0000000000000000
0.0000000000000000
0.0000000000000000
0.0000000000000000
0.0000000000000000
0.0000000000000000
0.0000000000000000
0.0000000000000000
0.0000000000000000
0.0000000000000000
0.0000000000000000
0.0000000000000000
0.0000000000000000
0.0000000000000000
0.0000000000000000
0.0000000000000000
0.0000000000000000
0.0000000000000000
0.0000000000000000
0.0000000000000000
0.0000000000000000
0.0000000000000000
0.0000000000000000
0.0000000000000000
0.0000000000000000
0.0000000000000000
0.0000000000000000
0.0000000000000000
0.0000000000000000
0.0000000000000000
0.0000000000000000
0.0000000000000000
0.0000000000000000
0.0000000000000000
0.0000000000000000
0.0000000000000000
0.0000000000000000
0.0000000000000000
0.0000000000000000
0.0000000000000000
0.0000000000000000
0.0000000000000000
0.0000000000000000
0.0000000000000000
0.0000000000000000
0.0000000000000000
0.0000000000000000
0.0000000000000000
0.0000000000000000
0.0000000000000000
0.0000000000000000
0.0000000000000000
0.0000000000000000
0.0000000000000000
0.0000000000000000
0.0000000000000000
0.0000000000000000
0.0000000000000000
0.0000000000000000
0.0000000000000000
0.0000000000000000
0.0000000000000000
0.0000000000000000
0.0000000000000000
0.0000000000000000
0.0000000000000000
0.0000000000000000
0.0000000000000000
0.0000000000000000
0.0000000000000000
0.0000000000000000
0.0000000000000000
0.0000000000000000
0.0000000000000000
0.0000000000000000
0.0000000000000000
0.0000000000000000
0.0000000000000000
0.0000000000000000
0.0000000000000000
0.0000000000000000
0.0000000000000000
0.0000000000000000
0.0000000000000000
0.0000000000000000
0.0000000000000000
0.0000000000000000
0.0000000000000000
0.0000000000000000
0.0000000000000000
0.0000000000000000
0.0000000000000000
0.0000000000000000
0.0000000000000000
0.0000000000000000
0.0000000000000000
0.0000000000000000
0.0000000000000000
0.0000000000000000
0.0000000000000000
0.0000000000000000
0.0000000000000000
0.0000000000000000
0.0000000000000000
0.0000000000000000
0.0000000000000000
0.0000000000000000
0.0000000000000000
0.0000000000000000
0.0000000000000000
0.0000000000000000
0.0000000000000000
0.0000000000000000
0.0000000000000000
0.0000000000000000
0.0000000000000000
0.0000000000000000
0.0000000000000000
0.0000000000000000
0.0000000000000000
0.0000000000000000
0.0000000000000000
0.0000000000000000
0.0000000000000000
0.0000000000000000
0.0000000000000000
0.0000000000000000
0.0000000000000000
0.0000000000000000
0.0000000000000000
0.0000000000000000
0.0000000000000000
0.0000000000000000
0.0000000000000000
0.0000000000000000
0.0000000000000000
0.0000000000000000
0.0000000000000000
0.0000000000000000
0.0000000000000000
0.0000000000000000
0.0000000000000000
0.0000000000000000
0.0000000000000000
0.0000000000000000
0.0000000000000000
0.0000000000000000
0.0000000000000000
0.0000000000000000
0.0000000000000000
0.0000000000000000
0.0000000000000000
0.0000000000000000
0.0000000000000000
0.0000000000000000
0.0000000000000000
0.0000000000000000
0.0000000000000000
0.0000000000000000
0.0000000000000000
0.0000000000000000
0.0000000000000000
0.0000000000000000
0.0000000000000000
0.0000000000000000
0.0000000000000000
0.0000000000000000
0.0000000000000000
0.0000000000000000
0.0000000000000000
0.0000000000000000
0.0000000000000000
0.0000000000000000
0.0000000000000000
0.0000000000000000
0.0000000000000000
0.0000000000000000
0.0000000000000000
0.0000000000000000
0.0000000000000000
0.0000000000000000
0.0000000000000000
0.0000000000000000
0.0000000000000000
0.0000000000000000
0.0000000000000000
0.0000000000000000
0.0000000000000000
0.0000000000000000
0.0000000000000000
0.0000000000000000
0.0000000000000000
0.0000000000000000
0.0000000000000000
0.0000000000000000
0.0000000000000000
0.0000000000000000
0.0000000000000000
0.0000000000000000
0.0000000000000000
0.0000000000000000
0.0000000000000000
0.0000000000000000
0.0000000000000000
0.0000000000000000
0.0000000000000000
0.0000000000000000
0.0000000000000000
0.0000000000000000
0.0000000000000000
0.0000000000000000
0.0000000000000000
0.0000000000000000
0.0000000000000000
0.0000000000000000
0.0000000000000000
0.0000000000000000
0.0000000000000000
0.0000000000000000
0.0000000000000000
0.0000000000000000
0.0000000000000000
0.0000000000000000
0.0000000000000000
0.0000000000000000
0.0000000000000000
0.0000000000000000
0.0000000000000000
0.0000000000000000
0.0000000000000000
0.0000000000000000
0.0000000000000000
0.0000000000000000
0.0000000000000000
0.0000000000000000
0.0000000000000000
0.0000000000000000
0.0000000000000000
0.0000000000000000
0.0000000000000000
0.0000000000000000
0.0000000000000000
0.0000000000000000
0.0000000000000000
0.0000000000000000
0.0000000000000000
0.0000000000000000
0.0000000000000000
0.0000000000000000
0.0000000000000000
0.0000000000000000
0.0000000000000000
0.0000000000000000
0.0000000000000000
0.0000000000000000
0.0000000000000000
0.0000000000000000
0.0000000000000000
0.0000000000000000
0.0000000000000000
0.0000000000000000
0.0000000000000000
0.0000000000000000
0.0000000000000000
0.0000000000000000
0.0000000000000000
0.0000000000000000
0.0000000000000000
0.0000000000000000
0.0000000000000000
0.0000000000000000
0.0000000000000000
0.0000000000000000
0.0000000000000000
0.0000000000000000
0.0000000000000000
0.0000000000000000
0.0000000000000000
0.0000000000000000
0.0000000000000000
0.0000000000000000
0.0000000000000000
0.0000000000000000
0.0000000000000000
0.0000000000000000
0.0000000000000000
0.0000000000000000
0.0000000000000000
0.0000000000000000
0.0000000000000000
0.0000000000000000
0.0000000000000000
0.0000000000000000
0.0000000000000000
0.0000000000000000
0.0000000000000000
0.0000000000000000
0.0000000000000000
0.0000000000000000
0.0000000000000000
0.0000000000000000
0.0000000000000000
0.0000000000000000
0.0000000000000000
0.0000000000000000
0.0000000000000000
0.0000000000000000
0.0000000000000000
0.0000000000000000
0.0000000000000000
0.0000000000000000
0.0000000000000000
0.0000000000000000
0.0000000000000000
0.0000000000000000
0.0000000000000000
0.0000000000000000
0.0000000000000000
0.0000000000000000
0.0000000000000000
0.0000000000000000
0.0000000000000000
0.0000000000000000
0.0000000000000000
0.0000000000000000
0.0000000000000000
0.0000000000000000
0.0000000000000000
0.0000000000000000
0.0000000000000000
0.0000000000000000
0.0000000000000000
0.0000000000000000
0.0000000000000000
0.0000000000000000
0.0000000000000000
0.0000000000000000
0.0000000000000000
0.0000000000000000
0.0000000000000000
0.0000000000000000
0.0000000000000000
0.0000000000000000
0.0000000000000000
0.0000000000000000
0.0000000000000000
0.0000000000000000
0.0000000000000000
0.0000000000000000
0.0000000000000000
0.0000000000000000
0.0000000000000000
0.0000000000000000
0.0000000000000000
0.0000000000000000
0.0000000000000000
0.0000000000000000
0.0000000000000000
0.0000000000000000
0.0000000000000000
0.0000000000000000
0.0000000000000000
0.0000000000000000
0.0000000000000000
0.0000000000000000
0.0000000000000000
0.0000000000000000
0.0000000000000000
0.0000000000000000
0.0000000000000000
0.0000000000000000
0.0000000000000000
0.0000000000000000
0.0000000000000000
0.0000000000000000
0.0000000000000000
0.0000000000000000
0.0000000000000000
0.0000000000000000
0.0000000000000000
0.0000000000000000
0.0000000000000000
0.0000000000000000
0.0000000000000000
0.0000000000000000
0.0000000000000000
0.0000000000000000
0.0000000000000000
0.0000000000000000
0.0000000000000000
0.0000000000000000
0.0000000000000000
0.0000000000000000
0.0000000000000000
0.0000000000000000
0.0000000000000000
0.0000000000000000
0.0000000000000000
0.0000000000000000
0.0000000000000000
0.0000000000000000
0.0000000000000000
0.0000000000000000
0.0000000000000000
0.0000000000000000
0.0000000000000000
0.0000000000000000
0.0000000000000000
0.0000000000000000
0.0000000000000000
0.0000000000000000
0.0000000000000000
0.0000000000000000
0.0000000000000000
0.0000000000000000
0.0000000000000000
0.0000000000000000
0.0000000000000000
0.0000000000000000
0.0000000000000000
0.0000000000000000
0.0000000000000000
0.0000000000000000
0.0000000000000000
0.0000000000000000
0.0000000000000000
0.0000000000000000
0.0000000000000000
0.0000000000000000
0.0000000000000000
0.0000000000000000
0.0000000000000000
0.0000000000000000
0.0000000000000000
0.0000000000000000
0.0000000000000000
0.0000000000000000
0.0000000000000000
0.0000000000000000
0.0000000000000000
0.0000000000000000
0.0000000000000000
0.0000000000000000
0.0000000000000000
0.0000000000000000
0.0000000000000000
0.0000000000000000
0.0000000000000000
0.0000000000000000
0.0000000000000000
0.0000000000000000
0.0000000000000000
0.0000000000000000
0.0000000000000000
0.0000000000000000
0.0000000000000000
0.0000000000000000
0.0000000000000000
0.0000000000000000
0.0000000000000000
0.0000000000000000
0.0000000000000000
0.0000000000000000
0.0000000000000000
0.0000000000000000
0.0000000000000000
0.0000000000000000
0.0000000000000000
0.0000000000000000
0.0000000000000000
0.0000000000000000
0.0000000000000000
0.0000000000000000
0.0000000000000000
0.0000000000000000
0.0000000000000000
0.0000000000000000
0.0000000000000000
0.0000000000000000
0.0000000000000000
0.0000000000000000
0.0000000000000000
0.0000000000000000
0.0000000000000000
0.0000000000000000
0.0000000000000000
0.0000000000000000
0.0000000000000000
0.0000000000000000
0.0000000000000000
0.0000000000000000
0.0000000000000000
0.0000000000000000
0.0000000000000000
0.0000000000000000
0.0000000000000000
0.0000000000000000
0.0000000000000000
0.0000000000000000
0.0000000000000000
0.0000000000000000
0.0000000000000000
0.0000000000000000
0.0000000000000000
0.0000000000000000
0.0000000000000000
0.0000000000000000
0.0000000000000000
0.0000000000000000
0.0000000000000000
0.0000000000000000
0.0000000000000000
0.0000000000000000
0.0000000000000000
0.0000000000000000
0.0000000000000000
0.0000000000000000
0.0000000000000000
0.0000000000000000
0.0000000000000000
0.0000000000000000
0.0000000000000000
0.0000000000000000
0.0000000000000000
0.0000000000000000
0.0000000000000000
0.0000000000000000
0.0000000000000000
0.0000000000000000
0.0000000000000000
0.0000000000000000
0.0000000000000000
0.0000000000000000
0.0000000000000000
0.0000000000000000
0.0000000000000000
0.0000000000000000
0.0000000000000000
0.0000000000000000
0.0000000000000000
0.0000000000000000
0.0000000000000000
0.0000000000000000
0.0000000000000000
0.0000000000000000
0.0000000000000000
0.0000000000000000
0.0000000000000000
0.0000000000000000
0.0000000000000000
0.0000000000000000
0.0000000000000000
0.0000000000000000
0.0000000000000000
0.0000000000000000
0.0000000000000000
0.0000000000000000
0.0000000000000000
0.0000000000000000
0.0000000000000000
0.0000000000000000
0.0000000000000000
0.0000000000000000
0.0000000000000000
0.0000000000000000
0.0000000000000000
0.0000000000000000
0.0000000000000000
0.0000000000000000
0.0000000000000000
0.0000000000000000
0.0000000000000000
0.0000000000000000
0.0000000000000000
0.0000000000000000
0.0000000000000000
0.0000000000000000
0.0000000000000000
0.0000000000000000
0.0000000000000000
0.0000000000000000
0.0000000000000000
0.0000000000000000
0.0000000000000000
0.0000000000000000
0.0000000000000000
0.0000000000000000
0.0000000000000000
0.0000000000000000
0.0000000000000000
0.0000000000000000
0.0000000000000000
0.0000000000000000
0.0000000000000000
0.0000000000000000
0.0000000000000000
0.0000000000000000
0.0000000000000000
0.0000000000000000
0.0000000000000000
0.0000000000000000
0.0000000000000000
0.0000000000000000
0.0000000000000000
0.0000000000000000
0.0000000000000000
0.0000000000000000
0.0000000000000000
0.0000000000000000
0.0000000000000000
0.0000000000000000
0.0000000000000000
0.0000000000000000
0.0000000000000000
0.0000000000000000
0.0000000000000000
0.0000000000000000
0.0000000000000000
0.0000000000000000
0.0000000000000000
0.0000000000000000
0.0000000000000000
0.0000000000000000
0.0000000000000000
0.0000000000000000
0.0000000000000000
0.0000000000000000
0.0000000000000000
0.0000000000000000
0.0000000000000000
0.0000000000000000
0.0000000000000000
0.0000000000000000
0.0000000000000000
0.0000000000000000
0.0000000000000000
0.0000000000000000
0.0000000000000000
0.0000000000000000
0.0000000000000000
0.0000000000000000
0.0000000000000000
0.0000000000000000
0.0000000000000000
0.0000000000000000
0.0000000000000000
0.0000000000000000
0.0000000000000000
0.0000000000000000
0.0000000000000000
0.0000000000000000
0.0000000000000000
0.0000000000000000
0.0000000000000000
0.0000000000000000
0.0000000000000000
0.0000000000000000
0.0000000000000000
0.0000000000000000
0.0000000000000000
0.0000000000000000
0.0000000000000000
0.0000000000000000
0.0000000000000000
0.0000000000000000
0.0000000000000000
0.0000000000000000
0.0000000000000000
0.0000000000000000
0.0000000000000000
0.0000000000000000
0.0000000000000000
0.0000000000000000
0.0000000000000000
0.0000000000000000
0.0000000000000000
0.0000000000000000
0.0000000000000000
0.0000000000000000
0.0000000000000000
0.0000000000000000
0.0000000000000000
0.0000000000000000
0.0000000000000000
0.0000000000000000
0.0000000000000000
0.0000000000000000
0.0000000000000000
0.0000000000000000
0.0000000000000000
0.0000000000000000
0.0000000000000000
0.0000000000000000
0.0000000000000000
0.0000000000000000
0.0000000000000000
0.0000000000000000
0.0000000000000000
0.0000000000000000
0.0000000000000000
0.0000000000000000
0.0000000000000000
0.0000000000000000
0.0000000000000000
0.0000000000000000
0.0000000000000000
0.0000000000000000
0.0000000000000000
0.0000000000000000
0.0000000000000000
0.0000000000000000
0.0000000000000000
0.0000000000000000
0.0000000000000000
0.0000000000000000
0.0000000000000000
0.0000000000000000
0.0000000000000000
0.0000000000000000
0.0000000000000000
0.0000000000000000
0.0000000000000000
0.0000000000000000
0.0000000000000000
0.0000000000000000
0.0000000000000000
0.0000000000000000
0.0000000000000000
0.0000000000000000
0.0000000000000000
0.0000000000000000
0.0000000000000000
0.0000000000000000
0.0000000000000000
0.0000000000000000
0.0000000000000000
0.0000000000000000
0.0000000000000000
0.0000000000000000
0.0000000000000000
0.0000000000000000
0.0000000000000000
0.0000000000000000
0.0000000000000000
0.0000000000000000
0.0000000000000000
0.0000000000000000
0.0000000000000000
0.0000000000000000
0.0000000000000000
0.0000000000000000
0.0000000000000000
0.0000000000000000
0.0000000000000000
0.0000000000000000
0.0000000000000000
0.0000000000000000
0.0000000000000000
0.0000000000000000
0.0000000000000000
0.0000000000000000
0.0000000000000000
0.0000000000000000
0.0000000000000000
0.0000000000000000
0.0000000000000000
0.0000000000000000
0.0000000000000000
0.0000000000000000
0.0000000000000000
0.0000000000000000
0.0000000000000000
0.0000000000000000
0.0000000000000000
0.0000000000000000
0.0000000000000000
0.0000000000000000
0.0000000000000000
0.0000000000000000
0.0000000000000000
0.0000000000000000
0.0000000000000000
0.0000000000000000
0.0000000000000000
0.0000000000000000
0.0000000000000000
0.0000000000000000
0.0000000000000000
0.0000000000000000
0.0000000000000000
0.0000000000000000
0.0000000000000000
0.0000000000000000
0.0000000000000000
0.0000000000000000
0.0000000000000000
0.0000000000000000
0.0000000000000000
0.0000000000000000
0.0000000000000000
0.0000000000000000
0.0000000000000000
0.0000000000000000
0.0000000000000000
0.0000000000000000
0.0000000000000000
0.0000000000000000
0.0000000000000000
0.0000000000000000
0.0000000000000000
0.0000000000000000
0.0000000000000000
0.0000000000000000
0.0000000000000000
0.0000000000000000
0.0000000000000000
0.0000000000000000
0.0000000000000000
0.0000000000000000
0.0000000000000000
0.0000000000000000
0.0000000000000000
0.0000000000000000
0.0000000000000000
0.0000000000000000
0.0000000000000000
0.0000000000000000
0.0000000000000000
0.0000000000000000
0.0000000000000000
0.0000000000000000
0.0000000000000000
0.0000000000000000
0.0000000000000000
0.0000000000000000
0.0000000000000000
0.0000000000000000
0.0000000000000000
0.0000000000000000
0.0000000000000000
0.0000000000000000
0.0000000000000000
0.0000000000000000
0.0000000000000000
0.0000000000000000
0.0000000000000000
0.0000000000000000
0.0000000000000000
0.0000000000000000
0.0000000000000000
0.0000000000000000
0.0000000000000000
0.0000000000000000
0.0000000000000000
0.0000000000000000
0.0000000000000000
0.0000000000000000
0.0000000000000000
0.0000000000000000
0.0000000000000000
0.0000000000000000
0.0000000000000000
0.0000000000000000
0.0000000000000000
0.0000000000000000
0.0000000000000000
0.0000000000000000
0.0000000000000000
0.0000000000000000
0.0000000000000000
0.0000000000000000
0.0000000000000000
0.0000000000000000
0.0000000000000000
0.0000000000000000
0.0000000000000000
0.0000000000000000
0.0000000000000000
0.0000000000000000
0.0000000000000000
0.0000000000000000
0.0000000000000000
0.0000000000000000
0.0000000000000000
0.0000000000000000
0.0000000000000000
0.0000000000000000
0.0000000000000000
0.0000000000000000
0.0000000000000000
0.0000000000000000
0.0000000000000000
0.0000000000000000
0.0000000000000000
0.0000000000000000
0.0000000000000000
0.0000000000000000
0.0000000000000000
0.0000000000000000
0.0000000000000000
0.0000000000000000
0.0000000000000000
0.0000000000000000
0.0000000000000000
0.0000000000000000
0.0000000000000000
0.0000000000000000
0.0000000000000000
0.0000000000000000
0.0000000000000000
0.0000000000000000
0.0000000000000000
0.0000000000000000
0.0000000000000000
0.0000000000000000
0.0000000000000000
0.0000000000000000
0.0000000000000000
0.0000000000000000
0.0000000000000000
0.0000000000000000
0.0000000000000000
0.0000000000000000
0.0000000000000000
0.0000000000000000
0.0000000000000000
0.0000000000000000
0.0000000000000000
0.0000000000000000
0.0000000000000000
0.0000000000000000
0.0000000000000000
0.0000000000000000
0.0000000000000000
0.0000000000000000
0.0000000000000000
0.0000000000000000
0.0000000000000000
0.0000000000000000
0.0000000000000000
0.0000000000000000
0.0000000000000000
0.0000000000000000
0.0000000000000000
0.0000000000000000
0.0000000000000000
0.0000000000000000
0.0000000000000000
0.0000000000000000
0.0000000000000000
0.0000000000000000
0.0000000000000000
0.0000000000000000
0.0000000000000000
0.0000000000000000
0.0000000000000000
0.0000000000000000
0.0000000000000000
0.0000000000000000
0.0000000000000000
0.0000000000000000
0.0000000000000000
0.0000000000000000
0.0000000000000000
0.0000000000000000
0.0000000000000000
0.0000000000000000
0.0000000000000000
0.0000000000000000
0.0000000000000000
0.0000000000000000
0.0000000000000000
0.0000000000000000
0.0000000000000000
0.0000000000000000
0.0000000000000000
0.0000000000000000
0.0000000000000000
0.0000000000000000
0.0000000000000000
0.0000000000000000
0.0000000000000000
0.0000000000000000
0.0000000000000000
0.0000000000000000
0.0000000000000000
0.0000000000000000
0.0000000000000000
0.0000000000000000
0.0000000000000000
0.0000000000000000
0.0000000000000000
0.0000000000000000
0.0000000000000000
0.0000000000000000
0.0000000000000000
0.0000000000000000
0.0000000000000000
0.0000000000000000
0.0000000000000000
0.0000000000000000
0.0000000000000000
0.0000000000000000
0.0000000000000000
0.0000000000000000
0.0000000000000000
0.0000000000000000
0.0000000000000000
0.0000000000000000
0.0000000000000000
0.0000000000000000
0.0000000000000000
0.0000000000000000
0.0000000000000000
0.0000000000000000
0.0000000000000000
0.0000000000000000
0.0000000000000000
0.0000000000000000
0.0000000000000000
0.0000000000000000
0.0000000000000000
0.0000000000000000
0.0000000000000000
0.0000000000000000
0.0000000000000000
0.0000000000000000
0.0000000000000000
0.0000000000000000
0.0000000000000000
0.0000000000000000
0.0000000000000000
0.0000000000000000
0.0000000000000000
0.0000000000000000
0.0000000000000000
0.0000000000000000
0.0000000000000000
0.0000000000000000
0.0000000000000000
0.0000000000000000
0.0000000000000000
0.0000000000000000
0.0000000000000000
0.0000000000000000
0.0000000000000000
0.0000000000000000
0.0000000000000000
0.0000000000000000
0.0000000000000000
0.0000000000000000
0.0000000000000000
0.0000000000000000
0.0000000000000000
0.0000000000000000
0.0000000000000000
0.0000000000000000
0.0000000000000000
0.0000000000000000
0.0000000000000000
0.0000000000000000
0.0000000000000000
0.0000000000000000
0.0000000000000000
0.0000000000000000
0.0000000000000000
0.0000000000000000
0.0000000000000000
0.0000000000000000
0.0000000000000000
0.0000000000000000
0.0000000000000000
0.0000000000000000
0.0000000000000000
0.0000000000000000
0.0000000000000000
0.0000000000000000
0.0000000000000000
0.0000000000000000
0.0000000000000000
0.0000000000000000
0.0000000000000000
0.0000000000000000
0.0000000000000000
0.0000000000000000
0.0000000000000000
0.0000000000000000
0.0000000000000000
0.0000000000000000
0.0000000000000000
0.0000000000000000
0.0000000000000000
0.0000000000000000
0.0000000000000000
0.0000000000000000
0.0000000000000000
0.0000000000000000
0.0000000000000000
0.0000000000000000
0.0000000000000000
0.0000000000000000
0.0000000000000000
0.0000000000000000
0.0000000000000000
0.0000000000000000
0.0000000000000000
0.0000000000000000
0.0000000000000000
0.0000000000000000
0.0000000000000000
0.0000000000000000
0.0000000000000000
0.0000000000000000
0.0000000000000000
0.0000000000000000
0.0000000000000000
0.0000000000000000
0.0000000000000000
0.0000000000000000
0.0000000000000000
0.0000000000000000
0.0000000000000000
0.0000000000000000
0.0000000000000000
0.0000000000000000
0.0000000000000000
0.0000000000000000
0.0000000000000000
0.0000000000000000
0.0000000000000000
0.0000000000000000
0.0000000000000000
0.0000000000000000
0.0000000000000000
0.0000000000000000
0.0000000000000000
0.0000000000000000
0.0000000000000000
0.0000000000000000
0.0000000000000000
0.0000000000000000
0.0000000000000000
0.0000000000000000
0.0000000000000000
0.0000000000000000
0.0000000000000000
0.0000000000000000
0.0000000000000000
0.0000000000000000
0.0000000000000000
0.0000000000000000
0.0000000000000000
0.0000000000000000
0.0000000000000000
0.0000000000000000
0.0000000000000000
0.0000000000000000
0.0000000000000000
0.0000000000000000
0.0000000000000000
0.0000000000000000
0.0000000000000000
0.0000000000000000
0.0000000000000000
0.0000000000000000
0.0000000000000000
0.0000000000000000
0.0000000000000000
0.0000000000000000
0.0000000000000000
0.0000000000000000
0.0000000000000000
0.0000000000000000
0.0000000000000000
0.0000000000000000
0.0000000000000000
0.0000000000000000
0.0000000000000000
0.0000000000000000
0.0000000000000000
0.0000000000000000
0.0000000000000000
0.0000000000000000
0.0000000000000000
0.0000000000000000
0.0000000000000000
0.0000000000000000
0.0000000000000000
0.0000000000000000
0.0000000000000000
0.0000000000000000
0.0000000000000000
0.0000000000000000
0.0000000000000000
0.0000000000000000
0.0000000000000000
0.0000000000000000
0.0000000000000000
0.0000000000000000
0.0000000000000000
0.0000000000000000
0.0000000000000000
0.0000000000000000
0.0000000000000000
0.0000000000000000
0.0000000000000000
0.0000000000000000
0.0000000000000000
0.0000000000000000
0.0000000000000000
0.0000000000000000
0.0000000000000000
0.0000000000000000
0.0000000000000000
0.0000000000000000
0.0000000000000000
0.0000000000000000
0.0000000000000000
0.0000000000000000
0.0000000000000000
0.0000000000000000
0.0000000000000000
0.0000000000000000
0.0000000000000000
0.0000000000000000
0.0000000000000000
0.0000000000000000
0.0000000000000000
0.0000000000000000
0.0000000000000000
0.0000000000000000
0.0000000000000000
0.0000000000000000
0.0000000000000000
0.0000000000000000
0.0000000000000000
0.0000000000000000
0.0000000000000000
0.0000000000000000
0.0000000000000000
0.0000000000000000
0.0000000000000000
0.0000000000000000
0.0000000000000000
0.0000000000000000
0.0000000000000000
0.0000000000000000
0.0000000000000000
0.0000000000000000
0.0000000000000000
0.0000000000000000
0.0000000000000000
0.0000000000000000
0.0000000000000000
0.0000000000000000
0.0000000000000000
0.0000000000000000
0.0000000000000000
0.0000000000000000
0.0000000000000000
0.0000000000000000
0.0000000000000000
0.0000000000000000
0.0000000000000000
0.0000000000000000
0.0000000000000000
0.0000000000000000
0.0000000000000000
0.0000000000000000
0.0000000000000000
0.0000000000000000
0.0000000000000000
0.0000000000000000
0.0000000000000000
0.0000000000000000
0.0000000000000000
0.0000000000000000
0.0000000000000000
0.0000000000000000
0.0000000000000000
0.0000000000000000
0.0000000000000000
0.0000000000000000
0.0000000000000000
0.0000000000000000
0.0000000000000000
0.0000000000000000
0.0000000000000000
0.0000000000000000
0.0000000000000000
0.0000000000000000
0.0000000000000000
0.0000000000000000
0.0000000000000000
0.0000000000000000
0.0000000000000000
0.0000000000000000
0.0000000000000000
0.0000000000000000
0.0000000000000000
0.0000000000000000
0.0000000000000000
0.0000000000000000
0.0000000000000000
0.0000000000000000
0.0000000000000000
0.0000000000000000
0.0000000000000000
0.0000000000000000
0.0000000000000000
0.0000000000000000
0.0000000000000000
0.0000000000000000
0.0000000000000000
0.0000000000000000
0.0000000000000000
0.0000000000000000
0.0000000000000000
0.0000000000000000
0.0000000000000000
0.0000000000000000
0.0000000000000000
0.0000000000000000
0.0000000000000000
0.0000000000000000
0.0000000000000000
0.0000000000000000
0.0000000000000000
0.0000000000000000
0.0000000000000000
0.0000000000000000
0.0000000000000000
0.0000000000000000
0.0000000000000000
0.0000000000000000
0.0000000000000000
0.0000000000000000
0.0000000000000000
0.0000000000000000
0.0000000000000000
0.0000000000000000
0.0000000000000000
0.0000000000000000
0.0000000000000000
0.0000000000000000
0.0000000000000000
0.0000000000000000
0.0000000000000000
0.0000000000000000
0.0000000000000000
0.0000000000000000
0.0000000000000000
0.0000000000000000
0.0000000000000000
0.0000000000000000
0.0000000000000000
0.0000000000000000
0.0000000000000000
0.0000000000000000
0.0000000000000000
0.0000000000000000
0.0000000000000000
0.0000000000000000
0.0000000000000000
0.0000000000000000
0.0000000000000000
0.0000000000000000
0.0000000000000000
0.0000000000000000
0.0000000000000000
0.0000000000000000
0.0000000000000000
0.0000000000000000
0.0000000000000000
0.0000000000000000
0.0000000000000000
0.0000000000000000
0.0000000000000000
0.0000000000000000
0.0000000000000000
0.0000000000000000
0.0000000000000000
0.0000000000000000
0.0000000000000000
0.0000000000000000
0.0000000000000000
0.0000000000000000
0.0000000000000000
0.0000000000000000
0.0000000000000000
0.0000000000000000
0.0000000000000000
0.0000000000000000
0.0000000000000000
0.0000000000000000
0.0000000000000000
0.0000000000000000
0.0000000000000000
0.0000000000000000
0.0000000000000000
0.0000000000000000
0.0000000000000000
0.0000000000000000
0.0000000000000000
0.0000000000000000
0.0000000000000000
0.0000000000000000
0.0000000000000000
0.0000000000000000
0.0000000000000000
0.0000000000000000
0.0000000000000000
0.0000000000000000
0.0000000000000000
0.0000000000000000
0.0000000000000000
0.0000000000000000
0.0000000000000000
0.0000000000000000
0.0000000000000000
0.0000000000000000
0.0000000000000000
0.0000000000000000
0.0000000000000000
0.0000000000000000
0.0000000000000000
0.0000000000000000
0.0000000000000000
0.0000000000000000
0.0000000000000000
0.0000000000000000
0.0000000000000000
0.0000000000000000
0.0000000000000000
0.0000000000000000
0.0000000000000000
0.0000000000000000
0.0000000000000000
0.0000000000000000
0.0000000000000000
0.0000000000000000
0.0000000000000000
0.0000000000000000
0.0000000000000000
0.0000000000000000
0.0000000000000000
0.0000000000000000
0.0000000000000000
0.0000000000000000
0.0000000000000000
0.0000000000000000
0.0000000000000000
0.0000000000000000
0.0000000000000000
0.0000000000000000
0.0000000000000000
0.0000000000000000
0.0000000000000000
0.0000000000000000
0.0000000000000000
0.0000000000000000
0.0000000000000000
0.0000000000000000
0.0000000000000000
0.0000000000000000
0.0000000000000000
0.0000000000000000
0.0000000000000000
0.0000000000000000
0.0000000000000000
0.0000000000000000
0.0000000000000000
0.0000000000000000
0.0000000000000000
0.0000000000000000
0.0000000000000000
0.0000000000000000
0.0000000000000000
0.0000000000000000
0.0000000000000000
0.0000000000000000
0.0000000000000000
0.0000000000000000
0.0000000000000000
0.0000000000000000
0.0000000000000000
0.0000000000000000
0.0000000000000000
0.0000000000000000
0.0000000000000000
0.0000000000000000
0.0000000000000000
0.0000000000000000
0.0000000000000000
0.0000000000000000
0.0000000000000000
0.0000000000000000
0.0000000000000000
0.0000000000000000
0.0000000000000000
0.0000000000000000
0.0000000000000000
0.0000000000000000
0.0000000000000000
0.0000000000000000
0.0000000000000000
0.0000000000000000
0.0000000000000000
0.0000000000000000
0.0000000000000000
0.0000000000000000
0.0000000000000000
0.0000000000000000
0.0000000000000000
0.0000000000000000
0.0000000000000000
0.0000000000000000
0.0000000000000000
0.0000000000000000
0.0000000000000000
0.0000000000000000
0.0000000000000000
0.0000000000000000
0.0000000000000000
0.0000000000000000
0.0000000000000000
0.0000000000000000
0.0000000000000000
0.0000000000000000
0.0000000000000000
0.0000000000000000
0.0000000000000000
0.0000000000000000
0.0000000000000000
0.0000000000000000
0.0000000000000000
0.0000000000000000
0.0000000000000000
0.0000000000000000
0.0000000000000000
0.0000000000000000
0.0000000000000000
0.0000000000000000
0.0000000000000000
0.0000000000000000
0.0000000000000000
0.0000000000000000
0.0000000000000000
0.0000000000000000
0.0000000000000000
0.0000000000000000
0.0000000000000000
0.0000000000000000
0.0000000000000000
0.0000000000000000
0.0000000000000000
0.0000000000000000
0.0000000000000000
0.0000000000000000
0.0000000000000000
0.0000000000000000
0.0000000000000000
0.0000000000000000
0.0000000000000000
0.0000000000000000
0.0000000000000000
0.0000000000000000
0.0000000000000000
0.0000000000000000
0.0000000000000000
0.0000000000000000
0.0000000000000000
0.0000000000000000
0.0000000000000000
0.0000000000000000
0.0000000000000000
0.0000000000000000
0.0000000000000000
0.0000000000000000
0.0000000000000000
0.0000000000000000
0.0000000000000000
0.0000000000000000
0.0000000000000000
0.0000000000000000
0.0000000000000000
0.0000000000000000
0.0000000000000000
0.0000000000000000
0.0000000000000000
0.0000000000000000
0.0000000000000000
0.0000000000000000
0.0000000000000000
0.0000000000000000
0.0000000000000000
0.0000000000000000
0.0000000000000000
0.0000000000000000
0.0000000000000000
0.0000000000000000
0.0000000000000000
0.0000000000000000
0.0000000000000000
0.0000000000000000
0.0000000000000000
0.0000000000000000
0.0000000000000000
0.0000000000000000
0.0000000000000000
0.0000000000000000
0.0000000000000000
0.0000000000000000
0.0000000000000000
0.0000000000000000
0.0000000000000000
0.0000000000000000
0.0000000000000000
0.0000000000000000
0.0000000000000000
0.0000000000000000
0.0000000000000000
0.0000000000000000
0.0000000000000000
0.0000000000000000
0.0000000000000000
0.0000000000000000
0.0000000000000000
0.0000000000000000
0.0000000000000000
0.0000000000000000
0.0000000000000000
0.0000000000000000
0.0000000000000000
0.0000000000000000
0.0000000000000000
0.0000000000000000
0.0000000000000000
0.0000000000000000
0.0000000000000000
0.0000000000000000
0.0000000000000000
0.0000000000000000
0.0000000000000000
0.0000000000000000
0.0000000000000000
0.0000000000000000
0.0000000000000000
0.0000000000000000
0.0000000000000000
0.0000000000000000
0.0000000000000000
0.0000000000000000
0.0000000000000000
0.0000000000000000
0.0000000000000000
0.0000000000000000
0.0000000000000000
0.0000000000000000
0.0000000000000000
0.0000000000000000
0.0000000000000000
0.0000000000000000
0.0000000000000000
0.0000000000000000
0.0000000000000000
0.0000000000000000
0.0000000000000000
0.0000000000000000
0.0000000000000000
0.0000000000000000
0.0000000000000000
0.0000000000000000
0.0000000000000000
0.0000000000000000
0.0000000000000000
0.0000000000000000
0.0000000000000000
0.0000000000000000
0.0000000000000000
0.0000000000000000
0.0000000000000000
0.0000000000000000
0.0000000000000000
0.0000000000000000
0.0000000000000000
0.0000000000000000
0.0000000000000000
0.0000000000000000
0.0000000000000000
0.0000000000000000
0.0000000000000000
0.0000000000000000
0.0000000000000000
0.0000000000000000
0.0000000000000000
0.0000000000000000
0.0000000000000000
0.0000000000000000
0.0000000000000000
0.0000000000000000
0.0000000000000000
0.0000000000000000
0.0000000000000000
0.0000000000000000
0.0000000000000000
0.0000000000000000
0.0000000000000000
0.0000000000000000
0.0000000000000000
0.0000000000000000
0.0000000000000000
0.0000000000000000
0.0000000000000000
0.0000000000000000
0.0000000000000000
0.0000000000000000
0.0000000000000000
0.0000000000000000
0.0000000000000000
0.0000000000000000
0.0000000000000000
0.0000000000000000
0.0000000000000000
0.0000000000000000
0.0000000000000000
0.0000000000000000
0.0000000000000000
0.0000000000000000
0.0000000000000000
0.0000000000000000
0.0000000000000000
0.0000000000000000
0.0000000000000000
0.0000000000000000
0.0000000000000000
0.0000000000000000
0.0000000000000000
0.0000000000000000
0.0000000000000000
0.0000000000000000
0.0000000000000000
0.0000000000000000
0.0000000000000000
0.0000000000000000
0.0000000000000000
0.0000000000000000
0.0000000000000000
0.0000000000000000
0.0000000000000000
0.0000000000000000
0.0000000000000000
0.0000000000000000
0.0000000000000000
0.0000000000000000
0.0000000000000000
0.0000000000000000
0.0000000000000000
0.0000000000000000
0.0000000000000000
0.0000000000000000
0.0000000000000000
0.0000000000000000
0.0000000000000000
0.0000000000000000
0.0000000000000000
0.0000000000000000
0.0000000000000000
0.0000000000000000
0.0000000000000000
0.0000000000000000
0.0000000000000000
0.0000000000000000
0.0000000000000000
0.0000000000000000
0.0000000000000000
0.0000000000000000
0.0000000000000000
0.0000000000000000
0.0000000000000000
0.0000000000000000
0.0000000000000000
0.0000000000000000
0.0000000000000000
0.0000000000000000
0.0000000000000000
0.0000000000000000
0.0000000000000000
0.0000000000000000
0.0000000000000000
0.0000000000000000
0.0000000000000000
0.0000000000000000
0.0000000000000000
0.0000000000000000
0.0000000000000000
0.0000000000000000
0.0000000000000000
0.0000000000000000
0.0000000000000000
0.0000000000000000
0.0000000000000000
0.0000000000000000
0.0000000000000000
0.0000000000000000
0.0000000000000000
0.0000000000000000
0.0000000000000000
0.0000000000000000
0.0000000000000000
0.0000000000000000
0.0000000000000000
0.0000000000000000
0.0000000000000000
0.0000000000000000
0.0000000000000000
0.0000000000000000
0.0000000000000000
0.0000000000000000
0.0000000000000000
0.0000000000000000
0.0000000000000000
0.0000000000000000
0.0000000000000000
0.0000000000000000
0.0000000000000000
0.0000000000000000
0.0000000000000000
0.0000000000000000
0.0000000000000000
0.0000000000000000
0.0000000000000000
0.0000000000000000
0.0000000000000000
0.0000000000000000
0.0000000000000000
0.0000000000000000
0.0000000000000000
0.0000000000000000
0.0000000000000000
0.0000000000000000
0.0000000000000000
0.0000000000000000
0.0000000000000000
0.0000000000000000
0.0000000000000000
0.0000000000000000
0.0000000000000000
0.0000000000000000
0.0000000000000000
0.0000000000000000
0.0000000000000000
0.0000000000000000
0.0000000000000000
0.0000000000000000
0.0000000000000000
0.0000000000000000
0.0000000000000000
0.0000000000000000
0.0000000000000000
0.0000000000000000
0.0000000000000000
0.0000000000000000
0.0000000000000000
0.0000000000000000
0.0000000000000000
0.0000000000000000
0.0000000000000000
0.0000000000000000
0.0000000000000000
0.0000000000000000
0.0000000000000000
0.0000000000000000
0.0000000000000000
0.0000000000000000
0.0000000000000000
0.0000000000000000
0.0000000000000000
0.0000000000000000
0.0000000000000000
0.0000000000000000
0.0000000000000000
0.0000000000000000
0.0000000000000000
0.0000000000000000
0.0000000000000000
0.0000000000000000
0.0000000000000000
0.0000000000000000
0.0000000000000000
0.0000000000000000
0.0000000000000000
0.0000000000000000
0.0000000000000000
0.0000000000000000
0.0000000000000000
0.0000000000000000
0.0000000000000000
0.0000000000000000
0.0000000000000000
0.0000000000000000
0.0000000000000000
0.0000000000000000
0.0000000000000000
0.0000000000000000
0.0000000000000000
0.0000000000000000
0.0000000000000000
0.0000000000000000
0.0000000000000000
0.0000000000000000
0.0000000000000000
0.0000000000000000
0.0000000000000000
0.0000000000000000
0.0000000000000000
0.0000000000000000
0.0000000000000000
0.0000000000000000
0.0000000000000000
0.0000000000000000
0.0000000000000000
0.0000000000000000
0.0000000000000000
0.0000000000000000
0.0000000000000000
0.0000000000000000
0.0000000000000000
0.0000000000000000
0.0000000000000000
0.0000000000000000
0.0000000000000000
0.0000000000000000
0.0000000000000000
0.0000000000000000
0.0000000000000000
0.0000000000000000
0.0000000000000000
0.0000000000000000
0.0000000000000000
0.0000000000000000
0.0000000000000000
0.0000000000000000
0.0000000000000000
0.0000000000000000
0.0000000000000000
0.0000000000000000
0.0000000000000000
0.0000000000000000
0.0000000000000000
0.0000000000000000
0.0000000000000000
0.0000000000000000
0.0000000000000000
0.0000000000000000
0.0000000000000000
0.0000000000000000
0.0000000000000000
0.0000000000000000
0.0000000000000000
0.0000000000000000
0.0000000000000000
0.0000000000000000
0.0000000000000000
0.0000000000000000
0.0000000000000000
0.0000000000000000
0.0000000000000000
0.0000000000000000
0.0000000000000000
0.0000000000000000
0.0000000000000000
0.0000000000000000
0.0000000000000000
0.0000000000000000
0.0000000000000000
0.0000000000000000
0.0000000000000000
0.0000000000000000
0.0000000000000000
0.0000000000000000
0.0000000000000000
0.0000000000000000
0.0000000000000000
0.0000000000000000
0.0000000000000000
0.0000000000000000
0.0000000000000000
0.0000000000000000
0.0000000000000000
0.0000000000000000
0.0000000000000000
0.0000000000000000
0.0000000000000000
0.0000000000000000
0.0000000000000000
0.0000000000000000
0.0000000000000000
0.0000000000000000
0.0000000000000000
0.0000000000000000
0.0000000000000000
0.0000000000000000
0.0000000000000000
0.0000000000000000
0.0000000000000000
0.0000000000000000
0.0000000000000000
0.0000000000000000
0.0000000000000000
0.0000000000000000
0.0000000000000000
0.0000000000000000
0.0000000000000000
0.0000000000000000
0.0000000000000000
0.0000000000000000
0.0000000000000000
0.0000000000000000
0.0000000000000000
0.0000000000000000
0.0000000000000000
0.0000000000000000
0.0000000000000000
0.0000000000000000
0.0000000000000000
0.0000000000000000
0.0000000000000000
0.0000000000000000
0.0000000000000000
0.0000000000000000
0.0000000000000000
0.0000000000000000
0.0000000000000000
0.0000000000000000
0.0000000000000000
0.0000000000000000
0.0000000000000000
0.0000000000000000
0.0000000000000000
0.0000000000000000
0.0000000000000000
0.0000000000000000
0.0000000000000000
0.0000000000000000
0.0000000000000000
0.0000000000000000
0.0000000000000000
0.0000000000000000
0.0000000000000000
0.0000000000000000
0.0000000000000000
0.0000000000000000
0.0000000000000000
0.0000000000000000
0.0000000000000000
0.0000000000000000
0.0000000000000000
0.0000000000000000
0.0000000000000000
0.0000000000000000
0.0000000000000000
0.0000000000000000
0.0000000000000000
0.0000000000000000
0.0000000000000000
0.0000000000000000
0.0000000000000000
0.0000000000000000
0.0000000000000000
0.0000000000000000
0.0000000000000000
0.0000000000000000
0.0000000000000000
0.0000000000000000
0.0000000000000000
0.0000000000000000
0.0000000000000000
0.0000000000000000
0.0000000000000000
0.0000000000000000
0.0000000000000000
0.0000000000000000
0.0000000000000000
0.0000000000000000
0.0000000000000000
0.0000000000000000
0.0000000000000000
0.0000000000000000
0.0000000000000000
0.0000000000000000
0.0000000000000000
0.0000000000000000
0.0000000000000000
0.0000000000000000
0.0000000000000000
0.0000000000000000
0.0000000000000000
0.0000000000000000
0.0000000000000000
0.0000000000000000
0.0000000000000000
0.0000000000000000
0.0000000000000000
0.0000000000000000
0.0000000000000000
0.0000000000000000
0.0000000000000000
0.0000000000000000
0.0000000000000000
0.0000000000000000
0.0000000000000000
0.0000000000000000
0.0000000000000000
0.0000000000000000
0.0000000000000000
0.0000000000000000
0.0000000000000000
0.0000000000000000
0.0000000000000000
0.0000000000000000
0.0000000000000000
0.0000000000000000
0.0000000000000000
0.0000000000000000
0.0000000000000000
0.0000000000000000
0.0000000000000000
0.0000000000000000
0.0000000000000000
0.0000000000000000
0.0000000000000000
0.0000000000000000
0.0000000000000000
0.0000000000000000
0.0000000000000000
0.0000000000000000
0.0000000000000000
0.0000000000000000
0.0000000000000000
0.0000000000000000
0.0000000000000000
0.0000000000000000
0.0000000000000000
0.0000000000000000
0.0000000000000000
0.0000000000000000
0.0000000000000000
0.0000000000000000
0.0000000000000000
0.0000000000000000
0.0000000000000000
0.0000000000000000
0.0000000000000000
0.0000000000000000
0.0000000000000000
0.0000000000000000
0.0000000000000000
0.0000000000000000
0.0000000000000000
0.0000000000000000
0.0000000000000000
0.0000000000000000
0.0000000000000000
0.0000000000000000
0.0000000000000000
0.0000000000000000
0.0000000000000000
0.0000000000000000
0.0000000000000000
0.0000000000000000
0.0000000000000000
0.0000000000000000
0.0000000000000000
0.0000000000000000
0.0000000000000000
0.0000000000000000
0.0000000000000000
0.0000000000000000
0.0000000000000000
0.0000000000000000
0.0000000000000000
0.0000000000000000
0.0000000000000000
0.0000000000000000
0.0000000000000000
0.0000000000000000
0.0000000000000000
0.0000000000000000
0.0000000000000000
0.0000000000000000
0.0000000000000000
0.0000000000000000
0.0000000000000000
0.0000000000000000
0.0000000000000000
0.0000000000000000
0.0000000000000000
0.0000000000000000
0.0000000000000000
0.0000000000000000
0.0000000000000000
0.0000000000000000
0.0000000000000000
0.0000000000000000
0.0000000000000000
0.0000000000000000
0.0000000000000000
0.0000000000000000
0.0000000000000000
0.0000000000000000
0.0000000000000000
0.0000000000000000
0.0000000000000000
0.0000000000000000
0.0000000000000000
0.0000000000000000
0.0000000000000000
0.0000000000000000
0.0000000000000000
0.0000000000000000
0.0000000000000000
0.0000000000000000
0.0000000000000000
0.0000000000000000
0.0000000000000000
0.0000000000000000
0.0000000000000000
0.0000000000000000
0.0000000000000000
0.0000000000000000
0.0000000000000000
0.0000000000000000
0.0000000000000000
0.0000000000000000
0.0000000000000000
0.0000000000000000
0.0000000000000000
0.0000000000000000
0.0000000000000000
0.0000000000000000
0.0000000000000000
0.0000000000000000
0.0000000000000000
0.0000000000000000
0.0000000000000000
0.0000000000000000
0.0000000000000000
0.0000000000000000
0.0000000000000000
0.0000000000000000
0.0000000000000000
0.0000000000000000
0.0000000000000000
0.0000000000000000
0.0000000000000000
0.0000000000000000
0.0000000000000000
0.0000000000000000
0.0000000000000000
0.0000000000000000
0.0000000000000000
0.0000000000000000
0.0000000000000000
0.0000000000000000
0.0000000000000000
0.0000000000000000
0.0000000000000000
0.0000000000000000
0.0000000000000000
0.0000000000000000
0.0000000000000000
0.0000000000000000
0.0000000000000000
0.0000000000000000
0.0000000000000000
0.0000000000000000
0.0000000000000000
0.0000000000000000
0.0000000000000000
0.0000000000000000
0.0000000000000000
0.0000000000000000
0.0000000000000000
0.0000000000000000
0.0000000000000000
0.0000000000000000
0.0000000000000000
0.0000000000000000
0.0000000000000000
0.0000000000000000
0.0000000000000000
0.0000000000000000
0.0000000000000000
0.0000000000000000
0.0000000000000000
0.0000000000000000
0.0000000000000000
0.0000000000000000
0.0000000000000000
0.0000000000000000
0.0000000000000000
0.0000000000000000
0.0000000000000000
0.0000000000000000
0.0000000000000000
0.0000000000000000
0.0000000000000000
0.0000000000000000
0.0000000000000000
0.0000000000000000
0.0000000000000000
0.0000000000000000
0.0000000000000000
0.0000000000000000
0.0000000000000000
0.0000000000000000
0.0000000000000000
0.0000000000000000
0.0000000000000000
0.0000000000000000
0.0000000000000000
0.0000000000000000
0.0000000000000000
0.0000000000000000
0.0000000000000000
0.0000000000000000
0.0000000000000000
0.0000000000000000
0.0000000000000000
0.0000000000000000
0.0000000000000000
0.0000000000000000
0.0000000000000000
0.0000000000000000
0.0000000000000000
0.0000000000000000
0.0000000000000000
0.0000000000000000
0.0000000000000000
0.0000000000000000
0.0000000000000000
0.0000000000000000
0.0000000000000000
0.0000000000000000
0.0000000000000000
0.0000000000000000
0.0000000000000000
0.0000000000000000
0.0000000000000000
0.0000000000000000
0.0000000000000000
0.0000000000000000
0.0000000000000000
0.0000000000000000
0.0000000000000000
0.0000000000000000
0.0000000000000000
0.0000000000000000
0.0000000000000000
0.0000000000000000
0.0000000000000000
0.0000000000000000
0.0000000000000000
0.0000000000000000
0.0000000000000000
0.0000000000000000
0.0000000000000000
0.0000000000000000
0.0000000000000000
0.0000000000000000
0.0000000000000000
0.0000000000000000
0.0000000000000000
0.0000000000000000
0.0000000000000000
0.0000000000000000
0.0000000000000000
0.0000000000000000
0.0000000000000000
0.0000000000000000
0.0000000000000000
0.0000000000000000
0.0000000000000000
0.0000000000000000
0.0000000000000000
0.0000000000000000
0.0000000000000000
0.0000000000000000
0.0000000000000000
0.0000000000000000
0.0000000000000000
0.0000000000000000
0.0000000000000000
0.0000000000000000
0.0000000000000000
0.0000000000000000
0.0000000000000000
0.0000000000000000
0.0000000000000000
0.0000000000000000
0.0000000000000000
0.0000000000000000
0.0000000000000000
0.0000000000000000
0.0000000000000000
0.0000000000000000
0.0000000000000000
0.0000000000000000
0.0000000000000000
0.0000000000000000
0.0000000000000000
0.0000000000000000
0.0000000000000000
0.0000000000000000
0.0000000000000000
0.0000000000000000
0.0000000000000000
0.0000000000000000
0.0000000000000000
0.0000000000000000
0.0000000000000000
0.0000000000000000
0.0000000000000000
0.0000000000000000
0.0000000000000000
0.0000000000000000
0.0000000000000000
0.0000000000000000
0.0000000000000000
0.0000000000000000
0.0000000000000000
0.0000000000000000
0.0000000000000000
0.0000000000000000
0.0000000000000000
0.0000000000000000
0.0000000000000000
0.0000000000000000
0.0000000000000000
0.0000000000000000
0.0000000000000000
0.0000000000000000
0.0000000000000000
0.0000000000000000
0.0000000000000000
0.0000000000000000
0.0000000000000000
0.0000000000000000
0.0000000000000000
0.0000000000000000
0.0000000000000000
0.0000000000000000
0.0000000000000000
0.0000000000000000
0.0000000000000000
0.0000000000000000
0.0000000000000000
0.0000000000000000
0.0000000000000000
0.0000000000000000
0.0000000000000000
0.0000000000000000
0.0000000000000000
0.0000000000000000
0.0000000000000000
0.0000000000000000
0.0000000000000000
0.0000000000000000
0.0000000000000000
0.0000000000000000
0.0000000000000000
0.0000000000000000
0.0000000000000000
0.0000000000000000
0.0000000000000000
0.0000000000000000
0.0000000000000000
0.0000000000000000
0.0000000000000000
0.0000000000000000
0.0000000000000000
0.0000000000000000
0.0000000000000000
0.0000000000000000
0.0000000000000000
0.0000000000000000
0.0000000000000000
0.0000000000000000
0.0000000000000000
0.0000000000000000
0.0000000000000000
0.0000000000000000
0.0000000000000000
0.0000000000000000
0.0000000000000000
0.0000000000000000
0.0000000000000000
0.0000000000000000
0.0000000000000000
0.0000000000000000
0.0000000000000000
0.0000000000000000
0.0000000000000000
0.0000000000000000
0.0000000000000000
0.0000000000000000
0.0000000000000000
0.0000000000000000
0.0000000000000000
0.0000000000000000
0.0000000000000000
0.0000000000000000
0.0000000000000000
0.0000000000000000
0.0000000000000000
0.0000000000000000
0.0000000000000000
0.0000000000000000
0.0000000000000000
0.0000000000000000
0.0000000000000000
0.0000000000000000
0.0000000000000000
0.0000000000000000
0.0000000000000000
0.0000000000000000
0.0000000000000000
0.0000000000000000
0.0000000000000000
0.0000000000000000
0.0000000000000000
0.0000000000000000
0.0000000000000000
0.0000000000000000
0.0000000000000000
0.0000000000000000
0.0000000000000000
0.0000000000000000
0.0000000000000000
0.0000000000000000
0.0000000000000000
0.0000000000000000
0.0000000000000000
0.0000000000000000
0.0000000000000000
0.0000000000000000
0.0000000000000000
0.0000000000000000
0.0000000000000000
0.0000000000000000
0.0000000000000000
0.0000000000000000
0.0000000000000000
0.0000000000000000
0.0000000000000000
0.0000000000000000
0.0000000000000000
0.0000000000000000
0.0000000000000000
0.0000000000000000
0.0000000000000000
0.0000000000000000
0.0000000000000000
0.0000000000000000
0.0000000000000000
0.0000000000000000
0.0000000000000000
0.0000000000000000
0.0000000000000000
0.0000000000000000
0.0000000000000000
0.0000000000000000
0.0000000000000000
0.0000000000000000
0.0000000000000000
0.0000000000000000
0.0000000000000000
0.0000000000000000
0.0000000000000000
0.0000000000000000
0.0000000000000000
0.0000000000000000
0.0000000000000000
0.0000000000000000
0.0000000000000000
0.0000000000000000
0.0000000000000000
0.0000000000000000
0.0000000000000000
0.0000000000000000
0.0000000000000000
0.0000000000000000
0.0000000000000000
0.0000000000000000
0.0000000000000000
0.0000000000000000
0.0000000000000000
0.0000000000000000
0.0000000000000000
0.0000000000000000
0.0000000000000000
0.0000000000000000
0.0000000000000000
0.0000000000000000
0.0000000000000000
0.0000000000000000
0.0000000000000000
0.0000000000000000
0.0000000000000000
0.0000000000000000
0.0000000000000000
0.0000000000000000
0.0000000000000000
0.0000000000000000
0.0000000000000000
0.0000000000000000
0.0000000000000000
0.0000000000000000
0.0000000000000000
0.0000000000000000
0.0000000000000000
0.0000000000000000
0.0000000000000000
0.0000000000000000
0.0000000000000000
0.0000000000000000
0.0000000000000000
0.0000000000000000
0.0000000000000000
0.0000000000000000
0.0000000000000000
0.0000000000000000
0.0000000000000000
0.0000000000000000
0.0000000000000000
0.0000000000000000
0.0000000000000000
0.0000000000000000
0.0000000000000000
0.0000000000000000
0.0000000000000000
0.0000000000000000
0.0000000000000000
0.0000000000000000
0.0000000000000000
0.0000000000000000
0.0000000000000000
0.0000000000000000
0.0000000000000000
0.0000000000000000
0.0000000000000000
0.0000000000000000
0.0000000000000000
0.0000000000000000
0.0000000000000000
0.0000000000000000
0.0000000000000000
0.0000000000000000
0.0000000000000000
0.0000000000000000
0.0000000000000000
0.0000000000000000
0.0000000000000000
0.0000000000000000
0.0000000000000000
0.0000000000000000
0.0000000000000000
0.0000000000000000
0.0000000000000000
0.0000000000000000
0.0000000000000000
0.0000000000000000
0.0000000000000000
0.0000000000000000
0.0000000000000000
0.0000000000000000
0.0000000000000000
0.0000000000000000
0.0000000000000000
0.0000000000000000
0.0000000000000000
0.0000000000000000
0.0000000000000000
0.0000000000000000
0.0000000000000000
0.0000000000000000
0.0000000000000000
0.0000000000000000
0.0000000000000000
0.0000000000000000
0.0000000000000000
0.0000000000000000
0.0000000000000000
0.0000000000000000
0.0000000000000000
0.0000000000000000
0.0000000000000000
0.0000000000000000
0.0000000000000000
0.0000000000000000
0.0000000000000000
0.0000000000000000
0.0000000000000000
0.0000000000000000
0.0000000000000000
0.0000000000000000
0.0000000000000000
0.0000000000000000
0.0000000000000000
0.0000000000000000
0.0000000000000000
0.0000000000000000
0.0000000000000000
0.0000000000000000
0.0000000000000000
0.0000000000000000
0.0000000000000000
0.0000000000000000
0.0000000000000000
0.0000000000000000
0.0000000000000000
0.0000000000000000
0.0000000000000000
0.0000000000000000
0.0000000000000000
0.0000000000000000
0.0000000000000000
0.0000000000000000
0.0000000000000000
0.0000000000000000
0.0000000000000000
0.0000000000000000
0.0000000000000000
0.0000000000000000
0.0000000000000000
0.0000000000000000
0.0000000000000000
0.0000000000000000
0.0000000000000000
0.0000000000000000
0.0000000000000000
0.0000000000000000
0.0000000000000000
0.0000000000000000
0.0000000000000000
0.0000000000000000
0.0000000000000000
0.0000000000000000
0.0000000000000000
0.0000000000000000
0.0000000000000000
0.0000000000000000
0.0000000000000000
0.0000000000000000
0.0000000000000000
0.0000000000000000
0.0000000000000000
0.0000000000000000
0.0000000000000000
0.0000000000000000
0.0000000000000000
0.0000000000000000
0.0000000000000000
0.0000000000000000
0.0000000000000000
0.0000000000000000
0.0000000000000000
0.0000000000000000
0.0000000000000000
0.0000000000000000
0.0000000000000000
0.0000000000000000
0.0000000000000000
0.0000000000000000
0.0000000000000000
0.0000000000000000
0.0000000000000000
0.0000000000000000
0.0000000000000000
0.0000000000000000
0.0000000000000000
0.0000000000000000
0.0000000000000000
0.0000000000000000
0.0000000000000000
0.0000000000000000
0.0000000000000000
0.0000000000000000
0.0000000000000000
0.0000000000000000
0.0000000000000000
0.0000000000000000
0.0000000000000000
0.0000000000000000
0.0000000000000000
0.0000000000000000
0.0000000000000000
0.0000000000000000
0.0000000000000000
0.0000000000000000
0.0000000000000000
0.0000000000000000
0.0000000000000000
0.0000000000000000
0.0000000000000000
0.0000000000000000
0.0000000000000000
0.0000000000000000
0.0000000000000000
0.0000000000000000
0.0000000000000000
0.0000000000000000
0.0000000000000000
0.0000000000000000
0.0000000000000000
0.0000000000000000
0.0000000000000000
0.0000000000000000
0.0000000000000000
0.0000000000000000
0.0000000000000000
0.0000000000000000
0.0000000000000000
0.0000000000000000
0.0000000000000000
0.0000000000000000
0.0000000000000000
0.0000000000000000
0.0000000000000000
0.0000000000000000
0.0000000000000000
0.0000000000000000
0.0000000000000000
0.0000000000000000
0.0000000000000000
0.0000000000000000
0.0000000000000000
0.0000000000000000
0.0000000000000000
0.0000000000000000
0.0000000000000000
0.0000000000000000
0.0000000000000000
0.0000000000000000
0.0000000000000000
0.0000000000000000
0.0000000000000000
0.0000000000000000
0.0000000000000000
0.0000000000000000
0.0000000000000000
0.0000000000000000
0.0000000000000000
0.0000000000000000
0.0000000000000000
0.0000000000000000
0.0000000000000000
0.0000000000000000
0.0000000000000000
0.0000000000000000
0.0000000000000000
0.0000000000000000
0.0000000000000000
0.0000000000000000
0.0000000000000000
0.0000000000000000
0.0000000000000000
0.0000000000000000
0.0000000000000000
0.0000000000000000
0.0000000000000000
0.0000000000000000
0.0000000000000000
0.0000000000000000
0.0000000000000000
0.0000000000000000
0.0000000000000000
0.0000000000000000
0.0000000000000000
0.0000000000000000
0.0000000000000000
0.0000000000000000
0.0000000000000000
0.0000000000000000
0.0000000000000000
0.0000000000000000
0.0000000000000000
0.0000000000000000
0.0000000000000000
0.0000000000000000
0.0000000000000000
0.0000000000000000
0.0000000000000000
0.0000000000000000
0.0000000000000000
0.0000000000000000
0.0000000000000000
0.0000000000000000
0.0000000000000000
0.0000000000000000
0.0000000000000000
0.0000000000000000
0.0000000000000000
0.0000000000000000
0.0000000000000000
0.0000000000000000
0.0000000000000000
0.0000000000000000
0.0000000000000000
0.0000000000000000
0.0000000000000000
0.0000000000000000
0.0000000000000000
0.0000000000000000
0.0000000000000000
0.0000000000000000
0.0000000000000000
0.0000000000000000
0.0000000000000000
0.0000000000000000
0.0000000000000000
0.0000000000000000
0.0000000000000000
0.0000000000000000
0.0000000000000000
0.0000000000000000
0.0000000000000000
0.0000000000000000
0.0000000000000000
0.0000000000000000
0.0000000000000000
0.0000000000000000
0.0000000000000000
0.0000000000000000
0.0000000000000000
0.0000000000000000
0.0000000000000000
0.0000000000000000
0.0000000000000000
0.0000000000000000
0.0000000000000000
0.0000000000000000
0.0000000000000000
0.0000000000000000
0.0000000000000000
0.0000000000000000
0.0000000000000000
0.0000000000000000
0.0000000000000000
0.0000000000000000
0.0000000000000000
0.0000000000000000
0.0000000000000000
0.0000000000000000
0.0000000000000000
0.0000000000000000
0.0000000000000000
0.0000000000000000
0.0000000000000000
0.0000000000000000
0.0000000000000000
0.0000000000000000
0.0000000000000000
0.0000000000000000
0.0000000000000000
0.0000000000000000
0.0000000000000000
0.0000000000000000
0.0000000000000000
0.0000000000000000
0.0000000000000000
0.0000000000000000
0.0000000000000000
0.0000000000000000
0.0000000000000000
0.0000000000000000
0.0000000000000000
0.0000000000000000
0.0000000000000000
0.0000000000000000
0.0000000000000000
0.0000000000000000
0.0000000000000000
0.0000000000000000
0.0000000000000000
0.0000000000000000
0.0000000000000000
0.0000000000000000
0.0000000000000000
0.0000000000000000
0.0000000000000000
0.0000000000000000
0.0000000000000000
0.0000000000000000
0.0000000000000000
0.0000000000000000
0.0000000000000000
0.0000000000000000
0.0000000000000000
0.0000000000000000
0.0000000000000000
0.0000000000000000
0.0000000000000000
0.0000000000000000
0.0000000000000000
0.0000000000000000
0.0000000000000000
0.0000000000000000
0.0000000000000000
0.0000000000000000
0.0000000000000000
0.0000000000000000
0.0000000000000000
0.0000000000000000
0.0000000000000000
0.0000000000000000
0.0000000000000000
0.0000000000000000
0.0000000000000000
0.0000000000000000
0.0000000000000000
0.0000000000000000
0.0000000000000000
0.0000000000000000
0.0000000000000000
0.0000000000000000
0.0000000000000000
0.0000000000000000
0.0000000000000000
0.0000000000000000
0.0000000000000000
0.0000000000000000
0.0000000000000000
0.0000000000000000
0.0000000000000000
0.0000000000000000
0.0000000000000000
0.0000000000000000
0.0000000000000000
0.0000000000000000
0.0000000000000000
0.0000000000000000
0.0000000000000000
0.0000000000000000
0.0000000000000000
0.0000000000000000
0.0000000000000000
0.0000000000000000
0.0000000000000000
0.0000000000000000
0.0000000000000000
0.0000000000000000
0.0000000000000000
0.0000000000000000
0.0000000000000000
0.0000000000000000
0.0000000000000000
0.0000000000000000
0.0000000000000000
0.0000000000000000
0.0000000000000000
0.0000000000000000
0.0000000000000000
0.0000000000000000
0.0000000000000000
0.0000000000000000
0.0000000000000000
0.0000000000000000
0.0000000000000000
0.0000000000000000
0.0000000000000000
0.0000000000000000
0.0000000000000000
0.0000000000000000
0.0000000000000000
0.0000000000000000
0.0000000000000000
0.0000000000000000
0.0000000000000000
0.0000000000000000
0.0000000000000000
0.0000000000000000
0.0000000000000000
0.0000000000000000
0.0000000000000000
0.0000000000000000
0.0000000000000000
0.0000000000000000
0.0000000000000000
0.0000000000000000
0.0000000000000000
0.0000000000000000
0.0000000000000000
0.0000000000000000
0.0000000000000000
0.0000000000000000
0.0000000000000000
0.0000000000000000
0.0000000000000000
0.0000000000000000
0.0000000000000000
0.0000000000000000
0.0000000000000000
0.0000000000000000
0.0000000000000000
0.0000000000000000
0.0000000000000000
0.0000000000000000
0.0000000000000000
0.0000000000000000
0.0000000000000000
0.0000000000000000
0.0000000000000000
0.0000000000000000
0.0000000000000000
0.0000000000000000
0.0000000000000000
0.0000000000000000
0.0000000000000000
0.0000000000000000
0.0000000000000000
0.0000000000000000
0.0000000000000000
0.0000000000000000
0.0000000000000000
0.0000000000000000
0.0000000000000000
0.0000000000000000
0.0000000000000000
0.0000000000000000
0.0000000000000000
0.0000000000000000
0.0000000000000000
0.0000000000000000
0.0000000000000000
0.0000000000000000
0.0000000000000000
0.0000000000000000
0.0000000000000000
0.0000000000000000
0.0000000000000000
0.0000000000000000
0.0000000000000000
0.0000000000000000
0.0000000000000000
0.0000000000000000
0.0000000000000000
0.0000000000000000
0.0000000000000000
0.0000000000000000
0.0000000000000000
0.0000000000000000
0.0000000000000000
0.0000000000000000
0.0000000000000000
0.0000000000000000
0.0000000000000000
0.0000000000000000
0.0000000000000000
0.0000000000000000
0.0000000000000000
0.0000000000000000
0.0000000000000000
0.0000000000000000
0.0000000000000000
0.0000000000000000
0.0000000000000000
0.0000000000000000
0.0000000000000000
0.0000000000000000
0.0000000000000000
0.0000000000000000
0.0000000000000000
0.0000000000000000
0.0000000000000000
0.0000000000000000
0.0000000000000000
0.0000000000000000
0.0000000000000000
0.0000000000000000
0.0000000000000000
0.0000000000000000
0.0000000000000000
0.0000000000000000
0.0000000000000000
0.0000000000000000
0.0000000000000000
0.0000000000000000
0.0000000000000000
0.0000000000000000
0.0000000000000000
0.0000000000000000
0.0000000000000000
0.0000000000000000
0.0000000000000000
0.0000000000000000
0.0000000000000000
0.0000000000000000
0.0000000000000000
0.0000000000000000
0.0000000000000000
0.0000000000000000
0.0000000000000000
0.0000000000000000
0.0000000000000000
0.0000000000000000
0.0000000000000000
0.0000000000000000
0.0000000000000000
0.0000000000000000
0.0000000000000000
0.0000000000000000
0.0000000000000000
0.0000000000000000
0.0000000000000000
0.0000000000000000
0.0000000000000000
0.0000000000000000
0.0000000000000000
0.0000000000000000
0.0000000000000000
0.0000000000000000
0.0000000000000000
0.0000000000000000
0.0000000000000000
0.0000000000000000
0.0000000000000000
0.0000000000000000
0.0000000000000000
0.0000000000000000
0.0000000000000000
0.0000000000000000
0.0000000000000000
0.0000000000000000
0.0000000000000000
0.0000000000000000
0.0000000000000000
0.0000000000000000
0.0000000000000000
0.0000000000000000
0.0000000000000000
0.0000000000000000
0.0000000000000000
0.0000000000000000
0.0000000000000000
0.0000000000000000
0.0000000000000000
0.0000000000000000
0.0000000000000000
0.0000000000000000
0.0000000000000000
0.0000000000000000
0.0000000000000000
0.0000000000000000
0.0000000000000000
0.0000000000000000
0.0000000000000000
0.0000000000000000
0.0000000000000000
0.0000000000000000
0.0000000000000000
0.0000000000000000
0.0000000000000000
0.0000000000000000
0.0000000000000000
0.0000000000000000
0.0000000000000000
0.0000000000000000
0.0000000000000000
0.0000000000000000
0.0000000000000000
0.0000000000000000
0.0000000000000000
0.0000000000000000
0.0000000000000000
0.0000000000000000
0.0000000000000000
0.0000000000000000
0.0000000000000000
0.0000000000000000
0.0000000000000000
0.0000000000000000
0.0000000000000000
0.0000000000000000
0.0000000000000000
0.0000000000000000
0.0000000000000000
0.0000000000000000
0.0000000000000000
0.0000000000000000
0.0000000000000000
0.0000000000000000
0.0000000000000000
0.0000000000000000
0.0000000000000000
0.0000000000000000
0.0000000000000000
0.0000000000000000
0.0000000000000000
0.0000000000000000
0.0000000000000000
0.0000000000000000
0.0000000000000000
0.0000000000000000
0.0000000000000000
0.0000000000000000
0.0000000000000000
0.0000000000000000
0.0000000000000000
0.0000000000000000
0.0000000000000000
0.0000000000000000
0.0000000000000000
0.0000000000000000
0.0000000000000000
0.0000000000000000
0.0000000000000000
0.0000000000000000
0.0000000000000000
0.0000000000000000
0.0000000000000000
0.0000000000000000
0.0000000000000000
0.0000000000000000
0.0000000000000000
0.0000000000000000
0.0000000000000000
0.0000000000000000
0.0000000000000000
0.0000000000000000
0.0000000000000000
0.0000000000000000
0.0000000000000000
0.0000000000000000
0.0000000000000000
0.0000000000000000
0.0000000000000000
0.0000000000000000
0.0000000000000000
0.0000000000000000
0.0000000000000000
0.0000000000000000
0.0000000000000000
0.0000000000000000
0.0000000000000000
0.0000000000000000
0.0000000000000000
0.0000000000000000
0.0000000000000000
0.0000000000000000
0.0000000000000000
0.0000000000000000
0.0000000000000000
0.0000000000000000
0.0000000000000000
0.0000000000000000
0.0000000000000000
0.0000000000000000
0.0000000000000000
0.0000000000000000
0.0000000000000000
0.0000000000000000
0.0000000000000000
0.0000000000000000
0.0000000000000000
0.0000000000000000
0.0000000000000000
0.0000000000000000
0.0000000000000000
0.0000000000000000
0.0000000000000000
0.0000000000000000
0.0000000000000000
0.0000000000000000
0.0000000000000000
0.0000000000000000
0.0000000000000000
0.0000000000000000
0.0000000000000000
0.0000000000000000
0.0000000000000000
0.0000000000000000
0.0000000000000000
0.0000000000000000
0.0000000000000000
0.0000000000000000
0.0000000000000000
0.0000000000000000
0.0000000000000000
0.0000000000000000
0.0000000000000000
0.0000000000000000
0.0000000000000000
0.0000000000000000
0.0000000000000000
0.0000000000000000
0.0000000000000000
0.0000000000000000
0.0000000000000000
0.0000000000000000
0.0000000000000000
0.0000000000000000
0.0000000000000000
0.0000000000000000
0.0000000000000000
0.0000000000000000
0.0000000000000000
0.0000000000000000
0.0000000000000000
0.0000000000000000
0.0000000000000000
0.0000000000000000
0.0000000000000000
0.0000000000000000
0.0000000000000000
0.0000000000000000
0.0000000000000000
0.0000000000000000
0.0000000000000000
0.0000000000000000
0.0000000000000000
0.0000000000000000
0.0000000000000000
0.0000000000000000
0.0000000000000000
0.0000000000000000
0.0000000000000000
0.0000000000000000
0.0000000000000000
0.0000000000000000
0.0000000000000000
0.0000000000000000
0.0000000000000000
0.0000000000000000
0.0000000000000000
0.0000000000000000
0.0000000000000000
0.0000000000000000
0.0000000000000000
0.0000000000000000
0.0000000000000000
0.0000000000000000
0.0000000000000000
0.0000000000000000
0.0000000000000000
0.0000000000000000
0.0000000000000000
0.0000000000000000
0.0000000000000000
0.0000000000000000
0.0000000000000000
0.0000000000000000
0.0000000000000000
0.0000000000000000
0.0000000000000000
0.0000000000000000
0.0000000000000000
0.0000000000000000
0.0000000000000000
0.0000000000000000
0.0000000000000000
0.0000000000000000
0.0000000000000000
0.0000000000000000
0.0000000000000000
0.0000000000000000
0.0000000000000000
0.0000000000000000
0.0000000000000000
0.0000000000000000
0.0000000000000000
0.0000000000000000
0.0000000000000000
0.0000000000000000
0.0000000000000000
0.0000000000000000
0.0000000000000000
0.0000000000000000
0.0000000000000000
0.0000000000000000
0.0000000000000000
0.0000000000000000
0.0000000000000000
0.0000000000000000
0.0000000000000000
0.0000000000000000
0.0000000000000000
0.0000000000000000
0.0000000000000000
0.0000000000000000
0.0000000000000000
0.0000000000000000
0.0000000000000000
0.0000000000000000
0.0000000000000000
0.0000000000000000
0.0000000000000000
0.0000000000000000
0.0000000000000000
0.0000000000000000
0.0000000000000000
0.0000000000000000
0.0000000000000000
0.0000000000000000
0.0000000000000000
0.0000000000000000
0.0000000000000000
0.0000000000000000
0.0000000000000000
0.0000000000000000
0.0000000000000000
0.0000000000000000
0.0000000000000000
0.0000000000000000
0.0000000000000000
0.0000000000000000
0.0000000000000000
0.0000000000000000
0.0000000000000000
0.0000000000000000
0.0000000000000000
0.0000000000000000
0.0000000000000000
0.0000000000000000
0.0000000000000000
0.0000000000000000
0.0000000000000000
0.0000000000000000
0.0000000000000000
0.0000000000000000
0.0000000000000000
0.0000000000000000
0.0000000000000000
0.0000000000000000
0.0000000000000000
0.0000000000000000
0.0000000000000000
0.0000000000000000
0.0000000000000000
0.0000000000000000
0.0000000000000000
0.0000000000000000
0.0000000000000000
0.0000000000000000
0.0000000000000000
0.0000000000000000
0.0000000000000000
0.0000000000000000
0.0000000000000000
0.0000000000000000
0.0000000000000000
0.0000000000000000
0.0000000000000000
0.0000000000000000
0.0000000000000000
0.0000000000000000
0.0000000000000000
0.0000000000000000
0.0000000000000000
0.0000000000000000
0.0000000000000000
0.0000000000000000
0.0000000000000000
0.0000000000000000
0.0000000000000000
0.0000000000000000
0.0000000000000000
0.0000000000000000
0.0000000000000000
0.0000000000000000
0.0000000000000000
0.0000000000000000
0.0000000000000000
0.0000000000000000
0.0000000000000000
0.0000000000000000
0.0000000000000000
0.0000000000000000
0.0000000000000000
0.0000000000000000
0.0000000000000000
0.0000000000000000
0.0000000000000000
0.0000000000000000
0.0000000000000000
0.0000000000000000
0.0000000000000000
0.0000000000000000
0.0000000000000000
0.0000000000000000
0.0000000000000000
0.0000000000000000
0.0000000000000000
0.0000000000000000
0.0000000000000000
0.0000000000000000
0.0000000000000000
0.0000000000000000
0.0000000000000000
0.0000000000000000
0.0000000000000000
0.0000000000000000
0.0000000000000000
0.0000000000000000
0.0000000000000000
0.0000000000000000
0.0000000000000000
0.0000000000000000
0.0000000000000000
0.0000000000000000
0.0000000000000000
0.0000000000000000
0.0000000000000000
0.0000000000000000
0.0000000000000000
0.0000000000000000
0.0000000000000000
0.0000000000000000
0.0000000000000000
0.0000000000000000
0.0000000000000000
0.0000000000000000
0.0000000000000000
0.0000000000000000
0.0000000000000000
0.0000000000000000
0.0000000000000000
0.0000000000000000
0.0000000000000000
0.0000000000000000
0.0000000000000000
0.0000000000000000
0.0000000000000000
0.0000000000000000
0.0000000000000000
0.0000000000000000
0.0000000000000000
0.0000000000000000
0.0000000000000000
0.0000000000000000
0.0000000000000000
0.0000000000000000
0.0000000000000000
0.0000000000000000
0.0000000000000000
0.0000000000000000
0.0000000000000000
0.0000000000000000
0.0000000000000000
0.0000000000000000
0.0000000000000000
0.0000000000000000
0.0000000000000000
0.0000000000000000
0.0000000000000000
0.0000000000000000
0.0000000000000000
0.0000000000000000
0.0000000000000000
0.0000000000000000
0.0000000000000000
0.0000000000000000
0.0000000000000000
0.0000000000000000
0.0000000000000000
0.0000000000000000
0.0000000000000000
0.0000000000000000
0.0000000000000000
0.0000000000000000
0.0000000000000000
0.0000000000000000
0.0000000000000000
0.0000000000000000
0.0000000000000000
0.0000000000000000
0.0000000000000000
0.0000000000000000
0.0000000000000000
0.0000000000000000
0.0000000000000000
0.0000000000000000
0.0000000000000000
0.0000000000000000
0.0000000000000000
0.0000000000000000
0.0000000000000000
0.0000000000000000
0.0000000000000000
0.0000000000000000
0.0000000000000000
0.0000000000000000
0.0000000000000000
0.0000000000000000
0.0000000000000000
0.0000000000000000
0.0000000000000000
0.0000000000000000
0.0000000000000000
0.0000000000000000
0.0000000000000000
0.0000000000000000
0.0000000000000000
0.0000000000000000
0.0000000000000000
0.0000000000000000
0.0000000000000000
0.0000000000000000
0.0000000000000000
0.0000000000000000
0.0000000000000000
0.0000000000000000
0.0000000000000000
0.0000000000000000
0.0000000000000000
0.0000000000000000
0.0000000000000000
0.0000000000000000
0.0000000000000000
0.0000000000000000
0.0000000000000000
0.0000000000000000
0.0000000000000000
0.0000000000000000
0.0000000000000000
0.0000000000000000
0.0000000000000000
0.0000000000000000
0.0000000000000000
0.0000000000000000
0.0000000000000000
0.0000000000000000
0.0000000000000000
0.0000000000000000
0.0000000000000000
0.0000000000000000
0.0000000000000000
0.0000000000000000
0.0000000000000000
0.0000000000000000
0.0000000000000000
0.0000000000000000
0.0000000000000000
0.0000000000000000
0.0000000000000000
0.0000000000000000
0.0000000000000000
0.0000000000000000
0.0000000000000000
0.0000000000000000
0.0000000000000000
0.0000000000000000
0.0000000000000000
0.0000000000000000
0.0000000000000000
0.0000000000000000
0.0000000000000000
0.0000000000000000
0.0000000000000000
0.0000000000000000
0.0000000000000000
0.0000000000000000
0.0000000000000000
0.0000000000000000
0.0000000000000000
0.0000000000000000
0.0000000000000000
0.0000000000000000
0.0000000000000000
0.0000000000000000
0.0000000000000000
0.0000000000000000
0.0000000000000000
0.0000000000000000
0.0000000000000000
0.0000000000000000
0.0000000000000000
0.0000000000000000
0.0000000000000000
0.0000000000000000
0.0000000000000000
0.0000000000000000
0.0000000000000000
0.0000000000000000
0.0000000000000000
0.0000000000000000
0.0000000000000000
0.0000000000000000
0.0000000000000000
0.0000000000000000
0.0000000000000000
0.0000000000000000
0.0000000000000000
0.0000000000000000
0.0000000000000000
0.0000000000000000
0.0000000000000000
0.0000000000000000
0.0000000000000000
0.0000000000000000
0.0000000000000000
0.0000000000000000
0.0000000000000000
0.0000000000000000
0.0000000000000000
0.0000000000000000
0.0000000000000000
0.0000000000000000
0.0000000000000000
0.0000000000000000
0.0000000000000000
0.0000000000000000
0.0000000000000000
0.0000000000000000
0.0000000000000000
0.0000000000000000
0.0000000000000000
0.0000000000000000
0.0000000000000000
0.0000000000000000
0.0000000000000000
0.0000000000000000
0.0000000000000000
0.0000000000000000
0.0000000000000000
0.0000000000000000
0.0000000000000000
0.0000000000000000
0.0000000000000000
0.0000000000000000
0.0000000000000000
0.0000000000000000
0.0000000000000000
0.0000000000000000
0.0000000000000000
0.0000000000000000
0.0000000000000000
0.0000000000000000
0.0000000000000000
0.0000000000000000
0.0000000000000000
0.0000000000000000
0.0000000000000000
0.0000000000000000
0.0000000000000000
0.0000000000000000
0.0000000000000000
0.0000000000000000
0.0000000000000000
0.0000000000000000
0.0000000000000000
0.0000000000000000
0.0000000000000000
0.0000000000000000
0.0000000000000000
0.0000000000000000
0.0000000000000000
0.0000000000000000
0.0000000000000000
0.0000000000000000
0.0000000000000000
0.0000000000000000
0.0000000000000000
0.0000000000000000
0.0000000000000000
0.0000000000000000
0.0000000000000000
0.0000000000000000
0.0000000000000000
0.0000000000000000
0.0000000000000000
0.0000000000000000
0.0000000000000000
0.0000000000000000
0.0000000000000000
0.0000000000000000
0.0000000000000000
0.0000000000000000
0.0000000000000000
0.0000000000000000
0.0000000000000000
0.0000000000000000
0.0000000000000000
0.0000000000000000
0.0000000000000000
0.0000000000000000
0.0000000000000000
0.0000000000000000
0.0000000000000000
0.0000000000000000
0.0000000000000000
0.0000000000000000
0.0000000000000000
0.0000000000000000
0.0000000000000000
0.0000000000000000
0.0000000000000000
0.0000000000000000
0.0000000000000000
0.0000000000000000
0.0000000000000000
0.0000000000000000
0.0000000000000000
0.0000000000000000
0.0000000000000000
0.0000000000000000
0.0000000000000000
0.0000000000000000
0.0000000000000000
0.0000000000000000
0.0000000000000000
0.0000000000000000
0.0000000000000000
0.0000000000000000
0.0000000000000000
0.0000000000000000
0.0000000000000000
0.0000000000000000
0.0000000000000000
0.0000000000000000
0.0000000000000000
0.0000000000000000
0.0000000000000000
0.0000000000000000
0.0000000000000000
0.0000000000000000
0.0000000000000000
0.0000000000000000
0.0000000000000000
0.0000000000000000
0.0000000000000000
0.0000000000000000
0.0000000000000000
0.0000000000000000
0.0000000000000000
0.0000000000000000
0.0000000000000000
0.0000000000000000
0.0000000000000000
0.0000000000000000
0.0000000000000000
0.0000000000000000
0.0000000000000000
0.0000000000000000
0.0000000000000000
0.0000000000000000
0.0000000000000000
0.0000000000000000
0.0000000000000000
0.0000000000000000
0.0000000000000000
0.0000000000000000
0.0000000000000000
0.0000000000000000
0.0000000000000000
0.0000000000000000
0.0000000000000000
0.0000000000000000
0.0000000000000000
0.0000000000000000
0.0000000000000000
0.0000000000000000
0.0000000000000000
0.0000000000000000
0.0000000000000000
0.0000000000000000
0.0000000000000000
0.0000000000000000
0.0000000000000000
0.0000000000000000
0.0000000000000000
0.0000000000000000
0.0000000000000000
0.0000000000000000
0.0000000000000000
0.0000000000000000
0.0000000000000000
0.0000000000000000
0.0000000000000000
0.0000000000000000
0.0000000000000000
0.0000000000000000
0.0000000000000000
0.0000000000000000
0.0000000000000000
0.0000000000000000
0.0000000000000000
0.0000000000000000
0.0000000000000000
0.0000000000000000
0.0000000000000000
0.0000000000000000
0.0000000000000000
0.0000000000000000
0.0000000000000000
0.0000000000000000
0.0000000000000000
0.0000000000000000
0.0000000000000000
0.0000000000000000
0.0000000000000000
0.0000000000000000
0.0000000000000000
0.0000000000000000
0.0000000000000000
0.0000000000000000
0.0000000000000000
0.0000000000000000
0.0000000000000000
0.0000000000000000
0.0000000000000000
0.0000000000000000
0.0000000000000000
0.0000000000000000
0.0000000000000000
0.0000000000000000
0.0000000000000000
0.0000000000000000
0.0000000000000000
0.0000000000000000
0.0000000000000000
0.0000000000000000
0.0000000000000000
0.0000000000000000
0.0000000000000000
0.0000000000000000
0.0000000000000000
0.0000000000000000
0.0000000000000000
0.0000000000000000
0.0000000000000000
0.0000000000000000
0.0000000000000000
0.0000000000000000
0.0000000000000000
0.0000000000000000
0.0000000000000000
0.0000000000000000
0.0000000000000000
0.0000000000000000
0.0000000000000000
0.0000000000000000
0.0000000000000000
0.0000000000000000
0.0000000000000000
0.0000000000000000
0.0000000000000000
0.0000000000000000
0.0000000000000000
0.0000000000000000
0.0000000000000000
0.0000000000000000
0.0000000000000000
0.0000000000000000
0.0000000000000000
0.0000000000000000
0.0000000000000000
0.0000000000000000
0.0000000000000000
0.0000000000000000
0.0000000000000000
0.0000000000000000
0.0000000000000000
0.0000000000000000
0.0000000000000000
0.0000000000000000
0.0000000000000000
0.0000000000000000
0.0000000000000000
0.0000000000000000
0.0000000000000000
0.0000000000000000
0.0000000000000000
0.0000000000000000
0.0000000000000000
0.0000000000000000
0.0000000000000000
0.0000000000000000
0.0000000000000000
0.0000000000000000
0.0000000000000000
0.0000000000000000
0.0000000000000000
0.0000000000000000
0.0000000000000000
0.0000000000000000
0.0000000000000000
0.0000000000000000
0.0000000000000000
0.0000000000000000
0.0000000000000000
0.0000000000000000
0.0000000000000000
0.0000000000000000
0.0000000000000000
0.0000000000000000
0.0000000000000000
0.0000000000000000
0.0000000000000000
0.0000000000000000
0.0000000000000000
0.0000000000000000
0.0000000000000000
0.0000000000000000
0.0000000000000000
0.0000000000000000
0.0000000000000000
0.0000000000000000
0.0000000000000000
0.0000000000000000
0.0000000000000000
0.0000000000000000
0.0000000000000000
0.0000000000000000
0.0000000000000000
0.0000000000000000
0.0000000000000000
0.0000000000000000
0.0000000000000000
0.0000000000000000
0.0000000000000000
0.0000000000000000
0.0000000000000000
0.0000000000000000
0.0000000000000000
0.0000000000000000
0.0000000000000000
0.0000000000000000
0.0000000000000000
0.0000000000000000
0.0000000000000000
0.0000000000000000
0.0000000000000000
0.0000000000000000
0.0000000000000000
0.0000000000000000
0.0000000000000000
0.0000000000000000
0.0000000000000000
0.0000000000000000
0.0000000000000000
0.0000000000000000
0.0000000000000000
0.0000000000000000
0.0000000000000000
0.0000000000000000
0.0000000000000000
0.0000000000000000
0.0000000000000000
0.0000000000000000
0.0000000000000000
0.0000000000000000
0.0000000000000000
0.0000000000000000
0.0000000000000000
0.0000000000000000
0.0000000000000000
0.0000000000000000
0.0000000000000000
0.0000000000000000
0.0000000000000000
0.0000000000000000
0.0000000000000000
0.0000000000000000
0.0000000000000000
0.0000000000000000
0.0000000000000000
0.0000000000000000
0.0000000000000000
0.0000000000000000
0.0000000000000000
0.0000000000000000
0.0000000000000000
0.0000000000000000
0.0000000000000000
0.0000000000000000
0.0000000000000000
0.0000000000000000
0.0000000000000000
0.0000000000000000
0.0000000000000000
0.0000000000000000
0.0000000000000000
0.0000000000000000
0.0000000000000000
0.0000000000000000
0.0000000000000000
0.0000000000000000
0.0000000000000000
0.0000000000000000
0.0000000000000000
0.0000000000000000
0.0000000000000000
0.0000000000000000
0.0000000000000000
0.0000000000000000
0.0000000000000000
0.0000000000000000
0.0000000000000000
0.0000000000000000
0.0000000000000000
0.0000000000000000
0.0000000000000000
0.0000000000000000
0.0000000000000000
0.0000000000000000
0.0000000000000000
0.0000000000000000
0.0000000000000000
0.0000000000000000
0.0000000000000000
0.0000000000000000
0.0000000000000000
0.0000000000000000
0.0000000000000000
0.0000000000000000
0.0000000000000000
0.0000000000000000
0.0000000000000000
0.0000000000000000
0.0000000000000000
0.0000000000000000
0.0000000000000000
0.0000000000000000
0.0000000000000000
0.0000000000000000
0.0000000000000000
0.0000000000000000
0.0000000000000000
0.0000000000000000
0.0000000000000000
0.0000000000000000
0.0000000000000000
0.0000000000000000
0.0000000000000000
0.0000000000000000
0.0000000000000000
0.0000000000000000
0.0000000000000000
0.0000000000000000
0.0000000000000000
0.0000000000000000
0.0000000000000000
0.0000000000000000
0.0000000000000000
0.0000000000000000
0.0000000000000000
0.0000000000000000
0.0000000000000000
0.0000000000000000
0.0000000000000000
0.0000000000000000
0.0000000000000000
0.0000000000000000
0.0000000000000000
0.0000000000000000
0.0000000000000000
0.0000000000000000
0.0000000000000000
0.0000000000000000
0.0000000000000000
0.0000000000000000
0.0000000000000000
0.0000000000000000
0.0000000000000000
0.0000000000000000
0.0000000000000000
0.0000000000000000
0.0000000000000000
0.0000000000000000
0.0000000000000000
0.0000000000000000
0.0000000000000000
0.0000000000000000
0.0000000000000000
0.0000000000000000
0.0000000000000000
0.0000000000000000
0.0000000000000000
0.0000000000000000
0.0000000000000000
0.0000000000000000
0.0000000000000000
0.0000000000000000
0.0000000000000000
0.0000000000000000
0.0000000000000000
0.0000000000000000
0.0000000000000000
0.0000000000000000
0.0000000000000000
0.0000000000000000
0.0000000000000000
0.0000000000000000
0.0000000000000000
0.0000000000000000
0.0000000000000000
0.0000000000000000
0.0000000000000000
0.0000000000000000
0.0000000000000000
0.0000000000000000
0.0000000000000000
0.0000000000000000
0.0000000000000000
0.0000000000000000
0.0000000000000000
0.0000000000000000
0.0000000000000000
0.0000000000000000
0.0000000000000000
0.0000000000000000
0.0000000000000000
0.0000000000000000
0.0000000000000000
0.0000000000000000
0.0000000000000000
0.0000000000000000
0.0000000000000000
0.0000000000000000
0.0000000000000000
0.0000000000000000
0.0000000000000000
0.0000000000000000
0.0000000000000000
0.0000000000000000
0.0000000000000000
0.0000000000000000
0.0000000000000000
0.0000000000000000
0.0000000000000000
0.0000000000000000
0.0000000000000000
0.0000000000000000
0.0000000000000000
0.0000000000000000
0.0000000000000000
0.0000000000000000
0.0000000000000000
0.0000000000000000
0.0000000000000000
0.0000000000000000
0.0000000000000000
0.0000000000000000
0.0000000000000000
0.0000000000000000
0.0000000000000000
0.0000000000000000
0.0000000000000000
0.0000000000000000
0.0000000000000000
0.0000000000000000
0.0000000000000000
0.0000000000000000
0.0000000000000000
0.0000000000000000
0.0000000000000000
0.0000000000000000
0.0000000000000000
0.0000000000000000
0.0000000000000000
0.0000000000000000
0.0000000000000000
0.0000000000000000
0.0000000000000000
0.0000000000000000
0.0000000000000000
0.0000000000000000
0.0000000000000000
0.0000000000000000
0.0000000000000000
0.0000000000000000
0.0000000000000000
0.0000000000000000
0.0000000000000000
0.0000000000000000
0.0000000000000000
0.0000000000000000
0.0000000000000000
0.0000000000000000
0.0000000000000000
0.0000000000000000
0.0000000000000000
0.0000000000000000
0.0000000000000000
0.0000000000000000
0.0000000000000000
0.0000000000000000
0.0000000000000000
0.0000000000000000
0.0000000000000000
0.0000000000000000
0.0000000000000000
0.0000000000000000
0.0000000000000000
0.0000000000000000
0.0000000000000000
0.0000000000000000
0.0000000000000000
0.0000000000000000
0.0000000000000000
0.0000000000000000
0.0000000000000000
0.0000000000000000
0.0000000000000000
0.0000000000000000
0.0000000000000000
0.0000000000000000
0.0000000000000000
0.0000000000000000
0.0000000000000000
0.0000000000000000
0.0000000000000000
0.0000000000000000
0.0000000000000000
0.0000000000000000
0.0000000000000000
0.0000000000000000
0.0000000000000000
0.0000000000000000
0.0000000000000000
0.0000000000000000
0.0000000000000000
0.0000000000000000
0.0000000000000000
0.0000000000000000
0.0000000000000000
0.0000000000000000
0.0000000000000000
0.0000000000000000
0.0000000000000000
0.0000000000000000
0.0000000000000000
0.0000000000000000
0.0000000000000000
0.0000000000000000
0.0000000000000000
0.0000000000000000
0.0000000000000000
0.0000000000000000
0.0000000000000000
0.0000000000000000
0.0000000000000000
0.0000000000000000
0.0000000000000000
0.0000000000000000
0.0000000000000000
0.0000000000000000
0.0000000000000000
0.0000000000000000
0.0000000000000000
0.0000000000000000
0.0000000000000000
0.0000000000000000
0.0000000000000000
0.0000000000000000
0.0000000000000000
0.0000000000000000
0.0000000000000000
0.0000000000000000
0.0000000000000000
0.0000000000000000
0.0000000000000000
0.0000000000000000
0.0000000000000000
0.0000000000000000
0.0000000000000000
0.0000000000000000
0.0000000000000000
0.0000000000000000
0.0000000000000000
0.0000000000000000
0.0000000000000000
0.0000000000000000
0.0000000000000000
0.0000000000000000
0.0000000000000000
0.0000000000000000
0.0000000000000000
0.0000000000000000
0.0000000000000000
0.0000000000000000
0.0000000000000000
0.0000000000000000
0.0000000000000000
0.0000000000000000
0.0000000000000000
0.0000000000000000
0.0000000000000000
0.0000000000000000
0.0000000000000000
0.0000000000000000
0.0000000000000000
0.0000000000000000
0.0000000000000000
0.0000000000000000
0.0000000000000000
0.0000000000000000
0.0000000000000000
0.0000000000000000
0.0000000000000000
0.0000000000000000
0.0000000000000000
0.0000000000000000
0.0000000000000000
0.0000000000000000
0.0000000000000000
0.0000000000000000
0.0000000000000000
0.0000000000000000
0.0000000000000000
0.0000000000000000
0.0000000000000000
0.0000000000000000
0.0000000000000000
0.0000000000000000
0.0000000000000000
0.0000000000000000
0.0000000000000000
0.0000000000000000
0.0000000000000000
0.0000000000000000
0.0000000000000000
0.0000000000000000
0.0000000000000000
0.0000000000000000
0.0000000000000000
0.0000000000000000
0.0000000000000000
0.0000000000000000
0.0000000000000000
0.0000000000000000
0.0000000000000000
0.0000000000000000
0.0000000000000000
0.0000000000000000
0.0000000000000000
0.0000000000000000
0.0000000000000000
0.0000000000000000
0.0000000000000000
0.0000000000000000
0.0000000000000000
0.0000000000000000
0.0000000000000000
0.0000000000000000
0.0000000000000000
0.0000000000000000
0.0000000000000000
0.0000000000000000
0.0000000000000000
0.0000000000000000
0.0000000000000000
0.0000000000000000
0.0000000000000000
0.0000000000000000
0.0000000000000000
0.0000000000000000
0.0000000000000000
0.0000000000000000
0.0000000000000000
0.0000000000000000
0.0000000000000000
0.0000000000000000
0.0000000000000000
0.0000000000000000
0.0000000000000000
0.0000000000000000
0.0000000000000000
0.0000000000000000
0.0000000000000000
0.0000000000000000
0.0000000000000000
0.0000000000000000
0.0000000000000000
0.0000000000000000
0.0000000000000000
0.0000000000000000
0.0000000000000000
0.0000000000000000
0.0000000000000000
0.0000000000000000
0.0000000000000000
0.0000000000000000
0.0000000000000000
0.0000000000000000
0.0000000000000000
0.0000000000000000
0.0000000000000000
0.0000000000000000
0.0000000000000000
0.0000000000000000
0.0000000000000000
0.0000000000000000
0.0000000000000000
0.0000000000000000
0.0000000000000000
0.0000000000000000
0.0000000000000000
0.0000000000000000
0.0000000000000000
0.0000000000000000
0.0000000000000000
0.0000000000000000
0.0000000000000000
0.0000000000000000
0.0000000000000000
0.0000000000000000
0.0000000000000000
0.0000000000000000
0.0000000000000000
0.0000000000000000
0.0000000000000000
0.0000000000000000
0.0000000000000000
0.0000000000000000
0.0000000000000000
0.0000000000000000
0.0000000000000000
0.0000000000000000
0.0000000000000000
0.0000000000000000
0.0000000000000000
0.0000000000000000
0.0000000000000000
0.0000000000000000
0.0000000000000000
0.0000000000000000
0.0000000000000000
0.0000000000000000
0.0000000000000000
0.0000000000000000
0.0000000000000000
0.0000000000000000
0.0000000000000000
0.0000000000000000
0.0000000000000000
0.0000000000000000
0.0000000000000000
0.0000000000000000
0.0000000000000000
0.0000000000000000
0.0000000000000000
0.0000000000000000
0.0000000000000000
0.0000000000000000
0.0000000000000000
0.0000000000000000
0.0000000000000000
0.0000000000000000
0.0000000000000000
0.0000000000000000
0.0000000000000000
0.0000000000000000
0.0000000000000000
0.0000000000000000
0.0000000000000000
0.0000000000000000
0.0000000000000000
0.0000000000000000
0.0000000000000000
0.0000000000000000
0.0000000000000000
0.0000000000000000
0.0000000000000000
0.0000000000000000
0.0000000000000000
0.0000000000000000
0.0000000000000000
0.0000000000000000
0.0000000000000000
0.0000000000000000
0.0000000000000000
0.0000000000000000
0.0000000000000000
0.0000000000000000
0.0000000000000000
0.0000000000000000
0.0000000000000000
0.0000000000000000
0.0000000000000000
0.0000000000000000
0.0000000000000000
0.0000000000000000
0.0000000000000000
0.0000000000000000
0.0000000000000000
0.0000000000000000
0.0000000000000000
0.0000000000000000
0.0000000000000000
0.0000000000000000
0.0000000000000000
0.0000000000000000
0.0000000000000000
0.0000000000000000
0.0000000000000000
0.0000000000000000
0.0000000000000000
0.0000000000000000
0.0000000000000000
0.0000000000000000
0.0000000000000000
0.0000000000000000
0.0000000000000000
0.0000000000000000
0.0000000000000000
0.0000000000000000
0.0000000000000000
0.0000000000000000
0.0000000000000000
0.0000000000000000
0.0000000000000000
0.0000000000000000
0.0000000000000000
0.0000000000000000
0.0000000000000000
0.0000000000000000
0.0000000000000000
0.0000000000000000
0.0000000000000000
0.0000000000000000
0.0000000000000000
0.0000000000000000
0.0000000000000000
0.0000000000000000
0.0000000000000000
0.0000000000000000
0.0000000000000000
0.0000000000000000
0.0000000000000000
0.0000000000000000
0.0000000000000000
0.0000000000000000
0.0000000000000000
0.0000000000000000
0.0000000000000000
0.0000000000000000
0.0000000000000000
0.0000000000000000
0.0000000000000000
0.0000000000000000
0.0000000000000000
0.0000000000000000
0.0000000000000000
0.0000000000000000
0.0000000000000000
0.0000000000000000
0.0000000000000000
0.0000000000000000
0.0000000000000000
0.0000000000000000
0.0000000000000000
0.0000000000000000
0.0000000000000000
0.0000000000000000
0.0000000000000000
0.0000000000000000
0.0000000000000000
0.0000000000000000
0.0000000000000000
0.0000000000000000
0.0000000000000000
0.0000000000000000
0.0000000000000000
0.0000000000000000
0.0000000000000000
0.0000000000000000
0.0000000000000000
0.0000000000000000
0.0000000000000000
0.0000000000000000
0.0000000000000000
0.0000000000000000
0.0000000000000000
0.0000000000000000
0.0000000000000000
0.0000000000000000
0.0000000000000000
0.0000000000000000
0.0000000000000000
0.0000000000000000
0.0000000000000000
0.0000000000000000
0.0000000000000000
0.0000000000000000
0.0000000000000000
0.0000000000000000
0.0000000000000000
0.0000000000000000
0.0000000000000000
0.0000000000000000
0.0000000000000000
0.0000000000000000
0.0000000000000000
0.0000000000000000
0.0000000000000000
0.0000000000000000
0.0000000000000000
0.0000000000000000
0.0000000000000000
0.0000000000000000
0.0000000000000000
0.0000000000000000
0.0000000000000000
0.0000000000000000
0.0000000000000000
0.0000000000000000
0.0000000000000000
0.0000000000000000
0.0000000000000000
0.0000000000000000
0.0000000000000000
0.0000000000000000
0.0000000000000000
0.0000000000000000
0.0000000000000000
0.0000000000000000
0.0000000000000000
0.0000000000000000
0.0000000000000000
0.0000000000000000
0.0000000000000000
0.0000000000000000
0.0000000000000000
0.0000000000000000
0.0000000000000000
0.0000000000000000
0.0000000000000000
0.0000000000000000
0.0000000000000000
0.0000000000000000
0.0000000000000000
0.0000000000000000
0.0000000000000000
0.0000000000000000
0.0000000000000000
0.0000000000000000
0.0000000000000000
0.0000000000000000
0.0000000000000000
0.0000000000000000
0.0000000000000000
0.0000000000000000
0.0000000000000000
0.0000000000000000
0.0000000000000000
0.0000000000000000
0.0000000000000000
0.0000000000000000
0.0000000000000000
0.0000000000000000
0.0000000000000000
0.0000000000000000
0.0000000000000000
0.0000000000000000
0.0000000000000000
0.0000000000000000
0.0000000000000000
0.0000000000000000
0.0000000000000000
0.0000000000000000
0.0000000000000000
0.0000000000000000
0.0000000000000000
0.0000000000000000
0.0000000000000000
0.0000000000000000
0.0000000000000000
0.0000000000000000
0.0000000000000000
0.0000000000000000
0.0000000000000000
0.0000000000000000
0.0000000000000000
0.0000000000000000
0.0000000000000000
0.0000000000000000
0.0000000000000000
0.0000000000000000
0.0000000000000000
0.0000000000000000
0.0000000000000000
0.0000000000000000
0.0000000000000000
0.0000000000000000
0.0000000000000000
0.0000000000000000
0.0000000000000000
0.0000000000000000
0.0000000000000000
0.0000000000000000
0.0000000000000000
0.0000000000000000
0.0000000000000000
0.0000000000000000
0.0000000000000000
0.0000000000000000
0.0000000000000000
0.0000000000000000
0.0000000000000000
0.0000000000000000
0.0000000000000000
0.0000000000000000
0.0000000000000000
0.0000000000000000
0.0000000000000000
0.0000000000000000
0.0000000000000000
0.0000000000000000
0.0000000000000000
0.0000000000000000
0.0000000000000000
0.0000000000000000
0.0000000000000000
0.0000000000000000
0.0000000000000000
0.0000000000000000
0.0000000000000000
0.0000000000000000
0.0000000000000000
0.0000000000000000
0.0000000000000000
0.0000000000000000
0.0000000000000000
0.0000000000000000
0.0000000000000000
0.0000000000000000
0.0000000000000000
0.0000000000000000
0.0000000000000000
0.0000000000000000
0.0000000000000000
0.0000000000000000
0.0000000000000000
0.0000000000000000
0.0000000000000000
0.0000000000000000
0.0000000000000000
0.0000000000000000
0.0000000000000000
0.0000000000000000
0.0000000000000000
0.0000000000000000
0.0000000000000000
0.0000000000000000
0.0000000000000000
0.0000000000000000
0.0000000000000000
0.0000000000000000
0.0000000000000000
0.0000000000000000
0.0000000000000000
0.0000000000000000
0.0000000000000000
0.0000000000000000
0.0000000000000000
0.0000000000000000
0.0000000000000000
0.0000000000000000
0.0000000000000000
0.0000000000000000
0.0000000000000000
0.0000000000000000
0.0000000000000000
0.0000000000000000
0.0000000000000000
0.0000000000000000
0.0000000000000000
0.0000000000000000
0.0000000000000000
0.0000000000000000
0.0000000000000000
0.0000000000000000
0.0000000000000000
0.0000000000000000
0.0000000000000000
0.0000000000000000
0.0000000000000000
0.0000000000000000
0.0000000000000000
0.0000000000000000
0.0000000000000000
0.0000000000000000
0.0000000000000000
0.0000000000000000
0.0000000000000000
0.0000000000000000
0.0000000000000000
0.0000000000000000
0.0000000000000000
0.0000000000000000
0.0000000000000000
0.0000000000000000
0.0000000000000000
0.0000000000000000
0.0000000000000000
0.0000000000000000
0.0000000000000000
0.0000000000000000
0.0000000000000000
0.0000000000000000
0.0000000000000000
0.0000000000000000
0.0000000000000000
0.0000000000000000
0.0000000000000000
0.0000000000000000
0.0000000000000000
0.0000000000000000
0.0000000000000000
0.0000000000000000
0.0000000000000000
0.0000000000000000
0.0000000000000000
0.0000000000000000
0.0000000000000000
0.0000000000000000
0.0000000000000000
0.0000000000000000
0.0000000000000000
0.0000000000000000
0.0000000000000000
0.0000000000000000
0.0000000000000000
0.0000000000000000
0.0000000000000000
0.0000000000000000
0.0000000000000000
0.0000000000000000
0.0000000000000000
0.0000000000000000
0.0000000000000000
0.0000000000000000
0.0000000000000000
0.0000000000000000
0.0000000000000000
0.0000000000000000
0.0000000000000000
0.0000000000000000
0.0000000000000000
0.0000000000000000
0.0000000000000000
0.0000000000000000
0.0000000000000000
0.0000000000000000
0.0000000000000000
0.0000000000000000
0.0000000000000000
0.0000000000000000
0.0000000000000000
0.0000000000000000
0.0000000000000000
0.0000000000000000
0.0000000000000000
0.0000000000000000
0.0000000000000000
0.0000000000000000
0.0000000000000000
0.0000000000000000
0.0000000000000000
0.0000000000000000
0.0000000000000000
0.0000000000000000
0.0000000000000000
0.0000000000000000
0.0000000000000000
0.0000000000000000
0.0000000000000000
0.0000000000000000
0.0000000000000000
0.0000000000000000
0.0000000000000000
0.0000000000000000
0.0000000000000000
0.0000000000000000
0.0000000000000000
0.0000000000000000
0.0000000000000000
0.0000000000000000
0.0000000000000000
0.0000000000000000
0.0000000000000000
0.0000000000000000
0.0000000000000000
0.0000000000000000
0.0000000000000000
0.0000000000000000
0.0000000000000000
0.0000000000000000
0.0000000000000000
0.0000000000000000
0.0000000000000000
0.0000000000000000
0.0000000000000000
0.0000000000000000
0.0000000000000000
0.0000000000000000
0.0000000000000000
0.0000000000000000
0.0000000000000000
0.0000000000000000
0.0000000000000000
0.0000000000000000
0.0000000000000000
0.0000000000000000
0.0000000000000000
0.0000000000000000
0.0000000000000000
0.0000000000000000
0.0000000000000000
0.0000000000000000
0.0000000000000000
0.0000000000000000
0.0000000000000000
0.0000000000000000
0.0000000000000000
0.0000000000000000
0.0000000000000000
0.0000000000000000
0.0000000000000000
0.0000000000000000
0.0000000000000000
0.0000000000000000
0.0000000000000000
0.0000000000000000
0.0000000000000000
0.0000000000000000
0.0000000000000000
0.0000000000000000
0.0000000000000000
0.0000000000000000
0.0000000000000000
0.0000000000000000
0.0000000000000000
0.0000000000000000
0.0000000000000000
0.0000000000000000
0.0000000000000000
0.0000000000000000
0.0000000000000000
0.0000000000000000
0.0000000000000000
0.0000000000000000
0.0000000000000000
0.0000000000000000
0.0000000000000000
0.0000000000000000
0.0000000000000000
0.0000000000000000
0.0000000000000000
0.0000000000000000
0.0000000000000000
0.0000000000000000
0.0000000000000000
0.0000000000000000
0.0000000000000000
0.0000000000000000
0.0000000000000000
0.0000000000000000
0.0000000000000000
0.0000000000000000
0.0000000000000000
0.0000000000000000
0.0000000000000000
0.0000000000000000
0.0000000000000000
0.0000000000000000
0.0000000000000000
0.0000000000000000
0.0000000000000000
0.0000000000000000
0.0000000000000000
0.0000000000000000
0.0000000000000000
0.0000000000000000
0.0000000000000000
0.0000000000000000
0.0000000000000000
0.0000000000000000
0.0000000000000000
0.0000000000000000
0.0000000000000000
0.0000000000000000
0.0000000000000000
0.0000000000000000
0.0000000000000000
0.0000000000000000
0.0000000000000000
0.0000000000000000
0.0000000000000000
0.0000000000000000
0.0000000000000000
0.0000000000000000
0.0000000000000000
0.0000000000000000
0.0000000000000000
0.0000000000000000
0.0000000000000000
0.0000000000000000
0.0000000000000000
0.0000000000000000
0.0000000000000000
0.0000000000000000
0.0000000000000000
0.0000000000000000
0.0000000000000000
0.0000000000000000
0.0000000000000000
0.0000000000000000
0.0000000000000000
0.0000000000000000
0.0000000000000000
0.0000000000000000
0.0000000000000000
0.0000000000000000
0.0000000000000000
0.0000000000000000
0.0000000000000000
0.0000000000000000
0.0000000000000000
0.0000000000000000
0.0000000000000000
0.0000000000000000
0.0000000000000000
0.0000000000000000
0.0000000000000000
0.0000000000000000
0.0000000000000000
0.0000000000000000
0.0000000000000000
0.0000000000000000
0.0000000000000000
0.0000000000000000
0.0000000000000000
0.0000000000000000
0.0000000000000000
0.0000000000000000
0.0000000000000000
0.0000000000000000
0.0000000000000000
0.0000000000000000
0.0000000000000000
0.0000000000000000
0.0000000000000000
0.0000000000000000
0.0000000000000000
0.0000000000000000
0.0000000000000000
0.0000000000000000
0.0000000000000000
0.0000000000000000
0.0000000000000000
0.0000000000000000
0.0000000000000000
0.0000000000000000
0.0000000000000000
0.0000000000000000
0.0000000000000000
0.0000000000000000
0.0000000000000000
0.0000000000000000
0.0000000000000000
0.0000000000000000
0.0000000000000000
0.0000000000000000
0.0000000000000000
0.0000000000000000
0.0000000000000000
0.0000000000000000
0.0000000000000000
0.0000000000000000
0.0000000000000000
0.0000000000000000
0.0000000000000000
0.0000000000000000
0.0000000000000000
0.0000000000000000
0.0000000000000000
0.0000000000000000
0.0000000000000000
0.0000000000000000
0.0000000000000000
0.0000000000000000
0.0000000000000000
0.0000000000000000
0.0000000000000000
0.0000000000000000
0.0000000000000000
0.0000000000000000
0.0000000000000000
0.0000000000000000
0.0000000000000000
0.0000000000000000
0.0000000000000000
0.0000000000000000
0.0000000000000000
0.0000000000000000
0.0000000000000000
0.0000000000000000
0.0000000000000000
0.0000000000000000
0.0000000000000000
0.0000000000000000
0.0000000000000000
0.0000000000000000
0.0000000000000000
0.0000000000000000
0.0000000000000000
0.0000000000000000
0.0000000000000000
0.0000000000000000
0.0000000000000000
0.0000000000000000
0.0000000000000000
0.0000000000000000
0.0000000000000000
0.0000000000000000
0.0000000000000000
0.0000000000000000
0.0000000000000000
0.0000000000000000
0.0000000000000000
0.0000000000000000
0.0000000000000000
0.0000000000000000
0.0000000000000000
0.0000000000000000
0.0000000000000000
0.0000000000000000
0.0000000000000000
0.0000000000000000
0.0000000000000000
0.0000000000000000
0.0000000000000000
0.0000000000000000
0.0000000000000000
0.0000000000000000
0.0000000000000000
0.0000000000000000
0.0000000000000000
0.0000000000000000
0.0000000000000000
0.0000000000000000
0.0000000000000000
0.0000000000000000
0.0000000000000000
0.0000000000000000
0.0000000000000000
0.0000000000000000
0.0000000000000000
0.0000000000000000
0.0000000000000000
0.0000000000000000
0.0000000000000000
0.0000000000000000
0.0000000000000000
0.0000000000000000
0.0000000000000000
0.0000000000000000
0.0000000000000000
0.0000000000000000
0.0000000000000000
0.0000000000000000
0.0000000000000000
0.0000000000000000
0.0000000000000000
0.0000000000000000
0.0000000000000000
0.0000000000000000
0.0000000000000000
0.0000000000000000
0.0000000000000000
0.0000000000000000
0.0000000000000000
0.0000000000000000
0.0000000000000000
0.0000000000000000
0.0000000000000000
0.0000000000000000
0.0000000000000000
0.0000000000000000
0.0000000000000000
0.0000000000000000
0.0000000000000000
0.0000000000000000
0.0000000000000000
0.0000000000000000
0.0000000000000000
0.0000000000000000
0.0000000000000000
0.0000000000000000
0.0000000000000000
0.0000000000000000
0.0000000000000000
0.0000000000000000
0.0000000000000000
0.0000000000000000
0.0000000000000000
0.0000000000000000
0.0000000000000000
0.0000000000000000
0.0000000000000000
0.0000000000000000
0.0000000000000000
0.0000000000000000
0.0000000000000000
0.0000000000000000
0.0000000000000000
0.0000000000000000
0.0000000000000000
0.0000000000000000
0.0000000000000000
0.0000000000000000
0.0000000000000000
0.0000000000000000
0.0000000000000000
0.0000000000000000
0.0000000000000000
0.0000000000000000
0.0000000000000000
0.0000000000000000
0.0000000000000000
0.0000000000000000
0.0000000000000000
0.0000000000000000
0.0000000000000000
0.0000000000000000
0.0000000000000000
0.0000000000000000
0.0000000000000000
0.0000000000000000
0.0000000000000000
0.0000000000000000
0.0000000000000000
0.0000000000000000
0.0000000000000000
0.0000000000000000
0.0000000000000000
0.0000000000000000
0.0000000000000000
0.0000000000000000
0.0000000000000000
0.0000000000000000
0.0000000000000000
0.0000000000000000
0.0000000000000000
0.0000000000000000
0.0000000000000000
0.0000000000000000
0.0000000000000000
0.0000000000000000
0.0000000000000000
0.0000000000000000
0.0000000000000000
0.0000000000000000
0.0000000000000000
0.0000000000000000
0.0000000000000000
0.0000000000000000
0.0000000000000000
0.0000000000000000
0.0000000000000000
0.0000000000000000
0.0000000000000000
0.0000000000000000
0.0000000000000000
0.0000000000000000
0.0000000000000000
0.0000000000000000
0.0000000000000000
0.0000000000000000
0.0000000000000000
0.0000000000000000
0.0000000000000000
0.0000000000000000
0.0000000000000000
0.0000000000000000
0.0000000000000000
0.0000000000000000
0.0000000000000000
0.0000000000000000
0.0000000000000000
0.0000000000000000
0.0000000000000000
0.0000000000000000
0.0000000000000000
0.0000000000000000
0.0000000000000000
0.0000000000000000
0.0000000000000000
0.0000000000000000
0.0000000000000000
0.0000000000000000
0.0000000000000000
0.0000000000000000
0.0000000000000000
0.0000000000000000
0.0000000000000000
0.0000000000000000
0.0000000000000000
0.0000000000000000
0.0000000000000000
0.0000000000000000
0.0000000000000000
0.0000000000000000
0.0000000000000000
0.0000000000000000
0.0000000000000000
0.0000000000000000
0.0000000000000000
0.0000000000000000
0.0000000000000000
0.0000000000000000
0.0000000000000000
0.0000000000000000
0.0000000000000000
0.0000000000000000
0.0000000000000000
0.0000000000000000
0.0000000000000000
0.0000000000000000
0.0000000000000000
0.0000000000000000
0.0000000000000000
0.0000000000000000
0.0000000000000000
0.0000000000000000
0.0000000000000000
0.0000000000000000
0.0000000000000000
0.0000000000000000
0.0000000000000000
0.0000000000000000
0.0000000000000000
0.0000000000000000
0.0000000000000000
0.0000000000000000
0.0000000000000000
0.0000000000000000
0.0000000000000000
0.0000000000000000
0.0000000000000000
0.0000000000000000
0.0000000000000000
0.0000000000000000
0.0000000000000000
0.0000000000000000
0.0000000000000000
0.0000000000000000
0.0000000000000000
0.0000000000000000
0.0000000000000000
0.0000000000000000
0.0000000000000000
0.0000000000000000
0.0000000000000000
0.0000000000000000
0.0000000000000000
0.0000000000000000
0.0000000000000000
0.0000000000000000
0.0000000000000000
0.0000000000000000
0.0000000000000000
0.0000000000000000
0.0000000000000000
0.0000000000000000
0.0000000000000000
0.0000000000000000
0.0000000000000000
0.0000000000000000
0.0000000000000000
0.0000000000000000
0.0000000000000000
0.0000000000000000
0.0000000000000000
0.0000000000000000
0.0000000000000000
0.0000000000000000
0.0000000000000000
0.0000000000000000
0.0000000000000000
0.0000000000000000
0.0000000000000000
0.0000000000000000
0.0000000000000000
0.0000000000000000
0.0000000000000000
0.0000000000000000
0.0000000000000000
0.0000000000000000
0.0000000000000000
0.0000000000000000
0.0000000000000000
0.0000000000000000
0.0000000000000000
0.0000000000000000
0.0000000000000000
0.0000000000000000
0.0000000000000000
0.0000000000000000
0.0000000000000000
0.0000000000000000
0.0000000000000000
0.0000000000000000
0.0000000000000000
0.0000000000000000
0.0000000000000000
0.0000000000000000
0.0000000000000000
0.0000000000000000
0.0000000000000000
0.0000000000000000
0.0000000000000000
0.0000000000000000
0.0000000000000000
0.0000000000000000
0.0000000000000000
0.0000000000000000
0.0000000000000000
0.0000000000000000
0.0000000000000000
0.0000000000000000
0.0000000000000000
0.0000000000000000
0.0000000000000000
0.0000000000000000
0.0000000000000000
0.0000000000000000
0.0000000000000000
0.0000000000000000
0.0000000000000000
0.0000000000000000
0.0000000000000000
0.0000000000000000
0.0000000000000000
0.0000000000000000
0.0000000000000000
0.0000000000000000
0.0000000000000000
0.0000000000000000
0.0000000000000000
0.0000000000000000
0.0000000000000000
0.0000000000000000
0.0000000000000000
0.0000000000000000
0.0000000000000000
0.0000000000000000
0.0000000000000000
0.0000000000000000
0.0000000000000000
0.0000000000000000
0.0000000000000000
0.0000000000000000
0.0000000000000000
0.0000000000000000
0.0000000000000000
0.0000000000000000
0.0000000000000000
0.0000000000000000
0.0000000000000000
0.0000000000000000
0.0000000000000000
0.0000000000000000
0.0000000000000000
0.0000000000000000
0.0000000000000000
0.0000000000000000
0.0000000000000000
0.0000000000000000
0.0000000000000000
0.0000000000000000
0.0000000000000000
0.0000000000000000
0.0000000000000000
0.0000000000000000
0.0000000000000000
0.0000000000000000
0.0000000000000000
0.0000000000000000
0.0000000000000000
0.0000000000000000
0.0000000000000000
0.0000000000000000
0.0000000000000000
0.0000000000000000
0.0000000000000000
0.0000000000000000
0.0000000000000000
0.0000000000000000
0.0000000000000000
0.0000000000000000
0.0000000000000000
0.0000000000000000
0.0000000000000000
0.0000000000000000
0.0000000000000000
0.0000000000000000
0.0000000000000000
0.0000000000000000
0.0000000000000000
0.0000000000000000
0.0000000000000000
0.0000000000000000
0.0000000000000000
0.0000000000000000
0.0000000000000000
0.0000000000000000
0.0000000000000000
0.0000000000000000
0.0000000000000000
0.0000000000000000
0.0000000000000000
0.0000000000000000
0.0000000000000000
0.0000000000000000
0.0000000000000000
0.0000000000000000
0.0000000000000000
0.0000000000000000
0.0000000000000000
0.0000000000000000
0.0000000000000000
0.0000000000000000
0.0000000000000000
0.0000000000000000
0.0000000000000000
0.0000000000000000
0.0000000000000000
0.0000000000000000
0.0000000000000000
0.0000000000000000
0.0000000000000000
0.0000000000000000
0.0000000000000000
0.0000000000000000
0.0000000000000000
0.0000000000000000
0.0000000000000000
0.0000000000000000
0.0000000000000000
0.0000000000000000
0.0000000000000000
0.0000000000000000
0.0000000000000000
0.0000000000000000
0.0000000000000000
0.0000000000000000
0.0000000000000000
0.0000000000000000
0.0000000000000000
0.0000000000000000
0.0000000000000000
0.0000000000000000
0.0000000000000000
0.0000000000000000
0.0000000000000000
0.0000000000000000
0.0000000000000000
0.0000000000000000
0.0000000000000000
0.0000000000000000
0.0000000000000000
0.0000000000000000
0.0000000000000000
0.0000000000000000
0.0000000000000000
0.0000000000000000
0.0000000000000000
0.0000000000000000
0.0000000000000000
0.0000000000000000
0.0000000000000000
0.0000000000000000
0.0000000000000000
0.0000000000000000
0.0000000000000000
0.0000000000000000
0.0000000000000000
0.0000000000000000
0.0000000000000000
0.0000000000000000
0.0000000000000000
0.0000000000000000
0.0000000000000000
0.0000000000000000
0.0000000000000000
0.0000000000000000
0.0000000000000000
0.0000000000000000
0.0000000000000000
0.0000000000000000
0.0000000000000000
0.0000000000000000
0.0000000000000000
0.0000000000000000
0.0000000000000000
0.0000000000000000
0.0000000000000000
0.0000000000000000
0.0000000000000000
0.0000000000000000
0.0000000000000000
0.0000000000000000
0.0000000000000000
0.0000000000000000
0.0000000000000000
0.0000000000000000
0.0000000000000000
0.0000000000000000
0.0000000000000000
0.0000000000000000
0.0000000000000000
0.0000000000000000
0.0000000000000000
0.0000000000000000
0.0000000000000000
0.0000000000000000
0.0000000000000000
0.0000000000000000
0.0000000000000000
0.0000000000000000
0.0000000000000000
0.0000000000000000
0.0000000000000000
0.0000000000000000
0.0000000000000000
0.0000000000000000
0.0000000000000000
0.0000000000000000
0.0000000000000000
0.0000000000000000
0.0000000000000000
0.0000000000000000
0.0000000000000000
0.0000000000000000
0.0000000000000000
0.0000000000000000
0.0000000000000000
0.0000000000000000
0.0000000000000000
0.0000000000000000
0.0000000000000000
0.0000000000000000
0.0000000000000000
0.0000000000000000
0.0000000000000000
0.0000000000000000
0.0000000000000000
0.0000000000000000
0.0000000000000000
0.0000000000000000
0.0000000000000000
0.0000000000000000
0.0000000000000000
0.0000000000000000
0.0000000000000000
0.0000000000000000
0.0000000000000000
0.0000000000000000
0.0000000000000000
0.0000000000000000
0.0000000000000000
0.0000000000000000
0.0000000000000000
0.0000000000000000
0.0000000000000000
0.0000000000000000
0.0000000000000000
0.0000000000000000
0.0000000000000000
0.0000000000000000
0.0000000000000000
0.0000000000000000
0.0000000000000000
0.0000000000000000
0.0000000000000000
0.0000000000000000
0.0000000000000000
0.0000000000000000
0.0000000000000000
0.0000000000000000
0.0000000000000000
0.0000000000000000
0.0000000000000000
0.0000000000000000
0.0000000000000000
0.0000000000000000
0.0000000000000000
0.0000000000000000
0.0000000000000000
0.0000000000000000
0.0000000000000000
0.0000000000000000
0.0000000000000000
0.0000000000000000
0.0000000000000000
0.0000000000000000
0.0000000000000000
0.0000000000000000
0.0000000000000000
0.0000000000000000
0.0000000000000000
0.0000000000000000
0.0000000000000000
0.0000000000000000
0.0000000000000000
0.0000000000000000
0.0000000000000000
0.0000000000000000
0.0000000000000000
0.0000000000000000
0.0000000000000000
0.0000000000000000
0.0000000000000000
0.0000000000000000
0.0000000000000000
0.0000000000000000
0.0000000000000000
0.0000000000000000
0.0000000000000000
0.0000000000000000
0.0000000000000000
0.0000000000000000
0.0000000000000000
0.0000000000000000
0.0000000000000000
0.0000000000000000
0.0000000000000000
0.0000000000000000
0.0000000000000000
0.0000000000000000
0.0000000000000000
0.0000000000000000
0.0000000000000000
0.0000000000000000
0.0000000000000000
0.0000000000000000
0.0000000000000000
0.0000000000000000
0.0000000000000000
0.0000000000000000
0.0000000000000000
0.0000000000000000
0.0000000000000000
0.0000000000000000
0.0000000000000000
0.0000000000000000
0.0000000000000000
0.0000000000000000
0.0000000000000000
0.0000000000000000
0.0000000000000000
0.0000000000000000
0.0000000000000000
0.0000000000000000
0.0000000000000000
0.0000000000000000
0.0000000000000000
0.0000000000000000
0.0000000000000000
0.0000000000000000
0.0000000000000000
0.0000000000000000
0.0000000000000000
0.0000000000000000
0.0000000000000000
0.0000000000000000
0.0000000000000000
0.0000000000000000
0.0000000000000000
0.0000000000000000
0.0000000000000000
0.0000000000000000
0.0000000000000000
0.0000000000000000
0.0000000000000000
0.0000000000000000
0.0000000000000000
0.0000000000000000
0.0000000000000000
0.0000000000000000
0.0000000000000000
0.0000000000000000
0.0000000000000000
0.0000000000000000
0.0000000000000000
0.0000000000000000
0.0000000000000000
0.0000000000000000
0.0000000000000000
0.0000000000000000
0.0000000000000000
0.0000000000000000
0.0000000000000000
0.0000000000000000
0.0000000000000000
0.0000000000000000
0.0000000000000000
0.0000000000000000
0.0000000000000000
0.0000000000000000
0.0000000000000000
0.0000000000000000
0.0000000000000000
0.0000000000000000
0.0000000000000000
0.0000000000000000
0.0000000000000000
0.0000000000000000
0.0000000000000000
0.0000000000000000
0.0000000000000000
0.0000000000000000
0.0000000000000000
0.0000000000000000
0.0000000000000000
0.0000000000000000
0.0000000000000000
0.0000000000000000
0.0000000000000000
0.0000000000000000
0.0000000000000000
0.0000000000000000
0.0000000000000000
0.0000000000000000
0.0000000000000000
0.0000000000000000
0.0000000000000000
0.0000000000000000
0.0000000000000000
0.0000000000000000
0.0000000000000000
0.0000000000000000
0.0000000000000000
0.0000000000000000
0.0000000000000000
0.0000000000000000
0.0000000000000000
0.0000000000000000
0.0000000000000000
0.0000000000000000
0.0000000000000000
0.0000000000000000
0.0000000000000000
0.0000000000000000
0.0000000000000000
0.0000000000000000
0.0000000000000000
0.0000000000000000
0.0000000000000000
0.0000000000000000
0.0000000000000000
0.0000000000000000
0.0000000000000000
0.0000000000000000
0.0000000000000000
0.0000000000000000
0.0000000000000000
0.0000000000000000
0.0000000000000000
0.0000000000000000
0.0000000000000000
0.0000000000000000
0.0000000000000000
0.0000000000000000
0.0000000000000000
0.0000000000000000
0.0000000000000000
0.0000000000000000
0.0000000000000000
0.0000000000000000
0.0000000000000000
0.0000000000000000
0.0000000000000000
0.0000000000000000
0.0000000000000000
0.0000000000000000
0.0000000000000000
0.0000000000000000
0.0000000000000000
0.0000000000000000
0.0000000000000000
0.0000000000000000
0.0000000000000000
0.0000000000000000
0.0000000000000000
0.0000000000000000
0.0000000000000000
0.0000000000000000
0.0000000000000000
0.0000000000000000
0.0000000000000000
0.0000000000000000
0.0000000000000000
0.0000000000000000
0.0000000000000000
0.0000000000000000
0.0000000000000000
0.0000000000000000
0.0000000000000000
0.0000000000000000
0.0000000000000000
0.0000000000000000
0.0000000000000000
0.0000000000000000
0.0000000000000000
0.0000000000000000
0.0000000000000000
0.0000000000000000
0.0000000000000000
0.0000000000000000
0.0000000000000000
0.0000000000000000
0.0000000000000000
0.0000000000000000
0.0000000000000000
0.0000000000000000
0.0000000000000000
0.0000000000000000
0.0000000000000000
0.0000000000000000
0.0000000000000000
0.0000000000000000
0.0000000000000000
0.0000000000000000
0.0000000000000000
0.0000000000000000
0.0000000000000000
0.0000000000000000
0.0000000000000000
0.0000000000000000
0.0000000000000000
0.0000000000000000
0.0000000000000000
0.0000000000000000
0.0000000000000000
0.0000000000000000
0.0000000000000000
0.0000000000000000
0.0000000000000000
0.0000000000000000
0.0000000000000000
0.0000000000000000
0.0000000000000000
0.0000000000000000
0.0000000000000000
0.0000000000000000
0.0000000000000000
0.0000000000000000
0.0000000000000000
0.0000000000000000
0.0000000000000000
0.0000000000000000
0.0000000000000000
0.0000000000000000
0.0000000000000000
0.0000000000000000
0.0000000000000000
0.0000000000000000
0.0000000000000000
0.0000000000000000
0.0000000000000000
0.0000000000000000
0.0000000000000000
0.0000000000000000
0.0000000000000000
0.0000000000000000
0.0000000000000000
0.0000000000000000
0.0000000000000000
0.0000000000000000
0.0000000000000000
0.0000000000000000
0.0000000000000000
0.0000000000000000
0.0000000000000000
0.0000000000000000
0.0000000000000000
0.0000000000000000
0.0000000000000000
0.0000000000000000
0.0000000000000000
0.0000000000000000
0.0000000000000000
0.0000000000000000
0.0000000000000000
0.0000000000000000
0.0000000000000000
0.0000000000000000
0.0000000000000000
0.0000000000000000
0.0000000000000000
0.0000000000000000
0.0000000000000000
0.0000000000000000
0.0000000000000000
0.0000000000000000
0.0000000000000000
0.0000000000000000
0.0000000000000000
0.0000000000000000
0.0000000000000000
0.0000000000000000
0.0000000000000000
0.0000000000000000
0.0000000000000000
0.0000000000000000
0.0000000000000000
0.0000000000000000
0.0000000000000000
0.0000000000000000
0.0000000000000000
0.0000000000000000
0.0000000000000000
0.0000000000000000
0.0000000000000000
0.0000000000000000
0.0000000000000000
0.0000000000000000
0.0000000000000000
0.0000000000000000
0.0000000000000000
0.0000000000000000
0.0000000000000000
0.0000000000000000
0.0000000000000000
0.0000000000000000
0.0000000000000000
0.0000000000000000
0.0000000000000000
0.0000000000000000
0.0000000000000000
0.0000000000000000
0.0000000000000000
0.0000000000000000
0.0000000000000000
0.0000000000000000
0.0000000000000000
0.0000000000000000
0.0000000000000000
0.0000000000000000
0.0000000000000000
0.0000000000000000
0.0000000000000000
0.0000000000000000
0.0000000000000000
0.0000000000000000
0.0000000000000000
0.0000000000000000
0.0000000000000000
0.0000000000000000
0.0000000000000000
0.0000000000000000
0.0000000000000000
0.0000000000000000
0.0000000000000000
0.0000000000000000
0.0000000000000000
0.0000000000000000
0.0000000000000000
0.0000000000000000
0.0000000000000000
0.0000000000000000
0.0000000000000000
0.0000000000000000
0.0000000000000000
0.0000000000000000
0.0000000000000000
0.0000000000000000
0.0000000000000000
0.0000000000000000
0.0000000000000000
0.0000000000000000
0.0000000000000000
0.0000000000000000
0.0000000000000000
0.0000000000000000
0.0000000000000000
0.0000000000000000
0.0000000000000000
0.0000000000000000
0.0000000000000000
0.0000000000000000
0.0000000000000000
0.0000000000000000
0.0000000000000000
0.0000000000000000
0.0000000000000000
0.0000000000000000
0.0000000000000000
0.0000000000000000
0.0000000000000000
0.0000000000000000
0.0000000000000000
0.0000000000000000
0.0000000000000000
0.0000000000000000
0.0000000000000000
0.0000000000000000
0.0000000000000000
0.0000000000000000
0.0000000000000000
0.0000000000000000
0.0000000000000000
0.0000000000000000
0.0000000000000000
0.0000000000000000
0.0000000000000000
0.0000000000000000
0.0000000000000000
0.0000000000000000
0.0000000000000000
0.0000000000000000
0.0000000000000000
0.0000000000000000
0.0000000000000000
0.0000000000000000
0.0000000000000000
0.0000000000000000
0.0000000000000000
0.0000000000000000
0.0000000000000000
0.0000000000000000
0.0000000000000000
0.0000000000000000
0.0000000000000000
0.0000000000000000
0.0000000000000000
0.0000000000000000
0.0000000000000000
0.0000000000000000
0.0000000000000000
0.0000000000000000
0.0000000000000000
0.0000000000000000
0.0000000000000000
0.0000000000000000
0.0000000000000000
0.0000000000000000
0.0000000000000000
0.0000000000000000
0.0000000000000000
0.0000000000000000
0.0000000000000000
0.0000000000000000
0.0000000000000000
0.0000000000000000
0.0000000000000000
0.0000000000000000
0.0000000000000000
0.0000000000000000
0.0000000000000000
0.0000000000000000
0.0000000000000000
0.0000000000000000
0.0000000000000000
0.0000000000000000
0.0000000000000000
0.0000000000000000
0.0000000000000000
0.0000000000000000
0.0000000000000000
0.0000000000000000
0.0000000000000000
0.0000000000000000
0.0000000000000000
0.0000000000000000
0.0000000000000000
0.0000000000000000
0.0000000000000000
0.0000000000000000
0.0000000000000000
0.0000000000000000
0.0000000000000000
0.0000000000000000
0.0000000000000000
0.0000000000000000
0.0000000000000000
0.0000000000000000
0.0000000000000000
0.0000000000000000
0.0000000000000000
0.0000000000000000
0.0000000000000000
0.0000000000000000
0.0000000000000000
0.0000000000000000
0.0000000000000000
0.0000000000000000
0.0000000000000000
0.0000000000000000
0.0000000000000000
0.0000000000000000
0.0000000000000000
0.0000000000000000
0.0000000000000000
0.0000000000000000
0.0000000000000000
0.0000000000000000
0.0000000000000000
0.0000000000000000
0.0000000000000000
0.0000000000000000
0.0000000000000000
0.0000000000000000
0.0000000000000000
0.0000000000000000
0.0000000000000000
0.0000000000000000
0.0000000000000000
0.0000000000000000
0.0000000000000000
0.0000000000000000
0.0000000000000000
0.0000000000000000
0.0000000000000000
0.0000000000000000
0.0000000000000000
0.0000000000000000
0.0000000000000000
0.0000000000000000
0.0000000000000000
0.0000000000000000
0.0000000000000000
0.0000000000000000
0.0000000000000000
0.0000000000000000
0.0000000000000000
0.0000000000000000
0.0000000000000000
0.0000000000000000
0.0000000000000000
0.0000000000000000
0.0000000000000000
0.0000000000000000
0.0000000000000000
0.0000000000000000
0.0000000000000000
0.0000000000000000
0.0000000000000000
0.0000000000000000
0.0000000000000000
0.0000000000000000
0.0000000000000000
0.0000000000000000
0.0000000000000000
0.0000000000000000
0.0000000000000000
0.0000000000000000
0.0000000000000000
0.0000000000000000
0.0000000000000000
0.0000000000000000
0.0000000000000000
0.0000000000000000
0.0000000000000000
0.0000000000000000
0.0000000000000000
0.0000000000000000
0.0000000000000000
0.0000000000000000
0.0000000000000000
0.0000000000000000
0.0000000000000000
0.0000000000000000
0.0000000000000000
0.0000000000000000
0.0000000000000000
0.0000000000000000
0.0000000000000000
0.0000000000000000
0.0000000000000000
0.0000000000000000
0.0000000000000000
0.0000000000000000
0.0000000000000000
0.0000000000000000
0.0000000000000000
0.0000000000000000
0.0000000000000000
0.0000000000000000
0.0000000000000000
0.0000000000000000
0.0000000000000000
0.0000000000000000
0.0000000000000000
0.0000000000000000
0.0000000000000000
0.0000000000000000
0.0000000000000000
0.0000000000000000
0.0000000000000000
0.0000000000000000
0.0000000000000000
0.0000000000000000
0.0000000000000000
0.0000000000000000
0.0000000000000000
0.0000000000000000
0.0000000000000000
0.0000000000000000
0.0000000000000000
0.0000000000000000
0.0000000000000000
0.0000000000000000
0.0000000000000000
0.0000000000000000
0.0000000000000000
0.0000000000000000
0.0000000000000000
0.0000000000000000
0.0000000000000000
0.0000000000000000
0.0000000000000000
0.0000000000000000
0.0000000000000000
0.0000000000000000
0.0000000000000000
0.0000000000000000
0.0000000000000000
0.0000000000000000
0.0000000000000000
0.0000000000000000
0.0000000000000000
0.0000000000000000
0.0000000000000000
0.0000000000000000
0.0000000000000000
0.0000000000000000
0.0000000000000000
0.0000000000000000
0.0000000000000000
0.0000000000000000
0.0000000000000000
0.0000000000000000
0.0000000000000000
0.0000000000000000
0.0000000000000000
0.0000000000000000
0.0000000000000000
0.0000000000000000
0.0000000000000000
0.0000000000000000
0.0000000000000000
0.0000000000000000
0.0000000000000000
0.0000000000000000
0.0000000000000000
0.0000000000000000
0.0000000000000000
0.0000000000000000
0.0000000000000000
0.0000000000000000
0.0000000000000000
0.0000000000000000
0.0000000000000000
0.0000000000000000
0.0000000000000000
0.0000000000000000
0.0000000000000000
0.0000000000000000
0.0000000000000000
0.0000000000000000
0.0000000000000000
0.0000000000000000
0.0000000000000000
0.0000000000000000
0.0000000000000000
0.0000000000000000
0.0000000000000000
0.0000000000000000
0.0000000000000000
0.0000000000000000
0.0000000000000000
0.0000000000000000
0.0000000000000000
0.0000000000000000
0.0000000000000000
0.0000000000000000
0.0000000000000000
0.0000000000000000
0.0000000000000000
0.0000000000000000
0.0000000000000000
0.0000000000000000
0.0000000000000000
0.0000000000000000
0.0000000000000000
0.0000000000000000
0.0000000000000000
0.0000000000000000
0.0000000000000000
0.0000000000000000
0.0000000000000000
0.0000000000000000
0.0000000000000000
0.0000000000000000
0.0000000000000000
0.0000000000000000
0.0000000000000000
0.0000000000000000
0.0000000000000000
0.0000000000000000
0.0000000000000000
0.0000000000000000
0.0000000000000000
0.0000000000000000
0.0000000000000000
0.0000000000000000
0.0000000000000000
0.0000000000000000
0.0000000000000000
0.0000000000000000
0.0000000000000000
0.0000000000000000
0.0000000000000000
0.0000000000000000
0.0000000000000000
0.0000000000000000
0.0000000000000000
0.0000000000000000
0.0000000000000000
0.0000000000000000
0.0000000000000000
0.0000000000000000
0.0000000000000000
0.0000000000000000
0.0000000000000000
0.0000000000000000
0.0000000000000000
0.0000000000000000
0.0000000000000000
0.0000000000000000
0.0000000000000000
0.0000000000000000
0.0000000000000000
0.0000000000000000
0.0000000000000000
0.0000000000000000
0.0000000000000000
0.0000000000000000
0.0000000000000000
0.0000000000000000
0.0000000000000000
0.0000000000000000
0.0000000000000000
0.0000000000000000
0.0000000000000000
0.0000000000000000
0.0000000000000000
0.0000000000000000
0.0000000000000000
0.0000000000000000
0.0000000000000000
0.0000000000000000
0.0000000000000000
0.0000000000000000
0.0000000000000000
0.0000000000000000
0.0000000000000000
0.0000000000000000
0.0000000000000000
0.0000000000000000
0.0000000000000000
0.0000000000000000
0.0000000000000000
0.0000000000000000
0.0000000000000000
0.0000000000000000
0.0000000000000000
0.0000000000000000
0.0000000000000000
0.0000000000000000
0.0000000000000000
0.0000000000000000
0.0000000000000000
0.0000000000000000
0.0000000000000000
0.0000000000000000
0.0000000000000000
0.0000000000000000
0.0000000000000000
0.0000000000000000
0.0000000000000000
0.0000000000000000
0.0000000000000000
0.0000000000000000
0.0000000000000000
0.0000000000000000
0.0000000000000000
0.0000000000000000
0.0000000000000000
0.0000000000000000
0.0000000000000000
0.0000000000000000
0.0000000000000000
0.0000000000000000
0.0000000000000000
0.0000000000000000
0.0000000000000000
0.0000000000000000
0.0000000000000000
0.0000000000000000
0.0000000000000000
0.0000000000000000
0.0000000000000000
0.0000000000000000
0.0000000000000000
0.0000000000000000
0.0000000000000000
0.0000000000000000
0.0000000000000000
0.0000000000000000
0.0000000000000000
0.0000000000000000
0.0000000000000000
0.0000000000000000
0.0000000000000000
0.0000000000000000
0.0000000000000000
0.0000000000000000
0.0000000000000000
0.0000000000000000
0.0000000000000000
0.0000000000000000
0.0000000000000000
0.0000000000000000
0.0000000000000000
0.0000000000000000
0.0000000000000000
0.0000000000000000
0.0000000000000000
0.0000000000000000
0.0000000000000000
0.0000000000000000
0.0000000000000000
0.0000000000000000
0.0000000000000000
0.0000000000000000
0.0000000000000000
0.0000000000000000
0.0000000000000000
0.0000000000000000
0.0000000000000000
0.0000000000000000
0.0000000000000000
0.0000000000000000
0.0000000000000000
0.0000000000000000
0.0000000000000000
0.0000000000000000
0.0000000000000000
0.0000000000000000
0.0000000000000000
0.0000000000000000
0.0000000000000000
0.0000000000000000
0.0000000000000000
0.0000000000000000
0.0000000000000000
0.0000000000000000
0.0000000000000000
0.0000000000000000
0.0000000000000000
0.0000000000000000
0.0000000000000000
0.0000000000000000
0.0000000000000000
0.0000000000000000
0.0000000000000000
0.0000000000000000
0.0000000000000000
0.0000000000000000
0.0000000000000000
0.0000000000000000
0.0000000000000000
0.0000000000000000
0.0000000000000000
0.0000000000000000
0.0000000000000000
0.0000000000000000
0.0000000000000000
0.0000000000000000
0.0000000000000000
0.0000000000000000
0.0000000000000000
0.0000000000000000
0.0000000000000000
0.0000000000000000
0.0000000000000000
0.0000000000000000
0.0000000000000000
0.0000000000000000
0.0000000000000000
0.0000000000000000
0.0000000000000000
0.0000000000000000
0.0000000000000000
0.0000000000000000
0.0000000000000000
0.0000000000000000
0.0000000000000000
0.0000000000000000
0.0000000000000000
0.0000000000000000
0.0000000000000000
0.0000000000000000
0.0000000000000000
0.0000000000000000
0.0000000000000000
0.0000000000000000
0.0000000000000000
0.0000000000000000
0.0000000000000000
0.0000000000000000
0.0000000000000000
0.0000000000000000
0.0000000000000000
0.0000000000000000
0.0000000000000000
0.0000000000000000
0.0000000000000000
0.0000000000000000
0.0000000000000000
0.0000000000000000
0.0000000000000000
0.0000000000000000
0.0000000000000000
0.0000000000000000
0.0000000000000000
0.0000000000000000
0.0000000000000000
0.0000000000000000
0.0000000000000000
0.0000000000000000
0.0000000000000000
0.0000000000000000
0.0000000000000000
0.0000000000000000
0.0000000000000000
0.0000000000000000
0.0000000000000000
0.0000000000000000
0.0000000000000000
0.0000000000000000
0.0000000000000000
0.0000000000000000
0.0000000000000000
0.0000000000000000
0.0000000000000000
0.0000000000000000
0.0000000000000000
0.0000000000000000
0.0000000000000000
0.0000000000000000
0.0000000000000000
0.0000000000000000
0.0000000000000000
0.0000000000000000
0.0000000000000000
0.0000000000000000
0.0000000000000000
0.0000000000000000
0.0000000000000000
0.0000000000000000
0.0000000000000000
0.0000000000000000
0.0000000000000000
0.0000000000000000
0.0000000000000000
0.0000000000000000
0.0000000000000000
0.0000000000000000
0.0000000000000000
0.0000000000000000
0.0000000000000000
0.0000000000000000
0.0000000000000000
0.0000000000000000
0.0000000000000000
0.0000000000000000
0.0000000000000000
0.0000000000000000
0.0000000000000000
0.0000000000000000
0.0000000000000000
0.0000000000000000
0.0000000000000000
0.0000000000000000
0.0000000000000000
0.0000000000000000
0.0000000000000000
0.0000000000000000
0.0000000000000000
0.0000000000000000
0.0000000000000000
0.0000000000000000
0.0000000000000000
0.0000000000000000
0.0000000000000000
0.0000000000000000
0.0000000000000000
0.0000000000000000
0.0000000000000000
0.0000000000000000
0.0000000000000000
0.0000000000000000
0.0000000000000000
0.0000000000000000
0.0000000000000000
0.0000000000000000
0.0000000000000000
0.0000000000000000
0.0000000000000000
0.0000000000000000
0.0000000000000000
0.0000000000000000
0.0000000000000000
0.0000000000000000
0.0000000000000000
0.0000000000000000
0.0000000000000000
0.0000000000000000
0.0000000000000000
0.0000000000000000
0.0000000000000000
0.0000000000000000
0.0000000000000000
0.0000000000000000
0.0000000000000000
0.0000000000000000
0.0000000000000000
0.0000000000000000
0.0000000000000000
0.0000000000000000
0.0000000000000000
0.0000000000000000
0.0000000000000000
0.0000000000000000
0.0000000000000000
0.0000000000000000
0.0000000000000000
0.0000000000000000
0.0000000000000000
0.0000000000000000
0.0000000000000000
0.0000000000000000
0.0000000000000000
0.0000000000000000
0.0000000000000000
0.0000000000000000
0.0000000000000000
0.0000000000000000
0.0000000000000000
0.0000000000000000
0.0000000000000000
0.0000000000000000
0.0000000000000000
0.0000000000000000
0.0000000000000000
0.0000000000000000
0.0000000000000000
0.0000000000000000
0.0000000000000000
0.0000000000000000
0.0000000000000000
0.0000000000000000
0.0000000000000000
0.0000000000000000
0.0000000000000000
0.0000000000000000
0.0000000000000000
0.0000000000000000
0.0000000000000000
0.0000000000000000
0.0000000000000000
0.0000000000000000
0.0000000000000000
0.0000000000000000
0.0000000000000000
0.0000000000000000
0.0000000000000000
0.0000000000000000
0.0000000000000000
0.0000000000000000
0.0000000000000000
0.0000000000000000
0.0000000000000000
0.0000000000000000
0.0000000000000000
0.0000000000000000
0.0000000000000000
0.0000000000000000
0.0000000000000000
0.0000000000000000
0.0000000000000000
0.0000000000000000
0.0000000000000000
0.0000000000000000
0.0000000000000000
0.0000000000000000
0.0000000000000000
0.0000000000000000
0.0000000000000000
0.0000000000000000
0.0000000000000000
0.0000000000000000
0.0000000000000000
0.0000000000000000
0.0000000000000000
0.0000000000000000
0.0000000000000000
0.0000000000000000
0.0000000000000000
0.0000000000000000
0.0000000000000000
0.0000000000000000
0.0000000000000000
0.0000000000000000
0.0000000000000000
0.0000000000000000
0.0000000000000000
0.0000000000000000
0.0000000000000000
0.0000000000000000
0.0000000000000000
0.0000000000000000
0.0000000000000000
0.0000000000000000
0.0000000000000000
0.0000000000000000
0.0000000000000000
0.0000000000000000
0.0000000000000000
0.0000000000000000
0.0000000000000000
0.0000000000000000
0.0000000000000000
0.0000000000000000
0.0000000000000000
0.0000000000000000
0.0000000000000000
0.0000000000000000
0.0000000000000000
0.0000000000000000
0.0000000000000000
0.0000000000000000
0.0000000000000000
0.0000000000000000
0.0000000000000000
0.0000000000000000
0.0000000000000000
0.0000000000000000
0.0000000000000000
0.0000000000000000
0.0000000000000000
0.0000000000000000
0.0000000000000000
0.0000000000000000
0.0000000000000000
0.0000000000000000
0.0000000000000000
0.0000000000000000
0.0000000000000000
0.0000000000000000
0.0000000000000000
0.0000000000000000
0.0000000000000000
0.0000000000000000
0.0000000000000000
0.0000000000000000
0.0000000000000000
0.0000000000000000
0.0000000000000000
0.0000000000000000
0.0000000000000000
0.0000000000000000
0.0000000000000000
0.0000000000000000
0.0000000000000000
0.0000000000000000
0.0000000000000000
0.0000000000000000
0.0000000000000000
0.0000000000000000
0.0000000000000000
0.0000000000000000
0.0000000000000000
0.0000000000000000
0.0000000000000000
0.0000000000000000
0.0000000000000000
0.0000000000000000
0.0000000000000000
0.0000000000000000
0.0000000000000000
0.0000000000000000
0.0000000000000000
0.0000000000000000
0.0000000000000000
0.0000000000000000
0.0000000000000000
0.0000000000000000
0.0000000000000000
0.0000000000000000
0.0000000000000000
0.0000000000000000
0.0000000000000000
0.0000000000000000
0.0000000000000000
0.0000000000000000
0.0000000000000000
0.0000000000000000
0.0000000000000000
0.0000000000000000
0.0000000000000000
0.0000000000000000
0.0000000000000000
0.0000000000000000
0.0000000000000000
0.0000000000000000
0.0000000000000000
0.0000000000000000
0.0000000000000000
0.0000000000000000
0.0000000000000000
0.0000000000000000
0.0000000000000000
0.0000000000000000
0.0000000000000000
0.0000000000000000
0.0000000000000000
0.0000000000000000
0.0000000000000000
0.0000000000000000
0.0000000000000000
0.0000000000000000
0.0000000000000000
0.0000000000000000
0.0000000000000000
0.0000000000000000
0.0000000000000000
0.0000000000000000
0.0000000000000000
0.0000000000000000
0.0000000000000000
0.0000000000000000
0.0000000000000000
0.0000000000000000
0.0000000000000000
0.0000000000000000
0.0000000000000000
0.0000000000000000
0.0000000000000000
0.0000000000000000
0.0000000000000000
0.0000000000000000
0.0000000000000000
0.0000000000000000
0.0000000000000000
0.0000000000000000
0.0000000000000000
0.0000000000000000
0.0000000000000000
0.0000000000000000
0.0000000000000000
0.0000000000000000
0.0000000000000000
0.0000000000000000
0.0000000000000000
0.0000000000000000
0.0000000000000000
0.0000000000000000
0.0000000000000000
0.0000000000000000
0.0000000000000000
0.0000000000000000
0.0000000000000000
0.0000000000000000
0.0000000000000000
0.0000000000000000
0.0000000000000000
0.0000000000000000
0.0000000000000000
0.0000000000000000
0.0000000000000000
0.0000000000000000
0.0000000000000000
0.0000000000000000
0.0000000000000000
0.0000000000000000
0.0000000000000000
0.0000000000000000
0.0000000000000000
0.0000000000000000
0.0000000000000000
0.0000000000000000
0.0000000000000000
0.0000000000000000
0.0000000000000000
0.0000000000000000
0.0000000000000000
0.0000000000000000
0.0000000000000000
0.0000000000000000
0.0000000000000000
0.0000000000000000
0.0000000000000000
0.0000000000000000
0.0000000000000000
0.0000000000000000
0.0000000000000000
0.0000000000000000
0.0000000000000000
0.0000000000000000
0.0000000000000000
0.0000000000000000
0.0000000000000000
0.0000000000000000
0.0000000000000000
0.0000000000000000
0.0000000000000000
0.0000000000000000
0.0000000000000000
0.0000000000000000
0.0000000000000000
0.0000000000000000
0.0000000000000000
0.0000000000000000
0.0000000000000000
0.0000000000000000
0.0000000000000000
0.0000000000000000
0.0000000000000000
0.0000000000000000
0.0000000000000000
0.0000000000000000
0.0000000000000000
0.0000000000000000
0.0000000000000000
0.0000000000000000
0.0000000000000000
0.0000000000000000
0.0000000000000000
0.0000000000000000
0.0000000000000000
0.0000000000000000
0.0000000000000000
0.0000000000000000
0.0000000000000000
0.0000000000000000
0.0000000000000000
0.0000000000000000
0.0000000000000000
0.0000000000000000
0.0000000000000000
0.0000000000000000
0.0000000000000000
0.0000000000000000
0.0000000000000000
0.0000000000000000
0.0000000000000000
0.0000000000000000
0.0000000000000000
0.0000000000000000
0.0000000000000000
0.0000000000000000
0.0000000000000000
0.0000000000000000
0.0000000000000000
0.0000000000000000
0.0000000000000000
0.0000000000000000
0.0000000000000000
0.0000000000000000
0.0000000000000000
0.0000000000000000
0.0000000000000000
0.0000000000000000
0.0000000000000000
0.0000000000000000
0.0000000000000000
0.0000000000000000
0.0000000000000000
0.0000000000000000
0.0000000000000000
0.0000000000000000
0.0000000000000000
0.0000000000000000
0.0000000000000000
0.0000000000000000
0.0000000000000000
0.0000000000000000
0.0000000000000000
0.0000000000000000
0.0000000000000000
0.0000000000000000
0.0000000000000000
0.0000000000000000
0.0000000000000000
0.0000000000000000
0.0000000000000000
0.0000000000000000
0.0000000000000000
0.0000000000000000
0.0000000000000000
0.0000000000000000
0.0000000000000000
0.0000000000000000
0.0000000000000000
0.0000000000000000
0.0000000000000000
0.0000000000000000
0.0000000000000000
0.0000000000000000
0.0000000000000000
0.0000000000000000
0.0000000000000000
0.0000000000000000
0.0000000000000000
0.0000000000000000
0.0000000000000000
0.0000000000000000
0.0000000000000000
0.0000000000000000
0.0000000000000000
0.0000000000000000
0.0000000000000000
0.0000000000000000
0.0000000000000000
0.0000000000000000
0.0000000000000000
0.0000000000000000
0.0000000000000000
0.0000000000000000
0.0000000000000000
0.0000000000000000
0.0000000000000000
0.0000000000000000
0.0000000000000000
0.0000000000000000
0.0000000000000000
0.0000000000000000
0.0000000000000000
0.0000000000000000
0.0000000000000000
0.0000000000000000
0.0000000000000000
0.0000000000000000
0.0000000000000000
0.0000000000000000
0.0000000000000000
0.0000000000000000
0.0000000000000000
0.0000000000000000
0.0000000000000000
0.0000000000000000
0.0000000000000000
0.0000000000000000
0.0000000000000000
0.0000000000000000
0.0000000000000000
0.0000000000000000
0.0000000000000000
0.0000000000000000
0.0000000000000000
0.0000000000000000
0.0000000000000000
0.0000000000000000
0.0000000000000000
0.0000000000000000
0.0000000000000000
0.0000000000000000
0.0000000000000000
0.0000000000000000
0.0000000000000000
0.0000000000000000
0.0000000000000000
0.0000000000000000
0.0000000000000000
0.0000000000000000
0.0000000000000000
0.0000000000000000
0.0000000000000000
0.0000000000000000
0.0000000000000000
0.0000000000000000
0.0000000000000000
0.0000000000000000
0.0000000000000000
0.0000000000000000
0.0000000000000000
0.0000000000000000
0.0000000000000000
0.0000000000000000
0.0000000000000000
0.0000000000000000
0.0000000000000000
0.0000000000000000
0.0000000000000000
0.0000000000000000
0.0000000000000000
0.0000000000000000
0.0000000000000000
0.0000000000000000
0.0000000000000000
0.0000000000000000
0.0000000000000000
0.0000000000000000
0.0000000000000000
0.0000000000000000
0.0000000000000000
0.0000000000000000
0.0000000000000000
0.0000000000000000
0.0000000000000000
0.0000000000000000
0.0000000000000000
0.0000000000000000
0.0000000000000000
0.0000000000000000
0.0000000000000000
0.0000000000000000
0.0000000000000000
0.0000000000000000
0.0000000000000000
0.0000000000000000
0.0000000000000000
0.0000000000000000
0.0000000000000000
0.0000000000000000
0.0000000000000000
0.0000000000000000
0.0000000000000000
0.0000000000000000
0.0000000000000000
0.0000000000000000
0.0000000000000000
0.0000000000000000
0.0000000000000000
0.0000000000000000
0.0000000000000000
0.0000000000000000
0.0000000000000000
0.0000000000000000
0.0000000000000000
0.0000000000000000
0.0000000000000000
0.0000000000000000
0.0000000000000000
0.0000000000000000
0.0000000000000000
0.0000000000000000
0.0000000000000000
0.0000000000000000
0.0000000000000000
0.0000000000000000
0.0000000000000000
0.0000000000000000
0.0000000000000000
0.0000000000000000
0.0000000000000000
0.0000000000000000
0.0000000000000000
0.0000000000000000
0.0000000000000000
0.0000000000000000
0.0000000000000000
0.0000000000000000
0.0000000000000000
0.0000000000000000
0.0000000000000000
0.0000000000000000
0.0000000000000000
0.0000000000000000
0.0000000000000000
0.0000000000000000
0.0000000000000000
0.0000000000000000
0.0000000000000000
0.0000000000000000
0.0000000000000000
0.0000000000000000
0.0000000000000000
0.0000000000000000
0.0000000000000000
0.0000000000000000
0.0000000000000000
0.0000000000000000
0.0000000000000000
0.0000000000000000
0.0000000000000000
0.0000000000000000
0.0000000000000000
0.0000000000000000
0.0000000000000000
0.0000000000000000
0.0000000000000000
0.0000000000000000
0.0000000000000000
0.0000000000000000
0.0000000000000000
0.0000000000000000
0.0000000000000000
0.0000000000000000
0.0000000000000000
0.0000000000000000
0.0000000000000000
0.0000000000000000
0.0000000000000000
0.0000000000000000
0.0000000000000000
0.0000000000000000
0.0000000000000000
0.0000000000000000
0.0000000000000000
0.0000000000000000
0.0000000000000000
0.0000000000000000
0.0000000000000000
0.0000000000000000
0.0000000000000000
0.0000000000000000
0.0000000000000000
0.0000000000000000
0.0000000000000000
0.0000000000000000
0.0000000000000000
0.0000000000000000
0.0000000000000000
0.0000000000000000
0.0000000000000000
0.0000000000000000
0.0000000000000000
0.0000000000000000
0.0000000000000000
0.0000000000000000
0.0000000000000000
0.0000000000000000
0.0000000000000000
0.0000000000000000
0.0000000000000000
0.0000000000000000
0.0000000000000000
0.0000000000000000
0.0000000000000000
0.0000000000000000
0.0000000000000000
0.0000000000000000
0.0000000000000000
0.0000000000000000
0.0000000000000000
0.0000000000000000
0.0000000000000000
0.0000000000000000
0.0000000000000000
0.0000000000000000
0.0000000000000000
0.0000000000000000
0.0000000000000000
0.0000000000000000
0.0000000000000000
0.0000000000000000
0.0000000000000000
0.0000000000000000
0.0000000000000000
0.0000000000000000
0.0000000000000000
0.0000000000000000
0.0000000000000000
0.0000000000000000
0.0000000000000000
0.0000000000000000
0.0000000000000000
0.0000000000000000
0.0000000000000000
0.0000000000000000
0.0000000000000000
0.0000000000000000
0.0000000000000000
0.0000000000000000
0.0000000000000000
0.0000000000000000
0.0000000000000000
0.0000000000000000
0.0000000000000000
0.0000000000000000
0.0000000000000000
0.0000000000000000
0.0000000000000000
0.0000000000000000
0.0000000000000000
0.0000000000000000
0.0000000000000000
0.0000000000000000
0.0000000000000000
0.0000000000000000
0.0000000000000000
0.0000000000000000
0.0000000000000000
0.0000000000000000
0.0000000000000000
0.0000000000000000
0.0000000000000000
0.0000000000000000
0.0000000000000000
0.0000000000000000
0.0000000000000000
0.0000000000000000
0.0000000000000000
0.0000000000000000
0.0000000000000000
0.0000000000000000
0.0000000000000000
0.0000000000000000
0.0000000000000000
0.0000000000000000
0.0000000000000000
0.0000000000000000
0.0000000000000000
0.0000000000000000
0.0000000000000000
0.0000000000000000
0.0000000000000000
0.0000000000000000
0.0000000000000000
0.0000000000000000
0.0000000000000000
0.0000000000000000
0.0000000000000000
0.0000000000000000
0.0000000000000000
0.0000000000000000
0.0000000000000000
0.0000000000000000
0.0000000000000000
0.0000000000000000
0.0000000000000000
0.0000000000000000
0.0000000000000000
0.0000000000000000
0.0000000000000000
0.0000000000000000
0.0000000000000000
0.0000000000000000
0.0000000000000000
0.0000000000000000
0.0000000000000000
0.0000000000000000
0.0000000000000000
0.0000000000000000
0.0000000000000000
0.0000000000000000
0.0000000000000000
0.0000000000000000
0.0000000000000000
0.0000000000000000
0.0000000000000000
0.0000000000000000
0.0000000000000000
0.0000000000000000
0.0000000000000000
0.0000000000000000
0.0000000000000000
0.0000000000000000
0.0000000000000000
0.0000000000000000
0.0000000000000000
0.0000000000000000
0.0000000000000000
0.0000000000000000
0.0000000000000000
0.0000000000000000
0.0000000000000000
0.0000000000000000
0.0000000000000000
0.0000000000000000
0.0000000000000000
0.0000000000000000
0.0000000000000000
0.0000000000000000
0.0000000000000000
0.0000000000000000
0.0000000000000000
0.0000000000000000
0.0000000000000000
0.0000000000000000
0.0000000000000000
0.0000000000000000
0.0000000000000000
0.0000000000000000
0.0000000000000000
0.0000000000000000
0.0000000000000000
0.0000000000000000
0.0000000000000000
0.0000000000000000
0.0000000000000000
0.0000000000000000
0.0000000000000000
0.0000000000000000
0.0000000000000000
0.0000000000000000
0.0000000000000000
0.0000000000000000
0.0000000000000000
0.0000000000000000
0.0000000000000000
0.0000000000000000
0.0000000000000000
0.0000000000000000
0.0000000000000000
0.0000000000000000
0.0000000000000000
0.0000000000000000
0.0000000000000000
0.0000000000000000
0.0000000000000000
0.0000000000000000
0.0000000000000000
0.0000000000000000
0.0000000000000000
0.0000000000000000
0.0000000000000000
0.0000000000000000
0.0000000000000000
0.0000000000000000
0.0000000000000000
0.0000000000000000
0.0000000000000000
0.0000000000000000
0.0000000000000000
0.0000000000000000
0.0000000000000000
0.0000000000000000
0.0000000000000000
0.0000000000000000
0.0000000000000000
0.0000000000000000
0.0000000000000000
0.0000000000000000
0.0000000000000000
0.0000000000000000
0.0000000000000000
0.0000000000000000
0.0000000000000000
0.0000000000000000
0.0000000000000000
0.0000000000000000
0.0000000000000000
0.0000000000000000
0.0000000000000000
0.0000000000000000
0.0000000000000000
0.0000000000000000
0.0000000000000000
0.0000000000000000
0.0000000000000000
0.0000000000000000
0.0000000000000000
0.0000000000000000
0.0000000000000000
0.0000000000000000
0.0000000000000000
0.0000000000000000
0.0000000000000000
0.0000000000000000
0.0000000000000000
0.0000000000000000
0.0000000000000000
0.0000000000000000
0.0000000000000000
0.0000000000000000
0.0000000000000000
0.0000000000000000
0.0000000000000000
0.0000000000000000
0.0000000000000000
0.0000000000000000
0.0000000000000000
0.0000000000000000
0.0000000000000000
0.0000000000000000
0.0000000000000000
0.0000000000000000
0.0000000000000000
0.0000000000000000
0.0000000000000000
0.0000000000000000
0.0000000000000000
0.0000000000000000
0.0000000000000000
0.0000000000000000
0.0000000000000000
0.0000000000000000
0.0000000000000000
0.0000000000000000
0.0000000000000000
0.0000000000000000
0.0000000000000000
0.0000000000000000
0.0000000000000000
0.0000000000000000
0.0000000000000000
0.0000000000000000
0.0000000000000000
0.0000000000000000
0.0000000000000000
0.0000000000000000
0.0000000000000000
0.0000000000000000
0.0000000000000000
0.0000000000000000
0.0000000000000000
0.0000000000000000
0.0000000000000000
0.0000000000000000
0.0000000000000000
0.0000000000000000
0.0000000000000000
0.0000000000000000
0.0000000000000000
0.0000000000000000
0.0000000000000000
0.0000000000000000
0.0000000000000000
0.0000000000000000
0.0000000000000000
0.0000000000000000
0.0000000000000000
0.0000000000000000
0.0000000000000000
0.0000000000000000
0.0000000000000000
0.0000000000000000
0.0000000000000000
0.0000000000000000
0.0000000000000000
0.0000000000000000
0.0000000000000000
0.0000000000000000
0.0000000000000000
0.0000000000000000
0.0000000000000000
0.0000000000000000
0.0000000000000000
0.0000000000000000
0.0000000000000000
0.0000000000000000
0.0000000000000000
0.0000000000000000
0.0000000000000000
0.0000000000000000
0.0000000000000000
0.0000000000000000
0.0000000000000000
0.0000000000000000
0.0000000000000000
0.0000000000000000
0.0000000000000000
0.0000000000000000
0.0000000000000000
0.0000000000000000
0.0000000000000000
0.0000000000000000
0.0000000000000000
0.0000000000000000
0.0000000000000000
0.0000000000000000
0.0000000000000000
0.0000000000000000
0.0000000000000000
0.0000000000000000
0.0000000000000000
0.0000000000000000
0.0000000000000000
0.0000000000000000
0.0000000000000000
0.0000000000000000
0.0000000000000000
0.0000000000000000
0.0000000000000000
0.0000000000000000
0.0000000000000000
0.0000000000000000
0.0000000000000000
0.0000000000000000
0.0000000000000000
0.0000000000000000
0.0000000000000000
0.0000000000000000
0.0000000000000000
0.0000000000000000
0.0000000000000000
0.0000000000000000
0.0000000000000000
0.0000000000000000
0.0000000000000000
0.0000000000000000
0.0000000000000000
0.0000000000000000
0.0000000000000000
0.0000000000000000
0.0000000000000000
0.0000000000000000
0.0000000000000000
0.0000000000000000
0.0000000000000000
0.0000000000000000
0.0000000000000000
0.0000000000000000
0.0000000000000000
0.0000000000000000
0.0000000000000000
0.0000000000000000
0.0000000000000000
0.0000000000000000
0.0000000000000000
0.0000000000000000
0.0000000000000000
0.0000000000000000
0.0000000000000000
0.0000000000000000
0.0000000000000000
0.0000000000000000
0.0000000000000000
0.0000000000000000
0.0000000000000000
0.0000000000000000
0.0000000000000000
0.0000000000000000
0.0000000000000000
0.0000000000000000
0.0000000000000000
0.0000000000000000
0.0000000000000000
0.0000000000000000
0.0000000000000000
0.0000000000000000
0.0000000000000000
0.0000000000000000
0.0000000000000000
0.0000000000000000
0.0000000000000000
0.0000000000000000
0.0000000000000000
0.0000000000000000
0.0000000000000000
0.0000000000000000
0.0000000000000000
0.0000000000000000
0.0000000000000000
0.0000000000000000
0.0000000000000000
0.0000000000000000
0.0000000000000000
0.0000000000000000
0.0000000000000000
0.0000000000000000
0.0000000000000000
0.0000000000000000
0.0000000000000000
0.0000000000000000
0.0000000000000000
0.0000000000000000
0.0000000000000000
0.0000000000000000
0.0000000000000000
0.0000000000000000
0.0000000000000000
0.0000000000000000
0.0000000000000000
0.0000000000000000
0.0000000000000000
0.0000000000000000
0.0000000000000000
0.0000000000000000
0.0000000000000000
0.0000000000000000
0.0000000000000000
0.0000000000000000
0.0000000000000000
0.0000000000000000
0.0000000000000000
0.0000000000000000
0.0000000000000000
0.0000000000000000
0.0000000000000000
0.0000000000000000
0.0000000000000000
0.0000000000000000
0.0000000000000000
0.0000000000000000
0.0000000000000000
0.0000000000000000
0.0000000000000000
0.0000000000000000
0.0000000000000000
0.0000000000000000
0.0000000000000000
0.0000000000000000
0.0000000000000000
0.0000000000000000
0.0000000000000000
0.0000000000000000
0.0000000000000000
0.0000000000000000
0.0000000000000000
0.0000000000000000
0.0000000000000000
0.0000000000000000
0.0000000000000000
0.0000000000000000
0.0000000000000000
0.0000000000000000
0.0000000000000000
0.0000000000000000
0.0000000000000000
0.0000000000000000
0.0000000000000000
0.0000000000000000
0.0000000000000000
0.0000000000000000
0.0000000000000000
0.0000000000000000
0.0000000000000000
0.0000000000000000
0.0000000000000000
0.0000000000000000
0.0000000000000000
0.0000000000000000
0.0000000000000000
0.0000000000000000
0.0000000000000000
0.0000000000000000
0.0000000000000000
0.0000000000000000
0.0000000000000000
0.0000000000000000
0.0000000000000000
0.0000000000000000
0.0000000000000000
0.0000000000000000
0.0000000000000000
0.0000000000000000
0.0000000000000000
0.0000000000000000
0.0000000000000000
0.0000000000000000
0.0000000000000000
0.0000000000000000
0.0000000000000000
0.0000000000000000
0.0000000000000000
0.0000000000000000
0.0000000000000000
0.0000000000000000
0.0000000000000000
0.0000000000000000
0.0000000000000000
0.0000000000000000
0.0000000000000000
0.0000000000000000
0.0000000000000000
0.0000000000000000
0.0000000000000000
0.0000000000000000
0.0000000000000000
0.0000000000000000
0.0000000000000000
0.0000000000000000
0.0000000000000000
0.0000000000000000
0.0000000000000000
0.0000000000000000
0.0000000000000000
0.0000000000000000
0.0000000000000000
0.0000000000000000
0.0000000000000000
0.0000000000000000
0.0000000000000000
0.0000000000000000
0.0000000000000000
0.0000000000000000
0.0000000000000000
0.0000000000000000
0.0000000000000000
0.0000000000000000
0.0000000000000000
0.0000000000000000
0.0000000000000000
0.0000000000000000
0.0000000000000000
0.0000000000000000
0.0000000000000000
0.0000000000000000
0.0000000000000000
0.0000000000000000
0.0000000000000000
0.0000000000000000
0.0000000000000000
0.0000000000000000
0.0000000000000000
0.0000000000000000
0.0000000000000000
0.0000000000000000
0.0000000000000000
0.0000000000000000
0.0000000000000000
0.0000000000000000
0.0000000000000000
0.0000000000000000
0.0000000000000000
0.0000000000000000
0.0000000000000000
0.0000000000000000
0.0000000000000000
0.0000000000000000
0.0000000000000000
0.0000000000000000
0.0000000000000000
0.0000000000000000
0.0000000000000000
0.0000000000000000
0.0000000000000000
0.0000000000000000
0.0000000000000000
0.0000000000000000
0.0000000000000000
0.0000000000000000
0.0000000000000000
0.0000000000000000
0.0000000000000000
0.0000000000000000
0.0000000000000000
0.0000000000000000
0.0000000000000000
0.0000000000000000
0.0000000000000000
0.0000000000000000
0.0000000000000000
0.0000000000000000
0.0000000000000000
0.0000000000000000
0.0000000000000000
0.0000000000000000
0.0000000000000000
0.0000000000000000
0.0000000000000000
0.0000000000000000
0.0000000000000000
0.0000000000000000
0.0000000000000000
0.0000000000000000
0.0000000000000000
0.0000000000000000
0.0000000000000000
0.0000000000000000
0.0000000000000000
0.0000000000000000
0.0000000000000000
0.0000000000000000
0.0000000000000000
0.0000000000000000
0.0000000000000000
0.0000000000000000
0.0000000000000000
0.0000000000000000
0.0000000000000000
0.0000000000000000
0.0000000000000000
0.0000000000000000
0.0000000000000000
0.0000000000000000
0.0000000000000000
0.0000000000000000
0.0000000000000000
0.0000000000000000
0.0000000000000000
0.0000000000000000
0.0000000000000000
0.0000000000000000
0.0000000000000000
0.0000000000000000
0.0000000000000000
0.0000000000000000
0.0000000000000000
0.0000000000000000
0.0000000000000000
0.0000000000000000
0.0000000000000000
0.0000000000000000
0.0000000000000000
0.0000000000000000
0.0000000000000000
0.0000000000000000
0.0000000000000000
0.0000000000000000
0.0000000000000000
0.0000000000000000
0.0000000000000000
0.0000000000000000
0.0000000000000000
0.0000000000000000
0.0000000000000000
0.0000000000000000
0.0000000000000000
0.0000000000000000
0.0000000000000000
0.0000000000000000
0.0000000000000000
0.0000000000000000
0.0000000000000000
0.0000000000000000
0.0000000000000000
0.0000000000000000
0.0000000000000000
0.0000000000000000
0.0000000000000000
0.0000000000000000
0.0000000000000000
0.0000000000000000
0.0000000000000000
0.0000000000000000
0.0000000000000000
0.0000000000000000
0.0000000000000000
0.0000000000000000
0.0000000000000000
0.0000000000000000
0.0000000000000000
0.0000000000000000
0.0000000000000000
0.0000000000000000
0.0000000000000000
0.0000000000000000
0.0000000000000000
0.0000000000000000
0.0000000000000000
0.0000000000000000
0.0000000000000000
0.0000000000000000
0.0000000000000000
0.0000000000000000
0.0000000000000000
0.0000000000000000
0.0000000000000000
0.0000000000000000
0.0000000000000000
0.0000000000000000
0.0000000000000000
0.0000000000000000
0.0000000000000000
0.0000000000000000
0.0000000000000000
0.0000000000000000
0.0000000000000000
0.0000000000000000
0.0000000000000000
0.0000000000000000
0.0000000000000000
0.0000000000000000
0.0000000000000000
0.0000000000000000
0.0000000000000000
0.0000000000000000
0.0000000000000000
0.0000000000000000
0.0000000000000000
0.0000000000000000
0.0000000000000000
0.0000000000000000
0.0000000000000000
0.0000000000000000
0.0000000000000000
0.0000000000000000
0.0000000000000000
0.0000000000000000
0.0000000000000000
0.0000000000000000
0.0000000000000000
0.0000000000000000
0.0000000000000000
0.0000000000000000
0.0000000000000000
0.0000000000000000
0.0000000000000000
0.0000000000000000
0.0000000000000000
0.0000000000000000
0.0000000000000000
0.0000000000000000
0.0000000000000000
0.0000000000000000
0.0000000000000000
0.0000000000000000
0.0000000000000000
0.0000000000000000
0.0000000000000000
0.0000000000000000
0.0000000000000000
0.0000000000000000
0.0000000000000000
0.0000000000000000
0.0000000000000000
0.0000000000000000
0.0000000000000000
0.0000000000000000
0.0000000000000000
0.0000000000000000
0.0000000000000000
0.0000000000000000
0.0000000000000000
0.0000000000000000
0.0000000000000000
0.0000000000000000
0.0000000000000000
0.0000000000000000
0.0000000000000000
0.0000000000000000
0.0000000000000000
0.0000000000000000
0.0000000000000000
0.0000000000000000
0.0000000000000000
0.0000000000000000
0.0000000000000000
0.0000000000000000
0.0000000000000000
0.0000000000000000
0.0000000000000000
0.0000000000000000
0.0000000000000000
0.0000000000000000
0.0000000000000000
0.0000000000000000
0.0000000000000000
0.0000000000000000
0.0000000000000000
0.0000000000000000
0.0000000000000000
0.0000000000000000
0.0000000000000000
0.0000000000000000
0.0000000000000000
0.0000000000000000
0.0000000000000000
0.0000000000000000
0.0000000000000000
0.0000000000000000
0.0000000000000000
0.0000000000000000
0.0000000000000000
0.0000000000000000
0.0000000000000000
0.0000000000000000
0.0000000000000000
0.0000000000000000
0.0000000000000000
0.0000000000000000
0.0000000000000000
0.0000000000000000
0.0000000000000000
0.0000000000000000
0.0000000000000000
0.0000000000000000
0.0000000000000000
0.0000000000000000
0.0000000000000000
0.0000000000000000
0.0000000000000000
0.0000000000000000
0.0000000000000000
0.0000000000000000
0.0000000000000000
0.0000000000000000
0.0000000000000000
0.0000000000000000
0.0000000000000000
0.0000000000000000
0.0000000000000000
0.0000000000000000
0.0000000000000000
0.0000000000000000
0.0000000000000000
0.0000000000000000
0.0000000000000000
0.0000000000000000
0.0000000000000000
0.0000000000000000
0.0000000000000000
0.0000000000000000
0.0000000000000000
0.0000000000000000
0.0000000000000000
0.0000000000000000
0.0000000000000000
0.0000000000000000
0.0000000000000000
0.0000000000000000
0.0000000000000000
0.0000000000000000
0.0000000000000000
0.0000000000000000
0.0000000000000000
0.0000000000000000
0.0000000000000000
0.0000000000000000
0.0000000000000000
0.0000000000000000
0.0000000000000000
0.0000000000000000
0.0000000000000000
0.0000000000000000
0.0000000000000000
0.0000000000000000
0.0000000000000000
0.0000000000000000
0.0000000000000000
0.0000000000000000
0.0000000000000000
0.0000000000000000
0.0000000000000000
0.0000000000000000
0.0000000000000000
0.0000000000000000
0.0000000000000000
0.0000000000000000
0.0000000000000000
0.0000000000000000
0.0000000000000000
0.0000000000000000
0.0000000000000000
0.0000000000000000
0.0000000000000000
0.0000000000000000
0.0000000000000000
0.0000000000000000
0.0000000000000000
0.0000000000000000
0.0000000000000000
0.0000000000000000
0.0000000000000000
0.0000000000000000
0.0000000000000000
0.0000000000000000
0.0000000000000000
0.0000000000000000
0.0000000000000000
0.0000000000000000
0.0000000000000000
0.0000000000000000
0.0000000000000000
0.0000000000000000
0.0000000000000000
0.0000000000000000
0.0000000000000000
0.0000000000000000
0.0000000000000000
0.0000000000000000
0.0000000000000000
0.0000000000000000
0.0000000000000000
0.0000000000000000
0.0000000000000000
0.0000000000000000
0.0000000000000000
0.0000000000000000
0.0000000000000000
0.0000000000000000
0.0000000000000000
0.0000000000000000
0.0000000000000000
0.0000000000000000
0.0000000000000000
0.0000000000000000
0.0000000000000000
0.0000000000000000
0.0000000000000000
0.0000000000000000
0.0000000000000000
0.0000000000000000
0.0000000000000000
0.0000000000000000
0.0000000000000000
0.0000000000000000
0.0000000000000000
0.0000000000000000
0.0000000000000000
0.0000000000000000
0.0000000000000000
0.0000000000000000
0.0000000000000000
0.0000000000000000
0.0000000000000000
0.0000000000000000
0.0000000000000000
0.0000000000000000
0.0000000000000000
0.0000000000000000
0.0000000000000000
0.0000000000000000
0.0000000000000000
0.0000000000000000
0.0000000000000000
0.0000000000000000
0.0000000000000000
0.0000000000000000
0.0000000000000000
0.0000000000000000
0.0000000000000000
0.0000000000000000
0.0000000000000000
0.0000000000000000
0.0000000000000000
0.0000000000000000
0.0000000000000000
0.0000000000000000
0.0000000000000000
0.0000000000000000
0.0000000000000000
0.0000000000000000
0.0000000000000000
0.0000000000000000
0.0000000000000000
0.0000000000000000
0.0000000000000000
0.0000000000000000
0.0000000000000000
0.0000000000000000
0.0000000000000000
0.0000000000000000
0.0000000000000000
0.0000000000000000
0.0000000000000000
0.0000000000000000
0.0000000000000000
0.0000000000000000
0.0000000000000000
0.0000000000000000
0.0000000000000000
0.0000000000000000
0.0000000000000000
0.0000000000000000
0.0000000000000000
0.0000000000000000
0.0000000000000000
0.0000000000000000
0.0000000000000000
0.0000000000000000
0.0000000000000000
0.0000000000000000
0.0000000000000000
0.0000000000000000
0.0000000000000000
0.0000000000000000
0.0000000000000000
0.0000000000000000
0.0000000000000000
0.0000000000000000
0.0000000000000000
0.0000000000000000
0.0000000000000000
0.0000000000000000
0.0000000000000000
0.0000000000000000
0.0000000000000000
0.0000000000000000
0.0000000000000000
0.0000000000000000
0.0000000000000000
0.0000000000000000
0.0000000000000000
0.0000000000000000
0.0000000000000000
0.0000000000000000
0.0000000000000000
0.0000000000000000
0.0000000000000000
0.0000000000000000
0.0000000000000000
0.0000000000000000
0.0000000000000000
0.0000000000000000
0.0000000000000000
0.0000000000000000
0.0000000000000000
0.0000000000000000
0.0000000000000000
0.0000000000000000
0.0000000000000000
0.0000000000000000
0.0000000000000000
0.0000000000000000
0.0000000000000000
0.0000000000000000
0.0000000000000000
0.0000000000000000
0.0000000000000000
0.0000000000000000
0.0000000000000000
0.0000000000000000
0.0000000000000000
0.0000000000000000
0.0000000000000000
0.0000000000000000
0.0000000000000000
0.0000000000000000
0.0000000000000000
0.0000000000000000
0.0000000000000000
0.0000000000000000
0.0000000000000000
0.0000000000000000
0.0000000000000000
0.0000000000000000
0.0000000000000000
0.0000000000000000
0.0000000000000000
0.0000000000000000
0.0000000000000000
0.0000000000000000
0.0000000000000000
0.0000000000000000
0.0000000000000000
0.0000000000000000
0.0000000000000000
0.0000000000000000
0.0000000000000000
0.0000000000000000
0.0000000000000000
0.0000000000000000
0.0000000000000000
0.0000000000000000
0.0000000000000000
0.0000000000000000
0.0000000000000000
0.0000000000000000
0.0000000000000000
0.0000000000000000
0.0000000000000000
0.0000000000000000
0.0000000000000000
0.0000000000000000
0.0000000000000000
0.0000000000000000
0.0000000000000000
0.0000000000000000
0.0000000000000000
0.0000000000000000
0.0000000000000000
0.0000000000000000
0.0000000000000000
0.0000000000000000
0.0000000000000000
0.0000000000000000
0.0000000000000000
0.0000000000000000
0.0000000000000000
0.0000000000000000
0.0000000000000000
0.0000000000000000
0.0000000000000000
0.0000000000000000
0.0000000000000000
0.0000000000000000
0.0000000000000000
0.0000000000000000
0.0000000000000000
0.0000000000000000
0.0000000000000000
0.0000000000000000
0.0000000000000000
0.0000000000000000
0.0000000000000000
0.0000000000000000
0.0000000000000000
0.0000000000000000
0.0000000000000000
0.0000000000000000
0.0000000000000000
0.0000000000000000
0.0000000000000000
0.0000000000000000
0.0000000000000000
0.0000000000000000
0.0000000000000000
0.0000000000000000
0.0000000000000000
0.0000000000000000
0.0000000000000000
0.0000000000000000
0.0000000000000000
0.0000000000000000
0.0000000000000000
0.0000000000000000
0.0000000000000000
0.0000000000000000
0.0000000000000000
0.0000000000000000
0.0000000000000000
0.0000000000000000
0.0000000000000000
0.0000000000000000
0.0000000000000000
0.0000000000000000
0.0000000000000000
0.0000000000000000
0.0000000000000000
0.0000000000000000
0.0000000000000000
0.0000000000000000
0.0000000000000000
0.0000000000000000
0.0000000000000000
0.0000000000000000
0.0000000000000000
0.0000000000000000
0.0000000000000000
0.0000000000000000
0.0000000000000000
0.0000000000000000
0.0000000000000000
0.0000000000000000
0.0000000000000000
0.0000000000000000
0.0000000000000000
0.0000000000000000
0.0000000000000000
0.0000000000000000
0.0000000000000000
0.0000000000000000
0.0000000000000000
0.0000000000000000
0.0000000000000000
0.0000000000000000
0.0000000000000000
0.0000000000000000
0.0000000000000000
0.0000000000000000
0.0000000000000000
0.0000000000000000
0.0000000000000000
0.0000000000000000
0.0000000000000000
0.0000000000000000
0.0000000000000000
0.0000000000000000
0.0000000000000000
0.0000000000000000
0.0000000000000000
0.0000000000000000
0.0000000000000000
0.0000000000000000
0.0000000000000000
0.0000000000000000
0.0000000000000000
0.0000000000000000
0.0000000000000000
0.0000000000000000
0.0000000000000000
0.0000000000000000
0.0000000000000000
0.0000000000000000
0.0000000000000000
0.0000000000000000
0.0000000000000000
0.0000000000000000
0.0000000000000000
0.0000000000000000
0.0000000000000000
0.0000000000000000
0.0000000000000000
0.0000000000000000
0.0000000000000000
0.0000000000000000
0.0000000000000000
0.0000000000000000
0.0000000000000000
0.0000000000000000
0.0000000000000000
0.0000000000000000
0.0000000000000000
0.0000000000000000
0.0000000000000000
0.0000000000000000
0.0000000000000000
0.0000000000000000
0.0000000000000000
0.0000000000000000
0.0000000000000000
0.0000000000000000
0.0000000000000000
0.0000000000000000
0.0000000000000000
0.0000000000000000
0.0000000000000000
0.0000000000000000
0.0000000000000000
0.0000000000000000
0.0000000000000000
0.0000000000000000
0.0000000000000000
0.0000000000000000
0.0000000000000000
0.0000000000000000
0.0000000000000000
0.0000000000000000
0.0000000000000000
0.0000000000000000
0.0000000000000000
0.0000000000000000
0.0000000000000000
0.0000000000000000
0.0000000000000000
0.0000000000000000
0.0000000000000000
0.0000000000000000
0.0000000000000000
0.0000000000000000
0.0000000000000000
0.0000000000000000
0.0000000000000000
0.0000000000000000
0.0000000000000000
0.0000000000000000
0.0000000000000000
0.0000000000000000
0.0000000000000000
0.0000000000000000
0.0000000000000000
0.0000000000000000
0.0000000000000000
0.0000000000000000
0.0000000000000000
0.0000000000000000
0.0000000000000000
0.0000000000000000
0.0000000000000000
0.0000000000000000
0.0000000000000000
0.0000000000000000
0.0000000000000000
0.0000000000000000
0.0000000000000000
0.0000000000000000
0.0000000000000000
0.0000000000000000
0.0000000000000000
0.0000000000000000
0.0000000000000000
0.0000000000000000
0.0000000000000000
0.0000000000000000
0.0000000000000000
0.0000000000000000
0.0000000000000000
0.0000000000000000
0.0000000000000000
0.0000000000000000
0.0000000000000000
0.0000000000000000
0.0000000000000000
0.0000000000000000
0.0000000000000000
0.0000000000000000
0.0000000000000000
0.0000000000000000
0.0000000000000000
0.0000000000000000
0.0000000000000000
0.0000000000000000
0.0000000000000000
0.0000000000000000
0.0000000000000000
0.0000000000000000
0.0000000000000000
0.0000000000000000
0.0000000000000000
0.0000000000000000
0.0000000000000000
0.0000000000000000
0.0000000000000000
0.0000000000000000
0.0000000000000000
0.0000000000000000
0.0000000000000000
0.0000000000000000
0.0000000000000000
0.0000000000000000
0.0000000000000000
0.0000000000000000
0.0000000000000000
0.0000000000000000
0.0000000000000000
0.0000000000000000
0.0000000000000000
0.0000000000000000
0.0000000000000000
0.0000000000000000
0.0000000000000000
0.0000000000000000
0.0000000000000000
0.0000000000000000
0.0000000000000000
0.0000000000000000
0.0000000000000000
0.0000000000000000
0.0000000000000000
0.0000000000000000
0.0000000000000000
0.0000000000000000
0.0000000000000000
0.0000000000000000
0.0000000000000000
0.0000000000000000
0.0000000000000000
0.0000000000000000
0.0000000000000000
0.0000000000000000
0.0000000000000000
0.0000000000000000
0.0000000000000000
0.0000000000000000
0.0000000000000000
0.0000000000000000
0.0000000000000000
0.0000000000000000
0.0000000000000000
0.0000000000000000
0.0000000000000000
0.0000000000000000
0.0000000000000000
0.0000000000000000
0.0000000000000000
0.0000000000000000
0.0000000000000000
0.0000000000000000
0.0000000000000000
0.0000000000000000
0.0000000000000000
0.0000000000000000
0.0000000000000000
0.0000000000000000
0.0000000000000000
0.0000000000000000
0.0000000000000000
0.0000000000000000
0.0000000000000000
0.0000000000000000
0.0000000000000000
0.0000000000000000
0.0000000000000000
0.0000000000000000
0.0000000000000000
0.0000000000000000
0.0000000000000000
0.0000000000000000
0.0000000000000000
0.0000000000000000
0.0000000000000000
0.0000000000000000
0.0000000000000000
0.0000000000000000
0.0000000000000000
0.0000000000000000
0.0000000000000000
0.0000000000000000
0.0000000000000000
0.0000000000000000
0.0000000000000000
0.0000000000000000
0.0000000000000000
0.0000000000000000
0.0000000000000000
0.0000000000000000
0.0000000000000000
0.0000000000000000
0.0000000000000000
0.0000000000000000
0.0000000000000000
0.0000000000000000
0.0000000000000000
0.0000000000000000
0.0000000000000000
0.0000000000000000
0.0000000000000000
0.0000000000000000
0.0000000000000000
0.0000000000000000
0.0000000000000000
0.0000000000000000
0.0000000000000000
0.0000000000000000
0.0000000000000000
0.0000000000000000
0.0000000000000000
0.0000000000000000
0.0000000000000000
0.0000000000000000
0.0000000000000000
0.0000000000000000
0.0000000000000000
0.0000000000000000
0.0000000000000000
0.0000000000000000
0.0000000000000000
0.0000000000000000
0.0000000000000000
0.0000000000000000
0.0000000000000000
0.0000000000000000
0.0000000000000000
0.0000000000000000
0.0000000000000000
0.0000000000000000
0.0000000000000000
0.0000000000000000
0.0000000000000000
0.0000000000000000
0.0000000000000000
0.0000000000000000
0.0000000000000000
0.0000000000000000
0.0000000000000000
0.0000000000000000
0.0000000000000000
0.0000000000000000
0.0000000000000000
0.0000000000000000
0.0000000000000000
0.0000000000000000
0.0000000000000000
0.0000000000000000
0.0000000000000000
0.0000000000000000
0.0000000000000000
0.0000000000000000
0.0000000000000000
0.0000000000000000
0.0000000000000000
0.0000000000000000
0.0000000000000000
0.0000000000000000
0.0000000000000000
0.0000000000000000
0.0000000000000000
0.0000000000000000
0.0000000000000000
0.0000000000000000
0.0000000000000000
0.0000000000000000
0.0000000000000000
0.0000000000000000
0.0000000000000000
0.0000000000000000
0.0000000000000000
0.0000000000000000
0.0000000000000000
0.0000000000000000
0.0000000000000000
0.0000000000000000
0.0000000000000000
0.0000000000000000
0.0000000000000000
0.0000000000000000
0.0000000000000000
0.0000000000000000
0.0000000000000000
0.0000000000000000
0.0000000000000000
0.0000000000000000
0.0000000000000000
0.0000000000000000
0.0000000000000000
0.0000000000000000
0.0000000000000000
0.0000000000000000
0.0000000000000000
0.0000000000000000
0.0000000000000000
0.0000000000000000
0.0000000000000000
0.0000000000000000
0.0000000000000000
0.0000000000000000
0.0000000000000000
0.0000000000000000
0.0000000000000000
0.0000000000000000
0.0000000000000000
0.0000000000000000
0.0000000000000000
0.0000000000000000
0.0000000000000000
0.0000000000000000
0.0000000000000000
0.0000000000000000
0.0000000000000000
0.0000000000000000
0.0000000000000000
0.0000000000000000
0.0000000000000000
0.0000000000000000
0.0000000000000000
0.0000000000000000
0.0000000000000000
0.0000000000000000
0.0000000000000000
0.0000000000000000
0.0000000000000000
0.0000000000000000
0.0000000000000000
0.0000000000000000
0.0000000000000000
0.0000000000000000
0.0000000000000000
0.0000000000000000
0.0000000000000000
0.0000000000000000
0.0000000000000000
0.0000000000000000
0.0000000000000000
0.0000000000000000
0.0000000000000000
0.0000000000000000
0.0000000000000000
0.0000000000000000
0.0000000000000000
0.0000000000000000
0.0000000000000000
0.0000000000000000
0.0000000000000000
0.0000000000000000
0.0000000000000000
0.0000000000000000
0.0000000000000000
0.0000000000000000
0.0000000000000000
0.0000000000000000
0.0000000000000000
0.0000000000000000
0.0000000000000000
0.0000000000000000
0.0000000000000000
0.0000000000000000
0.0000000000000000
0.0000000000000000
0.0000000000000000
0.0000000000000000
0.0000000000000000
0.0000000000000000
0.0000000000000000
0.0000000000000000
0.0000000000000000
0.0000000000000000
0.0000000000000000
0.0000000000000000
0.0000000000000000
0.0000000000000000
0.0000000000000000
0.0000000000000000
0.0000000000000000
0.0000000000000000
0.0000000000000000
0.0000000000000000
0.0000000000000000
0.0000000000000000
0.0000000000000000
0.0000000000000000
0.0000000000000000
0.0000000000000000
0.0000000000000000
0.0000000000000000
0.0000000000000000
0.0000000000000000
0.0000000000000000
0.0000000000000000
0.0000000000000000
0.0000000000000000
0.0000000000000000
0.0000000000000000
0.0000000000000000
0.0000000000000000
0.0000000000000000
0.0000000000000000
0.0000000000000000
0.0000000000000000
0.0000000000000000
0.0000000000000000
0.0000000000000000
0.0000000000000000
0.0000000000000000
0.0000000000000000
0.0000000000000000
0.0000000000000000
0.0000000000000000
0.0000000000000000
0.0000000000000000
0.0000000000000000
0.0000000000000000
0.0000000000000000
0.0000000000000000
0.0000000000000000
0.0000000000000000
0.0000000000000000
0.0000000000000000
0.0000000000000000
0.0000000000000000
0.0000000000000000
0.0000000000000000
0.0000000000000000
0.0000000000000000
0.0000000000000000
0.0000000000000000
0.0000000000000000
0.0000000000000000
0.0000000000000000
0.0000000000000000
0.0000000000000000
0.0000000000000000
0.0000000000000000
0.0000000000000000
0.0000000000000000
0.0000000000000000
0.0000000000000000
0.0000000000000000
0.0000000000000000
0.0000000000000000
0.0000000000000000
0.0000000000000000
0.0000000000000000
0.0000000000000000
0.0000000000000000
0.0000000000000000
0.0000000000000000
0.0000000000000000
0.0000000000000000
0.0000000000000000
0.0000000000000000
0.0000000000000000
0.0000000000000000
0.0000000000000000
0.0000000000000000
0.0000000000000000
0.0000000000000000
0.0000000000000000
0.0000000000000000
0.0000000000000000
0.0000000000000000
0.0000000000000000
0.0000000000000000
0.0000000000000000
0.0000000000000000
0.0000000000000000
0.0000000000000000
0.0000000000000000
0.0000000000000000
0.0000000000000000
0.0000000000000000
0.0000000000000000
0.0000000000000000
0.0000000000000000
0.0000000000000000
0.0000000000000000
0.0000000000000000
0.0000000000000000
0.0000000000000000
0.0000000000000000
0.0000000000000000
0.0000000000000000
0.0000000000000000
0.0000000000000000
0.0000000000000000
0.0000000000000000
0.0000000000000000
0.0000000000000000
0.0000000000000000
0.0000000000000000
0.0000000000000000
0.0000000000000000
0.0000000000000000
0.0000000000000000
0.0000000000000000
0.0000000000000000
0.0000000000000000
0.0000000000000000
0.0000000000000000
0.0000000000000000
0.0000000000000000
0.0000000000000000
0.0000000000000000
0.0000000000000000
0.0000000000000000
0.0000000000000000
0.0000000000000000
0.0000000000000000
0.0000000000000000
0.0000000000000000
0.0000000000000000
0.0000000000000000
0.0000000000000000
0.0000000000000000
0.0000000000000000
0.0000000000000000
0.0000000000000000
0.0000000000000000
0.0000000000000000
0.0000000000000000
0.0000000000000000
0.0000000000000000
0.0000000000000000
0.0000000000000000
0.0000000000000000
0.0000000000000000
0.0000000000000000
0.0000000000000000
0.0000000000000000
0.0000000000000000
0.0000000000000000
0.0000000000000000
0.0000000000000000
0.0000000000000000
0.0000000000000000
0.0000000000000000
0.0000000000000000
0.0000000000000000
0.0000000000000000
0.0000000000000000
0.0000000000000000
0.0000000000000000
0.0000000000000000
0.0000000000000000
0.0000000000000000
0.0000000000000000
0.0000000000000000
0.0000000000000000
0.0000000000000000
0.0000000000000000
0.0000000000000000
0.0000000000000000
0.0000000000000000
0.0000000000000000
0.0000000000000000
0.0000000000000000
0.0000000000000000
0.0000000000000000
0.0000000000000000
0.0000000000000000
0.0000000000000000
0.0000000000000000
0.0000000000000000
0.0000000000000000
0.0000000000000000
0.0000000000000000
0.0000000000000000
0.0000000000000000
0.0000000000000000
0.0000000000000000
0.0000000000000000
0.0000000000000000
0.0000000000000000
0.0000000000000000
0.0000000000000000
0.0000000000000000
0.0000000000000000
0.0000000000000000
0.0000000000000000
0.0000000000000000
0.0000000000000000
0.0000000000000000
0.0000000000000000
0.0000000000000000
0.0000000000000000
0.0000000000000000
0.0000000000000000
0.0000000000000000
0.0000000000000000
0.0000000000000000
0.0000000000000000
0.0000000000000000
0.0000000000000000
0.0000000000000000
0.0000000000000000
0.0000000000000000
0.0000000000000000
0.0000000000000000
0.0000000000000000
0.0000000000000000
0.0000000000000000
0.0000000000000000
0.0000000000000000
0.0000000000000000
0.0000000000000000
0.0000000000000000
0.0000000000000000
0.0000000000000000
0.0000000000000000
0.0000000000000000
0.0000000000000000
0.0000000000000000
0.0000000000000000
0.0000000000000000
0.0000000000000000
0.0000000000000000
0.0000000000000000
0.0000000000000000
0.0000000000000000
0.0000000000000000
0.0000000000000000
0.0000000000000000
0.0000000000000000
0.0000000000000000
0.0000000000000000
0.0000000000000000
0.0000000000000000
0.0000000000000000
0.0000000000000000
0.0000000000000000
0.0000000000000000
0.0000000000000000
0.0000000000000000
0.0000000000000000
0.0000000000000000
0.0000000000000000
0.0000000000000000
0.0000000000000000
0.0000000000000000
0.0000000000000000
0.0000000000000000
0.0000000000000000
0.0000000000000000
0.0000000000000000
0.0000000000000000
0.0000000000000000
0.0000000000000000
0.0000000000000000
0.0000000000000000
0.0000000000000000
0.0000000000000000
0.0000000000000000
0.0000000000000000
0.0000000000000000
0.0000000000000000
0.0000000000000000
0.0000000000000000
0.0000000000000000
0.0000000000000000
0.0000000000000000
0.0000000000000000
0.0000000000000000
0.0000000000000000
0.0000000000000000
0.0000000000000000
0.0000000000000000
0.0000000000000000
0.0000000000000000
0.0000000000000000
0.0000000000000000
0.0000000000000000
0.0000000000000000
0.0000000000000000
0.0000000000000000
0.0000000000000000
0.0000000000000000
0.0000000000000000
0.0000000000000000
0.0000000000000000
0.0000000000000000
0.0000000000000000
0.0000000000000000
0.0000000000000000
0.0000000000000000
0.0000000000000000
0.0000000000000000
0.0000000000000000
0.0000000000000000
0.0000000000000000
0.0000000000000000
0.0000000000000000
0.0000000000000000
0.0000000000000000
0.0000000000000000
0.0000000000000000
0.0000000000000000
0.0000000000000000
0.0000000000000000
0.0000000000000000
0.0000000000000000
0.0000000000000000
0.0000000000000000
0.0000000000000000
0.0000000000000000
0.0000000000000000
0.0000000000000000
0.0000000000000000
0.0000000000000000
0.0000000000000000
0.0000000000000000
0.0000000000000000
0.0000000000000000
0.0000000000000000
0.0000000000000000
0.0000000000000000
0.0000000000000000
0.0000000000000000
0.0000000000000000
0.0000000000000000
0.0000000000000000
0.0000000000000000
0.0000000000000000
0.0000000000000000
0.0000000000000000
0.0000000000000000
0.0000000000000000
0.0000000000000000
0.0000000000000000
0.0000000000000000
0.0000000000000000
0.0000000000000000
0.0000000000000000
0.0000000000000000
0.0000000000000000
0.0000000000000000
0.0000000000000000
0.0000000000000000
0.0000000000000000
0.0000000000000000
0.0000000000000000
0.0000000000000000
0.0000000000000000
0.0000000000000000
0.0000000000000000
0.0000000000000000
0.0000000000000000
0.0000000000000000
0.0000000000000000
0.0000000000000000
0.0000000000000000
0.0000000000000000
0.0000000000000000
0.0000000000000000
0.0000000000000000
0.0000000000000000
0.0000000000000000
0.0000000000000000
0.0000000000000000
0.0000000000000000
0.0000000000000000
0.0000000000000000
0.0000000000000000
0.0000000000000000
0.0000000000000000
0.0000000000000000
0.0000000000000000
0.0000000000000000
0.0000000000000000
0.0000000000000000
0.0000000000000000
0.0000000000000000
0.0000000000000000
0.0000000000000000
0.0000000000000000
0.0000000000000000
0.0000000000000000
0.0000000000000000
0.0000000000000000
0.0000000000000000
0.0000000000000000
0.0000000000000000
0.0000000000000000
0.0000000000000000
0.0000000000000000
0.0000000000000000
0.0000000000000000
0.0000000000000000
0.0000000000000000
0.0000000000000000
0.0000000000000000
0.0000000000000000
0.0000000000000000
0.0000000000000000
0.0000000000000000
0.0000000000000000
0.0000000000000000
0.0000000000000000
0.0000000000000000
0.0000000000000000
0.0000000000000000
0.0000000000000000
0.0000000000000000
0.0000000000000000
0.0000000000000000
0.0000000000000000
0.0000000000000000
0.0000000000000000
0.0000000000000000
0.0000000000000000
0.0000000000000000
0.0000000000000000
0.0000000000000000
0.0000000000000000
0.0000000000000000
0.0000000000000000
0.0000000000000000
0.0000000000000000
0.0000000000000000
0.0000000000000000
0.0000000000000000
0.0000000000000000
0.0000000000000000
0.0000000000000000
0.0000000000000000
0.0000000000000000
0.0000000000000000
0.0000000000000000
0.0000000000000000
0.0000000000000000
0.0000000000000000
0.0000000000000000
0.0000000000000000
0.0000000000000000
0.0000000000000000
0.0000000000000000
0.0000000000000000
0.0000000000000000
0.0000000000000000
0.0000000000000000
0.0000000000000000
0.0000000000000000
0.0000000000000000
0.0000000000000000
0.0000000000000000
0.0000000000000000
0.0000000000000000
0.0000000000000000
0.0000000000000000
0.0000000000000000
0.0000000000000000
0.0000000000000000
0.0000000000000000
0.0000000000000000
0.0000000000000000
0.0000000000000000
0.0000000000000000
0.0000000000000000
0.0000000000000000
0.0000000000000000
0.0000000000000000
0.0000000000000000
0.0000000000000000
0.0000000000000000
0.0000000000000000
0.0000000000000000
0.0000000000000000
0.0000000000000000
0.0000000000000000
0.0000000000000000
0.0000000000000000
0.0000000000000000
0.0000000000000000
0.0000000000000000
0.0000000000000000
0.0000000000000000
0.0000000000000000
0.0000000000000000
0.0000000000000000
0.0000000000000000
0.0000000000000000
0.0000000000000000
0.0000000000000000
0.0000000000000000
0.0000000000000000
0.0000000000000000
0.0000000000000000
0.0000000000000000
0.0000000000000000
0.0000000000000000
0.0000000000000000
0.0000000000000000
0.0000000000000000
0.0000000000000000
0.0000000000000000
0.0000000000000000
0.0000000000000000
0.0000000000000000
0.0000000000000000
0.0000000000000000
0.0000000000000000
0.0000000000000000
0.0000000000000000
0.0000000000000000
0.0000000000000000
0.0000000000000000
0.0000000000000000
0.0000000000000000
0.0000000000000000
0.0000000000000000
0.0000000000000000
0.0000000000000000
0.0000000000000000
0.0000000000000000
0.0000000000000000
0.0000000000000000
0.0000000000000000
0.0000000000000000
0.0000000000000000
0.0000000000000000
0.0000000000000000
0.0000000000000000
0.0000000000000000
0.0000000000000000
0.0000000000000000
0.0000000000000000
0.0000000000000000
0.0000000000000000
0.0000000000000000
0.0000000000000000
0.0000000000000000
0.0000000000000000
0.0000000000000000
0.0000000000000000
0.0000000000000000
0.0000000000000000
0.0000000000000000
0.0000000000000000
0.0000000000000000
0.0000000000000000
0.0000000000000000
0.0000000000000000
0.0000000000000000
0.0000000000000000
0.0000000000000000
0.0000000000000000
0.0000000000000000
0.0000000000000000
0.0000000000000000
0.0000000000000000
0.0000000000000000
0.0000000000000000
0.0000000000000000
0.0000000000000000
0.0000000000000000
0.0000000000000000
0.0000000000000000
0.0000000000000000
0.0000000000000000
0.0000000000000000
0.0000000000000000
0.0000000000000000
0.0000000000000000
0.0000000000000000
0.0000000000000000
0.0000000000000000
0.0000000000000000
0.0000000000000000
0.0000000000000000
0.0000000000000000
0.0000000000000000
0.0000000000000000
0.0000000000000000
0.0000000000000000
0.0000000000000000
0.0000000000000000
0.0000000000000000
0.0000000000000000
0.0000000000000000
0.0000000000000000
0.0000000000000000
0.0000000000000000
0.0000000000000000
0.0000000000000000
0.0000000000000000
0.0000000000000000
0.0000000000000000
0.0000000000000000
0.0000000000000000
0.0000000000000000
0.0000000000000000
0.0000000000000000
0.0000000000000000
0.0000000000000000
0.0000000000000000
0.0000000000000000
0.0000000000000000
0.0000000000000000
0.0000000000000000
0.0000000000000000
0.0000000000000000
0.0000000000000000
0.0000000000000000
0.0000000000000000
0.0000000000000000
0.0000000000000000
0.0000000000000000
0.0000000000000000
0.0000000000000000
0.0000000000000000
0.0000000000000000
0.0000000000000000
0.0000000000000000
0.0000000000000000
0.0000000000000000
0.0000000000000000
0.0000000000000000
0.0000000000000000
0.0000000000000000
0.0000000000000000
0.0000000000000000
0.0000000000000000
0.0000000000000000
0.0000000000000000
0.0000000000000000
0.0000000000000000
0.0000000000000000
0.0000000000000000
0.0000000000000000
0.0000000000000000
0.0000000000000000
0.0000000000000000
0.0000000000000000
0.0000000000000000
0.0000000000000000
0.0000000000000000
0.0000000000000000
0.0000000000000000
0.0000000000000000
0.0000000000000000
0.0000000000000000
0.0000000000000000
0.0000000000000000
0.0000000000000000
0.0000000000000000
0.0000000000000000
0.0000000000000000
0.0000000000000000
0.0000000000000000
0.0000000000000000
0.0000000000000000
0.0000000000000000
0.0000000000000000
0.0000000000000000
0.0000000000000000
0.0000000000000000
0.0000000000000000
0.0000000000000000
0.0000000000000000
0.0000000000000000
0.0000000000000000
0.0000000000000000
0.0000000000000000
0.0000000000000000
0.0000000000000000
0.0000000000000000
0.0000000000000000
0.0000000000000000
0.0000000000000000
0.0000000000000000
0.0000000000000000
0.0000000000000000
0.0000000000000000
0.0000000000000000
0.0000000000000000
0.0000000000000000
0.0000000000000000
0.0000000000000000
0.0000000000000000
0.0000000000000000
0.0000000000000000
0.0000000000000000
0.0000000000000000
0.0000000000000000
0.0000000000000000
0.0000000000000000
0.0000000000000000
0.0000000000000000
0.0000000000000000
0.0000000000000000
0.0000000000000000
0.0000000000000000
0.0000000000000000
0.0000000000000000
0.0000000000000000
0.0000000000000000
0.0000000000000000
0.0000000000000000
0.0000000000000000
0.0000000000000000
0.0000000000000000
0.0000000000000000
0.0000000000000000
0.0000000000000000
0.0000000000000000
0.0000000000000000
0.0000000000000000
0.0000000000000000
0.0000000000000000
0.0000000000000000
0.0000000000000000
0.0000000000000000
0.0000000000000000
0.0000000000000000
0.0000000000000000
0.0000000000000000
0.0000000000000000
0.0000000000000000
0.0000000000000000
0.0000000000000000
0.0000000000000000
0.0000000000000000
0.0000000000000000
0.0000000000000000
0.0000000000000000
0.0000000000000000
0.0000000000000000
0.0000000000000000
0.0000000000000000
0.0000000000000000
0.0000000000000000
0.0000000000000000
0.0000000000000000
0.0000000000000000
0.0000000000000000
0.0000000000000000
0.0000000000000000
0.0000000000000000
0.0000000000000000
0.0000000000000000
0.0000000000000000
0.0000000000000000
0.0000000000000000
0.0000000000000000
0.0000000000000000
0.0000000000000000
0.0000000000000000
0.0000000000000000
0.0000000000000000
0.0000000000000000
0.0000000000000000
0.0000000000000000
0.0000000000000000
0.0000000000000000
0.0000000000000000
0.0000000000000000
0.0000000000000000
0.0000000000000000
0.0000000000000000
0.0000000000000000
0.0000000000000000
0.0000000000000000
0.0000000000000000
0.0000000000000000
0.0000000000000000
0.0000000000000000
0.0000000000000000
0.0000000000000000
0.0000000000000000
0.0000000000000000
0.0000000000000000
0.0000000000000000
0.0000000000000000
0.0000000000000000
0.0000000000000000
0.0000000000000000
0.0000000000000000
0.0000000000000000
0.0000000000000000
0.0000000000000000
0.0000000000000000
0.0000000000000000
0.0000000000000000
0.0000000000000000
0.0000000000000000
0.0000000000000000
0.0000000000000000
0.0000000000000000
0.0000000000000000
0.0000000000000000
0.0000000000000000
0.0000000000000000
0.0000000000000000
0.0000000000000000
0.0000000000000000
0.0000000000000000
0.0000000000000000
0.0000000000000000
0.0000000000000000
0.0000000000000000
0.0000000000000000
0.0000000000000000
0.0000000000000000
0.0000000000000000
0.0000000000000000
0.0000000000000000
0.0000000000000000
0.0000000000000000
0.0000000000000000
0.0000000000000000
0.0000000000000000
0.0000000000000000
0.0000000000000000
0.0000000000000000
0.0000000000000000
0.0000000000000000
0.0000000000000000
0.0000000000000000
0.0000000000000000
0.0000000000000000
0.0000000000000000
0.0000000000000000
0.0000000000000000
0.0000000000000000
0.0000000000000000
0.0000000000000000
0.0000000000000000
0.0000000000000000
0.0000000000000000
0.0000000000000000
0.0000000000000000
0.0000000000000000
0.0000000000000000
0.0000000000000000
0.0000000000000000
0.0000000000000000
0.0000000000000000
0.0000000000000000
0.0000000000000000
0.0000000000000000
0.0000000000000000
0.0000000000000000
0.0000000000000000
0.0000000000000000
0.0000000000000000
0.0000000000000000
0.0000000000000000
0.0000000000000000
0.0000000000000000
0.0000000000000000
0.0000000000000000
0.0000000000000000
0.0000000000000000
0.0000000000000000
0.0000000000000000
0.0000000000000000
0.0000000000000000
0.0000000000000000
0.0000000000000000
0.0000000000000000
0.0000000000000000
0.0000000000000000
0.0000000000000000
0.0000000000000000
0.0000000000000000
0.0000000000000000
0.0000000000000000
0.0000000000000000
0.0000000000000000
0.0000000000000000
0.0000000000000000
0.0000000000000000
0.0000000000000000
0.0000000000000000
0.0000000000000000
0.0000000000000000
0.0000000000000000
0.0000000000000000
0.0000000000000000
0.0000000000000000
0.0000000000000000
0.0000000000000000
0.0000000000000000
0.0000000000000000
0.0000000000000000
0.0000000000000000
0.0000000000000000
0.0000000000000000
0.0000000000000000
0.0000000000000000
0.0000000000000000
0.0000000000000000
0.0000000000000000
0.0000000000000000
0.0000000000000000
0.0000000000000000
0.0000000000000000
0.0000000000000000
0.0000000000000000
0.0000000000000000
0.0000000000000000
0.0000000000000000
0.0000000000000000
0.0000000000000000
0.0000000000000000
0.0000000000000000
0.0000000000000000
0.0000000000000000
0.0000000000000000
0.0000000000000000
0.0000000000000000
0.0000000000000000
0.0000000000000000
0.0000000000000000
0.0000000000000000
0.0000000000000000
0.0000000000000000
0.0000000000000000
0.0000000000000000
0.0000000000000000
0.0000000000000000
0.0000000000000000
0.0000000000000000
0.0000000000000000
0.0000000000000000
0.0000000000000000
0.0000000000000000
0.0000000000000000
0.0000000000000000
0.0000000000000000
0.0000000000000000
0.0000000000000000
0.0000000000000000
0.0000000000000000
0.0000000000000000
0.0000000000000000
0.0000000000000000
0.0000000000000000
0.0000000000000000
0.0000000000000000
0.0000000000000000
0.0000000000000000
0.0000000000000000
0.0000000000000000
0.0000000000000000
0.0000000000000000
0.0000000000000000
0.0000000000000000
0.0000000000000000
0.0000000000000000
0.0000000000000000
0.0000000000000000
0.0000000000000000
0.0000000000000000
0.0000000000000000
0.0000000000000000
0.0000000000000000
0.0000000000000000
0.0000000000000000
0.0000000000000000
0.0000000000000000
0.0000000000000000
0.0000000000000000
0.0000000000000000
0.0000000000000000
0.0000000000000000
0.0000000000000000
0.0000000000000000
0.0000000000000000
0.0000000000000000
0.0000000000000000
0.0000000000000000
0.0000000000000000
0.0000000000000000
0.0000000000000000
0.0000000000000000
0.0000000000000000
0.0000000000000000
0.0000000000000000
0.0000000000000000
0.0000000000000000
0.0000000000000000
0.0000000000000000
0.0000000000000000
0.0000000000000000
0.0000000000000000
0.0000000000000000
0.0000000000000000
0.0000000000000000
0.0000000000000000
0.0000000000000000
0.0000000000000000
0.0000000000000000
0.0000000000000000
0.0000000000000000
0.0000000000000000
0.0000000000000000
0.0000000000000000
0.0000000000000000
0.0000000000000000
0.0000000000000000
0.0000000000000000
0.0000000000000000
0.0000000000000000
0.0000000000000000
0.0000000000000000
0.0000000000000000
0.0000000000000000
0.0000000000000000
0.0000000000000000
0.0000000000000000
0.0000000000000000
0.0000000000000000
0.0000000000000000
0.0000000000000000
0.0000000000000000
0.0000000000000000
0.0000000000000000
0.0000000000000000
0.0000000000000000
0.0000000000000000
0.0000000000000000
0.0000000000000000
0.0000000000000000
0.0000000000000000
0.0000000000000000
0.0000000000000000
0.0000000000000000
0.0000000000000000
0.0000000000000000
0.0000000000000000
0.0000000000000000
0.0000000000000000
0.0000000000000000
0.0000000000000000
0.0000000000000000
0.0000000000000000
0.0000000000000000
0.0000000000000000
0.0000000000000000
0.0000000000000000
0.0000000000000000
0.0000000000000000
0.0000000000000000
0.0000000000000000
0.0000000000000000
0.0000000000000000
0.0000000000000000
0.0000000000000000
0.0000000000000000
0.0000000000000000
0.0000000000000000
0.0000000000000000
0.0000000000000000
0.0000000000000000
0.0000000000000000
0.0000000000000000
0.0000000000000000
0.0000000000000000
0.0000000000000000
0.0000000000000000
0.0000000000000000
0.0000000000000000
0.0000000000000000
0.0000000000000000
0.0000000000000000
0.0000000000000000
0.0000000000000000
0.0000000000000000
0.0000000000000000
0.0000000000000000
0.0000000000000000
0.0000000000000000
0.0000000000000000
0.0000000000000000
0.0000000000000000
0.0000000000000000
0.0000000000000000
0.0000000000000000
0.0000000000000000
0.0000000000000000
0.0000000000000000
0.0000000000000000
0.0000000000000000
0.0000000000000000
0.0000000000000000
0.0000000000000000
0.0000000000000000
0.0000000000000000
0.0000000000000000
0.0000000000000000
0.0000000000000000
0.0000000000000000
0.0000000000000000
0.0000000000000000
0.0000000000000000
0.0000000000000000
0.0000000000000000
0.0000000000000000
0.0000000000000000
0.0000000000000000
0.0000000000000000
0.0000000000000000
0.0000000000000000
0.0000000000000000
0.0000000000000000
0.0000000000000000
0.0000000000000000
0.0000000000000000
0.0000000000000000
0.0000000000000000
0.0000000000000000
0.0000000000000000
0.0000000000000000
0.0000000000000000
0.0000000000000000
0.0000000000000000
0.0000000000000000
0.0000000000000000
0.0000000000000000
0.0000000000000000
0.0000000000000000
0.0000000000000000
0.0000000000000000
0.0000000000000000
0.0000000000000000
0.0000000000000000
0.0000000000000000
0.0000000000000000
0.0000000000000000
0.0000000000000000
0.0000000000000000
0.0000000000000000
0.0000000000000000
0.0000000000000000
0.0000000000000000
0.0000000000000000
0.0000000000000000
0.0000000000000000
0.0000000000000000
0.0000000000000000
0.0000000000000000
0.0000000000000000
0.0000000000000000
0.0000000000000000
0.0000000000000000
0.0000000000000000
0.0000000000000000
0.0000000000000000
0.0000000000000000
0.0000000000000000
0.0000000000000000
0.0000000000000000
0.0000000000000000
0.0000000000000000
0.0000000000000000
0.0000000000000000
0.0000000000000000
0.0000000000000000
0.0000000000000000
0.0000000000000000
0.0000000000000000
0.0000000000000000
0.0000000000000000
0.0000000000000000
0.0000000000000000
0.0000000000000000
0.0000000000000000
0.0000000000000000
0.0000000000000000
0.0000000000000000
0.0000000000000000
0.0000000000000000
0.0000000000000000
0.0000000000000000
0.0000000000000000
0.0000000000000000
0.0000000000000000
0.0000000000000000
0.0000000000000000
0.0000000000000000
0.0000000000000000
0.0000000000000000
0.0000000000000000
0.0000000000000000
0.0000000000000000
0.0000000000000000
0.0000000000000000
0.0000000000000000
0.0000000000000000
0.0000000000000000
0.0000000000000000
0.0000000000000000
0.0000000000000000
0.0000000000000000
0.0000000000000000
0.0000000000000000
0.0000000000000000
0.0000000000000000
0.0000000000000000
0.0000000000000000
0.0000000000000000
0.0000000000000000
0.0000000000000000
0.0000000000000000
0.0000000000000000
0.0000000000000000
0.0000000000000000
0.0000000000000000
0.0000000000000000
0.0000000000000000
0.0000000000000000
0.0000000000000000
0.0000000000000000
0.0000000000000000
0.0000000000000000
0.0000000000000000
0.0000000000000000
0.0000000000000000
0.0000000000000000
0.0000000000000000
0.0000000000000000
0.0000000000000000
0.0000000000000000
0.0000000000000000
0.0000000000000000
0.0000000000000000
0.0000000000000000
0.0000000000000000
0.0000000000000000
0.0000000000000000
0.0000000000000000
0.0000000000000000
0.0000000000000000
0.0000000000000000
0.0000000000000000
0.0000000000000000
0.0000000000000000
0.0000000000000000
0.0000000000000000
0.0000000000000000
0.0000000000000000
0.0000000000000000
0.0000000000000000
0.0000000000000000
0.0000000000000000
0.0000000000000000
0.0000000000000000
0.0000000000000000
0.0000000000000000
0.0000000000000000
0.0000000000000000
0.0000000000000000
0.0000000000000000
0.0000000000000000
0.0000000000000000
0.0000000000000000
0.0000000000000000
0.0000000000000000
0.0000000000000000
0.0000000000000000
0.0000000000000000
0.0000000000000000
0.0000000000000000
0.0000000000000000
0.0000000000000000
0.0000000000000000
0.0000000000000000
0.0000000000000000
0.0000000000000000
0.0000000000000000
0.0000000000000000
0.0000000000000000
0.0000000000000000
0.0000000000000000
0.0000000000000000
0.0000000000000000
0.0000000000000000
0.0000000000000000
0.0000000000000000
0.0000000000000000
0.0000000000000000
0.0000000000000000
0.0000000000000000
0.0000000000000000
0.0000000000000000
0.0000000000000000
0.0000000000000000
0.0000000000000000
0.0000000000000000
0.0000000000000000
0.0000000000000000
0.0000000000000000
0.0000000000000000
0.0000000000000000
0.0000000000000000
0.0000000000000000
0.0000000000000000
0.0000000000000000
0.0000000000000000
0.0000000000000000
0.0000000000000000
0.0000000000000000
0.0000000000000000
0.0000000000000000
0.0000000000000000
0.0000000000000000
0.0000000000000000
0.0000000000000000
0.0000000000000000
0.0000000000000000
0.0000000000000000
0.0000000000000000
0.0000000000000000
0.0000000000000000
0.0000000000000000
0.0000000000000000
0.0000000000000000
0.0000000000000000
0.0000000000000000
0.0000000000000000
0.0000000000000000
0.0000000000000000
0.0000000000000000
0.0000000000000000
0.0000000000000000
0.0000000000000000
0.0000000000000000
0.0000000000000000
0.0000000000000000
0.0000000000000000
0.0000000000000000
0.0000000000000000
0.0000000000000000
0.0000000000000000
0.0000000000000000
0.0000000000000000
0.0000000000000000
0.0000000000000000
0.0000000000000000
0.0000000000000000
0.0000000000000000
0.0000000000000000
0.0000000000000000
0.0000000000000000
0.0000000000000000
0.0000000000000000
0.0000000000000000
0.0000000000000000
0.0000000000000000
0.0000000000000000
0.0000000000000000
0.0000000000000000
0.0000000000000000
0.0000000000000000
0.0000000000000000
0.0000000000000000
0.0000000000000000
0.0000000000000000
0.0000000000000000
0.0000000000000000
0.0000000000000000
0.0000000000000000
0.0000000000000000
0.0000000000000000
0.0000000000000000
0.0000000000000000
0.0000000000000000
0.0000000000000000
0.0000000000000000
0.0000000000000000
0.0000000000000000
0.0000000000000000
0.0000000000000000
0.0000000000000000
0.0000000000000000
0.0000000000000000
0.0000000000000000
0.0000000000000000
0.0000000000000000
0.0000000000000000
0.0000000000000000
0.0000000000000000
0.0000000000000000
0.0000000000000000
0.0000000000000000
0.0000000000000000
0.0000000000000000
0.0000000000000000
0.0000000000000000
0.0000000000000000
0.0000000000000000
0.0000000000000000
0.0000000000000000
0.0000000000000000
0.0000000000000000
0.0000000000000000
0.0000000000000000
0.0000000000000000
0.0000000000000000
0.0000000000000000
0.0000000000000000
0.0000000000000000
0.0000000000000000
0.0000000000000000
0.0000000000000000
0.0000000000000000
0.0000000000000000
0.0000000000000000
0.0000000000000000
0.0000000000000000
0.0000000000000000
0.0000000000000000
0.0000000000000000
0.0000000000000000
0.0000000000000000
0.0000000000000000
0.0000000000000000
0.0000000000000000
0.0000000000000000
0.0000000000000000
0.0000000000000000
0.0000000000000000
0.0000000000000000
0.0000000000000000
0.0000000000000000
0.0000000000000000
0.0000000000000000
0.0000000000000000
0.0000000000000000
0.0000000000000000
0.0000000000000000
0.0000000000000000
0.0000000000000000
0.0000000000000000
0.0000000000000000
0.0000000000000000
0.0000000000000000
0.0000000000000000
0.0000000000000000
0.0000000000000000
0.0000000000000000
0.0000000000000000
0.0000000000000000
0.0000000000000000
0.0000000000000000
0.0000000000000000
0.0000000000000000
0.0000000000000000
0.0000000000000000
0.0000000000000000
0.0000000000000000
0.0000000000000000
0.0000000000000000
0.0000000000000000
0.0000000000000000
0.0000000000000000
0.0000000000000000
0.0000000000000000
0.0000000000000000
0.0000000000000000
0.0000000000000000
0.0000000000000000
0.0000000000000000
0.0000000000000000
0.0000000000000000
0.0000000000000000
0.0000000000000000
0.0000000000000000
0.0000000000000000
0.0000000000000000
0.0000000000000000
0.0000000000000000
0.0000000000000000
0.0000000000000000
0.0000000000000000
0.0000000000000000
0.0000000000000000
0.0000000000000000
0.0000000000000000
0.0000000000000000
0.0000000000000000
0.0000000000000000
0.0000000000000000
0.0000000000000000
0.0000000000000000
0.0000000000000000
0.0000000000000000
0.0000000000000000
0.0000000000000000
0.0000000000000000
0.0000000000000000
0.0000000000000000
0.0000000000000000
0.0000000000000000
0.0000000000000000
0.0000000000000000
0.0000000000000000
0.0000000000000000
0.0000000000000000
0.0000000000000000
0.0000000000000000
0.0000000000000000
0.0000000000000000
0.0000000000000000
0.0000000000000000
0.0000000000000000
0.0000000000000000
0.0000000000000000
0.0000000000000000
0.0000000000000000
0.0000000000000000
0.0000000000000000
0.0000000000000000
0.0000000000000000
0.0000000000000000
0.0000000000000000
0.0000000000000000
0.0000000000000000
0.0000000000000000
0.0000000000000000
0.0000000000000000
0.0000000000000000
0.0000000000000000
0.0000000000000000
0.0000000000000000
0.0000000000000000
0.0000000000000000
0.0000000000000000
0.0000000000000000
0.0000000000000000
0.0000000000000000
0.0000000000000000
0.0000000000000000
0.0000000000000000
0.0000000000000000
0.0000000000000000
0.0000000000000000
0.0000000000000000
0.0000000000000000
0.0000000000000000
0.0000000000000000
0.0000000000000000
0.0000000000000000
0.0000000000000000
0.0000000000000000
0.0000000000000000
0.0000000000000000
0.0000000000000000
0.0000000000000000
0.0000000000000000
0.0000000000000000
0.0000000000000000
0.0000000000000000
0.0000000000000000
0.0000000000000000
0.0000000000000000
0.0000000000000000
0.0000000000000000
0.0000000000000000
0.0000000000000000
0.0000000000000000
0.0000000000000000
0.0000000000000000
0.0000000000000000
0.0000000000000000
0.0000000000000000
0.0000000000000000
0.0000000000000000
0.0000000000000000
0.0000000000000000
0.0000000000000000
0.0000000000000000
0.0000000000000000
0.0000000000000000
0.0000000000000000
0.0000000000000000
0.0000000000000000
0.0000000000000000
0.0000000000000000
0.0000000000000000
0.0000000000000000
0.0000000000000000
0.0000000000000000
0.0000000000000000
0.0000000000000000
0.0000000000000000
0.0000000000000000
0.0000000000000000
0.0000000000000000
0.0000000000000000
0.0000000000000000
0.0000000000000000
0.0000000000000000
0.0000000000000000
0.0000000000000000
0.0000000000000000
0.0000000000000000
0.0000000000000000
0.0000000000000000
0.0000000000000000
0.0000000000000000
0.0000000000000000
0.0000000000000000
0.0000000000000000
0.0000000000000000
0.0000000000000000
0.0000000000000000
0.0000000000000000
0.0000000000000000
0.0000000000000000
0.0000000000000000
0.0000000000000000
0.0000000000000000
0.0000000000000000
0.0000000000000000
0.0000000000000000
0.0000000000000000
0.0000000000000000
0.0000000000000000
0.0000000000000000
0.0000000000000000
0.0000000000000000
0.0000000000000000
0.0000000000000000
0.0000000000000000
0.0000000000000000
0.0000000000000000
0.0000000000000000
0.0000000000000000
0.0000000000000000
0.0000000000000000
0.0000000000000000
0.0000000000000000
0.0000000000000000
0.0000000000000000
0.0000000000000000
0.0000000000000000
0.0000000000000000
0.0000000000000000
0.0000000000000000
0.0000000000000000
0.0000000000000000
0.0000000000000000
0.0000000000000000
0.0000000000000000
0.0000000000000000
0.0000000000000000
0.0000000000000000
0.0000000000000000
0.0000000000000000
0.0000000000000000
0.0000000000000000
0.0000000000000000
0.0000000000000000
0.0000000000000000
0.0000000000000000
0.0000000000000000
0.0000000000000000
0.0000000000000000
0.0000000000000000
0.0000000000000000
0.0000000000000000
0.0000000000000000
0.0000000000000000
0.0000000000000000
0.0000000000000000
0.0000000000000000
0.0000000000000000
0.0000000000000000
0.0000000000000000
0.0000000000000000
0.0000000000000000
0.0000000000000000
0.0000000000000000
0.0000000000000000
0.0000000000000000
0.0000000000000000
0.0000000000000000
0.0000000000000000
0.0000000000000000
0.0000000000000000
0.0000000000000000
0.0000000000000000
0.0000000000000000
0.0000000000000000
0.0000000000000000
0.0000000000000000
0.0000000000000000
0.0000000000000000
0.0000000000000000
0.0000000000000000
0.0000000000000000
0.0000000000000000
0.0000000000000000
0.0000000000000000
0.0000000000000000
0.0000000000000000
0.0000000000000000
0.0000000000000000
0.0000000000000000
0.0000000000000000
0.0000000000000000
0.0000000000000000
0.0000000000000000
0.0000000000000000
0.0000000000000000
0.0000000000000000
0.0000000000000000
0.0000000000000000
0.0000000000000000
0.0000000000000000
0.0000000000000000
0.0000000000000000
0.0000000000000000
0.0000000000000000
0.0000000000000000
0.0000000000000000
0.0000000000000000
0.0000000000000000
0.0000000000000000
0.0000000000000000
0.0000000000000000
0.0000000000000000
0.0000000000000000
0.0000000000000000
0.0000000000000000
0.0000000000000000
0.0000000000000000
0.0000000000000000
0.0000000000000000
0.0000000000000000
0.0000000000000000
0.0000000000000000
0.0000000000000000
0.0000000000000000
0.0000000000000000
0.0000000000000000
0.0000000000000000
0.0000000000000000
0.0000000000000000
0.0000000000000000
0.0000000000000000
0.0000000000000000
0.0000000000000000
0.0000000000000000
0.0000000000000000
0.0000000000000000
0.0000000000000000
0.0000000000000000
0.0000000000000000
0.0000000000000000
0.0000000000000000
0.0000000000000000
0.0000000000000000
0.0000000000000000
0.0000000000000000
0.0000000000000000
0.0000000000000000
0.0000000000000000
0.0000000000000000
0.0000000000000000
0.0000000000000000
0.0000000000000000
0.0000000000000000
0.0000000000000000
0.0000000000000000
0.0000000000000000
0.0000000000000000
0.0000000000000000
0.0000000000000000
0.0000000000000000
0.0000000000000000
0.0000000000000000
0.0000000000000000
0.0000000000000000
0.0000000000000000
0.0000000000000000
0.0000000000000000
0.0000000000000000
0.0000000000000000
0.0000000000000000
0.0000000000000000
0.0000000000000000
0.0000000000000000
0.0000000000000000
0.0000000000000000
0.0000000000000000
0.0000000000000000
0.0000000000000000
0.0000000000000000
0.0000000000000000
0.0000000000000000
0.0000000000000000
0.0000000000000000
0.0000000000000000
0.0000000000000000
0.0000000000000000
0.0000000000000000
0.0000000000000000
0.0000000000000000
0.0000000000000000
0.0000000000000000
0.0000000000000000
0.0000000000000000
0.0000000000000000
0.0000000000000000
0.0000000000000000
0.0000000000000000
0.0000000000000000
0.0000000000000000
0.0000000000000000
0.0000000000000000
0.0000000000000000
0.0000000000000000
0.0000000000000000
0.0000000000000000
0.0000000000000000
0.0000000000000000
0.0000000000000000
0.0000000000000000
0.0000000000000000
0.0000000000000000
0.0000000000000000
0.0000000000000000
0.0000000000000000
0.0000000000000000
0.0000000000000000
0.0000000000000000
0.0000000000000000
0.0000000000000000
0.0000000000000000
0.0000000000000000
0.0000000000000000
0.0000000000000000
0.0000000000000000
0.0000000000000000
0.0000000000000000
0.0000000000000000
0.0000000000000000
0.0000000000000000
0.0000000000000000
0.0000000000000000
0.0000000000000000
0.0000000000000000
0.0000000000000000
0.0000000000000000
0.0000000000000000
0.0000000000000000
0.0000000000000000
0.0000000000000000
0.0000000000000000
0.0000000000000000
0.0000000000000000
0.0000000000000000
0.0000000000000000
0.0000000000000000
0.0000000000000000
0.0000000000000000
0.0000000000000000
0.0000000000000000
0.0000000000000000
0.0000000000000000
0.0000000000000000
0.0000000000000000
0.0000000000000000
0.0000000000000000
0.0000000000000000
0.0000000000000000
0.0000000000000000
0.0000000000000000
0.0000000000000000
0.0000000000000000
0.0000000000000000
0.0000000000000000
0.0000000000000000
0.0000000000000000
0.0000000000000000
0.0000000000000000
0.0000000000000000
0.0000000000000000
0.0000000000000000
0.0000000000000000
0.0000000000000000
0.0000000000000000
0.0000000000000000
0.0000000000000000
0.0000000000000000
0.0000000000000000
0.0000000000000000
0.0000000000000000
0.0000000000000000
0.0000000000000000
0.0000000000000000
0.0000000000000000
0.0000000000000000
0.0000000000000000
0.0000000000000000
0.0000000000000000
0.0000000000000000
0.0000000000000000
0.0000000000000000
0.0000000000000000
0.0000000000000000
0.0000000000000000
0.0000000000000000
0.0000000000000000
0.0000000000000000
0.0000000000000000
0.0000000000000000
0.0000000000000000
0.0000000000000000
0.0000000000000000
0.0000000000000000
0.0000000000000000
0.0000000000000000
0.0000000000000000
0.0000000000000000
0.0000000000000000
0.0000000000000000
0.0000000000000000
0.0000000000000000
0.0000000000000000
0.0000000000000000
0.0000000000000000
0.0000000000000000
0.0000000000000000
0.0000000000000000
0.0000000000000000
0.0000000000000000
0.0000000000000000
0.0000000000000000
0.0000000000000000
0.0000000000000000
0.0000000000000000
0.0000000000000000
0.0000000000000000
0.0000000000000000
0.0000000000000000
0.0000000000000000
0.0000000000000000
0.0000000000000000
0.0000000000000000
0.0000000000000000
0.0000000000000000
0.0000000000000000
0.0000000000000000
0.0000000000000000
0.0000000000000000
0.0000000000000000
0.0000000000000000
0.0000000000000000
0.0000000000000000
0.0000000000000000
0.0000000000000000
0.0000000000000000
0.0000000000000000
0.0000000000000000
0.0000000000000000
0.0000000000000000
0.0000000000000000
0.0000000000000000
0.0000000000000000
0.0000000000000000
0.0000000000000000
0.0000000000000000
0.0000000000000000
0.0000000000000000
0.0000000000000000
0.0000000000000000
0.0000000000000000
0.0000000000000000
0.0000000000000000
0.0000000000000000
0.0000000000000000
0.0000000000000000
0.0000000000000000
0.0000000000000000
0.0000000000000000
0.0000000000000000
0.0000000000000000
0.0000000000000000
0.0000000000000000
0.0000000000000000
0.0000000000000000
0.0000000000000000
0.0000000000000000
0.0000000000000000
0.0000000000000000
0.0000000000000000
0.0000000000000000
0.0000000000000000
0.0000000000000000
0.0000000000000000
0.0000000000000000
0.0000000000000000
0.0000000000000000
0.0000000000000000
0.0000000000000000
0.0000000000000000
0.0000000000000000
0.0000000000000000
0.0000000000000000
0.0000000000000000
0.0000000000000000
0.0000000000000000
0.0000000000000000
0.0000000000000000
0.0000000000000000
0.0000000000000000
0.0000000000000000
0.0000000000000000
0.0000000000000000
0.0000000000000000
0.0000000000000000
0.0000000000000000
0.0000000000000000
0.0000000000000000
0.0000000000000000
0.0000000000000000
0.0000000000000000
0.0000000000000000
0.0000000000000000
0.0000000000000000
0.0000000000000000
0.0000000000000000
0.0000000000000000
0.0000000000000000
0.0000000000000000
0.0000000000000000
0.0000000000000000
0.0000000000000000
0.0000000000000000
0.0000000000000000
0.0000000000000000
0.0000000000000000
0.0000000000000000
0.0000000000000000
0.0000000000000000
0.0000000000000000
0.0000000000000000
0.0000000000000000
0.0000000000000000
0.0000000000000000
0.0000000000000000
0.0000000000000000
0.0000000000000000
0.0000000000000000
0.0000000000000000
0.0000000000000000
0.0000000000000000
0.0000000000000000
0.0000000000000000
0.0000000000000000
0.0000000000000000
0.0000000000000000
0.0000000000000000
0.0000000000000000
0.0000000000000000
0.0000000000000000
0.0000000000000000
0.0000000000000000
0.0000000000000000
0.0000000000000000
0.0000000000000000
0.0000000000000000
0.0000000000000000
0.0000000000000000
0.0000000000000000
0.0000000000000000
0.0000000000000000
0.0000000000000000
0.0000000000000000
0.0000000000000000
0.0000000000000000
0.0000000000000000
0.0000000000000000
0.0000000000000000
0.0000000000000000
0.0000000000000000
0.0000000000000000
0.0000000000000000
0.0000000000000000
0.0000000000000000
0.0000000000000000
0.0000000000000000
0.0000000000000000
0.0000000000000000
0.0000000000000000
0.0000000000000000
0.0000000000000000
0.0000000000000000
0.0000000000000000
0.0000000000000000
0.0000000000000000
0.0000000000000000
0.0000000000000000
0.0000000000000000
0.0000000000000000
0.0000000000000000
0.0000000000000000
0.0000000000000000
0.0000000000000000
0.0000000000000000
0.0000000000000000
0.0000000000000000
0.0000000000000000
0.0000000000000000
0.0000000000000000
0.0000000000000000
0.0000000000000000
0.0000000000000000
0.0000000000000000
0.0000000000000000
0.0000000000000000
0.0000000000000000
0.0000000000000000
0.0000000000000000
0.0000000000000000
0.0000000000000000
0.0000000000000000
0.0000000000000000
0.0000000000000000
0.0000000000000000
0.0000000000000000
0.0000000000000000
0.0000000000000000
0.0000000000000000
0.0000000000000000
0.0000000000000000
0.0000000000000000
0.0000000000000000
0.0000000000000000
0.0000000000000000
0.0000000000000000
0.0000000000000000
0.0000000000000000
0.0000000000000000
0.0000000000000000
0.0000000000000000
0.0000000000000000
0.0000000000000000
0.0000000000000000
0.0000000000000000
0.0000000000000000
0.0000000000000000
0.0000000000000000
0.0000000000000000
0.0000000000000000
0.0000000000000000
0.0000000000000000
0.0000000000000000
0.0000000000000000
0.0000000000000000
0.0000000000000000
0.0000000000000000
0.0000000000000000
0.0000000000000000
0.0000000000000000
0.0000000000000000
0.0000000000000000
0.0000000000000000
0.0000000000000000
0.0000000000000000
0.0000000000000000
0.0000000000000000
0.0000000000000000
0.0000000000000000
0.0000000000000000
0.0000000000000000
0.0000000000000000
0.0000000000000000
0.0000000000000000
0.0000000000000000
0.0000000000000000
0.0000000000000000
0.0000000000000000
0.0000000000000000
0.0000000000000000
0.0000000000000000
0.0000000000000000
0.0000000000000000
0.0000000000000000
0.0000000000000000
0.0000000000000000
0.0000000000000000
0.0000000000000000
0.0000000000000000
0.0000000000000000
0.0000000000000000
0.0000000000000000
0.0000000000000000
0.0000000000000000
0.0000000000000000
0.0000000000000000
0.0000000000000000
0.0000000000000000
0.0000000000000000
0.0000000000000000
0.0000000000000000
0.0000000000000000
0.0000000000000000
0.0000000000000000
0.0000000000000000
0.0000000000000000
0.0000000000000000
0.0000000000000000
0.0000000000000000
0.0000000000000000
0.0000000000000000
0.0000000000000000
0.0000000000000000
0.0000000000000000
0.0000000000000000
0.0000000000000000
0.0000000000000000
0.0000000000000000
0.0000000000000000
0.0000000000000000
0.0000000000000000
0.0000000000000000
0.0000000000000000
0.0000000000000000
0.0000000000000000
0.0000000000000000
0.0000000000000000
0.0000000000000000
0.0000000000000000
0.0000000000000000
0.0000000000000000
0.0000000000000000
0.0000000000000000
0.0000000000000000
0.0000000000000000
0.0000000000000000
0.0000000000000000
0.0000000000000000
0.0000000000000000
0.0000000000000000
0.0000000000000000
0.0000000000000000
0.0000000000000000
0.0000000000000000
0.0000000000000000
0.0000000000000000
0.0000000000000000
0.0000000000000000
0.0000000000000000
0.0000000000000000
0.0000000000000000
0.0000000000000000
0.0000000000000000
0.0000000000000000
0.0000000000000000
0.0000000000000000
0.0000000000000000
0.0000000000000000
0.0000000000000000
0.0000000000000000
0.0000000000000000
0.0000000000000000
0.0000000000000000
0.0000000000000000
0.0000000000000000
0.0000000000000000
0.0000000000000000
0.0000000000000000
0.0000000000000000
0.0000000000000000
0.0000000000000000
0.0000000000000000
0.0000000000000000
0.0000000000000000
0.0000000000000000
0.0000000000000000
0.0000000000000000
0.0000000000000000
0.0000000000000000
0.0000000000000000
0.0000000000000000
0.0000000000000000
0.0000000000000000
0.0000000000000000
0.0000000000000000
0.0000000000000000
0.0000000000000000
0.0000000000000000
0.0000000000000000
0.0000000000000000
0.0000000000000000
0.0000000000000000
0.0000000000000000
0.0000000000000000
0.0000000000000000
0.0000000000000000
0.0000000000000000
0.0000000000000000
0.0000000000000000
0.0000000000000000
0.0000000000000000
0.0000000000000000
0.0000000000000000
0.0000000000000000
0.0000000000000000
0.0000000000000000
0.0000000000000000
0.0000000000000000
0.0000000000000000
0.0000000000000000
0.0000000000000000
0.0000000000000000
0.0000000000000000
0.0000000000000000
0.0000000000000000
0.0000000000000000
0.0000000000000000
0.0000000000000000
0.0000000000000000
0.0000000000000000
0.0000000000000000
0.0000000000000000
0.0000000000000000
0.0000000000000000
0.0000000000000000
0.0000000000000000
0.0000000000000000
0.0000000000000000
0.0000000000000000
0.0000000000000000
0.0000000000000000
0.0000000000000000
0.0000000000000000
0.0000000000000000
0.0000000000000000
0.0000000000000000
0.0000000000000000
0.0000000000000000
0.0000000000000000
0.0000000000000000
0.0000000000000000
0.0000000000000000
0.0000000000000000
0.0000000000000000
0.0000000000000000
0.0000000000000000
0.0000000000000000
0.0000000000000000
0.0000000000000000
0.0000000000000000
0.0000000000000000
0.0000000000000000
0.0000000000000000
0.0000000000000000
0.0000000000000000
0.0000000000000000
0.0000000000000000
0.0000000000000000
0.0000000000000000
0.0000000000000000
0.0000000000000000
0.0000000000000000
0.0000000000000000
0.0000000000000000
0.0000000000000000
0.0000000000000000
0.0000000000000000
0.0000000000000000
0.0000000000000000
0.0000000000000000
0.0000000000000000
0.0000000000000000
0.0000000000000000
0.0000000000000000
0.0000000000000000
0.0000000000000000
0.0000000000000000
0.0000000000000000
0.0000000000000000
0.0000000000000000
0.0000000000000000
0.0000000000000000
0.0000000000000000
0.0000000000000000
0.0000000000000000
0.0000000000000000
0.0000000000000000
0.0000000000000000
0.0000000000000000
0.0000000000000000
0.0000000000000000
0.0000000000000000
0.0000000000000000
0.0000000000000000
0.0000000000000000
0.0000000000000000
0.0000000000000000
0.0000000000000000
0.0000000000000000
0.0000000000000000
0.0000000000000000
0.0000000000000000
0.0000000000000000
0.0000000000000000
0.0000000000000000
0.0000000000000000
0.0000000000000000
0.0000000000000000
0.0000000000000000
0.0000000000000000
0.0000000000000000
0.0000000000000000
0.0000000000000000
0.0000000000000000
0.0000000000000000
0.0000000000000000
0.0000000000000000
0.0000000000000000
0.0000000000000000
0.0000000000000000
0.0000000000000000
0.0000000000000000
0.0000000000000000
0.0000000000000000
0.0000000000000000
0.0000000000000000
0.0000000000000000
0.0000000000000000
0.0000000000000000
0.0000000000000000
0.0000000000000000
0.0000000000000000
0.0000000000000000
0.0000000000000000
0.0000000000000000
0.0000000000000000
0.0000000000000000
0.0000000000000000
0.0000000000000000
0.0000000000000000
0.0000000000000000
0.0000000000000000
0.0000000000000000
0.0000000000000000
0.0000000000000000
0.0000000000000000
0.0000000000000000
0.0000000000000000
0.0000000000000000
0.0000000000000000
0.0000000000000000
0.0000000000000000
0.0000000000000000
0.0000000000000000
0.0000000000000000
0.0000000000000000
0.0000000000000000
0.0000000000000000
0.0000000000000000
0.0000000000000000
0.0000000000000000
0.0000000000000000
0.0000000000000000
0.0000000000000000
0.0000000000000000
0.0000000000000000
0.0000000000000000
0.0000000000000000
0.0000000000000000
0.0000000000000000
0.0000000000000000
0.0000000000000000
0.0000000000000000
0.0000000000000000
0.0000000000000000
0.0000000000000000
0.0000000000000000
0.0000000000000000
0.0000000000000000
0.0000000000000000
0.0000000000000000
0.0000000000000000
0.0000000000000000
0.0000000000000000
0.0000000000000000
0.0000000000000000
0.0000000000000000
0.0000000000000000
0.0000000000000000
0.0000000000000000
0.0000000000000000
0.0000000000000000
0.0000000000000000
0.0000000000000000
0.0000000000000000
0.0000000000000000
0.0000000000000000
0.0000000000000000
0.0000000000000000
0.0000000000000000
0.0000000000000000
0.0000000000000000
0.0000000000000000
0.0000000000000000
0.0000000000000000
0.0000000000000000
0.0000000000000000
0.0000000000000000
0.0000000000000000
0.0000000000000000
0.0000000000000000
0.0000000000000000
0.0000000000000000
0.0000000000000000
0.0000000000000000
0.0000000000000000
0.0000000000000000
0.0000000000000000
0.0000000000000000
0.0000000000000000
0.0000000000000000
0.0000000000000000
0.0000000000000000
0.0000000000000000
0.0000000000000000
0.0000000000000000
0.0000000000000000
0.0000000000000000
0.0000000000000000
0.0000000000000000
0.0000000000000000
0.0000000000000000
0.0000000000000000
0.0000000000000000
0.0000000000000000
0.0000000000000000
0.0000000000000000
0.0000000000000000
0.0000000000000000
0.0000000000000000
0.0000000000000000
0.0000000000000000
0.0000000000000000
0.0000000000000000
0.0000000000000000
0.0000000000000000
0.0000000000000000
0.0000000000000000
0.0000000000000000
0.0000000000000000
0.0000000000000000
0.0000000000000000
0.0000000000000000
0.0000000000000000
0.0000000000000000
0.0000000000000000
0.0000000000000000
0.0000000000000000
0.0000000000000000
0.0000000000000000
0.0000000000000000
0.0000000000000000
0.0000000000000000
0.0000000000000000
0.0000000000000000
0.0000000000000000
0.0000000000000000
0.0000000000000000
0.0000000000000000
0.0000000000000000
0.0000000000000000
0.0000000000000000
0.0000000000000000
0.0000000000000000
0.0000000000000000
0.0000000000000000
0.0000000000000000
0.0000000000000000
0.0000000000000000
0.0000000000000000
0.0000000000000000
0.0000000000000000
0.0000000000000000
0.0000000000000000
0.0000000000000000
0.0000000000000000
0.0000000000000000
0.0000000000000000
0.0000000000000000
0.0000000000000000
0.0000000000000000
0.0000000000000000
0.0000000000000000
0.0000000000000000
0.0000000000000000
0.0000000000000000
0.0000000000000000
0.0000000000000000
0.0000000000000000
0.0000000000000000
0.0000000000000000
0.0000000000000000
0.0000000000000000
0.0000000000000000
0.0000000000000000
0.0000000000000000
0.0000000000000000
0.0000000000000000
0.0000000000000000
0.0000000000000000
0.0000000000000000
0.0000000000000000
0.0000000000000000
0.0000000000000000
0.0000000000000000
0.0000000000000000
0.0000000000000000
0.0000000000000000
0.0000000000000000
0.0000000000000000
0.0000000000000000
0.0000000000000000
0.0000000000000000
0.0000000000000000
0.0000000000000000
0.0000000000000000
0.0000000000000000
0.0000000000000000
0.0000000000000000
0.0000000000000000
0.0000000000000000
0.0000000000000000
0.0000000000000000
0.0000000000000000
0.0000000000000000
0.0000000000000000
0.0000000000000000
0.0000000000000000
0.0000000000000000
0.0000000000000000
0.0000000000000000
0.0000000000000000
0.0000000000000000
0.0000000000000000
0.0000000000000000
0.0000000000000000
0.0000000000000000
0.0000000000000000
0.0000000000000000
0.0000000000000000
0.0000000000000000
0.0000000000000000
0.0000000000000000
0.0000000000000000
0.0000000000000000
0.0000000000000000
0.0000000000000000
0.0000000000000000
0.0000000000000000
0.0000000000000000
0.0000000000000000
0.0000000000000000
0.0000000000000000
0.0000000000000000
0.0000000000000000
0.0000000000000000
0.0000000000000000
0.0000000000000000
0.0000000000000000
0.0000000000000000
0.0000000000000000
0.0000000000000000
0.0000000000000000
0.0000000000000000
0.0000000000000000
0.0000000000000000
0.0000000000000000
0.0000000000000000
0.0000000000000000
0.0000000000000000
0.0000000000000000
0.0000000000000000
0.0000000000000000
0.0000000000000000
0.0000000000000000
0.0000000000000000
0.0000000000000000
0.0000000000000000
0.0000000000000000
0.0000000000000000
0.0000000000000000
0.0000000000000000
0.0000000000000000
0.0000000000000000
0.0000000000000000
0.0000000000000000
0.0000000000000000
0.0000000000000000
0.0000000000000000
0.0000000000000000
0.0000000000000000
0.0000000000000000
0.0000000000000000
0.0000000000000000
0.0000000000000000
0.0000000000000000
0.0000000000000000
0.0000000000000000
0.0000000000000000
0.0000000000000000
0.0000000000000000
0.0000000000000000
0.0000000000000000
0.0000000000000000
0.0000000000000000
0.0000000000000000
0.0000000000000000
0.0000000000000000
0.0000000000000000
0.0000000000000000
0.0000000000000000
0.0000000000000000
0.0000000000000000
0.0000000000000000
0.0000000000000000
0.0000000000000000
0.0000000000000000
0.0000000000000000
0.0000000000000000
0.0000000000000000
0.0000000000000000
0.0000000000000000
0.0000000000000000
0.0000000000000000
0.0000000000000000
0.0000000000000000
0.0000000000000000
0.0000000000000000
0.0000000000000000
0.0000000000000000
0.0000000000000000
0.0000000000000000
0.0000000000000000
0.0000000000000000
0.0000000000000000
0.0000000000000000
0.0000000000000000
0.0000000000000000
0.0000000000000000
0.0000000000000000
0.0000000000000000
0.0000000000000000
0.0000000000000000
0.0000000000000000
0.0000000000000000
0.0000000000000000
0.0000000000000000
0.0000000000000000
0.0000000000000000
0.0000000000000000
0.0000000000000000
0.0000000000000000
0.0000000000000000
0.0000000000000000
0.0000000000000000
0.0000000000000000
0.0000000000000000
0.0000000000000000
0.0000000000000000
0.0000000000000000
0.0000000000000000
0.0000000000000000
0.0000000000000000
0.0000000000000000
0.0000000000000000
0.0000000000000000
0.0000000000000000
0.0000000000000000
0.0000000000000000
0.0000000000000000
0.0000000000000000
0.0000000000000000
0.0000000000000000
0.0000000000000000
0.0000000000000000
0.0000000000000000
0.0000000000000000
0.0000000000000000
0.0000000000000000
0.0000000000000000
0.0000000000000000
0.0000000000000000
0.0000000000000000
0.0000000000000000
0.0000000000000000
0.0000000000000000
0.0000000000000000
0.0000000000000000
0.0000000000000000
0.0000000000000000
0.0000000000000000
0.0000000000000000
0.0000000000000000
0.0000000000000000
0.0000000000000000
0.0000000000000000
0.0000000000000000
0.0000000000000000
0.0000000000000000
0.0000000000000000
0.0000000000000000
0.0000000000000000
0.0000000000000000
0.0000000000000000
0.0000000000000000
0.0000000000000000
0.0000000000000000
0.0000000000000000
0.0000000000000000
0.0000000000000000
0.0000000000000000
0.0000000000000000
0.0000000000000000
0.0000000000000000
0.0000000000000000
0.0000000000000000
0.0000000000000000
0.0000000000000000
0.0000000000000000
0.0000000000000000
0.0000000000000000
0.0000000000000000
0.0000000000000000
0.0000000000000000
0.0000000000000000
0.0000000000000000
0.0000000000000000
0.0000000000000000
0.0000000000000000
0.0000000000000000
0.0000000000000000
0.0000000000000000
0.0000000000000000
0.0000000000000000
0.0000000000000000
0.0000000000000000
0.0000000000000000
0.0000000000000000
0.0000000000000000
0.0000000000000000
0.0000000000000000
0.0000000000000000
0.0000000000000000
0.0000000000000000
0.0000000000000000
0.0000000000000000
0.0000000000000000
0.0000000000000000
0.0000000000000000
0.0000000000000000
0.0000000000000000
0.0000000000000000
0.0000000000000000
0.0000000000000000
0.0000000000000000
0.0000000000000000
0.0000000000000000
0.0000000000000000
0.0000000000000000
0.0000000000000000
0.0000000000000000
0.0000000000000000
0.0000000000000000
0.0000000000000000
0.0000000000000000
0.0000000000000000
0.0000000000000000
0.0000000000000000
0.0000000000000000
0.0000000000000000
0.0000000000000000
0.0000000000000000
0.0000000000000000
0.0000000000000000
0.0000000000000000
0.0000000000000000
0.0000000000000000
0.0000000000000000
0.0000000000000000
0.0000000000000000
0.0000000000000000
0.0000000000000000
0.0000000000000000
0.0000000000000000
0.0000000000000000
0.0000000000000000
0.0000000000000000
0.0000000000000000
0.0000000000000000
0.0000000000000000
0.0000000000000000
0.0000000000000000
0.0000000000000000
0.0000000000000000
0.0000000000000000
0.0000000000000000
0.0000000000000000
0.0000000000000000
0.0000000000000000
0.0000000000000000
0.0000000000000000
0.0000000000000000
0.0000000000000000
0.0000000000000000
0.0000000000000000
0.0000000000000000
0.0000000000000000
0.0000000000000000
0.0000000000000000
0.0000000000000000
0.0000000000000000
0.0000000000000000
0.0000000000000000
0.0000000000000000
0.0000000000000000
0.0000000000000000
0.0000000000000000
0.0000000000000000
0.0000000000000000
0.0000000000000000
0.0000000000000000
0.0000000000000000
0.0000000000000000
0.0000000000000000
0.0000000000000000
0.0000000000000000
0.0000000000000000
0.0000000000000000
0.0000000000000000
0.0000000000000000
0.0000000000000000
0.0000000000000000
0.0000000000000000
0.0000000000000000
0.0000000000000000
0.0000000000000000
0.0000000000000000
0.0000000000000000
0.0000000000000000
0.0000000000000000
0.0000000000000000
0.0000000000000000
0.0000000000000000
0.0000000000000000
0.0000000000000000
0.0000000000000000
0.0000000000000000
0.0000000000000000
0.0000000000000000
0.0000000000000000
0.0000000000000000
0.0000000000000000
0.0000000000000000
0.0000000000000000
0.0000000000000000
0.0000000000000000
0.0000000000000000
0.0000000000000000
0.0000000000000000
0.0000000000000000
0.0000000000000000
0.0000000000000000
0.0000000000000000
0.0000000000000000
0.0000000000000000
0.0000000000000000
0.0000000000000000
0.0000000000000000
0.0000000000000000
0.0000000000000000
0.0000000000000000
0.0000000000000000
0.0000000000000000
0.0000000000000000
0.0000000000000000
0.0000000000000000
0.0000000000000000
0.0000000000000000
0.0000000000000000
0.0000000000000000
0.0000000000000000
0.0000000000000000
0.0000000000000000
0.0000000000000000
0.0000000000000000
0.0000000000000000
0.0000000000000000
0.0000000000000000
0.0000000000000000
0.0000000000000000
0.0000000000000000
0.0000000000000000
0.0000000000000000
0.0000000000000000
0.0000000000000000
0.0000000000000000
0.0000000000000000
0.0000000000000000
0.0000000000000000
0.0000000000000000
0.0000000000000000
0.0000000000000000
0.0000000000000000
0.0000000000000000
0.0000000000000000
0.0000000000000000
0.0000000000000000
0.0000000000000000
0.0000000000000000
0.0000000000000000
0.0000000000000000
0.0000000000000000
0.0000000000000000
0.0000000000000000
0.0000000000000000
0.0000000000000000
0.0000000000000000
0.0000000000000000
0.0000000000000000
0.0000000000000000
0.0000000000000000
0.0000000000000000
0.0000000000000000
0.0000000000000000
0.0000000000000000
0.0000000000000000
0.0000000000000000
0.0000000000000000
0.0000000000000000
0.0000000000000000
0.0000000000000000
0.0000000000000000
0.0000000000000000
0.0000000000000000
0.0000000000000000
0.0000000000000000
0.0000000000000000
0.0000000000000000
0.0000000000000000
0.0000000000000000
0.0000000000000000
0.0000000000000000
0.0000000000000000
0.0000000000000000
0.0000000000000000
0.0000000000000000
0.0000000000000000
0.0000000000000000
0.0000000000000000
0.0000000000000000
0.0000000000000000
0.0000000000000000
0.0000000000000000
0.0000000000000000
0.0000000000000000
0.0000000000000000
0.0000000000000000
0.0000000000000000
0.0000000000000000
0.0000000000000000
0.0000000000000000
0.0000000000000000
0.0000000000000000
0.0000000000000000
0.0000000000000000
0.0000000000000000
0.0000000000000000
0.0000000000000000
0.0000000000000000
0.0000000000000000
0.0000000000000000
0.0000000000000000
0.0000000000000000
0.0000000000000000
0.0000000000000000
0.0000000000000000
0.0000000000000000
0.0000000000000000
0.0000000000000000
0.0000000000000000
0.0000000000000000
0.0000000000000000
0.0000000000000000
0.0000000000000000
0.0000000000000000
0.0000000000000000
0.0000000000000000
0.0000000000000000
0.0000000000000000
0.0000000000000000
0.0000000000000000
0.0000000000000000
0.0000000000000000
0.0000000000000000
0.0000000000000000
0.0000000000000000
0.0000000000000000
0.0000000000000000
0.0000000000000000
0.0000000000000000
0.0000000000000000
0.0000000000000000
0.0000000000000000
0.0000000000000000
0.0000000000000000
0.0000000000000000
0.0000000000000000
0.0000000000000000
0.0000000000000000
0.0000000000000000
0.0000000000000000
0.0000000000000000
0.0000000000000000
0.0000000000000000
0.0000000000000000
0.0000000000000000
0.0000000000000000
0.0000000000000000
0.0000000000000000
0.0000000000000000
0.0000000000000000
0.0000000000000000
0.0000000000000000
0.0000000000000000
0.0000000000000000
0.0000000000000000
0.0000000000000000
0.0000000000000000
0.0000000000000000
0.0000000000000000
0.0000000000000000
0.0000000000000000
0.0000000000000000
0.0000000000000000
0.0000000000000000
0.0000000000000000
0.0000000000000000
0.0000000000000000
0.0000000000000000
0.0000000000000000
0.0000000000000000
0.0000000000000000
0.0000000000000000
0.0000000000000000
0.0000000000000000
0.0000000000000000
0.0000000000000000
0.0000000000000000
0.0000000000000000
0.0000000000000000
0.0000000000000000
0.0000000000000000
0.0000000000000000
0.0000000000000000
0.0000000000000000
0.0000000000000000
0.0000000000000000
0.0000000000000000
0.0000000000000000
0.0000000000000000
0.0000000000000000
0.0000000000000000
0.0000000000000000
0.0000000000000000
0.0000000000000000
0.0000000000000000
0.0000000000000000
0.0000000000000000
0.0000000000000000
0.0000000000000000
0.0000000000000000
0.0000000000000000
0.0000000000000000
0.0000000000000000
0.0000000000000000
0.0000000000000000
0.0000000000000000
0.0000000000000000
0.0000000000000000
0.0000000000000000
0.0000000000000000
0.0000000000000000
0.0000000000000000
0.0000000000000000
0.0000000000000000
0.0000000000000000
0.0000000000000000
0.0000000000000000
0.0000000000000000
0.0000000000000000
0.0000000000000000
0.0000000000000000
0.0000000000000000
0.0000000000000000
0.0000000000000000
0.0000000000000000
0.0000000000000000
0.0000000000000000
0.0000000000000000
0.0000000000000000
0.0000000000000000
0.0000000000000000
0.0000000000000000
0.0000000000000000
0.0000000000000000
0.0000000000000000
0.0000000000000000
0.0000000000000000
0.0000000000000000
0.0000000000000000
0.0000000000000000
0.0000000000000000
0.0000000000000000
0.0000000000000000
0.0000000000000000
0.0000000000000000
0.0000000000000000
0.0000000000000000
0.0000000000000000
0.0000000000000000
0.0000000000000000
0.0000000000000000
0.0000000000000000
0.0000000000000000
0.0000000000000000
0.0000000000000000
0.0000000000000000
0.0000000000000000
0.0000000000000000
0.0000000000000000
0.0000000000000000
0.0000000000000000
0.0000000000000000
0.0000000000000000
0.0000000000000000
0.0000000000000000
0.0000000000000000
0.0000000000000000
0.0000000000000000
0.0000000000000000
0.0000000000000000
0.0000000000000000
0.0000000000000000
0.0000000000000000
0.0000000000000000
0.0000000000000000
0.0000000000000000
0.0000000000000000
0.0000000000000000
0.0000000000000000
0.0000000000000000
0.0000000000000000
0.0000000000000000
0.0000000000000000
0.0000000000000000
0.0000000000000000
0.0000000000000000
0.0000000000000000
0.0000000000000000
0.0000000000000000
0.0000000000000000
0.0000000000000000
0.0000000000000000
0.0000000000000000
0.0000000000000000
0.0000000000000000
0.0000000000000000
0.0000000000000000
0.0000000000000000
0.0000000000000000
0.0000000000000000
0.0000000000000000
0.0000000000000000
0.0000000000000000
0.0000000000000000
0.0000000000000000
0.0000000000000000
0.0000000000000000
0.0000000000000000
0.0000000000000000
0.0000000000000000
0.0000000000000000
0.0000000000000000
0.0000000000000000
0.0000000000000000
0.0000000000000000
0.0000000000000000
0.0000000000000000
0.0000000000000000
0.0000000000000000
0.0000000000000000
0.0000000000000000
0.0000000000000000
0.0000000000000000
0.0000000000000000
0.0000000000000000
0.0000000000000000
0.0000000000000000
0.0000000000000000
0.0000000000000000
0.0000000000000000
0.0000000000000000
0.0000000000000000
0.0000000000000000
0.0000000000000000
0.0000000000000000
0.0000000000000000
0.0000000000000000
0.0000000000000000
0.0000000000000000
0.0000000000000000
0.0000000000000000
0.0000000000000000
0.0000000000000000
0.0000000000000000
0.0000000000000000
0.0000000000000000
0.0000000000000000
0.0000000000000000
0.0000000000000000
0.0000000000000000
0.0000000000000000
0.0000000000000000
0.0000000000000000
0.0000000000000000
0.0000000000000000
0.0000000000000000
0.0000000000000000
0.0000000000000000
0.0000000000000000
0.0000000000000000
0.0000000000000000
0.0000000000000000
0.0000000000000000
0.0000000000000000
0.0000000000000000
0.0000000000000000
0.0000000000000000
0.0000000000000000
0.0000000000000000
0.0000000000000000
0.0000000000000000
0.0000000000000000
0.0000000000000000
0.0000000000000000
0.0000000000000000
0.0000000000000000
0.0000000000000000
0.0000000000000000
0.0000000000000000
0.0000000000000000
0.0000000000000000
0.0000000000000000
0.0000000000000000
0.0000000000000000
0.0000000000000000
0.0000000000000000
0.0000000000000000
0.0000000000000000
0.0000000000000000
0.0000000000000000
0.0000000000000000
0.0000000000000000
0.0000000000000000
0.0000000000000000
0.0000000000000000
0.0000000000000000
0.0000000000000000
0.0000000000000000
0.0000000000000000
0.0000000000000000
0.0000000000000000
0.0000000000000000
0.0000000000000000
0.0000000000000000
0.0000000000000000
0.0000000000000000
0.0000000000000000
0.0000000000000000
0.0000000000000000
0.0000000000000000
0.0000000000000000
0.0000000000000000
0.0000000000000000
0.0000000000000000
0.0000000000000000
0.0000000000000000
0.0000000000000000
0.0000000000000000
0.0000000000000000
0.0000000000000000
0.0000000000000000
0.0000000000000000
0.0000000000000000
0.0000000000000000
0.0000000000000000
0.0000000000000000
0.0000000000000000
0.0000000000000000
0.0000000000000000
0.0000000000000000
0.0000000000000000
0.0000000000000000
0.0000000000000000
0.0000000000000000
0.0000000000000000
0.0000000000000000
0.0000000000000000
0.0000000000000000
0.0000000000000000
0.0000000000000000
0.0000000000000000
0.0000000000000000
0.0000000000000000
0.0000000000000000
0.0000000000000000
0.0000000000000000
0.0000000000000000
0.0000000000000000
0.0000000000000000
0.0000000000000000
0.0000000000000000
0.0000000000000000
0.0000000000000000
0.0000000000000000
0.0000000000000000
0.0000000000000000
0.0000000000000000
0.0000000000000000
0.0000000000000000
0.0000000000000000
0.0000000000000000
0.0000000000000000
0.0000000000000000
0.0000000000000000
0.0000000000000000
0.0000000000000000
0.0000000000000000
0.0000000000000000
0.0000000000000000
0.0000000000000000
0.0000000000000000
0.0000000000000000
0.0000000000000000
0.0000000000000000
0.0000000000000000
0.0000000000000000
0.0000000000000000
0.0000000000000000
0.0000000000000000
0.0000000000000000
0.0000000000000000
0.0000000000000000
0.0000000000000000
0.0000000000000000
0.0000000000000000
0.0000000000000000
0.0000000000000000
0.0000000000000000
0.0000000000000000
0.0000000000000000
0.0000000000000000
0.0000000000000000
0.0000000000000000
0.0000000000000000
0.0000000000000000
0.0000000000000000
0.0000000000000000
0.0000000000000000
0.0000000000000000
0.0000000000000000
0.0000000000000000
0.0000000000000000
0.0000000000000000
0.0000000000000000
0.0000000000000000
0.0000000000000000
0.0000000000000000
0.0000000000000000
0.0000000000000000
0.0000000000000000
0.0000000000000000
0.0000000000000000
0.0000000000000000
0.0000000000000000
0.0000000000000000
0.0000000000000000
0.0000000000000000
0.0000000000000000
0.0000000000000000
0.0000000000000000
0.0000000000000000
0.0000000000000000
0.0000000000000000
0.0000000000000000
0.0000000000000000
0.0000000000000000
0.0000000000000000
0.0000000000000000
0.0000000000000000
0.0000000000000000
0.0000000000000000
0.0000000000000000
0.0000000000000000
0.0000000000000000
0.0000000000000000
0.0000000000000000
0.0000000000000000
0.0000000000000000
0.0000000000000000
0.0000000000000000
0.0000000000000000
0.0000000000000000
0.0000000000000000
0.0000000000000000
0.0000000000000000
0.0000000000000000
0.0000000000000000
0.0000000000000000
0.0000000000000000
0.0000000000000000
0.0000000000000000
0.0000000000000000
0.0000000000000000
0.0000000000000000
0.0000000000000000
0.0000000000000000
0.0000000000000000
0.0000000000000000
0.0000000000000000
0.0000000000000000
0.0000000000000000
0.0000000000000000
0.0000000000000000
0.0000000000000000
0.0000000000000000
0.0000000000000000
0.0000000000000000
0.0000000000000000
0.0000000000000000
0.0000000000000000
0.0000000000000000
0.0000000000000000
0.0000000000000000
0.0000000000000000
0.0000000000000000
0.0000000000000000
0.0000000000000000
0.0000000000000000
0.0000000000000000
0.0000000000000000
0.0000000000000000
0.0000000000000000
0.0000000000000000
0.0000000000000000
0.0000000000000000
0.0000000000000000
0.0000000000000000
0.0000000000000000
0.0000000000000000
0.0000000000000000
0.0000000000000000
0.0000000000000000
0.0000000000000000
0.0000000000000000
0.0000000000000000
0.0000000000000000
0.0000000000000000
0.0000000000000000
0.0000000000000000
0.0000000000000000
0.0000000000000000
0.0000000000000000
0.0000000000000000
0.0000000000000000
0.0000000000000000
0.0000000000000000
0.0000000000000000
0.0000000000000000
0.0000000000000000
0.0000000000000000
0.0000000000000000
0.0000000000000000
0.0000000000000000
0.0000000000000000
0.0000000000000000
0.0000000000000000
0.0000000000000000
0.0000000000000000
0.0000000000000000
0.0000000000000000
0.0000000000000000
0.0000000000000000
0.0000000000000000
0.0000000000000000
0.0000000000000000
0.0000000000000000
0.0000000000000000
0.0000000000000000
0.0000000000000000
0.0000000000000000
0.0000000000000000
0.0000000000000000
0.0000000000000000
0.0000000000000000
0.0000000000000000
0.0000000000000000
0.0000000000000000
0.0000000000000000
0.0000000000000000
0.0000000000000000
0.0000000000000000
0.0000000000000000
0.0000000000000000
0.0000000000000000
0.0000000000000000
0.0000000000000000
0.0000000000000000
0.0000000000000000
0.0000000000000000
0.0000000000000000
0.0000000000000000
0.0000000000000000
0.0000000000000000
0.0000000000000000
0.0000000000000000
0.0000000000000000
0.0000000000000000
0.0000000000000000
0.0000000000000000
0.0000000000000000
0.0000000000000000
0.0000000000000000
0.0000000000000000
0.0000000000000000
0.0000000000000000
0.0000000000000000
0.0000000000000000
0.0000000000000000
0.0000000000000000
0.0000000000000000
0.0000000000000000
0.0000000000000000
0.0000000000000000
0.0000000000000000
0.0000000000000000
0.0000000000000000
0.0000000000000000
0.0000000000000000
0.0000000000000000
0.0000000000000000
0.0000000000000000
0.0000000000000000
0.0000000000000000
0.0000000000000000
0.0000000000000000
0.0000000000000000
0.0000000000000000
0.0000000000000000
0.0000000000000000
0.0000000000000000
0.0000000000000000
0.0000000000000000
0.0000000000000000
0.0000000000000000
0.0000000000000000
0.0000000000000000
0.0000000000000000
0.0000000000000000
0.0000000000000000
0.0000000000000000
0.0000000000000000
0.0000000000000000
0.0000000000000000
0.0000000000000000
0.0000000000000000
0.0000000000000000
0.0000000000000000
0.0000000000000000
0.0000000000000000
0.0000000000000000
0.0000000000000000
0.0000000000000000
0.0000000000000000
0.0000000000000000
0.0000000000000000
0.0000000000000000
0.0000000000000000
0.0000000000000000
0.0000000000000000
0.0000000000000000
0.0000000000000000
0.0000000000000000
0.0000000000000000
0.0000000000000000
0.0000000000000000
0.0000000000000000
0.0000000000000000
0.0000000000000000
0.0000000000000000
0.0000000000000000
0.0000000000000000
0.0000000000000000
0.0000000000000000
0.0000000000000000
0.0000000000000000
0.0000000000000000
0.0000000000000000
0.0000000000000000
0.0000000000000000
0.0000000000000000
0.0000000000000000
0.0000000000000000
0.0000000000000000
0.0000000000000000
0.0000000000000000
0.0000000000000000
0.0000000000000000
0.0000000000000000
0.0000000000000000
0.0000000000000000
0.0000000000000000
0.0000000000000000
0.0000000000000000
0.0000000000000000
0.0000000000000000
0.0000000000000000
0.0000000000000000
0.0000000000000000
0.0000000000000000
0.0000000000000000
0.0000000000000000
0.0000000000000000
0.0000000000000000
0.0000000000000000
0.0000000000000000
0.0000000000000000
0.0000000000000000
0.0000000000000000
0.0000000000000000
0.0000000000000000
0.0000000000000000
0.0000000000000000
0.0000000000000000
0.0000000000000000
0.0000000000000000
0.0000000000000000
0.0000000000000000
0.0000000000000000
0.0000000000000000
0.0000000000000000
0.0000000000000000
0.0000000000000000
0.0000000000000000
0.0000000000000000
0.0000000000000000
0.0000000000000000
0.0000000000000000
0.0000000000000000
0.0000000000000000
0.0000000000000000
0.0000000000000000
0.0000000000000000
0.0000000000000000
0.0000000000000000
0.0000000000000000
0.0000000000000000
0.0000000000000000
0.0000000000000000
0.0000000000000000
0.0000000000000000
0.0000000000000000
0.0000000000000000
0.0000000000000000
0.0000000000000000
0.0000000000000000
0.0000000000000000
0.0000000000000000
0.0000000000000000
0.0000000000000000
0.0000000000000000
0.0000000000000000
0.0000000000000000
0.0000000000000000
0.0000000000000000
0.0000000000000000
0.0000000000000000
0.0000000000000000
0.0000000000000000
0.0000000000000000
0.0000000000000000
0.0000000000000000
0.0000000000000000
0.0000000000000000
0.0000000000000000
0.0000000000000000
0.0000000000000000
0.0000000000000000
0.0000000000000000
0.0000000000000000
0.0000000000000000
0.0000000000000000
0.0000000000000000
0.0000000000000000
0.0000000000000000
0.0000000000000000
0.0000000000000000
0.0000000000000000
0.0000000000000000
0.0000000000000000
0.0000000000000000
0.0000000000000000
0.0000000000000000
0.0000000000000000
0.0000000000000000
0.0000000000000000
0.0000000000000000
0.0000000000000000
0.0000000000000000
0.0000000000000000
0.0000000000000000
0.0000000000000000
0.0000000000000000
0.0000000000000000
0.0000000000000000
0.0000000000000000
0.0000000000000000
0.0000000000000000
0.0000000000000000
0.0000000000000000
0.0000000000000000
0.0000000000000000
0.0000000000000000
0.0000000000000000
0.0000000000000000
0.0000000000000000
0.0000000000000000
0.0000000000000000
0.0000000000000000
0.0000000000000000
0.0000000000000000
0.0000000000000000
0.0000000000000000
0.0000000000000000
0.0000000000000000
0.0000000000000000
0.0000000000000000
0.0000000000000000
0.0000000000000000
0.0000000000000000
0.0000000000000000
0.0000000000000000
0.0000000000000000
0.0000000000000000
0.0000000000000000
0.0000000000000000
0.0000000000000000
0.0000000000000000
0.0000000000000000
0.0000000000000000
0.0000000000000000
0.0000000000000000
0.0000000000000000
0.0000000000000000
0.0000000000000000
0.0000000000000000
0.0000000000000000
0.0000000000000000
0.0000000000000000
0.0000000000000000
0.0000000000000000
0.0000000000000000
0.0000000000000000
0.0000000000000000
0.0000000000000000
0.0000000000000000
0.0000000000000000
0.0000000000000000
0.0000000000000000
0.0000000000000000
0.0000000000000000
0.0000000000000000
0.0000000000000000
0.0000000000000000
0.0000000000000000
0.0000000000000000
0.0000000000000000
0.0000000000000000
0.0000000000000000
0.0000000000000000
0.0000000000000000
0.0000000000000000
0.0000000000000000
0.0000000000000000
0.0000000000000000
0.0000000000000000
0.0000000000000000
0.0000000000000000
0.0000000000000000
0.0000000000000000
0.0000000000000000
0.0000000000000000
0.0000000000000000
0.0000000000000000
0.0000000000000000
0.0000000000000000
0.0000000000000000
0.0000000000000000
0.0000000000000000
0.0000000000000000
0.0000000000000000
0.0000000000000000
0.0000000000000000
0.0000000000000000
0.0000000000000000
0.0000000000000000
0.0000000000000000
0.0000000000000000
0.0000000000000000
0.0000000000000000
0.0000000000000000
0.0000000000000000
0.0000000000000000
0.0000000000000000
0.0000000000000000
0.0000000000000000
0.0000000000000000
0.0000000000000000
0.0000000000000000
0.0000000000000000
0.0000000000000000
0.0000000000000000
0.0000000000000000
0.0000000000000000
0.0000000000000000
0.0000000000000000
0.0000000000000000
0.0000000000000000
0.0000000000000000
0.0000000000000000
0.0000000000000000
0.0000000000000000
0.0000000000000000
0.0000000000000000
0.0000000000000000
0.0000000000000000
0.0000000000000000
0.0000000000000000
0.0000000000000000
0.0000000000000000
0.0000000000000000
0.0000000000000000
0.0000000000000000
0.0000000000000000
0.0000000000000000
0.0000000000000000
0.0000000000000000
0.0000000000000000
0.0000000000000000
0.0000000000000000
0.0000000000000000
0.0000000000000000
0.0000000000000000
0.0000000000000000
0.0000000000000000
0.0000000000000000
0.0000000000000000
0.0000000000000000
0.0000000000000000
0.0000000000000000
0.0000000000000000
0.0000000000000000
0.0000000000000000
0.0000000000000000
0.0000000000000000
0.0000000000000000
0.0000000000000000
0.0000000000000000
0.0000000000000000
0.0000000000000000
0.0000000000000000
0.0000000000000000
0.0000000000000000
0.0000000000000000
0.0000000000000000
0.0000000000000000
0.0000000000000000
0.0000000000000000
0.0000000000000000
0.0000000000000000
0.0000000000000000
0.0000000000000000
0.0000000000000000
0.0000000000000000
0.0000000000000000
0.0000000000000000
0.0000000000000000
0.0000000000000000
0.0000000000000000
0.0000000000000000
0.0000000000000000
0.0000000000000000
0.0000000000000000
0.0000000000000000
0.0000000000000000
0.0000000000000000
0.0000000000000000
0.0000000000000000
0.0000000000000000
0.0000000000000000
0.0000000000000000
0.0000000000000000
0.0000000000000000
0.0000000000000000
0.0000000000000000
0.0000000000000000
0.0000000000000000
0.0000000000000000
0.0000000000000000
0.0000000000000000
0.0000000000000000
0.0000000000000000
0.0000000000000000
0.0000000000000000
0.0000000000000000
0.0000000000000000
0.0000000000000000
0.0000000000000000
0.0000000000000000
0.0000000000000000
0.0000000000000000
0.0000000000000000
0.0000000000000000
0.0000000000000000
0.0000000000000000
0.0000000000000000
0.0000000000000000
0.0000000000000000
0.0000000000000000
0.0000000000000000
0.0000000000000000
0.0000000000000000
0.0000000000000000
0.0000000000000000
0.0000000000000000
0.0000000000000000
0.0000000000000000
0.0000000000000000
0.0000000000000000
0.0000000000000000
0.0000000000000000
0.0000000000000000
0.0000000000000000
0.0000000000000000
0.0000000000000000
0.0000000000000000
0.0000000000000000
0.0000000000000000
0.0000000000000000
0.0000000000000000
0.0000000000000000
0.0000000000000000
0.0000000000000000
0.0000000000000000
0.0000000000000000
0.0000000000000000
0.0000000000000000
0.0000000000000000
0.0000000000000000
0.0000000000000000
0.0000000000000000
0.0000000000000000
0.0000000000000000
0.0000000000000000
0.0000000000000000
0.0000000000000000
0.0000000000000000
0.0000000000000000
0.0000000000000000
0.0000000000000000
0.0000000000000000
0.0000000000000000
0.0000000000000000
0.0000000000000000
0.0000000000000000
0.0000000000000000
0.0000000000000000
0.0000000000000000
0.0000000000000000
0.0000000000000000
0.0000000000000000
0.0000000000000000
0.0000000000000000
0.0000000000000000
0.0000000000000000
0.0000000000000000
0.0000000000000000
0.0000000000000000
0.0000000000000000
0.0000000000000000
0.0000000000000000
0.0000000000000000
0.0000000000000000
0.0000000000000000
0.0000000000000000
0.0000000000000000
0.0000000000000000
0.0000000000000000
0.0000000000000000
0.0000000000000000
0.0000000000000000
0.0000000000000000
0.0000000000000000
0.0000000000000000
0.0000000000000000
0.0000000000000000
0.0000000000000000
0.0000000000000000
0.0000000000000000
0.0000000000000000
0.0000000000000000
0.0000000000000000
0.0000000000000000
0.0000000000000000
0.0000000000000000
0.0000000000000000
0.0000000000000000
0.0000000000000000
0.0000000000000000
0.0000000000000000
0.0000000000000000
0.0000000000000000
0.0000000000000000
0.0000000000000000
0.0000000000000000
0.0000000000000000
0.0000000000000000
0.0000000000000000
0.0000000000000000
0.0000000000000000
0.0000000000000000
0.0000000000000000
0.0000000000000000
0.0000000000000000
0.0000000000000000
0.0000000000000000
0.0000000000000000
0.0000000000000000
0.0000000000000000
0.0000000000000000
0.0000000000000000
0.0000000000000000
0.0000000000000000
0.0000000000000000
0.0000000000000000
0.0000000000000000
0.0000000000000000
0.0000000000000000
0.0000000000000000
0.0000000000000000
0.0000000000000000
0.0000000000000000
0.0000000000000000
0.0000000000000000
0.0000000000000000
0.0000000000000000
0.0000000000000000
0.0000000000000000
0.0000000000000000
0.0000000000000000
0.0000000000000000
0.0000000000000000
0.0000000000000000
0.0000000000000000
0.0000000000000000
0.0000000000000000
0.0000000000000000
0.0000000000000000
0.0000000000000000
0.0000000000000000
0.0000000000000000
0.0000000000000000
0.0000000000000000
0.0000000000000000
0.0000000000000000
0.0000000000000000
0.0000000000000000
0.0000000000000000
0.0000000000000000
0.0000000000000000
0.0000000000000000
0.0000000000000000
0.0000000000000000
0.0000000000000000
0.0000000000000000
0.0000000000000000
0.0000000000000000
0.0000000000000000
0.0000000000000000
0.0000000000000000
0.0000000000000000
0.0000000000000000
0.0000000000000000
0.0000000000000000
0.0000000000000000
0.0000000000000000
0.0000000000000000
0.0000000000000000
0.0000000000000000
0.0000000000000000
0.0000000000000000
0.0000000000000000
0.0000000000000000
0.0000000000000000
0.0000000000000000
0.0000000000000000
0.0000000000000000
0.0000000000000000
0.0000000000000000
0.0000000000000000
0.0000000000000000
0.0000000000000000
0.0000000000000000
0.0000000000000000
0.0000000000000000
0.0000000000000000
0.0000000000000000
0.0000000000000000
0.0000000000000000
0.0000000000000000
0.0000000000000000
0.0000000000000000
0.0000000000000000
0.0000000000000000
0.0000000000000000
0.0000000000000000
0.0000000000000000
0.0000000000000000
0.0000000000000000
0.0000000000000000
0.0000000000000000
0.0000000000000000
0.0000000000000000
0.0000000000000000
0.0000000000000000
0.0000000000000000
0.0000000000000000
0.0000000000000000
0.0000000000000000
0.0000000000000000
0.0000000000000000
0.0000000000000000
0.0000000000000000
0.0000000000000000
0.0000000000000000
0.0000000000000000
0.0000000000000000
0.0000000000000000
0.0000000000000000
0.0000000000000000
0.0000000000000000
0.0000000000000000
0.0000000000000000
0.0000000000000000
0.0000000000000000
0.0000000000000000
0.0000000000000000
0.0000000000000000
0.0000000000000000
0.0000000000000000
0.0000000000000000
0.0000000000000000
0.0000000000000000
0.0000000000000000
0.0000000000000000
0.0000000000000000
0.0000000000000000
0.0000000000000000
0.0000000000000000
0.0000000000000000
0.0000000000000000
0.0000000000000000
0.0000000000000000
0.0000000000000000
0.0000000000000000
0.0000000000000000
0.0000000000000000
0.0000000000000000
0.0000000000000000
0.0000000000000000
0.0000000000000000
0.0000000000000000
0.0000000000000000
0.0000000000000000
0.0000000000000000
0.0000000000000000
0.0000000000000000
0.0000000000000000
0.0000000000000000
0.0000000000000000
0.0000000000000000
0.0000000000000000
0.0000000000000000
0.0000000000000000
0.0000000000000000
0.0000000000000000
0.0000000000000000
0.0000000000000000
0.0000000000000000
0.0000000000000000
0.0000000000000000
0.0000000000000000
0.0000000000000000
0.0000000000000000
0.0000000000000000
0.0000000000000000
0.0000000000000000
0.0000000000000000
0.0000000000000000
0.0000000000000000
0.0000000000000000
0.0000000000000000
0.0000000000000000
0.0000000000000000
0.0000000000000000
0.0000000000000000
0.0000000000000000
0.0000000000000000
0.0000000000000000
0.0000000000000000
0.0000000000000000
0.0000000000000000
0.0000000000000000
0.0000000000000000
0.0000000000000000
0.0000000000000000
0.0000000000000000
0.0000000000000000
0.0000000000000000
0.0000000000000000
0.0000000000000000
0.0000000000000000
0.0000000000000000
0.0000000000000000
0.0000000000000000
0.0000000000000000
0.0000000000000000
0.0000000000000000
0.0000000000000000
0.0000000000000000
0.0000000000000000
0.0000000000000000
0.0000000000000000
0.0000000000000000
0.0000000000000000
0.0000000000000000
0.0000000000000000
0.0000000000000000
0.0000000000000000
0.0000000000000000
0.0000000000000000
0.0000000000000000
0.0000000000000000
0.0000000000000000
0.0000000000000000
0.0000000000000000
0.0000000000000000
0.0000000000000000
0.0000000000000000
0.0000000000000000
0.0000000000000000
0.0000000000000000
0.0000000000000000
0.0000000000000000
0.0000000000000000
0.0000000000000000
0.0000000000000000
0.0000000000000000
0.0000000000000000
0.0000000000000000
0.0000000000000000
0.0000000000000000
0.0000000000000000
0.0000000000000000
0.0000000000000000
0.0000000000000000
0.0000000000000000
0.0000000000000000
0.0000000000000000
0.0000000000000000
0.0000000000000000
0.0000000000000000
0.0000000000000000
0.0000000000000000
0.0000000000000000
0.0000000000000000
0.0000000000000000
0.0000000000000000
0.0000000000000000
0.0000000000000000
0.0000000000000000
0.0000000000000000
0.0000000000000000
0.0000000000000000
0.0000000000000000
0.0000000000000000
0.0000000000000000
0.0000000000000000
0.0000000000000000
0.0000000000000000
0.0000000000000000
0.0000000000000000
0.0000000000000000
0.0000000000000000
0.0000000000000000
0.0000000000000000
0.0000000000000000
0.0000000000000000
0.0000000000000000
0.0000000000000000
0.0000000000000000
0.0000000000000000
0.0000000000000000
0.0000000000000000
0.0000000000000000
0.0000000000000000
0.0000000000000000
0.0000000000000000
0.0000000000000000
0.0000000000000000
0.0000000000000000
0.0000000000000000
0.0000000000000000
0.0000000000000000
0.0000000000000000
0.0000000000000000
0.0000000000000000
0.0000000000000000
0.0000000000000000
0.0000000000000000
0.0000000000000000
0.0000000000000000
0.0000000000000000
0.0000000000000000
0.0000000000000000
0.0000000000000000
0.0000000000000000
0.0000000000000000
0.0000000000000000
0.0000000000000000
0.0000000000000000
0.0000000000000000
0.0000000000000000
0.0000000000000000
0.0000000000000000
0.0000000000000000
0.0000000000000000
0.0000000000000000
0.0000000000000000
0.0000000000000000
0.0000000000000000
0.0000000000000000
0.0000000000000000
0.0000000000000000
0.0000000000000000
0.0000000000000000
0.0000000000000000
0.0000000000000000
0.0000000000000000
0.0000000000000000
0.0000000000000000
0.0000000000000000
0.0000000000000000
0.0000000000000000
0.0000000000000000
0.0000000000000000
0.0000000000000000
0.0000000000000000
0.0000000000000000
0.0000000000000000
0.0000000000000000
0.0000000000000000
0.0000000000000000
0.0000000000000000
0.0000000000000000
0.0000000000000000
0.0000000000000000
0.0000000000000000
0.0000000000000000
0.0000000000000000
0.0000000000000000
0.0000000000000000
0.0000000000000000
0.0000000000000000
0.0000000000000000
0.0000000000000000
0.0000000000000000
0.0000000000000000
0.0000000000000000
0.0000000000000000
0.0000000000000000
0.0000000000000000
0.0000000000000000
0.0000000000000000
0.0000000000000000
0.0000000000000000
0.0000000000000000
0.0000000000000000
0.0000000000000000
0.0000000000000000
0.0000000000000000
0.0000000000000000
0.0000000000000000
0.0000000000000000
0.0000000000000000
0.0000000000000000
0.0000000000000000
0.0000000000000000
0.0000000000000000
0.0000000000000000
0.0000000000000000
0.0000000000000000
0.0000000000000000
0.0000000000000000
0.0000000000000000
0.0000000000000000
0.0000000000000000
0.0000000000000000
0.0000000000000000
0.0000000000000000
0.0000000000000000
0.0000000000000000
0.0000000000000000
0.0000000000000000
0.0000000000000000
0.0000000000000000
0.0000000000000000
0.0000000000000000
0.0000000000000000
0.0000000000000000
0.0000000000000000
0.0000000000000000
0.0000000000000000
0.0000000000000000
0.0000000000000000
0.0000000000000000
0.0000000000000000
0.0000000000000000
0.0000000000000000
0.0000000000000000
0.0000000000000000
0.0000000000000000
0.0000000000000000
0.0000000000000000
0.0000000000000000
0.0000000000000000
0.0000000000000000
0.0000000000000000
0.0000000000000000
0.0000000000000000
0.0000000000000000
0.0000000000000000
0.0000000000000000
0.0000000000000000
0.0000000000000000
0.0000000000000000
0.0000000000000000
0.0000000000000000
0.0000000000000000
0.0000000000000000
0.0000000000000000
0.0000000000000000
0.0000000000000000
0.0000000000000000
0.0000000000000000
0.0000000000000000
0.0000000000000000
0.0000000000000000
0.0000000000000000
0.0000000000000000
0.0000000000000000
0.0000000000000000
0.0000000000000000
0.0000000000000000
0.0000000000000000
0.0000000000000000
0.0000000000000000
0.0000000000000000
0.0000000000000000
0.0000000000000000
0.0000000000000000
0.0000000000000000
0.0000000000000000
0.0000000000000000
0.0000000000000000
0.0000000000000000
0.0000000000000000
0.0000000000000000
0.0000000000000000
0.0000000000000000
0.0000000000000000
0.0000000000000000
0.0000000000000000
0.0000000000000000
0.0000000000000000
0.0000000000000000
0.0000000000000000
0.0000000000000000
0.0000000000000000
0.0000000000000000
0.0000000000000000
0.0000000000000000
0.0000000000000000
0.0000000000000000
0.0000000000000000
0.0000000000000000
0.0000000000000000
0.0000000000000000
0.0000000000000000
0.0000000000000000
0.0000000000000000
0.0000000000000000
0.0000000000000000
0.0000000000000000
0.0000000000000000
0.0000000000000000
0.0000000000000000
0.0000000000000000
0.0000000000000000
0.0000000000000000
0.0000000000000000
0.0000000000000000
0.0000000000000000
0.0000000000000000
0.0000000000000000
0.0000000000000000
0.0000000000000000
0.0000000000000000
0.0000000000000000
0.0000000000000000
0.0000000000000000
0.0000000000000000
0.0000000000000000
0.0000000000000000
0.0000000000000000
0.0000000000000000
0.0000000000000000
0.0000000000000000
0.0000000000000000
0.0000000000000000
0.0000000000000000
0.0000000000000000
0.0000000000000000
0.0000000000000000
0.0000000000000000
0.0000000000000000
0.0000000000000000
0.0000000000000000
0.0000000000000000
0.0000000000000000
0.0000000000000000
0.0000000000000000
0.0000000000000000
0.0000000000000000
0.0000000000000000
0.0000000000000000
0.0000000000000000
0.0000000000000000
0.0000000000000000
0.0000000000000000
0.0000000000000000
0.0000000000000000
0.0000000000000000
0.0000000000000000
0.0000000000000000
0.0000000000000000
0.0000000000000000
0.0000000000000000
0.0000000000000000
0.0000000000000000
0.0000000000000000
0.0000000000000000
0.0000000000000000
0.0000000000000000
0.0000000000000000
0.0000000000000000
0.0000000000000000
0.0000000000000000
0.0000000000000000
0.0000000000000000
0.0000000000000000
0.0000000000000000
0.0000000000000000
0.0000000000000000
0.0000000000000000
0.0000000000000000
0.0000000000000000
0.0000000000000000
0.0000000000000000
0.0000000000000000
0.0000000000000000
0.0000000000000000
0.0000000000000000
0.0000000000000000
0.0000000000000000
0.0000000000000000
0.0000000000000000
0.0000000000000000
0.0000000000000000
0.0000000000000000
0.0000000000000000
0.0000000000000000
0.0000000000000000
0.0000000000000000
0.0000000000000000
0.0000000000000000
0.0000000000000000
0.0000000000000000
0.0000000000000000
0.0000000000000000
0.0000000000000000
0.0000000000000000
0.0000000000000000
0.0000000000000000
0.0000000000000000
0.0000000000000000
0.0000000000000000
0.0000000000000000
0.0000000000000000
0.0000000000000000
0.0000000000000000
0.0000000000000000
0.0000000000000000
0.0000000000000000
0.0000000000000000
0.0000000000000000
0.0000000000000000
0.0000000000000000
0.0000000000000000
0.0000000000000000
0.0000000000000000
0.0000000000000000
0.0000000000000000
0.0000000000000000
0.0000000000000000
0.0000000000000000
0.0000000000000000
0.0000000000000000
0.0000000000000000
0.0000000000000000
0.0000000000000000
0.0000000000000000
0.0000000000000000
0.0000000000000000
0.0000000000000000
0.0000000000000000
0.0000000000000000
0.0000000000000000
0.0000000000000000
0.0000000000000000
0.0000000000000000
0.0000000000000000
0.0000000000000000
0.0000000000000000
0.0000000000000000
0.0000000000000000
0.0000000000000000
0.0000000000000000
0.0000000000000000
0.0000000000000000
0.0000000000000000
0.0000000000000000
0.0000000000000000
0.0000000000000000
0.0000000000000000
0.0000000000000000
0.0000000000000000
0.0000000000000000
0.0000000000000000
0.0000000000000000
0.0000000000000000
0.0000000000000000
0.0000000000000000
0.0000000000000000
0.0000000000000000
0.0000000000000000
0.0000000000000000
0.0000000000000000
0.0000000000000000
0.0000000000000000
0.0000000000000000
0.0000000000000000
0.0000000000000000
0.0000000000000000
0.0000000000000000
0.0000000000000000
0.0000000000000000
0.0000000000000000
0.0000000000000000
0.0000000000000000
0.0000000000000000
0.0000000000000000
0.0000000000000000
0.0000000000000000
0.0000000000000000
0.0000000000000000
0.0000000000000000
0.0000000000000000
0.0000000000000000
0.0000000000000000
0.0000000000000000
0.0000000000000000
0.0000000000000000
0.0000000000000000
0.0000000000000000
0.0000000000000000
0.0000000000000000
0.0000000000000000
0.0000000000000000
0.0000000000000000
0.0000000000000000
0.0000000000000000
0.0000000000000000
0.0000000000000000
0.0000000000000000
0.0000000000000000
0.0000000000000000
0.0000000000000000
0.0000000000000000
0.0000000000000000
0.0000000000000000
0.0000000000000000
0.0000000000000000
0.0000000000000000
0.0000000000000000
0.0000000000000000
0.0000000000000000
0.0000000000000000
0.0000000000000000
0.0000000000000000
0.0000000000000000
0.0000000000000000
0.0000000000000000
0.0000000000000000
0.0000000000000000
0.0000000000000000
0.0000000000000000
0.0000000000000000
0.0000000000000000
0.0000000000000000
0.0000000000000000
0.0000000000000000
0.0000000000000000
0.0000000000000000
0.0000000000000000
0.0000000000000000
0.0000000000000000
0.0000000000000000
0.0000000000000000
0.0000000000000000
0.0000000000000000
0.0000000000000000
0.0000000000000000
0.0000000000000000
0.0000000000000000
0.0000000000000000
0.0000000000000000
0.0000000000000000
0.0000000000000000
0.0000000000000000
0.0000000000000000
0.0000000000000000
0.0000000000000000
0.0000000000000000
0.0000000000000000
0.0000000000000000
0.0000000000000000
0.0000000000000000
0.0000000000000000
0.0000000000000000
0.0000000000000000
0.0000000000000000
0.0000000000000000
0.0000000000000000
0.0000000000000000
0.0000000000000000
0.0000000000000000
0.0000000000000000
0.0000000000000000
0.0000000000000000
0.0000000000000000
0.0000000000000000
0.0000000000000000
0.0000000000000000
0.0000000000000000
0.0000000000000000
0.0000000000000000
0.0000000000000000
0.0000000000000000
0.0000000000000000
0.0000000000000000
0.0000000000000000
0.0000000000000000
0.0000000000000000
0.0000000000000000
0.0000000000000000
0.0000000000000000
0.0000000000000000
0.0000000000000000
0.0000000000000000
0.0000000000000000
0.0000000000000000
0.0000000000000000
0.0000000000000000
0.0000000000000000
0.0000000000000000
0.0000000000000000
0.0000000000000000
0.0000000000000000
0.0000000000000000
0.0000000000000000
0.0000000000000000
0.0000000000000000
0.0000000000000000
0.0000000000000000
0.0000000000000000
0.0000000000000000
0.0000000000000000
0.0000000000000000
0.0000000000000000
0.0000000000000000
0.0000000000000000
0.0000000000000000
0.0000000000000000
0.0000000000000000
0.0000000000000000
0.0000000000000000
0.0000000000000000
0.0000000000000000
0.0000000000000000
0.0000000000000000
0.0000000000000000
0.0000000000000000
0.0000000000000000
0.0000000000000000
0.0000000000000000
0.0000000000000000
0.0000000000000000
0.0000000000000000
0.0000000000000000
0.0000000000000000
0.0000000000000000
0.0000000000000000
0.0000000000000000
0.0000000000000000
0.0000000000000000
0.0000000000000000
0.0000000000000000
0.0000000000000000
0.0000000000000000
0.0000000000000000
0.0000000000000000
0.0000000000000000
0.0000000000000000
0.0000000000000000
0.0000000000000000
0.0000000000000000
0.0000000000000000
0.0000000000000000
0.0000000000000000
0.0000000000000000
0.0000000000000000
0.0000000000000000
0.0000000000000000
0.0000000000000000
0.0000000000000000
0.0000000000000000
0.0000000000000000
0.0000000000000000
0.0000000000000000
0.0000000000000000
0.0000000000000000
0.0000000000000000
0.0000000000000000
0.0000000000000000
0.0000000000000000
0.0000000000000000
0.0000000000000000
0.0000000000000000
0.0000000000000000
0.0000000000000000
0.0000000000000000
0.0000000000000000
0.0000000000000000
0.0000000000000000
0.0000000000000000
0.0000000000000000
0.0000000000000000
0.0000000000000000
0.0000000000000000
0.0000000000000000
0.0000000000000000
0.0000000000000000
0.0000000000000000
0.0000000000000000
0.0000000000000000
0.0000000000000000
0.0000000000000000
0.0000000000000000
0.0000000000000000
0.0000000000000000
0.0000000000000000
0.0000000000000000
0.0000000000000000
0.0000000000000000
0.0000000000000000
0.0000000000000000
0.0000000000000000
0.0000000000000000
0.0000000000000000
0.0000000000000000
0.0000000000000000
0.0000000000000000
0.0000000000000000
0.0000000000000000
0.0000000000000000
0.0000000000000000
0.0000000000000000
0.0000000000000000
0.0000000000000000
0.0000000000000000
0.0000000000000000
0.0000000000000000
0.0000000000000000
0.0000000000000000
0.0000000000000000
0.0000000000000000
0.0000000000000000
0.0000000000000000
0.0000000000000000
0.0000000000000000
0.0000000000000000
0.0000000000000000
0.0000000000000000
0.0000000000000000
0.0000000000000000
0.0000000000000000
0.0000000000000000
0.0000000000000000
0.0000000000000000
0.0000000000000000
0.0000000000000000
0.0000000000000000
0.0000000000000000
0.0000000000000000
0.0000000000000000
0.0000000000000000
0.0000000000000000
0.0000000000000000
0.0000000000000000
0.0000000000000000
0.0000000000000000
0.0000000000000000
0.0000000000000000
0.0000000000000000
0.0000000000000000
0.0000000000000000
0.0000000000000000
0.0000000000000000
0.0000000000000000
0.0000000000000000
0.0000000000000000
0.0000000000000000
0.0000000000000000
0.0000000000000000
0.0000000000000000
0.0000000000000000
0.0000000000000000
0.0000000000000000
0.0000000000000000
0.0000000000000000
0.0000000000000000
0.0000000000000000
0.0000000000000000
0.0000000000000000
0.0000000000000000
0.0000000000000000
0.0000000000000000
0.0000000000000000
0.0000000000000000
0.0000000000000000
0.0000000000000000
0.0000000000000000
0.0000000000000000
0.0000000000000000
0.0000000000000000
0.0000000000000000
0.0000000000000000
0.0000000000000000
0.0000000000000000
0.0000000000000000
0.0000000000000000
0.0000000000000000
0.0000000000000000
0.0000000000000000
0.0000000000000000
0.0000000000000000
0.0000000000000000
0.0000000000000000
0.0000000000000000
0.0000000000000000
0.0000000000000000
0.0000000000000000
0.0000000000000000
0.0000000000000000
0.0000000000000000
0.0000000000000000
0.0000000000000000
0.0000000000000000
0.0000000000000000
0.0000000000000000
0.0000000000000000
0.0000000000000000
0.0000000000000000
0.0000000000000000
0.0000000000000000
0.0000000000000000
0.0000000000000000
0.0000000000000000
0.0000000000000000
0.0000000000000000
0.0000000000000000
0.0000000000000000
0.0000000000000000
0.0000000000000000
0.0000000000000000
0.0000000000000000
0.0000000000000000
0.0000000000000000
0.0000000000000000
0.0000000000000000
0.0000000000000000
0.0000000000000000
0.0000000000000000
0.0000000000000000
0.0000000000000000
0.0000000000000000
0.0000000000000000
0.0000000000000000
0.0000000000000000
0.0000000000000000
0.0000000000000000
0.0000000000000000
0.0000000000000000
0.0000000000000000
0.0000000000000000
0.0000000000000000
0.0000000000000000
0.0000000000000000
0.0000000000000000
0.0000000000000000
0.0000000000000000
0.0000000000000000
0.0000000000000000
0.0000000000000000
0.0000000000000000
0.0000000000000000
0.0000000000000000
0.0000000000000000
0.0000000000000000
0.0000000000000000
0.0000000000000000
0.0000000000000000
0.0000000000000000
0.0000000000000000
0.0000000000000000
0.0000000000000000
0.0000000000000000
0.0000000000000000
0.0000000000000000
0.0000000000000000
0.0000000000000000
0.0000000000000000
0.0000000000000000
0.0000000000000000
0.0000000000000000
0.0000000000000000
0.0000000000000000
0.0000000000000000
0.0000000000000000
0.0000000000000000
0.0000000000000000
0.0000000000000000
0.0000000000000000
0.0000000000000000
0.0000000000000000
0.0000000000000000
0.0000000000000000
0.0000000000000000
0.0000000000000000
0.0000000000000000
0.0000000000000000
0.0000000000000000
0.0000000000000000
0.0000000000000000
0.0000000000000000
0.0000000000000000
0.0000000000000000
0.0000000000000000
0.0000000000000000
0.0000000000000000
0.0000000000000000
0.0000000000000000
0.0000000000000000
0.0000000000000000
0.0000000000000000
0.0000000000000000
0.0000000000000000
0.0000000000000000
0.0000000000000000
0.0000000000000000
0.0000000000000000
0.0000000000000000
0.0000000000000000
0.0000000000000000
0.0000000000000000
0.0000000000000000
0.0000000000000000
0.0000000000000000
0.0000000000000000
0.0000000000000000
0.0000000000000000
0.0000000000000000
0.0000000000000000
0.0000000000000000
0.0000000000000000
0.0000000000000000
0.0000000000000000
0.0000000000000000
0.0000000000000000
0.0000000000000000
0.0000000000000000
0.0000000000000000
0.0000000000000000
0.0000000000000000
0.0000000000000000
0.0000000000000000
0.0000000000000000
0.0000000000000000
0.0000000000000000
0.0000000000000000
0.0000000000000000
0.0000000000000000
0.0000000000000000
0.0000000000000000
0.0000000000000000
0.0000000000000000
0.0000000000000000
0.0000000000000000
0.0000000000000000
0.0000000000000000
0.0000000000000000
0.0000000000000000
0.0000000000000000
0.0000000000000000
0.0000000000000000
0.0000000000000000
0.0000000000000000
0.0000000000000000
0.0000000000000000
0.0000000000000000
0.0000000000000000
0.0000000000000000
0.0000000000000000
0.0000000000000000
0.0000000000000000
0.0000000000000000
0.0000000000000000
0.0000000000000000
0.0000000000000000
0.0000000000000000
0.0000000000000000
0.0000000000000000
0.0000000000000000
0.0000000000000000
0.0000000000000000
0.0000000000000000
0.0000000000000000
0.0000000000000000
0.0000000000000000
0.0000000000000000
0.0000000000000000
0.0000000000000000
0.0000000000000000
0.0000000000000000
0.0000000000000000
0.0000000000000000
0.0000000000000000
0.0000000000000000
0.0000000000000000
0.0000000000000000
0.0000000000000000
0.0000000000000000
0.0000000000000000
0.0000000000000000
0.0000000000000000
0.0000000000000000
0.0000000000000000
0.0000000000000000
0.0000000000000000
0.0000000000000000
0.0000000000000000
0.0000000000000000
0.0000000000000000
0.0000000000000000
0.0000000000000000
0.0000000000000000
0.0000000000000000
0.0000000000000000
0.0000000000000000
0.0000000000000000
0.0000000000000000
0.0000000000000000
0.0000000000000000
0.0000000000000000
0.0000000000000000
0.0000000000000000
0.0000000000000000
0.0000000000000000
0.0000000000000000
0.0000000000000000
0.0000000000000000
0.0000000000000000
0.0000000000000000
0.0000000000000000
0.0000000000000000
0.0000000000000000
0.0000000000000000
0.0000000000000000
0.0000000000000000
0.0000000000000000
0.0000000000000000
0.0000000000000000
0.0000000000000000
0.0000000000000000
0.0000000000000000
0.0000000000000000
0.0000000000000000
0.0000000000000000
0.0000000000000000
0.0000000000000000
0.0000000000000000
0.0000000000000000
0.0000000000000000
0.0000000000000000
0.0000000000000000
0.0000000000000000
0.0000000000000000
0.0000000000000000
0.0000000000000000
0.0000000000000000
0.0000000000000000
0.0000000000000000
0.0000000000000000
0.0000000000000000
0.0000000000000000
0.0000000000000000
0.0000000000000000
0.0000000000000000
0.0000000000000000
0.0000000000000000
0.0000000000000000
0.0000000000000000
0.0000000000000000
0.0000000000000000
0.0000000000000000
0.0000000000000000
0.0000000000000000
0.0000000000000000
0.0000000000000000
0.0000000000000000
0.0000000000000000
0.0000000000000000
0.0000000000000000
0.0000000000000000
0.0000000000000000
0.0000000000000000
0.0000000000000000
0.0000000000000000
0.0000000000000000
0.0000000000000000
0.0000000000000000
0.0000000000000000
0.0000000000000000
0.0000000000000000
0.0000000000000000
0.0000000000000000
0.0000000000000000
0.0000000000000000
0.0000000000000000
0.0000000000000000
0.0000000000000000
0.0000000000000000
0.0000000000000000
0.0000000000000000
0.0000000000000000
0.0000000000000000
0.0000000000000000
0.0000000000000000
0.0000000000000000
0.0000000000000000
0.0000000000000000
0.0000000000000000
0.0000000000000000
0.0000000000000000
0.0000000000000000
0.0000000000000000
0.0000000000000000
0.0000000000000000
0.0000000000000000
0.0000000000000000
0.0000000000000000
0.0000000000000000
0.0000000000000000
0.0000000000000000
0.0000000000000000
0.0000000000000000
0.0000000000000000
0.0000000000000000
0.0000000000000000
0.0000000000000000
0.0000000000000000
0.0000000000000000
0.0000000000000000
0.0000000000000000
0.0000000000000000
0.0000000000000000
0.0000000000000000
0.0000000000000000
0.0000000000000000
0.0000000000000000
0.0000000000000000
0.0000000000000000
0.0000000000000000
0.0000000000000000
0.0000000000000000
0.0000000000000000
0.0000000000000000
0.0000000000000000
0.0000000000000000
0.0000000000000000
0.0000000000000000
0.0000000000000000
0.0000000000000000
0.0000000000000000
0.0000000000000000
0.0000000000000000
0.0000000000000000
0.0000000000000000
0.0000000000000000
0.0000000000000000
0.0000000000000000
0.0000000000000000
0.0000000000000000
0.0000000000000000
0.0000000000000000
0.0000000000000000
0.0000000000000000
0.0000000000000000
0.0000000000000000
0.0000000000000000
0.0000000000000000
0.0000000000000000
0.0000000000000000
0.0000000000000000
0.0000000000000000
0.0000000000000000
0.0000000000000000
0.0000000000000000
0.0000000000000000
0.0000000000000000
0.0000000000000000
0.0000000000000000
0.0000000000000000
0.0000000000000000
0.0000000000000000
0.0000000000000000
0.0000000000000000
0.0000000000000000
0.0000000000000000
0.0000000000000000
0.0000000000000000
0.0000000000000000
0.0000000000000000
0.0000000000000000
0.0000000000000000
0.0000000000000000
0.0000000000000000
0.0000000000000000
0.0000000000000000
0.0000000000000000
0.0000000000000000
0.0000000000000000
0.0000000000000000
0.0000000000000000
0.0000000000000000
0.0000000000000000
0.0000000000000000
0.0000000000000000
0.0000000000000000
0.0000000000000000
0.0000000000000000
0.0000000000000000
0.0000000000000000
0.0000000000000000
0.0000000000000000
0.0000000000000000
0.0000000000000000
0.0000000000000000
0.0000000000000000
0.0000000000000000
0.0000000000000000
0.0000000000000000
0.0000000000000000
0.0000000000000000
0.0000000000000000
0.0000000000000000
0.0000000000000000
0.0000000000000000
0.0000000000000000
0.0000000000000000
0.0000000000000000
0.0000000000000000
0.0000000000000000
0.0000000000000000
0.0000000000000000
0.0000000000000000
0.0000000000000000
0.0000000000000000
0.0000000000000000
0.0000000000000000
0.0000000000000000
0.0000000000000000
0.0000000000000000
0.0000000000000000
0.0000000000000000
0.0000000000000000
0.0000000000000000
0.0000000000000000
0.0000000000000000
0.0000000000000000
0.0000000000000000
0.0000000000000000
0.0000000000000000
0.0000000000000000
0.0000000000000000
0.0000000000000000
0.0000000000000000
0.0000000000000000
0.0000000000000000
0.0000000000000000
0.0000000000000000
0.0000000000000000
0.0000000000000000
0.0000000000000000
0.0000000000000000
0.0000000000000000
0.0000000000000000
0.0000000000000000
0.0000000000000000
0.0000000000000000
0.0000000000000000
0.0000000000000000
0.0000000000000000
0.0000000000000000
0.0000000000000000
0.0000000000000000
0.0000000000000000
0.0000000000000000
0.0000000000000000
0.0000000000000000
0.0000000000000000
0.0000000000000000
0.0000000000000000
0.0000000000000000
0.0000000000000000
0.0000000000000000
0.0000000000000000
0.0000000000000000
0.0000000000000000
0.0000000000000000
0.0000000000000000
0.0000000000000000
0.0000000000000000
0.0000000000000000
0.0000000000000000
0.0000000000000000
0.0000000000000000
0.0000000000000000
0.0000000000000000
0.0000000000000000
0.0000000000000000
0.0000000000000000
0.0000000000000000
0.0000000000000000
0.0000000000000000
0.0000000000000000
0.0000000000000000
0.0000000000000000
0.0000000000000000
0.0000000000000000
0.0000000000000000
0.0000000000000000
0.0000000000000000
0.0000000000000000
0.0000000000000000
0.0000000000000000
0.0000000000000000
0.0000000000000000
0.0000000000000000
0.0000000000000000
0.0000000000000000
0.0000000000000000
0.0000000000000000
0.0000000000000000
0.0000000000000000
0.0000000000000000
0.0000000000000000
0.0000000000000000
0.0000000000000000
0.0000000000000000
0.0000000000000000
0.0000000000000000
0.0000000000000000
0.0000000000000000
0.0000000000000000
0.0000000000000000
0.0000000000000000
0.0000000000000000
0.0000000000000000
0.0000000000000000
0.0000000000000000
0.0000000000000000
0.0000000000000000
0.0000000000000000
0.0000000000000000
0.0000000000000000
0.0000000000000000
0.0000000000000000
0.0000000000000000
0.0000000000000000
0.0000000000000000
0.0000000000000000
0.0000000000000000
0.0000000000000000
0.0000000000000000
0.0000000000000000
0.0000000000000000
0.0000000000000000
0.0000000000000000
0.0000000000000000
0.0000000000000000
0.0000000000000000
0.0000000000000000
0.0000000000000000
0.0000000000000000
0.0000000000000000
0.0000000000000000
0.0000000000000000
0.0000000000000000
0.0000000000000000
0.0000000000000000
0.0000000000000000
0.0000000000000000
0.0000000000000000
0.0000000000000000
0.0000000000000000
0.0000000000000000
0.0000000000000000
0.0000000000000000
0.0000000000000000
0.0000000000000000
0.0000000000000000
0.0000000000000000
0.0000000000000000
0.0000000000000000
0.0000000000000000
0.0000000000000000
0.0000000000000000
0.0000000000000000
0.0000000000000000
0.0000000000000000
0.0000000000000000
0.0000000000000000
0.0000000000000000
0.0000000000000000
0.0000000000000000
0.0000000000000000
0.0000000000000000
0.0000000000000000
0.0000000000000000
0.0000000000000000
0.0000000000000000
0.0000000000000000
0.0000000000000000
0.0000000000000000
0.0000000000000000
0.0000000000000000
0.0000000000000000
0.0000000000000000
0.0000000000000000
0.0000000000000000
0.0000000000000000
0.0000000000000000
0.0000000000000000
0.0000000000000000
0.0000000000000000
0.0000000000000000
0.0000000000000000
0.0000000000000000
0.0000000000000000
0.0000000000000000
0.0000000000000000
0.0000000000000000
0.0000000000000000
0.0000000000000000
0.0000000000000000
0.0000000000000000
0.0000000000000000
0.0000000000000000
0.0000000000000000
0.0000000000000000
0.0000000000000000
0.0000000000000000
0.0000000000000000
0.0000000000000000
0.0000000000000000
0.0000000000000000
0.0000000000000000
0.0000000000000000
0.0000000000000000
0.0000000000000000
0.0000000000000000
0.0000000000000000
0.0000000000000000
0.0000000000000000
0.0000000000000000
0.0000000000000000
0.0000000000000000
0.0000000000000000
0.0000000000000000
0.0000000000000000
0.0000000000000000
0.0000000000000000
0.0000000000000000
0.0000000000000000
0.0000000000000000
0.0000000000000000
0.0000000000000000
0.0000000000000000
0.0000000000000000
0.0000000000000000
0.0000000000000000
0.0000000000000000
0.0000000000000000
0.0000000000000000
0.0000000000000000
0.0000000000000000
0.0000000000000000
0.0000000000000000
0.0000000000000000
0.0000000000000000
0.0000000000000000
0.0000000000000000
0.0000000000000000
0.0000000000000000
0.0000000000000000
0.0000000000000000
0.0000000000000000
0.0000000000000000
0.0000000000000000
0.0000000000000000
0.0000000000000000
0.0000000000000000
0.0000000000000000
0.0000000000000000
0.0000000000000000
0.0000000000000000
0.0000000000000000
0.0000000000000000
0.0000000000000000
0.0000000000000000
0.0000000000000000
0.0000000000000000
0.0000000000000000
0.0000000000000000
0.0000000000000000
0.0000000000000000
0.0000000000000000
0.0000000000000000
0.0000000000000000
0.0000000000000000
0.0000000000000000
0.0000000000000000
0.0000000000000000
0.0000000000000000
0.0000000000000000
0.0000000000000000
0.0000000000000000
0.0000000000000000
0.0000000000000000
0.0000000000000000
0.0000000000000000
0.0000000000000000
0.0000000000000000
0.0000000000000000
0.0000000000000000
0.0000000000000000
0.0000000000000000
0.0000000000000000
0.0000000000000000
0.0000000000000000
0.0000000000000000
0.0000000000000000
0.0000000000000000
0.0000000000000000
0.0000000000000000
0.0000000000000000
0.0000000000000000
0.0000000000000000
0.0000000000000000
0.0000000000000000
0.0000000000000000
0.0000000000000000
0.0000000000000000
0.0000000000000000
0.0000000000000000
0.0000000000000000
0.0000000000000000
0.0000000000000000
0.0000000000000000
0.0000000000000000
0.0000000000000000
0.0000000000000000
0.0000000000000000
0.0000000000000000
0.0000000000000000
0.0000000000000000
0.0000000000000000
0.0000000000000000
0.0000000000000000
0.0000000000000000
0.0000000000000000
0.0000000000000000
0.0000000000000000
0.0000000000000000
0.0000000000000000
0.0000000000000000
0.0000000000000000
0.0000000000000000
0.0000000000000000
0.0000000000000000
0.0000000000000000
0.0000000000000000
0.0000000000000000
0.0000000000000000
0.0000000000000000
0.0000000000000000
0.0000000000000000
0.0000000000000000
0.0000000000000000
0.0000000000000000
0.0000000000000000
0.0000000000000000
0.0000000000000000
0.0000000000000000
0.0000000000000000
0.0000000000000000
0.0000000000000000
0.0000000000000000
0.0000000000000000
0.0000000000000000
0.0000000000000000
0.0000000000000000
0.0000000000000000
0.0000000000000000
0.0000000000000000
0.0000000000000000
0.0000000000000000
0.0000000000000000
0.0000000000000000
0.0000000000000000
0.0000000000000000
0.0000000000000000
0.0000000000000000
0.0000000000000000
0.0000000000000000
0.0000000000000000
0.0000000000000000
0.0000000000000000
0.0000000000000000
0.0000000000000000
0.0000000000000000
0.0000000000000000
0.0000000000000000
0.0000000000000000
0.0000000000000000
0.0000000000000000
0.0000000000000000
0.0000000000000000
0.0000000000000000
0.0000000000000000
0.0000000000000000
0.0000000000000000
0.0000000000000000
0.0000000000000000
0.0000000000000000
0.0000000000000000
0.0000000000000000
0.0000000000000000
0.0000000000000000
0.0000000000000000
0.0000000000000000
0.0000000000000000
0.0000000000000000
0.0000000000000000
0.0000000000000000
0.0000000000000000
0.0000000000000000
0.0000000000000000
0.0000000000000000
0.0000000000000000
0.0000000000000000
0.0000000000000000
0.0000000000000000
0.0000000000000000
0.0000000000000000
0.0000000000000000
0.0000000000000000
0.0000000000000000
0.0000000000000000
0.0000000000000000
0.0000000000000000
0.0000000000000000
0.0000000000000000
0.0000000000000000
0.0000000000000000
0.0000000000000000
0.0000000000000000
0.0000000000000000
0.0000000000000000
0.0000000000000000
0.0000000000000000
0.0000000000000000
0.0000000000000000
0.0000000000000000
0.0000000000000000
0.0000000000000000
0.0000000000000000
0.0000000000000000
0.0000000000000000
0.0000000000000000
0.0000000000000000
0.0000000000000000
0.0000000000000000
0.0000000000000000
0.0000000000000000
0.0000000000000000
0.0000000000000000
0.0000000000000000
0.0000000000000000
0.0000000000000000
0.0000000000000000
0.0000000000000000
0.0000000000000000
0.0000000000000000
0.0000000000000000
0.0000000000000000
0.0000000000000000
0.0000000000000000
0.0000000000000000
0.0000000000000000
0.0000000000000000
0.0000000000000000
0.0000000000000000
0.0000000000000000
0.0000000000000000
0.0000000000000000
0.0000000000000000
0.0000000000000000
0.0000000000000000
0.0000000000000000
0.0000000000000000
0.0000000000000000
0.0000000000000000
0.0000000000000000
0.0000000000000000
0.0000000000000000
0.0000000000000000
0.0000000000000000
0.0000000000000000
0.0000000000000000
0.0000000000000000
0.0000000000000000
0.0000000000000000
0.0000000000000000
0.0000000000000000
0.0000000000000000
0.0000000000000000
0.0000000000000000
0.0000000000000000
0.0000000000000000
0.0000000000000000
0.0000000000000000
0.0000000000000000
0.0000000000000000
0.0000000000000000
0.0000000000000000
0.0000000000000000
0.0000000000000000
0.0000000000000000
0.0000000000000000
0.0000000000000000
0.0000000000000000
0.0000000000000000
0.0000000000000000
0.0000000000000000
0.0000000000000000
0.0000000000000000
0.0000000000000000
0.0000000000000000
0.0000000000000000
0.0000000000000000
0.0000000000000000
0.0000000000000000
0.0000000000000000
0.0000000000000000
0.0000000000000000
0.0000000000000000
0.0000000000000000
0.0000000000000000
0.0000000000000000
0.0000000000000000
0.0000000000000000
0.0000000000000000
0.0000000000000000
0.0000000000000000
0.0000000000000000
0.0000000000000000
0.0000000000000000
0.0000000000000000
0.0000000000000000
0.0000000000000000
0.0000000000000000
0.0000000000000000
0.0000000000000000
0.0000000000000000
0.0000000000000000
0.0000000000000000
0.0000000000000000
0.0000000000000000
0.0000000000000000
0.0000000000000000
0.0000000000000000
0.0000000000000000
0.0000000000000000
0.0000000000000000
0.0000000000000000
0.0000000000000000
0.0000000000000000
0.0000000000000000
0.0000000000000000
0.0000000000000000
0.0000000000000000
0.0000000000000000
0.0000000000000000
0.0000000000000000
0.0000000000000000
0.0000000000000000
0.0000000000000000
0.0000000000000000
0.0000000000000000
0.0000000000000000
0.0000000000000000
0.0000000000000000
0.0000000000000000
0.0000000000000000
0.0000000000000000
0.0000000000000000
0.0000000000000000
0.0000000000000000
0.0000000000000000
0.0000000000000000
0.0000000000000000
0.0000000000000000
0.0000000000000000
0.0000000000000000
0.0000000000000000
0.0000000000000000
0.0000000000000000
0.0000000000000000
0.0000000000000000
0.0000000000000000
0.0000000000000000
0.0000000000000000
0.0000000000000000
0.0000000000000000
0.0000000000000000
0.0000000000000000
0.0000000000000000
0.0000000000000000
0.0000000000000000
0.0000000000000000
0.0000000000000000
0.0000000000000000
0.0000000000000000
0.0000000000000000
0.0000000000000000
0.0000000000000000
0.0000000000000000
0.0000000000000000
0.0000000000000000
0.0000000000000000
0.0000000000000000
0.0000000000000000
0.0000000000000000
0.0000000000000000
0.0000000000000000
0.0000000000000000
0.0000000000000000
0.0000000000000000
0.0000000000000000
0.0000000000000000
0.0000000000000000
0.0000000000000000
0.0000000000000000
0.0000000000000000
0.0000000000000000
0.0000000000000000
0.0000000000000000
0.0000000000000000
0.0000000000000000
0.0000000000000000
0.0000000000000000
0.0000000000000000
0.0000000000000000
0.0000000000000000
0.0000000000000000
0.0000000000000000
0.0000000000000000
0.0000000000000000
0.0000000000000000
0.0000000000000000
0.0000000000000000
0.0000000000000000
0.0000000000000000
0.0000000000000000
0.0000000000000000
0.0000000000000000
0.0000000000000000
0.0000000000000000
0.0000000000000000
0.0000000000000000
0.0000000000000000
0.0000000000000000
0.0000000000000000
0.0000000000000000
0.0000000000000000
0.0000000000000000
0.0000000000000000
0.0000000000000000
0.0000000000000000
0.0000000000000000
0.0000000000000000
0.0000000000000000
0.0000000000000000
0.0000000000000000
0.0000000000000000
0.0000000000000000
0.0000000000000000
0.0000000000000000
0.0000000000000000
0.0000000000000000
0.0000000000000000
0.0000000000000000
0.0000000000000000
0.0000000000000000
0.0000000000000000
0.0000000000000000
0.0000000000000000
0.0000000000000000
0.0000000000000000
0.0000000000000000
0.0000000000000000
0.0000000000000000
0.0000000000000000
0.0000000000000000
0.0000000000000000
0.0000000000000000
0.0000000000000000
0.0000000000000000
0.0000000000000000
0.0000000000000000
0.0000000000000000
0.0000000000000000
0.0000000000000000
0.0000000000000000
0.0000000000000000
0.0000000000000000
0.0000000000000000
0.0000000000000000
0.0000000000000000
0.0000000000000000
0.0000000000000000
0.0000000000000000
0.0000000000000000
0.0000000000000000
0.0000000000000000
0.0000000000000000
0.0000000000000000
0.0000000000000000
0.0000000000000000
0.0000000000000000
0.0000000000000000
0.0000000000000000
0.0000000000000000
0.0000000000000000
0.0000000000000000
0.0000000000000000
0.0000000000000000
0.0000000000000000
0.0000000000000000
0.0000000000000000
0.0000000000000000
0.0000000000000000
0.0000000000000000
0.0000000000000000
0.0000000000000000
0.0000000000000000
0.0000000000000000
0.0000000000000000
0.0000000000000000
0.0000000000000000
0.0000000000000000
0.0000000000000000
0.0000000000000000
0.0000000000000000
0.0000000000000000
0.0000000000000000
0.0000000000000000
0.0000000000000000
0.0000000000000000
0.0000000000000000
0.0000000000000000
0.0000000000000000
0.0000000000000000
0.0000000000000000
0.0000000000000000
0.0000000000000000
0.0000000000000000
0.0000000000000000
0.0000000000000000
0.0000000000000000
0.0000000000000000
0.0000000000000000
0.0000000000000000
0.0000000000000000
0.0000000000000000
0.0000000000000000
0.0000000000000000
0.0000000000000000
0.0000000000000000
0.0000000000000000
0.0000000000000000
0.0000000000000000
0.0000000000000000
0.0000000000000000
0.0000000000000000
0.0000000000000000
0.0000000000000000
0.0000000000000000
0.0000000000000000
0.0000000000000000
0.0000000000000000
0.0000000000000000
0.0000000000000000
0.0000000000000000
0.0000000000000000
0.0000000000000000
0.0000000000000000
0.0000000000000000
0.0000000000000000
0.0000000000000000
0.0000000000000000
0.0000000000000000
0.0000000000000000
0.0000000000000000
0.0000000000000000
0.0000000000000000
0.0000000000000000
0.0000000000000000
0.0000000000000000
0.0000000000000000
0.0000000000000000
0.0000000000000000
0.0000000000000000
0.0000000000000000
0.0000000000000000
0.0000000000000000
0.0000000000000000
0.0000000000000000
0.0000000000000000
0.0000000000000000
0.0000000000000000
0.0000000000000000
0.0000000000000000
0.0000000000000000
0.0000000000000000
0.0000000000000000
0.0000000000000000
0.0000000000000000
0.0000000000000000
0.0000000000000000
0.0000000000000000
0.0000000000000000
0.0000000000000000
0.0000000000000000
0.0000000000000000
0.0000000000000000
0.0000000000000000
0.0000000000000000
0.0000000000000000
0.0000000000000000
0.0000000000000000
0.0000000000000000
0.0000000000000000
0.0000000000000000
0.0000000000000000
0.0000000000000000
0.0000000000000000
0.0000000000000000
0.0000000000000000
0.0000000000000000
0.0000000000000000
0.0000000000000000
0.0000000000000000
0.0000000000000000
0.0000000000000000
0.0000000000000000
0.0000000000000000
0.0000000000000000
0.0000000000000000
0.0000000000000000
0.0000000000000000
0.0000000000000000
0.0000000000000000
0.0000000000000000
0.0000000000000000
0.0000000000000000
0.0000000000000000
0.0000000000000000
0.0000000000000000
0.0000000000000000
0.0000000000000000
0.0000000000000000
0.0000000000000000
0.0000000000000000
0.0000000000000000
0.0000000000000000
0.0000000000000000
0.0000000000000000
0.0000000000000000
0.0000000000000000
0.0000000000000000
0.0000000000000000
0.0000000000000000
0.0000000000000000
0.0000000000000000
0.0000000000000000
0.0000000000000000
0.0000000000000000
0.0000000000000000
0.0000000000000000
0.0000000000000000
0.0000000000000000
0.0000000000000000
0.0000000000000000
0.0000000000000000
0.0000000000000000
0.0000000000000000
0.0000000000000000
0.0000000000000000
0.0000000000000000
0.0000000000000000
0.0000000000000000
0.0000000000000000
0.0000000000000000
0.0000000000000000
0.0000000000000000
0.0000000000000000
0.0000000000000000
0.0000000000000000
0.0000000000000000
0.0000000000000000
0.0000000000000000
0.0000000000000000
0.0000000000000000
0.0000000000000000
0.0000000000000000
0.0000000000000000
0.0000000000000000
0.0000000000000000
0.0000000000000000
0.0000000000000000
0.0000000000000000
0.0000000000000000
0.0000000000000000
0.0000000000000000
0.0000000000000000
0.0000000000000000
0.0000000000000000
0.0000000000000000
0.0000000000000000
0.0000000000000000
0.0000000000000000
0.0000000000000000
0.0000000000000000
0.0000000000000000
0.0000000000000000
0.0000000000000000
0.0000000000000000
0.0000000000000000
0.0000000000000000
0.0000000000000000
0.0000000000000000
0.0000000000000000
0.0000000000000000
0.0000000000000000
0.0000000000000000
0.0000000000000000
0.0000000000000000
0.0000000000000000
0.0000000000000000
0.0000000000000000
0.0000000000000000
0.0000000000000000
0.0000000000000000
0.0000000000000000
0.0000000000000000
0.0000000000000000
0.0000000000000000
0.0000000000000000
0.0000000000000000
0.0000000000000000
0.0000000000000000
0.0000000000000000
0.0000000000000000
0.0000000000000000
0.0000000000000000
0.0000000000000000
0.0000000000000000
0.0000000000000000
0.0000000000000000
0.0000000000000000
0.0000000000000000
0.0000000000000000
0.0000000000000000
0.0000000000000000
0.0000000000000000
0.0000000000000000
0.0000000000000000
0.0000000000000000
0.0000000000000000
0.0000000000000000
0.0000000000000000
0.0000000000000000
0.0000000000000000
0.0000000000000000
0.0000000000000000
0.0000000000000000
0.0000000000000000
0.0000000000000000
0.0000000000000000
0.0000000000000000
0.0000000000000000
0.0000000000000000
0.0000000000000000
0.0000000000000000
0.0000000000000000
0.0000000000000000
0.0000000000000000
0.0000000000000000
0.0000000000000000
0.0000000000000000
0.0000000000000000
0.0000000000000000
0.0000000000000000
0.0000000000000000
0.0000000000000000
0.0000000000000000
0.0000000000000000
0.0000000000000000
0.0000000000000000
0.0000000000000000
0.0000000000000000
0.0000000000000000
0.0000000000000000
0.0000000000000000
0.0000000000000000
0.0000000000000000
0.0000000000000000
0.0000000000000000
0.0000000000000000
0.0000000000000000
0.0000000000000000
0.0000000000000000
0.0000000000000000
0.0000000000000000
0.0000000000000000
0.0000000000000000
0.0000000000000000
0.0000000000000000
0.0000000000000000
0.0000000000000000
0.0000000000000000
0.0000000000000000
0.0000000000000000
0.0000000000000000
0.0000000000000000
0.0000000000000000
0.0000000000000000
0.0000000000000000
0.0000000000000000
0.0000000000000000
0.0000000000000000
0.0000000000000000
0.0000000000000000
0.0000000000000000
0.0000000000000000
0.0000000000000000
0.0000000000000000
0.0000000000000000
0.0000000000000000
0.0000000000000000
0.0000000000000000
0.0000000000000000
0.0000000000000000
0.0000000000000000
0.0000000000000000
0.0000000000000000
0.0000000000000000
0.0000000000000000
0.0000000000000000
0.0000000000000000
0.0000000000000000
0.0000000000000000
0.0000000000000000
0.0000000000000000
0.0000000000000000
0.0000000000000000
0.0000000000000000
0.0000000000000000
0.0000000000000000
0.0000000000000000
0.0000000000000000
0.0000000000000000
0.0000000000000000
0.0000000000000000
0.0000000000000000
0.0000000000000000
0.0000000000000000
0.0000000000000000
0.0000000000000000
0.0000000000000000
0.0000000000000000
0.0000000000000000
0.0000000000000000
0.0000000000000000
0.0000000000000000
0.0000000000000000
0.0000000000000000
0.0000000000000000
0.0000000000000000
0.0000000000000000
0.0000000000000000
0.0000000000000000
0.0000000000000000
0.0000000000000000
0.0000000000000000
0.0000000000000000
0.0000000000000000
0.0000000000000000
0.0000000000000000
0.0000000000000000
0.0000000000000000
0.0000000000000000
0.0000000000000000
0.0000000000000000
0.0000000000000000
0.0000000000000000
0.0000000000000000
0.0000000000000000
0.0000000000000000
0.0000000000000000
0.0000000000000000
0.0000000000000000
0.0000000000000000
0.0000000000000000
0.0000000000000000
0.0000000000000000
0.0000000000000000
0.0000000000000000
0.0000000000000000
0.0000000000000000
0.0000000000000000
0.0000000000000000
0.0000000000000000
0.0000000000000000
0.0000000000000000
0.0000000000000000
0.0000000000000000
0.0000000000000000
0.0000000000000000
0.0000000000000000
0.0000000000000000
0.0000000000000000
0.0000000000000000
0.0000000000000000
0.0000000000000000
0.0000000000000000
0.0000000000000000
0.0000000000000000
0.0000000000000000
0.0000000000000000
0.0000000000000000
0.0000000000000000
0.0000000000000000
0.0000000000000000
0.0000000000000000
0.0000000000000000
0.0000000000000000
0.0000000000000000
0.0000000000000000
0.0000000000000000
0.0000000000000000
0.0000000000000000
0.0000000000000000
0.0000000000000000
0.0000000000000000
0.0000000000000000
0.0000000000000000
0.0000000000000000
0.0000000000000000
0.0000000000000000
0.0000000000000000
0.0000000000000000
0.0000000000000000
0.0000000000000000
0.0000000000000000
0.0000000000000000
0.0000000000000000
0.0000000000000000
0.0000000000000000
0.0000000000000000
0.0000000000000000
0.0000000000000000
0.0000000000000000
0.0000000000000000
0.0000000000000000
0.0000000000000000
0.0000000000000000
0.0000000000000000
0.0000000000000000
0.0000000000000000
0.0000000000000000
0.0000000000000000
0.0000000000000000
0.0000000000000000
0.0000000000000000
0.0000000000000000
0.0000000000000000
0.0000000000000000
0.0000000000000000
0.0000000000000000
0.0000000000000000
0.0000000000000000
0.0000000000000000
0.0000000000000000
0.0000000000000000
0.0000000000000000
0.0000000000000000
0.0000000000000000
0.0000000000000000
0.0000000000000000
0.0000000000000000
0.0000000000000000
0.0000000000000000
0.0000000000000000
0.0000000000000000
0.0000000000000000
0.0000000000000000
0.0000000000000000
0.0000000000000000
0.0000000000000000
0.0000000000000000
0.0000000000000000
0.0000000000000000
0.0000000000000000
0.0000000000000000
0.0000000000000000
0.0000000000000000
0.0000000000000000
0.0000000000000000
0.0000000000000000
0.0000000000000000
0.0000000000000000
0.0000000000000000
0.0000000000000000
0.0000000000000000
0.0000000000000000
0.0000000000000000
0.0000000000000000
0.0000000000000000
0.0000000000000000
0.0000000000000000
0.0000000000000000
0.0000000000000000
0.0000000000000000
0.0000000000000000
0.0000000000000000
0.0000000000000000
0.0000000000000000
0.0000000000000000
0.0000000000000000
0.0000000000000000
0.0000000000000000
0.0000000000000000
0.0000000000000000
0.0000000000000000
0.0000000000000000
0.0000000000000000
0.0000000000000000
0.0000000000000000
0.0000000000000000
0.0000000000000000
0.0000000000000000
0.0000000000000000
0.0000000000000000
0.0000000000000000
0.0000000000000000
0.0000000000000000
0.0000000000000000
0.0000000000000000
0.0000000000000000
0.0000000000000000
0.0000000000000000
0.0000000000000000
0.0000000000000000
0.0000000000000000
0.0000000000000000
0.0000000000000000
0.0000000000000000
0.0000000000000000
0.0000000000000000
0.0000000000000000
0.0000000000000000
0.0000000000000000
0.0000000000000000
0.0000000000000000
0.0000000000000000
0.0000000000000000
0.0000000000000000
0.0000000000000000
0.0000000000000000
0.0000000000000000
0.0000000000000000
0.0000000000000000
0.0000000000000000
0.0000000000000000
0.0000000000000000
0.0000000000000000
0.0000000000000000
0.0000000000000000
0.0000000000000000
0.0000000000000000
0.0000000000000000
0.0000000000000000
0.0000000000000000
0.0000000000000000
0.0000000000000000
0.0000000000000000
0.0000000000000000
0.0000000000000000
0.0000000000000000
0.0000000000000000
0.0000000000000000
0.0000000000000000
0.0000000000000000
0.0000000000000000
0.0000000000000000
0.0000000000000000
0.0000000000000000
0.0000000000000000
0.0000000000000000
0.0000000000000000
0.0000000000000000
0.0000000000000000
0.0000000000000000
0.0000000000000000
0.0000000000000000
0.0000000000000000
0.0000000000000000
0.0000000000000000
0.0000000000000000
0.0000000000000000
0.0000000000000000
0.0000000000000000
0.0000000000000000
0.0000000000000000
0.0000000000000000
0.0000000000000000
0.0000000000000000
0.0000000000000000
0.0000000000000000
0.0000000000000000
0.0000000000000000
0.0000000000000000
0.0000000000000000
0.0000000000000000
0.0000000000000000
0.0000000000000000
0.0000000000000000
0.0000000000000000
0.0000000000000000
0.0000000000000000
0.0000000000000000
0.0000000000000000
0.0000000000000000
0.0000000000000000
0.0000000000000000
0.0000000000000000
0.0000000000000000
0.0000000000000000
0.0000000000000000
0.0000000000000000
0.0000000000000000
0.0000000000000000
0.0000000000000000
0.0000000000000000
0.0000000000000000
0.0000000000000000
0.0000000000000000
0.0000000000000000
0.0000000000000000
0.0000000000000000
0.0000000000000000
0.0000000000000000
0.0000000000000000
0.0000000000000000
0.0000000000000000
0.0000000000000000
0.0000000000000000
0.0000000000000000
0.0000000000000000
0.0000000000000000
0.0000000000000000
0.0000000000000000
0.0000000000000000
0.0000000000000000
0.0000000000000000
0.0000000000000000
0.0000000000000000
0.0000000000000000
0.0000000000000000
0.0000000000000000
0.0000000000000000
0.0000000000000000
0.0000000000000000
0.0000000000000000
0.0000000000000000
0.0000000000000000
0.0000000000000000
0.0000000000000000
0.0000000000000000
0.0000000000000000
0.0000000000000000
0.0000000000000000
0.0000000000000000
0.0000000000000000
0.0000000000000000
0.0000000000000000
0.0000000000000000
0.0000000000000000
0.0000000000000000
0.0000000000000000
0.0000000000000000
0.0000000000000000
0.0000000000000000
0.0000000000000000
0.0000000000000000
0.0000000000000000
0.0000000000000000
0.0000000000000000
0.0000000000000000
0.0000000000000000
0.0000000000000000
0.0000000000000000
0.0000000000000000
0.0000000000000000
0.0000000000000000
0.0000000000000000
0.0000000000000000
0.0000000000000000
0.0000000000000000
0.0000000000000000
0.0000000000000000
0.0000000000000000
0.0000000000000000
0.0000000000000000
0.0000000000000000
0.0000000000000000
0.0000000000000000
0.0000000000000000
0.0000000000000000
0.0000000000000000
0.0000000000000000
0.0000000000000000
0.0000000000000000
0.0000000000000000
0.0000000000000000
0.0000000000000000
0.0000000000000000
0.0000000000000000
0.0000000000000000
0.0000000000000000
0.0000000000000000
0.0000000000000000
0.0000000000000000
0.0000000000000000
0.0000000000000000
0.0000000000000000
0.0000000000000000
0.0000000000000000
0.0000000000000000
0.0000000000000000
0.0000000000000000
0.0000000000000000
0.0000000000000000
0.0000000000000000
0.0000000000000000
0.0000000000000000
0.0000000000000000
0.0000000000000000
0.0000000000000000
0.0000000000000000
0.0000000000000000
0.0000000000000000
0.0000000000000000
0.0000000000000000
0.0000000000000000
0.0000000000000000
0.0000000000000000
0.0000000000000000
0.0000000000000000
0.0000000000000000
0.0000000000000000
0.0000000000000000
0.0000000000000000
0.0000000000000000
0.0000000000000000
0.0000000000000000
0.0000000000000000
0.0000000000000000
0.0000000000000000
0.0000000000000000
0.0000000000000000
0.0000000000000000
0.0000000000000000
0.0000000000000000
0.0000000000000000
0.0000000000000000
0.0000000000000000
0.0000000000000000
0.0000000000000000
0.0000000000000000
0.0000000000000000
0.0000000000000000
0.0000000000000000
0.0000000000000000
0.0000000000000000
0.0000000000000000
0.0000000000000000
0.0000000000000000
0.0000000000000000
0.0000000000000000
0.0000000000000000
0.0000000000000000
0.0000000000000000
0.0000000000000000
0.0000000000000000
0.0000000000000000
0.0000000000000000
0.0000000000000000
0.0000000000000000
0.0000000000000000
0.0000000000000000
0.0000000000000000
0.0000000000000000
0.0000000000000000
0.0000000000000000
0.0000000000000000
0.0000000000000000
0.0000000000000000
0.0000000000000000
0.0000000000000000
0.0000000000000000
0.0000000000000000
0.0000000000000000
0.0000000000000000
0.0000000000000000
0.0000000000000000
0.0000000000000000
0.0000000000000000
0.0000000000000000
0.0000000000000000
0.0000000000000000
0.0000000000000000
0.0000000000000000
0.0000000000000000
0.0000000000000000
0.0000000000000000
0.0000000000000000
0.0000000000000000
0.0000000000000000
0.0000000000000000
0.0000000000000000
0.0000000000000000
0.0000000000000000
0.0000000000000000
0.0000000000000000
0.0000000000000000
0.0000000000000000
0.0000000000000000
0.0000000000000000
0.0000000000000000
0.0000000000000000
0.0000000000000000
0.0000000000000000
0.0000000000000000
0.0000000000000000
0.0000000000000000
0.0000000000000000
0.0000000000000000
0.0000000000000000
0.0000000000000000
0.0000000000000000
0.0000000000000000
0.0000000000000000
0.0000000000000000
0.0000000000000000
0.0000000000000000
0.0000000000000000
0.0000000000000000
0.0000000000000000
0.0000000000000000
0.0000000000000000
0.0000000000000000
0.0000000000000000
0.0000000000000000
0.0000000000000000
0.0000000000000000
0.0000000000000000
0.0000000000000000
0.0000000000000000
0.0000000000000000
0.0000000000000000
0.0000000000000000
0.0000000000000000
0.0000000000000000
0.0000000000000000
0.0000000000000000
0.0000000000000000
0.0000000000000000
0.0000000000000000
0.0000000000000000
0.0000000000000000
0.0000000000000000
0.0000000000000000
0.0000000000000000
0.0000000000000000
0.0000000000000000
0.0000000000000000
0.0000000000000000
0.0000000000000000
0.0000000000000000
0.0000000000000000
0.0000000000000000
0.0000000000000000
0.0000000000000000
0.0000000000000000
0.0000000000000000
0.0000000000000000
0.0000000000000000
0.0000000000000000
0.0000000000000000
0.0000000000000000
0.0000000000000000
0.0000000000000000
0.0000000000000000
0.0000000000000000
0.0000000000000000
0.0000000000000000
0.0000000000000000
0.0000000000000000
0.0000000000000000
0.0000000000000000
0.0000000000000000
0.0000000000000000
0.0000000000000000
0.0000000000000000
0.0000000000000000
0.0000000000000000
0.0000000000000000
0.0000000000000000
0.0000000000000000
0.0000000000000000
0.0000000000000000
0.0000000000000000
0.0000000000000000
0.0000000000000000
0.0000000000000000
0.0000000000000000
0.0000000000000000
0.0000000000000000
0.0000000000000000
0.0000000000000000
0.0000000000000000
0.0000000000000000
0.0000000000000000
0.0000000000000000
0.0000000000000000
0.0000000000000000
0.0000000000000000
0.0000000000000000
0.0000000000000000
0.0000000000000000
0.0000000000000000
0.0000000000000000
0.0000000000000000
0.0000000000000000
0.0000000000000000
0.0000000000000000
0.0000000000000000
0.0000000000000000
0.0000000000000000
0.0000000000000000
0.0000000000000000
0.0000000000000000
0.0000000000000000
0.0000000000000000
0.0000000000000000
0.0000000000000000
0.0000000000000000
0.0000000000000000
0.0000000000000000
0.0000000000000000
0.0000000000000000
0.0000000000000000
0.0000000000000000
0.0000000000000000
0.0000000000000000
0.0000000000000000
0.0000000000000000
0.0000000000000000
0.0000000000000000
0.0000000000000000
0.0000000000000000
0.0000000000000000
0.0000000000000000
0.0000000000000000
0.0000000000000000
0.0000000000000000
0.0000000000000000
0.0000000000000000
0.0000000000000000
0.0000000000000000
0.0000000000000000
0.0000000000000000
0.0000000000000000
0.0000000000000000
0.0000000000000000
0.0000000000000000
0.0000000000000000
0.0000000000000000
0.0000000000000000
0.0000000000000000
0.0000000000000000
0.0000000000000000
0.0000000000000000
0.0000000000000000
0.0000000000000000
0.0000000000000000
0.0000000000000000
0.0000000000000000
0.0000000000000000
0.0000000000000000
0.0000000000000000
0.0000000000000000
0.0000000000000000
0.0000000000000000
0.0000000000000000
0.0000000000000000
0.0000000000000000
0.0000000000000000
0.0000000000000000
0.0000000000000000
0.0000000000000000
0.0000000000000000
0.0000000000000000
0.0000000000000000
0.0000000000000000
0.0000000000000000
0.0000000000000000
0.0000000000000000
0.0000000000000000
0.0000000000000000
0.0000000000000000
0.0000000000000000
0.0000000000000000
0.0000000000000000
0.0000000000000000
0.0000000000000000
0.0000000000000000
0.0000000000000000
0.0000000000000000
0.0000000000000000
0.0000000000000000
0.0000000000000000
0.0000000000000000
0.0000000000000000
0.0000000000000000
0.0000000000000000
0.0000000000000000
0.0000000000000000
0.0000000000000000
0.0000000000000000
0.0000000000000000
0.0000000000000000
0.0000000000000000
0.0000000000000000
0.0000000000000000
0.0000000000000000
0.0000000000000000
0.0000000000000000
0.0000000000000000
0.0000000000000000
0.0000000000000000
0.0000000000000000
0.0000000000000000
0.0000000000000000
0.0000000000000000
0.0000000000000000
0.0000000000000000
0.0000000000000000
0.0000000000000000
0.0000000000000000
0.0000000000000000
0.0000000000000000
0.0000000000000000
0.0000000000000000
0.0000000000000000
0.0000000000000000
0.0000000000000000
0.0000000000000000
0.0000000000000000
0.0000000000000000
0.0000000000000000
0.0000000000000000
0.0000000000000000
0.0000000000000000
0.0000000000000000
0.0000000000000000
0.0000000000000000
0.0000000000000000
0.0000000000000000
0.0000000000000000
0.0000000000000000
0.0000000000000000
0.0000000000000000
0.0000000000000000
0.0000000000000000
0.0000000000000000
0.0000000000000000
0.0000000000000000
0.0000000000000000
0.0000000000000000
0.0000000000000000
0.0000000000000000
0.0000000000000000
0.0000000000000000
0.0000000000000000
0.0000000000000000
0.0000000000000000
0.0000000000000000
0.0000000000000000
0.0000000000000000
0.0000000000000000
0.0000000000000000
0.0000000000000000
0.0000000000000000
0.0000000000000000
0.0000000000000000
0.0000000000000000
0.0000000000000000
0.0000000000000000
0.0000000000000000
0.0000000000000000
0.0000000000000000
0.0000000000000000
0.0000000000000000
0.0000000000000000
0.0000000000000000
0.0000000000000000
0.0000000000000000
0.0000000000000000
0.0000000000000000
0.0000000000000000
0.0000000000000000
0.0000000000000000
0.0000000000000000
0.0000000000000000
0.0000000000000000
0.0000000000000000
0.0000000000000000
0.0000000000000000
0.0000000000000000
0.0000000000000000
0.0000000000000000
0.0000000000000000
0.0000000000000000
0.0000000000000000
0.0000000000000000
0.0000000000000000
0.0000000000000000
0.0000000000000000
0.0000000000000000
0.0000000000000000
0.0000000000000000
0.0000000000000000
0.0000000000000000
0.0000000000000000
0.0000000000000000
0.0000000000000000
0.0000000000000000
0.0000000000000000
0.0000000000000000
0.0000000000000000
0.0000000000000000
0.0000000000000000
0.0000000000000000
0.0000000000000000
0.0000000000000000
0.0000000000000000
0.0000000000000000
0.0000000000000000
0.0000000000000000
0.0000000000000000
0.0000000000000000
0.0000000000000000
0.0000000000000000
0.0000000000000000
0.0000000000000000
0.0000000000000000
0.0000000000000000
0.0000000000000000
0.0000000000000000
0.0000000000000000
0.0000000000000000
0.0000000000000000
0.0000000000000000
0.0000000000000000
0.0000000000000000
0.0000000000000000
0.0000000000000000
0.0000000000000000
0.0000000000000000
0.0000000000000000
0.0000000000000000
0.0000000000000000
0.0000000000000000
0.0000000000000000
0.0000000000000000
0.0000000000000000
0.0000000000000000
0.0000000000000000
0.0000000000000000
0.0000000000000000
0.0000000000000000
0.0000000000000000
0.0000000000000000
0.0000000000000000
0.0000000000000000
0.0000000000000000
0.0000000000000000
0.0000000000000000
0.0000000000000000
0.0000000000000000
0.0000000000000000
0.0000000000000000
0.0000000000000000
0.0000000000000000
0.0000000000000000
0.0000000000000000
0.0000000000000000
0.0000000000000000
0.0000000000000000
0.0000000000000000
0.0000000000000000
0.0000000000000000
0.0000000000000000
0.0000000000000000
0.0000000000000000
0.0000000000000000
0.0000000000000000
0.0000000000000000
0.0000000000000000
0.0000000000000000
0.0000000000000000
0.0000000000000000
0.0000000000000000
0.0000000000000000
0.0000000000000000
0.0000000000000000
0.0000000000000000
0.0000000000000000
0.0000000000000000
0.0000000000000000
0.0000000000000000
0.0000000000000000
0.0000000000000000
0.0000000000000000
0.0000000000000000
0.0000000000000000
0.0000000000000000
0.0000000000000000
0.0000000000000000
0.0000000000000000
0.0000000000000000
0.0000000000000000
0.0000000000000000
0.0000000000000000
0.0000000000000000
0.0000000000000000
0.0000000000000000
0.0000000000000000
0.0000000000000000
0.0000000000000000
0.0000000000000000
0.0000000000000000
0.0000000000000000
0.0000000000000000
0.0000000000000000
0.0000000000000000
0.0000000000000000
0.0000000000000000
0.0000000000000000
0.0000000000000000
0.0000000000000000
0.0000000000000000
0.0000000000000000
0.0000000000000000
0.0000000000000000
0.0000000000000000
0.0000000000000000
0.0000000000000000
0.0000000000000000
0.0000000000000000
0.0000000000000000
0.0000000000000000
0.0000000000000000
0.0000000000000000
0.0000000000000000
0.0000000000000000
0.0000000000000000
0.0000000000000000
0.0000000000000000
0.0000000000000000
0.0000000000000000
0.0000000000000000
0.0000000000000000
0.0000000000000000
0.0000000000000000
0.0000000000000000
0.0000000000000000
0.0000000000000000
0.0000000000000000
0.0000000000000000
0.0000000000000000
0.0000000000000000
0.0000000000000000
0.0000000000000000
0.0000000000000000
0.0000000000000000
0.0000000000000000
0.0000000000000000
0.0000000000000000
0.0000000000000000
0.0000000000000000
0.0000000000000000
0.0000000000000000
0.0000000000000000
0.0000000000000000
0.0000000000000000
0.0000000000000000
0.0000000000000000
0.0000000000000000
0.0000000000000000
0.0000000000000000
0.0000000000000000
0.0000000000000000
0.0000000000000000
0.0000000000000000
0.0000000000000000
0.0000000000000000
0.0000000000000000
0.0000000000000000
0.0000000000000000
0.0000000000000000
0.0000000000000000
0.0000000000000000
0.0000000000000000
0.0000000000000000
0.0000000000000000
0.0000000000000000
0.0000000000000000
0.0000000000000000
0.0000000000000000
0.0000000000000000
0.0000000000000000
0.0000000000000000
0.0000000000000000
0.0000000000000000
0.0000000000000000
0.0000000000000000
0.0000000000000000
0.0000000000000000
0.0000000000000000
0.0000000000000000
0.0000000000000000
0.0000000000000000
0.0000000000000000
0.0000000000000000
0.0000000000000000
0.0000000000000000
0.0000000000000000
0.0000000000000000
0.0000000000000000
0.0000000000000000
0.0000000000000000
0.0000000000000000
0.0000000000000000
0.0000000000000000
0.0000000000000000
0.0000000000000000
0.0000000000000000
0.0000000000000000
0.0000000000000000
0.0000000000000000
0.0000000000000000
0.0000000000000000
0.0000000000000000
0.0000000000000000
0.0000000000000000
0.0000000000000000
0.0000000000000000
0.0000000000000000
0.0000000000000000
0.0000000000000000
0.0000000000000000
0.0000000000000000
0.0000000000000000
0.0000000000000000
0.0000000000000000
0.0000000000000000
0.0000000000000000
0.0000000000000000
0.0000000000000000
0.0000000000000000
0.0000000000000000
0.0000000000000000
0.0000000000000000
0.0000000000000000
0.0000000000000000
0.0000000000000000
0.0000000000000000
0.0000000000000000
0.0000000000000000
0.0000000000000000
0.0000000000000000
0.0000000000000000
0.0000000000000000
0.0000000000000000
0.0000000000000000
0.0000000000000000
0.0000000000000000
0.0000000000000000
0.0000000000000000
0.0000000000000000
0.0000000000000000
0.0000000000000000
0.0000000000000000
0.0000000000000000
0.0000000000000000
0.0000000000000000
0.0000000000000000
0.0000000000000000
0.0000000000000000
0.0000000000000000
0.0000000000000000
0.0000000000000000
0.0000000000000000
0.0000000000000000
0.0000000000000000
0.0000000000000000
0.0000000000000000
0.0000000000000000
0.0000000000000000
0.0000000000000000
0.0000000000000000
0.0000000000000000
0.0000000000000000
0.0000000000000000
0.0000000000000000
0.0000000000000000
0.0000000000000000
0.0000000000000000
0.0000000000000000
0.0000000000000000
0.0000000000000000
0.0000000000000000
0.0000000000000000
0.0000000000000000
0.0000000000000000
0.0000000000000000
0.0000000000000000
0.0000000000000000
0.0000000000000000
0.0000000000000000
0.0000000000000000
0.0000000000000000
0.0000000000000000
0.0000000000000000
0.0000000000000000
0.0000000000000000
0.0000000000000000
0.0000000000000000
0.0000000000000000
0.0000000000000000
0.0000000000000000
0.0000000000000000
0.0000000000000000
0.0000000000000000
0.0000000000000000
0.0000000000000000
0.0000000000000000
0.0000000000000000
0.0000000000000000
0.0000000000000000
0.0000000000000000
0.0000000000000000
0.0000000000000000
0.0000000000000000
0.0000000000000000
0.0000000000000000
0.0000000000000000
0.0000000000000000
0.0000000000000000
0.0000000000000000
0.0000000000000000
0.0000000000000000
0.0000000000000000
0.0000000000000000
0.0000000000000000
0.0000000000000000
0.0000000000000000
0.0000000000000000
0.0000000000000000
0.0000000000000000
0.0000000000000000
0.0000000000000000
0.0000000000000000
0.0000000000000000
0.0000000000000000
0.0000000000000000
0.0000000000000000
0.0000000000000000
0.0000000000000000
0.0000000000000000
0.0000000000000000
0.0000000000000000
0.0000000000000000
0.0000000000000000
0.0000000000000000
0.0000000000000000
0.0000000000000000
0.0000000000000000
0.0000000000000000
0.0000000000000000
0.0000000000000000
0.0000000000000000
0.0000000000000000
0.0000000000000000
0.0000000000000000
0.0000000000000000
0.0000000000000000
0.0000000000000000
0.0000000000000000
0.0000000000000000
0.0000000000000000
0.0000000000000000
0.0000000000000000
0.0000000000000000
0.0000000000000000
0.0000000000000000
0.0000000000000000
0.0000000000000000
0.0000000000000000
0.0000000000000000
0.0000000000000000
0.0000000000000000
0.0000000000000000
0.0000000000000000
0.0000000000000000
0.0000000000000000
0.0000000000000000
0.0000000000000000
0.0000000000000000
0.0000000000000000
0.0000000000000000
0.0000000000000000
0.0000000000000000
0.0000000000000000
0.0000000000000000
0.0000000000000000
0.0000000000000000
0.0000000000000000
0.0000000000000000
0.0000000000000000
0.0000000000000000
0.0000000000000000
0.0000000000000000
0.0000000000000000
0.0000000000000000
0.0000000000000000
0.0000000000000000
0.0000000000000000
0.0000000000000000
0.0000000000000000
0.0000000000000000
0.0000000000000000
0.0000000000000000
0.0000000000000000
0.0000000000000000
0.0000000000000000
0.0000000000000000
0.0000000000000000
0.0000000000000000
0.0000000000000000
0.0000000000000000
0.0000000000000000
0.0000000000000000
0.0000000000000000
0.0000000000000000
0.0000000000000000
0.0000000000000000
0.0000000000000000
0.0000000000000000
0.0000000000000000
0.0000000000000000
0.0000000000000000
0.0000000000000000
0.0000000000000000
0.0000000000000000
0.0000000000000000
0.0000000000000000
0.0000000000000000
0.0000000000000000
0.0000000000000000
0.0000000000000000
0.0000000000000000
0.0000000000000000
0.0000000000000000
0.0000000000000000
0.0000000000000000
0.0000000000000000
0.0000000000000000
0.0000000000000000
0.0000000000000000
0.0000000000000000
0.0000000000000000
0.0000000000000000
0.0000000000000000
0.0000000000000000
0.0000000000000000
0.0000000000000000
0.0000000000000000
0.0000000000000000
0.0000000000000000
0.0000000000000000
0.0000000000000000
0.0000000000000000
0.0000000000000000
0.0000000000000000
0.0000000000000000
0.0000000000000000
0.0000000000000000
0.0000000000000000
0.0000000000000000
0.0000000000000000
0.0000000000000000
0.0000000000000000
0.0000000000000000
0.0000000000000000
0.0000000000000000
0.0000000000000000
0.0000000000000000
0.0000000000000000
0.0000000000000000
0.0000000000000000
0.0000000000000000
0.0000000000000000
0.0000000000000000
0.0000000000000000
0.0000000000000000
0.0000000000000000
0.0000000000000000
0.0000000000000000
0.0000000000000000
0.0000000000000000
0.0000000000000000
0.0000000000000000
0.0000000000000000
0.0000000000000000
0.0000000000000000
0.0000000000000000
0.0000000000000000
0.0000000000000000
0.0000000000000000
0.0000000000000000
0.0000000000000000
0.0000000000000000
0.0000000000000000
0.0000000000000000
0.0000000000000000
0.0000000000000000
0.0000000000000000
0.0000000000000000
0.0000000000000000
0.0000000000000000
0.0000000000000000
0.0000000000000000
0.0000000000000000
0.0000000000000000
0.0000000000000000
0.0000000000000000
0.0000000000000000
0.0000000000000000
0.0000000000000000
0.0000000000000000
0.0000000000000000
0.0000000000000000
0.0000000000000000
0.0000000000000000
0.0000000000000000
0.0000000000000000
0.0000000000000000
0.0000000000000000
0.0000000000000000
0.0000000000000000
0.0000000000000000
0.0000000000000000
0.0000000000000000
0.0000000000000000
0.0000000000000000
0.0000000000000000
0.0000000000000000
0.0000000000000000
0.0000000000000000
0.0000000000000000
0.0000000000000000
0.0000000000000000
0.0000000000000000
0.0000000000000000
0.0000000000000000
0.0000000000000000
0.0000000000000000
0.0000000000000000
0.0000000000000000
0.0000000000000000
0.0000000000000000
0.0000000000000000
0.0000000000000000
0.0000000000000000
0.0000000000000000
0.0000000000000000
0.0000000000000000
0.0000000000000000
0.0000000000000000
0.0000000000000000
0.0000000000000000
0.0000000000000000
0.0000000000000000
0.0000000000000000
0.0000000000000000
0.0000000000000000
0.0000000000000000
0.0000000000000000
0.0000000000000000
0.0000000000000000
0.0000000000000000
0.0000000000000000
0.0000000000000000
0.0000000000000000
0.0000000000000000
0.0000000000000000
0.0000000000000000
0.0000000000000000
0.0000000000000000
0.0000000000000000
0.0000000000000000
0.0000000000000000
0.0000000000000000
0.0000000000000000
0.0000000000000000
0.0000000000000000
0.0000000000000000
0.0000000000000000
0.0000000000000000
0.0000000000000000
0.0000000000000000
0.0000000000000000
0.0000000000000000
0.0000000000000000
0.0000000000000000
0.0000000000000000
0.0000000000000000
0.0000000000000000
0.0000000000000000
0.0000000000000000
0.0000000000000000
0.0000000000000000
0.0000000000000000
0.0000000000000000
0.0000000000000000
0.0000000000000000
0.0000000000000000
0.0000000000000000
0.0000000000000000
0.0000000000000000
0.0000000000000000
0.0000000000000000
0.0000000000000000
0.0000000000000000
0.0000000000000000
0.0000000000000000
0.0000000000000000
0.0000000000000000
0.0000000000000000
0.0000000000000000
0.0000000000000000
0.0000000000000000
0.0000000000000000
0.0000000000000000
0.0000000000000000
0.0000000000000000
0.0000000000000000
0.0000000000000000
0.0000000000000000
0.0000000000000000
0.0000000000000000
0.0000000000000000
0.0000000000000000
0.0000000000000000
0.0000000000000000
0.0000000000000000
0.0000000000000000
0.0000000000000000
0.0000000000000000
0.0000000000000000
0.0000000000000000
0.0000000000000000
0.0000000000000000
0.0000000000000000
0.0000000000000000
0.0000000000000000
0.0000000000000000
0.0000000000000000
0.0000000000000000
0.0000000000000000
0.0000000000000000
0.0000000000000000
0.0000000000000000
0.0000000000000000
0.0000000000000000
0.0000000000000000
0.0000000000000000
0.0000000000000000
0.0000000000000000
0.0000000000000000
0.0000000000000000
0.0000000000000000
0.0000000000000000
0.0000000000000000
0.0000000000000000
0.0000000000000000
0.0000000000000000
0.0000000000000000
0.0000000000000000
0.0000000000000000
0.0000000000000000
0.0000000000000000
0.0000000000000000
0.0000000000000000
0.0000000000000000
0.0000000000000000
0.0000000000000000
0.0000000000000000
0.0000000000000000
0.0000000000000000
0.0000000000000000
0.0000000000000000
0.0000000000000000
0.0000000000000000
0.0000000000000000
0.0000000000000000
0.0000000000000000
0.0000000000000000
0.0000000000000000
0.0000000000000000
0.0000000000000000
0.0000000000000000
0.0000000000000000
0.0000000000000000
0.0000000000000000
0.0000000000000000
0.0000000000000000
0.0000000000000000
0.0000000000000000
0.0000000000000000
0.0000000000000000
0.0000000000000000
0.0000000000000000
0.0000000000000000
0.0000000000000000
0.0000000000000000
0.0000000000000000
0.0000000000000000
0.0000000000000000
0.0000000000000000
0.0000000000000000
0.0000000000000000
0.0000000000000000
0.0000000000000000
0.0000000000000000
0.0000000000000000
0.0000000000000000
0.0000000000000000
0.0000000000000000
0.0000000000000000
0.0000000000000000
0.0000000000000000
0.0000000000000000
0.0000000000000000
0.0000000000000000
0.0000000000000000
0.0000000000000000
0.0000000000000000
0.0000000000000000
0.0000000000000000
0.0000000000000000
0.0000000000000000
0.0000000000000000
0.0000000000000000
0.0000000000000000
0.0000000000000000
0.0000000000000000
0.0000000000000000
0.0000000000000000
0.0000000000000000
0.0000000000000000
0.0000000000000000
0.0000000000000000
0.0000000000000000
0.0000000000000000
0.0000000000000000
0.0000000000000000
0.0000000000000000
0.0000000000000000
0.0000000000000000
0.0000000000000000
0.0000000000000000
0.0000000000000000
0.0000000000000000
0.0000000000000000
0.0000000000000000
0.0000000000000000
0.0000000000000000
0.0000000000000000
0.0000000000000000
0.0000000000000000
0.0000000000000000
0.0000000000000000
0.0000000000000000
0.0000000000000000
0.0000000000000000
0.0000000000000000
0.0000000000000000
0.0000000000000000
0.0000000000000000
0.0000000000000000
0.0000000000000000
0.0000000000000000
0.0000000000000000
0.0000000000000000
0.0000000000000000
0.0000000000000000
0.0000000000000000
0.0000000000000000
0.0000000000000000
0.0000000000000000
0.0000000000000000
0.0000000000000000
0.0000000000000000
0.0000000000000000
0.0000000000000000
0.0000000000000000
0.0000000000000000
0.0000000000000000
0.0000000000000000
0.0000000000000000
0.0000000000000000
0.0000000000000000
0.0000000000000000
0.0000000000000000
0.0000000000000000
0.0000000000000000
0.0000000000000000
0.0000000000000000
0.0000000000000000
0.0000000000000000
0.0000000000000000
0.0000000000000000
0.0000000000000000
0.0000000000000000
0.0000000000000000
0.0000000000000000
0.0000000000000000
0.0000000000000000
0.0000000000000000
0.0000000000000000
0.0000000000000000
0.0000000000000000
0.0000000000000000
0.0000000000000000
0.0000000000000000
0.0000000000000000
0.0000000000000000
0.0000000000000000
0.0000000000000000
0.0000000000000000
0.0000000000000000
0.0000000000000000
0.0000000000000000
0.0000000000000000
0.0000000000000000
0.0000000000000000
0.0000000000000000
0.0000000000000000
0.0000000000000000
0.0000000000000000
0.0000000000000000
0.0000000000000000
0.0000000000000000
0.0000000000000000
0.0000000000000000
0.0000000000000000
0.0000000000000000
0.0000000000000000
0.0000000000000000
0.0000000000000000
0.0000000000000000
0.0000000000000000
0.0000000000000000
0.0000000000000000
0.0000000000000000
0.0000000000000000
0.0000000000000000
0.0000000000000000
0.0000000000000000
0.0000000000000000
0.0000000000000000
0.0000000000000000
0.0000000000000000
0.0000000000000000
0.0000000000000000
0.0000000000000000
0.0000000000000000
0.0000000000000000
0.0000000000000000
0.0000000000000000
0.0000000000000000
0.0000000000000000
0.0000000000000000
0.0000000000000000
0.0000000000000000
0.0000000000000000
0.0000000000000000
0.0000000000000000
0.0000000000000000
0.0000000000000000
0.0000000000000000
0.0000000000000000
0.0000000000000000
0.0000000000000000
0.0000000000000000
0.0000000000000000
0.0000000000000000
0.0000000000000000
0.0000000000000000
0.0000000000000000
0.0000000000000000
0.0000000000000000
0.0000000000000000
0.0000000000000000
0.0000000000000000
0.0000000000000000
0.0000000000000000
0.0000000000000000
0.0000000000000000
0.0000000000000000
0.0000000000000000
0.0000000000000000
0.0000000000000000
0.0000000000000000
0.0000000000000000
0.0000000000000000
0.0000000000000000
0.0000000000000000
0.0000000000000000
0.0000000000000000
0.0000000000000000
0.0000000000000000
0.0000000000000000
0.0000000000000000
0.0000000000000000
0.0000000000000000
0.0000000000000000
0.0000000000000000
0.0000000000000000
0.0000000000000000
0.0000000000000000
0.0000000000000000
0.0000000000000000
0.0000000000000000
0.0000000000000000
0.0000000000000000
0.0000000000000000
0.0000000000000000
0.0000000000000000
0.0000000000000000
0.0000000000000000
0.0000000000000000
0.0000000000000000
0.0000000000000000
0.0000000000000000
0.0000000000000000
0.0000000000000000
0.0000000000000000
0.0000000000000000
0.0000000000000000
0.0000000000000000
0.0000000000000000
0.0000000000000000
0.0000000000000000
0.0000000000000000
0.0000000000000000
0.0000000000000000
0.0000000000000000
0.0000000000000000
0.0000000000000000
0.0000000000000000
0.0000000000000000
0.0000000000000000
0.0000000000000000
0.0000000000000000
0.0000000000000000
0.0000000000000000
0.0000000000000000
0.0000000000000000
0.0000000000000000
0.0000000000000000
0.0000000000000000
0.0000000000000000
0.0000000000000000
0.0000000000000000
0.0000000000000000
0.0000000000000000
0.0000000000000000
0.0000000000000000
0.0000000000000000
0.0000000000000000
0.0000000000000000
0.0000000000000000
0.0000000000000000
0.0000000000000000
0.0000000000000000
0.0000000000000000
0.0000000000000000
0.0000000000000000
0.0000000000000000
0.0000000000000000
0.0000000000000000
0.0000000000000000
0.0000000000000000
0.0000000000000000
0.0000000000000000
0.0000000000000000
0.0000000000000000
0.0000000000000000
0.0000000000000000
0.0000000000000000
0.0000000000000000
0.0000000000000000
0.0000000000000000
0.0000000000000000
0.0000000000000000
0.0000000000000000
0.0000000000000000
0.0000000000000000
0.0000000000000000
0.0000000000000000
0.0000000000000000
0.0000000000000000
0.0000000000000000
0.0000000000000000
0.0000000000000000
0.0000000000000000
0.0000000000000000
0.0000000000000000
0.0000000000000000
0.0000000000000000
0.0000000000000000
0.0000000000000000
0.0000000000000000
0.0000000000000000
0.0000000000000000
0.0000000000000000
0.0000000000000000
0.0000000000000000
0.0000000000000000
0.0000000000000000
0.0000000000000000
0.0000000000000000
0.0000000000000000
0.0000000000000000
0.0000000000000000
0.0000000000000000
0.0000000000000000
0.0000000000000000
0.0000000000000000
0.0000000000000000
0.0000000000000000
0.0000000000000000
0.0000000000000000
0.0000000000000000
0.0000000000000000
0.0000000000000000
0.0000000000000000
0.0000000000000000
0.0000000000000000
0.0000000000000000
0.0000000000000000
0.0000000000000000
0.0000000000000000
0.0000000000000000
0.0000000000000000
0.0000000000000000
0.0000000000000000
0.0000000000000000
0.0000000000000000
0.0000000000000000
0.0000000000000000
0.0000000000000000
0.0000000000000000
0.0000000000000000
0.0000000000000000
0.0000000000000000
0.0000000000000000
0.0000000000000000
0.0000000000000000
0.0000000000000000
0.0000000000000000
0.0000000000000000
0.0000000000000000
0.0000000000000000
0.0000000000000000
0.0000000000000000
0.0000000000000000
0.0000000000000000
0.0000000000000000
0.0000000000000000
0.0000000000000000
0.0000000000000000
0.0000000000000000
0.0000000000000000
0.0000000000000000
0.0000000000000000
0.0000000000000000
0.0000000000000000
0.0000000000000000
0.0000000000000000
0.0000000000000000
0.0000000000000000
0.0000000000000000
0.0000000000000000
0.0000000000000000
0.0000000000000000
0.0000000000000000
0.0000000000000000
0.0000000000000000
0.0000000000000000
0.0000000000000000
0.0000000000000000
0.0000000000000000
0.0000000000000000
0.0000000000000000
0.0000000000000000
0.0000000000000000
0.0000000000000000
0.0000000000000000
0.0000000000000000
0.0000000000000000
0.0000000000000000
0.0000000000000000
0.0000000000000000
0.0000000000000000
0.0000000000000000
0.0000000000000000
0.0000000000000000
0.0000000000000000
0.0000000000000000
0.0000000000000000
0.0000000000000000
0.0000000000000000
0.0000000000000000
0.0000000000000000
0.0000000000000000
0.0000000000000000
0.0000000000000000
0.0000000000000000
0.0000000000000000
0.0000000000000000
0.0000000000000000
0.0000000000000000
0.0000000000000000
0.0000000000000000
0.0000000000000000
0.0000000000000000
0.0000000000000000
0.0000000000000000
0.0000000000000000
0.0000000000000000
0.0000000000000000
0.0000000000000000
0.0000000000000000
0.0000000000000000
0.0000000000000000
0.0000000000000000
0.0000000000000000
0.0000000000000000
0.0000000000000000
0.0000000000000000
0.0000000000000000
0.0000000000000000
0.0000000000000000
0.0000000000000000
0.0000000000000000
0.0000000000000000
0.0000000000000000
0.0000000000000000
0.0000000000000000
0.0000000000000000
0.0000000000000000
0.0000000000000000
0.0000000000000000
0.0000000000000000
0.0000000000000000
0.0000000000000000
0.0000000000000000
0.0000000000000000
0.0000000000000000
0.0000000000000000
0.0000000000000000
0.0000000000000000
0.0000000000000000
0.0000000000000000
0.0000000000000000
0.0000000000000000
0.0000000000000000
0.0000000000000000
0.0000000000000000
0.0000000000000000
0.0000000000000000
0.0000000000000000
0.0000000000000000
0.0000000000000000
0.0000000000000000
0.0000000000000000
0.0000000000000000
0.0000000000000000
0.0000000000000000
0.0000000000000000
0.0000000000000000
0.0000000000000000
0.0000000000000000
0.0000000000000000
0.0000000000000000
0.0000000000000000
0.0000000000000000
0.0000000000000000
0.0000000000000000
0.0000000000000000
0.0000000000000000
0.0000000000000000
0.0000000000000000
0.0000000000000000
0.0000000000000000
0.0000000000000000
0.0000000000000000
0.0000000000000000
0.0000000000000000
0.0000000000000000
0.0000000000000000
0.0000000000000000
0.0000000000000000
0.0000000000000000
0.0000000000000000
0.0000000000000000
0.0000000000000000
0.0000000000000000
0.0000000000000000
0.0000000000000000
0.0000000000000000
0.0000000000000000
0.0000000000000000
0.0000000000000000
0.0000000000000000
0.0000000000000000
0.0000000000000000
0.0000000000000000
0.0000000000000000
0.0000000000000000
0.0000000000000000
0.0000000000000000
0.0000000000000000
0.0000000000000000
0.0000000000000000
0.0000000000000000
0.0000000000000000
0.0000000000000000
0.0000000000000000
0.0000000000000000
0.0000000000000000
0.0000000000000000
0.0000000000000000
0.0000000000000000
0.0000000000000000
0.0000000000000000
0.0000000000000000
0.0000000000000000
0.0000000000000000
0.0000000000000000
0.0000000000000000
0.0000000000000000
0.0000000000000000
0.0000000000000000
0.0000000000000000
0.0000000000000000
0.0000000000000000
0.0000000000000000
0.0000000000000000
0.0000000000000000
0.0000000000000000
0.0000000000000000
0.0000000000000000
0.0000000000000000
0.0000000000000000
0.0000000000000000
0.0000000000000000
0.0000000000000000
0.0000000000000000
0.0000000000000000
0.0000000000000000
0.0000000000000000
0.0000000000000000
0.0000000000000000
0.0000000000000000
0.0000000000000000
0.0000000000000000
0.0000000000000000
0.0000000000000000
0.0000000000000000
0.0000000000000000
0.0000000000000000
0.0000000000000000
0.0000000000000000
0.0000000000000000
0.0000000000000000
0.0000000000000000
0.0000000000000000
0.0000000000000000
0.0000000000000000
0.0000000000000000
0.0000000000000000
0.0000000000000000
0.0000000000000000
0.0000000000000000
0.0000000000000000
0.0000000000000000
0.0000000000000000
0.0000000000000000
0.0000000000000000
0.0000000000000000
0.0000000000000000
0.0000000000000000
0.0000000000000000
0.0000000000000000
0.0000000000000000
0.0000000000000000
0.0000000000000000
0.0000000000000000
0.0000000000000000
0.0000000000000000
0.0000000000000000
0.0000000000000000
0.0000000000000000
0.0000000000000000
0.0000000000000000
0.0000000000000000
0.0000000000000000
0.0000000000000000
0.0000000000000000
0.0000000000000000
0.0000000000000000
0.0000000000000000
0.0000000000000000
0.0000000000000000
0.0000000000000000
0.0000000000000000
0.0000000000000000
0.0000000000000000
0.0000000000000000
0.0000000000000000
0.0000000000000000
0.0000000000000000
0.0000000000000000
0.0000000000000000
0.0000000000000000
0.0000000000000000
0.0000000000000000
0.0000000000000000
0.0000000000000000
0.0000000000000000
0.0000000000000000
0.0000000000000000
0.0000000000000000
0.0000000000000000
0.0000000000000000
0.0000000000000000
0.0000000000000000
0.0000000000000000
0.0000000000000000
0.0000000000000000
0.0000000000000000
0.0000000000000000
0.0000000000000000
0.0000000000000000
0.0000000000000000
0.0000000000000000
0.0000000000000000
0.0000000000000000
0.0000000000000000
0.0000000000000000
0.0000000000000000
0.0000000000000000
0.0000000000000000
0.0000000000000000


