# mixing_ratio
# rank
3
# size
32
90
12
# lbound
1
1
1
# entries
0.36171090081172816E-5
0.36171090081172816E-5
0.36171090081172816E-5
0.36171090081172816E-5
0.36171090081172816E-5
0.36171090081172816E-5
0.36171090081172816E-5
0.36171090081172816E-5
0.36171090081172816E-5
0.36171090081172816E-5
0.36171090081172816E-5
0.36171090081172816E-5
0.36171090081172816E-5
0.36171090081172816E-5
0.36171090081172816E-5
0.36171090081172816E-5
0.36171090081172816E-5
0.36171090081172816E-5
0.36171090081172816E-5
0.36171090081172816E-5
0.36171090081172816E-5
0.36171090081172816E-5
0.36171090081172816E-5
0.36171090081172816E-5
0.36171090081172816E-5
0.36171090081172816E-5
0.36171090081172816E-5
0.36171090081172816E-5
0.36171090081172816E-5
0.36171090081172816E-5
0.36171090081172816E-5
0.36171090081172816E-5
0.36171090081172816E-5
0.36171090081172816E-5
0.36171090081172816E-5
0.36171090081172816E-5
0.36171090081172816E-5
0.36171090081172816E-5
0.36171090081172816E-5
0.36171090081172816E-5
0.36171090081172816E-5
0.36171090081172816E-5
0.36171090081172816E-5
0.36171090081172816E-5
0.36171090081172816E-5
0.36171090081172816E-5
0.36171090081172816E-5
0.36171090081172816E-5
0.36171090081172816E-5
0.36171090081172816E-5
0.36171090081172816E-5
0.36171090081172816E-5
0.36171090081172816E-5
0.36171090081172816E-5
0.36171090081172816E-5
0.36171090081172816E-5
0.36171090081172816E-5
0.36171090081172816E-5
0.36171090081172816E-5
0.36171090081172816E-5
0.36171090081172816E-5
0.36171090081172816E-5
0.36171090081172816E-5
0.36171090081172816E-5
0.36171090081172816E-5
0.36171090081172816E-5
0.36171090081172816E-5
0.36171090081172816E-5
0.36171090081172816E-5
0.36171090081172816E-5
0.36171090081172816E-5
0.36171090081172816E-5
0.36171090081172816E-5
0.36171090081172816E-5
0.36171090081172816E-5
0.36171090081172816E-5
0.36171090081172816E-5
0.36171090081172816E-5
0.36171090081172816E-5
0.36171090081172816E-5
0.36171090081172816E-5
0.36171090081172816E-5
0.36171090081172816E-5
0.36171090081172816E-5
0.36171090081172816E-5
0.36171090081172816E-5
0.36171090081172816E-5
0.36171090081172816E-5
0.36171090081172816E-5
0.36171090081172816E-5
0.36171090081172816E-5
0.36171090081172816E-5
0.36171090081172816E-5
0.36171090081172816E-5
0.36171090081172816E-5
0.36171090081172816E-5
0.36171090081172816E-5
0.36171090081172816E-5
0.36171090081172816E-5
0.36171090081172816E-5
0.36171090081172816E-5
0.36171090081172816E-5
0.36171090081172816E-5
0.36171090081172816E-5
0.36171090081172816E-5
0.36171090081172816E-5
0.36171090081172816E-5
0.36171090081172816E-5
0.36171090081172816E-5
0.36171090081172816E-5
0.36171090081172816E-5
0.36171090081172816E-5
0.36171090081172816E-5
0.36171090081172816E-5
0.36171090081172816E-5
0.36171090081172816E-5
0.36171090081172816E-5
0.36171090081172816E-5
0.36171090081172816E-5
0.36171090081172816E-5
0.36171090081172816E-5
0.36171090081172816E-5
0.36171090081172816E-5
0.36171090081172816E-5
0.36171090081172816E-5
0.36171090081172816E-5
0.36171090081172816E-5
0.36171090081172816E-5
0.36171090081172816E-5
0.36171090081172816E-5
0.36171090081172816E-5
0.36171090081172816E-5
0.36171090081172816E-5
0.36171090081172816E-5
0.36171090081172816E-5
0.36171090081172816E-5
0.36171090081172816E-5
0.36171090081172816E-5
0.36171090081172816E-5
0.36171090081172816E-5
0.36171090081172816E-5
0.36171090081172816E-5
0.36171090081172816E-5
0.36171090081172816E-5
0.36171090081172816E-5
0.36171090081172816E-5
0.36171090081172816E-5
0.36171090081172816E-5
0.36171090081172816E-5
0.36171090081172816E-5
0.36171090081172816E-5
0.36171090081172816E-5
0.36171090081172816E-5
0.36171090081172816E-5
0.36171090081172816E-5
0.36171090081172816E-5
0.36171090081172816E-5
0.36171090081172816E-5
0.36171090081172816E-5
0.36171090081172816E-5
0.36171090081172816E-5
0.36171090081172816E-5
0.36171090081172816E-5
0.36171090081172816E-5
0.36171090081172816E-5
0.36171090081172816E-5
0.36171090081172816E-5
0.36171090081172816E-5
0.36171090081172816E-5
0.36171090081172816E-5
0.36171090081172816E-5
0.36171090081172816E-5
0.36171090081172816E-5
0.36171090081172816E-5
0.36171090081172816E-5
0.36171090081172816E-5
0.36171090081172816E-5
0.36171090081172816E-5
0.36171090081172816E-5
0.36171090081172816E-5
0.36171090081172816E-5
0.36171090081172816E-5
0.36171090081172816E-5
0.36171090081172816E-5
0.36171090081172816E-5
0.36171090081172816E-5
0.36171090081172816E-5
0.36171090081172816E-5
0.36171090081172816E-5
0.36171090081172816E-5
0.36171090081172816E-5
0.36171090081172816E-5
0.36171090081172816E-5
0.36171090081172816E-5
0.36171090081172816E-5
0.36171090081172816E-5
0.36171090081172816E-5
0.36171090081172816E-5
0.36171090081172816E-5
0.36171090081172816E-5
0.36171090081172816E-5
0.36171090081172816E-5
0.36171090081172816E-5
0.36171090081172816E-5
0.36171090081172816E-5
0.36171090081172816E-5
0.36171090081172816E-5
0.36171090081172816E-5
0.36171090081172816E-5
0.36171090081172816E-5
0.36171090081172816E-5
0.36171090081172816E-5
0.36171090081172816E-5
0.36171090081172816E-5
0.36171090081172816E-5
0.36171090081172816E-5
0.36171090081172816E-5
0.36171090081172816E-5
0.36171090081172816E-5
0.36171090081172816E-5
0.36171090081172816E-5
0.36171090081172816E-5
0.36171090081172816E-5
0.36171090081172816E-5
0.36171090081172816E-5
0.36171090081172816E-5
0.36171090081172816E-5
0.36171090081172816E-5
0.36171090081172816E-5
0.36171090081172816E-5
0.36171090081172816E-5
0.36171090081172816E-5
0.36171090081172816E-5
0.36171090081172816E-5
0.36171090081172816E-5
0.36171090081172816E-5
0.36171090081172816E-5
0.36171090081172816E-5
0.36171090081172816E-5
0.36171090081172816E-5
0.36171090081172816E-5
0.36171090081172816E-5
0.36171090081172816E-5
0.36171090081172816E-5
0.36171090081172816E-5
0.36171090081172816E-5
0.36171090081172816E-5
0.36171090081172816E-5
0.36171090081172816E-5
0.36171090081172816E-5
0.36171090081172816E-5
0.36171090081172816E-5
0.36171090081172816E-5
0.36171090081172816E-5
0.36171090081172816E-5
0.36171090081172816E-5
0.36171090081172816E-5
0.36171090081172816E-5
0.36171090081172816E-5
0.36171090081172816E-5
0.36171090081172816E-5
0.36171090081172816E-5
0.36171090081172816E-5
0.36171090081172816E-5
0.36171090081172816E-5
0.36171090081172816E-5
0.36171090081172816E-5
0.36171090081172816E-5
0.36171090081172816E-5
0.36171090081172816E-5
0.36171090081172816E-5
0.36171090081172816E-5
0.36171090081172816E-5
0.36171090081172816E-5
0.36171090081172816E-5
0.36171090081172816E-5
0.36171090081172816E-5
0.36171090081172816E-5
0.36171090081172816E-5
0.36171090081172816E-5
0.36171090081172816E-5
0.36171090081172816E-5
0.36171090081172816E-5
0.36171090081172816E-5
0.36171090081172816E-5
0.36171090081172816E-5
0.36171090081172816E-5
0.36171090081172816E-5
0.36171090081172816E-5
0.36171090081172816E-5
0.36171090081172816E-5
0.36171090081172816E-5
0.36171090081172816E-5
0.36171090081172816E-5
0.36171090081172816E-5
0.36171090081172816E-5
0.36171090081172816E-5
0.36171090081172816E-5
0.36171090081172816E-5
0.36171090081172816E-5
0.36171090081172816E-5
0.36171090081172816E-5
0.36171090081172816E-5
0.36171090081172816E-5
0.36171090081172816E-5
0.36171090081172816E-5
0.36171090081172816E-5
0.36171090081172816E-5
0.36171090081172816E-5
0.36171090081172816E-5
0.36171090081172816E-5
0.36171090081172816E-5
0.36171090081172816E-5
0.36171090081172816E-5
0.36171090081172816E-5
0.36171090081172816E-5
0.36171090081172816E-5
0.36171090081172816E-5
0.36171090081172816E-5
0.36171090081172816E-5
0.36171090081172816E-5
0.36171090081172816E-5
0.36171090081172816E-5
0.36171090081172816E-5
0.36171090081172816E-5
0.36171090081172816E-5
0.36171090081172816E-5
0.36171090081172816E-5
0.36171090081172816E-5
0.36171090081172816E-5
0.36171090081172816E-5
0.36171090081172816E-5
0.36171090081172816E-5
0.36171090081172816E-5
0.36171090081172816E-5
0.36171090081172816E-5
0.36171090081172816E-5
0.36171090081172816E-5
0.36171090081172816E-5
0.36171090081172816E-5
0.36171090081172816E-5
0.36171090081172816E-5
0.36171090081172816E-5
0.36171090081172816E-5
0.36171090081172816E-5
0.36171090081172816E-5
0.36171090081172816E-5
0.36171090081172816E-5
0.36171090081172816E-5
0.36171090081172816E-5
0.36171090081172816E-5
0.36171090081172816E-5
0.36171090081172816E-5
0.36171090081172816E-5
0.36171090081172816E-5
0.36171090081172816E-5
0.36171090081172816E-5
0.36171090081172816E-5
0.36171090081172816E-5
0.36171090081172816E-5
0.36171090081172816E-5
0.36171090081172816E-5
0.36171090081172816E-5
0.36171090081172816E-5
0.36171090081172816E-5
0.36171090081172816E-5
0.36171090081172816E-5
0.36171090081172816E-5
0.36171090081172816E-5
0.36171090081172816E-5
0.36171090081172816E-5
0.36171090081172816E-5
0.36171090081172816E-5
0.36171090081172816E-5
0.36171090081172816E-5
0.36171090081172816E-5
0.36171090081172816E-5
0.36171090081172816E-5
0.36171090081172816E-5
0.36171090081172816E-5
0.36171090081172816E-5
0.36171090081172816E-5
0.36171090081172816E-5
0.36171090081172816E-5
0.36171090081172816E-5
0.36171090081172816E-5
0.36171090081172816E-5
0.36171090081172816E-5
0.36171090081172816E-5
0.36171090081172816E-5
0.36171090081172816E-5
0.36171090081172816E-5
0.36171090081172816E-5
0.36171090081172816E-5
0.36171090081172816E-5
0.36171090081172816E-5
0.36171090081172816E-5
0.36171090081172816E-5
0.36171090081172816E-5
0.36171090081172816E-5
0.36171090081172816E-5
0.36171090081172816E-5
0.36171090081172816E-5
0.36171090081172816E-5
0.36171090081172816E-5
0.36171090081172816E-5
0.36171090081172816E-5
0.36171090081172816E-5
0.36171090081172816E-5
0.36171090081172816E-5
0.36171090081172816E-5
0.36171090081172816E-5
0.36171090081172816E-5
0.36171090081172816E-5
0.36171090081172816E-5
0.36171090081172816E-5
0.36171090081172816E-5
0.36171090081172816E-5
0.36171090081172816E-5
0.36171090081172816E-5
0.36171090081172816E-5
0.36171090081172816E-5
0.36171090081172816E-5
0.36171090081172816E-5
0.36171090081172816E-5
0.36171090081172816E-5
0.36171090081172816E-5
0.36171090081172816E-5
0.36171090081172816E-5
0.36171090081172816E-5
0.36171090081172816E-5
0.36171090081172816E-5
0.36171090081172816E-5
0.36171090081172816E-5
0.36171090081172816E-5
0.36171090081172816E-5
0.36171090081172816E-5
0.36171090081172816E-5
0.36171090081172816E-5
0.36171090081172816E-5
0.36171090081172816E-5
0.36171090081172816E-5
0.36171090081172816E-5
0.36171090081172816E-5
0.36171090081172816E-5
0.36171090081172816E-5
0.36171090081172816E-5
0.36171090081172816E-5
0.36171090081172816E-5
0.36171090081172816E-5
0.36171090081172816E-5
0.36171090081172816E-5
0.36171090081172816E-5
0.36171090081172816E-5
0.36171090081172816E-5
0.36171090081172816E-5
0.36171090081172816E-5
0.36171090081172816E-5
0.36171090081172816E-5
0.36171090081172816E-5
0.36171090081172816E-5
0.36171090081172816E-5
0.36171090081172816E-5
0.36171090081172816E-5
0.36171090081172816E-5
0.36171090081172816E-5
0.36171090081172816E-5
0.36171090081172816E-5
0.36171090081172816E-5
0.36171090081172816E-5
0.36171090081172816E-5
0.36171090081172816E-5
0.36171090081172816E-5
0.36171090081172816E-5
0.36171090081172816E-5
0.36171090081172816E-5
0.36171090081172816E-5
0.36171090081172816E-5
0.36171090081172816E-5
0.36171090081172816E-5
0.36171090081172816E-5
0.36171090081172816E-5
0.36171090081172816E-5
0.36171090081172816E-5
0.36171090081172816E-5
0.36171090081172816E-5
0.36171090081172816E-5
0.36171090081172816E-5
0.36171090081172816E-5
0.36171090081172816E-5
0.36171090081172816E-5
0.36171090081172816E-5
0.36171090081172816E-5
0.36171090081172816E-5
0.36171090081172816E-5
0.36171090081172816E-5
0.36171090081172816E-5
0.36171090081172816E-5
0.36171090081172816E-5
0.36171090081172816E-5
0.36171090081172816E-5
0.36171090081172816E-5
0.36171090081172816E-5
0.36171090081172816E-5
0.36171090081172816E-5
0.36171090081172816E-5
0.36171090081172816E-5
0.36171090081172816E-5
0.36171090081172816E-5
0.36171090081172816E-5
0.36171090081172816E-5
0.36171090081172816E-5
0.36171090081172816E-5
0.36171090081172816E-5
0.36171090081172816E-5
0.36171090081172816E-5
0.36171090081172816E-5
0.36171090081172816E-5
0.36171090081172816E-5
0.36171090081172816E-5
0.36171090081172816E-5
0.36171090081172816E-5
0.36171090081172816E-5
0.36171090081172816E-5
0.36171090081172816E-5
0.36171090081172816E-5
0.36171090081172816E-5
0.36171090081172816E-5
0.36171090081172816E-5
0.36171090081172816E-5
0.36171090081172816E-5
0.36171090081172816E-5
0.36171090081172816E-5
0.36171090081172816E-5
0.36171090081172816E-5
0.36171090081172816E-5
0.36171090081172816E-5
0.36171090081172816E-5
0.36171090081172816E-5
0.36171090081172816E-5
0.36171090081172816E-5
0.36171090081172816E-5
0.36171090081172816E-5
0.36171090081172816E-5
0.36171090081172816E-5
0.36171090081172816E-5
0.36171090081172816E-5
0.36171090081172816E-5
0.36171090081172816E-5
0.36171090081172816E-5
0.36171090081172816E-5
0.36171090081172816E-5
0.36171090081172816E-5
0.36171090081172816E-5
0.36171090081172816E-5
0.36171090081172816E-5
0.36171090081172816E-5
0.36171090081172816E-5
0.36171090081172816E-5
0.36171090081172816E-5
0.36171090081172816E-5
0.36171090081172816E-5
0.36171090081172816E-5
0.36171090081172816E-5
0.36171090081172816E-5
0.36171090081172816E-5
0.36171090081172816E-5
0.36171090081172816E-5
0.36171090081172816E-5
0.36171090081172816E-5
0.36171090081172816E-5
0.36171090081172816E-5
0.36171090081172816E-5
0.36171090081172816E-5
0.36171090081172816E-5
0.36171090081172816E-5
0.36171090081172816E-5
0.36171090081172816E-5
0.36171090081172816E-5
0.36171090081172816E-5
0.36171090081172816E-5
0.36171090081172816E-5
0.36171090081172816E-5
0.36171090081172816E-5
0.36171090081172816E-5
0.36171090081172816E-5
0.36171090081172816E-5
0.36171090081172816E-5
0.36171090081172816E-5
0.36171090081172816E-5
0.36171090081172816E-5
0.36171090081172816E-5
0.36171090081172816E-5
0.36171090081172816E-5
0.36171090081172816E-5
0.36171090081172816E-5
0.36171090081172816E-5
0.36171090081172816E-5
0.36171090081172816E-5
0.36171090081172816E-5
0.36171090081172816E-5
0.36171090081172816E-5
0.36171090081172816E-5
0.36171090081172816E-5
0.36171090081172816E-5
0.36171090081172816E-5
0.36171090081172816E-5
0.36171090081172816E-5
0.36171090081172816E-5
0.36171090081172816E-5
0.36171090081172816E-5
0.36171090081172816E-5
0.36171090081172816E-5
0.36171090081172816E-5
0.36171090081172816E-5
0.36171090081172816E-5
0.36171090081172816E-5
0.36171090081172816E-5
0.36171090081172816E-5
0.36171090081172816E-5
0.36171090081172816E-5
0.36171090081172816E-5
0.36171090081172816E-5
0.36171090081172816E-5
0.36171090081172816E-5
0.36171090081172816E-5
0.36171090081172816E-5
0.36171090081172816E-5
0.36171090081172816E-5
0.36171090081172816E-5
0.36171090081172816E-5
0.36171090081172816E-5
0.36171090081172816E-5
0.36171090081172816E-5
0.36171090081172816E-5
0.36171090081172816E-5
0.36171090081172816E-5
0.36171090081172816E-5
0.36171090081172816E-5
0.36171090081172816E-5
0.36171090081172816E-5
0.36171090081172816E-5
0.36171090081172816E-5
0.36171090081172816E-5
0.36171090081172816E-5
0.36171090081172816E-5
0.36171090081172816E-5
0.36171090081172816E-5
0.36171090081172816E-5
0.36171090081172816E-5
0.36171090081172816E-5
0.36171090081172816E-5
0.36171090081172816E-5
0.36171090081172816E-5
0.36171090081172816E-5
0.36171090081172816E-5
0.36171090081172816E-5
0.36171090081172816E-5
0.36171090081172816E-5
0.36171090081172816E-5
0.36171090081172816E-5
0.36171090081172816E-5
0.36171090081172816E-5
0.36171090081172816E-5
0.36171090081172816E-5
0.36171090081172816E-5
0.36171090081172816E-5
0.36171090081172816E-5
0.36171090081172816E-5
0.36171090081172816E-5
0.36171090081172816E-5
0.36171090081172816E-5
0.36171090081172816E-5
0.36171090081172816E-5
0.36171090081172816E-5
0.36171090081172816E-5
0.36171090081172816E-5
0.36171090081172816E-5
0.36171090081172816E-5
0.36171090081172816E-5
0.36171090081172816E-5
0.36171090081172816E-5
0.36171090081172816E-5
0.36171090081172816E-5
0.36171090081172816E-5
0.36171090081172816E-5
0.36171090081172816E-5
0.36171090081172816E-5
0.36171090081172816E-5
0.36171090081172816E-5
0.36171090081172816E-5
0.36171090081172816E-5
0.36171090081172816E-5
0.36171090081172816E-5
0.36171090081172816E-5
0.36171090081172816E-5
0.36171090081172816E-5
0.36171090081172816E-5
0.36171090081172816E-5
0.36171090081172816E-5
0.36171090081172816E-5
0.36171090081172816E-5
0.36171090081172816E-5
0.36171090081172816E-5
0.36171090081172816E-5
0.36171090081172816E-5
0.36171090081172816E-5
0.36171090081172816E-5
0.36171090081172816E-5
0.36171090081172816E-5
0.36171090081172816E-5
0.36171090081172816E-5
0.36171090081172816E-5
0.36171090081172816E-5
0.36171090081172816E-5
0.36171090081172816E-5
0.36171090081172816E-5
0.36171090081172816E-5
0.36171090081172816E-5
0.36171090081172816E-5
0.36171090081172816E-5
0.36171090081172816E-5
0.36171090081172816E-5
0.36171090081172816E-5
0.36171090081172816E-5
0.36171090081172816E-5
0.36171090081172816E-5
0.36171090081172816E-5
0.36171090081172816E-5
0.36171090081172816E-5
0.36171090081172816E-5
0.36171090081172816E-5
0.36171090081172816E-5
0.36171090081172816E-5
0.36171090081172816E-5
0.36171090081172816E-5
0.36171090081172816E-5
0.36171090081172816E-5
0.36171090081172816E-5
0.36171090081172816E-5
0.36171090081172816E-5
0.36171090081172816E-5
0.36171090081172816E-5
0.36171090081172816E-5
0.36171090081172816E-5
0.36171090081172816E-5
0.36171090081172816E-5
0.36171090081172816E-5
0.36171090081172816E-5
0.36171090081172816E-5
0.36171090081172816E-5
0.36171090081172816E-5
0.36171090081172816E-5
0.36171090081172816E-5
0.36171090081172816E-5
0.36171090081172816E-5
0.36171090081172816E-5
0.36171090081172816E-5
0.36171090081172816E-5
0.36171090081172816E-5
0.36171090081172816E-5
0.36171090081172816E-5
0.36171090081172816E-5
0.36171090081172816E-5
0.36171090081172816E-5
0.36171090081172816E-5
0.36171090081172816E-5
0.36171090081172816E-5
0.36171090081172816E-5
0.36171090081172816E-5
0.36171090081172816E-5
0.36171090081172816E-5
0.36171090081172816E-5
0.36171090081172816E-5
0.36171090081172816E-5
0.36171090081172816E-5
0.36171090081172816E-5
0.36171090081172816E-5
0.36171090081172816E-5
0.36171090081172816E-5
0.36171090081172816E-5
0.36171090081172816E-5
0.36171090081172816E-5
0.36171090081172816E-5
0.36171090081172816E-5
0.36171090081172816E-5
0.36171090081172816E-5
0.36171090081172816E-5
0.36171090081172816E-5
0.36171090081172816E-5
0.36171090081172816E-5
0.36171090081172816E-5
0.36171090081172816E-5
0.36171090081172816E-5
0.36171090081172816E-5
0.36171090081172816E-5
0.36171090081172816E-5
0.36171090081172816E-5
0.36171090081172816E-5
0.36171090081172816E-5
0.36171090081172816E-5
0.36171090081172816E-5
0.36171090081172816E-5
0.36171090081172816E-5
0.36171090081172816E-5
0.36171090081172816E-5
0.36171090081172816E-5
0.36171090081172816E-5
0.36171090081172816E-5
0.36171090081172816E-5
0.36171090081172816E-5
0.36171090081172816E-5
0.36171090081172816E-5
0.36171090081172816E-5
0.36171090081172816E-5
0.36171090081172816E-5
0.36171090081172816E-5
0.36171090081172816E-5
0.36171090081172816E-5
0.36171090081172816E-5
0.36171090081172816E-5
0.36171090081172816E-5
0.36171090081172816E-5
0.36171090081172816E-5
0.36171090081172816E-5
0.36171090081172816E-5
0.36171090081172816E-5
0.36171090081172816E-5
0.36171090081172816E-5
0.36171090081172816E-5
0.36171090081172816E-5
0.36171090081172816E-5
0.36171090081172816E-5
0.36171090081172816E-5
0.36171090081172816E-5
0.36171090081172816E-5
0.36171090081172816E-5
0.36171090081172816E-5
0.36171090081172816E-5
0.36171090081172816E-5
0.36171090081172816E-5
0.36171090081172816E-5
0.36171090081172816E-5
0.36171090081172816E-5
0.36171090081172816E-5
0.36171090081172816E-5
0.36171090081172816E-5
0.36171090081172816E-5
0.36171090081172816E-5
0.36171090081172816E-5
0.36171090081172816E-5
0.36171090081172816E-5
0.36171090081172816E-5
0.36171090081172816E-5
0.36171090081172816E-5
0.36171090081172816E-5
0.36171090081172816E-5
0.36171090081172816E-5
0.36171090081172816E-5
0.36171090081172816E-5
0.36171090081172816E-5
0.36171090081172816E-5
0.36171090081172816E-5
0.36171090081172816E-5
0.36171090081172816E-5
0.36171090081172816E-5
0.36171090081172816E-5
0.36171090081172816E-5
0.36171090081172816E-5
0.36171090081172816E-5
0.36171090081172816E-5
0.36171090081172816E-5
0.36171090081172816E-5
0.36171090081172816E-5
0.36171090081172816E-5
0.36171090081172816E-5
0.36171090081172816E-5
0.36171090081172816E-5
0.36171090081172816E-5
0.36171090081172816E-5
0.36171090081172816E-5
0.36171090081172816E-5
0.36171090081172816E-5
0.36171090081172816E-5
0.36171090081172816E-5
0.36171090081172816E-5
0.36171090081172816E-5
0.36171090081172816E-5
0.36171090081172816E-5
0.36171090081172816E-5
0.36171090081172816E-5
0.36171090081172816E-5
0.36171090081172816E-5
0.36171090081172816E-5
0.36171090081172816E-5
0.36171090081172816E-5
0.36171090081172816E-5
0.36171090081172816E-5
0.36171090081172816E-5
0.36171090081172816E-5
0.36171090081172816E-5
0.36171090081172816E-5
0.36171090081172816E-5
0.36171090081172816E-5
0.36171090081172816E-5
0.36171090081172816E-5
0.36171090081172816E-5
0.36171090081172816E-5
0.36171090081172816E-5
0.36171090081172816E-5
0.36171090081172816E-5
0.36171090081172816E-5
0.36171090081172816E-5
0.36171090081172816E-5
0.36171090081172816E-5
0.36171090081172816E-5
0.36171090081172816E-5
0.36171090081172816E-5
0.36171090081172816E-5
0.36171090081172816E-5
0.36171090081172816E-5
0.36171090081172816E-5
0.36171090081172816E-5
0.36171090081172816E-5
0.36171090081172816E-5
0.36171090081172816E-5
0.36171090081172816E-5
0.36171090081172816E-5
0.36171090081172816E-5
0.36171090081172816E-5
0.36171090081172816E-5
0.36171090081172816E-5
0.36171090081172816E-5
0.36171090081172816E-5
0.36171090081172816E-5
0.36171090081172816E-5
0.36171090081172816E-5
0.36171090081172816E-5
0.36171090081172816E-5
0.36171090081172816E-5
0.36171090081172816E-5
0.36171090081172816E-5
0.36171090081172816E-5
0.36171090081172816E-5
0.36171090081172816E-5
0.36171090081172816E-5
0.36171090081172816E-5
0.36171090081172816E-5
0.36171090081172816E-5
0.36171090081172816E-5
0.36171090081172816E-5
0.36171090081172816E-5
0.36171090081172816E-5
0.36171090081172816E-5
0.36171090081172816E-5
0.36171090081172816E-5
0.36171090081172816E-5
0.36171090081172816E-5
0.36171090081172816E-5
0.36171090081172816E-5
0.36171090081172816E-5
0.36171090081172816E-5
0.36171090081172816E-5
0.36171090081172816E-5
0.36171090081172816E-5
0.36171090081172816E-5
0.36171090081172816E-5
0.36171090081172816E-5
0.36171090081172816E-5
0.36171090081172816E-5
0.36171090081172816E-5
0.36171090081172816E-5
0.36171090081172816E-5
0.36171090081172816E-5
0.36171090081172816E-5
0.36171090081172816E-5
0.36171090081172816E-5
0.36171090081172816E-5
0.36171090081172816E-5
0.36171090081172816E-5
0.36171090081172816E-5
0.36171090081172816E-5
0.36171090081172816E-5
0.36171090081172816E-5
0.36171090081172816E-5
0.36171090081172816E-5
0.36171090081172816E-5
0.36171090081172816E-5
0.36171090081172816E-5
0.36171090081172816E-5
0.36171090081172816E-5
0.36171090081172816E-5
0.36171090081172816E-5
0.36171090081172816E-5
0.36171090081172816E-5
0.36171090081172816E-5
0.36171090081172816E-5
0.36171090081172816E-5
0.36171090081172816E-5
0.36171090081172816E-5
0.36171090081172816E-5
0.36171090081172816E-5
0.36171090081172816E-5
0.36171090081172816E-5
0.36171090081172816E-5
0.36171090081172816E-5
0.36171090081172816E-5
0.36171090081172816E-5
0.36171090081172816E-5
0.36171090081172816E-5
0.36171090081172816E-5
0.36171090081172816E-5
0.36171090081172816E-5
0.36171090081172816E-5
0.36171090081172816E-5
0.36171090081172816E-5
0.36171090081172816E-5
0.36171090081172816E-5
0.36171090081172816E-5
0.36171090081172816E-5
0.36171090081172816E-5
0.36171090081172816E-5
0.36171090081172816E-5
0.36171090081172816E-5
0.36171090081172816E-5
0.36171090081172816E-5
0.36171090081172816E-5
0.36171090081172816E-5
0.36171090081172816E-5
0.36171090081172816E-5
0.36171090081172816E-5
0.36171090081172816E-5
0.36171090081172816E-5
0.36171090081172816E-5
0.36171090081172816E-5
0.36171090081172816E-5
0.36171090081172816E-5
0.36171090081172816E-5
0.36171090081172816E-5
0.36171090081172816E-5
0.36171090081172816E-5
0.36171090081172816E-5
0.36171090081172816E-5
0.36171090081172816E-5
0.36171090081172816E-5
0.36171090081172816E-5
0.36171090081172816E-5
0.36171090081172816E-5
0.36171090081172816E-5
0.36171090081172816E-5
0.36171090081172816E-5
0.36171090081172816E-5
0.36171090081172816E-5
0.36171090081172816E-5
0.36171090081172816E-5
0.36171090081172816E-5
0.36171090081172816E-5
0.36171090081172816E-5
0.36171090081172816E-5
0.36171090081172816E-5
0.36171090081172816E-5
0.36171090081172816E-5
0.36171090081172816E-5
0.36171090081172816E-5
0.36171090081172816E-5
0.36171090081172816E-5
0.36171090081172816E-5
0.36171090081172816E-5
0.36171090081172816E-5
0.36171090081172816E-5
0.36171090081172816E-5
0.36171090081172816E-5
0.36171090081172816E-5
0.36171090081172816E-5
0.36171090081172816E-5
0.36171090081172816E-5
0.36171090081172816E-5
0.36171090081172816E-5
0.36171090081172816E-5
0.36171090081172816E-5
0.36171090081172816E-5
0.36171090081172816E-5
0.36171090081172816E-5
0.36171090081172816E-5
0.36171090081172816E-5
0.36171090081172816E-5
0.36171090081172816E-5
0.36171090081172816E-5
0.36171090081172816E-5
0.36171090081172816E-5
0.36171090081172816E-5
0.36171090081172816E-5
0.36171090081172816E-5
0.36171090081172816E-5
0.36171090081172816E-5
0.36171090081172816E-5
0.36171090081172816E-5
0.36171090081172816E-5
0.36171090081172816E-5
0.36171090081172816E-5
0.36171090081172816E-5
0.36171090081172816E-5
0.36171090081172816E-5
0.36171090081172816E-5
0.36171090081172816E-5
0.36171090081172816E-5
0.36171090081172816E-5
0.36171090081172816E-5
0.36171090081172816E-5
0.36171090081172816E-5
0.36171090081172816E-5
0.36171090081172816E-5
0.36171090081172816E-5
0.36171090081172816E-5
0.36171090081172816E-5
0.36171090081172816E-5
0.36171090081172816E-5
0.36171090081172816E-5
0.36171090081172816E-5
0.36171090081172816E-5
0.36171090081172816E-5
0.36171090081172816E-5
0.36171090081172816E-5
0.36171090081172816E-5
0.36171090081172816E-5
0.36171090081172816E-5
0.36171090081172816E-5
0.36171090081172816E-5
0.36171090081172816E-5
0.36171090081172816E-5
0.36171090081172816E-5
0.36171090081172816E-5
0.36171090081172816E-5
0.36171090081172816E-5
0.36171090081172816E-5
0.36171090081172816E-5
0.36171090081172816E-5
0.36171090081172816E-5
0.36171090081172816E-5
0.36171090081172816E-5
0.36171090081172816E-5
0.36171090081172816E-5
0.36171090081172816E-5
0.36171090081172816E-5
0.36171090081172816E-5
0.36171090081172816E-5
0.36171090081172816E-5
0.36171090081172816E-5
0.36171090081172816E-5
0.36171090081172816E-5
0.36171090081172816E-5
0.36171090081172816E-5
0.36171090081172816E-5
0.36171090081172816E-5
0.36171090081172816E-5
0.36171090081172816E-5
0.36171090081172816E-5
0.36171090081172816E-5
0.36171090081172816E-5
0.36171090081172816E-5
0.36171090081172816E-5
0.36171090081172816E-5
0.36171090081172816E-5
0.36171090081172816E-5
0.36171090081172816E-5
0.36171090081172816E-5
0.36171090081172816E-5
0.36171090081172816E-5
0.36171090081172816E-5
0.36171090081172816E-5
0.36171090081172816E-5
0.36171090081172816E-5
0.36171090081172816E-5
0.36171090081172816E-5
0.36171090081172816E-5
0.36171090081172816E-5
0.36171090081172816E-5
0.36171090081172816E-5
0.36171090081172816E-5
0.36171090081172816E-5
0.36171090081172816E-5
0.36171090081172816E-5
0.36171090081172816E-5
0.36171090081172816E-5
0.36171090081172816E-5
0.36171090081172816E-5
0.36171090081172816E-5
0.36171090081172816E-5
0.36171090081172816E-5
0.36171090081172816E-5
0.36171090081172816E-5
0.36171090081172816E-5
0.36171090081172816E-5
0.36171090081172816E-5
0.36171090081172816E-5
0.36171090081172816E-5
0.36171090081172816E-5
0.36171090081172816E-5
0.36171090081172816E-5
0.36171090081172816E-5
0.36171090081172816E-5
0.36171090081172816E-5
0.36171090081172816E-5
0.36171090081172816E-5
0.36171090081172816E-5
0.36171090081172816E-5
0.36171090081172816E-5
0.36171090081172816E-5
0.36171090081172816E-5
0.36171090081172816E-5
0.36171090081172816E-5
0.36171090081172816E-5
0.36171090081172816E-5
0.36171090081172816E-5
0.36171090081172816E-5
0.36171090081172816E-5
0.36171090081172816E-5
0.36171090081172816E-5
0.36171090081172816E-5
0.36171090081172816E-5
0.36171090081172816E-5
0.36171090081172816E-5
0.36171090081172816E-5
0.36171090081172816E-5
0.36171090081172816E-5
0.36171090081172816E-5
0.36171090081172816E-5
0.36171090081172816E-5
0.36171090081172816E-5
0.36171090081172816E-5
0.36171090081172816E-5
0.36171090081172816E-5
0.36171090081172816E-5
0.36171090081172816E-5
0.36171090081172816E-5
0.36171090081172816E-5
0.36171090081172816E-5
0.36171090081172816E-5
0.36171090081172816E-5
0.36171090081172816E-5
0.36171090081172816E-5
0.36171090081172816E-5
0.36171090081172816E-5
0.36171090081172816E-5
0.36171090081172816E-5
0.36171090081172816E-5
0.36171090081172816E-5
0.36171090081172816E-5
0.36171090081172816E-5
0.36171090081172816E-5
0.36171090081172816E-5
0.36171090081172816E-5
0.36171090081172816E-5
0.36171090081172816E-5
0.36171090081172816E-5
0.36171090081172816E-5
0.36171090081172816E-5
0.36171090081172816E-5
0.36171090081172816E-5
0.36171090081172816E-5
0.36171090081172816E-5
0.36171090081172816E-5
0.36171090081172816E-5
0.36171090081172816E-5
0.36171090081172816E-5
0.36171090081172816E-5
0.36171090081172816E-5
0.36171090081172816E-5
0.36171090081172816E-5
0.36171090081172816E-5
0.36171090081172816E-5
0.36171090081172816E-5
0.36171090081172816E-5
0.36171090081172816E-5
0.36171090081172816E-5
0.36171090081172816E-5
0.36171090081172816E-5
0.36171090081172816E-5
0.36171090081172816E-5
0.36171090081172816E-5
0.36171090081172816E-5
0.36171090081172816E-5
0.36171090081172816E-5
0.36171090081172816E-5
0.36171090081172816E-5
0.36171090081172816E-5
0.36171090081172816E-5
0.36171090081172816E-5
0.36171090081172816E-5
0.36171090081172816E-5
0.36171090081172816E-5
0.36171090081172816E-5
0.36171090081172816E-5
0.36171090081172816E-5
0.36171090081172816E-5
0.36171090081172816E-5
0.36171090081172816E-5
0.36171090081172816E-5
0.36171090081172816E-5
0.36171090081172816E-5
0.36171090081172816E-5
0.36171090081172816E-5
0.36171090081172816E-5
0.36171090081172816E-5
0.36171090081172816E-5
0.36171090081172816E-5
0.36171090081172816E-5
0.36171090081172816E-5
0.36171090081172816E-5
0.36171090081172816E-5
0.36171090081172816E-5
0.36171090081172816E-5
0.36171090081172816E-5
0.36171090081172816E-5
0.36171090081172816E-5
0.36171090081172816E-5
0.36171090081172816E-5
0.36171090081172816E-5
0.36171090081172816E-5
0.36171090081172816E-5
0.36171090081172816E-5
0.36171090081172816E-5
0.36171090081172816E-5
0.36171090081172816E-5
0.36171090081172816E-5
0.36171090081172816E-5
0.36171090081172816E-5
0.36171090081172816E-5
0.36171090081172816E-5
0.36171090081172816E-5
0.36171090081172816E-5
0.36171090081172816E-5
0.36171090081172816E-5
0.36171090081172816E-5
0.36171090081172816E-5
0.36171090081172816E-5
0.36171090081172816E-5
0.36171090081172816E-5
0.36171090081172816E-5
0.36171090081172816E-5
0.36171090081172816E-5
0.36171090081172816E-5
0.36171090081172816E-5
0.36171090081172816E-5
0.36171090081172816E-5
0.36171090081172816E-5
0.36171090081172816E-5
0.36171090081172816E-5
0.36171090081172816E-5
0.36171090081172816E-5
0.36171090081172816E-5
0.36171090081172816E-5
0.36171090081172816E-5
0.36171090081172816E-5
0.36171090081172816E-5
0.36171090081172816E-5
0.36171090081172816E-5
0.36171090081172816E-5
0.36171090081172816E-5
0.36171090081172816E-5
0.36171090081172816E-5
0.36171090081172816E-5
0.36171090081172816E-5
0.36171090081172816E-5
0.36171090081172816E-5
0.36171090081172816E-5
0.36171090081172816E-5
0.36171090081172816E-5
0.36171090081172816E-5
0.36171090081172816E-5
0.36171090081172816E-5
0.36171090081172816E-5
0.36171090081172816E-5
0.36171090081172816E-5
0.36171090081172816E-5
0.36171090081172816E-5
0.36171090081172816E-5
0.36171090081172816E-5
0.36171090081172816E-5
0.36171090081172816E-5
0.36171090081172816E-5
0.36171090081172816E-5
0.36171090081172816E-5
0.36171090081172816E-5
0.36171090081172816E-5
0.36171090081172816E-5
0.36171090081172816E-5
0.36171090081172816E-5
0.36171090081172816E-5
0.36171090081172816E-5
0.36171090081172816E-5
0.36171090081172816E-5
0.36171090081172816E-5
0.36171090081172816E-5
0.36171090081172816E-5
0.36171090081172816E-5
0.36171090081172816E-5
0.36171090081172816E-5
0.36171090081172816E-5
0.36171090081172816E-5
0.36171090081172816E-5
0.36171090081172816E-5
0.36171090081172816E-5
0.36171090081172816E-5
0.36171090081172816E-5
0.36171090081172816E-5
0.36171090081172816E-5
0.36171090081172816E-5
0.36171090081172816E-5
0.36171090081172816E-5
0.36171090081172816E-5
0.36171090081172816E-5
0.36171090081172816E-5
0.36171090081172816E-5
0.36171090081172816E-5
0.36171090081172816E-5
0.36171090081172816E-5
0.36171090081172816E-5
0.36171090081172816E-5
0.36171090081172816E-5
0.36171090081172816E-5
0.36171090081172816E-5
0.36171090081172816E-5
0.36171090081172816E-5
0.36171090081172816E-5
0.36171090081172816E-5
0.36171090081172816E-5
0.36171090081172816E-5
0.36171090081172816E-5
0.36171090081172816E-5
0.36171090081172816E-5
0.36171090081172816E-5
0.36171090081172816E-5
0.36171090081172816E-5
0.36171090081172816E-5
0.36171090081172816E-5
0.36171090081172816E-5
0.36171090081172816E-5
0.36171090081172816E-5
0.36171090081172816E-5
0.36171090081172816E-5
0.36171090081172816E-5
0.36171090081172816E-5
0.36171090081172816E-5
0.36171090081172816E-5
0.36171090081172816E-5
0.36171090081172816E-5
0.36171090081172816E-5
0.36171090081172816E-5
0.36171090081172816E-5
0.36171090081172816E-5
0.36171090081172816E-5
0.36171090081172816E-5
0.36171090081172816E-5
0.36171090081172816E-5
0.36171090081172816E-5
0.36171090081172816E-5
0.36171090081172816E-5
0.36171090081172816E-5
0.36171090081172816E-5
0.36171090081172816E-5
0.36171090081172816E-5
0.36171090081172816E-5
0.36171090081172816E-5
0.36171090081172816E-5
0.36171090081172816E-5
0.36171090081172816E-5
0.36171090081172816E-5
0.36171090081172816E-5
0.36171090081172816E-5
0.36171090081172816E-5
0.36171090081172816E-5
0.36171090081172816E-5
0.36171090081172816E-5
0.36171090081172816E-5
0.36171090081172816E-5
0.36171090081172816E-5
0.36171090081172816E-5
0.36171090081172816E-5
0.36171090081172816E-5
0.36171090081172816E-5
0.36171090081172816E-5
0.36171090081172816E-5
0.36171090081172816E-5
0.36171090081172816E-5
0.36171090081172816E-5
0.36171090081172816E-5
0.36171090081172816E-5
0.36171090081172816E-5
0.36171090081172816E-5
0.36171090081172816E-5
0.36171090081172816E-5
0.36171090081172816E-5
0.36171090081172816E-5
0.36171090081172816E-5
0.36171090081172816E-5
0.36171090081172816E-5
0.36171090081172816E-5
0.36171090081172816E-5
0.36171090081172816E-5
0.36171090081172816E-5
0.36171090081172816E-5
0.36171090081172816E-5
0.36171090081172816E-5
0.36171090081172816E-5
0.36171090081172816E-5
0.36171090081172816E-5
0.36171090081172816E-5
0.36171090081172816E-5
0.36171090081172816E-5
0.36171090081172816E-5
0.36171090081172816E-5
0.36171090081172816E-5
0.36171090081172816E-5
0.36171090081172816E-5
0.36171090081172816E-5
0.36171090081172816E-5
0.36171090081172816E-5
0.36171090081172816E-5
0.36171090081172816E-5
0.36171090081172816E-5
0.36171090081172816E-5
0.36171090081172816E-5
0.36171090081172816E-5
0.36171090081172816E-5
0.36171090081172816E-5
0.36171090081172816E-5
0.36171090081172816E-5
0.87327080993598180E-5
0.88136168218770634E-5
0.86007041580790990E-5
0.87763898006449163E-5
0.36171090081172816E-5
0.36171090081172816E-5
0.36171090081172816E-5
0.36171090081172816E-5
0.98382707141745826E-5
0.97609016051955213E-5
0.98639980374072368E-5
0.98961492579204202E-5
0.97306957756128024E-5
0.97091015312339764E-5
0.96785495356115870E-5
0.98050557568597769E-5
0.10008920444411131E-4
0.99446308920332633E-5
0.10093603702054811E-4
0.99791811626393864E-5
0.97851079303997067E-5
0.98647581951671950E-5
0.97536896574932192E-5
0.97343180049795375E-5
0.95541413191691442E-5
0.95334587431723486E-5
0.95171765984176848E-5
0.96176205659351320E-5
0.96359210560803314E-5
0.96618884186259496E-5
0.96792373220079757E-5
0.95700909474082753E-5
0.94481548755440369E-5
0.94776392287552714E-5
0.94032230084384383E-5
0.94639044540766552E-5
0.95947978153152193E-5
0.95343584657078859E-5
0.96123201546916781E-5
0.96394042043063007E-5
0.11436614549708181E-4
0.11438900632321528E-4
0.11437089175575829E-4
0.11438443133140979E-4
0.11441526887670989E-4
0.11444090841793808E-4
0.11448796891108244E-4
0.11436873080462651E-4
0.11448975918863860E-4
0.11441940824132394E-4
0.11461831237087577E-4
0.11445403902888006E-4
0.11437537996468348E-4
0.11437111666109985E-4
0.11439431014221775E-4
0.11441154581012542E-4
0.11484692373896471E-4
0.11494079687896415E-4
0.11502374837307007E-4
0.11462559122838218E-4
0.11457749357925637E-4
0.11451943904622559E-4
0.11448676129421336E-4
0.11478245549179596E-4
0.11548821231313711E-4
0.11526434531675993E-4
0.11593081892141017E-4
0.11536322661957824E-4
0.11469477332665317E-4
0.11493645488127120E-4
0.11464071460434721E-4
0.11456903380547688E-4
0.14604258204299385E-4
0.14696098496370456E-4
0.14576565773387845E-4
0.14543715062152161E-4
0.14735946694452694E-4
0.14766013415614897E-4
0.14811031834434480E-4
0.14642019851720934E-4
0.14441861764147763E-4
0.14497542963954188E-4
0.14376835767804760E-4
0.14466883323439064E-4
0.14665872986040068E-4
0.14575767092869026E-4
0.14705390203281654E-4
0.14731036161769487E-4
0.15032755378394081E-4
0.15077455805936357E-4
0.15114718336205112E-4
0.14910863826997328E-4
0.14879326388388816E-4
0.14836916088312352E-4
0.14809984326511167E-4
0.15000099115700335E-4
0.15298494587197374E-4
0.15214166263799453E-4
0.15450194184974574E-4
0.15252213580058732E-4
0.14952304766228334E-4
0.15075452097406804E-4
0.14920271738248061E-4
0.14873483257755793E-4
0.19657495360763667E-4
0.19857321575560888E-4
0.19595962364502088E-4
0.19522098008692725E-4
0.19942226576293060E-4
0.20005650065269127E-4
0.20099660494696861E-4
0.19740406425205737E-4
0.19286119774832665E-4
0.19416527725189494E-4
0.19128731053099899E-4
0.19345172554983067E-4
0.19792227843412400E-4
0.19594178006903399E-4
0.19877209653353814E-4
0.19931817143283857E-4
0.20548728991080822E-4
0.20636909861195660E-4
0.20709905476005862E-4
0.20304485208098002E-4
0.20240287040860982E-4
0.20153229253444999E-4
0.20097485384813967E-4
0.20483858693548891E-4
0.21063898038153614E-4
0.20902628732188729E-4
0.21349705556695830E-4
0.20975620139316270E-4
0.20388187722135869E-4
0.20632971764682352E-4
0.20323551125368224E-4
0.20228343147328769E-4
0.26894268391356479E-4
0.27223145708097646E-4
0.26792442739988230E-4
0.26669836725757008E-4
0.27362120313954678E-4
0.27465661167579350E-4
0.27618732757672131E-4
0.27031046532383160E-4
0.26275130670871670E-4
0.26493849013189087E-4
0.26008998280860813E-4
0.26374363062194812E-4
0.27116300709748276E-4
0.26789485809285663E-4
0.27255737635828607E-4
0.27345104751585210E-4
0.28344187218992935E-4
0.28485689175841611E-4
0.28602622303921909E-4
0.27950710515370797E-4
0.27846871017732587E-4
0.27705751086879191E-4
0.27615196393878766E-4
0.28239911092945773E-4
0.29167427060021651E-4
0.28910550258791476E-4
0.29621185096147681E-4
0.29026897467109804E-4
0.28085827270247151E-4
0.28479375588334972E-4
0.27981514053035089E-4
0.27827531268487536E-4
0.36472499038392315E-4
0.36957888016011058E-4
0.36322214177053617E-4
0.36141240270922846E-4
0.37163042008200910E-4
0.37315920519177597E-4
0.37541996794960868E-4
0.36674362403560505E-4
0.35558317335855517E-4
0.35881407266989621E-4
0.35164808164512204E-4
0.35704931250704082E-4
0.36800187114711468E-4
0.36317849862984862E-4
0.37005996525757274E-4
0.37137921311531955E-4
0.38615076309302859E-4
0.38824800224678635E-4
0.38998234348331297E-4
0.38032663202736148E-4
0.37879126576639782E-4
0.37670558673476923E-4
0.37536772815794128E-4
0.38460624914671423E-4
0.39837728323922133E-4
0.39455535696810527E-4
0.40514589359278183E-4
0.39628558727676119E-4
0.38232541967345977E-4
0.38815439242389877E-4
0.38078221119799558E-4
0.37850537458324982E-4
0.48437100238114735E-4
0.49130238924608693E-4
0.48223201531843563E-4
0.47966063273115738E-4
0.49424260915797533E-4
0.49643775105036353E-4
0.49969038544539246E-4
0.48724935835550698E-4
0.47141019780226937E-4
0.47597708470900047E-4
0.46586748557611225E-4
0.47348076616954441E-4
0.48904655276832339E-4
0.48216994820380005E-4
0.49199130127433542E-4
0.49388224478856058E-4
0.51523420313371938E-4
0.51829223817132174E-4
0.52082603848591362E-4
0.50677631697173997E-4
0.50455512141887029E-4
0.50154349103716029E-4
0.49961513919903017E-4
0.51298629220290274E-4
0.53315271046682061E-4
0.52752815825589971E-4
0.54316447795125144E-4
0.53007186266214674E-4
0.50967325486844991E-4
0.51815560443370583E-4
0.50743608089003791E-4
0.50414191863404222E-4
0.62832677030896458E-4
0.63821721942394576E-4
0.62528675068120241E-4
0.62163994778331833E-4
0.64243030876862971E-4
0.64558245024000412E-4
0.65026343663019060E-4
0.63242671066453154E-4
0.60999773625301051E-4
0.61643086252827708E-4
0.60222847653667371E-4
0.61291094145028246E-4
0.63499185748628592E-4
0.62519862525759124E-4
0.63920344406536694E-4
0.64191338229698151E-4
0.67279609619051682E-4
0.67725942310371747E-4
0.68096484356527427E-4
0.66050264248124555E-4
0.65728697457347117E-4
0.65293573834685335E-4
0.65015500923236484E-4
0.66952136620881348E-4
0.69908162096317525E-4
0.69079684758115831E-4
0.71390120578223735E-4
0.69453991186421487E-4
0.66470469919968313E-4
0.67705979565673411E-4
0.66145883914486985E-4
0.65668937465605126E-4
0.79643200157877329E-4
0.81052054474595363E-4
0.79211770738729631E-4
0.78695258713774678E-4
0.81654547775412718E-4
0.82106211958576412E-4
0.82778319938925816E-4
0.80226261250559123E-4
0.77054117651271969E-4
0.77959468273753544E-4
0.75965843654090498E-4
0.77463635659827794E-4
0.80591750736244588E-4
0.79199275837795976E-4
0.81192965972350588E-4
0.81580550767208020E-4
0.86035505622916825E-4
0.86684777611877476E-4
0.87224773711599702E-4
0.84254057426288412E-4
0.83789789086443546E-4
0.83162741132971076E-4
0.82762733267928275E-4
0.85559968032235790E-4
0.89877198039773010E-4
0.88661777424557154E-4
0.92061215886018858E-4
0.89210399520587154E-4
0.84861823761278929E-4
0.86655710578346966E-4
0.84392249950196121E-4
0.83703589911765508E-4
0.98688922520919899E-4
0.10068229509932938E-3
0.98080580018299757E-4
0.97353595372165930E-4
0.10153782503596287E-3
0.10218034524945748E-3
0.10313826607569139E-3
0.99512645137150087E-4
0.95053721261967739E-4
0.96320546895084774E-4
0.93537482457821505E-4
0.95626148246468238E-4
0.10002989405291631E-3
0.98062976373724977E-4
0.10088222581850757E-3
0.10143265420799706E-3
0.10780951212207548E-3
0.10874608297545277E-3
0.10952632891307006E-3
0.10524888540787177E-3
0.10458382023470679E-3
0.10368711369956680E-3
0.10311602708940106E-3
0.10712465937000970E-3
0.11337535628094030E-3
0.11160828063296383E-3
0.11656416592995317E-3
0.11240522682801178E-3
0.10612094830114313E-3
0.10870411709713174E-3
0.10544703104682804E-3
0.10446044588599978E-3
0.11960095061591339E-3
0.12238909459919521E-3
0.11875273640211898E-3
0.11774080110797436E-3
0.12358971200953541E-3
0.12449291914249630E-3
0.12584185759641561E-3
0.12075149082214520E-3
0.11455218387292807E-3
0.11630610991715952E-3
0.11246118977561331E-3
0.11534395509495753E-3
0.12147512588276909E-3
0.11872821074516873E-3
0.12266946010465674E-3
0.12344199391007158E-3
0.13245826764209207E-3
0.13379209858088904E-3
0.13490505799000914E-3
0.12882368034079468E-3
0.12788269121315757E-3
0.12661599224179985E-3
0.12581050915604528E-3
0.13148441115150931E-3
0.14041789638572923E-3
0.13788241714438553E-3
0.14501200915033368E-3
0.13902497306783235E-3
0.13005945558906937E-3
0.13373228261324925E-3
0.12910427805838372E-3
0.12770827144098834E-3
0.14182085919072721E-3
0.14566073441281288E-3
0.14065616480329147E-3
0.13926885927145521E-3
0.14731946676677386E-3
0.14856931305858511E-3
0.15043909396229987E-3
0.14340330579687232E-3
0.13491370798599873E-3
0.13730618065763432E-3
0.13207186516854763E-3
0.13599277498166248E-3
0.14440010719506412E-3
0.14062251308364103E-3
0.14604780229555880E-3
0.14711521914163186E-3
0.15966184033033590E-3
0.16153096322447946E-3
0.16309299090839257E-3
0.15458515640928412E-3
0.15327487906517434E-3
0.15151379784335498E-3
0.15039559941550413E-3
0.15829918542004746E-3
0.17086140146711288E-3
0.16728220937321187E-3
0.17737288457774793E-3
0.16889378244567096E-3
0.15630848285107986E-3
0.16144707394632660E-3
0.15497620369636666E-3
0.15303219751876016E-3
0.16462422810296616E-3
0.16981564120108821E-3
0.16305419044513198E-3
0.16118695056870961E-3
0.17206517884119985E-3
0.17376288966798530E-3
0.17630691692656524E-3
0.16676087397989831E-3
0.15534627806388073E-3
0.15855077129912085E-3
0.15155324277179064E-3
0.15679034516918641E-3
0.16810878565181412E-3
0.16300885968551738E-3
0.17034020535694662E-3
0.17178796083456682E-3
0.18892611830898027E-3
0.19149722177067639E-3
0.19364926340685094E-3
0.18196563933080260E-3
0.18017474713700118E-3
0.17777141946714054E-3
0.17624768121308744E-3
0.18705450959029165E-3
0.20439586739201505E-3
0.19943560324610685E-3
0.21345722850577841E-3
0.20166717072555738E-3
0.18432462272688965E-3
0.19138173181121790E-3
0.18250057632218663E-3
0.17984330704919510E-3
0.18716889710547338E-3
0.19404468173426842E-3
0.18509563539346500E-3
0.18263376299224152E-3
0.19703354544459761E-3
0.19929289657653171E-3
0.20268434635018588E-3
0.18999503309342810E-3
0.17496104928013966E-3
0.17916535925104971E-3
0.17000199670590255E-3
0.17685403865654723E-3
0.19178062761212989E-3
0.18503581898442339E-3
0.19474114580469499E-3
0.19666491605097239E-3
0.21960502237244542E-3
0.22307157345003608E-3
0.22597784779717842E-3
0.21025224021381750E-3
0.20785357697549148E-3
0.20463978137342181E-3
0.20260530091395076E-3
0.21708551969487901E-3
0.24055298904326463E-3
0.23381298194554597E-3
0.25291893349956316E-3
0.23684260885804403E-3
0.21341669114824385E-3
0.22291572855532237E-3
0.21096934405920529E-3
0.20741001366515605E-3
0.20856429203547098E-3
0.21747446967040237E-3
0.20588597400599245E-3
0.20271082664789607E-3
0.22136058771247098E-3
0.22430323616055639E-3
0.22872834892498180E-3
0.21222151737105934E-3
0.19285251471101787E-3
0.19824730395305695E-3
0.18651234572521515E-3
0.19527934108077725E-3
0.21453589827484653E-3
0.20580875986326975E-3
0.21837932531112300E-3
0.22088088278925520E-3
0.25094233181929701E-3
0.25551992146353515E-3
0.25936430418846467E-3
0.23863634878440793E-3
0.23549106675594623E-3
0.23128405103579986E-3
0.22862510394937524E-3
0.24762082692595479E-3
0.27873181418614797E-3
0.26975785980707788E-3
0.29527219250877472E-3
0.27378793130126820E-3
0.24279259865415124E-3
0.25531394177031425E-3
0.23957753148319056E-3
0.23490993255891605E-3
0.22795375586499270E-3
0.23924474228188960E-3
0.22457112517541679E-3
0.22056801894295084E-3
0.24418682838971313E-3
0.24793596522671726E-3
0.25358479637614364E-3
0.23258127134853307E-3
0.20818917571326028E-3
0.21495372126059599E-3
0.20026990242040890E-3
0.21122927302421712E-3
0.23551468684389926E-3
0.22447368580788598E-3
0.24039453725406006E-3
0.24357621021109233E-3
0.28212967656853280E-3
0.28804867336455466E-3
0.29302882034742912E-3
0.26627883998134213E-3
0.26224237126475704E-3
0.25685312094638206E-3
0.25345285253889022E-3
0.27784246139949081E-3
0.31824045147137983E-3
0.30653382377889433E-3
0.33992369208983732E-3
0.31178592244060353E-3
0.27162212625559274E-3
0.28778207581095375E-3
0.26748789650531634E-3
0.26149725852770095E-3
0.24459852949040113E-3
0.25858959650358572E-3
0.24042217104824898E-3
0.23548910199322026E-3
0.26473720171855887E-3
0.26941015263738367E-3
0.27646566716946295E-3
0.25032335627290142E-3
0.22030120196641294E-3
0.22858806340934624E-3
0.21064033070797457E-3
0.22402158943933732E-3
0.25395909492653370E-3
0.24030197426715992E-3
0.26001860063060530E-3
0.26397687620967981E-3
0.31237428210441771E-3
0.31987033744102032E-3
0.32618995948312398E-3
0.29238327545747601E-3
0.28731261450437215E-3
0.28055581576594713E-3
0.27630066700130493E-3
0.30695513780825616E-3
0.35834998278972942E-3
0.34338310237120006E-3
0.38621758244541075E-3
0.35009081371322127E-3
0.29910833991397844E-3
0.31953235611431266E-3
0.29390373251527086E-3
0.28637751676392602E-3
0.25795083597014040E-3
0.27491091976438793E-3
0.25290819152096845E-3
0.24696416893211262E-3
0.28239441539192278E-3
0.28809510531294948E-3
0.29672193770508541E-3
0.26487826455813361E-3
0.22875099662722400E-3
0.23867184392556165E-3
0.21723812014717977E-3
0.23319990659241650E-3
0.26928663270438686E-3
0.25276320290703978E-3
0.27664878635114511E-3
0.28146786476675628E-3
0.34096805437258226E-3
0.35027143001369006E-3
0.35813148569014043E-3
0.31626751228073201E-3
0.31002898208088862E-3
0.30173352139582093E-3
0.29651992649662532E-3
0.33425611633137108E-3
0.39835466590604332E-3
0.37959006856310264E-3
0.43348866635456359E-3
0.38799035150178054E-3
0.32455845635264590E-3
0.34985149210682245E-3
0.31814031904472365E-3
0.30887973699263507E-3
0.26770492479886391E-3
0.28783323011513900E-3
0.26174597916401541E-3
0.25473766517284600E-3
0.29675515759991467E-3
0.30356749884719291E-3
0.31390192652440023E-3
0.27591063653628861E-3
0.23337510659222639E-3
0.24499005539686727E-3
0.21996384449399440E-3
0.23857724011141699E-3
0.28114391103791370E-3
0.26157482487485618E-3
0.28990299086436639E-3
0.29564921341983469E-3
0.36734907954886841E-3
0.37867406521908774E-3
0.38826389269917236E-3
0.33742403648852305E-3
0.32990052897155525E-3
0.31991913679765241E-3
0.31365958726829924E-3
0.35919652306939514E-3
0.43763138050844594E-3
0.41454200697413720E-3
0.48111792209945656E-3
0.42486604458298442E-3
0.34744472616170426E-3
0.37816226677484617E-3
0.33968539409205033E-3
0.32851615350843106E-3
0.27381874790917432E-3
0.29723227674955429E-3
0.26691943247200982E-3
0.25882495145806582E-3
0.30766140446497462E-3
0.31564461182851571E-3
0.32778723106102487E-3
0.28334390175593259E-3
0.23429111449067120E-3
0.24760352185990885E-3
0.21900410057093468E-3
0.24024540431875923E-3
0.28943307022805755E-3
0.26672149482828147E-3
0.29964898363914818E-3
0.30636699660752543E-3
0.39114776643751599E-3
0.40468354077988775E-3
0.41617303639578308E-3
0.35556112674233392E-3
0.34665780484771039E-3
0.33487446663478927E-3
0.32750205897813896E-3
0.38142630849259505E-3
0.47569133327936112E-3
0.44777984217270829E-3
0.52858408579023225E-3
0.46024442455711045E-3
0.36744746192793592E-3
0.40407106211790120E-3
0.35824075665052740E-3
0.34502153409279315E-3
0.27650430761551922E-3
0.30323445552812080E-3
0.26866700237428419E-3
0.25949620498733137E-3
0.31520351024215935E-3
0.32439008613873241E-3
0.33840232171492658E-3
0.28735445734404699E-3
0.23186979887194112E-3
0.24682762154389781E-3
0.21479553080917834E-3
0.23855016572201754E-3
0.29430830415955254E-3
0.26844243058996394E-3
0.30600469344584569E-3
0.31371597142310575E-3
0.41221244218652396E-3
0.42811657038864341E-3
0.44165041014472876E-3
0.37062024873344676E-3
0.36026788896054553E-3
0.34660193070041743E-3
0.33807271180726447E-3
0.40081779014609431E-3
0.51221828267946289E-3
0.47903316221249530E-3
0.57550563684761926E-3
0.49383360918919946E-3
0.38447538536469898E-3
0.42739597766729847E-3
0.37374034619354416E-3
0.35836776710590945E-3
0.27619033481055075E-3
0.30618924133505985E-3
0.26744132580590850E-3
0.25723237976785083E-3
0.31969670437077759E-3
0.33009342194006627E-3
0.34599841195241931E-3
0.28833842106496541E-3
0.22667927941319349E-3
0.24318297164395796E-3
0.20796107630031583E-3
0.23403835121571417E-3
0.29614514127632852E-3
0.26719095820417762E-3
0.30931159772062104E-3
0.31801557936282946E-3
0.43061263301441750E-3
0.44900801099526371E-3
0.46470261536954818E-3
0.38276912103879404E-3
0.37092462854417760E-3
0.35533088645445964E-3
0.34562364632836879E-3
0.41746631142610693E-3
0.54708968172032630E-3
0.50823640339363318E-3
0.62166899924074985E-3
0.52554181083504757E-3
0.39866229563990051E-3
0.44817340687696306E-3
0.38634413773011475E-3
0.36875356804422525E-3
0.27346546640539388E-3
0.30662120612726329E-3
0.26384972264180141E-3
0.25266251984765582E-3
0.32163690795943857E-3
0.33322863954318049E-3
0.35101634076247618E-3
0.28685845507544740E-3
0.21941246874963762E-3
0.23732826606651404E-3
0.19923117561534580E-3
0.22738771770418204E-3
0.29548956419386612E-3
0.26357493150557508E-3
0.31008762882585571E-3
0.31976529631111411E-3
0.44662173832287199E-3
0.46759726214900947E-3
0.48554078194059741E-3
0.39237374402423453E-3
0.37901781421312367E-3
0.36148291346895184E-3
0.35059647835499939E-3
0.43167012962166257E-3
0.58037967995279178E-3
0.53552591333226769E-3
0.66704074908176855E-3
0.55547714510066225E-3
0.41034279007335283E-3
0.46664427178280102E-3
0.39641101478972689E-3
0.37657312237649826E-3
0.26901249710645746E-3
0.30517081898098270E-3
0.25858655225070675E-3
0.24649392402471116E-3
0.32164447781490261E-3
0.33440027705250816E-3
0.35403598677639150E-3
0.28358066497949776E-3
0.21081090172900290E-3
0.22998747506922736E-3
0.18936399154224090E-3
0.21933226604142159E-3
0.29299661468612070E-3
0.25828903463612641E-3
0.30896865576640603E-3
0.31958801099163386E-3
0.46068358740659925E-3
0.48429825579387830E-3
0.50455339271618990E-3
0.39995550911653589E-3
0.38508784643468926E-3
0.36562321026380076E-3
0.35357167307466957E-3
0.44389444871536604E-3
0.61234532502248964E-3
0.56122016471116427E-3
0.71176367608203044E-3
0.58393058319561265E-3
0.42001258991680024E-3
0.48322385959204860E-3
0.40445660853393703E-3
0.38237030030412048E-3
0.26354422625847918E-3
0.30253368385013327E-3
0.25236819471149632E-3
0.23944620532298435E-3
0.32040513633994872E-3
0.33428567495943863E-3
0.35572069516992837E-3
0.27921174874709343E-3
0.20159675398769578E-3
0.22188281754683875E-3
0.17907687732038083E-3
0.21059463704441980E-3
0.28936843289138401E-3
0.25204973947084519E-3
0.30664810547493762E-3
0.31817073980250083E-3
0.47336893258852723E-3
0.49965859115947277E-3
0.52226765123743245E-3
0.40614079347996667E-3
0.38977364217266915E-3
0.36840630960229860E-3
0.35521292064709620E-3
0.45472601494058715E-3
0.64339909266747256E-3
0.58578715923081695E-3
0.75613827645942345E-3
0.61134567343175373E-3
0.42828041986655983E-3
0.49846083821768498E-3
0.41110340480605425E-3
0.38678625591929879E-3
0.25774924039738672E-3
0.29940633978945872E-3
0.24587902802445440E-3
0.23219762999841418E-3
0.31861606950555450E-3
0.33358140484078248E-3
0.35676436132123777E-3
0.27444466764647450E-3
0.19242129747755652E-3
0.21368186406987629E-3
0.16899707699526796E-3
0.20183389809048902E-3
0.28529994472946592E-3
0.24554128991314265E-3
0.30382281764377358E-3
0.31621067926935852E-3
0.48532810640441185E-3
0.51431369999238911E-3
0.53930498178879165E-3
0.41161011337687188E-3
0.39376104864999241E-3
0.37052362053673391E-3
0.35621420253675033E-3
0.46482474286371333E-3
0.67407177635307465E-3
0.60980378357208874E-3
0.80059237391492174E-3
0.63827946638667316E-3
0.43581824331313080E-3
0.51299135166158957E-3
0.41703013243059853E-3
0.39050771229883489E-3
0.25225250523150329E-3
0.29644388143810894E-3
0.23973311625997867E-3
0.22534823459357151E-3
0.31694255478985855E-3
0.33295925959951357E-3
0.35784663699410741E-3
0.26991789639955430E-3
0.18383340688517372E-3
0.20596291019202948E-3
0.15963451646403370E-3
0.19361258357951613E-3
0.28143735194752185E-3
0.23937742310763542E-3
0.30115041837752975E-3
0.31437194709217902E-3
0.49724502480015986E-3
0.52894107890185662E-3
0.55633555903974302E-3
0.41705227316722680E-3
0.39773722933916257E-3
0.37265827282613017E-3
0.35725501368115208E-3
0.47487764347245442E-3
0.70496974363370990E-3
0.63391156989852976E-3
0.84564196463521595E-3
0.66535890207606435E-3
0.44331522855157150E-3
0.52749323906144683E-3
0.42292585811137557E-3
0.39422140099202983E-3
0.24759190076621435E-3
0.29423132054676870E-3
0.23445246487552619E-3
0.21940022240637564E-3
0.31598732160632148E-3
0.33303419788022236E-3
0.35959890175800603E-3
0.26618973401534629E-3
0.17626732717486069E-3
0.19919857321148423E-3
0.15137490399409363E-3
0.18638254485983357E-3
0.27835110833916601E-3
0.23407967550837609E-3
0.29922020225166274E-3
0.31325518144798394E-3
0.50979587173295390E-3
0.54421796859267649E-3
0.57403526282488195E-3
0.42312656901802087E-3
0.40235396939882048E-3
0.37545003217596078E-3
0.35896637784517719E-3
0.48555833869934827E-3
0.73672978706114845E-3
0.65877221253164762E-3
0.89184613116499506E-3
0.69323596393308510E-3
0.45143862591579193E-3
0.54264375579067569E-3
0.42945187699916087E-3
0.39857758045185152E-3
0.24420867911103411E-3
0.29326759460794258E-3
0.23045951560706689E-3
0.21475293022622460E-3
0.31627190969466852E-3
0.33434376283190975E-3
0.36258087531557549E-3
0.26372605269168043E-3
0.17004568707088637E-3
0.19375433465944190E-3
0.14448818896752104E-3
0.18048593296094041E-3
0.27652199860427393E-3
0.23006993715512375E-3
0.29853651489985378E-3
0.31337922108797797E-3
0.52361367010662397E-3
0.56078387479160810E-3
0.59304659288394079E-3
0.43043360508642034E-3
0.40820025824004583E-3
0.37947035264912043E-3
0.36190752390669354E-3
0.49749321292649133E-3
0.76997357321971407E-3
0.68502467281783227E-3
0.93975817458253827E-3
0.72254351768600059E-3
0.46080235566198978E-3
0.55908218342449599E-3
0.43721201370068856E-3
0.40416295248591372E-3
0.24244775280140587E-3
0.29395895674167528E-3
0.22807952937774358E-3
0.21170770036291783E-3
0.31822710098922363E-3
0.33733630112936226E-3
0.36726555979044553E-3
0.26289773885446714E-3
0.16539208667841045E-3
0.18989691325828321E-3
0.13914604194765633E-3
0.17616589411218413E-3
0.27633678801371951E-3
0.22767289505270242E-3
0.29951145083660890E-3
0.31517190025839278E-3
0.53925800515371776E-3
0.57920747205803501E-3
0.61394330315416880E-3
0.43949316512639227E-3
0.41578236173681662E-3
0.38520545761637140E-3
0.36655090383880181E-3
0.51123325755595425E-3
0.80526238368783536E-3
0.71324416659708316E-3
0.98987425358734466E-3
0.75385231584736308E-3
0.47194204144090977E-3
0.57737685773865928E-3
0.44672984403115626E-3
0.41148114576137882E-3
0.24256283276388250E-3
0.29661734260199023E-3
0.22754770977352306E-3
0.21047731832247389E-3
0.32218828003632334E-3
0.34236403575987683E-3
0.37402886619722939E-3
0.26398307847661011E-3
0.16244737045555317E-3
0.18780687005817354E-3
0.13544216514660212E-3
0.17358121659886251E-3
0.27808884527669636E-3
0.22712321345809273E-3
0.30246252232826178E-3
0.31896578132116661E-3
0.55718776539610880E-3
0.59995606004208850E-3
0.63719717747513782E-3
0.45072617098119723E-3
0.42550820050512699E-3
0.39304397794401720E-3
0.37327189957133615E-3
0.52722925058800265E-3
0.84305177763120286E-3
0.74390211911017589E-3
0.10425800788565023E-2
0.78762850085798157E-3
0.48529380418913735E-3
0.59799477069401113E-3
0.45842993324310405E-3
0.42093754303398391E-3
0.24472154410872264E-3
0.30145913497449812E-3
0.22901612794291165E-3
0.21119501081673386E-3
0.32839130073864615E-3
0.34967669992150106E-3
0.38313984303065988E-3
0.26717032273046090E-3
0.16128447979145159E-3
0.18759037427004677E-3
0.13341035848912644E-3
0.17281983212349741E-3
0.28197905187357170E-3
0.22857251014432898E-3
0.30761075507531802E-3
0.32499438257392908E-3
0.57773409796331042E-3
0.62336506531609907E-3
0.66314469415383625E-3
0.46443717678730078E-3
0.43767230651998258E-3
0.40326519492130163E-3
0.38233913155231726E-3
0.54580725834306595E-3
0.88364524178492180E-3
0.77732553860486214E-3
0.10980958326067161E-2
0.82419033418913278E-3
0.50117350852829146E-3
0.62127122603523801E-3
0.47261959369371243E-3
0.43282469251860149E-3
0.24900645914053529E-3
0.30860033983222418E-3
0.23255639446082951E-3
0.21391897507623051E-3
0.33696494822727701E-3
0.35941189356986520E-3
0.39474780218713338E-3
0.27255638672937598E-3
0.16191806808005439E-3
0.18928617111958659E-3
0.13303677388531009E-3
0.17390728303040922E-3
0.28811297157701663E-3
0.23209207456359744E-3
0.31507523974125121E-3
0.33338497949017798E-3
0.60107091064532509E-3
0.64960519411267758E-3
0.69195142524855512E-3
0.48079408882155682E-3
0.45243790942876047E-3
0.41602427289245866E-3
0.39390166078466331E-3
0.56714160414756125E-3
0.92714598765259771E-3
0.81365434418715591E-3
0.11564196295438683E-2
0.86366296523964598E-3
0.51975335180211128E-3
0.64737714122471181E-3
0.48946789556758878E-3
0.44730483044990707E-3
0.25540925120505931E-3
0.31804536094638496E-3
0.23815531701637876E-3
0.21862973900973429E-3
0.34791722172821337E-3
0.37157943524971819E-3
0.40886371194740726E-3
0.28013885982982895E-3
0.16430650117323493E-3
0.19286517205324415E-3
0.13426429903397235E-3
0.17680767942494398E-3
0.29649145606504209E-3
0.23766856800014972E-3
0.32486133305223457E-3
0.34414519902264902E-3
0.62718118477513051E-3
0.67864575030497090E-3
0.72357290752035077E-3
0.49980280396564138E-3
0.46981372814778352E-3
0.43133192128499124E-3
0.40797045144919136E-3
0.59122339815431170E-3
0.97340686431811188E-3
0.85279602955794090E-3
0.12172705689569518E-2
0.90593088314017405E-3
0.54103366290295931E-3
0.67628249842195318E-3
0.50897966123057714E-3
0.46438707017273099E-3
0.26381676929081095E-3
0.32966820602112082E-3
0.24570236044004677E-3
0.22521920495806124E-3
0.36111432594842472E-3
0.38603865312722142E-3
0.42533490870232717E-3
0.28980012489556052E-3
0.16834532577856445E-3
0.19822160193873643E-3
0.13698839550964852E-3
0.18141615556074777E-3
0.30699349412936116E-3
0.24519152289515677E-3
0.33684135205371479E-3
0.35714228651239689E-3
0.65581902757229956E-3
0.71021427863718377E-3
0.75771234768192417E-3
0.52127614883227863E-3
0.48962473268555537E-3
0.44902761175219990E-3
0.42439314298105605E-3
0.61782439735673269E-3
0.10219798226450583E-2
0.89437859686636247E-3
0.12800336876065568E-2
0.95058921139788818E-3
0.56480946303335503E-3
0.70771609385583147E-3
0.53096386230856599E-3
0.48389850225006458E-3
0.27398975243045034E-3
0.34318703362278094E-3
0.25496958882886692E-3
0.23347202178049820E-3
0.37625338912229629E-3
0.40246972500047667E-3
0.44381438832328065E-3
0.30128437298041660E-3
0.17385282599770435E-3
0.20515632079823033E-3
0.14104506499085858E-3
0.18754343962024630E-3
0.31935214141555170E-3
0.25443332010003890E-3
0.35072869484199901E-3
0.37207604913361037E-3
0.68646964370176549E-3
0.74375491732494182E-3
0.79377771703563341E-3
0.54479876557490597E-3
0.51147839407630533E-3
0.46874770509910783E-3
0.44282338880761974E-3
0.64645822813439292E-3
0.10720682848561699E-2
0.93770476284067478E-3
0.13437106794601575E-2
0.99689701056253572E-3
0.59063361010076030E-3
0.74112396051493007E-3
0.55499810472069849E-3
0.50545070033224126E-3
0.28553713079850586E-3
0.35813536809410623E-3
0.26558692704026720E-3
0.24304199656654995E-3
0.39283240484818104E-3
0.42034269331132587E-3
0.46372849570659345E-3
0.31417061405400844E-3
0.18055002351972338E-3
0.21335486298471536E-3
0.14619310513945259E-3
0.19489497433981568E-3
0.33312673048529790E-3
0.26502447821136172E-3
0.36604875442926955E-3
0.38844895198381866E-3
0.71831191138649168E-3
0.77839028822508812E-3
0.83084317080029096E-3
0.56969217731430647E-3
0.53473052732469300E-3
0.48989241618590433E-3
0.46268857581815374E-3
0.67634354355131652E-3
0.11224876825691665E-2
0.98171259539676903E-3
0.14068816019173695E-2
0.10437378048200995E-2
0.61778092207610813E-3
0.77563128627448344E-3
0.58039347210200431E-3
0.52840571361739924E-3
0.29789115962556455E-3
0.37383571401078934E-3
0.27701782898473856E-3
0.25342843905370083E-3
0.41012331681168667E-3
0.43889020509025716E-3
0.48424923959260858E-3
0.32784713765693845E-3
0.18803937935475603E-3
0.22236480419412325E-3
0.15209449058372943E-3
0.20304900609737002E-3
0.34767694063733028E-3
0.27642933776771556E-3
0.38211240239931368E-3
0.40553926365150244E-3
0.75019026971443619E-3
0.81289363652895387E-3
0.86762148251404300E-3
0.59498656327863016E-3
0.55845717603523624E-3
0.51159793487832973E-3
0.48316214781244287E-3
0.70637579737300700E-3
0.11716403813657745E-2
0.10249490927918886E-2
0.14676829199407740E-2
0.10895937284325502E-2
0.64521989483865699E-3
0.81001453989612354E-3
0.60616627929546056E-3
0.55184797799245986E-3
0.31029016784692506E-3
0.38938266924930584E-3
0.28854200518179150E-3
0.26395891859077691E-3
0.42715542624203535E-3
0.45709119368409363E-3
0.50427846522577103E-3
0.34149435720781012E-3
0.19578802038437189E-3
0.23157866030717550E-3
0.15829819750560204E-3
0.21143964304147489E-3
0.36214574186799279E-3
0.28792878881829623E-3
0.39799916343644071E-3
0.42238442308829686E-3
0.78060249297087195E-3
0.84567751031569452E-3
0.90245350612356927E-3
0.61940633482217798E-3
0.58143970135536040E-3
0.53272092259429456E-3
0.50314776567911257E-3
0.73511438633871507E-3
0.12175091149927676E-2
0.10655618012578643E-2
0.15238038374307944E-2
0.11325379708155127E-2
0.67159897339061705E-3
0.84269010914812261E-3
0.63102380089103771E-3
0.57456931897999848E-3
0.32177409853767860E-3
0.40364016465836250E-3
0.29925048965735512E-3
0.27378379916868554E-3
0.44271341101705629E-3
0.47366949443982678E-3
0.52244736664309077E-3
0.35408102814841444E-3
0.20312087494473290E-3
0.24022773745887134E-3
0.16423268170463314E-3
0.21935029560580675E-3
0.37545605722266652E-3
0.29861532448973636E-3
0.41255463515887350E-3
0.43777896181744670E-3
0.80770316874875651E-3
0.87479783113385918E-3
0.93331265619078069E-3
0.64137157930073006E-3
0.60216563121969727E-3
0.55183853683372659E-3
0.52127879886895766E-3
0.76078563579088938E-3
0.12576619751805324E-2
0.11013039251250968E-2
0.15724891020825471E-2
0.11702399158238961E-2
0.69524874219154399E-3
0.87171834707161998E-3
0.65336588842571954E-3
0.59506968882422958E-3
0.33118433433667319E-3
0.41524041980309278E-3
0.30804558824363019E-3
0.28187626175825886E-3
0.45533564953165304E-3
0.48709157600705443E-3
0.53711312856261854E-3
0.36436380709300921E-3
0.20922051625894898E-3
0.24738214201997394E-3
0.16920536694112193E-3
0.22591361305985064E-3
0.38631008981587404E-3
0.30739299198060657E-3
0.42438931145937381E-3
0.45027291487370369E-3
0.82929070871512402E-3
0.89793795019599515E-3
0.95778620319369925E-3
0.65899131642874751E-3
0.61882314078093466E-3
0.56724432925725856E-3
0.53591499552813158E-3
0.78127173431923437E-3
0.12892156964566140E-2
0.11295068281336159E-2
0.16104811963162525E-2
0.11999336939934478E-2
0.71417333823709135E-3
0.89478776882407913E-3
0.67127783219262857E-3
0.61155185747111798E-3
0.33703709048823804E-3
0.42242265818441869E-3
0.31352376227899065E-3
0.28692588266565611E-3
0.46313631624750172E-3
0.49537544931815944E-3
0.54614703468121902E-3
0.37074698927593833E-3
0.21305013932623970E-3
0.25185837835136726E-3
0.17234154979720571E-3
0.23002775246664734E-3
0.39304000281963048E-3
0.31286054349066711E-3
0.43171350892125618E-3
0.45799601690307086E-3
0.84247386519996489E-3
0.91204668347305931E-3
0.97268852729412653E-3
0.66980085823085576E-3
0.62905514135893703E-3
0.57672381286412520E-3
0.54493108933577187E-3
0.79379720383136981E-3
0.13083127404425025E-2
0.11466224899384315E-2
0.16333674995623461E-2
0.12179317518674990E-2
0.72576483532283092E-3
0.90885439251023618E-3
0.68226260463025460E-3
0.62167852980669056E-3
0.52867890921643086E-3
0.52867890921643086E-3
0.52867890921643086E-3
0.52867890921643086E-3
0.52867890921643086E-3
0.52867890921643086E-3
0.52867890921643086E-3
0.52867890921643086E-3
0.52867890921643086E-3
0.52867890921643086E-3
0.52867890921643086E-3
0.52867890921643086E-3
0.52867890921643086E-3
0.52867890921643086E-3
0.52867890921643086E-3
0.52867890921643086E-3
0.52867890921643086E-3
0.52867890921643086E-3
0.52867890921643086E-3
0.52867890921643086E-3
0.52867890921643086E-3
0.52867890921643086E-3
0.52867890921643086E-3
0.52867890921643086E-3
0.52867890921643086E-3
0.52867890921643086E-3
0.52867890921643086E-3
0.52867890921643086E-3
0.52867890921643086E-3
0.52867890921643086E-3
0.52867890921643086E-3
0.52867890921643086E-3
0.52867890921643086E-3
0.52867890921643086E-3
0.52867890921643086E-3
0.52867890921643086E-3
0.52867890921643086E-3
0.52867890921643086E-3
0.52867890921643086E-3
0.52867890921643086E-3
0.52867890921643086E-3
0.52867890921643086E-3
0.52867890921643086E-3
0.52867890921643086E-3
0.52867890921643086E-3
0.52867890921643086E-3
0.52867890921643086E-3
0.52867890921643086E-3
0.52867890921643086E-3
0.52867890921643086E-3
0.52867890921643086E-3
0.52867890921643086E-3
0.52867890921643086E-3
0.52867890921643086E-3
0.52867890921643086E-3
0.52867890921643086E-3
0.52867890921643086E-3
0.52867890921643086E-3
0.52867890921643086E-3
0.52867890921643086E-3
0.52867890921643086E-3
0.52867890921643086E-3
0.52867890921643086E-3
0.52867890921643086E-3
0.52867890921643086E-3
0.52867890921643086E-3
0.52867890921643086E-3
0.52867890921643086E-3
0.52867890921643086E-3
0.52867890921643086E-3
0.52867890921643086E-3
0.52867890921643086E-3
0.52867890921643086E-3
0.52867890921643086E-3
0.52867890921643086E-3
0.52867890921643086E-3
0.52867890921643086E-3
0.52867890921643086E-3
0.52867890921643086E-3
0.52867890921643086E-3
0.52867890921643086E-3
0.52867890921643086E-3
0.52867890921643086E-3
0.52867890921643086E-3
0.52867890921643086E-3
0.52867890921643086E-3
0.52867890921643086E-3
0.52867890921643086E-3
0.52867890921643086E-3
0.52867890921643086E-3
0.52867890921643086E-3
0.52867890921643086E-3
0.52867890921643086E-3
0.52867890921643086E-3
0.52867890921643086E-3
0.52867890921643086E-3
0.52867890921643086E-3
0.52867890921643086E-3
0.52867890921643086E-3
0.52867890921643086E-3
0.52867890921643086E-3
0.52867890921643086E-3
0.52867890921643086E-3
0.52867890921643086E-3
0.52867890921643086E-3
0.52867890921643086E-3
0.52867890921643086E-3
0.52867890921643086E-3
0.52867890921643086E-3
0.52867890921643086E-3
0.52867890921643086E-3
0.52867890921643086E-3
0.52867890921643086E-3
0.52867890921643086E-3
0.52867890921643086E-3
0.52867890921643086E-3
0.52867890921643086E-3
0.52867890921643086E-3
0.52867890921643086E-3
0.52867890921643086E-3
0.52867890921643086E-3
0.52867890921643086E-3
0.52867890921643086E-3
0.52867890921643086E-3
0.52867890921643086E-3
0.52867890921643086E-3
0.52867890921643086E-3
0.52867890921643086E-3
0.52867890921643086E-3
0.52867890921643086E-3
0.52867890921643086E-3
0.52867890921643086E-3
0.52867890921643086E-3
0.52867890921643086E-3
0.52867890921643086E-3
0.52867890921643086E-3
0.52867890921643086E-3
0.52867890921643086E-3
0.52867890921643086E-3
0.52867890921643086E-3
0.52867890921643086E-3
0.52867890921643086E-3
0.52867890921643086E-3
0.52867890921643086E-3
0.52867890921643086E-3
0.52867890921643086E-3
0.52867890921643086E-3
0.52867890921643086E-3
0.52867890921643086E-3
0.52867890921643086E-3
0.52867890921643086E-3
0.52867890921643086E-3
0.52867890921643086E-3
0.52867890921643086E-3
0.52867890921643086E-3
0.52867890921643086E-3
0.52867890921643086E-3
0.52867890921643086E-3
0.52867890921643086E-3
0.52867890921643086E-3
0.52867890921643086E-3
0.52867890921643086E-3
0.52867890921643086E-3
0.52867890921643086E-3
0.52867890921643086E-3
0.52867890921643086E-3
0.52867890921643086E-3
0.52867890921643086E-3
0.52867890921643086E-3
0.52867890921643086E-3
0.52867890921643086E-3
0.52867890921643086E-3
0.52867890921643086E-3
0.52867890921643086E-3
0.52867890921643086E-3
0.52867890921643086E-3
0.52867890921643086E-3
0.52867890921643086E-3
0.52867890921643086E-3
0.52867890921643086E-3
0.52867890921643086E-3
0.52867890921643086E-3
0.52867890921643086E-3
0.52867890921643086E-3
0.52867890921643086E-3
0.52867890921643086E-3
0.52867890921643086E-3
0.52867890921643086E-3
0.52867890921643086E-3
0.52867890921643086E-3
0.52867890921643086E-3
0.52867890921643086E-3
0.52867890921643086E-3
0.52867890921643086E-3
0.52867890921643086E-3
0.52867890921643086E-3
0.52867890921643086E-3
0.52867890921643086E-3
0.52867890921643086E-3
0.52867890921643086E-3
0.52867890921643086E-3
0.52867890921643086E-3
0.52867890921643086E-3
0.52867890921643086E-3
0.52867890921643086E-3
0.52867890921643086E-3
0.52867890921643086E-3
0.52867890921643086E-3
0.52867890921643086E-3
0.52867890921643086E-3
0.52867890921643086E-3
0.52867890921643086E-3
0.52867890921643086E-3
0.52867890921643086E-3
0.52867890921643086E-3
0.52867890921643086E-3
0.52867890921643086E-3
0.52867890921643086E-3
0.52867890921643086E-3
0.52867890921643086E-3
0.52867890921643086E-3
0.52867890921643086E-3
0.52867890921643086E-3
0.52867890921643086E-3
0.52867890921643086E-3
0.52867890921643086E-3
0.52867890921643086E-3
0.52867890921643086E-3
0.52867890921643086E-3
0.52867890921643086E-3
0.52867890921643086E-3
0.52867890921643086E-3
0.52867890921643086E-3
0.52867890921643086E-3
0.52867890921643086E-3
0.52867890921643086E-3
0.52867890921643086E-3
0.52867890921643086E-3
0.52867890921643086E-3
0.52867890921643086E-3
0.52867890921643086E-3
0.52867890921643086E-3
0.52867890921643086E-3
0.52867890921643086E-3
0.52867890921643086E-3
0.52867890921643086E-3
0.52867890921643086E-3
0.52867890921643086E-3
0.52867890921643086E-3
0.52867890921643086E-3
0.52867890921643086E-3
0.52867890921643086E-3
0.52867890921643086E-3
0.52867890921643086E-3
0.52867890921643086E-3
0.52867890921643086E-3
0.52867890921643086E-3
0.52867890921643086E-3
0.52867890921643086E-3
0.52867890921643086E-3
0.52867890921643086E-3
0.52867890921643086E-3
0.52867890921643086E-3
0.52867890921643086E-3
0.52867890921643086E-3
0.52867890921643086E-3
0.52867890921643086E-3
0.52867890921643086E-3
0.52867890921643086E-3
0.52867890921643086E-3
0.52867890921643086E-3
0.52867890921643086E-3
0.52867890921643086E-3
0.52867890921643086E-3
0.52867890921643086E-3
0.52867890921643086E-3
0.52867890921643086E-3
0.52867890921643086E-3
0.52867890921643086E-3
0.52867890921643086E-3
0.52867890921643086E-3
0.52867890921643086E-3
0.52867890921643086E-3
0.52867890921643086E-3
0.52867890921643086E-3
0.52867890921643086E-3
0.52867890921643086E-3
0.52867890921643086E-3
0.52867890921643086E-3
0.52867890921643086E-3
0.52867890921643086E-3
0.52867890921643086E-3
0.52867890921643086E-3
0.52867890921643086E-3
0.52867890921643086E-3
0.52867890921643086E-3
0.52867890921643086E-3
0.52867890921643086E-3
0.52867890921643086E-3
0.52867890921643086E-3
0.52867890921643086E-3
0.52867890921643086E-3
0.52867890921643086E-3
0.52867890921643086E-3
0.52867890921643086E-3
0.52867890921643086E-3
0.52867890921643086E-3
0.52867890921643086E-3
0.52867890921643086E-3
0.52867890921643086E-3
0.52867890921643086E-3
0.52867890921643086E-3
0.52867890921643086E-3
0.52867890921643086E-3
0.52867890921643086E-3
0.52867890921643086E-3
0.52867890921643086E-3
0.52867890921643086E-3
0.52867890921643086E-3
0.52867890921643086E-3
0.52867890921643086E-3
0.52867890921643086E-3
0.52867890921643086E-3
0.52867890921643086E-3
0.52867890921643086E-3
0.52867890921643086E-3
0.52867890921643086E-3
0.52867890921643086E-3
0.52867890921643086E-3
0.52867890921643086E-3
0.52867890921643086E-3
0.52867890921643086E-3
0.52867890921643086E-3
0.52867890921643086E-3
0.52867890921643086E-3
0.52867890921643086E-3
0.52867890921643086E-3
0.52867890921643086E-3
0.52867890921643086E-3
0.52867890921643086E-3
0.52867890921643086E-3
0.52867890921643086E-3
0.52867890921643086E-3
0.52867890921643086E-3
0.52867890921643086E-3
0.52867890921643086E-3
0.52867890921643086E-3
0.52867890921643086E-3
0.52867890921643086E-3
0.52867890921643086E-3
0.52867890921643086E-3
0.52867890921643086E-3
0.52867890921643086E-3
0.52867890921643086E-3
0.52867890921643086E-3
0.52867890921643086E-3
0.52867890921643086E-3
0.52867890921643086E-3
0.52867890921643086E-3
0.52867890921643086E-3
0.52867890921643086E-3
0.52867890921643086E-3
0.52867890921643086E-3
0.52867890921643086E-3
0.52867890921643086E-3
0.52867890921643086E-3
0.52867890921643086E-3
0.52867890921643086E-3
0.52867890921643086E-3
0.52867890921643086E-3
0.52867890921643086E-3
0.52867890921643086E-3
0.52867890921643086E-3
0.52867890921643086E-3
0.52867890921643086E-3
0.52867890921643086E-3
0.52867890921643086E-3
0.52867890921643086E-3
0.52867890921643086E-3
0.52867890921643086E-3
0.52867890921643086E-3
0.52867890921643086E-3
0.52867890921643086E-3
0.52867890921643086E-3
0.52867890921643086E-3
0.52867890921643086E-3
0.52867890921643086E-3
0.52867890921643086E-3
0.52867890921643086E-3
0.52867890921643086E-3
0.52867890921643086E-3
0.52867890921643086E-3
0.52867890921643086E-3
0.52867890921643086E-3
0.52867890921643086E-3
0.52867890921643086E-3
0.52867890921643086E-3
0.52867890921643086E-3
0.52867890921643086E-3
0.52867890921643086E-3
0.52867890921643086E-3
0.52867890921643086E-3
0.52867890921643086E-3
0.52867890921643086E-3
0.52867890921643086E-3
0.52867890921643086E-3
0.52867890921643086E-3
0.52867890921643086E-3
0.52867890921643086E-3
0.52867890921643086E-3
0.52867890921643086E-3
0.52867890921643086E-3
0.52867890921643086E-3
0.52867890921643086E-3
0.52867890921643086E-3
0.52867890921643086E-3
0.52867890921643086E-3
0.52867890921643086E-3
0.52867890921643086E-3
0.52867890921643086E-3
0.52867890921643086E-3
0.52867890921643086E-3
0.52867890921643086E-3
0.52867890921643086E-3
0.52867890921643086E-3
0.52867890921643086E-3
0.52867890921643086E-3
0.52867890921643086E-3
0.52867890921643086E-3
0.52867890921643086E-3
0.52867890921643086E-3
0.52867890921643086E-3
0.52867890921643086E-3
0.52867890921643086E-3
0.52867890921643086E-3
0.52867890921643086E-3
0.52867890921643086E-3
0.52867890921643086E-3
0.52867890921643086E-3
0.52867890921643086E-3
0.52867890921643086E-3
0.52867890921643086E-3
0.52867890921643086E-3
0.52867890921643086E-3
0.52867890921643086E-3
0.52867890921643086E-3
0.52867890921643086E-3
0.52867890921643086E-3
0.52867890921643086E-3
0.52867890921643086E-3
0.52867890921643086E-3
0.52867890921643086E-3
0.52867890921643086E-3
0.52867890921643086E-3
0.52867890921643086E-3
0.52867890921643086E-3
0.52867890921643086E-3
0.52867890921643086E-3
0.52867890921643086E-3
0.52867890921643086E-3
0.52867890921643086E-3
0.52867890921643086E-3
0.52867890921643086E-3
0.52867890921643086E-3
0.52867890921643086E-3
0.52867890921643086E-3
0.52867890921643086E-3
0.52867890921643086E-3
0.52867890921643086E-3
0.52867890921643086E-3
0.52867890921643086E-3
0.52867890921643086E-3
0.52867890921643086E-3
0.52867890921643086E-3
0.52867890921643086E-3
0.52867890921643086E-3
0.52867890921643086E-3
0.52867890921643086E-3
0.52867890921643086E-3
0.52867890921643086E-3
0.52867890921643086E-3
0.52867890921643086E-3
0.52867890921643086E-3
0.52867890921643086E-3
0.52867890921643086E-3
0.52867890921643086E-3
0.52867890921643086E-3
0.52867890921643086E-3
0.52867890921643086E-3
0.52867890921643086E-3
0.52867890921643086E-3
0.52867890921643086E-3
0.52867890921643086E-3
0.52867890921643086E-3
0.52867890921643086E-3
0.52867890921643086E-3
0.52867890921643086E-3
0.52867890921643086E-3
0.52867890921643086E-3
0.52867890921643086E-3
0.52867890921643086E-3
0.52867890921643086E-3
0.52867890921643086E-3
0.52867890921643086E-3
0.52867890921643086E-3
0.52867890921643086E-3
0.52867890921643086E-3
0.52867890921643086E-3
0.52867890921643086E-3
0.52867890921643086E-3
0.52867890921643086E-3
0.52867890921643086E-3
0.52867890921643086E-3
0.52867890921643086E-3
0.52867890921643086E-3
0.52867890921643086E-3
0.52867890921643086E-3
0.52867890921643086E-3
0.52867890921643086E-3
0.52867890921643086E-3
0.52867890921643086E-3
0.52867890921643086E-3
0.52867890921643086E-3
0.52867890921643086E-3
0.52867890921643086E-3
0.52867890921643086E-3
0.52867890921643086E-3
0.52867890921643086E-3
0.52867890921643086E-3
0.52867890921643086E-3
0.52867890921643086E-3
0.52867890921643086E-3
0.52867890921643086E-3
0.52867890921643086E-3
0.52867890921643086E-3
0.52867890921643086E-3
0.52867890921643086E-3
0.52867890921643086E-3
0.52867890921643086E-3
0.52867890921643086E-3
0.52867890921643086E-3
0.52867890921643086E-3
0.52867890921643086E-3
0.52867890921643086E-3
0.52867890921643086E-3
0.52867890921643086E-3
0.52867890921643086E-3
0.52867890921643086E-3
0.52867890921643086E-3
0.52867890921643086E-3
0.52867890921643086E-3
0.52867890921643086E-3
0.52867890921643086E-3
0.52867890921643086E-3
0.52867890921643086E-3
0.52867890921643086E-3
0.52867890921643086E-3
0.52867890921643086E-3
0.52867890921643086E-3
0.52867890921643086E-3
0.52867890921643086E-3
0.52867890921643086E-3
0.52867890921643086E-3
0.52867890921643086E-3
0.52867890921643086E-3
0.52867890921643086E-3
0.52867890921643086E-3
0.52867890921643086E-3
0.52867890921643086E-3
0.52867890921643086E-3
0.52867890921643086E-3
0.52867890921643086E-3
0.52867890921643086E-3
0.52867890921643086E-3
0.52867890921643086E-3
0.52867890921643086E-3
0.52867890921643086E-3
0.52867890921643086E-3
0.52867890921643086E-3
0.52867890921643086E-3
0.52867890921643086E-3
0.52867890921643086E-3
0.52867890921643086E-3
0.52867890921643086E-3
0.52867890921643086E-3
0.52867890921643086E-3
0.52867890921643086E-3
0.52867890921643086E-3
0.52867890921643086E-3
0.52867890921643086E-3
0.52867890921643086E-3
0.52867890921643086E-3
0.52867890921643086E-3
0.52867890921643086E-3
0.52867890921643086E-3
0.52867890921643086E-3
0.52867890921643086E-3
0.52867890921643086E-3
0.52867890921643086E-3
0.52867890921643086E-3
0.52867890921643086E-3
0.52867890921643086E-3
0.52867890921643086E-3
0.52867890921643086E-3
0.52867890921643086E-3
0.52867890921643086E-3
0.52867890921643086E-3
0.52867890921643086E-3
0.52867890921643086E-3
0.52867890921643086E-3
0.52867890921643086E-3
0.52867890921643086E-3
0.52867890921643086E-3
0.52867890921643086E-3
0.52867890921643086E-3
0.52867890921643086E-3
0.52867890921643086E-3
0.52867890921643086E-3
0.52867890921643086E-3
0.52867890921643086E-3
0.52867890921643086E-3
0.52867890921643086E-3
0.52867890921643086E-3
0.52867890921643086E-3
0.52867890921643086E-3
0.52867890921643086E-3
0.52867890921643086E-3
0.52867890921643086E-3
0.52867890921643086E-3
0.52867890921643086E-3
0.52867890921643086E-3
0.52867890921643086E-3
0.52867890921643086E-3
0.52867890921643086E-3
0.52867890921643086E-3
0.52867890921643086E-3
0.52867890921643086E-3
0.52867890921643086E-3
0.52867890921643086E-3
0.52867890921643086E-3
0.52867890921643086E-3
0.52867890921643086E-3
0.52867890921643086E-3
0.52867890921643086E-3
0.52867890921643086E-3
0.52867890921643086E-3
0.52867890921643086E-3
0.52867890921643086E-3
0.52867890921643086E-3
0.52867890921643086E-3
0.52867890921643086E-3
0.52867890921643086E-3
0.52867890921643086E-3
0.52867890921643086E-3
0.52867890921643086E-3
0.52867890921643086E-3
0.52867890921643086E-3
0.52867890921643086E-3
0.52867890921643086E-3
0.52867890921643086E-3
0.52867890921643086E-3
0.52867890921643086E-3
0.52867890921643086E-3
0.52867890921643086E-3
0.52867890921643086E-3
0.52867890921643086E-3
0.52867890921643086E-3
0.52867890921643086E-3
0.52867890921643086E-3
0.52867890921643086E-3
0.52867890921643086E-3
0.52867890921643086E-3
0.52867890921643086E-3
0.52867890921643086E-3
0.52867890921643086E-3
0.52867890921643086E-3
0.52867890921643086E-3
0.52867890921643086E-3
0.52867890921643086E-3
0.52867890921643086E-3
0.52867890921643086E-3
0.52867890921643086E-3
0.52867890921643086E-3
0.52867890921643086E-3
0.52867890921643086E-3
0.52867890921643086E-3
0.52867890921643086E-3
0.52867890921643086E-3
0.52867890921643086E-3
0.52867890921643086E-3
0.52867890921643086E-3
0.52867890921643086E-3
0.52867890921643086E-3
0.52867890921643086E-3
0.52867890921643086E-3
0.52867890921643086E-3
0.52867890921643086E-3
0.52867890921643086E-3
0.52867890921643086E-3
0.52867890921643086E-3
0.52867890921643086E-3
0.52867890921643086E-3
0.52867890921643086E-3
0.52867890921643086E-3
0.52867890921643086E-3
0.52867890921643086E-3
0.52867890921643086E-3
0.52867890921643086E-3
0.52867890921643086E-3
0.52867890921643086E-3
0.52867890921643086E-3
0.52867890921643086E-3
0.52867890921643086E-3
0.52867890921643086E-3
0.52867890921643086E-3
0.52867890921643086E-3
0.52867890921643086E-3
0.52867890921643086E-3
0.52867890921643086E-3
0.52867890921643086E-3
0.52867890921643086E-3
0.52867890921643086E-3
0.52867890921643086E-3
0.52867890921643086E-3
0.52867890921643086E-3
0.52867890921643086E-3
0.52867890921643086E-3
0.52867890921643086E-3
0.52867890921643086E-3
0.52867890921643086E-3
0.52867890921643086E-3
0.52867890921643086E-3
0.52867890921643086E-3
0.52867890921643086E-3
0.52867890921643086E-3
0.52867890921643086E-3
0.52867890921643086E-3
0.52867890921643086E-3
0.52867890921643086E-3
0.52867890921643086E-3
0.52867890921643086E-3
0.52867890921643086E-3
0.52867890921643086E-3
0.52867890921643086E-3
0.52867890921643086E-3
0.52867890921643086E-3
0.52867890921643086E-3
0.52867890921643086E-3
0.52867890921643086E-3
0.52867890921643086E-3
0.52867890921643086E-3
0.52867890921643086E-3
0.52867890921643086E-3
0.52867890921643086E-3
0.52867890921643086E-3
0.52867890921643086E-3
0.52867890921643086E-3
0.52867890921643086E-3
0.52867890921643086E-3
0.52867890921643086E-3
0.52867890921643086E-3
0.52867890921643086E-3
0.52867890921643086E-3
0.52867890921643086E-3
0.52867890921643086E-3
0.52867890921643086E-3
0.52867890921643086E-3
0.52867890921643086E-3
0.52867890921643086E-3
0.52867890921643086E-3
0.52867890921643086E-3
0.52867890921643086E-3
0.52867890921643086E-3
0.52867890921643086E-3
0.52867890921643086E-3
0.52867890921643086E-3
0.52867890921643086E-3
0.52867890921643086E-3
0.52867890921643086E-3
0.52867890921643086E-3
0.52867890921643086E-3
0.52867890921643086E-3
0.52867890921643086E-3
0.52867890921643086E-3
0.52867890921643086E-3
0.52867890921643086E-3
0.52867890921643086E-3
0.52867890921643086E-3
0.52867890921643086E-3
0.52867890921643086E-3
0.52867890921643086E-3
0.52867890921643086E-3
0.52867890921643086E-3
0.52867890921643086E-3
0.52867890921643086E-3
0.52867890921643086E-3
0.52867890921643086E-3
0.52867890921643086E-3
0.52867890921643086E-3
0.52867890921643086E-3
0.52867890921643086E-3
0.52867890921643086E-3
0.52867890921643086E-3
0.52867890921643086E-3
0.52867890921643086E-3
0.52867890921643086E-3
0.52867890921643086E-3
0.52867890921643086E-3
0.52867890921643086E-3
0.52867890921643086E-3
0.52867890921643086E-3
0.52867890921643086E-3
0.52867890921643086E-3
0.52867890921643086E-3
0.52867890921643086E-3
0.52867890921643086E-3
0.52867890921643086E-3
0.52867890921643086E-3
0.52867890921643086E-3
0.52867890921643086E-3
0.52867890921643086E-3
0.52867890921643086E-3
0.52867890921643086E-3
0.52867890921643086E-3
0.52867890921643086E-3
0.52867890921643086E-3
0.52867890921643086E-3
0.52867890921643086E-3
0.52867890921643086E-3
0.52867890921643086E-3
0.52867890921643086E-3
0.52867890921643086E-3
0.52867890921643086E-3
0.52867890921643086E-3
0.52867890921643086E-3
0.52867890921643086E-3
0.52867890921643086E-3
0.52867890921643086E-3
0.52867890921643086E-3
0.52867890921643086E-3
0.52867890921643086E-3
0.52867890921643086E-3
0.52867890921643086E-3
0.52867890921643086E-3
0.52867890921643086E-3
0.52867890921643086E-3
0.52867890921643086E-3
0.52867890921643086E-3
0.52867890921643086E-3
0.52867890921643086E-3
0.52867890921643086E-3
0.52867890921643086E-3
0.52867890921643086E-3
0.52867890921643086E-3
0.52867890921643086E-3
0.52867890921643086E-3
0.52867890921643086E-3
0.52867890921643086E-3
0.52867890921643086E-3
0.52867890921643086E-3
0.52867890921643086E-3
0.52867890921643086E-3
0.52867890921643086E-3
0.52867890921643086E-3
0.52867890921643086E-3
0.52867890921643086E-3
0.52867890921643086E-3
0.52867890921643086E-3
0.52867890921643086E-3
0.52867890921643086E-3
0.52867890921643086E-3
0.52867890921643086E-3
0.52867890921643086E-3
0.52867890921643086E-3
0.52867890921643086E-3
0.52867890921643086E-3
0.52867890921643086E-3
0.52867890921643086E-3
0.52867890921643086E-3
0.52867890921643086E-3
0.52867890921643086E-3
0.52867890921643086E-3
0.52867890921643086E-3
0.52867890921643086E-3
0.52867890921643086E-3
0.52867890921643086E-3
0.52867890921643086E-3
0.52867890921643086E-3
0.52867890921643086E-3
0.52867890921643086E-3
0.52867890921643086E-3
0.52867890921643086E-3
0.52867890921643086E-3
0.52867890921643086E-3
0.52867890921643086E-3
0.52867890921643086E-3
0.52867890921643086E-3
0.52867890921643086E-3
0.52867890921643086E-3
0.52867890921643086E-3
0.52867890921643086E-3
0.52867890921643086E-3
0.52867890921643086E-3
0.52867890921643086E-3
0.52867890921643086E-3
0.52867890921643086E-3
0.52867890921643086E-3
0.52867890921643086E-3
0.52867890921643086E-3
0.52867890921643086E-3
0.52867890921643086E-3
0.52867890921643086E-3
0.52867890921643086E-3
0.52867890921643086E-3
0.52867890921643086E-3
0.52867890921643086E-3
0.52867890921643086E-3
0.52867890921643086E-3
0.52867890921643086E-3
0.52867890921643086E-3
0.52867890921643086E-3
0.52867890921643086E-3
0.52867890921643086E-3
0.52867890921643086E-3
0.52867890921643086E-3
0.52867890921643086E-3
0.52867890921643086E-3
0.52867890921643086E-3
0.52867890921643086E-3
0.52867890921643086E-3
0.52867890921643086E-3
0.52867890921643086E-3
0.52867890921643086E-3
0.52867890921643086E-3
0.52867890921643086E-3
0.52867890921643086E-3
0.52867890921643086E-3
0.52867890921643086E-3
0.52867890921643086E-3
0.52867890921643086E-3
0.52867890921643086E-3
0.52867890921643086E-3
0.52867890921643086E-3
0.52867890921643086E-3
0.52867890921643086E-3
0.52867890921643086E-3
0.52867890921643086E-3
0.52867890921643086E-3
0.52867890921643086E-3
0.52867890921643086E-3
0.52867890921643086E-3
0.52867890921643086E-3
0.52867890921643086E-3
0.52867890921643086E-3
0.52867890921643086E-3
0.52867890921643086E-3
0.52867890921643086E-3
0.52867890921643086E-3
0.52867890921643086E-3
0.52867890921643086E-3
0.52867890921643086E-3
0.52867890921643086E-3
0.52867890921643086E-3
0.52867890921643086E-3
0.52867890921643086E-3
0.52867890921643086E-3
0.52867890921643086E-3
0.52867890921643086E-3
0.52867890921643086E-3
0.52867890921643086E-3
0.52867890921643086E-3
0.52867890921643086E-3
0.52867890921643086E-3
0.52867890921643086E-3
0.52867890921643086E-3
0.52867890921643086E-3
0.52867890921643086E-3
0.52867890921643086E-3
0.52867890921643086E-3
0.52867890921643086E-3
0.52867890921643086E-3
0.52867890921643086E-3
0.52867890921643086E-3
0.52867890921643086E-3
0.52867890921643086E-3
0.52867890921643086E-3
0.52867890921643086E-3
0.52867890921643086E-3
0.52867890921643086E-3
0.52867890921643086E-3
0.52867890921643086E-3
0.52867890921643086E-3
0.52867890921643086E-3
0.52867890921643086E-3
0.52867890921643086E-3
0.52867890921643086E-3
0.52867890921643086E-3
0.52867890921643086E-3
0.52867890921643086E-3
0.52867890921643086E-3
0.52867890921643086E-3
0.52867890921643086E-3
0.52867890921643086E-3
0.52867890921643086E-3
0.52867890921643086E-3
0.52867890921643086E-3
0.52867890921643086E-3
0.52867890921643086E-3
0.52867890921643086E-3
0.52867890921643086E-3
0.52867890921643086E-3
0.52867890921643086E-3
0.52867890921643086E-3
0.52867890921643086E-3
0.52867890921643086E-3
0.52867890921643086E-3
0.52867890921643086E-3
0.52867890921643086E-3
0.52867890921643086E-3
0.52867890921643086E-3
0.52867890921643086E-3
0.52867890921643086E-3
0.52867890921643086E-3
0.52867890921643086E-3
0.52867890921643086E-3
0.52867890921643086E-3
0.52867890921643086E-3
0.52867890921643086E-3
0.52867890921643086E-3
0.52867890921643086E-3
0.52867890921643086E-3
0.52867890921643086E-3
0.52867890921643086E-3
0.52867890921643086E-3
0.52867890921643086E-3
0.52867890921643086E-3
0.52867890921643086E-3
0.52867890921643086E-3
0.52867890921643086E-3
0.52867890921643086E-3
0.52867890921643086E-3
0.52867890921643086E-3
0.52867890921643086E-3
0.52867890921643086E-3
0.52867890921643086E-3
0.52867890921643086E-3
0.52867890921643086E-3
0.52867890921643086E-3
0.52867890921643086E-3
0.52867890921643086E-3
0.52867890921643086E-3
0.52867890921643086E-3
0.52867890921643086E-3
0.52867890921643086E-3
0.52867890921643086E-3
0.52867890921643086E-3
0.52867890921643086E-3
0.52867890921643086E-3
0.52867890921643086E-3
0.52867890921643086E-3
0.52867890921643086E-3
0.52867890921643086E-3
0.52867890921643086E-3
0.52867890921643086E-3
0.52867890921643086E-3
0.52867890921643086E-3
0.52867890921643086E-3
0.52867890921643086E-3
0.52867890921643086E-3
0.52867890921643086E-3
0.52867890921643086E-3
0.52867890921643086E-3
0.52867890921643086E-3
0.52867890921643086E-3
0.52867890921643086E-3
0.52867890921643086E-3
0.52867890921643086E-3
0.52867890921643086E-3
0.52867890921643086E-3
0.52867890921643086E-3
0.52867890921643086E-3
0.52867890921643086E-3
0.52867890921643086E-3
0.52867890921643086E-3
0.52867890921643086E-3
0.52867890921643086E-3
0.52867890921643086E-3
0.52867890921643086E-3
0.52867890921643086E-3
0.52867890921643086E-3
0.52867890921643086E-3
0.52867890921643086E-3
0.52867890921643086E-3
0.52867890921643086E-3
0.52867890921643086E-3
0.52867890921643086E-3
0.52867890921643086E-3
0.52867890921643086E-3
0.52867890921643086E-3
0.52867890921643086E-3
0.52867890921643086E-3
0.52867890921643086E-3
0.52867890921643086E-3
0.52867890921643086E-3
0.52867890921643086E-3
0.52867890921643086E-3
0.52867890921643086E-3
0.52867890921643086E-3
0.52867890921643086E-3
0.52867890921643086E-3
0.52867890921643086E-3
0.52867890921643086E-3
0.52867890921643086E-3
0.52867890921643086E-3
0.52867890921643086E-3
0.52867890921643086E-3
0.52867890921643086E-3
0.52867890921643086E-3
0.52867890921643086E-3
0.52867890921643086E-3
0.52867890921643086E-3
0.52867890921643086E-3
0.52867890921643086E-3
0.52867890921643086E-3
0.52867890921643086E-3
0.52867890921643086E-3
0.52867890921643086E-3
0.52867890921643086E-3
0.52867890921643086E-3
0.52867890921643086E-3
0.52867890921643086E-3
0.52867890921643086E-3
0.52867890921643086E-3
0.52867890921643086E-3
0.52867890921643086E-3
0.52867890921643086E-3
0.52867890921643086E-3
0.52867890921643086E-3
0.52867890921643086E-3
0.52867890921643086E-3
0.52867890921643086E-3
0.52867890921643086E-3
0.52867890921643086E-3
0.52867890921643086E-3
0.52867890921643086E-3
0.52867890921643086E-3
0.52867890921643086E-3
0.52867890921643086E-3
0.52867890921643086E-3
0.52867890921643086E-3
0.52867890921643086E-3
0.52867890921643086E-3
0.52867890921643086E-3
0.52867890921643086E-3
0.52867890921643086E-3
0.52867890921643086E-3
0.52867890921643086E-3
0.52867890921643086E-3
0.52867890921643086E-3
0.52867890921643086E-3
0.52867890921643086E-3
0.52867890921643086E-3
0.52867890921643086E-3
0.52867890921643086E-3
0.52867890921643086E-3
0.52867890921643086E-3
0.52867890921643086E-3
0.52867890921643086E-3
0.52867890921643086E-3
0.52867890921643086E-3
0.52867890921643086E-3
0.52867890921643086E-3
0.52867890921643086E-3
0.52867890921643086E-3
0.52867890921643086E-3
0.52867890921643086E-3
0.52867890921643086E-3
0.52867890921643086E-3
0.52867890921643086E-3
0.52867890921643086E-3
0.52867890921643086E-3
0.52867890921643086E-3
0.52867890921643086E-3
0.52867890921643086E-3
0.52867890921643086E-3
0.52867890921643086E-3
0.52867890921643086E-3
0.52867890921643086E-3
0.52867890921643086E-3
0.52867890921643086E-3
0.52867890921643086E-3
0.52867890921643086E-3
0.52867890921643086E-3
0.52867890921643086E-3
0.52867890921643086E-3
0.52867890921643086E-3
0.52867890921643086E-3
0.52867890921643086E-3
0.52867890921643086E-3
0.52867890921643086E-3
0.52867890921643086E-3
0.52867890921643086E-3
0.52867890921643086E-3
0.52867890921643086E-3
0.52867890921643086E-3
0.52867890921643086E-3
0.52867890921643086E-3
0.52867890921643086E-3
0.52867890921643086E-3
0.52867890921643086E-3
0.52867890921643086E-3
0.52867890921643086E-3
0.52867890921643086E-3
0.52867890921643086E-3
0.52867890921643086E-3
0.52867890921643086E-3
0.52867890921643086E-3
0.52867890921643086E-3
0.52867890921643086E-3
0.52867890921643086E-3
0.52867890921643086E-3
0.52867890921643086E-3
0.52867890921643086E-3
0.52867890921643086E-3
0.52867890921643086E-3
0.52867890921643086E-3
0.52867890921643086E-3
0.52867890921643086E-3
0.52867890921643086E-3
0.52867890921643086E-3
0.52867890921643086E-3
0.52867890921643086E-3
0.52867890921643086E-3
0.52867890921643086E-3
0.52867890921643086E-3
0.52867890921643086E-3
0.52867890921643086E-3
0.52867890921643086E-3
0.52867890921643086E-3
0.52867890921643086E-3
0.52867890921643086E-3
0.52867890921643086E-3
0.52867890921643086E-3
0.52867890921643086E-3
0.52867890921643086E-3
0.52867890921643086E-3
0.52867890921643086E-3
0.52867890921643086E-3
0.52867890921643086E-3
0.52867890921643086E-3
0.52867890921643086E-3
0.52867890921643086E-3
0.52867890921643086E-3
0.52867890921643086E-3
0.52867890921643086E-3
0.52867890921643086E-3
0.52867890921643086E-3
0.52867890921643086E-3
0.52867890921643086E-3
0.52867890921643086E-3
0.52867890921643086E-3
0.52867890921643086E-3
0.52867890921643086E-3
0.52867890921643086E-3
0.52867890921643086E-3
0.52867890921643086E-3
0.52867890921643086E-3
0.52867890921643086E-3
0.52867890921643086E-3
0.52867890921643086E-3
0.52867890921643086E-3
0.52867890921643086E-3
0.52867890921643086E-3
0.52867890921643086E-3
0.52867890921643086E-3
0.52867890921643086E-3
0.52867890921643086E-3
0.52867890921643086E-3
0.52867890921643086E-3
0.52867890921643086E-3
0.52867890921643086E-3
0.52867890921643086E-3
0.52867890921643086E-3
0.52867890921643086E-3
0.52867890921643086E-3
0.52867890921643086E-3
0.52867890921643086E-3
0.52867890921643086E-3
0.52867890921643086E-3
0.52867890921643086E-3
0.52867890921643086E-3
0.52867890921643086E-3
0.52867890921643086E-3
0.52867890921643086E-3
0.52867890921643086E-3
0.52867890921643086E-3
0.52867890921643086E-3
0.52867890921643086E-3
0.52867890921643086E-3
0.52867890921643086E-3
0.52867890921643086E-3
0.52867890921643086E-3
0.52867890921643086E-3
0.52867890921643086E-3
0.52867890921643086E-3
0.52867890921643086E-3
0.52867890921643086E-3
0.52867890921643086E-3
0.52867890921643086E-3
0.52867890921643086E-3
0.52867890921643086E-3
0.52867890921643086E-3
0.52867890921643086E-3
0.52867890921643086E-3
0.52867890921643086E-3
0.52867890921643086E-3
0.52867890921643086E-3
0.52867890921643086E-3
0.52867890921643086E-3
0.52867890921643086E-3
0.52867890921643086E-3
0.52867890921643086E-3
0.52867890921643086E-3
0.52867890921643086E-3
0.52867890921643086E-3
0.52867890921643086E-3
0.52867890921643086E-3
0.52867890921643086E-3
0.52867890921643086E-3
0.52867890921643086E-3
0.52867890921643086E-3
0.52867890921643086E-3
0.52867890921643086E-3
0.52867890921643086E-3
0.52867890921643086E-3
0.52867890921643086E-3
0.52867890921643086E-3
0.52867890921643086E-3
0.52867890921643086E-3
0.52867890921643086E-3
0.52867890921643086E-3
0.52867890921643086E-3
0.52867890921643086E-3
0.52867890921643086E-3
0.52867890921643086E-3
0.52867890921643086E-3
0.52867890921643086E-3
0.52867890921643086E-3
0.52867890921643086E-3
0.52867890921643086E-3
0.52867890921643086E-3
0.52867890921643086E-3
0.52867890921643086E-3
0.52867890921643086E-3
0.52867890921643086E-3
0.52867890921643086E-3
0.52867890921643086E-3
0.52867890921643086E-3
0.52867890921643086E-3
0.52867890921643086E-3
0.52867890921643086E-3
0.52867890921643086E-3
0.52867890921643086E-3
0.52867890921643086E-3
0.52867890921643086E-3
0.52867890921643086E-3
0.52867890921643086E-3
0.52867890921643086E-3
0.52867890921643086E-3
0.52867890921643086E-3
0.52867890921643086E-3
0.52867890921643086E-3
0.52867890921643086E-3
0.52867890921643086E-3
0.52867890921643086E-3
0.52867890921643086E-3
0.52867890921643086E-3
0.52867890921643086E-3
0.52867890921643086E-3
0.52867890921643086E-3
0.52867890921643086E-3
0.52867890921643086E-3
0.52867890921643086E-3
0.52867890921643086E-3
0.52867890921643086E-3
0.52867890921643086E-3
0.52867890921643086E-3
0.52867890921643086E-3
0.52867890921643086E-3
0.52867890921643086E-3
0.52867890921643086E-3
0.52867890921643086E-3
0.52867890921643086E-3
0.52867890921643086E-3
0.52867890921643086E-3
0.52867890921643086E-3
0.52867890921643086E-3
0.52867890921643086E-3
0.52867890921643086E-3
0.52867890921643086E-3
0.52867890921643086E-3
0.52867890921643086E-3
0.52867890921643086E-3
0.52867890921643086E-3
0.52867890921643086E-3
0.52867890921643086E-3
0.52867890921643086E-3
0.52867890921643086E-3
0.52867890921643086E-3
0.52867890921643086E-3
0.52867890921643086E-3
0.52867890921643086E-3
0.52867890921643086E-3
0.52867890921643086E-3
0.52867890921643086E-3
0.52867890921643086E-3
0.52867890921643086E-3
0.52867890921643086E-3
0.52867890921643086E-3
0.52867890921643086E-3
0.52867890921643086E-3
0.52867890921643086E-3
0.52867890921643086E-3
0.52867890921643086E-3
0.52867890921643086E-3
0.52867890921643086E-3
0.52867890921643086E-3
0.52867890921643086E-3
0.52867890921643086E-3
0.52867890921643086E-3
0.52867890921643086E-3
0.52867890921643086E-3
0.52867890921643086E-3
0.52867890921643086E-3
0.52867890921643086E-3
0.52867890921643086E-3
0.52867890921643086E-3
0.52867890921643086E-3
0.52867890921643086E-3
0.52867890921643086E-3
0.52867890921643086E-3
0.52867890921643086E-3
0.52867890921643086E-3
0.52867890921643086E-3
0.52867890921643086E-3
0.52867890921643086E-3
0.52867890921643086E-3
0.52867890921643086E-3
0.52867890921643086E-3
0.52867890921643086E-3
0.52867890921643086E-3
0.52867890921643086E-3
0.52867890921643086E-3
0.52867890921643086E-3
0.52867890921643086E-3
0.52867890921643086E-3
0.52867890921643086E-3
0.52867890921643086E-3
0.52867890921643086E-3
0.52867890921643086E-3
0.52867890921643086E-3
0.52867890921643086E-3
0.52867890921643086E-3
0.52867890921643086E-3
0.52867890921643086E-3
0.52867890921643086E-3
0.52867890921643086E-3
0.52867890921643086E-3
0.52867890921643086E-3
0.52867890921643086E-3
0.52867890921643086E-3
0.52867890921643086E-3
0.52867890921643086E-3
0.52867890921643086E-3
0.52867890921643086E-3
0.52867890921643086E-3
0.52867890921643086E-3
0.52867890921643086E-3
0.52867890921643086E-3
0.52867890921643086E-3
0.52867890921643086E-3
0.52867890921643086E-3
0.52867890921643086E-3
0.52867890921643086E-3
0.52867890921643086E-3
0.52867890921643086E-3
0.52867890921643086E-3
0.52867890921643086E-3
0.52867890921643086E-3
0.52867890921643086E-3
0.52867890921643086E-3
0.52867890921643086E-3
0.52867890921643086E-3
0.52867890921643086E-3
0.52867890921643086E-3
0.52867890921643086E-3
0.52867890921643086E-3
0.52867890921643086E-3
0.52867890921643086E-3
0.52867890921643086E-3
0.52867890921643086E-3
0.52867890921643086E-3
0.52867890921643086E-3
0.52867890921643086E-3
0.52867890921643086E-3
0.52867890921643086E-3
0.52867890921643086E-3
0.52867890921643086E-3
0.52867890921643086E-3
0.52867890921643086E-3
0.52867890921643086E-3
0.52867890921643086E-3
0.52867890921643086E-3
0.52867890921643086E-3
0.52867890921643086E-3
0.52867890921643086E-3
0.52867890921643086E-3
0.52867890921643086E-3
0.52867890921643086E-3
0.52867890921643086E-3
0.52867890921643086E-3
0.52867890921643086E-3
0.52867890921643086E-3
0.52867890921643086E-3
0.52867890921643086E-3
0.52867890921643086E-3
0.52867890921643086E-3
0.52867890921643086E-3
0.52867890921643086E-3
0.52867890921643086E-3
0.52867890921643086E-3
0.52867890921643086E-3
0.52867890921643086E-3
0.52867890921643086E-3
0.52867890921643086E-3
0.52867890921643086E-3
0.52867890921643086E-3
0.52867890921643086E-3
0.52867890921643086E-3
0.52867890921643086E-3
0.52867890921643086E-3
0.52867890921643086E-3
0.52867890921643086E-3
0.52867890921643086E-3
0.52867890921643086E-3
0.52867890921643086E-3
0.52867890921643086E-3
0.52867890921643086E-3
0.52867890921643086E-3
0.52867890921643086E-3
0.52867890921643086E-3
0.52867890921643086E-3
0.52867890921643086E-3
0.52867890921643086E-3
0.52867890921643086E-3
0.52867890921643086E-3
0.52867890921643086E-3
0.52867890921643086E-3
0.52867890921643086E-3
0.52867890921643086E-3
0.52867890921643086E-3
0.52867890921643086E-3
0.52867890921643086E-3
0.52867890921643086E-3
0.52867890921643086E-3
0.52867890921643086E-3
0.52867890921643086E-3
0.52867890921643086E-3
0.52867890921643086E-3
0.52867890921643086E-3
0.52867890921643086E-3
0.52867890921643086E-3
0.52867890921643086E-3
0.52867890921643086E-3
0.52867890921643086E-3
0.52867890921643086E-3
0.52867890921643086E-3
0.52867890921643086E-3
0.52867890921643086E-3
0.52867890921643086E-3
0.52867890921643086E-3
0.52867890921643086E-3
0.52867890921643086E-3
0.52867890921643086E-3
0.52867890921643086E-3
0.52867890921643086E-3
0.52867890921643086E-3
0.52867890921643086E-3
0.52867890921643086E-3
0.52867890921643086E-3
0.52867890921643086E-3
0.52867890921643086E-3
0.52867890921643086E-3
0.52867890921643086E-3
0.52867890921643086E-3
0.52867890921643086E-3
0.52867890921643086E-3
0.52867890921643086E-3
0.52867890921643086E-3
0.52867890921643086E-3
0.52867890921643086E-3
0.52867890921643086E-3
0.52867890921643086E-3
0.52867890921643086E-3
0.52867890921643086E-3
0.52867890921643086E-3
0.52867890921643086E-3
0.52867890921643086E-3
0.52867890921643086E-3
0.52867890921643086E-3
0.52867890921643086E-3
0.52867890921643086E-3
0.52867890921643086E-3
0.52867890921643086E-3
0.52867890921643086E-3
0.52867890921643086E-3
0.52867890921643086E-3
0.52867890921643086E-3
0.52867890921643086E-3
0.52867890921643086E-3
0.52867890921643086E-3
0.52867890921643086E-3
0.52867890921643086E-3
0.52867890921643086E-3
0.52867890921643086E-3
0.52867890921643086E-3
0.52867890921643086E-3
0.52867890921643086E-3
0.52867890921643086E-3
0.52867890921643086E-3
0.52867890921643086E-3
0.52867890921643086E-3
0.52867890921643086E-3
0.52867890921643086E-3
0.52867890921643086E-3
0.52867890921643086E-3
0.52867890921643086E-3
0.52867890921643086E-3
0.52867890921643086E-3
0.52867890921643086E-3
0.52867890921643086E-3
0.52867890921643086E-3
0.52867890921643086E-3
0.52867890921643086E-3
0.52867890921643086E-3
0.52867890921643086E-3
0.52867890921643086E-3
0.52867890921643086E-3
0.52867890921643086E-3
0.52867890921643086E-3
0.52867890921643086E-3
0.52867890921643086E-3
0.52867890921643086E-3
0.52867890921643086E-3
0.52867890921643086E-3
0.52867890921643086E-3
0.52867890921643086E-3
0.52867890921643086E-3
0.52867890921643086E-3
0.52867890921643086E-3
0.52867890921643086E-3
0.52867890921643086E-3
0.52867890921643086E-3
0.52867890921643086E-3
0.52867890921643086E-3
0.52867890921643086E-3
0.52867890921643086E-3
0.52867890921643086E-3
0.52867890921643086E-3
0.52867890921643086E-3
0.52867890921643086E-3
0.52867890921643086E-3
0.52867890921643086E-3
0.52867890921643086E-3
0.52867890921643086E-3
0.52867890921643086E-3
0.52867890921643086E-3
0.52867890921643086E-3
0.52867890921643086E-3
0.52867890921643086E-3
0.52867890921643086E-3
0.52867890921643086E-3
0.52867890921643086E-3
0.52867890921643086E-3
0.52867890921643086E-3
0.52867890921643086E-3
0.52867890921643086E-3
0.52867890921643086E-3
0.52867890921643086E-3
0.52867890921643086E-3
0.52867890921643086E-3
0.52867890921643086E-3
0.52867890921643086E-3
0.52867890921643086E-3
0.52867890921643086E-3
0.52867890921643086E-3
0.52867890921643086E-3
0.52867890921643086E-3
0.52867890921643086E-3
0.52867890921643086E-3
0.52867890921643086E-3
0.52867890921643086E-3
0.52867890921643086E-3
0.52867890921643086E-3
0.52867890921643086E-3
0.52867890921643086E-3
0.52867890921643086E-3
0.52867890921643086E-3
0.52867890921643086E-3
0.52867890921643086E-3
0.52867890921643086E-3
0.52867890921643086E-3
0.52867890921643086E-3
0.52867890921643086E-3
0.52867890921643086E-3
0.52867890921643086E-3
0.52867890921643086E-3
0.52867890921643086E-3
0.52867890921643086E-3
0.52867890921643086E-3
0.52867890921643086E-3
0.52867890921643086E-3
0.52867890921643086E-3
0.52867890921643086E-3
0.52867890921643086E-3
0.52867890921643086E-3
0.52867890921643086E-3
0.52867890921643086E-3
0.52867890921643086E-3
0.52867890921643086E-3
0.52867890921643086E-3
0.52867890921643086E-3
0.52867890921643086E-3
0.52867890921643086E-3
0.52867890921643086E-3
0.52867890921643086E-3
0.52867890921643086E-3
0.52867890921643086E-3
0.52867890921643086E-3
0.52867890921643086E-3
0.52867890921643086E-3
0.52867890921643086E-3
0.52867890921643086E-3
0.52867890921643086E-3
0.52867890921643086E-3
0.52867890921643086E-3
0.52867890921643086E-3
0.52867890921643086E-3
0.52867890921643086E-3
0.52867890921643086E-3
0.52867890921643086E-3
0.52867890921643086E-3
0.52867890921643086E-3
0.52867890921643086E-3
0.52867890921643086E-3
0.52867890921643086E-3
0.52867890921643086E-3
0.52867890921643086E-3
0.52867890921643086E-3
0.52867890921643086E-3
0.52867890921643086E-3
0.52867890921643086E-3
0.52867890921643086E-3
0.52867890921643086E-3
0.52867890921643086E-3
0.52867890921643086E-3
0.52867890921643086E-3
0.52867890921643086E-3
0.52867890921643086E-3
0.52867890921643086E-3
0.52867890921643086E-3
0.52867890921643086E-3
0.52867890921643086E-3
0.52867890921643086E-3
0.52867890921643086E-3
0.52867890921643086E-3
0.52867890921643086E-3
0.52867890921643086E-3
0.52867890921643086E-3
0.52867890921643086E-3
0.52867890921643086E-3
0.52867890921643086E-3
0.52867890921643086E-3
0.52867890921643086E-3
0.52867890921643086E-3
0.52867890921643086E-3
0.52867890921643086E-3
0.52867890921643086E-3
0.52867890921643086E-3
0.52867890921643086E-3
0.52867890921643086E-3
0.52867890921643086E-3
0.52867890921643086E-3
0.52867890921643086E-3
0.52867890921643086E-3
0.52867890921643086E-3
0.52867890921643086E-3
0.52867890921643086E-3
0.52867890921643086E-3
0.52867890921643086E-3
0.52867890921643086E-3
0.52867890921643086E-3
0.52867890921643086E-3
0.52867890921643086E-3
0.52867890921643086E-3
0.52867890921643086E-3
0.52867890921643086E-3
0.52867890921643086E-3
0.52867890921643086E-3
0.52867890921643086E-3
0.52867890921643086E-3
0.52867890921643086E-3
0.52867890921643086E-3
0.52867890921643086E-3
0.52867890921643086E-3
0.52867890921643086E-3
0.52867890921643086E-3
0.52867890921643086E-3
0.52867890921643086E-3
0.52867890921643086E-3
0.52867890921643086E-3
0.52867890921643086E-3
0.52867890921643086E-3
0.52867890921643086E-3
0.52867890921643086E-3
0.52867890921643086E-3
0.52867890921643086E-3
0.52867890921643086E-3
0.52867890921643086E-3
0.52867890921643086E-3
0.52867890921643086E-3
0.52867890921643086E-3
0.52867890921643086E-3
0.52867890921643086E-3
0.52867890921643086E-3
0.52867890921643086E-3
0.52867890921643086E-3
0.52867890921643086E-3
0.52867890921643086E-3
0.52867890921643086E-3
0.52867890921643086E-3
0.52867890921643086E-3
0.52867890921643086E-3
0.52867890921643086E-3
0.52867890921643086E-3
0.52867890921643086E-3
0.52867890921643086E-3
0.52867890921643086E-3
0.52867890921643086E-3
0.52867890921643086E-3
0.52867890921643086E-3
0.52867890921643086E-3
0.52867890921643086E-3
0.52867890921643086E-3
0.52867890921643086E-3
0.52867890921643086E-3
0.52867890921643086E-3
0.52867890921643086E-3
0.52867890921643086E-3
0.52867890921643086E-3
0.52867890921643086E-3
0.52867890921643086E-3
0.52867890921643086E-3
0.52867890921643086E-3
0.52867890921643086E-3
0.52867890921643086E-3
0.52867890921643086E-3
0.52867890921643086E-3
0.52867890921643086E-3
0.52867890921643086E-3
0.52867890921643086E-3
0.52867890921643086E-3
0.52867890921643086E-3
0.52867890921643086E-3
0.52867890921643086E-3
0.52867890921643086E-3
0.52867890921643086E-3
0.52867890921643086E-3
0.52867890921643086E-3
0.52867890921643086E-3
0.52867890921643086E-3
0.52867890921643086E-3
0.52867890921643086E-3
0.52867890921643086E-3
0.52867890921643086E-3
0.52867890921643086E-3
0.52867890921643086E-3
0.52867890921643086E-3
0.52867890921643086E-3
0.52867890921643086E-3
0.52867890921643086E-3
0.52867890921643086E-3
0.52867890921643086E-3
0.52867890921643086E-3
0.52867890921643086E-3
0.52867890921643086E-3
0.52867890921643086E-3
0.52867890921643086E-3
0.52867890921643086E-3
0.52867890921643086E-3
0.52867890921643086E-3
0.52867890921643086E-3
0.52867890921643086E-3
0.52867890921643086E-3
0.52867890921643086E-3
0.52867890921643086E-3
0.52867890921643086E-3
0.52867890921643086E-3
0.52867890921643086E-3
0.52867890921643086E-3
0.52867890921643086E-3
0.52867890921643086E-3
0.52867890921643086E-3
0.52867890921643086E-3
0.52867890921643086E-3
0.52867890921643086E-3
0.52867890921643086E-3
0.52867890921643086E-3
0.52867890921643086E-3
0.52867890921643086E-3
0.52867890921643086E-3
0.52867890921643086E-3
0.52867890921643086E-3
0.52867890921643086E-3
0.52867890921643086E-3
0.52867890921643086E-3
0.52867890921643086E-3
0.52867890921643086E-3
0.52867890921643086E-3
0.52867890921643086E-3
0.52867890921643086E-3
0.52867890921643086E-3
0.52867890921643086E-3
0.52867890921643086E-3
0.52867890921643086E-3
0.52867890921643086E-3
0.52867890921643086E-3
0.52867890921643086E-3
0.52867890921643086E-3
0.52867890921643086E-3
0.52867890921643086E-3
0.52867890921643086E-3
0.52867890921643086E-3
0.52867890921643086E-3
0.52867890921643086E-3
0.52867890921643086E-3
0.52867890921643086E-3
0.52867890921643086E-3
0.52867890921643086E-3
0.52867890921643086E-3
0.52867890921643086E-3
0.52867890921643086E-3
0.52867890921643086E-3
0.52867890921643086E-3
0.52867890921643086E-3
0.52867890921643086E-3
0.52867890921643086E-3
0.52867890921643086E-3
0.52867890921643086E-3
0.52867890921643086E-3
0.52867890921643086E-3
0.52867890921643086E-3
0.52867890921643086E-3
0.52867890921643086E-3
0.52867890921643086E-3
0.52867890921643086E-3
0.52867890921643086E-3
0.52867890921643086E-3
0.52867890921643086E-3
0.52867890921643086E-3
0.52867890921643086E-3
0.52867890921643086E-3
0.52867890921643086E-3
0.52867890921643086E-3
0.52867890921643086E-3
0.52867890921643086E-3
0.52867890921643086E-3
0.52867890921643086E-3
0.52867890921643086E-3
0.52867890921643086E-3
0.52867890921643086E-3
0.52867890921643086E-3
0.52867890921643086E-3
0.52867890921643086E-3
0.52867890921643086E-3
0.52867890921643086E-3
0.52867890921643086E-3
0.52867890921643086E-3
0.52867890921643086E-3
0.52867890921643086E-3
0.52867890921643086E-3
0.52867890921643086E-3
0.52867890921643086E-3
0.52867890921643086E-3
0.52867890921643086E-3
0.52867890921643086E-3
0.52867890921643086E-3
0.52867890921643086E-3
0.52867890921643086E-3
0.52867890921643086E-3
0.52867890921643086E-3
0.52867890921643086E-3
0.52867890921643086E-3
0.52867890921643086E-3
0.52867890921643086E-3
0.52867890921643086E-3
0.52867890921643086E-3
0.52867890921643086E-3
0.52867890921643086E-3
0.52867890921643086E-3
0.52867890921643086E-3
0.52867890921643086E-3
0.52867890921643086E-3
0.52867890921643086E-3
0.52867890921643086E-3
0.52867890921643086E-3
0.52867890921643086E-3
0.52867890921643086E-3
0.52867890921643086E-3
0.52867890921643086E-3
0.52867890921643086E-3
0.52867890921643086E-3
0.52867890921643086E-3
0.52867890921643086E-3
0.52867890921643086E-3
0.52867890921643086E-3
0.52867890921643086E-3
0.52867890921643086E-3
0.52867890921643086E-3
0.52867890921643086E-3
0.52867890921643086E-3
0.52867890921643086E-3
0.52867890921643086E-3
0.52867890921643086E-3
0.52867890921643086E-3
0.52867890921643086E-3
0.52867890921643086E-3
0.52867890921643086E-3
0.52867890921643086E-3
0.52867890921643086E-3
0.52867890921643086E-3
0.52867890921643086E-3
0.52867890921643086E-3
0.52867890921643086E-3
0.52867890921643086E-3
0.52867890921643086E-3
0.52867890921643086E-3
0.52867890921643086E-3
0.52867890921643086E-3
0.52867890921643086E-3
0.52867890921643086E-3
0.52867890921643086E-3
0.52867890921643086E-3
0.52867890921643086E-3
0.52867890921643086E-3
0.52867890921643086E-3
0.52867890921643086E-3
0.52867890921643086E-3
0.52867890921643086E-3
0.52867890921643086E-3
0.52867890921643086E-3
0.52867890921643086E-3
0.52867890921643086E-3
0.52867890921643086E-3
0.52867890921643086E-3
0.52867890921643086E-3
0.52867890921643086E-3
0.52867890921643086E-3
0.52867890921643086E-3
0.52867890921643086E-3
0.52867890921643086E-3
0.52867890921643086E-3
0.52867890921643086E-3
0.52867890921643086E-3
0.52867890921643086E-3
0.52867890921643086E-3
0.52867890921643086E-3
0.52867890921643086E-3
0.52867890921643086E-3
0.52867890921643086E-3
0.52867890921643086E-3
0.52867890921643086E-3
0.52867890921643086E-3
0.52867890921643086E-3
0.52867890921643086E-3
0.52867890921643086E-3
0.52867890921643086E-3
0.52867890921643086E-3
0.52867890921643086E-3
0.52867890921643086E-3
0.52867890921643086E-3
0.52867890921643086E-3
0.52867890921643086E-3
0.52867890921643086E-3
0.52867890921643086E-3
0.52867890921643086E-3
0.52867890921643086E-3
0.52867890921643086E-3
0.52867890921643086E-3
0.52867890921643086E-3
0.52867890921643086E-3
0.52867890921643086E-3
0.52867890921643086E-3
0.52867890921643086E-3
0.52867890921643086E-3
0.52867890921643086E-3
0.52867890921643086E-3
0.52867890921643086E-3
0.52867890921643086E-3
0.52867890921643086E-3
0.52867890921643086E-3
0.52867890921643086E-3
0.52867890921643086E-3
0.52867890921643086E-3
0.52867890921643086E-3
0.52867890921643086E-3
0.52867890921643086E-3
0.52867890921643086E-3
0.52867890921643086E-3
0.52867890921643086E-3
0.52867890921643086E-3
0.52867890921643086E-3
0.52867890921643086E-3
0.52867890921643086E-3
0.52867890921643086E-3
0.52867890921643086E-3
0.52867890921643086E-3
0.52867890921643086E-3
0.52867890921643086E-3
0.52867890921643086E-3
0.52867890921643086E-3
0.52867890921643086E-3
0.52867890921643086E-3
0.52867890921643086E-3
0.52867890921643086E-3
0.52867890921643086E-3
0.52867890921643086E-3
0.52867890921643086E-3
0.52867890921643086E-3
0.52867890921643086E-3
0.52867890921643086E-3
0.52867890921643086E-3
0.52867890921643086E-3
0.52867890921643086E-3
0.52867890921643086E-3
0.52867890921643086E-3
0.52867890921643086E-3
0.52867890921643086E-3
0.52867890921643086E-3
0.52867890921643086E-3
0.52867890921643086E-3
0.52867890921643086E-3
0.52867890921643086E-3
0.52867890921643086E-3
0.52867890921643086E-3
0.52867890921643086E-3
0.52867890921643086E-3
0.52867890921643086E-3
0.52867890921643086E-3
0.52867890921643086E-3
0.52867890921643086E-3
0.52867890921643086E-3
0.52867890921643086E-3
0.52867890921643086E-3
0.52867890921643086E-3
0.52867890921643086E-3
0.52867890921643086E-3
0.52867890921643086E-3
0.52867890921643086E-3
0.52867890921643086E-3
0.52867890921643086E-3
0.52867890921643086E-3
0.52867890921643086E-3
0.52867890921643086E-3
0.52867890921643086E-3
0.52867890921643086E-3
0.52867890921643086E-3
0.52867890921643086E-3
0.52867890921643086E-3
0.52867890921643086E-3
0.52867890921643086E-3
0.52867890921643086E-3
0.52867890921643086E-3
0.52867890921643086E-3
0.52867890921643086E-3
0.52867890921643086E-3
0.52867890921643086E-3
0.52867890921643086E-3
0.52867890921643086E-3
0.52867890921643086E-3
0.52867890921643086E-3
0.52867890921643086E-3
0.52867890921643086E-3
0.52867890921643086E-3
0.52867890921643086E-3
0.52867890921643086E-3
0.52867890921643086E-3
0.52867890921643086E-3
0.52867890921643086E-3
0.52867890921643086E-3
0.52867890921643086E-3
0.52867890921643086E-3
0.52867890921643086E-3
0.52867890921643086E-3
0.52867890921643086E-3
0.52867890921643086E-3
0.52867890921643086E-3
0.52867890921643086E-3
0.52867890921643086E-3
0.52867890921643086E-3
0.52867890921643086E-3
0.52867890921643086E-3
0.52867890921643086E-3
0.52867890921643086E-3
0.52867890921643086E-3
0.52867890921643086E-3
0.52867890921643086E-3
0.52867890921643086E-3
0.52867890921643086E-3
0.52867890921643086E-3
0.52867890921643086E-3
0.52867890921643086E-3
0.52867890921643086E-3
0.52867890921643086E-3
0.52867890921643086E-3
0.52867890921643086E-3
0.52867890921643086E-3
0.52867890921643086E-3
0.52867890921643086E-3
0.52867890921643086E-3
0.52867890921643086E-3
0.52867890921643086E-3
0.52867890921643086E-3
0.52867890921643086E-3
0.52867890921643086E-3
0.52867890921643086E-3
0.52867890921643086E-3
0.52867890921643086E-3
0.52867890921643086E-3
0.52867890921643086E-3
0.52867890921643086E-3
0.52867890921643086E-3
0.52867890921643086E-3
0.52867890921643086E-3
0.52867890921643086E-3
0.52867890921643086E-3
0.52867890921643086E-3
0.52867890921643086E-3
0.52867890921643086E-3
0.52867890921643086E-3
0.52867890921643086E-3
0.52867890921643086E-3
0.52867890921643086E-3
0.52867890921643086E-3
0.52867890921643086E-3
0.52867890921643086E-3
0.52867890921643086E-3
0.52867890921643086E-3
0.52867890921643086E-3
0.52867890921643086E-3
0.52867890921643086E-3
0.52867890921643086E-3
0.52867890921643086E-3
0.52867890921643086E-3
0.52867890921643086E-3
0.52867890921643086E-3
0.52867890921643086E-3
0.52867890921643086E-3
0.52867890921643086E-3
0.52867890921643086E-3
0.52867890921643086E-3
0.52867890921643086E-3
0.52867890921643086E-3
0.52867890921643086E-3
0.52867890921643086E-3
0.52867890921643086E-3
0.52867890921643086E-3
0.52867890921643086E-3
0.52867890921643086E-3
0.52867890921643086E-3
0.52867890921643086E-3
0.52867890921643086E-3
0.52867890921643086E-3
0.52867890921643086E-3
0.52867890921643086E-3
0.52867890921643086E-3
0.52867890921643086E-3
0.52867890921643086E-3
0.52867890921643086E-3
0.52867890921643086E-3
0.52867890921643086E-3
0.52867890921643086E-3
0.52867890921643086E-3
0.52867890921643086E-3
0.52867890921643086E-3
0.52867890921643086E-3
0.52867890921643086E-3
0.52867890921643086E-3
0.52867890921643086E-3
0.52867890921643086E-3
0.52867890921643086E-3
0.52867890921643086E-3
0.52867890921643086E-3
0.52867890921643086E-3
0.52867890921643086E-3
0.52867890921643086E-3
0.52867890921643086E-3
0.52867890921643086E-3
0.52867890921643086E-3
0.52867890921643086E-3
0.52867890921643086E-3
0.52867890921643086E-3
0.52867890921643086E-3
0.52867890921643086E-3
0.52867890921643086E-3
0.52867890921643086E-3
0.52867890921643086E-3
0.52867890921643086E-3
0.52867890921643086E-3
0.52867890921643086E-3
0.52867890921643086E-3
0.52867890921643086E-3
0.52867890921643086E-3
0.52867890921643086E-3
0.52867890921643086E-3
0.52867890921643086E-3
0.52867890921643086E-3
0.52867890921643086E-3
0.52867890921643086E-3
0.52867890921643086E-3
0.52867890921643086E-3
0.52867890921643086E-3
0.52867890921643086E-3
0.52867890921643086E-3
0.52867890921643086E-3
0.52867890921643086E-3
0.52867890921643086E-3
0.52867890921643086E-3
0.52867890921643086E-3
0.52867890921643086E-3
0.52867890921643086E-3
0.52867890921643086E-3
0.52867890921643086E-3
0.52867890921643086E-3
0.52867890921643086E-3
0.52867890921643086E-3
0.52867890921643086E-3
0.52867890921643086E-3
0.52867890921643086E-3
0.52867890921643086E-3
0.52867890921643086E-3
0.52867890921643086E-3
0.52867890921643086E-3
0.52867890921643086E-3
0.52867890921643086E-3
0.52867890921643086E-3
0.52867890921643086E-3
0.52867890921643086E-3
0.52867890921643086E-3
0.52867890921643086E-3
0.52867890921643086E-3
0.52867890921643086E-3
0.52867890921643086E-3
0.52867890921643086E-3
0.52867890921643086E-3
0.52867890921643086E-3
0.52867890921643086E-3
0.52867890921643086E-3
0.52867890921643086E-3
0.52867890921643086E-3
0.52867890921643086E-3
0.52867890921643086E-3
0.52867890921643086E-3
0.52867890921643086E-3
0.52867890921643086E-3
0.52867890921643086E-3
0.52867890921643086E-3
0.52867890921643086E-3
0.52867890921643086E-3
0.52867890921643086E-3
0.52867890921643086E-3
0.52867890921643086E-3
0.52867890921643086E-3
0.52867890921643086E-3
0.52867890921643086E-3
0.52867890921643086E-3
0.52867890921643086E-3
0.52867890921643086E-3
0.52867890921643086E-3
0.52867890921643086E-3
0.52867890921643086E-3
0.52867890921643086E-3
0.52867890921643086E-3
0.52867890921643086E-3
0.52867890921643086E-3
0.52867890921643086E-3
0.52867890921643086E-3
0.52867890921643086E-3
0.52867890921643086E-3
0.52867890921643086E-3
0.52867890921643086E-3
0.52867890921643086E-3
0.52867890921643086E-3
0.52867890921643086E-3
0.52867890921643086E-3
0.52867890921643086E-3
0.52867890921643086E-3
0.52867890921643086E-3
0.52867890921643086E-3
0.52867890921643086E-3
0.52867890921643086E-3
0.52867890921643086E-3
0.52867890921643086E-3
0.52867890921643086E-3
0.52867890921643086E-3
0.52867890921643086E-3
0.52867890921643086E-3
0.52867890921643086E-3
0.52867890921643086E-3
0.52867890921643086E-3
0.52867890921643086E-3
0.52867890921643086E-3
0.52867890921643086E-3
0.52867890921643086E-3
0.52867890921643086E-3
0.52867890921643086E-3
0.52867890921643086E-3
0.52867890921643086E-3
0.52867890921643086E-3
0.52867890921643086E-3
0.52867890921643086E-3
0.52867890921643086E-3
0.52867890921643086E-3
0.52867890921643086E-3
0.52867890921643086E-3
0.52867890921643086E-3
0.52867890921643086E-3
0.52867890921643086E-3
0.52867890921643086E-3
0.52867890921643086E-3
0.52867890921643086E-3
0.52867890921643086E-3
0.52867890921643086E-3
0.52867890921643086E-3
0.52867890921643086E-3
0.52867890921643086E-3
0.52867890921643086E-3
0.52867890921643086E-3
0.52867890921643086E-3
0.52867890921643086E-3
0.52867890921643086E-3
0.52867890921643086E-3
0.52867890921643086E-3
0.52867890921643086E-3
0.52867890921643086E-3
0.52867890921643086E-3
0.52867890921643086E-3
0.52867890921643086E-3
0.52867890921643086E-3
0.52867890921643086E-3
0.52867890921643086E-3
0.52867890921643086E-3
0.52867890921643086E-3
0.52867890921643086E-3
0.52867890921643086E-3
0.52867890921643086E-3
0.52867890921643086E-3
0.52867890921643086E-3
0.52867890921643086E-3
0.52867890921643086E-3
0.52867890921643086E-3
0.52867890921643086E-3
0.52867890921643086E-3
0.52867890921643086E-3
0.52867890921643086E-3
0.52867890921643086E-3
0.52867890921643086E-3
0.52867890921643086E-3
0.52867890921643086E-3
0.52867890921643086E-3
0.52867890921643086E-3
0.52867890921643086E-3
0.52867890921643086E-3
0.52867890921643086E-3
0.52867890921643086E-3
0.52867890921643086E-3
0.52867890921643086E-3
0.52867890921643086E-3
0.52867890921643086E-3
0.52867890921643086E-3
0.52867890921643086E-3
0.52867890921643086E-3
0.52867890921643086E-3
0.52867890921643086E-3
0.52867890921643086E-3
0.52867890921643086E-3
0.52867890921643086E-3
0.52867890921643086E-3
0.52867890921643086E-3
0.52867890921643086E-3
0.52867890921643086E-3
0.52867890921643086E-3
0.52867890921643086E-3
0.52867890921643086E-3
0.52867890921643086E-3
0.52867890921643086E-3
0.52867890921643086E-3
0.52867890921643086E-3
0.52867890921643086E-3
0.52867890921643086E-3
0.52867890921643086E-3
0.52867890921643086E-3
0.52867890921643086E-3
0.52867890921643086E-3
0.52867890921643086E-3
0.52867890921643086E-3
0.52867890921643086E-3
0.52867890921643086E-3
0.52867890921643086E-3
0.52867890921643086E-3
0.52867890921643086E-3
0.52867890921643086E-3
0.52867890921643086E-3
0.52867890921643086E-3
0.52867890921643086E-3
0.52867890921643086E-3
0.52867890921643086E-3
0.52867890921643086E-3
0.52867890921643086E-3
0.52867890921643086E-3
0.52867890921643086E-3
0.52867890921643086E-3
0.52867890921643086E-3
0.52867890921643086E-3
0.52867890921643086E-3
0.52867890921643086E-3
0.52867890921643086E-3
0.52867890921643086E-3
0.52867890921643086E-3
0.52867890921643086E-3
0.52867890921643086E-3
0.52867890921643086E-3
0.52867890921643086E-3
0.52867890921643086E-3
0.52867890921643086E-3
0.52867890921643086E-3
0.52867890921643086E-3
0.52867890921643086E-3
0.52867890921643086E-3
0.52867890921643086E-3
0.52867890921643086E-3
0.52867890921643086E-3
0.52867890921643086E-3
0.52867890921643086E-3
0.52867890921643086E-3
0.52867890921643086E-3
0.52867890921643086E-3
0.52867890921643086E-3
0.52867890921643086E-3
0.52867890921643086E-3
0.52867890921643086E-3
0.52867890921643086E-3
0.52867890921643086E-3
0.52867890921643086E-3
0.52867890921643086E-3
0.52867890921643086E-3
0.52867890921643086E-3
0.52867890921643086E-3
0.52867890921643086E-3
0.52867890921643086E-3
0.52867890921643086E-3
0.52867890921643086E-3
0.52867890921643086E-3
0.52867890921643086E-3
0.52867890921643086E-3
0.52867890921643086E-3
0.52867890921643086E-3
0.52867890921643086E-3
0.52867890921643086E-3
0.52867890921643086E-3
0.52867890921643086E-3
0.52867890921643086E-3
0.52867890921643086E-3
0.52867890921643086E-3
0.52867890921643086E-3
0.52867890921643086E-3
0.52867890921643086E-3
0.52867890921643086E-3
0.52867890921643086E-3
0.52867890921643086E-3
0.52867890921643086E-3
0.52867890921643086E-3
0.52867890921643086E-3
0.52867890921643086E-3
0.52867890921643086E-3
0.52867890921643086E-3
0.52867890921643086E-3
0.52867890921643086E-3
0.52867890921643086E-3
0.52867890921643086E-3
0.52867890921643086E-3
0.52867890921643086E-3
0.52867890921643086E-3
0.52867890921643086E-3
0.52867890921643086E-3
0.52867890921643086E-3
0.52867890921643086E-3
0.52867890921643086E-3
0.52867890921643086E-3
0.52867890921643086E-3
0.52867890921643086E-3
0.52867890921643086E-3
0.52867890921643086E-3
0.52867890921643086E-3
0.52867890921643086E-3
0.52867890921643086E-3
0.52867890921643086E-3
0.52867890921643086E-3
0.52867890921643086E-3
0.52867890921643086E-3
0.52867890921643086E-3
0.52867890921643086E-3
0.52867890921643086E-3
0.52867890921643086E-3
0.52867890921643086E-3
0.52867890921643086E-3
0.52867890921643086E-3
0.52867890921643086E-3
0.52867890921643086E-3
0.52867890921643086E-3
0.52867890921643086E-3
0.52867890921643086E-3
0.52867890921643086E-3
0.52867890921643086E-3
0.52867890921643086E-3
0.52867890921643086E-3
0.52867890921643086E-3
0.52867890921643086E-3
0.52867890921643086E-3
0.52867890921643086E-3
0.52867890921643086E-3
0.52867890921643086E-3
0.52867890921643086E-3
0.52867890921643086E-3
0.52867890921643086E-3
0.52867890921643086E-3
0.52867890921643086E-3
0.52867890921643086E-3
0.52867890921643086E-3
0.52867890921643086E-3
0.52867890921643086E-3
0.52867890921643086E-3
0.52867890921643086E-3
0.52867890921643086E-3
0.52867890921643086E-3
0.52867890921643086E-3
0.52867890921643086E-3
0.52867890921643086E-3
0.52867890921643086E-3
0.52867890921643086E-3
0.52867890921643086E-3
0.52867890921643086E-3
0.52867890921643086E-3
0.52867890921643086E-3
0.52867890921643086E-3
0.52867890921643086E-3
0.52867890921643086E-3
0.52867890921643086E-3
0.52867890921643086E-3
0.52867890921643086E-3
0.52867890921643086E-3
0.52867890921643086E-3
0.52867890921643086E-3
0.52867890921643086E-3
0.52867890921643086E-3
0.52867890921643086E-3
0.52867890921643086E-3
0.52867890921643086E-3
0.52867890921643086E-3
0.52867890921643086E-3
0.52867890921643086E-3
0.52867890921643086E-3
0.52867890921643086E-3
0.52867890921643086E-3
0.52867890921643086E-3
0.52867890921643086E-3
0.52867890921643086E-3
0.52867890921643086E-3
0.52867890921643086E-3
0.52867890921643086E-3
0.52867890921643086E-3
0.52867890921643086E-3
0.52867890921643086E-3
0.52867890921643086E-3
0.52867890921643086E-3
0.52867890921643086E-3
0.52867890921643086E-3
0.52867890921643086E-3
0.52867890921643086E-3
0.52867890921643086E-3
0.52867890921643086E-3
0.52867890921643086E-3
0.52867890921643086E-3
0.52867890921643086E-3
0.52867890921643086E-3
0.52867890921643086E-3
0.52867890921643086E-3
0.52867890921643086E-3
0.52867890921643086E-3
0.52867890921643086E-3
0.52867890921643086E-3
0.52867890921643086E-3
0.52867890921643086E-3
0.52867890921643086E-3
0.52867890921643086E-3
0.52867890921643086E-3
0.52867890921643086E-3
0.52867890921643086E-3
0.52867890921643086E-3
0.52867890921643086E-3
0.52867890921643086E-3
0.52867890921643086E-3
0.52867890921643086E-3
0.52867890921643086E-3
0.52867890921643086E-3
0.52867890921643086E-3
0.52867890921643086E-3
0.52867890921643086E-3
0.52867890921643086E-3
0.52867890921643086E-3
0.52867890921643086E-3
0.52867890921643086E-3
0.52867890921643086E-3
0.52867890921643086E-3
0.52867890921643086E-3
0.52867890921643086E-3
0.52867890921643086E-3
0.52867890921643086E-3
0.52867890921643086E-3
0.52867890921643086E-3
0.52867890921643086E-3
0.52867890921643086E-3
0.52867890921643086E-3
0.52867890921643086E-3
0.52867890921643086E-3
0.52867890921643086E-3
0.52867890921643086E-3
0.52867890921643086E-3
0.52867890921643086E-3
0.52867890921643086E-3
0.52867890921643086E-3
0.52867890921643086E-3
0.52867890921643086E-3
0.52867890921643086E-3
0.52867890921643086E-3
0.52867890921643086E-3
0.52867890921643086E-3
0.52867890921643086E-3
0.52867890921643086E-3
0.52867890921643086E-3
0.52867890921643086E-3
0.52867890921643086E-3
0.52867890921643086E-3
0.52867890921643086E-3
0.52867890921643086E-3
0.52867890921643086E-3
0.52867890921643086E-3
0.52867890921643086E-3
0.52867890921643086E-3
0.52867890921643086E-3
0.52867890921643086E-3
0.52867890921643086E-3
0.52867890921643086E-3
0.52867890921643086E-3
0.52867890921643086E-3
0.52867890921643086E-3
0.52867890921643086E-3
0.52867890921643086E-3
0.52867890921643086E-3
0.52867890921643086E-3
0.52867890921643086E-3
0.52867890921643086E-3
0.52867890921643086E-3
0.52867890921643086E-3
0.52867890921643086E-3
0.52867890921643086E-3
0.52867890921643086E-3
0.52867890921643086E-3
0.52867890921643086E-3
0.52867890921643086E-3
0.52867890921643086E-3
0.52867890921643086E-3
0.52867890921643086E-3
0.52867890921643086E-3
0.52867890921643086E-3
0.52867890921643086E-3
0.52867890921643086E-3
0.52867890921643086E-3
0.52867890921643086E-3
0.52867890921643086E-3
0.52867890921643086E-3
0.52867890921643086E-3
0.52867890921643086E-3
0.52867890921643086E-3
0.52867890921643086E-3
0.52867890921643086E-3
0.52867890921643086E-3
0.52867890921643086E-3
0.52867890921643086E-3
0.52867890921643086E-3
0.52867890921643086E-3
0.52867890921643086E-3
0.52867890921643086E-3
0.52867890921643086E-3
0.52867890921643086E-3
0.52867890921643086E-3
0.52867890921643086E-3
0.52867890921643086E-3
0.52867890921643086E-3
0.52867890921643086E-3
0.52867890921643086E-3
0.52867890921643086E-3
0.52867890921643086E-3
0.52867890921643086E-3
0.52867890921643086E-3
0.52867890921643086E-3
0.52867890921643086E-3
0.52867890921643086E-3
0.52867890921643086E-3
0.52867890921643086E-3
0.52867890921643086E-3
0.52867890921643086E-3
0.52867890921643086E-3
0.52867890921643086E-3
0.52867890921643086E-3
0.52867890921643086E-3
0.52867890921643086E-3
0.52867890921643086E-3
0.52867890921643086E-3
0.52867890921643086E-3
0.52867890921643086E-3
0.52867890921643086E-3
0.52867890921643086E-3
0.52867890921643086E-3
0.52867890921643086E-3
0.52867890921643086E-3
0.52867890921643086E-3
0.52867890921643086E-3
0.52867890921643086E-3
0.52867890921643086E-3
0.52867890921643086E-3
0.52867890921643086E-3
0.52867890921643086E-3
0.52867890921643086E-3
0.52867890921643086E-3
0.52867890921643086E-3
0.52867890921643086E-3
0.52867890921643086E-3
0.52867890921643086E-3
0.52867890921643086E-3
0.52867890921643086E-3
0.52867890921643086E-3
0.52867890921643086E-3
0.52867890921643086E-3
0.52867890921643086E-3
0.52867890921643086E-3
0.52867890921643086E-3
0.52867890921643086E-3
0.52867890921643086E-3
0.52867890921643086E-3
0.52867890921643086E-3
0.52867890921643086E-3
0.52867890921643086E-3
0.52867890921643086E-3
0.52867890921643086E-3
0.52867890921643086E-3
0.52867890921643086E-3
0.52867890921643086E-3
0.52867890921643086E-3
0.52867890921643086E-3
0.10837766890914690E-6
0.10828534135354239E-6
0.10840723746701111E-6
0.10844352395663968E-6
0.10824763921321350E-6
0.10823655690255652E-6
0.10825532139018104E-6
0.10833870760205262E-6
0.10877680366618265E-6
0.10858110744386430E-6
0.10902754121769389E-6
0.10868694850036262E-6
0.10831483621368691E-6
0.10840810363288300E-6
0.10827643400148401E-6
0.10825221670475871E-6
0.10835632665135539E-6
0.10841556037859257E-6
0.10846395656654881E-6
0.10829485635865725E-6
0.10828265040673287E-6
0.10826583189217998E-6
0.10825489190826900E-6
0.10832815614358422E-6
0.10869153690145561E-6
0.10858921548668851E-6
0.10895001977888317E-6
0.10863578776966522E-6
0.10831053663015843E-6
0.10841293338956443E-6
0.10829845078685151E-6
0.10828036153148815E-6
0.10837766890914687E-6
0.10828534135354242E-6
0.10840723746701114E-6
0.10844352395663962E-6
0.10824763921321348E-6
0.10823655690255652E-6
0.10825532139018105E-6
0.10833870760205262E-6
0.10877680366618265E-6
0.10858110744386431E-6
0.10902754121769392E-6
0.10868694850036266E-6
0.10831483621368683E-6
0.10840810363288297E-6
0.10827643400148398E-6
0.10825221670475869E-6
0.10835632665135539E-6
0.10841556037859260E-6
0.10846395656654878E-6
0.10829485635865725E-6
0.10828265040673288E-6
0.10826583189217994E-6
0.10825489190826901E-6
0.10832815614358415E-6
0.10869153690145562E-6
0.10858921548668849E-6
0.10895001977888311E-6
0.10863578776966525E-6
0.10831053663015841E-6
0.10841293338956442E-6
0.10829845078685153E-6
0.10828036153148811E-6
0.10837766890914690E-6
0.10828534135354239E-6
0.10840723746701112E-6
0.10844352395663964E-6
0.10824763921321354E-6
0.10823655690255656E-6
0.10825532139018100E-6
0.10833870760205269E-6
0.10877680366618269E-6
0.10858110744386432E-6
0.10902754121769388E-6
0.10868694850036267E-6
0.10831483621368689E-6
0.10840810363288300E-6
0.10827643400148397E-6
0.10825221670475873E-6
0.11401829655716207E-6
0.11639184447075341E-6
0.11833384448570890E-6
0.10829485635865725E-6
0.10828265040673288E-6
0.10826583189217997E-6
0.10825489190826897E-6
0.11226502830415573E-6
0.12747576496832186E-6
0.12336592898564192E-6
0.13456585973944794E-6
0.12523711522454509E-6
0.10967620994695810E-6
0.11628649261762774E-6
0.10829845078685151E-6
0.10828036153148815E-6
0.35926173662534478E-6
0.36804570029628957E-6
0.35649403227351578E-6
0.35312890912184770E-6
0.37169162697153338E-6
0.37419760672230147E-6
0.37747144706905718E-6
0.36294277721149715E-6
0.34253336994186964E-6
0.34843507515981478E-6
0.33516853376946525E-6
0.34522683571465899E-6
0.36521683275606344E-6
0.35641329991570975E-6
0.36890408241459702E-6
0.37124721448734464E-6
0.38816982309320577E-6
0.38872179126021666E-6
0.38917277005899296E-6
0.38444468964319530E-6
0.38228147971980624E-6
0.37931567063505814E-6
0.37739624425021741E-6
0.38753616621558254E-6
0.39129347233732653E-6
0.39033999251444208E-6
0.39230159420730083E-6
0.39077397529531959E-6
0.38624674910758538E-6
0.38869731172150999E-6
0.38508336733472555E-6
0.38187682220048697E-6
0.37295568920518765E-6
0.37768092173353740E-6
0.37144239980288794E-6
0.36958529333007300E-6
0.37961047980213399E-6
0.38083282398323058E-6
0.38220603167524416E-6
0.37494969017730723E-6
0.36384297536394105E-6
0.36705902995018031E-6
0.35972237639208989E-6
0.36531964729306263E-6
0.37617140410728458E-6
0.37139807029447745E-6
0.37813679115856751E-6
0.37937620833457485E-6
0.38816982309320603E-6
0.38872179126021650E-6
0.38917277005899296E-6
0.38509924804765217E-6
0.38420600185802391E-6
0.38297520280747409E-6
0.38217460167422404E-6
0.38753616621558249E-6
0.39129347233732648E-6
0.39033999251444208E-6
0.39230159420730072E-6
0.39077397529531970E-6
0.38624674910758549E-6
0.38869731172151004E-6
0.38536229261052664E-6
0.38403849922459062E-6
0.65103489324527378E-6
0.66415626341859911E-6
0.64687242826815045E-6
0.64179267453452241E-6
0.66956407891101744E-6
0.67322823556617006E-6
0.67790900734511210E-6
0.65654984092959329E-6
0.62808877629843799E-6
0.63565952735266211E-6
0.61851409854637245E-6
0.63155507513576032E-6
0.65994503951344324E-6
0.64675080367007955E-6
0.66543144027467704E-6
0.66890607733766840E-6
0.69861700075993955E-6
0.70106433581099186E-6
0.70305623883068400E-6
0.68782546909454938E-6
0.68475689474405440E-6
0.68053864097832482E-6
0.67780166893386358E-6
0.69622223486922254E-6
0.71230847419833263E-6
0.70817429805734571E-6
0.71721060757839087E-6
0.71006165089668390E-6
0.69177521546190440E-6
0.70095600816963351E-6
0.68873015217363177E-6
0.68418211746945359E-6
0.70162131134747472E-6
0.74370166992050637E-6
0.69924883815108086E-6
0.69633734262160280E-6
0.76460571836356575E-6
0.77950410610431177E-6
0.80019684660751117E-6
0.71407038515149789E-6
0.69033631870733277E-6
0.69357454540660642E-6
0.68618731151549516E-6
0.69182317110324990E-6
0.72732884172545780E-6
0.69917934016189704E-6
0.74864331158839112E-6
0.76206961490878628E-6
0.88983211705532626E-6
0.90379012893698288E-6
0.91495122868137504E-6
0.84309525152112077E-6
0.82995843105743124E-6
0.81169779183309134E-6
0.79972548802235782E-6
0.87840214731744782E-6
0.96437965469687404E-6
0.94279237883198317E-6
0.99659572430063832E-6
0.95274915789365736E-6
0.85982069814618552E-6
0.90317799018705704E-6
0.84694450522001477E-6
0.82748396393485742E-6
0.26539478492615591E-5
0.26652316201332297E-5
0.26419397869993415E-5
0.26273047529366779E-5
0.26671286810690811E-5
0.26664787405668393E-5
0.26611745003538491E-5
0.26627155182222014E-5
0.25657984144054832E-5
0.26006384472248148E-5
0.25224766678601223E-5
0.25816874862829724E-5
0.26638162515970379E-5
0.26415891104140779E-5
0.26656709725492656E-5
0.26668931509116469E-5
0.26347024544497886E-5
0.26215398915045112E-5
0.26107787356724210E-5
0.26502296363657022E-5
0.26535773447619987E-5
0.26582353860989458E-5
0.26612950759244431E-5
0.26412238124484491E-5
0.25600068305391319E-5
0.25828776756119774E-5
0.25165720177204568E-5
0.25724785333922388E-5
0.26459668648971682E-5
0.26221238103918091E-5
0.26492488088677332E-5
0.26542081215638081E-5
0.38247832365267155E-5
0.38512282674908130E-5
0.38163828000125783E-5
0.38061358441522604E-5
0.38620864189549385E-5
0.38663823562347119E-5
0.38647603208371624E-5
0.38359093295077381E-5
0.37462866101406853E-5
0.37806674990261598E-5
0.37036288179393064E-5
0.37619589197852426E-5
0.38427522944211421E-5
0.38161373660858222E-5
0.38537916089159538E-5
0.38607671116301410E-5
0.38490279782433403E-5
0.38320491594712993E-5
0.38179068503815227E-5
0.38605949418363528E-5
0.38619961106341576E-5
0.38637559728360098E-5
0.38647998582087538E-5
0.38562013947734158E-5
0.37480102811645148E-5
0.37801422102253193E-5
0.36780711772378252E-5
0.37656627127625796E-5
0.38586334495080015E-5
0.38328098161334517E-5
0.38601616422696355E-5
0.38622470388994226E-5
0.51647211616337262E-5
0.51656865970219398E-5
0.51644605243436834E-5
0.51641797874929767E-5
0.51661325057616080E-5
0.51606533714552725E-5
0.51403845082297747E-5
0.51651031738223803E-5
0.51161358400130896E-5
0.51448423916272571E-5
0.50799866209493814E-5
0.51292651706254557E-5
0.51653563603761705E-5
0.51644533038160434E-5
0.51657897188486261E-5
0.51660771180250906E-5
0.50403663679489815E-5
0.50025152770962858E-5
0.49714949182186778E-5
0.50974509254487179E-5
0.51107419436495110E-5
0.51290023299123195E-5
0.51408491502542003E-5
0.50610101639759692E-5
0.48244416292176028E-5
0.48908028082263703E-5
0.46888561185508928E-5
0.48606484784737392E-5
0.50803258152616320E-5
0.50041966400017491E-5
0.50935304636528774E-5
0.51132305929834506E-5
0.54557689821844370E-5
0.54267242591396369E-5
0.54650994024492355E-5
0.54765627614669855E-5
0.54149149463285398E-5
0.54003895400795971E-5
0.53669345732215704E-5
0.54434936510849680E-5
0.54654699649645642E-5
0.54736344114534032E-5
0.54547605934548037E-5
0.54692380375616039E-5
0.54359854542244850E-5
0.54653728818003610E-5
0.54239311594481549E-5
0.54163468606087019E-5
0.52106021052048761E-5
0.51641142558209867E-5
0.51262853242330874E-5
0.52968813046601809E-5
0.53184442850740385E-5
0.53482519194851719E-5
0.53676988621144026E-5
0.52383666901278043E-5
0.49502890158881093E-5
0.50290278407856856E-5
0.47840446276753017E-5
0.49931095945900215E-5
0.52692696883057923E-5
0.51661716090936272E-5
0.52905428712809572E-5
0.53224944094706842E-5
0.52982356974769293E-5
0.53034320928236403E-5
0.52967226765302199E-5
0.52949681805607573E-5
0.53057547964441629E-5
0.53019778900987863E-5
0.52848648801226449E-5
0.53003421574732765E-5
0.52435066110075447E-5
0.52740642057757091E-5
0.52050468762778034E-5
0.52574789533788747E-5
0.53016953525783131E-5
0.52966794785508195E-5
0.53039705170658442E-5
0.53054667131681794E-5
0.52021333585877644E-5
0.51708269434932219E-5
0.51452595421704125E-5
0.52490649462952723E-5
0.52600824842332697E-5
0.52753145151607020E-5
0.52852556554353798E-5
0.52191545674482312E-5
0.50251045651287150E-5
0.50791181902855063E-5
0.48916918522357045E-5
0.50545330587049719E-5
0.52349547769640117E-5
0.51722150302692564E-5
0.52458262050903038E-5
0.52621519190189422E-5
0.53804406192834065E-5
0.53699633414663299E-5
0.53838349690721148E-5
0.53880233636385926E-5
0.53657438242769932E-5
0.53571945693484831E-5
0.53332705096905765E-5
0.53759957583340596E-5
0.53640777776191025E-5
0.53790809773514499E-5
0.53444840866772879E-5
0.53709975942356398E-5
0.53732890702684250E-5
0.53839346609059985E-5
0.53689631804139632E-5
0.53662541610461877E-5
0.52205255273025926E-5
0.51851454531146893E-5
0.51563254969836986E-5
0.52831323758828198E-5
0.52985720384006627E-5
0.53199050241123827E-5
0.53338171941319042E-5
0.52411996951947635E-5
0.50218707663263967E-5
0.50821020597041342E-5
0.48790262769585857E-5
0.50546423734029600E-5
0.52633519975537712E-5
0.51867120713131533E-5
0.52785926510097124E-5
0.53014713321664841E-5
0.56033019574191174E-5
0.56243527288030765E-5
0.55967594576340898E-5
0.55888658336360455E-5
0.56332121140575908E-5
0.56342102977127204E-5
0.56240047011473624E-5
0.56120716005282135E-5
0.55304180294302746E-5
0.55643582370517838E-5
0.54878107560836604E-5
0.55459276495130779E-5
0.56175270750165054E-5
0.55965692904015064E-5
0.56264323090723911E-5
0.56321285377718261E-5
0.55675252347104153E-5
0.55354854018967195E-5
0.55093948159632633E-5
0.56029342421287961E-5
0.56093789886651610E-5
0.56183470400555904E-5
0.56242367723019345E-5
0.55856116269187071E-5
0.53877473987243710E-5
0.54422292461176416E-5
0.52534972985535402E-5
0.54173888760374413E-5
0.55947310884631298E-5
0.55369038631243017E-5
0.56010463546738321E-5
0.56105934230276849E-5
0.55550124984562047E-5
0.55553781198476582E-5
0.55548949279983248E-5
0.55547482809981582E-5
0.55555310913897019E-5
0.55509213386529453E-5
0.55343131457260845E-5
0.55551662824903695E-5
0.55257422283164995E-5
0.55432047339133140E-5
0.55031389636056403E-5
0.55337793350460078E-5
0.55552606248395158E-5
0.55548914628603378E-5
0.55554139233203928E-5
0.55555122989024415E-5
0.54600918945649075E-5
0.54389398630765565E-5
0.54216866377387828E-5
0.54995963620605493E-5
0.55102740180067737E-5
0.55250466215037678E-5
0.55346923538335645E-5
0.54706573364253810E-5
0.53408684439817001E-5
0.53771443030491788E-5
0.52430170855489075E-5
0.53606216127195528E-5
0.54859341910854143E-5
0.54398771132293093E-5
0.54964590667350850E-5
0.55122804057718915E-5
0.60034379619006848E-5
0.60164434841473773E-5
0.59993134851789738E-5
0.59942813933228636E-5
0.60218043340177881E-5
0.60212080628743445E-5
0.60108501083158359E-5
0.60089036762127725E-5
0.59480236288967311E-5
0.59751317814958825E-5
0.59135534243281262E-5
0.59604488310081005E-5
0.60122690089854799E-5
0.59991929837271631E-5
0.60177075738717107E-5
0.60211520432455615E-5
0.59601914556876749E-5
0.59377854878478356E-5
0.59195673475773752E-5
0.59894058086907525E-5
0.59959724688793510E-5
0.60050993935473647E-5
0.60110858702202732E-5
0.59717299887440929E-5
0.58349326139238015E-5
0.58727770174579016E-5
0.57368511463359397E-5
0.58555104705896308E-5
0.59810394452807811E-5
0.59387766487753560E-5
0.59874811069541908E-5
0.59972091831353058E-5
0.61467645071211302E-5
0.61786531801602051E-5
0.61368115420361531E-5
0.61247675798925445E-5
0.61920311655306691E-5
0.61981296726293430E-5
0.61991019132218135E-5
0.61600708259594919E-5
0.60542074544110055E-5
0.60948617666949781E-5
0.60031578076657631E-5
0.60727848809256773E-5
0.61683318466826836E-5
0.61365218687496027E-5
0.61817950874243876E-5
0.61903958411163447E-5
0.62013908702230625E-5
0.61902397651174417E-5
0.61812428903826757E-5
0.62018928001250670E-5
0.62009238160462203E-5
0.61997456622929183E-5
0.61990771225230313E-5
0.62050216322312616E-5
0.61402915979019082E-5
0.61584292126163764E-5
0.60798814505925837E-5
0.61501187477890232E-5
0.62032778519772979E-5
0.61907310521493966E-5
0.62021963815047266E-5
0.62007527742726955E-5
0.67246513260515708E-5
0.67659229359711095E-5
0.67117166084117941E-5
0.66960330559403447E-5
0.67831549870020405E-5
0.67923092322402158E-5
0.67982373985561626E-5
0.67419053928697121E-5
0.66162877856408462E-5
0.66620463340008526E-5
0.65585408720137770E-5
0.66372237544366592E-5
0.67525941714153109E-5
0.67113397953871119E-5
0.67699745144074034E-5
0.67810512592176897E-5
0.68244353702047419E-5
0.68203366086874337E-5
0.68171819068797317E-5
0.68116305760931009E-5
0.68073665603496968E-5
0.68016794421201239E-5
0.67980985959570535E-5
0.68238364920539022E-5
0.68046201420853340E-5
0.68098116963047316E-5
0.67679940288372279E-5
0.68073578785038179E-5
0.68172746159799407E-5
0.68205128216720410E-5
0.68129079347177637E-5
0.68065797054334815E-5
0.72709645715011130E-5
0.73506561026020337E-5
0.72460219694772846E-5
0.72157912845924315E-5
0.73839952272645501E-5
0.74053415465212088E-5
0.74297206397176150E-5
0.73042576888292109E-5
0.70924309107877133E-5
0.71623135857494358E-5
0.70048793947338762E-5
0.71243471295273567E-5
0.73248980097709226E-5
0.72452955069246588E-5
0.73584907042925543E-5
0.73799226181661726E-5
0.75316826682302901E-5
0.75418282994306296E-5
0.75505386127573117E-5
0.74829508741191348E-5
0.74662452594834345E-5
0.74436242793020052E-5
0.74291563066031430E-5
0.75212470567967536E-5
0.75964574274025142E-5
0.75748135638916149E-5
0.76084163501621256E-5
0.75844655509745653E-5
0.75011840430544304E-5
0.75413662904928663E-5
0.74877852674253170E-5
0.74631396600274778E-5
0.78031209335649383E-5
0.79062832694027212E-5
0.77705611702576506E-5
0.77309250339139499E-5
0.79490509242681911E-5
0.79786482862542829E-5
0.80179416172057718E-5
0.78463798931394451E-5
0.75873716291370718E-5
0.76683316193915642E-5
0.74850814721978985E-5
0.76244230231187934E-5
0.78730830282926362E-5
0.77696109167859512E-5
0.79163542173168331E-5
0.79438388743221269E-5
0.82092375535587168E-5
0.82422708826668376E-5
0.82694617007218370E-5
0.81024363634887910E-5
0.80761060338021138E-5
0.80401808338635941E-5
0.80170363677746565E-5
0.81825933902894051E-5
0.83996945708642453E-5
0.83406643495370102E-5
0.84775885667468503E-5
0.83674372433617765E-5
0.81396236523002848E-5
0.82408001030087888E-5
0.81103428501707393E-5
0.80711925601324946E-5
0.84706269923731175E-5
0.86003375013529307E-5
0.84295247896719813E-5
0.83793760061143285E-5
0.86538976014026459E-5
0.86920619339029397E-5
0.87452052985581846E-5
0.85251111290208691E-5
0.82080916838537599E-5
0.83044506648089466E-5
0.80857728151160460E-5
0.82522385829095897E-5
0.85586755728397389E-5
0.84283239807185647E-5
0.86129605550649366E-5
0.86473765637415691E-5
0.89894026036166892E-5
0.90323825498020379E-5
0.90678037600272744E-5
0.88587931221683732E-5
0.88234915767059260E-5
0.87751895911141905E-5
0.87439833840587040E-5
0.89561425300443841E-5
0.92379497184491979E-5
0.91607317592972458E-5
0.93546659940812682E-5
0.91957346880980639E-5
0.89044446029620291E-5
0.90304676703209264E-5
0.88692280600848052E-5
0.88168948194044508E-5
0.89395747578160448E-5
0.91085656485227111E-5
0.88858918465716221E-5
0.88203065105896181E-5
0.91781584415116036E-5
0.92288570108083519E-5
0.93018249160081804E-5
0.90106364871728698E-5
0.86079381054105957E-5
0.87269468558560526E-5
0.84570083341735194E-5
0.86624509868388171E-5
0.90543570923843351E-5
0.88843225246354574E-5
0.91249771236984337E-5
0.91696912293392662E-5
0.96349026489756246E-5
0.96961404017736288E-5
0.97463699658001909E-5
0.94568458166472839E-5
0.94088020994001880E-5
0.93428694545839059E-5
0.93001503763212321E-5
0.95887230480181163E-5
0.99848157658632223E-5
0.98771644302881013E-5
0.10152783886667681E-4
0.99260753209516847E-5
0.95187992333356642E-5
0.96934188987231687E-5
0.94710244162033676E-5
0.93998108945639724E-5
0.92725633701718569E-5
0.94315612811544379E-5
0.92217817480243706E-5
0.91595562941084139E-5
0.94966725026719788E-5
0.95444793704452049E-5
0.96141783177659501E-5
0.93395796946468618E-5
0.89673015886404602E-5
0.90749602775531127E-5
0.88294583405096004E-5
0.90167265263434552E-5
0.93806976324121388E-5
0.92202952072422266E-5
0.94469347182861981E-5
0.94887616458311072E-5
0.99304658834841497E-5
0.99897004211908348E-5
0.10038211144112790E-4
0.97615879945484675E-5
0.97159968091593044E-5
0.96532939932680174E-5
0.96125811127740765E-5
0.98863246132250651E-5
0.10267663310148377E-4
0.10164232697733874E-4
0.10442756974075513E-4
0.10211256565222217E-4
0.98202597930998618E-5
0.99870701320250223E-5
0.97750272486061056E-5
0.97074554152129131E-5
0.96542681412291940E-5
0.98122156809229881E-5
0.96035552454579721E-5
0.95412353438190353E-5
0.98765377784860256E-5
0.99244027284044565E-5
0.99956678376647387E-5
0.97209950170820900E-5
0.93546060345210123E-5
0.94590582607448668E-5
0.92199877690792491E-5
0.94026339296401529E-5
0.97618244460830721E-5
0.96020687480353802E-5
0.98274213757394795E-5
0.98687337567163240E-5
0.10317766993165025E-4
0.10378730416068262E-4
0.10428584559903755E-4
0.10145939134766946E-4
0.10099526551019640E-4
0.10035601517237100E-4
0.99940363096584146E-5
0.10272644579969223E-4
0.10663560272079783E-4
0.10557803895033028E-4
0.10837897518399724E-4
0.10605917396640360E-4
0.10205586906143493E-4
0.10376025439432230E-4
0.10159609921878706E-4
0.10090825024956372E-4
0.97465062456300615E-5
0.99239451355788377E-5
0.96898481943917283E-5
0.96204388258412087E-5
0.99966096230349587E-5
0.10051832560416361E-4
0.10136288124201756E-4
0.98212906026507702E-5
0.94180505510764239E-5
0.95307628613746936E-5
0.92743484144637903E-5
0.94697455593677935E-5
0.98671789547503923E-5
0.96881897976122591E-5
0.99411024571166673E-5
0.99877814256472773E-5
0.10519984549308792E-4
0.10593692287036162E-4
0.10654009999283167E-4
0.10314832652655223E-4
0.10259625375637993E-4
0.10183676892479737E-4
0.10134352961795291E-4
0.10465799350667415E-4
0.10933899300112319E-4
0.10810500885516628E-4
0.11107051850918152E-4
0.10868815839558023E-4
0.10385857916116225E-4
0.10590420615954938E-4
0.10331103826576195E-4
0.10249280963365913E-4
0.96720719728952610E-5
0.98006568617751225E-5
0.96305327815003150E-5
0.95793175290198209E-5
0.98526787900411769E-5
0.98940024784426784E-5
0.99610469549597331E-5
0.97265402923656718E-5
0.94355140315737254E-5
0.95157410432282772E-5
0.93314011935858898E-5
0.94724638429257505E-5
0.97597634499337759E-5
0.96293133240184491E-5
0.98129726661538852E-5
0.98463776529987680E-5
0.10263182007645764E-4
0.10323304468130674E-4
0.10372405580251224E-4
0.10101825717248135E-4
0.10058430028078643E-4
0.99985360652595799E-5
0.99595140917274832E-5
0.10219914659962624E-4
0.10607266069628412E-4
0.10499407481136731E-4
0.10819901227102353E-4
0.10546600259283915E-4
0.10157486070562307E-4
0.10320638680157399E-4
0.10114593528478740E-4
0.10050285700542905E-4
0.96834359410739961E-5
0.97916596282032755E-5
0.96483072534031991E-5
0.96048848270926885E-5
0.98352194034850446E-5
0.98709342863739725E-5
0.99310276784446755E-5
0.97293752634466508E-5
0.94883622183565776E-5
0.95533133807774470E-5
0.94032097032253092E-5
0.95183502108265108E-5
0.97573270010644640E-5
0.96472747662214340E-5
0.98019838334878830E-5
0.98299501727481503E-5
0.10200095448143874E-4
0.10255787843821229E-4
0.10301182669875676E-4
0.10056464572254167E-4
0.10017905250445104E-4
0.99645297024000761E-5
0.99296563122880292E-5
0.10160915154873909E-4
0.10513426977839615E-4
0.10418241537718040E-4
0.10681479319346863E-4
0.10461612850265584E-4
0.10105783114902448E-4
0.10253321021063160E-4
0.10067791372259660E-4
0.10010657986952124E-4
0.95784331283458490E-5
0.96945774996119475E-5
0.95392574749629960E-5
0.94911940473962301E-5
0.97305495903232176E-5
0.97609712573656798E-5
0.98138810366765087E-5
0.96300615065590174E-5
0.93642366015804219E-5
0.94344414171342137E-5
0.92744092726025058E-5
0.93964639344940502E-5
0.96616954295061153E-5
0.95381100053634195E-5
0.97031111326337963E-5
0.97262028263802213E-5
0.10049901823325708E-4
0.10101271764501974E-4
0.10143054538612705E-4
0.99237845833592439E-5
0.98900793091214296E-5
0.98433065802589829E-5
0.98126754346888704E-5
0.10014723673029658E-4
0.10337351768133779E-4
0.10250430509308622E-4
0.10496814239232195E-4
0.10290079557478706E-4
0.99667900663809812E-5
0.10098998939071690E-4
0.99336719324926222E-5
0.98837364493912059E-5
0.92092870794353710E-5
0.92802922925830080E-5
0.91878747693872525E-5
0.91613173745846115E-5
0.93187830134715218E-5
0.93509100141863479E-5
0.94058826898823705E-5
0.92371907999754707E-5
0.91037361697013780E-5
0.91353200432285553E-5
0.90616655572912238E-5
0.91183739378529567E-5
0.92541144395402431E-5
0.91872444450552266E-5
0.92893849546119769E-5
0.93141092249047378E-5
0.96579852817205463E-5
0.97152960593361630E-5
0.97621333267520561E-5
0.95217360734652707E-5
0.94859648703745209E-5
0.94366795307018387E-5
0.94046243333578144E-5
0.96193264544323756E-5
0.99824571287576837E-5
0.98833909321449373E-5
0.10170510012115344E-4
0.99284816606137989E-5
0.95676903299896918E-5
0.97127539779640317E-5
0.95322702510125606E-5
0.94792572023326472E-5
0.91263399981946310E-5
0.91811814606920509E-5
0.91084767957215737E-5
0.90863534567083471E-5
0.92031754588469651E-5
0.92227234380089145E-5
0.92584268337808072E-5
0.91496543113653751E-5
0.90399842409441981E-5
0.90652206642159397E-5
0.90068187421154780E-5
0.90516415182541123E-5
0.91638145546929173E-5
0.91079513020423902E-5
0.91863983646526629E-5
0.92005173154379064E-5
0.94195735119479583E-5
0.94586833491300604E-5
0.94904697497432243E-5
0.93326395615929384E-5
0.93098715038067583E-5
0.92782891592405615E-5
0.92576131481292013E-5
0.93941158633229339E-5
0.96379981116655895E-5
0.95720568361642210E-5
0.97713441247940768E-5
0.96021473027066794E-5
0.93617028422432531E-5
0.94569536626091320E-5
0.93393201342574430E-5
0.93055877816811643E-5
0.90384022886975922E-5
0.90884549740102659E-5
0.90222852520039204E-5
0.90024444367472595E-5
0.91087841824103319E-5
0.91267399720292421E-5
0.91592576727481422E-5
0.90595728009017615E-5
0.89597507010641813E-5
0.89829203947186677E-5
0.89299127085256252E-5
0.89704003919775387E-5
0.90725081742443133E-5
0.90218124538184912E-5
0.90932633191769311E-5
0.91063191518800360E-5
0.93072220993476132E-5
0.93423117770091574E-5
0.93708371497669630E-5
0.92272714225269829E-5
0.92063433727052994E-5
0.91774042928059649E-5
0.91585151418198782E-5
0.92840594378457174E-5
0.95032940876498847E-5
0.94440775565915435E-5
0.96281774234713564E-5
0.94710972567350815E-5
0.92540669475139894E-5
0.93407597018222503E-5
0.92334226413540935E-5
0.92024120112510892E-5
0.89541577803344513E-5
0.90054881362939447E-5
0.89377767160832837E-5
0.89177070347857781E-5
0.90265381939334174E-5
0.90444443242529668E-5
0.90756065054640175E-5
0.89757833656883991E-5
0.88705507213880280E-5
0.88962520479694530E-5
0.88258382660341396E-5
0.88823150307452418E-5
0.89890581268729826E-5
0.89372972363646440E-5
0.90104563266601916E-5
0.90239794559399644E-5
0.92176298500322967E-5
0.92492474470906437E-5
0.92749804491178806E-5
0.91410866355781020E-5
0.91208943636305866E-5
0.90930370012800213E-5
0.90748938948158624E-5
0.91960762860870594E-5
0.93948273747239665E-5
0.93411757966197193E-5
0.95109706953077645E-5
0.93656417576521598E-5
0.91669974124340256E-5
0.92478480833061387E-5
0.91470290481539366E-5
0.91171055826202996E-5
0.88295661591683019E-5
0.89098676575770479E-5
0.88040668782390941E-5
0.87729188109101798E-5
0.89429543409092244E-5
0.89689120159126296E-5
0.90101614056114343E-5
0.88633270382473619E-5
0.86835913277888195E-5
0.87331313207226533E-5
0.86318090075150802E-5
0.87062577959494582E-5
0.88841027728292771E-5
0.88033215108645322E-5
0.89176691675166433E-5
0.89389281168115778E-5
0.91515257831423638E-5
0.91803926655635897E-5
0.92039156091132130E-5
0.90759367448222819E-5
0.90557597808117913E-5
0.90279596010106880E-5
0.90092157242878251E-5
0.91309952715814947E-5
0.93138120606029577E-5
0.92645450497649870E-5
0.94199327581597926E-5
0.92869974960602439E-5
0.91018599063191409E-5
0.91791142250303248E-5
0.90818788226773060E-5
0.90519763167860516E-5
0.87410670418135051E-5
0.88081490255021142E-5
0.87197180976277417E-5
0.86936048833182736E-5
0.88357305367099819E-5
0.88566611699044934E-5
0.88884876950738228E-5
0.87692962951420134E-5
0.86147418465161855E-5
0.86586511933783570E-5
0.85592712699122530E-5
0.86348338317604513E-5
0.87866486561157371E-5
0.87190936715427013E-5
0.88146552971532753E-5
0.88323758652900058E-5
0.90739781879750370E-5
0.91091087502472518E-5
0.91378404362050613E-5
0.89746165356157506E-5
0.89478497318798718E-5
0.89110548746394697E-5
0.88877591701363433E-5
0.90479004910807277E-5
0.92515792476583736E-5
0.92056465518162539E-5
0.93463629004591728E-5
0.92265659810475406E-5
0.90090781127585977E-5
0.91075498884367524E-5
0.89825087905274990E-5
0.89428362487098428E-5
0.87011568257796373E-5
0.87754968559146688E-5
0.86774476452696496E-5
0.86484165616685660E-5
0.88059885475335580E-5
0.88284121101084076E-5
0.88610910377101212E-5
0.87324704470924493E-5
0.85530276647764138E-5
0.86065138793556841E-5
0.84852310169286763E-5
0.85775224395609605E-5
0.87516973234305487E-5
0.86767538380020711E-5
0.87826936493490122E-5
0.88022823277704505E-5
0.90075942074762619E-5
0.90330849955797846E-5
0.90538504501815008E-5
0.89299169990399700E-5
0.89086724754419599E-5
0.88793925748039880E-5
0.88603431489429153E-5
0.89878461668349768E-5
0.91698375981761406E-5
0.91132108254821913E-5
0.92739195617437783E-5
0.91389979859549736E-5
0.89572007410179965E-5
0.90319562363756474E-5
0.89361721517968907E-5
0.89046881538693389E-5
0.86087010124235530E-5
0.86821601591621260E-5
0.85851471661366022E-5
0.85562219043115414E-5
0.87121221417346848E-5
0.87333886225650173E-5
0.87627910509613516E-5
0.86397156738831268E-5
0.84547415516654225E-5
0.85120269694947247E-5
0.83815008329386995E-5
0.84810301078776666E-5
0.86587067505926155E-5
0.85844569748330668E-5
0.86892405994296830E-5
0.87084854167822215E-5
0.88925989747927763E-5
0.89136610690131316E-5
0.89307748813931757E-5
0.88243130559288860E-5
0.88053801760133913E-5
0.87792030759730265E-5
0.87621195501040185E-5
0.88756897126861428E-5
0.90101241144727024E-5
0.89746765892429489E-5
0.90741419506966295E-5
0.89908566379033927E-5
0.88485553331889925E-5
0.89127296829350601E-5
0.88298780695399258E-5
0.88018237830035471E-5
0.84511812698710135E-5
0.85196484228954564E-5
0.84291352417546629E-5
0.84020013748780067E-5
0.85474456277964534E-5
0.85663645749161367E-5
0.85907801163297527E-5
0.84801422801891530E-5
0.83009859249020969E-5
0.83582907759459581E-5
0.82273897543444105E-5
0.83273119661923793E-5
0.84978370695499733E-5
0.84284885657257224E-5
0.85262241168252596E-5
0.85440757032245812E-5
0.86966028670815864E-5
0.87118418271951585E-5
0.87241454223068884E-5
0.86415256116207684E-5
0.86259592875938348E-5
0.86043630981054996E-5
0.85902236680383996E-5
0.86835356962735153E-5
0.87802339202111471E-5
0.87553760912431669E-5
0.88176652507220755E-5
0.87667629419783711E-5
0.86613907344084506E-5
0.87111701899238435E-5
0.86460924567974873E-5
0.86230302507748570E-5
0.82049252681948156E-5
0.82615820834244119E-5
0.81865135134781650E-5
0.81637421197751100E-5
0.82843543121982778E-5
0.82989078102032231E-5
0.83155944942360276E-5
0.82289880483906221E-5
0.80719544723548306E-5
0.81243914623980388E-5
0.80040173007867187E-5
0.80960951987591694E-5
0.82436200025534857E-5
0.81859722202768007E-5
0.82669811894034859E-5
0.82816007418185604E-5
0.83845609676745505E-5
0.83911255162392172E-5
0.83962800359134718E-5
0.83496901190325406E-5
0.83393169634580260E-5
0.83247993544040833E-5
0.83152161986243151E-5
0.83772952926199880E-5
0.84180538984665087E-5
0.84087608253390804E-5
0.84145753906659599E-5
0.84130898119761483E-5
0.83628152669244847E-5
0.83908403640656913E-5
0.83527187438056448E-5
0.83373565279714235E-5
0.78398355342231985E-5
0.78778463877843025E-5
0.78272605299232658E-5
0.78115609705948090E-5
0.78928254541591950E-5
0.79011028345441191E-5
0.79075207441890120E-5
0.78561069322621586E-5
0.77388996401065120E-5
0.77808624120596615E-5
0.76837930813434810E-5
0.77582810989899009E-5
0.78659093414944786E-5
0.78268892149417689E-5
0.78814135234535841E-5
0.78910234873337832E-5
0.79287895747663639E-5
0.79257484789796089E-5
0.79230488369722523E-5
0.79196622716279510E-5
0.79161121301949015E-5
0.79109305483169523E-5
0.79073785932150164E-5
0.79284582738036464E-5
0.78799047185130954E-5
0.79063024406150666E-5
0.78279982788309386E-5
0.78944036359798061E-5
0.79239653745807442E-5
0.79258895111692825E-5
0.79206741925559414E-5
0.79154267514032629E-5
0.73756026806908525E-5
0.73928838588574672E-5
0.73695768102081915E-5
0.73618549497570227E-5
0.73992759848141331E-5
0.74007282497616923E-5
0.73961405726962158E-5
0.73831781117132515E-5
0.73118493773518447E-5
0.73412803024023316E-5
0.72724637796981290E-5
0.73255059659355809E-5
0.73876152134616806E-5
0.73693966866270324E-5
0.73944286520417359E-5
0.73985203411216419E-5
0.73316615790070847E-5
0.73087903097607835E-5
0.72898630384993338E-5
0.73790341730168036E-5
0.73886053000916981E-5
0.73933612362006382E-5
0.73962509589562756E-5
0.73461215685610900E-5
0.72227910032925298E-5
0.72477458817244706E-5
0.71643775218301622E-5
0.72364724315686222E-5
0.73637466190582667E-5
0.73098116002104670E-5
0.73755636369767425E-5
0.73892746768607911E-5
0.68347149221879080E-5
0.68029837764542599E-5
0.68412500844857503E-5
0.68424772708803299E-5
0.67889526888570153E-5
0.67754807885630931E-5
0.67494643359890095E-5
0.68217871755217276E-5
0.68224863259109396E-5
0.68351609830453415E-5
0.68039005526371548E-5
0.68285066339775588E-5
0.68135311879336385E-5
0.68412843010556659E-5
0.67997240048288392E-5
0.67906886838475409E-5
0.66542135823834892E-5
0.66328216579441982E-5
0.66151235446218292E-5
0.66979724109375729E-5
0.67105497674971314E-5
0.67346394482203876E-5
0.67500662975091032E-5
0.66676450542202223E-5
0.65293699978988621E-5
0.65684272548243914E-5
0.64465937575511977E-5
0.65507487581189318E-5
0.66838660576733612E-5
0.66337767048134219E-5
0.66947664609806199E-5
0.67138543954940312E-5
0.61554963837840890E-5
0.61239279028957337E-5
0.61675928679086500E-5
0.61876078522803297E-5
0.61103751212020231E-5
0.60977333075808671E-5
0.60738200984883916E-5
0.61424591669375583E-5
0.62329104245201254E-5
0.62089442004015895E-5
0.62601545490812271E-5
0.62221967622542965E-5
0.61342653470380814E-5
0.61680768496824939E-5
0.61207600805533369E-5
0.61120406755030185E-5
0.59593955497789865E-5
0.59317732398458324E-5
0.59090617624209083E-5
0.60222656769856028E-5
0.60383484642625564E-5
0.60602671768440791E-5
0.60743715000473866E-5
0.59776616692697378E-5
0.58006451981682087E-5
0.58497085949633320E-5
0.57003383887165054E-5
0.58274393583623405E-5
0.60013932443908162E-5
0.59330023982275099E-5
0.60175019155615827E-5
0.60413480174687778E-5
0.55097109706142011E-5
0.54571087341921168E-5
0.55260105559201484E-5
0.55456410251661522E-5
0.54349092237131318E-5
0.54162527729494955E-5
0.53842925024801656E-5
0.54878246003873089E-5
0.55969166542608372E-5
0.55691589140187963E-5
0.56297971854534567E-5
0.55843991015123256E-5
0.54741890353171988E-5
0.55264839415167727E-5
0.54519007139956938E-5
0.54376260961316451E-5
0.52339198053484030E-5
0.52004071558037691E-5
0.51729067547005070E-5
0.53157628143650526E-5
0.53370857774750657E-5
0.53662272875442618E-5
0.53850282303006385E-5
0.52568968310119233E-5
0.50135528259727826E-5
0.50870403341406877E-5
0.48695642276500087E-5
0.50536257390524064E-5
0.52881661654603764E-5
0.52018969110210136E-5
0.53094566982331509E-5
0.53410682648708130E-5
0.48627179648637081E-5
0.47772140983314405E-5
0.48842172113233553E-5
0.49087453985068542E-5
0.47416150391773311E-5
0.47135213289836375E-5
0.46686593622880052E-5
0.48269338232722541E-5
0.49824541325504700E-5
0.49416658172606630E-5
0.50328089702668379E-5
0.49638871872993586E-5
0.48047925653883131E-5
0.48848063593841406E-5
0.47688382806994018E-5
0.47459575294421668E-5
0.44608685479903478E-5
0.44166941844878127E-5
0.43804807794476506E-5
0.45731541707406237E-5
0.46027756657879451E-5
0.46433952323333481E-5
0.46696896770737800E-5
0.44917791703879457E-5
0.42344324452206829E-5
0.42989016136988677E-5
0.41043218856970551E-5
0.42696074544172424E-5
0.45349350950381431E-5
0.44186568324040845E-5
0.45644092892758380E-5
0.46083172500115824E-5
0.41315497160105706E-5
0.40575523298983294E-5
0.41597402649871209E-5
0.41954726670451417E-5
0.40269869937084959E-5
0.40030539858498088E-5
0.39651253346771090E-5
0.41004764980882600E-5
0.43098708253491042E-5
0.42460164506318669E-5
0.43897920758089097E-5
0.42807057301222139E-5
0.40813265690715823E-5
0.41605965944728686E-5
0.40503485974981841E-5
0.40307082389529932E-5
0.37901371627864674E-5
0.37519624153127787E-5
0.37207016601080961E-5
0.38846973438048927E-5
0.39095991758407597E-5
0.39438092413450916E-5
0.39659952914465598E-5
0.38164693217693861E-5
0.35560638721330337E-5
0.36338086880749053E-5
0.34045702303804853E-5
0.35984376556982356E-5
0.38526211696527018E-5
0.37536574992608114E-5
0.38773528292554552E-5
0.39142619904166796E-5
0.35588840139642321E-5
0.34637416669060065E-5
0.35890569945856086E-5
0.36247129687697105E-5
0.34245258136901099E-5
0.33944180410201896E-5
0.33478604038896791E-5
0.35188992235740678E-5
0.37192863672138520E-5
0.36664604467453545E-5
0.37862024403950958E-5
0.36950920345500442E-5
0.34942799599550474E-5
0.35899385379573794E-5
0.34544943763650662E-5
0.34292973414887981E-5
0.31341727753131019E-5
0.30884647935285306E-5
0.30510937509094092E-5
0.32493184902627313E-5
0.32797980155800300E-5
0.33217169061370398E-5
0.33489277371524468E-5
0.31659795050732810E-5
0.28904176704167108E-5
0.29594367849523369E-5
0.27579801413198731E-5
0.29280232468073791E-5
0.32101047485378005E-5
0.30904927544826708E-5
0.32403348097836288E-5
0.32855085195001952E-5
0.29688124590743033E-5
0.28931470091114903E-5
0.29930128910793990E-5
0.30237273984108301E-5
0.28622141023352722E-5
0.28382985679547289E-5
0.28008906404797180E-5
0.29368990712912463E-5
0.31304329035049072E-5
0.30708431307405612E-5
0.32063337082687364E-5
0.31031053785743881E-5
0.29173333835757817E-5
0.29937215289774133E-5
0.28858405051154945E-5
0.28659706322004058E-5
0.26079594486609755E-5
0.25643249749038027E-5
0.25286820295859299E-5
0.27162033250009119E-5
0.27448536476427789E-5
0.27799202719951187E-5
0.28017472725938749E-5
0.26380606012183290E-5
0.23613433056967409E-5
0.24365061236043544E-5
0.22223087118741179E-5
0.24022766084754719E-5
0.26794001483887943E-5
0.25662599752911964E-5
0.27077663046522470E-5
0.27502258998135641E-5
0.24758975173109226E-5
0.23929520619539076E-5
0.25025459952265257E-5
0.25352888083066735E-5
0.23592294070731581E-5
0.23332523506123526E-5
0.22927906187541091E-5
0.24408404683826775E-5
0.26331393589277036E-5
0.25784293174340609E-5
0.27033201820278210E-5
0.26080051690523592E-5
0.24193989197805240E-5
0.25033271017233248E-5
0.23849760376331540E-5
0.23633183574898149E-5
0.21291994617344461E-5
0.20940305967141223E-5
0.20653846555122640E-5
0.22132691044893261E-5
0.22354819805555811E-5
0.22701910534339603E-5
0.22937151025971660E-5
0.21529812281313372E-5
0.19208330298211304E-5
0.19875496564331622E-5
0.17995186134493005E-5
0.19570816676137350E-5
0.21848240825398341E-5
0.20955877954933567E-5
0.22067396145260624E-5
0.22396542776953035E-5
0.20771426384351465E-5
0.19961061017276121E-5
0.21029915207768192E-5
0.21346122352401354E-5
0.19629451428057760E-5
0.19374355539419349E-5
0.18978538481982829E-5
0.20429931853647683E-5
0.22063774632031391E-5
0.21667624762159172E-5
0.22567981349720503E-5
0.21882153416990357E-5
0.20220319321203817E-5
0.21037476863561586E-5
0.19882728008258543E-5
0.19669716113623590E-5
0.17192639787787009E-5
0.16811594029015918E-5
0.16502586648857234E-5
0.18148937918305353E-5
0.18404275058610282E-5
0.18757316758810080E-5
0.18987586404405103E-5
0.17457128828341460E-5
0.15181753718000529E-5
0.15750790467974279E-5
0.14134687243153192E-5
0.15490816405430422E-5
0.17822219876455466E-5
0.16828428537122699E-5
0.18073907045238867E-5
0.18452243885715864E-5
0.16317963403265814E-5
0.15882830864164077E-5
0.16459572718454459E-5
0.16634202498757451E-5
0.15707640774370913E-5
0.15569635009091506E-5
0.15332517443027587E-5
0.16133139400093441E-5
0.17226503539295588E-5
0.16895740050250787E-5
0.17659145554770874E-5
0.17073856974397793E-5
0.16020798393715941E-5
0.16463739578815194E-5
0.15841330820441121E-5
0.15728848755024213E-5
0.14122073991398698E-5
0.13860483220589665E-5
0.13648536581910344E-5
0.14768667661145429E-5
0.14941576606860344E-5
0.15181537547541650E-5
0.15338703613305868E-5
0.14302118644098730E-5
0.12609708293256336E-5
0.13076591149401961E-5
0.11724363089727030E-5
0.12863094231865317E-5
0.14548047197188151E-5
0.13872033441954068E-5
0.14717945734229951E-5
0.14974116369106546E-5
0.13446895877564483E-5
0.12952094667618203E-5
0.13608569212344340E-5
0.13808031390599911E-5
0.12754775880391314E-5
0.12603763781355029E-5
0.12384505914199474E-5
0.13236175706580945E-5
0.14335492024563637E-5
0.14042406621402866E-5
0.14716776989209696E-5
0.14200368396011091E-5
0.13108432039894079E-5
0.13613327127895794E-5
0.12905217107001320E-5
0.12778577430892807E-5
0.11557058115465334E-5
0.11377505976796643E-5
0.11231808716161998E-5
0.11997992787799815E-5
0.12116223920055933E-5
0.12280726188712489E-5
0.12388762990233688E-5
0.11680044766088649E-5
0.10412934481979631E-5
0.10786265840786504E-5
0.96880457034156392E-6
0.10615224157833278E-5
0.11847465016783985E-5
0.11385439811504758E-5
0.11963354593670711E-5
0.12138501293256331E-5
0.10992070531372241E-5
0.10600809530023104E-5
0.11100802447910924E-5
0.11234511863909145E-5
0.10438606752459740E-5
0.10315085521935202E-5
0.10125235436112829E-5
0.10834119520653463E-5
0.11580800226004033E-5
0.11389501778575862E-5
0.11826051777982834E-5
0.11492894485670744E-5
0.10729232822714994E-5
0.11104000859167073E-5
0.10562287264890056E-5
0.10458180279789690E-5
0.93019402255163690E-6
0.91331965332532951E-6
0.89975368731344536E-6
0.97361429934524382E-6
0.98546576866732310E-6
0.10020330059997323E-5
0.10129544217390913E-5
0.94203641500769868E-6
0.84333483498467515E-6
0.86804064149029944E-6
0.79215981903228895E-6
0.85672965015388966E-6
0.95860580814048922E-6
0.91406172706116005E-6
0.97015223405428485E-6
0.98770439152406567E-6
0.85962405534171946E-6
0.83369522608309902E-6
0.86982313293481338E-6
0.88234064319373883E-6
0.82383505749888098E-6
0.81625036461929159E-6
0.80445403647584353E-6
0.84780716634861887E-6
0.91835590060508908E-6
0.89830103946729071E-6
0.94406615494612546E-6
0.90914438899410633E-6
0.84147345487897177E-6
0.87012291188575615E-6
0.83135710649647400E-6
0.82502702536671564E-6
0.75188438237350611E-6
0.73864169128158535E-6
0.72798640163924578E-6
0.78012857075353971E-6
0.78755916473547413E-6
0.79791524824628728E-6
0.80472229270167592E-6
0.76023850952425355E-6
0.67671186284330416E-6
0.69955040173123329E-6
0.63045986115461339E-6
0.68906175288315039E-6
0.77069179166128493E-6
0.73922431753248902E-6
0.77795441689287567E-6
0.78896063804445730E-6
0.67646467213950015E-6
0.65248175432763159E-6
0.68229270208044072E-6
0.68940625112106857E-6
0.64280573552033579E-6
0.63546685308268188E-6
0.62424439050375122E-6
0.66635425372967098E-6
0.71042311349488026E-6
0.69869337666784173E-6
0.72551169546475919E-6
0.70503215117227801E-6
0.66012410974630510E-6
0.68246398339836799E-6
0.65018617820592460E-6
0.64397481218671338E-6
0.57567450759510461E-6
0.56761492901741576E-6
0.56109762475003971E-6
0.60108116149706986E-6
0.60816083234745288E-6
0.61802146981280361E-6
0.62449964738232219E-6
0.58210669208290338E-6
0.52890115066428609E-6
0.54335570466362395E-6
0.49778724510511470E-6
0.53673455329569228E-6
0.59208344653205612E-6
0.56797045180561215E-6
0.59900885504666256E-6
0.60949566074381677E-6
0.49965227633812502E-6
0.48684772169488607E-6
0.50570293390175099E-6
0.51311188082946147E-6
0.48177967081455404E-6
0.47783819647955158E-6
0.47161217125517552E-6
0.49412648835423162E-6
0.53797458362391896E-6
0.52396395053925037E-6
0.55597238537433683E-6
0.53153492529631528E-6
0.49085530780269724E-6
0.50588099753690421E-6
0.48564484553273894E-6
0.48239173741238818E-6
0.44410322418674531E-6
0.43810244824479609E-6
0.43228448944573387E-6
0.45875682523983461E-6
0.46268803461788389E-6
0.46815994771723849E-6
0.47175377219495485E-6
0.44820107720324216E-6
0.40187667232581037E-6
0.41548058553484171E-6
0.37420053316487489E-6
0.40924695463866115E-6
0.45375562801198893E-6
0.43836731662415315E-6
0.45760553456687148E-6
0.46342895747553847E-6
0.37573303499646675E-6
0.36548113158102880E-6
0.37906952583157294E-6
0.38310455642638140E-6
0.36134104164975913E-6
0.35704803762515601E-6
0.35050631160195280E-6
0.37137400338248428E-6
0.39751296944765701E-6
0.38936566228734437E-6
0.40795799413464678E-6
0.39376935407015217E-6
0.36872627746031364E-6
0.37916760452709782E-6
0.36450713912349557E-6
0.36187392489221685E-6
0.32198191224928532E-6
0.31602316382225552E-6
0.31214046540392220E-6
0.33706600830520054E-6
0.34116442366946453E-6
0.34688692135057747E-6
0.35065490100622662E-6
0.32612754413576483E-6
0.29534798521644535E-6
0.30285396484396136E-6
0.27950150870723180E-6
0.29941087473700670E-6
0.33187033757150893E-6
0.31628539193751178E-6
0.33586804057749487E-6
0.34193812913736581E-6
0.27334914226002218E-6
0.26245025039803447E-6
0.27683467951784392E-6
0.28101577939387355E-6
0.25803735243619537E-6
0.25580706762458739E-6
0.25245353336933651E-6
0.26875125068732542E-6
0.29426939527175663E-6
0.28752284307874406E-6
0.30170738517399836E-6
0.29159831586489885E-6
0.26593271276300976E-6
0.27693671341243398E-6
0.26139880014927959E-6
0.25854123945525838E-6
0.23768964251684334E-6
0.23435423582050577E-6
0.23167615165573284E-6
0.24554481422342766E-6
0.24765273843647216E-6
0.25059468915629546E-6
0.25252980193275783E-6
0.23992426397788418E-6
0.21892771583991280E-6
0.22457664775917128E-6
0.20601017288107652E-6
0.22197576314542938E-6
0.24287334548729558E-6
0.23450083509257535E-6
0.24492870394772660E-6
0.24805063714615589E-6
0.19436450813478896E-6
0.19013248528635991E-6
0.19575189090585747E-6
0.19738817472965781E-6
0.18844388973853222E-6
0.18723359380839546E-6
0.18552780689349348E-6
0.19256082856385267E-6
0.20545817563226688E-6
0.20015618902465422E-6
0.21347132212742777E-6
0.20260820023644678E-6
0.19146879860191825E-6
0.19579278097180869E-6
0.18973162268666624E-6
0.18864779187933295E-6
0.17792743045376503E-6
0.17532596447759563E-6
0.17309821962302127E-6
0.18202184278477105E-6
0.18309273594672018E-6
0.18458478645152153E-6
0.18556652404220273E-6
0.17914398704606566E-6
0.16247015618227912E-6
0.16720623581212624E-6
0.15436639058794048E-6
0.16503378743507518E-6
0.18065934622789841E-6
0.17544752502909687E-6
0.18170825513924158E-6
0.18329463280141333E-6
0.14328509440929736E-6
0.13948338936320719E-6
0.14453717771225021E-6
0.14600145037497747E-6
0.13799059502606156E-6
0.13697187612071682E-6
0.13550293811718863E-6
0.14165858649860247E-6
0.15162743831337642E-6
0.14843070564504291E-6
0.15573823765649336E-6
0.15015636895761548E-6
0.14067735210341141E-6
0.14457405665312670E-6
0.13912716623240704E-6
0.13816968468466445E-6
0.12751434085997908E-6
0.12655009841441110E-6
0.12591578663406101E-6
0.13171328790959130E-6
0.13286392676925048E-6
0.13447797558149189E-6
0.13554508028960913E-6
0.12866710191574084E-6
0.12300287907171102E-6
0.12426701804471267E-6
0.11997264597602613E-6
0.12367935155733713E-6
0.13026162126453703E-6
0.12658532983093815E-6
0.13137785674891658E-6
0.13308166145485679E-6
0.11261023228439867E-6
0.11037411347509631E-6
0.11300298000925744E-6
0.11339137977272530E-6
0.10935964888695393E-6
0.10864076216853409E-6
0.10778286757616818E-6
0.11178103452869634E-6
0.11520945287174234E-6
0.11417541088541754E-6
0.11655519832633248E-6
0.11473372299207492E-6
0.11115568570469944E-6
0.11301442912259411E-6
0.11013604681285543E-6
0.10948378424913169E-6
0.10551685878216713E-6
0.10497489623103969E-6
0.10454066491491819E-6
0.10675257468839305E-6
0.10707242130000605E-6
0.10751079824194134E-6
0.10779394815963891E-6
0.10587699004575375E-6
0.10245825908473505E-6
0.10337946962806639E-6
0.10038332556687588E-6
0.10295442669484621E-6
0.10634047577586303E-6
0.10499869299865720E-6
0.10665819748859627E-6
0.10713226222264447E-6
0.90965080739046920E-7
0.90021332884560129E-7
0.91568739528605440E-7
0.92218526193911121E-7
0.89715607822356917E-7
0.89518626844708109E-7
0.89285327573386212E-7
0.90463204982811726E-7
0.94451249299587288E-7
0.93372552356338265E-7
0.95692008013602618E-7
0.94013291365612408E-7
0.90264243313212430E-7
0.91586406261032076E-7
0.89948616798447035E-7
0.89752437699513059E-7
0.88263502492661926E-7
0.88053671365083707E-7
0.87887307217132926E-7
0.88804727321687664E-7
0.88951490892769872E-7
0.89156091237425738E-7
0.89290630647274901E-7
0.88411900065704537E-7
0.87087393991210264E-7
0.87440328734481095E-7
0.86036016630020336E-7
0.87277179397782616E-7
0.88618356683104094E-7
0.88062831888177157E-7
0.88761788336604272E-7
0.88979174632102150E-7
0.79530386632720954E-7
0.79249965864552623E-7
0.79622361622549611E-7
0.79647457259934905E-7
0.79138392552715821E-7
0.79071626425171882E-7
0.79003897010922656E-7
0.79410796127709828E-7
0.80569261928811218E-7
0.79864899614152063E-7
0.81511877374390693E-7
0.80191143905648285E-7
0.79338430256515289E-7
0.79625071509442374E-7
0.79223454601729691E-7
0.79151849939633078E-7
0.78690069387505951E-7
0.78637150668136657E-7
0.78594263253425584E-7
0.78858572629235035E-7
0.78903870458399575E-7
0.78965637753611566E-7
0.79005455203163639E-7
0.78732596720446002E-7
0.78117414450583468E-7
0.78468978563592879E-7
0.77546377015934651E-7
0.78353545212989179E-7
0.78799723345985025E-7
0.78639486604479421E-7
0.78845150676576213E-7
0.78912318903894018E-7
0.72994322540853091E-7
0.72838630663556772E-7
0.73042723045433102E-7
0.73011649004040999E-7
0.72773758640569787E-7
0.72732448525314312E-7
0.72684558197109030E-7
0.72929340461495796E-7
0.73297791973095347E-7
0.73134416281047873E-7
0.73573592494099871E-7
0.73223646369728420E-7
0.72888968920790341E-7
0.73044127384382572E-7
0.72823348640981735E-7
0.72781657759927370E-7
0.72460786513832163E-7
0.72440247703065564E-7
0.72424186580019919E-7
0.72578148136712544E-7
0.72611636440467606E-7
0.72656904635867285E-7
0.72685676407836037E-7
0.72485107679307501E-7
0.72068444028758108E-7
0.72110484197492135E-7
0.72220570608631802E-7
0.72048497922314986E-7
0.72534557156471723E-7
0.72441139396962978E-7
0.72568204759942810E-7
0.72617861929709776E-7
0.68638516988486246E-7
0.68678979764545536E-7
0.68625084927112813E-7
0.68608346965559564E-7
0.68694691489004374E-7
0.68708080880301828E-7
0.68731179396848140E-7
0.68655891934843799E-7
0.68668113775752467E-7
0.68630122313504634E-7
0.68716363230748594E-7
0.68650695086800008E-7
0.68666330508773232E-7
0.68624688537447395E-7
0.68682740668397170E-7
0.68692813849426280E-7
0.68822479936093310E-7
0.68786620606118503E-7
0.68717539190611069E-7
0.68774554808025494E-7
0.68761970583481982E-7
0.68743434807281302E-7
0.68730667975075442E-7
0.68804884037848637E-7
0.68885680380797428E-7
0.68799485757598979E-7
0.69160655825910141E-7
0.68838657370288975E-7
0.68789590738938895E-7
0.68790317001057634E-7
0.68778115966185167E-7
0.68759528080891206E-7
0.66043147913128578E-7
0.66127939889825289E-7
0.66014287763542452E-7
0.65977755112883904E-7
0.66160208963567348E-7
0.66184715280232862E-7
0.66222780372018835E-7
0.66079919062344580E-7
0.65947875044048849E-7
0.65961655824516321E-7
0.65927537196503578E-7
0.65954412720746590E-7
0.66101736649767498E-7
0.66013430012309170E-7
0.66135688243042695E-7
0.66156364969926520E-7
0.66339830208738633E-7
0.66358760590935813E-7
0.66411003171942906E-7
0.66298231810843524E-7
0.66275634086028107E-7
0.66243473268912792E-7
0.66221925173240355E-7
0.66356628787033160E-7
0.66655226587062412E-7
0.66545652989832631E-7
0.66966053659072550E-7
0.66595559976324068E-7
0.66326329716925600E-7
0.66355920661354355E-7
0.66304765932723755E-7
0.66271326615227601E-7
0.64079366676950709E-7
0.64182930208917286E-7
0.64044570182478178E-7
0.64000746893958596E-7
0.64223098703940657E-7
0.64254284132706384E-7
0.64303957115638084E-7
0.64123993165660150E-7
0.63914519930247505E-7
0.63961282356829150E-7
0.63851700263837520E-7
0.63936219837133671E-7
0.64150663889901773E-7
0.64043538598042113E-7
0.64192527890054772E-7
0.64218284889988368E-7
0.64509878409076740E-7
0.64587610384863512E-7
0.64651232150781800E-7
0.64405369034974508E-7
0.64374517309308719E-7
0.64331340421762968E-7
0.64302831524660889E-7
0.64484227159120949E-7
0.64952355451991010E-7
0.64816509397239589E-7
0.65287972665399212E-7
0.64878235289129428E-7
0.64444419205644316E-7
0.64584160033516090E-7
0.64414378076425286E-7
0.64368687006404497E-7
0.62513865597319561E-7
0.62648630424098083E-7
0.62469895504725949E-7
0.62415347814489235E-7
0.62702666764042229E-7
0.62744071422988509E-7
0.62808091364212059E-7
0.62571183404674848E-7
0.62274707982998586E-7
0.62352909384160692E-7
0.62171532151892998E-7
0.62310857476747973E-7
0.62605972179660998E-7
0.62468601106158332E-7
0.62661445242219706E-7
0.62696134200280494E-7
0.63111337165958801E-7
0.63204286423591601E-7
0.63280702092875667E-7
0.62940235715975217E-7
0.62899820788704561E-7
0.62843577240614589E-7
0.62806635704906590E-7
0.63051126546826531E-7
0.63646204255196732E-7
0.63480571480145963E-7
0.64004115576255111E-7
0.63555689118623219E-7
0.62991674099867773E-7
0.63200150862579335E-7
0.62952074150056159E-7
0.62892204771967634E-7
0.61223158241604087E-7
0.61395390693960594E-7
0.61167935520870759E-7
0.61100095809831087E-7
0.61465681079202885E-7
0.61517299524951495E-7
0.61592035873880776E-7
0.61295866156081529E-7
0.60922295475770326E-7
0.61021451609217233E-7
0.60791311154675120E-7
0.60968157394732144E-7
0.61340391447030420E-7
0.61166317155824580E-7
0.61411998101791854E-7
0.61457147370622770E-7
0.61949935734880542E-7
0.62057424489743519E-7
0.62145596470811772E-7
0.61746786844684040E-7
0.61699391340573344E-7
0.61633529927094852E-7
0.61590334773003530E-7
0.61875413409839412E-7
0.62564939300890887E-7
0.62375385268996324E-7
0.62930119328289195E-7
0.62461446215143598E-7
0.61807190653919897E-7
0.62052647616831054E-7
0.61760680733662362E-7
0.61690466283888189E-7
0.60050341227064405E-7
0.60249961790250060E-7
0.59986427011750642E-7
0.59907950901218069E-7
0.60331603575164994E-7
0.60389794028150605E-7
0.60470588266940528E-7
0.60134550858123121E-7
0.59720302751023859E-7
0.59824382286101038E-7
0.59581347446328365E-7
0.59768560687627411E-7
0.60186160099880688E-7
0.59984554419872499E-7
0.60269240071960259E-7
0.60321684846424507E-7
0.60859725678552839E-7
0.60979781663751303E-7
0.61078193007625703E-7
0.60639973691651755E-7
0.60587771100593808E-7
0.60515714744023608E-7
0.60468742493176848E-7
0.60782179426754226E-7
0.61545423712116268E-7
0.61334383721684510E-7
0.61923340775568599E-7
0.61430231427744669E-7
0.60706959260078938E-7
0.60974448283409903E-7
0.60655335186823606E-7
0.60577974308329085E-7
0.58913887729342531E-7
0.59139787112909803E-7
0.58841583080994006E-7
0.58752821443077279E-7
0.59232205859510742E-7
0.59297704713453301E-7
0.59388227880744281E-7
0.59009169916027970E-7
0.58564505494155289E-7
0.58667873899695529E-7
0.58425578361618166E-7
0.58612509250232117E-7
0.59067574770401406E-7
0.58839464842257082E-7
0.59161608757875733E-7
0.59220977001625708E-7
0.59822832162670883E-7
0.59953272729566499E-7
0.60060180812323417E-7
0.59580138896197458E-7
0.59520679725562673E-7
0.59439069453143402E-7
0.59386152681620233E-7
0.59743573274594934E-7
0.60567215153973823E-7
0.60338337392675553E-7
0.60961502140952920E-7
0.60442320484174252E-7
0.59656855632252212E-7
0.59947478326081626E-7
0.59597690086878928E-7
0.59509552671148592E-7
0.57798629396948654E-7
0.58042694888819585E-7
0.57720220889247356E-7
0.57623788306343149E-7
0.58142128679888167E-7
0.58214257486956151E-7
0.58318227940829739E-7
0.57901745530815688E-7
0.57444578611354586E-7
0.57541596215637923E-7
0.57313351216430644E-7
0.57489705296384103E-7
0.57964829786470666E-7
0.57717921831497939E-7
0.58066195313287587E-7
0.58130060813864557E-7
0.58815475315677596E-7
0.58953893062359785E-7
0.59067501133030739E-7
0.58540408286793714E-7
0.58471339234489306E-7
0.58376869084851640E-7
0.58315838041743265E-7
0.58731122311547325E-7
0.59608641507720333E-7
0.59363865488042340E-7
0.60021412300424737E-7
0.59474965507712872E-7
0.58629787654297917E-7
0.58947739850252161E-7
0.58560831546527978E-7
0.58458435489888138E-7
0.56695372835474877E-7
0.56948962742180840E-7
0.56613600018402702E-7
0.56512838837030189E-7
0.57051847301167687E-7
0.57129143240786709E-7
0.57246408349393943E-7
0.56802691923823849E-7
0.56347370996347373E-7
0.56435367852499106E-7
0.56228532869561638E-7
0.56388282318322187E-7
0.56868219402046919E-7
0.56611200178334708E-7
0.56973301617908024E-7
0.57039374193491514E-7
0.57802497343299357E-7
0.57951726710282198E-7
0.58074132982247408E-7
0.57496281627469197E-7
0.57418705884778676E-7
0.57312452475035985E-7
0.57243715286506656E-7
0.57710048131918758E-7
0.58655756487582367E-7
0.58393005061549779E-7
0.59081202037098888E-7
0.58512340505001742E-7
0.57596540530533483E-7
0.57945094829569137E-7
0.57519203358743794E-7
0.57404202887058874E-7
0.55594689578392358E-7
0.55853207579413398E-7
0.55511367602225213E-7
0.55408722237502110E-7
0.55958143093437508E-7
0.56040014543125548E-7
0.56170408833180773E-7
0.55704071162465505E-7
0.55256860091510222E-7
0.55336341117534821E-7
0.55149387228920627E-7
0.55293822771662210E-7
0.55770874722230050E-7
0.55508922578822538E-7
0.55878029157150895E-7
0.55945419925408840E-7
0.56788217012422709E-7
0.56946313239626722E-7
0.57075816302541007E-7
0.56447997910263506E-7
0.56361863644524070E-7
0.56243817664562048E-7
0.56167414964283088E-7
0.56685531478292594E-7
0.57688966768720732E-7
0.57412422445253239E-7
0.58121439125885678E-7
0.57538113934099313E-7
0.56559242645617070E-7
0.56939292307333820E-7
0.56473439154428449E-7
0.56345755542020127E-7
0.54487890943267440E-7
0.54751918555499751E-7
0.54402830998607441E-7
0.54298071284835217E-7
0.54859137482288658E-7
0.54945631202252720E-7
0.55088881105092188E-7
0.54599582631228088E-7
0.54157200064069768E-7
0.54229742489306595E-7
0.54058921389422258E-7
0.54190951211998919E-7
0.54667812469042062E-7
0.54400335266247114E-7
0.54777277945837098E-7
0.54846136116799746E-7
0.55769169486656830E-7
0.55933579924163673E-7
0.56068103128110020E-7
0.55393193988485706E-7
0.55298866760538371E-7
0.55169445497733886E-7
0.55085594125068071E-7
0.55659234991611258E-7
0.56703447580361249E-7
0.56417188553551637E-7
0.57135858631686928E-7
0.56547350883449821E-7
0.55514879371388507E-7
0.55926283028545786E-7
0.55421037204607577E-7
0.55281216269121465E-7
0.53369110515810456E-7
0.53639458577895112E-7
0.53282139828670935E-7
0.53175090804316560E-7
0.53749457566940053E-7
0.53840393656577279E-7
0.53994901248560951E-7
0.53483396116447089E-7
0.53044148359581688E-7
0.53110411224121522E-7
0.52953947586055722E-7
0.53075009646559707E-7
0.53553265537042246E-7
0.53279588782144690E-7
0.53665462783457486E-7
0.53736111346062978E-7
0.54732429011631209E-7
0.54900534770838218E-7
0.55037827398532073E-7
0.54322329375247954E-7
0.54220955124049565E-7
0.54081692007765322E-7
0.53991358623180197E-7
0.54618083148112336E-7
0.55683122349858458E-7
0.55393017991696170E-7
0.56109500843820995E-7
0.55525057241711298E-7
0.54462146485835800E-7
0.54893081078352781E-7
0.54352232167410368E-7
0.54201974131199464E-7
0.52236961680509688E-7
0.52519956687011790E-7
0.52146347434791049E-7
0.52035089638214465E-7
0.52635679056971101E-7
0.52731241904697162E-7
0.52892745843448394E-7
0.52356347726285089E-7
0.51907588961033906E-7
0.51970776911699741E-7
0.51823301275913829E-7
0.51936859289622708E-7
0.52429512398819088E-7
0.52143692576406206E-7
0.52547283840309228E-7
0.52621620695725630E-7
0.53670311261181908E-7
0.53838953919323250E-7
0.53976600450606691E-7
0.53249753036962302E-7
0.53129596358897697E-7
0.52983270885748996E-7
0.52889047894322846E-7
0.53554192846675505E-7
0.54622520013977431E-7
0.54332349519405489E-7
0.55047925031612987E-7
0.54464462994885399E-7
0.53395427268190771E-7
0.53831478832086357E-7
0.53285226642327110E-7
0.53108513858929362E-7
0.51100531070211939E-7
0.51400849602534961E-7
0.51004478562752701E-7
0.50886630652839433E-7
0.51523774122692728E-7
0.51623879083849450E-7
0.51790286770645532E-7
0.51227168178851417E-7
0.50748899942674505E-7
0.50817176973084308E-7
0.50659215955459838E-7
0.50780416355122741E-7
0.51304819511909014E-7
0.51001665294259026E-7
0.51429872269133175E-7
0.51508837852641257E-7
0.52607594080580388E-7
0.52775107685137706E-7
0.52911734148464334E-7
0.52182154448713487E-7
0.52069269862688278E-7
0.51894833922129101E-7
0.51786478016481195E-7
0.52490419449435589E-7
0.53551714703441768E-7
0.53264443432218836E-7
0.53971499057673134E-7
0.53395282805157643E-7
0.52327249295156293E-7
0.52767685467583815E-7
0.52215406450835932E-7
0.52046673071782450E-7
0.49959194220754335E-7
0.50277794710776510E-7
0.49857338459640685E-7
0.49732406113626831E-7
0.50408248651629828E-7
0.50523842693851544E-7
0.50731019962152476E-7
0.50093517480383870E-7
0.49580257479235363E-7
0.49656202413969998E-7
0.49481237182052180E-7
0.49615254581797947E-7
0.50175899106504371E-7
0.49854355597792961E-7
0.50308593110621375E-7
0.50392396394544002E-7
0.51545235946210217E-7
0.51710234230748146E-7
0.51844772458849300E-7
0.51111164533867184E-7
0.50995326995108698E-7
0.50835791625740675E-7
0.50726267518533198E-7
0.51427561436628595E-7
0.52474654402667030E-7
0.52191970045047765E-7
0.52881350759759941E-7
0.52320729444956683E-7
0.51260071048936028E-7
0.51702924565304044E-7
0.51145288145757977E-7
0.50973610898840829E-7
0.48798354229759843E-7
0.49155122489097396E-7
0.48690286350090807E-7
0.48557823616855539E-7
0.49334282969277544E-7
0.49462443584521663E-7
0.49644037992303048E-7
0.48940975557862996E-7
0.48390114012840207E-7
0.48474385700976490E-7
0.48280641789139637E-7
0.48428909764239716E-7
0.49028508854394925E-7
0.48687122569488153E-7
0.49197320727517455E-7
0.49312453598421254E-7
0.50466859478235658E-7
0.50626940171547890E-7
0.50757357033597331E-7
0.50026853729479900E-7
0.49908610401122658E-7
0.49745769443472692E-7
0.49639881386020461E-7
0.50349847281838843E-7
0.51366689305873348E-7
0.51093472359086546E-7
0.51753043073900995E-7
0.51217966355422448E-7
0.50178859932604378E-7
0.50619851573755979E-7
0.50061686950099580E-7
0.49886443815207722E-7
0.47600330027798320E-7
0.48050369160750897E-7
0.47477427472569881E-7
0.47336821536463501E-7
0.48202085514733274E-7
0.48319494692286767E-7
0.48503036753933610E-7
0.47797333335088052E-7
0.47147499269706436E-7
0.47243287118603542E-7
0.47025136909915002E-7
0.47191417316305150E-7
0.47918736758066571E-7
0.47474067930438690E-7
0.48086186848937644E-7
0.48183649428963697E-7
0.49331821809400240E-7
0.49483837667856858E-7
0.49607610421939932E-7
0.48890198723398907E-7
0.48770577049397752E-7
0.48605890655675284E-7
0.48498834773734034E-7
0.49217122315778087E-7
0.50185143014187628E-7
0.49926325136835388E-7
0.50546002811726968E-7
0.50044283447325559E-7
0.49044024548280079E-7
0.49477108342435021E-7
0.48925444184244402E-7
0.48748155676960657E-7
0.46435210362944512E-7
0.46817488252907268E-7
0.46285810510514322E-7
0.46092847093698509E-7
0.46973875514472801E-7
0.47093775055946515E-7
0.47278992871698097E-7
0.46596434505365051E-7
0.45831355066852326E-7
0.45943687823182393E-7
0.45688514638165730E-7
0.45882815238587872E-7
0.46695276823633130E-7
0.46281193155806742E-7
0.46854417105885624E-7
0.46954876715308729E-7
0.48109828504987262E-7
0.48252400108899826E-7
0.48368462398522565E-7
0.47669290247897805E-7
0.47548762589884188E-7
0.47382735452775910E-7
0.47274753788202918E-7
0.47998369337612105E-7
0.48909930879392223E-7
0.48667275240947230E-7
0.49411685328378932E-7
0.48777864061989290E-7
0.47824191075650369E-7
0.48246089510309120E-7
0.47704791175679747E-7
0.47526164895632598E-7
0.45101011477793367E-7
0.45494023736175103E-7
0.44975357216341197E-7
0.44821200538746577E-7
0.45654979326985619E-7
0.45776737653416362E-7
0.45961155739391673E-7
0.45266703002399723E-7
0.44452280882869803E-7
0.44675257796388537E-7
0.44269557133589530E-7
0.44554405758130324E-7
0.45368323391438575E-7
0.44971677113778151E-7
0.45532020205822984E-7
0.45635418747339491E-7
0.46780736119093530E-7
0.46913823723897854E-7
0.47022179572599444E-7
0.46348569613939312E-7
0.46229120033345141E-7
0.46064298273374620E-7
0.45956938786452383E-7
0.46673722233354271E-7
0.47755217569226654E-7
0.47418625936044151E-7
0.48083888983121131E-7
0.47572152888011534E-7
0.46501811579427828E-7
0.46907932491486881E-7
0.46383718361172959E-7
0.46206704938132707E-7
0.43659732152227698E-7
0.44061278329823608E-7
0.43531038508941123E-7
0.43372943763507821E-7
0.44225336526036188E-7
0.44345089826830189E-7
0.44516862605862229E-7
0.43829197398923112E-7
0.43111307914461412E-7
0.43248481146184859E-7
0.42826644625732199E-7
0.43174315675909162E-7
0.43933003540861571E-7
0.43527267070968244E-7
0.44100026127002565E-7
0.44205409772121836E-7
0.45397211642742342E-7
0.45590702385247987E-7
0.45748199661298072E-7
0.44873088262557161E-7
0.44763901925648445E-7
0.44612302569455075E-7
0.44512951035375144E-7
0.45246589866652883E-7
0.46237051058247265E-7
0.46026629174196127E-7
0.46569944996526277E-7
0.46122361372685914E-7
0.45012363051475535E-7
0.45582138597072156E-7
0.44905111450895195E-7
0.44743349843105316E-7
0.42148901999842430E-7
0.42563522414242379E-7
0.42016118153877824E-7
0.41853104119889855E-7
0.42732945985597382E-7
0.42848868053079485E-7
0.43047282699741077E-7
0.42323845104389455E-7
0.41553717455706189E-7
0.41712129721060991E-7
0.41353586295337950E-7
0.41626158147875848E-7
0.42431041850059642E-7
0.42012227939344883E-7
0.42603540604916654E-7
0.42712370143743051E-7
0.43967902494108963E-7
0.44085631556385940E-7
0.44182140754433720E-7
0.43557529910343919E-7
0.43402499586571855E-7
0.43185222533059199E-7
0.43041610982287113E-7
0.43882426222047793E-7
0.44641416104276131E-7
0.44433649548974656E-7
0.45000483400407348E-7
0.44527926400942724E-7
0.43753424616215322E-7
0.44080401779705025E-7
0.43602758716395842E-7
0.43373179450571720E-7
0.40632442978364669E-7
0.41195110619077099E-7
0.40499601846161444E-7
0.40335658289897590E-7
0.41467637408840845E-7
0.41650058791061206E-7
0.41823418200181848E-7
0.40806446671017295E-7
0.39984292266994410E-7
0.40173659881315494E-7
0.39745205147589375E-7
0.40070900583842562E-7
0.40979678835617058E-7
0.40495700288704057E-7
0.41259785250894495E-7
0.41434719905494784E-7
0.42318862230215554E-7
0.42438446182345914E-7
0.42536773606429277E-7
0.42055854701757105E-7
0.41985475313798037E-7
0.41886507189600783E-7
0.41820819155118573E-7
0.42242196881071884E-7
0.43133342032338477E-7
0.42794092259692144E-7
0.43840857420812836E-7
0.42900137638433893E-7
0.42144592072986976E-7
0.42433125294681859E-7
0.42076358860229993E-7
0.41972145048374095E-7
0.39435393340518281E-7
0.39927272943265907E-7
0.39213206835548426E-7
0.38934602730545293E-7
0.40065721381199121E-7
0.40148471465632683E-7
0.40231061787380124E-7
0.39721714873780214E-7
0.38452708462178723E-7
0.38672615283051946E-7
0.38173542789646082E-7
0.38553380650074120E-7
0.39816296374409453E-7
0.39206633302238806E-7
0.39960318115052304E-7
0.40049107178910955E-7
0.40686307467260372E-7
0.40942987738257476E-7
0.41149514387408185E-7
0.40395486420266575E-7
0.40345883821988494E-7
0.40275913948318849E-7
0.40229208722010470E-7
0.40527262043535217E-7
0.41947750644584680E-7
0.41673233783481412E-7
0.42206610279456667E-7
0.41854175736041388E-7
0.40458059410480272E-7
0.40931698929989596E-7
0.40409933362785850E-7
0.40336479367243895E-7
0.38147167292999193E-7
0.38424044491878307E-7
0.38053377123232184E-7
0.37934496906363377E-7
0.38531124055753074E-7
0.38594272910171215E-7
0.38657308567399048E-7
0.38266795867965916E-7
0.37044792836137567E-7
0.37601673360321648E-7
0.36677937707271766E-7
0.37300003034594931E-7
0.38338024219381457E-7
0.38050588795884521E-7
0.38449619486210389E-7
0.38518281337943086E-7
0.39554353359186837E-7
0.39645413182915188E-7
0.39721018626349479E-7
0.39122918383159357E-7
0.38973819709283077E-7
0.38760384790147810E-7
0.38655856036498014E-7
0.39503863901190500E-7
0.40184158531220288E-7
0.39919140354355545E-7
0.40860374737990905E-7
0.39992807330871412E-7
0.39307084613112665E-7
0.39641336385058602E-7
0.39165874901122136E-7
0.38945311920761837E-7
0.36931629235539494E-7
0.37134840818141524E-7
0.36855048440415135E-7
0.36754487252731245E-7
0.37341616434174757E-7
0.37545705210179155E-7
0.37809837531332118E-7
0.37024410510435560E-7
0.36096766386851468E-7
0.36467689130846800E-7
0.35365560152044028E-7
0.36262795212916127E-7
0.37076309038900057E-7
0.36852729948537546E-7
0.37151243622581426E-7
0.37305578746731350E-7
0.37831250275356319E-7
0.37967729926781697E-7
0.38230157204552990E-7
0.37859266239839477E-7
0.37863196543135806E-7
0.37860568063340196E-7
0.37804072423800615E-7
0.37821451171886947E-7
0.39050917374948266E-7
0.38809592342953275E-7
0.38726082961891765E-7
0.38990388535835509E-7
0.37846580230402835E-7
0.37952843254323186E-7
0.37857132594616271E-7
0.37863376557281419E-7
0.36061721988557048E-7
0.36211458431300885E-7
0.35992790936310216E-7
0.35889188084796083E-7
0.36440205262196518E-7
0.36473462656228380E-7
0.36490648155233325E-7
0.36130179461006245E-7
0.34850907675178663E-7
0.35454664887727951E-7
0.34399075043742499E-7
0.35125840065968218E-7
0.36159028779387270E-7
0.35990558112827560E-7
0.36320428007855232E-7
0.36432864776609089E-7
0.36500472275052417E-7
0.36642187531613338E-7
0.36566745565141713E-7
0.36402470064393028E-7
0.36445955598680329E-7
0.36482653920362232E-7
0.36490715623838407E-7
0.36368827977646156E-7
0.36729687121013964E-7
0.36624837373609514E-7
0.36703605897299342E-7
0.36646256282838666E-7
0.36327963334473926E-7
0.36647965689871560E-7
0.36387168170567456E-7
0.36452585685112196E-7
0.35255827894683013E-7
0.36336397171346791E-7
0.34778938549513343E-7
0.34588272028916440E-7
0.35669914610665710E-7
0.35206764733180982E-7
0.34655149345457345E-7
0.35801681374267238E-7
0.34758600365949896E-7
0.34700866443913978E-7
0.33690426328965444E-7
0.34733439395382653E-7
0.36092389714764555E-7
0.34764123787822574E-7
0.36176441560028562E-7
0.35749315682375290E-7
0.35671703862035348E-7
0.35666318918666569E-7
0.35646242634119018E-7
0.34926239312988453E-7
0.34733807823144514E-7
0.34626883758477474E-7
0.34657882353351858E-7
0.35583249600013707E-7
0.35923376736977034E-7
0.35559540594721547E-7
0.35944337016183133E-7
0.35725143072107240E-7
0.35311763653998850E-7
0.35667006108241983E-7
0.35000991860599216E-7
0.34708392387595575E-7
0.0000000000000000
0.0000000000000000
0.0000000000000000
0.0000000000000000
0.0000000000000000
0.0000000000000000
0.0000000000000000
0.0000000000000000
0.0000000000000000
0.0000000000000000
0.0000000000000000
0.0000000000000000
0.0000000000000000
0.0000000000000000
0.0000000000000000
0.0000000000000000
0.0000000000000000
0.0000000000000000
0.0000000000000000
0.0000000000000000
0.0000000000000000
0.0000000000000000
0.0000000000000000
0.0000000000000000
0.0000000000000000
0.0000000000000000
0.0000000000000000
0.0000000000000000
0.0000000000000000
0.0000000000000000
0.0000000000000000
0.0000000000000000
0.0000000000000000
0.0000000000000000
0.0000000000000000
0.0000000000000000
0.0000000000000000
0.0000000000000000
0.0000000000000000
0.0000000000000000
0.0000000000000000
0.0000000000000000
0.0000000000000000
0.0000000000000000
0.0000000000000000
0.0000000000000000
0.0000000000000000
0.0000000000000000
0.0000000000000000
0.0000000000000000
0.0000000000000000
0.0000000000000000
0.0000000000000000
0.0000000000000000
0.0000000000000000
0.0000000000000000
0.0000000000000000
0.0000000000000000
0.0000000000000000
0.0000000000000000
0.0000000000000000
0.0000000000000000
0.0000000000000000
0.0000000000000000
0.0000000000000000
0.0000000000000000
0.0000000000000000
0.0000000000000000
0.0000000000000000
0.0000000000000000
0.0000000000000000
0.0000000000000000
0.0000000000000000
0.0000000000000000
0.0000000000000000
0.0000000000000000
0.0000000000000000
0.0000000000000000
0.0000000000000000
0.0000000000000000
0.0000000000000000
0.0000000000000000
0.0000000000000000
0.0000000000000000
0.0000000000000000
0.0000000000000000
0.0000000000000000
0.0000000000000000
0.0000000000000000
0.0000000000000000
0.0000000000000000
0.0000000000000000
0.0000000000000000
0.0000000000000000
0.0000000000000000
0.0000000000000000
0.0000000000000000
0.0000000000000000
0.0000000000000000
0.0000000000000000
0.0000000000000000
0.0000000000000000
0.0000000000000000
0.0000000000000000
0.0000000000000000
0.0000000000000000
0.0000000000000000
0.0000000000000000
0.0000000000000000
0.0000000000000000
0.0000000000000000
0.0000000000000000
0.0000000000000000
0.0000000000000000
0.0000000000000000
0.0000000000000000
0.0000000000000000
0.0000000000000000
0.0000000000000000
0.0000000000000000
0.0000000000000000
0.0000000000000000
0.0000000000000000
0.0000000000000000
0.0000000000000000
0.0000000000000000
0.0000000000000000
0.0000000000000000
0.0000000000000000
0.0000000000000000
0.0000000000000000
0.0000000000000000
0.0000000000000000
0.0000000000000000
0.0000000000000000
0.0000000000000000
0.0000000000000000
0.0000000000000000
0.0000000000000000
0.0000000000000000
0.0000000000000000
0.0000000000000000
0.0000000000000000
0.0000000000000000
0.0000000000000000
0.0000000000000000
0.0000000000000000
0.0000000000000000
0.0000000000000000
0.0000000000000000
0.0000000000000000
0.0000000000000000
0.0000000000000000
0.0000000000000000
0.0000000000000000
0.0000000000000000
0.0000000000000000
0.0000000000000000
0.0000000000000000
0.0000000000000000
0.0000000000000000
0.0000000000000000
0.0000000000000000
0.0000000000000000
0.0000000000000000
0.0000000000000000
0.0000000000000000
0.0000000000000000
0.0000000000000000
0.0000000000000000
0.0000000000000000
0.0000000000000000
0.0000000000000000
0.0000000000000000
0.0000000000000000
0.0000000000000000
0.0000000000000000
0.0000000000000000
0.0000000000000000
0.0000000000000000
0.0000000000000000
0.0000000000000000
0.0000000000000000
0.0000000000000000
0.0000000000000000
0.0000000000000000
0.0000000000000000
0.0000000000000000
0.0000000000000000
0.0000000000000000
0.0000000000000000
0.0000000000000000
0.0000000000000000
0.0000000000000000
0.0000000000000000
0.0000000000000000
0.0000000000000000
0.0000000000000000
0.0000000000000000
0.0000000000000000
0.0000000000000000
0.0000000000000000
0.0000000000000000
0.0000000000000000
0.0000000000000000
0.0000000000000000
0.0000000000000000
0.0000000000000000
0.0000000000000000
0.0000000000000000
0.0000000000000000
0.0000000000000000
0.0000000000000000
0.0000000000000000
0.0000000000000000
0.0000000000000000
0.0000000000000000
0.0000000000000000
0.0000000000000000
0.0000000000000000
0.0000000000000000
0.0000000000000000
0.0000000000000000
0.0000000000000000
0.0000000000000000
0.0000000000000000
0.0000000000000000
0.0000000000000000
0.0000000000000000
0.0000000000000000
0.0000000000000000
0.0000000000000000
0.0000000000000000
0.0000000000000000
0.0000000000000000
0.0000000000000000
0.0000000000000000
0.0000000000000000
0.0000000000000000
0.0000000000000000
0.0000000000000000
0.0000000000000000
0.0000000000000000
0.0000000000000000
0.0000000000000000
0.0000000000000000
0.0000000000000000
0.0000000000000000
0.0000000000000000
0.0000000000000000
0.0000000000000000
0.0000000000000000
0.0000000000000000
0.0000000000000000
0.0000000000000000
0.0000000000000000
0.0000000000000000
0.0000000000000000
0.0000000000000000
0.0000000000000000
0.0000000000000000
0.0000000000000000
0.0000000000000000
0.0000000000000000
0.0000000000000000
0.0000000000000000
0.0000000000000000
0.0000000000000000
0.0000000000000000
0.0000000000000000
0.0000000000000000
0.0000000000000000
0.0000000000000000
0.0000000000000000
0.0000000000000000
0.0000000000000000
0.0000000000000000
0.0000000000000000
0.0000000000000000
0.0000000000000000
0.0000000000000000
0.0000000000000000
0.0000000000000000
0.0000000000000000
0.0000000000000000
0.0000000000000000
0.0000000000000000
0.0000000000000000
0.0000000000000000
0.0000000000000000
0.0000000000000000
0.0000000000000000
0.0000000000000000
0.0000000000000000
0.0000000000000000
0.0000000000000000
0.0000000000000000
0.0000000000000000
0.0000000000000000
0.0000000000000000
0.0000000000000000
0.0000000000000000
0.0000000000000000
0.0000000000000000
0.0000000000000000
0.0000000000000000
0.0000000000000000
0.0000000000000000
0.0000000000000000
0.0000000000000000
0.0000000000000000
0.0000000000000000
0.0000000000000000
0.0000000000000000
0.0000000000000000
0.0000000000000000
0.0000000000000000
0.0000000000000000
0.0000000000000000
0.0000000000000000
0.0000000000000000
0.0000000000000000
0.0000000000000000
0.0000000000000000
0.0000000000000000
0.0000000000000000
0.0000000000000000
0.0000000000000000
0.0000000000000000
0.0000000000000000
0.0000000000000000
0.0000000000000000
0.0000000000000000
0.0000000000000000
0.0000000000000000
0.0000000000000000
0.0000000000000000
0.0000000000000000
0.0000000000000000
0.0000000000000000
0.0000000000000000
0.0000000000000000
0.0000000000000000
0.0000000000000000
0.0000000000000000
0.0000000000000000
0.0000000000000000
0.0000000000000000
0.0000000000000000
0.0000000000000000
0.0000000000000000
0.0000000000000000
0.0000000000000000
0.0000000000000000
0.0000000000000000
0.0000000000000000
0.0000000000000000
0.0000000000000000
0.0000000000000000
0.0000000000000000
0.0000000000000000
0.0000000000000000
0.0000000000000000
0.0000000000000000
0.0000000000000000
0.0000000000000000
0.0000000000000000
0.0000000000000000
0.0000000000000000
0.0000000000000000
0.0000000000000000
0.0000000000000000
0.0000000000000000
0.0000000000000000
0.0000000000000000
0.0000000000000000
0.0000000000000000
0.0000000000000000
0.0000000000000000
0.0000000000000000
0.0000000000000000
0.0000000000000000
0.0000000000000000
0.0000000000000000
0.0000000000000000
0.0000000000000000
0.0000000000000000
0.0000000000000000
0.0000000000000000
0.0000000000000000
0.0000000000000000
0.0000000000000000
0.0000000000000000
0.0000000000000000
0.0000000000000000
0.0000000000000000
0.0000000000000000
0.0000000000000000
0.0000000000000000
0.0000000000000000
0.0000000000000000
0.0000000000000000
0.0000000000000000
0.0000000000000000
0.0000000000000000
0.0000000000000000
0.0000000000000000
0.0000000000000000
0.0000000000000000
0.0000000000000000
0.0000000000000000
0.0000000000000000
0.0000000000000000
0.0000000000000000
0.0000000000000000
0.0000000000000000
0.0000000000000000
0.0000000000000000
0.0000000000000000
0.0000000000000000
0.0000000000000000
0.0000000000000000
0.0000000000000000
0.0000000000000000
0.0000000000000000
0.0000000000000000
0.0000000000000000
0.0000000000000000
0.0000000000000000
0.0000000000000000
0.0000000000000000
0.0000000000000000
0.0000000000000000
0.0000000000000000
0.0000000000000000
0.0000000000000000
0.0000000000000000
0.0000000000000000
0.0000000000000000
0.0000000000000000
0.0000000000000000
0.0000000000000000
0.0000000000000000
0.0000000000000000
0.0000000000000000
0.0000000000000000
0.0000000000000000
0.0000000000000000
0.0000000000000000
0.0000000000000000
0.0000000000000000
0.0000000000000000
0.0000000000000000
0.0000000000000000
0.0000000000000000
0.0000000000000000
0.0000000000000000
0.0000000000000000
0.0000000000000000
0.0000000000000000
0.0000000000000000
0.0000000000000000
0.0000000000000000
0.0000000000000000
0.0000000000000000
0.0000000000000000
0.0000000000000000
0.0000000000000000
0.0000000000000000
0.0000000000000000
0.0000000000000000
0.0000000000000000
0.0000000000000000
0.0000000000000000
0.0000000000000000
0.0000000000000000
0.0000000000000000
0.0000000000000000
0.0000000000000000
0.0000000000000000
0.0000000000000000
0.0000000000000000
0.0000000000000000
0.0000000000000000
0.0000000000000000
0.0000000000000000
0.0000000000000000
0.0000000000000000
0.0000000000000000
0.0000000000000000
0.0000000000000000
0.0000000000000000
0.0000000000000000
0.0000000000000000
0.0000000000000000
0.0000000000000000
0.0000000000000000
0.0000000000000000
0.0000000000000000
0.0000000000000000
0.0000000000000000
0.0000000000000000
0.0000000000000000
0.0000000000000000
0.0000000000000000
0.0000000000000000
0.0000000000000000
0.0000000000000000
0.0000000000000000
0.0000000000000000
0.0000000000000000
0.0000000000000000
0.0000000000000000
0.0000000000000000
0.0000000000000000
0.0000000000000000
0.0000000000000000
0.0000000000000000
0.0000000000000000
0.0000000000000000
0.0000000000000000
0.0000000000000000
0.0000000000000000
0.0000000000000000
0.0000000000000000
0.0000000000000000
0.0000000000000000
0.0000000000000000
0.0000000000000000
0.0000000000000000
0.0000000000000000
0.0000000000000000
0.0000000000000000
0.0000000000000000
0.0000000000000000
0.0000000000000000
0.0000000000000000
0.0000000000000000
0.0000000000000000
0.0000000000000000
0.0000000000000000
0.0000000000000000
0.0000000000000000
0.0000000000000000
0.0000000000000000
0.0000000000000000
0.0000000000000000
0.0000000000000000
0.0000000000000000
0.0000000000000000
0.0000000000000000
0.0000000000000000
0.0000000000000000
0.0000000000000000
0.0000000000000000
0.0000000000000000
0.0000000000000000
0.0000000000000000
0.0000000000000000
0.0000000000000000
0.0000000000000000
0.0000000000000000
0.0000000000000000
0.0000000000000000
0.0000000000000000
0.0000000000000000
0.0000000000000000
0.0000000000000000
0.0000000000000000
0.0000000000000000
0.0000000000000000
0.0000000000000000
0.0000000000000000
0.0000000000000000
0.0000000000000000
0.0000000000000000
0.0000000000000000
0.0000000000000000
0.0000000000000000
0.0000000000000000
0.0000000000000000
0.0000000000000000
0.0000000000000000
0.0000000000000000
0.0000000000000000
0.0000000000000000
0.0000000000000000
0.0000000000000000
0.0000000000000000
0.0000000000000000
0.0000000000000000
0.0000000000000000
0.0000000000000000
0.0000000000000000
0.0000000000000000
0.0000000000000000
0.0000000000000000
0.0000000000000000
0.0000000000000000
0.0000000000000000
0.0000000000000000
0.0000000000000000
0.0000000000000000
0.0000000000000000
0.0000000000000000
0.0000000000000000
0.0000000000000000
0.0000000000000000
0.0000000000000000
0.0000000000000000
0.0000000000000000
0.0000000000000000
0.0000000000000000
0.0000000000000000
0.0000000000000000
0.0000000000000000
0.0000000000000000
0.0000000000000000
0.0000000000000000
0.0000000000000000
0.0000000000000000
0.0000000000000000
0.0000000000000000
0.0000000000000000
0.0000000000000000
0.0000000000000000
0.0000000000000000
0.0000000000000000
0.0000000000000000
0.0000000000000000
0.0000000000000000
0.0000000000000000
0.0000000000000000
0.0000000000000000
0.0000000000000000
0.0000000000000000
0.0000000000000000
0.0000000000000000
0.0000000000000000
0.0000000000000000
0.0000000000000000
0.0000000000000000
0.0000000000000000
0.0000000000000000
0.0000000000000000
0.0000000000000000
0.0000000000000000
0.0000000000000000
0.0000000000000000
0.0000000000000000
0.0000000000000000
0.0000000000000000
0.0000000000000000
0.0000000000000000
0.0000000000000000
0.0000000000000000
0.0000000000000000
0.0000000000000000
0.0000000000000000
0.0000000000000000
0.0000000000000000
0.0000000000000000
0.0000000000000000
0.0000000000000000
0.0000000000000000
0.0000000000000000
0.0000000000000000
0.0000000000000000
0.0000000000000000
0.0000000000000000
0.0000000000000000
0.0000000000000000
0.0000000000000000
0.0000000000000000
0.0000000000000000
0.0000000000000000
0.0000000000000000
0.0000000000000000
0.0000000000000000
0.0000000000000000
0.0000000000000000
0.0000000000000000
0.0000000000000000
0.0000000000000000
0.0000000000000000
0.0000000000000000
0.0000000000000000
0.0000000000000000
0.0000000000000000
0.0000000000000000
0.0000000000000000
0.0000000000000000
0.0000000000000000
0.0000000000000000
0.0000000000000000
0.0000000000000000
0.0000000000000000
0.0000000000000000
0.0000000000000000
0.0000000000000000
0.0000000000000000
0.0000000000000000
0.0000000000000000
0.0000000000000000
0.0000000000000000
0.0000000000000000
0.0000000000000000
0.0000000000000000
0.0000000000000000
0.0000000000000000
0.0000000000000000
0.0000000000000000
0.0000000000000000
0.0000000000000000
0.0000000000000000
0.0000000000000000
0.0000000000000000
0.0000000000000000
0.0000000000000000
0.0000000000000000
0.0000000000000000
0.0000000000000000
0.0000000000000000
0.0000000000000000
0.0000000000000000
0.0000000000000000
0.0000000000000000
0.0000000000000000
0.0000000000000000
0.0000000000000000
0.0000000000000000
0.0000000000000000
0.0000000000000000
0.0000000000000000
0.0000000000000000
0.0000000000000000
0.0000000000000000
0.0000000000000000
0.0000000000000000
0.0000000000000000
0.0000000000000000
0.0000000000000000
0.0000000000000000
0.0000000000000000
0.0000000000000000
0.0000000000000000
0.0000000000000000
0.0000000000000000
0.0000000000000000
0.0000000000000000
0.0000000000000000
0.0000000000000000
0.0000000000000000
0.0000000000000000
0.0000000000000000
0.0000000000000000
0.0000000000000000
0.0000000000000000
0.0000000000000000
0.0000000000000000
0.0000000000000000
0.0000000000000000
0.0000000000000000
0.0000000000000000
0.0000000000000000
0.0000000000000000
0.0000000000000000
0.0000000000000000
0.0000000000000000
0.0000000000000000
0.0000000000000000
0.0000000000000000
0.0000000000000000
0.0000000000000000
0.0000000000000000
0.0000000000000000
0.0000000000000000
0.0000000000000000
0.0000000000000000
0.0000000000000000
0.0000000000000000
0.0000000000000000
0.0000000000000000
0.0000000000000000
0.0000000000000000
0.0000000000000000
0.0000000000000000
0.0000000000000000
0.0000000000000000
0.0000000000000000
0.0000000000000000
0.0000000000000000
0.0000000000000000
0.0000000000000000
0.0000000000000000
0.0000000000000000
0.0000000000000000
0.0000000000000000
0.0000000000000000
0.0000000000000000
0.0000000000000000
0.0000000000000000
0.0000000000000000
0.0000000000000000
0.0000000000000000
0.0000000000000000
0.0000000000000000
0.0000000000000000
0.0000000000000000
0.0000000000000000
0.0000000000000000
0.0000000000000000
0.0000000000000000
0.0000000000000000
0.0000000000000000
0.0000000000000000
0.0000000000000000
0.0000000000000000
0.0000000000000000
0.0000000000000000
0.0000000000000000
0.0000000000000000
0.0000000000000000
0.0000000000000000
0.0000000000000000
0.0000000000000000
0.0000000000000000
0.0000000000000000
0.0000000000000000
0.0000000000000000
0.0000000000000000
0.0000000000000000
0.0000000000000000
0.0000000000000000
0.0000000000000000
0.0000000000000000
0.0000000000000000
0.0000000000000000
0.0000000000000000
0.0000000000000000
0.0000000000000000
0.0000000000000000
0.0000000000000000
0.0000000000000000
0.0000000000000000
0.0000000000000000
0.0000000000000000
0.0000000000000000
0.0000000000000000
0.0000000000000000
0.0000000000000000
0.0000000000000000
0.0000000000000000
0.0000000000000000
0.0000000000000000
0.0000000000000000
0.0000000000000000
0.0000000000000000
0.0000000000000000
0.0000000000000000
0.0000000000000000
0.0000000000000000
0.0000000000000000
0.0000000000000000
0.0000000000000000
0.0000000000000000
0.0000000000000000
0.0000000000000000
0.0000000000000000
0.0000000000000000
0.0000000000000000
0.0000000000000000
0.0000000000000000
0.0000000000000000
0.0000000000000000
0.0000000000000000
0.0000000000000000
0.0000000000000000
0.0000000000000000
0.0000000000000000
0.0000000000000000
0.0000000000000000
0.0000000000000000
0.0000000000000000
0.0000000000000000
0.0000000000000000
0.0000000000000000
0.0000000000000000
0.0000000000000000
0.0000000000000000
0.0000000000000000
0.0000000000000000
0.0000000000000000
0.0000000000000000
0.0000000000000000
0.0000000000000000
0.0000000000000000
0.0000000000000000
0.0000000000000000
0.0000000000000000
0.0000000000000000
0.0000000000000000
0.0000000000000000
0.0000000000000000
0.0000000000000000
0.0000000000000000
0.0000000000000000
0.0000000000000000
0.0000000000000000
0.0000000000000000
0.0000000000000000
0.0000000000000000
0.0000000000000000
0.0000000000000000
0.0000000000000000
0.0000000000000000
0.0000000000000000
0.0000000000000000
0.0000000000000000
0.0000000000000000
0.0000000000000000
0.0000000000000000
0.0000000000000000
0.0000000000000000
0.0000000000000000
0.0000000000000000
0.0000000000000000
0.0000000000000000
0.0000000000000000
0.0000000000000000
0.0000000000000000
0.0000000000000000
0.0000000000000000
0.0000000000000000
0.0000000000000000
0.0000000000000000
0.0000000000000000
0.0000000000000000
0.0000000000000000
0.0000000000000000
0.0000000000000000
0.0000000000000000
0.0000000000000000
0.0000000000000000
0.0000000000000000
0.0000000000000000
0.0000000000000000
0.0000000000000000
0.0000000000000000
0.0000000000000000
0.0000000000000000
0.0000000000000000
0.0000000000000000
0.0000000000000000
0.0000000000000000
0.0000000000000000
0.0000000000000000
0.0000000000000000
0.0000000000000000
0.0000000000000000
0.0000000000000000
0.0000000000000000
0.0000000000000000
0.0000000000000000
0.0000000000000000
0.0000000000000000
0.0000000000000000
0.0000000000000000
0.0000000000000000
0.0000000000000000
0.0000000000000000
0.0000000000000000
0.0000000000000000
0.0000000000000000
0.0000000000000000
0.0000000000000000
0.0000000000000000
0.0000000000000000
0.0000000000000000
0.0000000000000000
0.0000000000000000
0.0000000000000000
0.0000000000000000
0.0000000000000000
0.0000000000000000
0.0000000000000000
0.0000000000000000
0.0000000000000000
0.0000000000000000
0.0000000000000000
0.0000000000000000
0.0000000000000000
0.0000000000000000
0.0000000000000000
0.0000000000000000
0.0000000000000000
0.0000000000000000
0.0000000000000000
0.0000000000000000
0.0000000000000000
0.0000000000000000
0.0000000000000000
0.0000000000000000
0.0000000000000000
0.0000000000000000
0.0000000000000000
0.0000000000000000
0.0000000000000000
0.0000000000000000
0.0000000000000000
0.0000000000000000
0.0000000000000000
0.0000000000000000
0.0000000000000000
0.0000000000000000
0.0000000000000000
0.0000000000000000
0.0000000000000000
0.0000000000000000
0.0000000000000000
0.0000000000000000
0.0000000000000000
0.0000000000000000
0.0000000000000000
0.0000000000000000
0.0000000000000000
0.0000000000000000
0.0000000000000000
0.0000000000000000
0.0000000000000000
0.0000000000000000
0.0000000000000000
0.0000000000000000
0.0000000000000000
0.0000000000000000
0.0000000000000000
0.0000000000000000
0.0000000000000000
0.0000000000000000
0.0000000000000000
0.0000000000000000
0.0000000000000000
0.0000000000000000
0.0000000000000000
0.0000000000000000
0.0000000000000000
0.0000000000000000
0.0000000000000000
0.0000000000000000
0.0000000000000000
0.0000000000000000
0.0000000000000000
0.0000000000000000
0.0000000000000000
0.0000000000000000
0.0000000000000000
0.0000000000000000
0.0000000000000000
0.0000000000000000
0.0000000000000000
0.0000000000000000
0.0000000000000000
0.0000000000000000
0.0000000000000000
0.0000000000000000
0.0000000000000000
0.0000000000000000
0.0000000000000000
0.0000000000000000
0.0000000000000000
0.0000000000000000
0.0000000000000000
0.0000000000000000
0.0000000000000000
0.0000000000000000
0.0000000000000000
0.0000000000000000
0.0000000000000000
0.0000000000000000
0.0000000000000000
0.0000000000000000
0.0000000000000000
0.0000000000000000
0.0000000000000000
0.0000000000000000
0.0000000000000000
0.0000000000000000
0.0000000000000000
0.0000000000000000
0.0000000000000000
0.0000000000000000
0.0000000000000000
0.0000000000000000
0.0000000000000000
0.0000000000000000
0.0000000000000000
0.0000000000000000
0.0000000000000000
0.0000000000000000
0.0000000000000000
0.0000000000000000
0.0000000000000000
0.0000000000000000
0.0000000000000000
0.0000000000000000
0.0000000000000000
0.0000000000000000
0.0000000000000000
0.0000000000000000
0.0000000000000000
0.0000000000000000
0.0000000000000000
0.0000000000000000
0.0000000000000000
0.0000000000000000
0.0000000000000000
0.0000000000000000
0.0000000000000000
0.0000000000000000
0.0000000000000000
0.0000000000000000
0.0000000000000000
0.0000000000000000
0.0000000000000000
0.0000000000000000
0.0000000000000000
0.0000000000000000
0.0000000000000000
0.0000000000000000
0.0000000000000000
0.0000000000000000
0.0000000000000000
0.0000000000000000
0.0000000000000000
0.0000000000000000
0.0000000000000000
0.0000000000000000
0.0000000000000000
0.0000000000000000
0.0000000000000000
0.0000000000000000
0.0000000000000000
0.0000000000000000
0.0000000000000000
0.0000000000000000
0.0000000000000000
0.0000000000000000
0.0000000000000000
0.0000000000000000
0.0000000000000000
0.0000000000000000
0.0000000000000000
0.0000000000000000
0.0000000000000000
0.0000000000000000
0.0000000000000000
0.0000000000000000
0.0000000000000000
0.0000000000000000
0.0000000000000000
0.0000000000000000
0.0000000000000000
0.0000000000000000
0.0000000000000000
0.0000000000000000
0.0000000000000000
0.0000000000000000
0.0000000000000000
0.0000000000000000
0.0000000000000000
0.0000000000000000
0.0000000000000000
0.0000000000000000
0.0000000000000000
0.0000000000000000
0.0000000000000000
0.0000000000000000
0.0000000000000000
0.0000000000000000
0.0000000000000000
0.0000000000000000
0.0000000000000000
0.0000000000000000
0.0000000000000000
0.0000000000000000
0.0000000000000000
0.0000000000000000
0.0000000000000000
0.0000000000000000
0.0000000000000000
0.0000000000000000
0.0000000000000000
0.0000000000000000
0.0000000000000000
0.0000000000000000
0.0000000000000000
0.0000000000000000
0.0000000000000000
0.0000000000000000
0.0000000000000000
0.0000000000000000
0.0000000000000000
0.0000000000000000
0.0000000000000000
0.0000000000000000
0.0000000000000000
0.0000000000000000
0.0000000000000000
0.0000000000000000
0.0000000000000000
0.0000000000000000
0.0000000000000000
0.0000000000000000
0.0000000000000000
0.0000000000000000
0.0000000000000000
0.0000000000000000
0.0000000000000000
0.0000000000000000
0.0000000000000000
0.0000000000000000
0.0000000000000000
0.0000000000000000
0.0000000000000000
0.0000000000000000
0.0000000000000000
0.0000000000000000
0.0000000000000000
0.0000000000000000
0.0000000000000000
0.0000000000000000
0.0000000000000000
0.0000000000000000
0.0000000000000000
0.0000000000000000
0.0000000000000000
0.0000000000000000
0.0000000000000000
0.0000000000000000
0.0000000000000000
0.0000000000000000
0.0000000000000000
0.0000000000000000
0.0000000000000000
0.0000000000000000
0.0000000000000000
0.0000000000000000
0.0000000000000000
0.0000000000000000
0.0000000000000000
0.0000000000000000
0.0000000000000000
0.0000000000000000
0.0000000000000000
0.0000000000000000
0.0000000000000000
0.0000000000000000
0.0000000000000000
0.0000000000000000
0.0000000000000000
0.0000000000000000
0.0000000000000000
0.0000000000000000
0.0000000000000000
0.0000000000000000
0.0000000000000000
0.0000000000000000
0.0000000000000000
0.0000000000000000
0.0000000000000000
0.0000000000000000
0.0000000000000000
0.0000000000000000
0.0000000000000000
0.0000000000000000
0.0000000000000000
0.0000000000000000
0.0000000000000000
0.0000000000000000
0.0000000000000000
0.0000000000000000
0.0000000000000000
0.0000000000000000
0.0000000000000000
0.0000000000000000
0.0000000000000000
0.0000000000000000
0.0000000000000000
0.0000000000000000
0.0000000000000000
0.0000000000000000
0.0000000000000000
0.0000000000000000
0.0000000000000000
0.0000000000000000
0.0000000000000000
0.0000000000000000
0.0000000000000000
0.0000000000000000
0.0000000000000000
0.0000000000000000
0.0000000000000000
0.0000000000000000
0.0000000000000000
0.0000000000000000
0.0000000000000000
0.0000000000000000
0.0000000000000000
0.0000000000000000
0.0000000000000000
0.0000000000000000
0.0000000000000000
0.0000000000000000
0.0000000000000000
0.0000000000000000
0.0000000000000000
0.0000000000000000
0.0000000000000000
0.0000000000000000
0.0000000000000000
0.0000000000000000
0.0000000000000000
0.0000000000000000
0.0000000000000000
0.0000000000000000
0.0000000000000000
0.0000000000000000
0.0000000000000000
0.0000000000000000
0.0000000000000000
0.0000000000000000
0.0000000000000000
0.0000000000000000
0.0000000000000000
0.0000000000000000
0.0000000000000000
0.0000000000000000
0.0000000000000000
0.0000000000000000
0.0000000000000000
0.0000000000000000
0.0000000000000000
0.0000000000000000
0.0000000000000000
0.0000000000000000
0.0000000000000000
0.0000000000000000
0.0000000000000000
0.0000000000000000
0.0000000000000000
0.0000000000000000
0.0000000000000000
0.0000000000000000
0.0000000000000000
0.0000000000000000
0.0000000000000000
0.0000000000000000
0.0000000000000000
0.0000000000000000
0.0000000000000000
0.0000000000000000
0.0000000000000000
0.0000000000000000
0.0000000000000000
0.0000000000000000
0.0000000000000000
0.0000000000000000
0.0000000000000000
0.0000000000000000
0.0000000000000000
0.0000000000000000
0.0000000000000000
0.0000000000000000
0.0000000000000000
0.0000000000000000
0.0000000000000000
0.0000000000000000
0.0000000000000000
0.0000000000000000
0.0000000000000000
0.0000000000000000
0.0000000000000000
0.0000000000000000
0.0000000000000000
0.0000000000000000
0.0000000000000000
0.0000000000000000
0.0000000000000000
0.0000000000000000
0.0000000000000000
0.0000000000000000
0.0000000000000000
0.0000000000000000
0.0000000000000000
0.0000000000000000
0.0000000000000000
0.0000000000000000
0.0000000000000000
0.0000000000000000
0.0000000000000000
0.0000000000000000
0.0000000000000000
0.0000000000000000
0.0000000000000000
0.0000000000000000
0.0000000000000000
0.0000000000000000
0.0000000000000000
0.0000000000000000
0.0000000000000000
0.0000000000000000
0.0000000000000000
0.0000000000000000
0.0000000000000000
0.0000000000000000
0.0000000000000000
0.0000000000000000
0.0000000000000000
0.0000000000000000
0.0000000000000000
0.0000000000000000
0.0000000000000000
0.0000000000000000
0.0000000000000000
0.0000000000000000
0.0000000000000000
0.0000000000000000
0.0000000000000000
0.0000000000000000
0.0000000000000000
0.0000000000000000
0.0000000000000000
0.0000000000000000
0.0000000000000000
0.0000000000000000
0.0000000000000000
0.0000000000000000
0.0000000000000000
0.0000000000000000
0.0000000000000000
0.0000000000000000
0.0000000000000000
0.0000000000000000
0.0000000000000000
0.0000000000000000
0.0000000000000000
0.0000000000000000
0.0000000000000000
0.0000000000000000
0.0000000000000000
0.0000000000000000
0.0000000000000000
0.0000000000000000
0.0000000000000000
0.0000000000000000
0.0000000000000000
0.0000000000000000
0.0000000000000000
0.0000000000000000
0.0000000000000000
0.0000000000000000
0.0000000000000000
0.0000000000000000
0.0000000000000000
0.0000000000000000
0.0000000000000000
0.0000000000000000
0.0000000000000000
0.0000000000000000
0.0000000000000000
0.0000000000000000
0.0000000000000000
0.0000000000000000
0.0000000000000000
0.0000000000000000
0.0000000000000000
0.0000000000000000
0.0000000000000000
0.0000000000000000
0.0000000000000000
0.0000000000000000
0.0000000000000000
0.0000000000000000
0.0000000000000000
0.0000000000000000
0.0000000000000000
0.0000000000000000
0.0000000000000000
0.0000000000000000
0.0000000000000000
0.0000000000000000
0.0000000000000000
0.0000000000000000
0.0000000000000000
0.0000000000000000
0.0000000000000000
0.0000000000000000
0.0000000000000000
0.0000000000000000
0.0000000000000000
0.0000000000000000
0.0000000000000000
0.0000000000000000
0.0000000000000000
0.0000000000000000
0.0000000000000000
0.0000000000000000
0.0000000000000000
0.0000000000000000
0.0000000000000000
0.0000000000000000
0.0000000000000000
0.0000000000000000
0.0000000000000000
0.0000000000000000
0.0000000000000000
0.0000000000000000
0.0000000000000000
0.0000000000000000
0.0000000000000000
0.0000000000000000
0.0000000000000000
0.0000000000000000
0.0000000000000000
0.0000000000000000
0.0000000000000000
0.0000000000000000
0.0000000000000000
0.0000000000000000
0.0000000000000000
0.0000000000000000
0.0000000000000000
0.0000000000000000
0.0000000000000000
0.0000000000000000
0.0000000000000000
0.0000000000000000
0.0000000000000000
0.0000000000000000
0.0000000000000000
0.0000000000000000
0.0000000000000000
0.0000000000000000
0.0000000000000000
0.0000000000000000
0.0000000000000000
0.0000000000000000
0.0000000000000000
0.0000000000000000
0.0000000000000000
0.0000000000000000
0.0000000000000000
0.0000000000000000
0.0000000000000000
0.0000000000000000
0.0000000000000000
0.0000000000000000
0.0000000000000000
0.0000000000000000
0.0000000000000000
0.0000000000000000
0.0000000000000000
0.0000000000000000
0.0000000000000000
0.0000000000000000
0.0000000000000000
0.0000000000000000
0.0000000000000000
0.0000000000000000
0.0000000000000000
0.0000000000000000
0.0000000000000000
0.0000000000000000
0.0000000000000000
0.0000000000000000
0.0000000000000000
0.0000000000000000
0.0000000000000000
0.0000000000000000
0.0000000000000000
0.0000000000000000
0.0000000000000000
0.0000000000000000
0.0000000000000000
0.0000000000000000
0.0000000000000000
0.0000000000000000
0.0000000000000000
0.0000000000000000
0.0000000000000000
0.0000000000000000
0.0000000000000000
0.0000000000000000
0.0000000000000000
0.0000000000000000
0.0000000000000000
0.0000000000000000
0.0000000000000000
0.0000000000000000
0.0000000000000000
0.0000000000000000
0.0000000000000000
0.0000000000000000
0.0000000000000000
0.0000000000000000
0.0000000000000000
0.0000000000000000
0.0000000000000000
0.0000000000000000
0.0000000000000000
0.0000000000000000
0.0000000000000000
0.0000000000000000
0.0000000000000000
0.0000000000000000
0.0000000000000000
0.0000000000000000
0.0000000000000000
0.0000000000000000
0.0000000000000000
0.0000000000000000
0.0000000000000000
0.0000000000000000
0.0000000000000000
0.0000000000000000
0.0000000000000000
0.0000000000000000
0.0000000000000000
0.0000000000000000
0.0000000000000000
0.0000000000000000
0.0000000000000000
0.0000000000000000
0.0000000000000000
0.0000000000000000
0.0000000000000000
0.0000000000000000
0.0000000000000000
0.0000000000000000
0.0000000000000000
0.0000000000000000
0.0000000000000000
0.0000000000000000
0.0000000000000000
0.0000000000000000
0.0000000000000000
0.0000000000000000
0.0000000000000000
0.0000000000000000
0.0000000000000000
0.0000000000000000
0.0000000000000000
0.0000000000000000
0.0000000000000000
0.0000000000000000
0.0000000000000000
0.0000000000000000
0.0000000000000000
0.0000000000000000
0.0000000000000000
0.0000000000000000
0.0000000000000000
0.0000000000000000
0.0000000000000000
0.0000000000000000
0.0000000000000000
0.0000000000000000
0.0000000000000000
0.0000000000000000
0.0000000000000000
0.0000000000000000
0.0000000000000000
0.0000000000000000
0.0000000000000000
0.0000000000000000
0.0000000000000000
0.0000000000000000
0.0000000000000000
0.0000000000000000
0.0000000000000000
0.0000000000000000
0.0000000000000000
0.0000000000000000
0.0000000000000000
0.0000000000000000
0.0000000000000000
0.0000000000000000
0.0000000000000000
0.0000000000000000
0.0000000000000000
0.0000000000000000
0.0000000000000000
0.0000000000000000
0.0000000000000000
0.0000000000000000
0.0000000000000000
0.0000000000000000
0.0000000000000000
0.0000000000000000
0.0000000000000000
0.0000000000000000
0.0000000000000000
0.0000000000000000
0.0000000000000000
0.0000000000000000
0.0000000000000000
0.0000000000000000
0.0000000000000000
0.0000000000000000
0.0000000000000000
0.0000000000000000
0.0000000000000000
0.0000000000000000
0.0000000000000000
0.0000000000000000
0.0000000000000000
0.0000000000000000
0.0000000000000000
0.0000000000000000
0.0000000000000000
0.0000000000000000
0.0000000000000000
0.0000000000000000
0.0000000000000000
0.0000000000000000
0.0000000000000000
0.0000000000000000
0.0000000000000000
0.0000000000000000
0.0000000000000000
0.0000000000000000
0.0000000000000000
0.0000000000000000
0.0000000000000000
0.0000000000000000
0.0000000000000000
0.0000000000000000
0.0000000000000000
0.0000000000000000
0.0000000000000000
0.0000000000000000
0.0000000000000000
0.0000000000000000
0.0000000000000000
0.0000000000000000
0.0000000000000000
0.0000000000000000
0.0000000000000000
0.0000000000000000
0.0000000000000000
0.0000000000000000
0.0000000000000000
0.0000000000000000
0.0000000000000000
0.0000000000000000
0.0000000000000000
0.0000000000000000
0.0000000000000000
0.0000000000000000
0.0000000000000000
0.0000000000000000
0.0000000000000000
0.0000000000000000
0.0000000000000000
0.0000000000000000
0.0000000000000000
0.0000000000000000
0.0000000000000000
0.0000000000000000
0.0000000000000000
0.0000000000000000
0.0000000000000000
0.0000000000000000
0.0000000000000000
0.0000000000000000
0.0000000000000000
0.0000000000000000
0.0000000000000000
0.0000000000000000
0.0000000000000000
0.0000000000000000
0.0000000000000000
0.0000000000000000
0.0000000000000000
0.0000000000000000
0.0000000000000000
0.0000000000000000
0.0000000000000000
0.0000000000000000
0.0000000000000000
0.0000000000000000
0.0000000000000000
0.0000000000000000
0.0000000000000000
0.0000000000000000
0.0000000000000000
0.0000000000000000
0.0000000000000000
0.0000000000000000
0.0000000000000000
0.0000000000000000
0.0000000000000000
0.0000000000000000
0.0000000000000000
0.0000000000000000
0.0000000000000000
0.0000000000000000
0.0000000000000000
0.0000000000000000
0.0000000000000000
0.0000000000000000
0.0000000000000000
0.0000000000000000
0.0000000000000000
0.0000000000000000
0.0000000000000000
0.0000000000000000
0.0000000000000000
0.0000000000000000
0.0000000000000000
0.0000000000000000
0.0000000000000000
0.0000000000000000
0.0000000000000000
0.0000000000000000
0.0000000000000000
0.0000000000000000
0.0000000000000000
0.0000000000000000
0.0000000000000000
0.0000000000000000
0.0000000000000000
0.0000000000000000
0.0000000000000000
0.0000000000000000
0.0000000000000000
0.0000000000000000
0.0000000000000000
0.0000000000000000
0.0000000000000000
0.0000000000000000
0.0000000000000000
0.0000000000000000
0.0000000000000000
0.0000000000000000
0.0000000000000000
0.0000000000000000
0.0000000000000000
0.0000000000000000
0.0000000000000000
0.0000000000000000
0.0000000000000000
0.0000000000000000
0.0000000000000000
0.0000000000000000
0.0000000000000000
0.0000000000000000
0.0000000000000000
0.0000000000000000
0.0000000000000000
0.0000000000000000
0.0000000000000000
0.0000000000000000
0.0000000000000000
0.0000000000000000
0.0000000000000000
0.0000000000000000
0.0000000000000000
0.0000000000000000
0.0000000000000000
0.0000000000000000
0.0000000000000000
0.0000000000000000
0.0000000000000000
0.0000000000000000
0.0000000000000000
0.0000000000000000
0.0000000000000000
0.0000000000000000
0.0000000000000000
0.0000000000000000
0.0000000000000000
0.0000000000000000
0.0000000000000000
0.0000000000000000
0.0000000000000000
0.0000000000000000
0.0000000000000000
0.0000000000000000
0.0000000000000000
0.0000000000000000
0.0000000000000000
0.0000000000000000
0.0000000000000000
0.0000000000000000
0.0000000000000000
0.0000000000000000
0.0000000000000000
0.0000000000000000
0.0000000000000000
0.0000000000000000
0.0000000000000000
0.0000000000000000
0.0000000000000000
0.0000000000000000
0.0000000000000000
0.0000000000000000
0.0000000000000000
0.0000000000000000
0.0000000000000000
0.0000000000000000
0.0000000000000000
0.0000000000000000
0.0000000000000000
0.0000000000000000
0.0000000000000000
0.0000000000000000
0.0000000000000000
0.0000000000000000
0.0000000000000000
0.0000000000000000
0.0000000000000000
0.0000000000000000
0.0000000000000000
0.0000000000000000
0.0000000000000000
0.0000000000000000
0.0000000000000000
0.0000000000000000
0.0000000000000000
0.0000000000000000
0.0000000000000000
0.0000000000000000
0.0000000000000000
0.0000000000000000
0.0000000000000000
0.0000000000000000
0.0000000000000000
0.0000000000000000
0.0000000000000000
0.0000000000000000
0.0000000000000000
0.0000000000000000
0.0000000000000000
0.0000000000000000
0.0000000000000000
0.0000000000000000
0.0000000000000000
0.0000000000000000
0.0000000000000000
0.0000000000000000
0.0000000000000000
0.0000000000000000
0.0000000000000000
0.0000000000000000
0.0000000000000000
0.0000000000000000
0.0000000000000000
0.0000000000000000
0.0000000000000000
0.0000000000000000
0.0000000000000000
0.0000000000000000
0.0000000000000000
0.0000000000000000
0.0000000000000000
0.0000000000000000
0.0000000000000000
0.0000000000000000
0.0000000000000000
0.0000000000000000
0.0000000000000000
0.0000000000000000
0.0000000000000000
0.0000000000000000
0.0000000000000000
0.0000000000000000
0.0000000000000000
0.0000000000000000
0.0000000000000000
0.0000000000000000
0.0000000000000000
0.0000000000000000
0.0000000000000000
0.0000000000000000
0.0000000000000000
0.0000000000000000
0.0000000000000000
0.0000000000000000
0.0000000000000000
0.0000000000000000
0.0000000000000000
0.0000000000000000
0.0000000000000000
0.0000000000000000
0.0000000000000000
0.0000000000000000
0.0000000000000000
0.0000000000000000
0.0000000000000000
0.0000000000000000
0.0000000000000000
0.0000000000000000
0.0000000000000000
0.0000000000000000
0.0000000000000000
0.0000000000000000
0.0000000000000000
0.0000000000000000
0.0000000000000000
0.0000000000000000
0.0000000000000000
0.0000000000000000
0.0000000000000000
0.0000000000000000
0.0000000000000000
0.0000000000000000
0.0000000000000000
0.0000000000000000
0.0000000000000000
0.0000000000000000
0.0000000000000000
0.0000000000000000
0.0000000000000000
0.0000000000000000
0.0000000000000000
0.0000000000000000
0.0000000000000000
0.0000000000000000
0.0000000000000000
0.0000000000000000
0.0000000000000000
0.0000000000000000
0.0000000000000000
0.0000000000000000
0.0000000000000000
0.0000000000000000
0.0000000000000000
0.0000000000000000
0.0000000000000000
0.0000000000000000
0.0000000000000000
0.0000000000000000
0.0000000000000000
0.0000000000000000
0.0000000000000000
0.0000000000000000
0.0000000000000000
0.0000000000000000
0.0000000000000000
0.0000000000000000
0.0000000000000000
0.0000000000000000
0.0000000000000000
0.0000000000000000
0.0000000000000000
0.0000000000000000
0.0000000000000000
0.0000000000000000
0.0000000000000000
0.0000000000000000
0.0000000000000000
0.0000000000000000
0.0000000000000000
0.0000000000000000
0.0000000000000000
0.0000000000000000
0.0000000000000000
0.0000000000000000
0.0000000000000000
0.0000000000000000
0.0000000000000000
0.0000000000000000
0.0000000000000000
0.0000000000000000
0.0000000000000000
0.0000000000000000
0.0000000000000000
0.0000000000000000
0.0000000000000000
0.0000000000000000
0.0000000000000000
0.0000000000000000
0.0000000000000000
0.0000000000000000
0.0000000000000000
0.0000000000000000
0.0000000000000000
0.0000000000000000
0.0000000000000000
0.0000000000000000
0.0000000000000000
0.0000000000000000
0.0000000000000000
0.0000000000000000
0.0000000000000000
0.0000000000000000
0.0000000000000000
0.0000000000000000
0.0000000000000000
0.0000000000000000
0.0000000000000000
0.0000000000000000
0.0000000000000000
0.0000000000000000
0.0000000000000000
0.0000000000000000
0.0000000000000000
0.0000000000000000
0.0000000000000000
0.0000000000000000
0.0000000000000000
0.0000000000000000
0.0000000000000000
0.0000000000000000
0.0000000000000000
0.0000000000000000
0.0000000000000000
0.0000000000000000
0.0000000000000000
0.0000000000000000
0.0000000000000000
0.0000000000000000
0.0000000000000000
0.0000000000000000
0.0000000000000000
0.0000000000000000
0.0000000000000000
0.0000000000000000
0.0000000000000000
0.0000000000000000
0.0000000000000000
0.0000000000000000
0.0000000000000000
0.0000000000000000
0.0000000000000000
0.0000000000000000
0.0000000000000000
0.0000000000000000
0.0000000000000000
0.0000000000000000
0.0000000000000000
0.0000000000000000
0.0000000000000000
0.0000000000000000
0.0000000000000000
0.0000000000000000
0.0000000000000000
0.0000000000000000
0.0000000000000000
0.0000000000000000
0.0000000000000000
0.0000000000000000
0.0000000000000000
0.0000000000000000
0.0000000000000000
0.0000000000000000
0.0000000000000000
0.0000000000000000
0.0000000000000000
0.0000000000000000
0.0000000000000000
0.0000000000000000
0.0000000000000000
0.0000000000000000
0.0000000000000000
0.0000000000000000
0.0000000000000000
0.0000000000000000
0.0000000000000000
0.0000000000000000
0.0000000000000000
0.0000000000000000
0.0000000000000000
0.0000000000000000
0.0000000000000000
0.0000000000000000
0.0000000000000000
0.0000000000000000
0.0000000000000000
0.0000000000000000
0.0000000000000000
0.0000000000000000
0.0000000000000000
0.0000000000000000
0.0000000000000000
0.0000000000000000
0.0000000000000000
0.0000000000000000
0.0000000000000000
0.0000000000000000
0.0000000000000000
0.0000000000000000
0.0000000000000000
0.0000000000000000
0.0000000000000000
0.0000000000000000
0.0000000000000000
0.0000000000000000
0.0000000000000000
0.0000000000000000
0.0000000000000000
0.0000000000000000
0.0000000000000000
0.0000000000000000
0.0000000000000000
0.0000000000000000
0.0000000000000000
0.0000000000000000
0.0000000000000000
0.0000000000000000
0.0000000000000000
0.0000000000000000
0.0000000000000000
0.0000000000000000
0.0000000000000000
0.0000000000000000
0.0000000000000000
0.0000000000000000
0.0000000000000000
0.0000000000000000
0.0000000000000000
0.0000000000000000
0.0000000000000000
0.0000000000000000
0.0000000000000000
0.0000000000000000
0.0000000000000000
0.0000000000000000
0.0000000000000000
0.0000000000000000
0.0000000000000000
0.0000000000000000
0.0000000000000000
0.0000000000000000
0.0000000000000000
0.0000000000000000
0.0000000000000000
0.0000000000000000
0.0000000000000000
0.0000000000000000
0.0000000000000000
0.0000000000000000
0.0000000000000000
0.0000000000000000
0.0000000000000000
0.0000000000000000
0.0000000000000000
0.0000000000000000
0.0000000000000000
0.0000000000000000
0.0000000000000000
0.0000000000000000
0.0000000000000000
0.0000000000000000
0.0000000000000000
0.0000000000000000
0.0000000000000000
0.0000000000000000
0.0000000000000000
0.0000000000000000
0.0000000000000000
0.0000000000000000
0.0000000000000000
0.0000000000000000
0.0000000000000000
0.0000000000000000
0.0000000000000000
0.0000000000000000
0.0000000000000000
0.0000000000000000
0.0000000000000000
0.0000000000000000
0.0000000000000000
0.0000000000000000
0.0000000000000000
0.0000000000000000
0.0000000000000000
0.0000000000000000
0.0000000000000000
0.0000000000000000
0.0000000000000000
0.0000000000000000
0.0000000000000000
0.0000000000000000
0.0000000000000000
0.0000000000000000
0.0000000000000000
0.0000000000000000
0.0000000000000000
0.0000000000000000
0.0000000000000000
0.0000000000000000
0.0000000000000000
0.0000000000000000
0.0000000000000000
0.0000000000000000
0.0000000000000000
0.0000000000000000
0.0000000000000000
0.0000000000000000
0.0000000000000000
0.0000000000000000
0.0000000000000000
0.0000000000000000
0.0000000000000000
0.0000000000000000
0.0000000000000000
0.0000000000000000
0.0000000000000000
0.0000000000000000
0.0000000000000000
0.0000000000000000
0.0000000000000000
0.0000000000000000
0.0000000000000000
0.0000000000000000
0.0000000000000000
0.0000000000000000
0.0000000000000000
0.0000000000000000
0.0000000000000000
0.0000000000000000
0.0000000000000000
0.0000000000000000
0.0000000000000000
0.0000000000000000
0.0000000000000000
0.0000000000000000
0.0000000000000000
0.0000000000000000
0.0000000000000000
0.0000000000000000
0.0000000000000000
0.0000000000000000
0.0000000000000000
0.0000000000000000
0.0000000000000000
0.0000000000000000
0.0000000000000000
0.0000000000000000
0.0000000000000000
0.0000000000000000
0.0000000000000000
0.0000000000000000
0.0000000000000000
0.0000000000000000
0.0000000000000000
0.0000000000000000
0.0000000000000000
0.0000000000000000
0.0000000000000000
0.0000000000000000
0.0000000000000000
0.0000000000000000
0.0000000000000000
0.0000000000000000
0.0000000000000000
0.0000000000000000
0.0000000000000000
0.0000000000000000
0.0000000000000000
0.0000000000000000
0.0000000000000000
0.0000000000000000
0.0000000000000000
0.0000000000000000
0.0000000000000000
0.0000000000000000
0.0000000000000000
0.0000000000000000
0.0000000000000000
0.0000000000000000
0.0000000000000000
0.0000000000000000
0.0000000000000000
0.0000000000000000
0.0000000000000000
0.0000000000000000
0.0000000000000000
0.0000000000000000
0.0000000000000000
0.0000000000000000
0.0000000000000000
0.0000000000000000
0.0000000000000000
0.0000000000000000
0.0000000000000000
0.0000000000000000
0.0000000000000000
0.0000000000000000
0.0000000000000000
0.0000000000000000
0.0000000000000000
0.0000000000000000
0.0000000000000000
0.0000000000000000
0.0000000000000000
0.0000000000000000
0.0000000000000000
0.0000000000000000
0.0000000000000000
0.0000000000000000
0.0000000000000000
0.0000000000000000
0.0000000000000000
0.0000000000000000
0.0000000000000000
0.0000000000000000
0.0000000000000000
0.0000000000000000
0.0000000000000000
0.0000000000000000
0.0000000000000000
0.0000000000000000
0.0000000000000000
0.0000000000000000
0.0000000000000000
0.0000000000000000
0.0000000000000000
0.0000000000000000
0.0000000000000000
0.0000000000000000
0.0000000000000000
0.0000000000000000
0.0000000000000000
0.0000000000000000
0.0000000000000000
0.0000000000000000
0.0000000000000000
0.0000000000000000
0.0000000000000000
0.0000000000000000
0.0000000000000000
0.0000000000000000
0.0000000000000000
0.0000000000000000
0.0000000000000000
0.0000000000000000
0.0000000000000000
0.0000000000000000
0.0000000000000000
0.0000000000000000
0.0000000000000000
0.0000000000000000
0.0000000000000000
0.0000000000000000
0.0000000000000000
0.0000000000000000
0.0000000000000000
0.0000000000000000
0.0000000000000000
0.0000000000000000
0.0000000000000000
0.0000000000000000
0.0000000000000000
0.0000000000000000
0.0000000000000000
0.0000000000000000
0.0000000000000000
0.0000000000000000
0.0000000000000000
0.0000000000000000
0.0000000000000000
0.0000000000000000
0.0000000000000000
0.0000000000000000
0.0000000000000000
0.0000000000000000
0.0000000000000000
0.0000000000000000
0.0000000000000000
0.0000000000000000
0.0000000000000000
0.0000000000000000
0.0000000000000000
0.0000000000000000
0.0000000000000000
0.0000000000000000
0.0000000000000000
0.0000000000000000
0.0000000000000000
0.0000000000000000
0.0000000000000000
0.0000000000000000
0.0000000000000000
0.0000000000000000
0.0000000000000000
0.0000000000000000
0.0000000000000000
0.0000000000000000
0.0000000000000000
0.0000000000000000
0.0000000000000000
0.0000000000000000
0.0000000000000000
0.0000000000000000
0.0000000000000000
0.0000000000000000
0.0000000000000000
0.0000000000000000
0.0000000000000000
0.0000000000000000
0.0000000000000000
0.0000000000000000
0.0000000000000000
0.0000000000000000
0.0000000000000000
0.0000000000000000
0.0000000000000000
0.0000000000000000
0.0000000000000000
0.0000000000000000
0.0000000000000000
0.0000000000000000
0.0000000000000000
0.0000000000000000
0.0000000000000000
0.0000000000000000
0.0000000000000000
0.0000000000000000
0.0000000000000000
0.0000000000000000
0.0000000000000000
0.0000000000000000
0.0000000000000000
0.0000000000000000
0.0000000000000000
0.0000000000000000
0.0000000000000000
0.0000000000000000
0.0000000000000000
0.0000000000000000
0.0000000000000000
0.0000000000000000
0.0000000000000000
0.0000000000000000
0.0000000000000000
0.0000000000000000
0.0000000000000000
0.0000000000000000
0.0000000000000000
0.0000000000000000
0.0000000000000000
0.0000000000000000
0.0000000000000000
0.0000000000000000
0.0000000000000000
0.0000000000000000
0.0000000000000000
0.0000000000000000
0.0000000000000000
0.0000000000000000
0.0000000000000000
0.0000000000000000
0.0000000000000000
0.0000000000000000
0.0000000000000000
0.0000000000000000
0.0000000000000000
0.0000000000000000
0.0000000000000000
0.0000000000000000
0.0000000000000000
0.0000000000000000
0.0000000000000000
0.0000000000000000
0.0000000000000000
0.0000000000000000
0.0000000000000000
0.0000000000000000
0.0000000000000000
0.0000000000000000
0.0000000000000000
0.0000000000000000
0.0000000000000000
0.0000000000000000
0.0000000000000000
0.0000000000000000
0.0000000000000000
0.0000000000000000
0.0000000000000000
0.0000000000000000
0.0000000000000000
0.0000000000000000
0.0000000000000000
0.0000000000000000
0.0000000000000000
0.0000000000000000
0.0000000000000000
0.0000000000000000
0.0000000000000000
0.0000000000000000
0.0000000000000000
0.0000000000000000
0.0000000000000000
0.0000000000000000
0.0000000000000000
0.0000000000000000
0.0000000000000000
0.0000000000000000
0.0000000000000000
0.0000000000000000
0.0000000000000000
0.0000000000000000
0.0000000000000000
0.0000000000000000
0.0000000000000000
0.0000000000000000
0.0000000000000000
0.0000000000000000
0.0000000000000000
0.0000000000000000
0.0000000000000000
0.0000000000000000
0.0000000000000000
0.0000000000000000
0.0000000000000000
0.0000000000000000
0.0000000000000000
0.0000000000000000
0.0000000000000000
0.0000000000000000
0.0000000000000000
0.0000000000000000
0.0000000000000000
0.0000000000000000
0.0000000000000000
0.0000000000000000
0.0000000000000000
0.0000000000000000
0.0000000000000000
0.0000000000000000
0.0000000000000000
0.0000000000000000
0.0000000000000000
0.0000000000000000
0.0000000000000000
0.0000000000000000
0.0000000000000000
0.0000000000000000
0.0000000000000000
0.0000000000000000
0.0000000000000000
0.0000000000000000
0.0000000000000000
0.0000000000000000
0.0000000000000000
0.0000000000000000
0.0000000000000000
0.0000000000000000
0.0000000000000000
0.0000000000000000
0.0000000000000000
0.0000000000000000
0.0000000000000000
0.0000000000000000
0.0000000000000000
0.0000000000000000
0.0000000000000000
0.0000000000000000
0.0000000000000000
0.0000000000000000
0.0000000000000000
0.0000000000000000
0.0000000000000000
0.0000000000000000
0.0000000000000000
0.0000000000000000
0.0000000000000000
0.0000000000000000
0.0000000000000000
0.0000000000000000
0.0000000000000000
0.0000000000000000
0.0000000000000000
0.0000000000000000
0.0000000000000000
0.0000000000000000
0.0000000000000000
0.0000000000000000
0.0000000000000000
0.0000000000000000
0.0000000000000000
0.0000000000000000
0.0000000000000000
0.0000000000000000
0.0000000000000000
0.0000000000000000
0.0000000000000000
0.0000000000000000
0.0000000000000000
0.0000000000000000
0.0000000000000000
0.0000000000000000
0.0000000000000000
0.0000000000000000
0.0000000000000000
0.0000000000000000
0.0000000000000000
0.0000000000000000
0.0000000000000000
0.0000000000000000
0.0000000000000000
0.0000000000000000
0.0000000000000000
0.0000000000000000
0.0000000000000000
0.0000000000000000
0.0000000000000000
0.0000000000000000
0.0000000000000000
0.0000000000000000
0.0000000000000000
0.0000000000000000
0.0000000000000000
0.0000000000000000
0.0000000000000000
0.0000000000000000
0.0000000000000000
0.0000000000000000
0.0000000000000000
0.0000000000000000
0.0000000000000000
0.0000000000000000
0.0000000000000000
0.0000000000000000
0.0000000000000000
0.0000000000000000
0.0000000000000000
0.0000000000000000
0.0000000000000000
0.0000000000000000
0.0000000000000000
0.0000000000000000
0.0000000000000000
0.0000000000000000
0.0000000000000000
0.0000000000000000
0.0000000000000000
0.0000000000000000
0.0000000000000000
0.0000000000000000
0.0000000000000000
0.0000000000000000
0.0000000000000000
0.0000000000000000
0.0000000000000000
0.0000000000000000
0.0000000000000000
0.0000000000000000
0.0000000000000000
0.0000000000000000
0.0000000000000000
0.0000000000000000
0.0000000000000000
0.0000000000000000
0.0000000000000000
0.0000000000000000
0.0000000000000000
0.0000000000000000
0.0000000000000000
0.0000000000000000
0.0000000000000000
0.0000000000000000
0.0000000000000000
0.0000000000000000
0.0000000000000000
0.0000000000000000
0.0000000000000000
0.0000000000000000
0.0000000000000000
0.0000000000000000
0.0000000000000000
0.0000000000000000
0.0000000000000000
0.0000000000000000
0.0000000000000000
0.0000000000000000
0.0000000000000000
0.0000000000000000
0.0000000000000000
0.0000000000000000
0.0000000000000000
0.0000000000000000
0.0000000000000000
0.0000000000000000
0.0000000000000000
0.0000000000000000
0.0000000000000000
0.0000000000000000
0.0000000000000000
0.0000000000000000
0.0000000000000000
0.0000000000000000
0.0000000000000000
0.0000000000000000
0.0000000000000000
0.0000000000000000
0.0000000000000000
0.0000000000000000
0.0000000000000000
0.0000000000000000
0.0000000000000000
0.0000000000000000
0.0000000000000000
0.0000000000000000
0.0000000000000000
0.0000000000000000
0.0000000000000000
0.0000000000000000
0.0000000000000000
0.0000000000000000
0.0000000000000000
0.0000000000000000
0.0000000000000000
0.0000000000000000
0.0000000000000000
0.0000000000000000
0.0000000000000000
0.0000000000000000
0.0000000000000000
0.0000000000000000
0.0000000000000000
0.0000000000000000
0.0000000000000000
0.0000000000000000
0.0000000000000000
0.0000000000000000
0.0000000000000000
0.0000000000000000
0.0000000000000000
0.0000000000000000
0.0000000000000000
0.0000000000000000
0.0000000000000000
0.0000000000000000
0.0000000000000000
0.0000000000000000
0.0000000000000000
0.0000000000000000
0.0000000000000000
0.0000000000000000
0.0000000000000000
0.0000000000000000
0.0000000000000000
0.0000000000000000
0.0000000000000000
0.0000000000000000
0.0000000000000000
0.0000000000000000
0.0000000000000000
0.0000000000000000
0.0000000000000000
0.0000000000000000
0.0000000000000000
0.0000000000000000
0.0000000000000000
0.0000000000000000
0.0000000000000000
0.0000000000000000
0.0000000000000000
0.0000000000000000
0.0000000000000000
0.0000000000000000
0.0000000000000000
0.0000000000000000
0.0000000000000000
0.0000000000000000
0.0000000000000000
0.0000000000000000
0.0000000000000000
0.0000000000000000
0.0000000000000000
0.0000000000000000
0.0000000000000000
0.0000000000000000
0.0000000000000000
0.0000000000000000
0.0000000000000000
0.0000000000000000
0.0000000000000000
0.0000000000000000
0.0000000000000000
0.0000000000000000
0.0000000000000000
0.0000000000000000
0.0000000000000000
0.0000000000000000
0.0000000000000000
0.0000000000000000
0.0000000000000000
0.0000000000000000
0.0000000000000000
0.0000000000000000
0.0000000000000000
0.0000000000000000
0.0000000000000000
0.0000000000000000
0.0000000000000000
0.0000000000000000
0.0000000000000000
0.0000000000000000
0.0000000000000000
0.0000000000000000
0.0000000000000000
0.0000000000000000
0.0000000000000000
0.0000000000000000
0.0000000000000000
0.0000000000000000
0.0000000000000000
0.0000000000000000
0.0000000000000000
0.0000000000000000
0.0000000000000000
0.0000000000000000
0.0000000000000000
0.0000000000000000
0.0000000000000000
0.0000000000000000
0.0000000000000000
0.0000000000000000
0.0000000000000000
0.0000000000000000
0.0000000000000000
0.0000000000000000
0.0000000000000000
0.0000000000000000
0.0000000000000000
0.0000000000000000
0.0000000000000000
0.0000000000000000
0.0000000000000000
0.0000000000000000
0.0000000000000000
0.0000000000000000
0.0000000000000000
0.0000000000000000
0.0000000000000000
0.0000000000000000
0.0000000000000000
0.0000000000000000
0.0000000000000000
0.0000000000000000
0.0000000000000000
0.0000000000000000
0.0000000000000000
0.0000000000000000
0.0000000000000000
0.0000000000000000
0.0000000000000000
0.0000000000000000
0.0000000000000000
0.0000000000000000
0.0000000000000000
0.0000000000000000
0.0000000000000000
0.0000000000000000
0.0000000000000000
0.0000000000000000
0.0000000000000000
0.0000000000000000
0.0000000000000000
0.0000000000000000
0.0000000000000000
0.0000000000000000
0.0000000000000000
0.0000000000000000
0.0000000000000000
0.0000000000000000
0.0000000000000000
0.0000000000000000
0.0000000000000000
0.0000000000000000
0.0000000000000000
0.0000000000000000
0.0000000000000000
0.0000000000000000
0.0000000000000000
0.0000000000000000
0.0000000000000000
0.0000000000000000
0.0000000000000000
0.0000000000000000
0.0000000000000000
0.0000000000000000
0.0000000000000000
0.0000000000000000
0.0000000000000000
0.0000000000000000
0.0000000000000000
0.0000000000000000
0.0000000000000000
0.0000000000000000
0.0000000000000000
0.0000000000000000
0.0000000000000000
0.0000000000000000
0.0000000000000000
0.0000000000000000
0.0000000000000000
0.0000000000000000
0.0000000000000000
0.0000000000000000
0.0000000000000000
0.0000000000000000
0.0000000000000000
0.0000000000000000
0.0000000000000000
0.0000000000000000
0.0000000000000000
0.0000000000000000
0.0000000000000000
0.0000000000000000
0.0000000000000000
0.0000000000000000
0.0000000000000000
0.0000000000000000
0.0000000000000000
0.0000000000000000
0.0000000000000000
0.0000000000000000
0.0000000000000000
0.0000000000000000
0.0000000000000000
0.0000000000000000
0.0000000000000000
0.0000000000000000
0.0000000000000000
0.0000000000000000
0.0000000000000000
0.0000000000000000
0.0000000000000000
0.0000000000000000
0.0000000000000000
0.0000000000000000
0.0000000000000000
0.0000000000000000
0.0000000000000000
0.0000000000000000
0.0000000000000000
0.0000000000000000
0.0000000000000000
0.0000000000000000
0.0000000000000000
0.0000000000000000
0.0000000000000000
0.0000000000000000
0.0000000000000000
0.0000000000000000
0.0000000000000000
0.0000000000000000
0.0000000000000000
0.0000000000000000
0.0000000000000000
0.0000000000000000
0.0000000000000000
0.0000000000000000
0.0000000000000000
0.0000000000000000
0.0000000000000000
0.0000000000000000
0.0000000000000000
0.0000000000000000
0.0000000000000000
0.0000000000000000
0.0000000000000000
0.0000000000000000
0.0000000000000000
0.0000000000000000
0.0000000000000000
0.0000000000000000
0.0000000000000000
0.0000000000000000
0.0000000000000000
0.0000000000000000
0.0000000000000000
0.0000000000000000
0.0000000000000000
0.0000000000000000
0.0000000000000000
0.0000000000000000
0.0000000000000000
0.0000000000000000
0.0000000000000000
0.0000000000000000
0.0000000000000000
0.0000000000000000
0.0000000000000000
0.0000000000000000
0.0000000000000000
0.0000000000000000
0.0000000000000000
0.0000000000000000
0.0000000000000000
0.0000000000000000
0.0000000000000000
0.0000000000000000
0.0000000000000000
0.0000000000000000
0.0000000000000000
0.0000000000000000
0.0000000000000000
0.0000000000000000
0.0000000000000000
0.0000000000000000
0.0000000000000000
0.0000000000000000
0.0000000000000000
0.0000000000000000
0.0000000000000000
0.0000000000000000
0.0000000000000000
0.0000000000000000
0.0000000000000000
0.0000000000000000
0.0000000000000000
0.0000000000000000
0.0000000000000000
0.0000000000000000
0.0000000000000000
0.0000000000000000
0.0000000000000000
0.0000000000000000
0.0000000000000000
0.0000000000000000
0.0000000000000000
0.0000000000000000
0.0000000000000000
0.0000000000000000
0.0000000000000000
0.0000000000000000
0.0000000000000000
0.0000000000000000
0.0000000000000000
0.0000000000000000
0.0000000000000000
0.0000000000000000
0.0000000000000000
0.0000000000000000
0.0000000000000000
0.0000000000000000
0.0000000000000000
0.0000000000000000
0.0000000000000000
0.0000000000000000
0.0000000000000000
0.0000000000000000
0.0000000000000000
0.0000000000000000
0.0000000000000000
0.0000000000000000
0.0000000000000000
0.0000000000000000
0.0000000000000000
0.0000000000000000
0.0000000000000000
0.0000000000000000
0.0000000000000000
0.0000000000000000
0.0000000000000000
0.0000000000000000
0.0000000000000000
0.0000000000000000
0.0000000000000000
0.0000000000000000
0.0000000000000000
0.0000000000000000
0.0000000000000000
0.0000000000000000
0.0000000000000000
0.0000000000000000
0.0000000000000000
0.0000000000000000
0.0000000000000000
0.0000000000000000
0.0000000000000000
0.0000000000000000
0.0000000000000000
0.0000000000000000
0.0000000000000000
0.0000000000000000
0.0000000000000000
0.0000000000000000
0.0000000000000000
0.0000000000000000
0.0000000000000000
0.0000000000000000
0.0000000000000000
0.0000000000000000
0.0000000000000000
0.0000000000000000
0.0000000000000000
0.0000000000000000
0.0000000000000000
0.0000000000000000
0.0000000000000000
0.0000000000000000
0.0000000000000000
0.0000000000000000
0.0000000000000000
0.0000000000000000
0.0000000000000000
0.0000000000000000
0.0000000000000000
0.0000000000000000
0.0000000000000000
0.0000000000000000
0.0000000000000000
0.0000000000000000
0.0000000000000000
0.0000000000000000
0.0000000000000000
0.0000000000000000
0.0000000000000000
0.0000000000000000
0.0000000000000000
0.0000000000000000
0.0000000000000000
0.0000000000000000
0.0000000000000000
0.0000000000000000
0.0000000000000000
0.0000000000000000
0.0000000000000000
0.0000000000000000
0.0000000000000000
0.0000000000000000
0.0000000000000000
0.0000000000000000
0.0000000000000000
0.0000000000000000
0.0000000000000000
0.0000000000000000
0.0000000000000000
0.0000000000000000
0.0000000000000000
0.0000000000000000
0.0000000000000000
0.0000000000000000
0.0000000000000000
0.0000000000000000
0.0000000000000000
0.0000000000000000
0.0000000000000000
0.0000000000000000
0.0000000000000000
0.0000000000000000
0.0000000000000000
0.0000000000000000
0.0000000000000000
0.0000000000000000
0.0000000000000000
0.0000000000000000
0.0000000000000000
0.0000000000000000
0.0000000000000000
0.0000000000000000
0.0000000000000000
0.0000000000000000
0.0000000000000000
0.0000000000000000
0.0000000000000000
0.0000000000000000
0.0000000000000000
0.0000000000000000
0.0000000000000000
0.0000000000000000
0.0000000000000000
0.0000000000000000
0.0000000000000000
0.0000000000000000
0.0000000000000000
0.0000000000000000
0.0000000000000000
0.0000000000000000
0.0000000000000000
0.0000000000000000
0.0000000000000000
0.0000000000000000
0.0000000000000000
0.0000000000000000
0.0000000000000000
0.0000000000000000
0.0000000000000000
0.0000000000000000
0.0000000000000000
0.0000000000000000
0.0000000000000000
0.0000000000000000
0.0000000000000000
0.0000000000000000
0.0000000000000000
0.0000000000000000
0.0000000000000000
0.0000000000000000
0.0000000000000000
0.0000000000000000
0.0000000000000000
0.0000000000000000
0.0000000000000000
0.0000000000000000
0.0000000000000000
0.0000000000000000
0.0000000000000000
0.0000000000000000
0.0000000000000000
0.0000000000000000
0.0000000000000000
0.0000000000000000
0.0000000000000000
0.0000000000000000
0.0000000000000000
0.0000000000000000
0.0000000000000000
0.0000000000000000
0.0000000000000000
0.0000000000000000
0.0000000000000000
0.0000000000000000
0.0000000000000000
0.0000000000000000
0.0000000000000000
0.0000000000000000
0.0000000000000000
0.0000000000000000
0.0000000000000000
0.0000000000000000
0.0000000000000000
0.0000000000000000
0.0000000000000000
0.0000000000000000
0.0000000000000000
0.0000000000000000
0.0000000000000000
0.0000000000000000
0.0000000000000000
0.0000000000000000
0.0000000000000000
0.0000000000000000
0.0000000000000000
0.0000000000000000
0.0000000000000000
0.0000000000000000
0.0000000000000000
0.0000000000000000
0.0000000000000000
0.0000000000000000
0.0000000000000000
0.0000000000000000
0.0000000000000000
0.0000000000000000
0.0000000000000000
0.0000000000000000
0.0000000000000000
0.0000000000000000
0.0000000000000000
0.0000000000000000
0.0000000000000000
0.0000000000000000
0.0000000000000000
0.0000000000000000
0.0000000000000000
0.0000000000000000
0.0000000000000000
0.0000000000000000
0.0000000000000000
0.0000000000000000
0.0000000000000000
0.0000000000000000
0.0000000000000000
0.0000000000000000
0.0000000000000000
0.0000000000000000
0.0000000000000000
0.0000000000000000
0.0000000000000000
0.0000000000000000
0.0000000000000000
0.0000000000000000
0.0000000000000000
0.0000000000000000
0.0000000000000000
0.0000000000000000
0.0000000000000000
0.0000000000000000
0.0000000000000000
0.0000000000000000
0.0000000000000000
0.0000000000000000
0.0000000000000000
0.0000000000000000
0.0000000000000000
0.0000000000000000
0.0000000000000000
0.0000000000000000
0.0000000000000000
0.0000000000000000
0.0000000000000000
0.0000000000000000
0.0000000000000000
0.0000000000000000
0.0000000000000000
0.0000000000000000
0.0000000000000000
0.0000000000000000
0.0000000000000000
0.0000000000000000
0.0000000000000000
0.0000000000000000
0.0000000000000000
0.0000000000000000
0.0000000000000000
0.0000000000000000
0.0000000000000000
0.0000000000000000
0.0000000000000000
0.0000000000000000
0.0000000000000000
0.0000000000000000
0.0000000000000000
0.0000000000000000
0.0000000000000000
0.0000000000000000
0.0000000000000000
0.0000000000000000
0.0000000000000000
0.0000000000000000
0.0000000000000000
0.0000000000000000
0.0000000000000000
0.0000000000000000
0.0000000000000000
0.0000000000000000
0.0000000000000000
0.0000000000000000
0.0000000000000000
0.0000000000000000
0.0000000000000000
0.0000000000000000
0.0000000000000000
0.0000000000000000
0.0000000000000000
0.0000000000000000
0.0000000000000000
0.0000000000000000
0.0000000000000000
0.0000000000000000
0.0000000000000000
0.0000000000000000
0.0000000000000000
0.0000000000000000
0.0000000000000000
0.0000000000000000
0.0000000000000000
0.0000000000000000
0.0000000000000000
0.0000000000000000
0.0000000000000000
0.0000000000000000
0.0000000000000000
0.0000000000000000
0.0000000000000000
0.0000000000000000
0.0000000000000000
0.0000000000000000
0.0000000000000000
0.0000000000000000
0.0000000000000000
0.0000000000000000
0.0000000000000000
0.0000000000000000
0.0000000000000000
0.0000000000000000
0.0000000000000000
0.0000000000000000
0.0000000000000000
0.0000000000000000
0.0000000000000000
0.0000000000000000
0.0000000000000000
0.0000000000000000
0.0000000000000000
0.0000000000000000
0.0000000000000000
0.0000000000000000
0.0000000000000000
0.0000000000000000
0.0000000000000000
0.0000000000000000
0.0000000000000000
0.0000000000000000
0.0000000000000000
0.0000000000000000
0.0000000000000000
0.0000000000000000
0.0000000000000000
0.0000000000000000
0.0000000000000000
0.0000000000000000
0.0000000000000000
0.0000000000000000
0.0000000000000000
0.0000000000000000
0.0000000000000000
0.0000000000000000
0.0000000000000000
0.0000000000000000
0.0000000000000000
0.0000000000000000
0.0000000000000000
0.0000000000000000
0.0000000000000000
0.0000000000000000
0.0000000000000000
0.0000000000000000
0.0000000000000000
0.0000000000000000
0.0000000000000000
0.0000000000000000
0.0000000000000000
0.0000000000000000
0.0000000000000000
0.0000000000000000
0.0000000000000000
0.0000000000000000
0.0000000000000000
0.0000000000000000
0.0000000000000000
0.0000000000000000
0.0000000000000000
0.0000000000000000
0.0000000000000000
0.0000000000000000
0.0000000000000000
0.0000000000000000
0.0000000000000000
0.0000000000000000
0.0000000000000000
0.0000000000000000
0.0000000000000000
0.0000000000000000
0.0000000000000000
0.0000000000000000
0.0000000000000000
0.0000000000000000
0.0000000000000000
0.0000000000000000
0.0000000000000000
0.0000000000000000
0.0000000000000000
0.0000000000000000
0.0000000000000000
0.0000000000000000
0.0000000000000000
0.0000000000000000
0.0000000000000000
0.0000000000000000
0.0000000000000000
0.0000000000000000
0.0000000000000000
0.0000000000000000
0.0000000000000000
0.0000000000000000
0.0000000000000000
0.0000000000000000
0.0000000000000000
0.0000000000000000
0.0000000000000000
0.0000000000000000
0.0000000000000000
0.0000000000000000
0.0000000000000000
0.0000000000000000
0.0000000000000000
0.0000000000000000
0.0000000000000000
0.0000000000000000
0.0000000000000000
0.0000000000000000
0.0000000000000000
0.0000000000000000
0.0000000000000000
0.0000000000000000
0.0000000000000000
0.0000000000000000
0.0000000000000000
0.0000000000000000
0.0000000000000000
0.0000000000000000
0.0000000000000000
0.0000000000000000
0.0000000000000000
0.0000000000000000
0.0000000000000000
0.0000000000000000
0.0000000000000000
0.0000000000000000
0.0000000000000000
0.0000000000000000
0.0000000000000000
0.0000000000000000
0.0000000000000000
0.0000000000000000
0.0000000000000000
0.0000000000000000
0.0000000000000000
0.0000000000000000
0.0000000000000000
0.0000000000000000
0.0000000000000000
0.0000000000000000
0.0000000000000000
0.0000000000000000
0.0000000000000000
0.0000000000000000
0.0000000000000000
0.0000000000000000
0.0000000000000000
0.0000000000000000
0.0000000000000000
0.0000000000000000
0.0000000000000000
0.0000000000000000
0.0000000000000000
0.0000000000000000
0.0000000000000000
0.0000000000000000
0.0000000000000000
0.0000000000000000
0.0000000000000000
0.0000000000000000
0.0000000000000000
0.0000000000000000
0.0000000000000000
0.0000000000000000
0.0000000000000000
0.0000000000000000
0.0000000000000000
0.0000000000000000
0.0000000000000000
0.0000000000000000
0.0000000000000000
0.0000000000000000
0.0000000000000000
0.0000000000000000
0.0000000000000000
0.0000000000000000
0.0000000000000000
0.0000000000000000
0.0000000000000000
0.0000000000000000
0.0000000000000000
0.0000000000000000
0.0000000000000000
0.0000000000000000
0.0000000000000000
0.0000000000000000
0.0000000000000000
0.0000000000000000
0.0000000000000000
0.0000000000000000
0.0000000000000000
0.0000000000000000
0.0000000000000000
0.0000000000000000
0.0000000000000000
0.0000000000000000
0.0000000000000000
0.0000000000000000
0.0000000000000000
0.0000000000000000
0.0000000000000000
0.0000000000000000
0.0000000000000000
0.0000000000000000
0.0000000000000000
0.0000000000000000
0.0000000000000000
0.0000000000000000
0.0000000000000000
0.0000000000000000
0.0000000000000000
0.0000000000000000
0.0000000000000000
0.0000000000000000
0.0000000000000000
0.0000000000000000
0.0000000000000000
0.0000000000000000
0.0000000000000000
0.0000000000000000
0.0000000000000000
0.0000000000000000
0.0000000000000000
0.0000000000000000
0.0000000000000000
0.0000000000000000
0.0000000000000000
0.0000000000000000
0.0000000000000000
0.0000000000000000
0.0000000000000000
0.0000000000000000
0.0000000000000000
0.0000000000000000
0.0000000000000000
0.0000000000000000
0.0000000000000000
0.0000000000000000
0.0000000000000000
0.0000000000000000
0.0000000000000000
0.0000000000000000
0.0000000000000000
0.0000000000000000
0.0000000000000000
0.0000000000000000
0.0000000000000000
0.0000000000000000
0.0000000000000000
0.0000000000000000
0.0000000000000000
0.0000000000000000
0.0000000000000000
0.0000000000000000
0.0000000000000000
0.0000000000000000
0.0000000000000000
0.0000000000000000
0.0000000000000000
0.0000000000000000
0.0000000000000000
0.0000000000000000
0.0000000000000000
0.0000000000000000
0.0000000000000000
0.0000000000000000
0.0000000000000000
0.0000000000000000
0.0000000000000000
0.0000000000000000
0.0000000000000000
0.0000000000000000
0.0000000000000000
0.0000000000000000
0.0000000000000000
0.0000000000000000
0.0000000000000000
0.0000000000000000
0.0000000000000000
0.0000000000000000
0.0000000000000000
0.0000000000000000
0.0000000000000000
0.0000000000000000
0.0000000000000000
0.0000000000000000
0.0000000000000000
0.0000000000000000
0.0000000000000000
0.0000000000000000
0.0000000000000000
0.0000000000000000
0.0000000000000000
0.0000000000000000
0.0000000000000000
0.0000000000000000
0.0000000000000000
0.0000000000000000
0.0000000000000000
0.0000000000000000
0.0000000000000000
0.0000000000000000
0.0000000000000000
0.0000000000000000
0.0000000000000000
0.0000000000000000
0.0000000000000000
0.0000000000000000
0.0000000000000000
0.0000000000000000
0.0000000000000000
0.0000000000000000
0.0000000000000000
0.0000000000000000
0.0000000000000000
0.0000000000000000
0.0000000000000000
0.0000000000000000
0.0000000000000000
0.0000000000000000
0.0000000000000000
0.0000000000000000
0.0000000000000000
0.0000000000000000
0.0000000000000000
0.0000000000000000
0.0000000000000000
0.0000000000000000
0.0000000000000000
0.0000000000000000
0.0000000000000000
0.0000000000000000
0.0000000000000000
0.0000000000000000
0.0000000000000000
0.0000000000000000
0.0000000000000000
0.0000000000000000
0.0000000000000000
0.0000000000000000
0.0000000000000000
0.0000000000000000
0.0000000000000000
0.0000000000000000
0.0000000000000000
0.0000000000000000
0.0000000000000000
0.0000000000000000
0.0000000000000000
0.0000000000000000
0.0000000000000000
0.0000000000000000
0.0000000000000000
0.0000000000000000
0.0000000000000000
0.0000000000000000
0.0000000000000000
0.0000000000000000
0.0000000000000000
0.0000000000000000
0.0000000000000000
0.0000000000000000
0.0000000000000000
0.0000000000000000
0.0000000000000000
0.0000000000000000
0.0000000000000000
0.0000000000000000
0.0000000000000000
0.0000000000000000
0.0000000000000000
0.0000000000000000
0.0000000000000000
0.0000000000000000
0.0000000000000000
0.0000000000000000
0.0000000000000000
0.0000000000000000
0.0000000000000000
0.0000000000000000
0.0000000000000000
0.0000000000000000
0.0000000000000000
0.0000000000000000
0.0000000000000000
0.0000000000000000
0.0000000000000000
0.0000000000000000
0.0000000000000000
0.0000000000000000
0.0000000000000000
0.0000000000000000
0.0000000000000000
0.0000000000000000
0.0000000000000000
0.0000000000000000
0.0000000000000000
0.0000000000000000
0.0000000000000000
0.0000000000000000
0.0000000000000000
0.0000000000000000
0.0000000000000000
0.0000000000000000
0.0000000000000000
0.0000000000000000
0.0000000000000000
0.0000000000000000
0.0000000000000000
0.0000000000000000
0.0000000000000000
0.0000000000000000
0.0000000000000000
0.0000000000000000
0.0000000000000000
0.0000000000000000
0.0000000000000000
0.0000000000000000
0.0000000000000000
0.0000000000000000
0.0000000000000000
0.0000000000000000
0.0000000000000000
0.0000000000000000
0.0000000000000000
0.0000000000000000
0.0000000000000000
0.0000000000000000
0.0000000000000000
0.0000000000000000
0.0000000000000000
0.0000000000000000
0.0000000000000000
0.0000000000000000
0.0000000000000000
0.0000000000000000
0.0000000000000000
0.0000000000000000
0.0000000000000000
0.0000000000000000
0.0000000000000000
0.0000000000000000
0.0000000000000000
0.0000000000000000
0.0000000000000000
0.0000000000000000
0.0000000000000000
0.0000000000000000
0.0000000000000000
0.0000000000000000
0.0000000000000000
0.0000000000000000
0.0000000000000000
0.0000000000000000
0.0000000000000000
0.0000000000000000
0.0000000000000000
0.0000000000000000
0.0000000000000000
0.0000000000000000
0.0000000000000000
0.0000000000000000
0.0000000000000000
0.0000000000000000
0.0000000000000000
0.0000000000000000
0.0000000000000000
0.0000000000000000
0.0000000000000000
0.0000000000000000
0.0000000000000000
0.0000000000000000
0.0000000000000000
0.0000000000000000
0.0000000000000000
0.0000000000000000
0.0000000000000000
0.0000000000000000
0.0000000000000000
0.0000000000000000
0.0000000000000000
0.0000000000000000
0.0000000000000000
0.0000000000000000
0.0000000000000000
0.0000000000000000
0.0000000000000000
0.0000000000000000
0.0000000000000000
0.0000000000000000
0.0000000000000000
0.0000000000000000
0.0000000000000000
0.0000000000000000
0.0000000000000000
0.0000000000000000
0.0000000000000000
0.0000000000000000
0.0000000000000000
0.0000000000000000
0.0000000000000000
0.0000000000000000
0.0000000000000000
0.0000000000000000
0.0000000000000000
0.0000000000000000
0.0000000000000000
0.0000000000000000
0.0000000000000000
0.0000000000000000
0.0000000000000000
0.0000000000000000
0.0000000000000000
0.0000000000000000
0.0000000000000000
0.0000000000000000
0.0000000000000000
0.0000000000000000
0.0000000000000000
0.0000000000000000
0.0000000000000000
0.0000000000000000
0.0000000000000000
0.0000000000000000
0.0000000000000000
0.0000000000000000
0.0000000000000000
0.0000000000000000
0.0000000000000000
0.0000000000000000
0.0000000000000000
0.0000000000000000
0.0000000000000000
0.0000000000000000
0.0000000000000000
0.0000000000000000
0.0000000000000000
0.0000000000000000
0.0000000000000000
0.0000000000000000
0.0000000000000000
0.0000000000000000
0.0000000000000000
0.0000000000000000
0.0000000000000000
0.0000000000000000
0.0000000000000000
0.0000000000000000
0.0000000000000000
0.0000000000000000
0.0000000000000000
0.0000000000000000
0.0000000000000000
0.0000000000000000
0.0000000000000000
0.0000000000000000
0.0000000000000000
0.0000000000000000
0.0000000000000000
0.0000000000000000
0.0000000000000000
0.0000000000000000
0.0000000000000000
0.0000000000000000
0.0000000000000000
0.0000000000000000
0.0000000000000000
0.0000000000000000
0.0000000000000000
0.0000000000000000
0.0000000000000000
0.0000000000000000
0.0000000000000000
0.0000000000000000
0.0000000000000000
0.0000000000000000
0.0000000000000000
0.0000000000000000
0.0000000000000000
0.0000000000000000
0.0000000000000000
0.0000000000000000
0.0000000000000000
0.0000000000000000
0.0000000000000000
0.0000000000000000
0.0000000000000000
0.0000000000000000
0.0000000000000000
0.0000000000000000
0.0000000000000000
0.0000000000000000
0.0000000000000000
0.0000000000000000
0.0000000000000000
0.0000000000000000
0.0000000000000000
0.0000000000000000
0.0000000000000000
0.0000000000000000
0.0000000000000000
0.0000000000000000
0.0000000000000000
0.0000000000000000
0.0000000000000000
0.0000000000000000
0.0000000000000000
0.0000000000000000
0.0000000000000000
0.0000000000000000
0.0000000000000000
0.0000000000000000
0.0000000000000000
0.0000000000000000
0.0000000000000000
0.0000000000000000
0.0000000000000000
0.0000000000000000
0.0000000000000000
0.0000000000000000
0.0000000000000000
0.0000000000000000
0.0000000000000000
0.0000000000000000
0.0000000000000000
0.0000000000000000
0.0000000000000000
0.0000000000000000
0.0000000000000000
0.0000000000000000
0.0000000000000000
0.0000000000000000
0.0000000000000000
0.0000000000000000
0.0000000000000000
0.0000000000000000
0.0000000000000000
0.0000000000000000
0.0000000000000000
0.0000000000000000
0.0000000000000000
0.0000000000000000
0.0000000000000000
0.0000000000000000
0.0000000000000000
0.0000000000000000
0.0000000000000000
0.0000000000000000
0.0000000000000000
0.0000000000000000
0.0000000000000000
0.0000000000000000
0.0000000000000000
0.0000000000000000
0.0000000000000000
0.0000000000000000
0.0000000000000000
0.0000000000000000
0.0000000000000000
0.0000000000000000
0.0000000000000000
0.0000000000000000
0.0000000000000000
0.0000000000000000
0.0000000000000000
0.0000000000000000
0.0000000000000000
0.0000000000000000
0.0000000000000000
0.0000000000000000
0.0000000000000000
0.0000000000000000
0.0000000000000000
0.0000000000000000
0.0000000000000000
0.0000000000000000
0.0000000000000000
0.0000000000000000
0.0000000000000000
0.0000000000000000
0.0000000000000000
0.0000000000000000
0.0000000000000000
0.0000000000000000
0.0000000000000000
0.0000000000000000
0.0000000000000000
0.0000000000000000
0.0000000000000000
0.0000000000000000
0.0000000000000000
0.0000000000000000
0.0000000000000000
0.0000000000000000
0.0000000000000000
0.0000000000000000
0.0000000000000000
0.0000000000000000
0.0000000000000000
0.0000000000000000
0.0000000000000000
0.0000000000000000
0.0000000000000000
0.0000000000000000
0.0000000000000000
0.0000000000000000
0.0000000000000000
0.0000000000000000
0.0000000000000000
0.0000000000000000
0.0000000000000000
0.0000000000000000
0.0000000000000000
0.0000000000000000
0.0000000000000000
0.0000000000000000
0.0000000000000000
0.0000000000000000
0.0000000000000000
0.0000000000000000
0.0000000000000000
0.0000000000000000
0.0000000000000000
0.0000000000000000
0.0000000000000000
0.0000000000000000
0.0000000000000000
0.0000000000000000
0.0000000000000000
0.0000000000000000
0.0000000000000000
0.0000000000000000
0.0000000000000000
0.0000000000000000
0.0000000000000000
0.0000000000000000
0.0000000000000000
0.0000000000000000
0.0000000000000000
0.0000000000000000
0.0000000000000000
0.0000000000000000
0.0000000000000000
0.0000000000000000
0.0000000000000000
0.0000000000000000
0.0000000000000000
0.0000000000000000
0.0000000000000000
0.0000000000000000
0.0000000000000000
0.0000000000000000
0.0000000000000000
0.0000000000000000
0.0000000000000000
0.0000000000000000
0.0000000000000000
0.0000000000000000
0.0000000000000000
0.0000000000000000
0.0000000000000000
0.0000000000000000
0.0000000000000000
0.0000000000000000
0.0000000000000000
0.0000000000000000
0.0000000000000000
0.0000000000000000
0.0000000000000000
0.0000000000000000
0.0000000000000000
0.0000000000000000
0.0000000000000000
0.0000000000000000
0.0000000000000000
0.0000000000000000
0.0000000000000000
0.0000000000000000
0.0000000000000000
0.0000000000000000
0.0000000000000000
0.0000000000000000
0.0000000000000000
0.0000000000000000
0.0000000000000000
0.0000000000000000
0.0000000000000000
0.0000000000000000
0.0000000000000000
0.0000000000000000
0.0000000000000000
0.0000000000000000
0.0000000000000000
0.0000000000000000
0.0000000000000000
0.0000000000000000
0.0000000000000000
0.0000000000000000
0.0000000000000000
0.0000000000000000
0.0000000000000000
0.0000000000000000
0.0000000000000000
0.0000000000000000
0.0000000000000000
0.0000000000000000
0.0000000000000000
0.0000000000000000
0.0000000000000000
0.0000000000000000
0.0000000000000000
0.0000000000000000
0.0000000000000000
0.0000000000000000
0.0000000000000000
0.0000000000000000
0.0000000000000000
0.0000000000000000
0.0000000000000000
0.0000000000000000
0.0000000000000000
0.0000000000000000
0.0000000000000000
0.0000000000000000
0.0000000000000000
0.0000000000000000
0.0000000000000000
0.0000000000000000
0.0000000000000000
0.0000000000000000
0.0000000000000000
0.0000000000000000
0.0000000000000000
0.0000000000000000
0.0000000000000000
0.0000000000000000
0.0000000000000000
0.0000000000000000
0.0000000000000000
0.0000000000000000
0.0000000000000000
0.0000000000000000
0.0000000000000000
0.0000000000000000
0.0000000000000000
0.0000000000000000
0.0000000000000000
0.0000000000000000
0.0000000000000000
0.0000000000000000
0.0000000000000000
0.0000000000000000
0.0000000000000000
0.0000000000000000
0.0000000000000000
0.0000000000000000
0.0000000000000000
0.0000000000000000
0.0000000000000000
0.0000000000000000
0.0000000000000000
0.0000000000000000
0.0000000000000000
0.0000000000000000
0.0000000000000000
0.0000000000000000
0.0000000000000000
0.0000000000000000
0.0000000000000000
0.0000000000000000
0.0000000000000000
0.0000000000000000
0.0000000000000000
0.0000000000000000
0.0000000000000000
0.0000000000000000
0.0000000000000000
0.0000000000000000
0.0000000000000000
0.0000000000000000
0.0000000000000000
0.0000000000000000
0.0000000000000000
0.0000000000000000
0.0000000000000000
0.0000000000000000
0.0000000000000000
0.0000000000000000
0.0000000000000000
0.0000000000000000
0.0000000000000000
0.0000000000000000
0.0000000000000000
0.0000000000000000
0.0000000000000000
0.0000000000000000
0.0000000000000000
0.0000000000000000
0.0000000000000000
0.0000000000000000
0.0000000000000000
0.0000000000000000
0.0000000000000000
0.0000000000000000
0.0000000000000000
0.0000000000000000
0.0000000000000000
0.0000000000000000
0.0000000000000000
0.0000000000000000
0.0000000000000000
0.0000000000000000
0.0000000000000000
0.0000000000000000
0.0000000000000000
0.0000000000000000
0.0000000000000000
0.0000000000000000
0.0000000000000000
0.0000000000000000
0.0000000000000000
0.0000000000000000
0.0000000000000000
0.0000000000000000
0.0000000000000000
0.0000000000000000
0.0000000000000000
0.0000000000000000
0.0000000000000000
0.0000000000000000
0.0000000000000000
0.0000000000000000
0.0000000000000000
0.0000000000000000
0.0000000000000000
0.0000000000000000
0.0000000000000000
0.0000000000000000
0.0000000000000000
0.0000000000000000
0.0000000000000000
0.0000000000000000
0.0000000000000000
0.0000000000000000
0.0000000000000000
0.0000000000000000
0.0000000000000000
0.0000000000000000
0.0000000000000000
0.0000000000000000
0.0000000000000000
0.0000000000000000
0.0000000000000000
0.0000000000000000
0.0000000000000000
0.0000000000000000
0.0000000000000000
0.0000000000000000
0.0000000000000000
0.0000000000000000
0.0000000000000000
0.0000000000000000
0.0000000000000000
0.0000000000000000
0.0000000000000000
0.0000000000000000
0.0000000000000000
0.0000000000000000
0.0000000000000000
0.0000000000000000
0.0000000000000000
0.0000000000000000
0.0000000000000000
0.0000000000000000
0.0000000000000000
0.0000000000000000
0.0000000000000000
0.0000000000000000
0.0000000000000000
0.0000000000000000
0.0000000000000000
0.0000000000000000
0.0000000000000000
0.0000000000000000
0.0000000000000000
0.0000000000000000
0.0000000000000000
0.0000000000000000
0.0000000000000000
0.0000000000000000
0.0000000000000000
0.0000000000000000
0.0000000000000000
0.0000000000000000
0.0000000000000000
0.0000000000000000
0.0000000000000000
0.0000000000000000
0.0000000000000000
0.0000000000000000
0.0000000000000000
0.0000000000000000
0.0000000000000000
0.0000000000000000
0.0000000000000000
0.0000000000000000
0.0000000000000000
0.0000000000000000
0.0000000000000000
0.0000000000000000
0.0000000000000000
0.0000000000000000
0.0000000000000000
0.0000000000000000
0.0000000000000000
0.0000000000000000
0.0000000000000000
0.0000000000000000
0.0000000000000000
0.0000000000000000
0.0000000000000000
0.0000000000000000
0.0000000000000000
0.0000000000000000
0.0000000000000000
0.0000000000000000
0.0000000000000000
0.0000000000000000
0.0000000000000000
0.0000000000000000
0.0000000000000000
0.0000000000000000
0.0000000000000000
0.0000000000000000
0.0000000000000000
0.0000000000000000
0.0000000000000000
0.0000000000000000
0.0000000000000000
0.0000000000000000
0.0000000000000000
0.0000000000000000
0.0000000000000000
0.0000000000000000
0.0000000000000000
0.0000000000000000
0.0000000000000000
0.0000000000000000
0.0000000000000000
0.0000000000000000
0.0000000000000000
0.0000000000000000
0.0000000000000000
0.0000000000000000
0.0000000000000000
0.0000000000000000
0.0000000000000000
0.0000000000000000
0.0000000000000000
0.0000000000000000
0.0000000000000000
0.0000000000000000
0.0000000000000000
0.0000000000000000
0.0000000000000000
0.0000000000000000
0.0000000000000000
0.0000000000000000
0.0000000000000000
0.0000000000000000
0.0000000000000000
0.0000000000000000
0.0000000000000000
0.0000000000000000
0.0000000000000000
0.0000000000000000
0.0000000000000000
0.0000000000000000
0.0000000000000000
0.0000000000000000
0.0000000000000000
0.0000000000000000
0.0000000000000000
0.0000000000000000
0.0000000000000000
0.0000000000000000
0.0000000000000000
0.0000000000000000
0.0000000000000000
0.0000000000000000
0.0000000000000000
0.0000000000000000
0.0000000000000000
0.0000000000000000
0.0000000000000000
0.0000000000000000
0.0000000000000000
0.0000000000000000
0.0000000000000000
0.0000000000000000
0.0000000000000000
0.0000000000000000
0.0000000000000000
0.0000000000000000
0.0000000000000000
0.0000000000000000
0.0000000000000000
0.0000000000000000
0.0000000000000000
0.0000000000000000
0.0000000000000000
0.0000000000000000
0.0000000000000000
0.0000000000000000
0.0000000000000000
0.0000000000000000
0.0000000000000000
0.0000000000000000
0.0000000000000000
0.0000000000000000
0.0000000000000000
0.0000000000000000
0.0000000000000000
0.0000000000000000
0.0000000000000000
0.0000000000000000
0.0000000000000000
0.0000000000000000
0.0000000000000000
0.0000000000000000
0.0000000000000000
0.0000000000000000
0.0000000000000000
0.0000000000000000
0.0000000000000000
0.0000000000000000
0.0000000000000000
0.0000000000000000
0.0000000000000000
0.0000000000000000
0.0000000000000000
0.0000000000000000
0.0000000000000000
0.0000000000000000
0.0000000000000000
0.0000000000000000
0.0000000000000000
0.0000000000000000
0.0000000000000000
0.0000000000000000
0.0000000000000000
0.0000000000000000
0.0000000000000000
0.0000000000000000
0.0000000000000000
0.0000000000000000
0.0000000000000000
0.0000000000000000
0.0000000000000000
0.0000000000000000
0.0000000000000000
0.0000000000000000
0.0000000000000000
0.0000000000000000
0.0000000000000000
0.0000000000000000
0.0000000000000000
0.0000000000000000
0.0000000000000000
0.0000000000000000
0.0000000000000000
0.0000000000000000
0.0000000000000000
0.0000000000000000
0.0000000000000000
0.0000000000000000
0.0000000000000000
0.0000000000000000
0.0000000000000000
0.0000000000000000
0.0000000000000000
0.0000000000000000
0.0000000000000000
0.0000000000000000
0.0000000000000000
0.0000000000000000
0.0000000000000000
0.0000000000000000
0.0000000000000000
0.0000000000000000
0.0000000000000000
0.0000000000000000
0.0000000000000000
0.0000000000000000
0.0000000000000000
0.0000000000000000
0.0000000000000000
0.0000000000000000
0.0000000000000000
0.0000000000000000
0.0000000000000000
0.0000000000000000
0.0000000000000000
0.0000000000000000
0.0000000000000000
0.0000000000000000
0.0000000000000000
0.0000000000000000
0.0000000000000000
0.0000000000000000
0.0000000000000000
0.0000000000000000
0.0000000000000000
0.0000000000000000
0.0000000000000000
0.0000000000000000
0.0000000000000000
0.0000000000000000
0.0000000000000000
0.0000000000000000
0.0000000000000000
0.0000000000000000
0.0000000000000000
0.0000000000000000
0.0000000000000000
0.0000000000000000
0.0000000000000000
0.0000000000000000
0.0000000000000000
0.0000000000000000
0.0000000000000000
0.0000000000000000
0.0000000000000000
0.0000000000000000
0.0000000000000000
0.0000000000000000
0.0000000000000000
0.0000000000000000
0.0000000000000000
0.0000000000000000
0.0000000000000000
0.0000000000000000
0.0000000000000000
0.0000000000000000
0.0000000000000000
0.0000000000000000
0.0000000000000000
0.0000000000000000
0.0000000000000000
0.0000000000000000
0.0000000000000000
0.0000000000000000
0.0000000000000000
0.0000000000000000
0.0000000000000000
0.0000000000000000
0.0000000000000000
0.0000000000000000
0.0000000000000000
0.0000000000000000
0.0000000000000000
0.0000000000000000
0.0000000000000000
0.0000000000000000
0.0000000000000000
0.0000000000000000
0.0000000000000000
0.0000000000000000
0.0000000000000000
0.0000000000000000
0.0000000000000000
0.0000000000000000
0.0000000000000000
0.0000000000000000
0.0000000000000000
0.0000000000000000
0.0000000000000000
0.0000000000000000
0.0000000000000000
0.0000000000000000
0.0000000000000000
0.0000000000000000
0.0000000000000000
0.0000000000000000
0.0000000000000000
0.0000000000000000
0.0000000000000000
0.0000000000000000
0.0000000000000000
0.0000000000000000
0.0000000000000000
0.0000000000000000
0.0000000000000000
0.0000000000000000
0.0000000000000000
0.0000000000000000
0.0000000000000000
0.0000000000000000
0.0000000000000000
0.0000000000000000
0.0000000000000000
0.0000000000000000
0.0000000000000000
0.0000000000000000
0.0000000000000000
0.0000000000000000
0.0000000000000000
0.0000000000000000
0.0000000000000000
0.0000000000000000
0.0000000000000000
0.0000000000000000
0.0000000000000000
0.0000000000000000
0.0000000000000000
0.0000000000000000
0.0000000000000000
0.0000000000000000
0.0000000000000000
0.0000000000000000
0.0000000000000000
0.0000000000000000
0.0000000000000000
0.0000000000000000
0.0000000000000000
0.0000000000000000
0.0000000000000000
0.0000000000000000
0.0000000000000000
0.0000000000000000
0.0000000000000000
0.0000000000000000
0.0000000000000000
0.0000000000000000
0.0000000000000000
0.0000000000000000
0.0000000000000000
0.0000000000000000
0.0000000000000000
0.0000000000000000
0.0000000000000000
0.0000000000000000
0.0000000000000000
0.0000000000000000
0.0000000000000000
0.0000000000000000
0.0000000000000000
0.0000000000000000
0.0000000000000000
0.0000000000000000
0.0000000000000000
0.0000000000000000
0.0000000000000000
0.0000000000000000
0.0000000000000000
0.0000000000000000
0.0000000000000000
0.0000000000000000
0.0000000000000000
0.0000000000000000
0.0000000000000000
0.0000000000000000
0.0000000000000000
0.0000000000000000
0.0000000000000000
0.0000000000000000
0.0000000000000000
0.0000000000000000
0.0000000000000000
0.0000000000000000
0.0000000000000000
0.0000000000000000
0.0000000000000000
0.0000000000000000
0.0000000000000000
0.0000000000000000
0.0000000000000000
0.0000000000000000
0.0000000000000000
0.0000000000000000
0.0000000000000000
0.0000000000000000
0.0000000000000000
0.0000000000000000
0.0000000000000000
0.0000000000000000
0.0000000000000000
0.0000000000000000
0.0000000000000000
0.0000000000000000
0.0000000000000000
0.0000000000000000
0.0000000000000000
0.0000000000000000
0.0000000000000000
0.0000000000000000
0.0000000000000000
0.0000000000000000
0.0000000000000000
0.0000000000000000
0.0000000000000000
0.0000000000000000
0.0000000000000000
0.0000000000000000
0.0000000000000000
0.0000000000000000
0.0000000000000000
0.0000000000000000
0.0000000000000000
0.0000000000000000
0.0000000000000000
0.0000000000000000
0.0000000000000000
0.0000000000000000
0.0000000000000000
0.0000000000000000
0.0000000000000000
0.0000000000000000
0.0000000000000000
0.0000000000000000
0.0000000000000000
0.0000000000000000
0.0000000000000000
0.0000000000000000
0.0000000000000000
0.0000000000000000
0.0000000000000000
0.0000000000000000
0.0000000000000000
0.0000000000000000
0.0000000000000000
0.0000000000000000
0.0000000000000000
0.0000000000000000
0.0000000000000000
0.0000000000000000
0.0000000000000000
0.0000000000000000
0.0000000000000000
0.0000000000000000
0.0000000000000000
0.0000000000000000
0.0000000000000000
0.0000000000000000
0.0000000000000000
0.0000000000000000
0.0000000000000000
0.0000000000000000
0.0000000000000000
0.0000000000000000
0.0000000000000000
0.0000000000000000
0.0000000000000000
0.0000000000000000
0.0000000000000000
0.0000000000000000
0.0000000000000000
0.0000000000000000
0.0000000000000000
0.0000000000000000
0.0000000000000000
0.0000000000000000
0.0000000000000000
0.0000000000000000
0.0000000000000000
0.0000000000000000
0.0000000000000000
0.0000000000000000
0.0000000000000000
0.0000000000000000
0.0000000000000000
0.0000000000000000
0.0000000000000000
0.0000000000000000
0.0000000000000000
0.0000000000000000
0.0000000000000000
0.0000000000000000
0.0000000000000000
0.0000000000000000
0.0000000000000000
0.0000000000000000
0.0000000000000000
0.0000000000000000
0.0000000000000000
0.0000000000000000
0.0000000000000000
0.0000000000000000
0.0000000000000000
0.0000000000000000
0.0000000000000000
0.0000000000000000
0.0000000000000000
0.0000000000000000
0.0000000000000000
0.0000000000000000
0.0000000000000000
0.0000000000000000
0.0000000000000000
0.0000000000000000
0.0000000000000000
0.0000000000000000
0.0000000000000000
0.0000000000000000
0.0000000000000000
0.0000000000000000
0.0000000000000000
0.0000000000000000
0.0000000000000000
0.0000000000000000
0.0000000000000000
0.0000000000000000
0.0000000000000000
0.0000000000000000
0.0000000000000000
0.0000000000000000
0.0000000000000000
0.0000000000000000
0.0000000000000000
0.0000000000000000
0.0000000000000000
0.0000000000000000
0.0000000000000000
0.0000000000000000
0.0000000000000000
0.0000000000000000
0.0000000000000000
0.0000000000000000
0.0000000000000000
0.0000000000000000
0.0000000000000000
0.0000000000000000
0.0000000000000000
0.0000000000000000
0.0000000000000000
0.0000000000000000
0.0000000000000000
0.0000000000000000
0.0000000000000000
0.0000000000000000
0.0000000000000000
0.0000000000000000
0.0000000000000000
0.0000000000000000
0.0000000000000000
0.0000000000000000
0.0000000000000000
0.0000000000000000
0.0000000000000000
0.0000000000000000
0.0000000000000000
0.0000000000000000
0.0000000000000000
0.0000000000000000
0.0000000000000000
0.0000000000000000
0.0000000000000000
0.0000000000000000
0.0000000000000000
0.0000000000000000
0.0000000000000000
0.0000000000000000
0.0000000000000000
0.0000000000000000
0.0000000000000000
0.0000000000000000
0.0000000000000000
0.0000000000000000
0.0000000000000000
0.0000000000000000
0.0000000000000000
0.0000000000000000
0.0000000000000000
0.0000000000000000
0.0000000000000000
0.0000000000000000
0.0000000000000000
0.0000000000000000
0.0000000000000000
0.0000000000000000
0.0000000000000000
0.0000000000000000
0.0000000000000000
0.0000000000000000
0.0000000000000000
0.0000000000000000
0.0000000000000000
0.0000000000000000
0.0000000000000000
0.0000000000000000
0.0000000000000000
0.0000000000000000
0.0000000000000000
0.0000000000000000
0.0000000000000000
0.0000000000000000
0.0000000000000000
0.0000000000000000
0.0000000000000000
0.0000000000000000
0.0000000000000000
0.0000000000000000
0.0000000000000000
0.0000000000000000
0.0000000000000000
0.0000000000000000
0.0000000000000000
0.0000000000000000
0.0000000000000000
0.0000000000000000
0.0000000000000000
0.0000000000000000
0.0000000000000000
0.0000000000000000
0.0000000000000000
0.0000000000000000
0.0000000000000000
0.0000000000000000
0.0000000000000000
0.0000000000000000
0.0000000000000000
0.0000000000000000
0.0000000000000000
0.0000000000000000
0.0000000000000000
0.0000000000000000
0.0000000000000000
0.0000000000000000
0.0000000000000000
0.0000000000000000
0.0000000000000000
0.0000000000000000
0.0000000000000000
0.0000000000000000
0.0000000000000000
0.0000000000000000
0.0000000000000000
0.0000000000000000
0.0000000000000000
0.0000000000000000
0.0000000000000000
0.0000000000000000
0.0000000000000000
0.0000000000000000
0.0000000000000000
0.0000000000000000
0.0000000000000000
0.0000000000000000
0.0000000000000000
0.0000000000000000
0.0000000000000000
0.0000000000000000
0.0000000000000000
0.0000000000000000
0.0000000000000000
0.0000000000000000
0.0000000000000000
0.0000000000000000
0.0000000000000000
0.0000000000000000
0.0000000000000000
0.0000000000000000
0.0000000000000000
0.0000000000000000
0.0000000000000000
0.0000000000000000
0.0000000000000000
0.0000000000000000
0.0000000000000000
0.0000000000000000
0.0000000000000000
0.0000000000000000
0.0000000000000000
0.0000000000000000
0.0000000000000000
0.0000000000000000
0.0000000000000000
0.0000000000000000
0.0000000000000000
0.0000000000000000
0.0000000000000000
0.0000000000000000
0.0000000000000000
0.0000000000000000
0.0000000000000000
0.0000000000000000
0.0000000000000000
0.0000000000000000
0.0000000000000000
0.0000000000000000
0.0000000000000000
0.0000000000000000
0.0000000000000000
0.0000000000000000
0.0000000000000000
0.0000000000000000
0.0000000000000000
0.0000000000000000
0.0000000000000000
0.0000000000000000
0.0000000000000000
0.0000000000000000
0.0000000000000000
0.0000000000000000
0.0000000000000000
0.0000000000000000
0.0000000000000000
0.0000000000000000
0.0000000000000000
0.0000000000000000
0.0000000000000000
0.0000000000000000
0.0000000000000000
0.0000000000000000
0.0000000000000000
0.0000000000000000
0.0000000000000000
0.0000000000000000
0.0000000000000000
0.0000000000000000
0.0000000000000000
0.0000000000000000
0.0000000000000000
0.0000000000000000
0.0000000000000000
0.0000000000000000
0.0000000000000000
0.0000000000000000
0.0000000000000000
0.0000000000000000
0.0000000000000000
0.0000000000000000
0.0000000000000000
0.0000000000000000
0.0000000000000000
0.0000000000000000
0.0000000000000000
0.0000000000000000
0.0000000000000000
0.0000000000000000
0.0000000000000000
0.0000000000000000
0.0000000000000000
0.0000000000000000
0.0000000000000000
0.0000000000000000
0.0000000000000000
0.0000000000000000
0.0000000000000000
0.0000000000000000
0.0000000000000000
0.0000000000000000
0.0000000000000000
0.0000000000000000
0.0000000000000000
0.0000000000000000
0.0000000000000000
0.0000000000000000
0.0000000000000000
0.0000000000000000
0.0000000000000000
0.0000000000000000
0.0000000000000000
0.0000000000000000
0.0000000000000000
0.0000000000000000
0.0000000000000000
0.0000000000000000
0.0000000000000000
0.0000000000000000
0.0000000000000000
0.0000000000000000
0.0000000000000000
0.0000000000000000
0.0000000000000000
0.0000000000000000
0.0000000000000000
0.0000000000000000
0.0000000000000000
0.0000000000000000
0.0000000000000000
0.0000000000000000
0.0000000000000000
0.0000000000000000
0.0000000000000000
0.0000000000000000
0.0000000000000000
0.0000000000000000
0.0000000000000000
0.0000000000000000
0.0000000000000000
0.0000000000000000
0.0000000000000000
0.0000000000000000
0.0000000000000000
0.0000000000000000
0.0000000000000000
0.0000000000000000
0.0000000000000000
0.0000000000000000
0.0000000000000000
0.0000000000000000
0.0000000000000000
0.0000000000000000
0.0000000000000000
0.0000000000000000
0.0000000000000000
0.0000000000000000
0.0000000000000000
0.0000000000000000
0.0000000000000000
0.0000000000000000
0.0000000000000000
0.0000000000000000
0.0000000000000000
0.0000000000000000
0.0000000000000000
0.0000000000000000
0.0000000000000000
0.0000000000000000
0.0000000000000000
0.0000000000000000
0.0000000000000000
0.0000000000000000
0.0000000000000000
0.0000000000000000
0.0000000000000000
0.0000000000000000
0.0000000000000000
0.0000000000000000
0.0000000000000000
0.0000000000000000
0.0000000000000000
0.0000000000000000
0.0000000000000000
0.0000000000000000
0.0000000000000000
0.0000000000000000
0.0000000000000000
0.0000000000000000
0.0000000000000000
0.0000000000000000
0.0000000000000000
0.0000000000000000
0.0000000000000000
0.0000000000000000
0.0000000000000000
0.0000000000000000
0.0000000000000000
0.0000000000000000
0.0000000000000000
0.0000000000000000
0.0000000000000000
0.0000000000000000
0.0000000000000000
0.0000000000000000
0.0000000000000000
0.0000000000000000
0.0000000000000000
0.0000000000000000
0.0000000000000000
0.0000000000000000
0.0000000000000000
0.0000000000000000
0.0000000000000000
0.0000000000000000
0.0000000000000000
0.0000000000000000
0.0000000000000000
0.0000000000000000
0.0000000000000000
0.0000000000000000
0.0000000000000000
0.0000000000000000
0.0000000000000000
0.0000000000000000
0.0000000000000000
0.0000000000000000
0.0000000000000000
0.0000000000000000
0.0000000000000000
0.0000000000000000
0.0000000000000000
0.0000000000000000
0.0000000000000000
0.0000000000000000
0.0000000000000000
0.0000000000000000
0.0000000000000000
0.0000000000000000
0.0000000000000000
0.0000000000000000
0.0000000000000000
0.0000000000000000
0.0000000000000000
0.0000000000000000
0.0000000000000000
0.0000000000000000
0.0000000000000000
0.0000000000000000
0.0000000000000000
0.0000000000000000
0.0000000000000000
0.0000000000000000
0.0000000000000000
0.0000000000000000
0.0000000000000000
0.0000000000000000
0.0000000000000000
0.0000000000000000
0.0000000000000000
0.0000000000000000
0.0000000000000000
0.0000000000000000
0.0000000000000000
0.0000000000000000
0.0000000000000000
0.0000000000000000
0.0000000000000000
0.0000000000000000
0.0000000000000000
0.0000000000000000
0.0000000000000000
0.0000000000000000
0.0000000000000000
0.0000000000000000
0.0000000000000000
0.0000000000000000
0.0000000000000000
0.0000000000000000
0.0000000000000000
0.0000000000000000
0.0000000000000000
0.0000000000000000
0.0000000000000000
0.0000000000000000
0.0000000000000000
0.0000000000000000
0.0000000000000000
0.0000000000000000
0.0000000000000000
0.0000000000000000
0.0000000000000000
0.0000000000000000
0.0000000000000000
0.0000000000000000
0.0000000000000000
0.0000000000000000
0.0000000000000000
0.0000000000000000
0.0000000000000000
0.0000000000000000
0.0000000000000000
0.0000000000000000
0.0000000000000000
0.0000000000000000
0.0000000000000000
0.0000000000000000
0.0000000000000000
0.0000000000000000
0.0000000000000000
0.0000000000000000
0.0000000000000000
0.0000000000000000
0.0000000000000000
0.0000000000000000
0.0000000000000000
0.0000000000000000
0.0000000000000000
0.0000000000000000
0.0000000000000000
0.0000000000000000
0.0000000000000000
0.0000000000000000
0.0000000000000000
0.0000000000000000
0.0000000000000000
0.0000000000000000
0.0000000000000000
0.0000000000000000
0.0000000000000000
0.0000000000000000
0.0000000000000000
0.0000000000000000
0.0000000000000000
0.0000000000000000
0.0000000000000000
0.0000000000000000
0.0000000000000000
0.0000000000000000
0.0000000000000000
0.0000000000000000
0.0000000000000000
0.0000000000000000
0.0000000000000000
0.0000000000000000
0.0000000000000000
0.0000000000000000
0.0000000000000000
0.0000000000000000
0.0000000000000000
0.0000000000000000
0.0000000000000000
0.0000000000000000
0.0000000000000000
0.0000000000000000
0.0000000000000000
0.0000000000000000
0.0000000000000000
0.0000000000000000
0.0000000000000000
0.0000000000000000
0.0000000000000000
0.0000000000000000
0.0000000000000000
0.0000000000000000
0.0000000000000000
0.0000000000000000
0.0000000000000000
0.0000000000000000
0.0000000000000000
0.0000000000000000
0.0000000000000000
0.0000000000000000
0.0000000000000000
0.0000000000000000
0.0000000000000000
0.0000000000000000
0.0000000000000000
0.0000000000000000
0.0000000000000000
0.0000000000000000
0.0000000000000000
0.0000000000000000
0.0000000000000000
0.0000000000000000
0.0000000000000000
0.0000000000000000
0.0000000000000000
0.0000000000000000
0.0000000000000000
0.0000000000000000
0.0000000000000000
0.0000000000000000
0.0000000000000000
0.0000000000000000
0.0000000000000000
0.0000000000000000
0.0000000000000000
0.0000000000000000
0.0000000000000000
0.0000000000000000
0.0000000000000000
0.0000000000000000
0.0000000000000000
0.0000000000000000
0.0000000000000000
0.0000000000000000
0.0000000000000000
0.0000000000000000
0.0000000000000000
0.0000000000000000
0.0000000000000000
0.0000000000000000
0.0000000000000000
0.0000000000000000
0.0000000000000000
0.0000000000000000
0.0000000000000000
0.0000000000000000
0.0000000000000000
0.0000000000000000
0.0000000000000000
0.0000000000000000
0.0000000000000000
0.0000000000000000
0.0000000000000000
0.0000000000000000
0.0000000000000000
0.0000000000000000
0.0000000000000000
0.0000000000000000
0.0000000000000000
0.0000000000000000
0.0000000000000000
0.0000000000000000
0.0000000000000000
0.0000000000000000
0.0000000000000000
0.0000000000000000
0.0000000000000000
0.0000000000000000
0.0000000000000000
0.0000000000000000
0.0000000000000000
0.0000000000000000
0.0000000000000000
0.0000000000000000
0.0000000000000000
0.0000000000000000
0.0000000000000000
0.0000000000000000
0.0000000000000000
0.0000000000000000
0.0000000000000000
0.0000000000000000
0.0000000000000000
0.0000000000000000
0.0000000000000000
0.0000000000000000
0.0000000000000000
0.0000000000000000
0.0000000000000000
0.0000000000000000
0.0000000000000000
0.0000000000000000
0.0000000000000000
0.0000000000000000
0.0000000000000000
0.0000000000000000
0.0000000000000000
0.0000000000000000
0.0000000000000000
0.0000000000000000
0.0000000000000000
0.0000000000000000
0.0000000000000000
0.0000000000000000
0.0000000000000000
0.0000000000000000
0.0000000000000000
0.0000000000000000
0.0000000000000000
0.0000000000000000
0.0000000000000000
0.0000000000000000
0.0000000000000000
0.0000000000000000
0.0000000000000000
0.0000000000000000
0.0000000000000000
0.0000000000000000
0.0000000000000000
0.0000000000000000
0.0000000000000000
0.0000000000000000
0.0000000000000000
0.0000000000000000
0.0000000000000000
0.0000000000000000
0.0000000000000000
0.0000000000000000
0.0000000000000000
0.0000000000000000
0.0000000000000000
0.0000000000000000
0.0000000000000000
0.0000000000000000
0.0000000000000000
0.0000000000000000
0.0000000000000000
0.0000000000000000
0.0000000000000000
0.0000000000000000
0.0000000000000000
0.0000000000000000
0.0000000000000000
0.0000000000000000
0.0000000000000000
0.0000000000000000
0.0000000000000000
0.0000000000000000
0.0000000000000000
0.0000000000000000
0.0000000000000000
0.0000000000000000
0.0000000000000000
0.0000000000000000
0.0000000000000000
0.0000000000000000
0.0000000000000000
0.0000000000000000
0.0000000000000000
0.0000000000000000
0.0000000000000000
0.0000000000000000
0.0000000000000000
0.0000000000000000
0.0000000000000000
0.0000000000000000
0.0000000000000000
0.0000000000000000
0.0000000000000000
0.0000000000000000
0.0000000000000000
0.0000000000000000
0.0000000000000000
0.0000000000000000
0.0000000000000000
0.0000000000000000
0.0000000000000000
0.0000000000000000
0.0000000000000000
0.0000000000000000
0.0000000000000000
0.0000000000000000
0.0000000000000000
0.0000000000000000
0.0000000000000000
0.0000000000000000
0.0000000000000000
0.0000000000000000
0.0000000000000000
0.0000000000000000
0.0000000000000000
0.0000000000000000
0.0000000000000000
0.0000000000000000
0.0000000000000000
0.0000000000000000
0.0000000000000000
0.0000000000000000
0.0000000000000000
0.0000000000000000
0.0000000000000000
0.0000000000000000
0.0000000000000000
0.0000000000000000
0.0000000000000000
0.0000000000000000
0.0000000000000000
0.0000000000000000
0.0000000000000000
0.0000000000000000
0.0000000000000000
0.0000000000000000
0.0000000000000000
0.0000000000000000
0.0000000000000000
0.0000000000000000
0.0000000000000000
0.0000000000000000
0.0000000000000000
0.0000000000000000
0.0000000000000000
0.0000000000000000
0.0000000000000000
0.0000000000000000
0.0000000000000000
0.0000000000000000
0.0000000000000000
0.0000000000000000
0.0000000000000000
0.0000000000000000
0.0000000000000000
0.0000000000000000
0.0000000000000000
0.0000000000000000
0.0000000000000000
0.0000000000000000
0.0000000000000000
0.0000000000000000
0.0000000000000000
0.0000000000000000
0.0000000000000000
0.0000000000000000
0.0000000000000000
0.0000000000000000
0.0000000000000000
0.0000000000000000
0.0000000000000000
0.0000000000000000
0.0000000000000000
0.0000000000000000
0.0000000000000000
0.0000000000000000
0.0000000000000000
0.0000000000000000
0.0000000000000000
0.0000000000000000
0.0000000000000000
0.0000000000000000
0.0000000000000000
0.0000000000000000
0.0000000000000000
0.0000000000000000
0.0000000000000000
0.0000000000000000
0.0000000000000000
0.0000000000000000
0.0000000000000000
0.0000000000000000
0.0000000000000000
0.0000000000000000
0.0000000000000000
0.0000000000000000
0.0000000000000000
0.0000000000000000
0.0000000000000000
0.0000000000000000
0.0000000000000000
0.0000000000000000
0.0000000000000000
0.0000000000000000
0.0000000000000000
0.0000000000000000
0.0000000000000000
0.0000000000000000
0.0000000000000000
0.0000000000000000
0.0000000000000000
0.0000000000000000
0.0000000000000000
0.0000000000000000
0.0000000000000000
0.0000000000000000
0.0000000000000000
0.0000000000000000
0.0000000000000000
0.0000000000000000
0.0000000000000000
0.0000000000000000
0.0000000000000000
0.0000000000000000
0.0000000000000000
0.0000000000000000
0.0000000000000000
0.0000000000000000
0.0000000000000000
0.0000000000000000
0.0000000000000000
0.0000000000000000
0.0000000000000000
0.0000000000000000
0.0000000000000000
0.0000000000000000
0.0000000000000000
0.0000000000000000
0.0000000000000000
0.0000000000000000
0.0000000000000000
0.0000000000000000
0.0000000000000000
0.0000000000000000
0.0000000000000000
0.0000000000000000
0.0000000000000000
0.0000000000000000
0.0000000000000000
0.0000000000000000
0.0000000000000000
0.0000000000000000
0.0000000000000000
0.0000000000000000
0.0000000000000000
0.0000000000000000
0.0000000000000000
0.0000000000000000
0.0000000000000000
0.0000000000000000
0.0000000000000000
0.0000000000000000
0.0000000000000000
0.0000000000000000
0.0000000000000000
0.0000000000000000
0.0000000000000000
0.0000000000000000
0.0000000000000000
0.0000000000000000
0.0000000000000000
0.0000000000000000
0.0000000000000000
0.0000000000000000
0.0000000000000000
0.0000000000000000
0.0000000000000000
0.0000000000000000
0.0000000000000000
0.0000000000000000
0.0000000000000000
0.0000000000000000
0.0000000000000000
0.0000000000000000
0.0000000000000000
0.0000000000000000
0.0000000000000000
0.0000000000000000
0.0000000000000000
0.0000000000000000
0.0000000000000000
0.0000000000000000
0.0000000000000000
0.0000000000000000
0.0000000000000000
0.0000000000000000
0.0000000000000000
0.0000000000000000
0.0000000000000000
0.0000000000000000
0.0000000000000000
0.0000000000000000
0.0000000000000000
0.0000000000000000
0.0000000000000000
0.0000000000000000
0.0000000000000000
0.0000000000000000
0.0000000000000000
0.0000000000000000
0.0000000000000000
0.0000000000000000
0.0000000000000000
0.0000000000000000
0.0000000000000000
0.0000000000000000
0.0000000000000000
0.0000000000000000
0.0000000000000000
0.0000000000000000
0.0000000000000000
0.0000000000000000
0.0000000000000000
0.0000000000000000
0.0000000000000000
0.0000000000000000
0.0000000000000000
0.0000000000000000
0.0000000000000000
0.0000000000000000
0.0000000000000000
0.0000000000000000
0.0000000000000000
0.0000000000000000
0.0000000000000000
0.0000000000000000
0.0000000000000000
0.0000000000000000
0.0000000000000000
0.0000000000000000
0.0000000000000000
0.0000000000000000
0.0000000000000000
0.0000000000000000
0.0000000000000000
0.0000000000000000
0.0000000000000000
0.0000000000000000
0.0000000000000000
0.0000000000000000
0.0000000000000000
0.0000000000000000
0.0000000000000000
0.0000000000000000
0.0000000000000000
0.0000000000000000
0.0000000000000000
0.0000000000000000
0.0000000000000000
0.0000000000000000
0.0000000000000000
0.0000000000000000
0.0000000000000000
0.0000000000000000
0.0000000000000000
0.0000000000000000
0.0000000000000000
0.0000000000000000
0.0000000000000000
0.0000000000000000
0.0000000000000000
0.0000000000000000
0.0000000000000000
0.0000000000000000
0.0000000000000000
0.0000000000000000
0.0000000000000000
0.0000000000000000
0.0000000000000000
0.0000000000000000
0.0000000000000000
0.0000000000000000
0.0000000000000000
0.0000000000000000
0.0000000000000000
0.0000000000000000
0.0000000000000000
0.0000000000000000
0.0000000000000000
0.0000000000000000
0.0000000000000000
0.0000000000000000
0.0000000000000000
0.0000000000000000
0.0000000000000000
0.0000000000000000
0.0000000000000000
0.0000000000000000
0.0000000000000000
0.0000000000000000
0.0000000000000000
0.0000000000000000
0.0000000000000000
0.0000000000000000
0.0000000000000000
0.0000000000000000
0.0000000000000000
0.0000000000000000
0.0000000000000000
0.0000000000000000
0.0000000000000000
0.0000000000000000
0.0000000000000000
0.0000000000000000
0.0000000000000000
0.0000000000000000
0.0000000000000000
0.0000000000000000
0.0000000000000000
0.0000000000000000
0.0000000000000000
0.0000000000000000
0.0000000000000000
0.0000000000000000
0.0000000000000000
0.0000000000000000
0.0000000000000000
0.0000000000000000
0.0000000000000000
0.0000000000000000
0.0000000000000000
0.0000000000000000
0.0000000000000000
0.0000000000000000
0.0000000000000000
0.0000000000000000
0.0000000000000000
0.0000000000000000
0.0000000000000000
0.0000000000000000
0.0000000000000000
0.0000000000000000
0.0000000000000000
0.0000000000000000
0.0000000000000000
0.0000000000000000
0.0000000000000000
0.0000000000000000
0.0000000000000000
0.0000000000000000
0.0000000000000000
0.0000000000000000
0.0000000000000000
0.0000000000000000
0.0000000000000000
0.0000000000000000
0.0000000000000000
0.0000000000000000
0.0000000000000000
0.0000000000000000
0.0000000000000000
0.0000000000000000
0.0000000000000000
0.0000000000000000
0.0000000000000000
0.0000000000000000
0.0000000000000000
0.0000000000000000
0.0000000000000000
0.0000000000000000
0.0000000000000000
0.0000000000000000
0.0000000000000000
0.0000000000000000
0.0000000000000000
0.0000000000000000
0.0000000000000000
0.0000000000000000
0.0000000000000000
0.0000000000000000
0.0000000000000000
0.0000000000000000
0.0000000000000000
0.0000000000000000
0.0000000000000000
0.0000000000000000
0.0000000000000000
0.0000000000000000
0.0000000000000000
0.0000000000000000
0.0000000000000000
0.0000000000000000
0.0000000000000000
0.0000000000000000
0.0000000000000000
0.0000000000000000
0.0000000000000000
0.0000000000000000
0.0000000000000000
0.0000000000000000
0.0000000000000000
0.0000000000000000
0.0000000000000000
0.0000000000000000
0.0000000000000000
0.0000000000000000
0.0000000000000000
0.0000000000000000
0.0000000000000000
0.0000000000000000
0.0000000000000000
0.0000000000000000
0.0000000000000000
0.0000000000000000
0.0000000000000000
0.0000000000000000
0.0000000000000000
0.0000000000000000
0.0000000000000000
0.0000000000000000
0.0000000000000000
0.0000000000000000
0.0000000000000000
0.0000000000000000
0.0000000000000000
0.0000000000000000
0.0000000000000000
0.0000000000000000
0.0000000000000000
0.0000000000000000
0.0000000000000000
0.0000000000000000
0.0000000000000000
0.0000000000000000
0.0000000000000000
0.0000000000000000
0.0000000000000000
0.0000000000000000
0.0000000000000000
0.0000000000000000
0.0000000000000000
0.0000000000000000
0.0000000000000000
0.0000000000000000
0.0000000000000000
0.0000000000000000
0.0000000000000000
0.0000000000000000
0.0000000000000000
0.0000000000000000
0.0000000000000000
0.0000000000000000
0.0000000000000000
0.0000000000000000
0.0000000000000000
0.0000000000000000
0.0000000000000000
0.0000000000000000
0.0000000000000000
0.0000000000000000
0.0000000000000000
0.0000000000000000
0.0000000000000000
0.0000000000000000
0.0000000000000000
0.0000000000000000
0.0000000000000000
0.0000000000000000
0.0000000000000000
0.0000000000000000
0.0000000000000000
0.0000000000000000
0.0000000000000000
0.0000000000000000
0.0000000000000000
0.0000000000000000
0.0000000000000000
0.0000000000000000
0.0000000000000000
0.0000000000000000
0.0000000000000000
0.0000000000000000
0.0000000000000000
0.0000000000000000
0.0000000000000000
0.0000000000000000
0.0000000000000000
0.0000000000000000
0.0000000000000000
0.0000000000000000
0.0000000000000000
0.0000000000000000
0.0000000000000000
0.0000000000000000
0.0000000000000000
0.0000000000000000
0.0000000000000000
0.0000000000000000
0.0000000000000000
0.0000000000000000
0.0000000000000000
0.0000000000000000
0.0000000000000000
0.0000000000000000
0.0000000000000000
0.0000000000000000
0.0000000000000000
0.0000000000000000
0.0000000000000000
0.0000000000000000
0.0000000000000000
0.0000000000000000
0.0000000000000000
0.0000000000000000
0.0000000000000000
0.0000000000000000
0.0000000000000000
0.0000000000000000
0.0000000000000000
0.0000000000000000
0.0000000000000000
0.0000000000000000
0.0000000000000000
0.0000000000000000
0.0000000000000000
0.0000000000000000
0.0000000000000000
0.0000000000000000
0.0000000000000000
0.0000000000000000
0.0000000000000000
0.0000000000000000
0.0000000000000000
0.0000000000000000
0.0000000000000000
0.0000000000000000
0.0000000000000000
0.0000000000000000
0.0000000000000000
0.0000000000000000
0.0000000000000000
0.0000000000000000
0.0000000000000000
0.0000000000000000
0.0000000000000000
0.0000000000000000
0.0000000000000000
0.0000000000000000
0.0000000000000000
0.0000000000000000
0.0000000000000000
0.0000000000000000
0.0000000000000000
0.0000000000000000
0.0000000000000000
0.0000000000000000
0.0000000000000000
0.0000000000000000
0.0000000000000000
0.0000000000000000
0.0000000000000000
0.0000000000000000
0.0000000000000000
0.0000000000000000
0.0000000000000000
0.0000000000000000
0.0000000000000000
0.0000000000000000
0.0000000000000000
0.0000000000000000
0.0000000000000000
0.0000000000000000
0.0000000000000000
0.0000000000000000
0.0000000000000000
0.0000000000000000
0.0000000000000000
0.0000000000000000
0.0000000000000000
0.0000000000000000
0.0000000000000000
0.0000000000000000
0.0000000000000000
0.0000000000000000
0.0000000000000000
0.0000000000000000
0.0000000000000000
0.0000000000000000
0.0000000000000000
0.0000000000000000
0.0000000000000000
0.0000000000000000
0.0000000000000000
0.0000000000000000
0.0000000000000000
0.0000000000000000
0.0000000000000000
0.0000000000000000
0.0000000000000000
0.0000000000000000
0.0000000000000000
0.0000000000000000
0.0000000000000000
0.0000000000000000
0.0000000000000000
0.0000000000000000
0.0000000000000000
0.0000000000000000
0.0000000000000000
0.0000000000000000
0.0000000000000000
0.0000000000000000
0.0000000000000000
0.0000000000000000
0.0000000000000000
0.0000000000000000
0.0000000000000000
0.0000000000000000
0.0000000000000000
0.0000000000000000
0.0000000000000000
0.0000000000000000
0.0000000000000000
0.0000000000000000
0.0000000000000000
0.0000000000000000
0.0000000000000000
0.0000000000000000
0.0000000000000000
0.0000000000000000
0.0000000000000000
0.0000000000000000
0.0000000000000000
0.0000000000000000
0.0000000000000000
0.0000000000000000
0.0000000000000000
0.0000000000000000
0.0000000000000000
0.0000000000000000
0.0000000000000000
0.0000000000000000
0.0000000000000000
0.0000000000000000
0.0000000000000000
0.0000000000000000
0.0000000000000000
0.0000000000000000
0.0000000000000000
0.0000000000000000
0.0000000000000000
0.0000000000000000
0.0000000000000000
0.0000000000000000
0.0000000000000000
0.0000000000000000
0.0000000000000000
0.0000000000000000
0.0000000000000000
0.0000000000000000
0.0000000000000000
0.0000000000000000
0.0000000000000000
0.0000000000000000
0.0000000000000000
0.0000000000000000
0.0000000000000000
0.0000000000000000
0.0000000000000000
0.0000000000000000
0.0000000000000000
0.0000000000000000
0.0000000000000000
0.0000000000000000
0.0000000000000000
0.0000000000000000
0.0000000000000000
0.0000000000000000
0.0000000000000000
0.0000000000000000
0.0000000000000000
0.0000000000000000
0.0000000000000000
0.0000000000000000
0.0000000000000000
0.0000000000000000
0.0000000000000000
0.0000000000000000
0.0000000000000000
0.0000000000000000
0.0000000000000000
0.0000000000000000
0.0000000000000000
0.0000000000000000
0.0000000000000000
0.0000000000000000
0.0000000000000000
0.0000000000000000
0.0000000000000000
0.0000000000000000
0.0000000000000000
0.0000000000000000
0.0000000000000000
0.0000000000000000
0.0000000000000000
0.0000000000000000
0.0000000000000000
0.0000000000000000
0.0000000000000000
0.0000000000000000
0.0000000000000000
0.0000000000000000
0.0000000000000000
0.0000000000000000
0.0000000000000000
0.0000000000000000
0.0000000000000000
0.0000000000000000
0.0000000000000000
0.0000000000000000
0.0000000000000000
0.0000000000000000
0.0000000000000000
0.0000000000000000
0.0000000000000000
0.0000000000000000
0.0000000000000000
0.0000000000000000
0.0000000000000000
0.0000000000000000
0.0000000000000000
0.0000000000000000
0.0000000000000000
0.0000000000000000
0.0000000000000000
0.0000000000000000
0.0000000000000000
0.0000000000000000
0.0000000000000000
0.0000000000000000
0.0000000000000000
0.0000000000000000
0.0000000000000000
0.0000000000000000
0.0000000000000000
0.0000000000000000
0.0000000000000000
0.0000000000000000
0.0000000000000000
0.0000000000000000
0.0000000000000000
0.0000000000000000
0.0000000000000000
0.0000000000000000
0.0000000000000000
0.0000000000000000
0.0000000000000000
0.0000000000000000
0.0000000000000000
0.0000000000000000
0.0000000000000000
0.0000000000000000
0.0000000000000000
0.0000000000000000
0.0000000000000000
0.0000000000000000
0.0000000000000000
0.0000000000000000
0.0000000000000000
0.0000000000000000
0.0000000000000000
0.0000000000000000
0.0000000000000000
0.0000000000000000
0.0000000000000000
0.0000000000000000
0.0000000000000000
0.0000000000000000
0.0000000000000000
0.0000000000000000
0.0000000000000000
0.0000000000000000
0.0000000000000000
0.0000000000000000
0.0000000000000000
0.0000000000000000
0.0000000000000000
0.0000000000000000
0.0000000000000000
0.0000000000000000
0.0000000000000000
0.0000000000000000
0.0000000000000000
0.0000000000000000
0.0000000000000000
0.0000000000000000
0.0000000000000000
0.0000000000000000
0.0000000000000000
0.0000000000000000
0.0000000000000000
0.0000000000000000
0.0000000000000000
0.0000000000000000
0.0000000000000000
0.0000000000000000
0.0000000000000000
0.0000000000000000
0.0000000000000000
0.0000000000000000
0.0000000000000000
0.0000000000000000
0.0000000000000000
0.0000000000000000
0.0000000000000000
0.0000000000000000
0.0000000000000000
0.0000000000000000
0.0000000000000000
0.0000000000000000
0.0000000000000000
0.0000000000000000
0.0000000000000000
0.0000000000000000
0.0000000000000000
0.0000000000000000
0.0000000000000000
0.0000000000000000
0.0000000000000000
0.0000000000000000
0.0000000000000000
0.0000000000000000
0.0000000000000000
0.0000000000000000
0.0000000000000000
0.0000000000000000
0.0000000000000000
0.0000000000000000
0.0000000000000000
0.0000000000000000
0.0000000000000000
0.0000000000000000
0.0000000000000000
0.0000000000000000
0.0000000000000000
0.0000000000000000
0.0000000000000000
0.0000000000000000
0.0000000000000000
0.0000000000000000
0.0000000000000000
0.0000000000000000
0.0000000000000000
0.0000000000000000
0.0000000000000000
0.0000000000000000
0.0000000000000000
0.0000000000000000
0.0000000000000000
0.0000000000000000
0.0000000000000000
0.0000000000000000
0.0000000000000000
0.0000000000000000
0.0000000000000000
0.0000000000000000
0.0000000000000000
0.0000000000000000
0.0000000000000000
0.0000000000000000
0.0000000000000000
0.0000000000000000
0.0000000000000000
0.0000000000000000
0.0000000000000000
0.0000000000000000
0.0000000000000000
0.0000000000000000
0.0000000000000000
0.0000000000000000
0.0000000000000000
0.0000000000000000
0.0000000000000000
0.0000000000000000
0.0000000000000000
0.0000000000000000
0.0000000000000000
0.0000000000000000
0.0000000000000000
0.0000000000000000
0.0000000000000000
0.0000000000000000
0.0000000000000000
0.0000000000000000
0.0000000000000000
0.0000000000000000
0.0000000000000000
0.0000000000000000
0.0000000000000000
0.0000000000000000
0.0000000000000000
0.0000000000000000
0.0000000000000000
0.0000000000000000
0.0000000000000000
0.0000000000000000
0.0000000000000000
0.0000000000000000
0.0000000000000000
0.0000000000000000
0.0000000000000000
0.0000000000000000
0.0000000000000000
0.0000000000000000
0.0000000000000000
0.0000000000000000
0.0000000000000000
0.0000000000000000
0.0000000000000000
0.0000000000000000
0.0000000000000000
0.0000000000000000
0.0000000000000000
0.0000000000000000
0.0000000000000000
0.0000000000000000
0.0000000000000000
0.0000000000000000
0.0000000000000000
0.0000000000000000
0.0000000000000000
0.0000000000000000
0.0000000000000000
0.0000000000000000
0.0000000000000000
0.0000000000000000
0.0000000000000000
0.0000000000000000
0.0000000000000000
0.0000000000000000
0.0000000000000000
0.0000000000000000
0.0000000000000000
0.0000000000000000
0.0000000000000000
0.0000000000000000
0.0000000000000000
0.0000000000000000
0.0000000000000000
0.0000000000000000
0.0000000000000000
0.0000000000000000
0.0000000000000000
0.0000000000000000
0.0000000000000000
0.0000000000000000
0.0000000000000000
0.0000000000000000
0.0000000000000000
0.0000000000000000
0.0000000000000000
0.0000000000000000
0.0000000000000000
0.0000000000000000
0.0000000000000000
0.0000000000000000
0.0000000000000000
0.0000000000000000
0.0000000000000000
0.0000000000000000
0.0000000000000000
0.0000000000000000
0.0000000000000000
0.0000000000000000
0.0000000000000000
0.0000000000000000
0.0000000000000000
0.0000000000000000
0.0000000000000000
0.0000000000000000
0.0000000000000000
0.0000000000000000
0.0000000000000000
0.0000000000000000
0.0000000000000000
0.0000000000000000
0.0000000000000000
0.0000000000000000
0.0000000000000000
0.0000000000000000
0.0000000000000000
0.0000000000000000
0.0000000000000000
0.0000000000000000
0.0000000000000000
0.0000000000000000
0.0000000000000000
0.0000000000000000
0.0000000000000000
0.0000000000000000
0.0000000000000000
0.0000000000000000
0.0000000000000000
0.0000000000000000
0.0000000000000000
0.0000000000000000
0.0000000000000000
0.0000000000000000
0.0000000000000000
0.0000000000000000
0.0000000000000000
0.0000000000000000
0.0000000000000000
0.0000000000000000
0.0000000000000000
0.0000000000000000
0.0000000000000000
0.0000000000000000
0.0000000000000000
0.0000000000000000
0.0000000000000000
0.0000000000000000
0.0000000000000000
0.0000000000000000
0.0000000000000000
0.0000000000000000
0.0000000000000000
0.0000000000000000
0.0000000000000000
0.0000000000000000
0.0000000000000000
0.0000000000000000
0.0000000000000000
0.0000000000000000
0.0000000000000000
0.0000000000000000
0.0000000000000000
0.0000000000000000
0.0000000000000000
0.0000000000000000
0.0000000000000000
0.0000000000000000
0.0000000000000000
0.0000000000000000
0.0000000000000000
0.0000000000000000
0.0000000000000000
0.0000000000000000
0.0000000000000000
0.0000000000000000
0.0000000000000000
0.0000000000000000
0.0000000000000000
0.0000000000000000
0.0000000000000000
0.0000000000000000
0.0000000000000000
0.0000000000000000
0.0000000000000000
0.0000000000000000
0.0000000000000000
0.0000000000000000
0.0000000000000000
0.0000000000000000
0.0000000000000000
0.0000000000000000
0.0000000000000000
0.0000000000000000
0.0000000000000000
0.0000000000000000
0.0000000000000000
0.0000000000000000
0.0000000000000000
0.0000000000000000
0.0000000000000000
0.0000000000000000
0.0000000000000000
0.0000000000000000
0.0000000000000000
0.0000000000000000
0.0000000000000000
0.0000000000000000
0.0000000000000000
0.0000000000000000
0.0000000000000000
0.0000000000000000
0.0000000000000000
0.0000000000000000
0.0000000000000000
0.0000000000000000
0.0000000000000000
0.0000000000000000
0.0000000000000000
0.0000000000000000
0.0000000000000000
0.0000000000000000
0.0000000000000000
0.0000000000000000
0.0000000000000000
0.0000000000000000
0.0000000000000000
0.0000000000000000
0.0000000000000000
0.0000000000000000
0.0000000000000000
0.0000000000000000
0.0000000000000000
0.0000000000000000
0.0000000000000000
0.0000000000000000
0.0000000000000000
0.0000000000000000
0.0000000000000000
0.0000000000000000
0.0000000000000000
0.0000000000000000
0.0000000000000000
0.0000000000000000
0.0000000000000000
0.0000000000000000
0.0000000000000000
0.0000000000000000
0.0000000000000000
0.0000000000000000
0.0000000000000000
0.0000000000000000
0.0000000000000000
0.0000000000000000
0.0000000000000000
0.0000000000000000
0.0000000000000000
0.0000000000000000
0.0000000000000000
0.0000000000000000
0.0000000000000000
0.0000000000000000
0.0000000000000000
0.0000000000000000
0.0000000000000000
0.0000000000000000
0.0000000000000000
0.0000000000000000
0.0000000000000000
0.0000000000000000
0.0000000000000000
0.0000000000000000
0.0000000000000000
0.0000000000000000
0.0000000000000000
0.0000000000000000
0.0000000000000000
0.0000000000000000
0.0000000000000000
0.0000000000000000
0.0000000000000000
0.0000000000000000
0.0000000000000000
0.0000000000000000
0.0000000000000000
0.0000000000000000
0.0000000000000000
0.0000000000000000
0.0000000000000000
0.0000000000000000
0.0000000000000000
0.0000000000000000
0.0000000000000000
0.0000000000000000
0.0000000000000000
0.0000000000000000
0.0000000000000000
0.0000000000000000
0.0000000000000000
0.0000000000000000
0.0000000000000000
0.0000000000000000
0.0000000000000000
0.0000000000000000
0.0000000000000000
0.0000000000000000
0.0000000000000000
0.0000000000000000
0.0000000000000000
0.0000000000000000
0.0000000000000000
0.0000000000000000
0.0000000000000000
0.0000000000000000
0.0000000000000000
0.0000000000000000
0.0000000000000000
0.0000000000000000
0.0000000000000000
0.0000000000000000
0.0000000000000000
0.0000000000000000
0.0000000000000000
0.0000000000000000
0.0000000000000000
0.0000000000000000
0.0000000000000000
0.0000000000000000
0.0000000000000000
0.0000000000000000
0.0000000000000000
0.0000000000000000
0.0000000000000000
0.0000000000000000
0.0000000000000000
0.0000000000000000
0.0000000000000000
0.0000000000000000
0.0000000000000000
0.0000000000000000
0.0000000000000000
0.0000000000000000
0.0000000000000000
0.0000000000000000
0.0000000000000000
0.0000000000000000
0.0000000000000000
0.0000000000000000
0.0000000000000000
0.0000000000000000
0.0000000000000000
0.0000000000000000
0.0000000000000000
0.0000000000000000
0.0000000000000000
0.0000000000000000
0.0000000000000000
0.0000000000000000
0.0000000000000000
0.0000000000000000
0.0000000000000000
0.0000000000000000
0.0000000000000000
0.0000000000000000
0.0000000000000000
0.0000000000000000
0.0000000000000000
0.0000000000000000
0.0000000000000000
0.0000000000000000
0.0000000000000000
0.0000000000000000
0.0000000000000000
0.0000000000000000
0.0000000000000000
0.0000000000000000
0.0000000000000000
0.0000000000000000
0.0000000000000000
0.0000000000000000
0.0000000000000000
0.0000000000000000
0.0000000000000000
0.0000000000000000
0.0000000000000000
0.0000000000000000
0.0000000000000000
0.0000000000000000
0.0000000000000000
0.0000000000000000
0.0000000000000000
0.0000000000000000
0.0000000000000000
0.0000000000000000
0.0000000000000000
0.0000000000000000
0.0000000000000000
0.0000000000000000
0.0000000000000000
0.0000000000000000
0.0000000000000000
0.0000000000000000
0.0000000000000000
0.0000000000000000
0.0000000000000000
0.0000000000000000
0.0000000000000000
0.0000000000000000
0.0000000000000000
0.0000000000000000
0.0000000000000000
0.0000000000000000
0.0000000000000000
0.0000000000000000
0.0000000000000000
0.0000000000000000
0.0000000000000000
0.0000000000000000
0.0000000000000000
0.0000000000000000
0.0000000000000000
0.0000000000000000
0.0000000000000000
0.0000000000000000
0.0000000000000000
0.0000000000000000
0.0000000000000000
0.0000000000000000
0.0000000000000000
0.0000000000000000
0.0000000000000000
0.0000000000000000
0.0000000000000000
0.0000000000000000
0.0000000000000000
0.0000000000000000
0.0000000000000000
0.0000000000000000
0.0000000000000000
0.0000000000000000
0.0000000000000000
0.0000000000000000
0.0000000000000000
0.0000000000000000
0.0000000000000000
0.0000000000000000
0.0000000000000000
0.0000000000000000
0.0000000000000000
0.0000000000000000
0.0000000000000000
0.0000000000000000
0.0000000000000000
0.0000000000000000
0.0000000000000000
0.0000000000000000
0.0000000000000000
0.0000000000000000
0.0000000000000000
0.0000000000000000
0.0000000000000000
0.0000000000000000
0.0000000000000000
0.0000000000000000
0.0000000000000000
0.0000000000000000
0.0000000000000000
0.0000000000000000
0.0000000000000000
0.0000000000000000
0.0000000000000000
0.0000000000000000
0.0000000000000000
0.0000000000000000
0.0000000000000000
0.0000000000000000
0.0000000000000000
0.0000000000000000
0.0000000000000000
0.0000000000000000
0.0000000000000000
0.0000000000000000
0.0000000000000000
0.0000000000000000
0.0000000000000000
0.0000000000000000
0.0000000000000000
0.0000000000000000
0.0000000000000000
0.0000000000000000
0.0000000000000000
0.0000000000000000
0.0000000000000000
0.0000000000000000
0.0000000000000000
0.0000000000000000
0.0000000000000000
0.0000000000000000
0.0000000000000000
0.0000000000000000
0.0000000000000000
0.0000000000000000
0.0000000000000000
0.0000000000000000
0.0000000000000000
0.0000000000000000
0.0000000000000000
0.0000000000000000
0.0000000000000000
0.0000000000000000
0.0000000000000000
0.0000000000000000
0.0000000000000000
0.0000000000000000
0.0000000000000000
0.0000000000000000
0.0000000000000000
0.0000000000000000
0.0000000000000000
0.0000000000000000
0.0000000000000000
0.0000000000000000
0.0000000000000000
0.0000000000000000
0.0000000000000000
0.0000000000000000
0.0000000000000000
0.0000000000000000
0.0000000000000000
0.0000000000000000
0.0000000000000000
0.0000000000000000
0.0000000000000000
0.0000000000000000
0.0000000000000000
0.0000000000000000
0.0000000000000000
0.0000000000000000
0.0000000000000000
0.0000000000000000
0.0000000000000000
0.0000000000000000
0.0000000000000000
0.0000000000000000
0.0000000000000000
0.0000000000000000
0.0000000000000000
0.0000000000000000
0.0000000000000000
0.0000000000000000
0.0000000000000000
0.0000000000000000
0.0000000000000000
0.0000000000000000
0.0000000000000000
0.0000000000000000
0.0000000000000000
0.0000000000000000
0.0000000000000000
0.0000000000000000
0.0000000000000000
0.0000000000000000
0.0000000000000000
0.0000000000000000
0.0000000000000000
0.0000000000000000
0.0000000000000000
0.0000000000000000
0.0000000000000000
0.0000000000000000
0.0000000000000000
0.0000000000000000
0.0000000000000000
0.0000000000000000
0.0000000000000000
0.0000000000000000
0.0000000000000000
0.0000000000000000
0.0000000000000000
0.0000000000000000
0.0000000000000000
0.0000000000000000
0.0000000000000000
0.0000000000000000
0.0000000000000000
0.0000000000000000
0.0000000000000000
0.0000000000000000
0.0000000000000000
0.0000000000000000
0.0000000000000000
0.0000000000000000
0.0000000000000000
0.0000000000000000
0.0000000000000000
0.0000000000000000
0.0000000000000000
0.0000000000000000
0.0000000000000000
0.0000000000000000
0.0000000000000000
0.0000000000000000
0.0000000000000000
0.0000000000000000
0.0000000000000000
0.0000000000000000
0.0000000000000000
0.0000000000000000
0.0000000000000000
0.0000000000000000
0.0000000000000000
0.0000000000000000
0.0000000000000000
0.0000000000000000
0.0000000000000000
0.0000000000000000
0.0000000000000000
0.0000000000000000
0.0000000000000000
0.0000000000000000
0.0000000000000000
0.0000000000000000
0.0000000000000000
0.0000000000000000
0.0000000000000000
0.0000000000000000
0.0000000000000000
0.0000000000000000
0.0000000000000000
0.0000000000000000
0.0000000000000000
0.0000000000000000
0.0000000000000000
0.0000000000000000
0.0000000000000000
0.0000000000000000
0.0000000000000000
0.0000000000000000
0.0000000000000000
0.0000000000000000
0.0000000000000000
0.0000000000000000
0.0000000000000000
0.0000000000000000
0.0000000000000000
0.0000000000000000
0.0000000000000000
0.0000000000000000
0.0000000000000000
0.0000000000000000
0.0000000000000000
0.0000000000000000
0.0000000000000000
0.0000000000000000
0.0000000000000000
0.0000000000000000
0.0000000000000000
0.0000000000000000
0.0000000000000000
0.0000000000000000
0.0000000000000000
0.0000000000000000
0.0000000000000000
0.0000000000000000
0.0000000000000000
0.0000000000000000
0.0000000000000000
0.0000000000000000
0.0000000000000000
0.0000000000000000
0.0000000000000000
0.0000000000000000
0.0000000000000000
0.0000000000000000
0.0000000000000000
0.0000000000000000
0.0000000000000000
0.0000000000000000
0.0000000000000000
0.0000000000000000
0.0000000000000000
0.0000000000000000
0.0000000000000000
0.0000000000000000
0.0000000000000000
0.0000000000000000
0.0000000000000000
0.0000000000000000
0.0000000000000000
0.0000000000000000
0.0000000000000000
0.0000000000000000
0.0000000000000000
0.0000000000000000
0.0000000000000000
0.0000000000000000
0.0000000000000000
0.0000000000000000
0.0000000000000000
0.0000000000000000
0.0000000000000000
0.0000000000000000
0.0000000000000000
0.0000000000000000
0.0000000000000000
0.0000000000000000
0.0000000000000000
0.0000000000000000
0.0000000000000000
0.0000000000000000
0.0000000000000000
0.0000000000000000
0.0000000000000000
0.0000000000000000
0.0000000000000000
0.0000000000000000
0.0000000000000000
0.0000000000000000
0.0000000000000000
0.0000000000000000
0.0000000000000000
0.0000000000000000
0.0000000000000000
0.0000000000000000
0.0000000000000000
0.0000000000000000
0.0000000000000000
0.0000000000000000
0.0000000000000000
0.0000000000000000
0.0000000000000000
0.0000000000000000
0.0000000000000000
0.0000000000000000
0.0000000000000000
0.0000000000000000
0.0000000000000000
0.0000000000000000
0.0000000000000000
0.0000000000000000
0.0000000000000000
0.0000000000000000
0.0000000000000000
0.0000000000000000
0.0000000000000000
0.0000000000000000
0.0000000000000000
0.0000000000000000
0.0000000000000000
0.0000000000000000
0.0000000000000000
0.0000000000000000
0.0000000000000000
0.0000000000000000
0.0000000000000000
0.0000000000000000
0.0000000000000000
0.0000000000000000
0.0000000000000000
0.0000000000000000
0.0000000000000000
0.0000000000000000
0.0000000000000000
0.0000000000000000
0.0000000000000000
0.0000000000000000
0.0000000000000000
0.0000000000000000
0.0000000000000000
0.0000000000000000
0.0000000000000000
0.0000000000000000
0.0000000000000000
0.0000000000000000
0.0000000000000000
0.0000000000000000
0.0000000000000000
0.0000000000000000
0.0000000000000000
0.0000000000000000
0.0000000000000000
0.0000000000000000
0.0000000000000000
0.0000000000000000
0.0000000000000000
0.0000000000000000
0.0000000000000000
0.0000000000000000
0.0000000000000000
0.0000000000000000
0.0000000000000000
0.0000000000000000
0.0000000000000000
0.0000000000000000
0.0000000000000000
0.0000000000000000
0.0000000000000000
0.0000000000000000
0.0000000000000000
0.0000000000000000
0.0000000000000000
0.0000000000000000
0.0000000000000000
0.0000000000000000
0.0000000000000000
0.0000000000000000
0.0000000000000000
0.0000000000000000
0.0000000000000000
0.0000000000000000
0.0000000000000000
0.0000000000000000
0.0000000000000000
0.0000000000000000
0.0000000000000000
0.0000000000000000
0.0000000000000000
0.0000000000000000
0.0000000000000000
0.0000000000000000
0.0000000000000000
0.0000000000000000
0.0000000000000000
0.0000000000000000
0.0000000000000000
0.0000000000000000
0.0000000000000000
0.0000000000000000
0.0000000000000000
0.0000000000000000
0.0000000000000000
0.0000000000000000
0.0000000000000000
0.0000000000000000
0.0000000000000000
0.0000000000000000
0.0000000000000000
0.0000000000000000
0.0000000000000000
0.0000000000000000
0.0000000000000000
0.0000000000000000
0.0000000000000000
0.0000000000000000
0.0000000000000000
0.0000000000000000
0.0000000000000000
0.0000000000000000
0.0000000000000000
0.0000000000000000
0.0000000000000000
0.0000000000000000
0.0000000000000000
0.0000000000000000
0.0000000000000000
0.0000000000000000
0.0000000000000000
0.0000000000000000
0.0000000000000000
0.0000000000000000
0.0000000000000000
0.0000000000000000
0.0000000000000000
0.0000000000000000
0.0000000000000000
0.0000000000000000
0.0000000000000000
0.0000000000000000
0.0000000000000000
0.0000000000000000
0.0000000000000000
0.0000000000000000
0.0000000000000000
0.0000000000000000
0.0000000000000000
0.0000000000000000
0.0000000000000000
0.0000000000000000
0.0000000000000000
0.0000000000000000
0.0000000000000000
0.0000000000000000
0.0000000000000000
0.0000000000000000
0.0000000000000000
0.0000000000000000
0.0000000000000000
0.0000000000000000
0.0000000000000000
0.0000000000000000
0.0000000000000000
0.0000000000000000
0.0000000000000000
0.0000000000000000
0.0000000000000000
0.0000000000000000
0.0000000000000000
0.0000000000000000
0.0000000000000000
0.0000000000000000
0.0000000000000000
0.0000000000000000
0.0000000000000000
0.0000000000000000
0.0000000000000000
0.0000000000000000
0.0000000000000000
0.0000000000000000
0.0000000000000000
0.0000000000000000
0.0000000000000000
0.0000000000000000
0.0000000000000000
0.0000000000000000
0.0000000000000000
0.0000000000000000
0.0000000000000000
0.0000000000000000
0.0000000000000000
0.0000000000000000
0.0000000000000000
0.0000000000000000
0.0000000000000000
0.0000000000000000
0.0000000000000000
0.0000000000000000
0.0000000000000000
0.0000000000000000
0.0000000000000000
0.0000000000000000
0.0000000000000000
0.0000000000000000
0.0000000000000000
0.0000000000000000
0.0000000000000000
0.0000000000000000
0.0000000000000000
0.0000000000000000
0.0000000000000000
0.0000000000000000
0.0000000000000000
0.0000000000000000
0.0000000000000000
0.0000000000000000
0.0000000000000000
0.0000000000000000
0.0000000000000000
0.0000000000000000
0.0000000000000000
0.0000000000000000
0.0000000000000000
0.0000000000000000
0.0000000000000000
0.0000000000000000
0.0000000000000000
0.0000000000000000
0.0000000000000000
0.0000000000000000
0.0000000000000000
0.0000000000000000
0.0000000000000000
0.0000000000000000
0.0000000000000000
0.0000000000000000
0.0000000000000000
0.0000000000000000
0.0000000000000000
0.0000000000000000
0.0000000000000000
0.0000000000000000
0.0000000000000000
0.0000000000000000
0.0000000000000000
0.0000000000000000
0.0000000000000000
0.0000000000000000
0.0000000000000000
0.0000000000000000
0.0000000000000000
0.0000000000000000
0.0000000000000000
0.0000000000000000
0.0000000000000000
0.0000000000000000
0.0000000000000000
0.0000000000000000
0.0000000000000000
0.0000000000000000
0.0000000000000000
0.0000000000000000
0.0000000000000000
0.0000000000000000
0.0000000000000000
0.0000000000000000
0.0000000000000000
0.0000000000000000
0.0000000000000000
0.0000000000000000
0.0000000000000000
0.0000000000000000
0.0000000000000000
0.0000000000000000
0.0000000000000000
0.0000000000000000
0.0000000000000000
0.0000000000000000
0.0000000000000000
0.0000000000000000
0.0000000000000000
0.0000000000000000
0.0000000000000000
0.0000000000000000
0.0000000000000000
0.0000000000000000
0.0000000000000000
0.0000000000000000
0.0000000000000000
0.0000000000000000
0.0000000000000000
0.0000000000000000
0.0000000000000000
0.0000000000000000
0.0000000000000000
0.0000000000000000
0.0000000000000000
0.0000000000000000
0.0000000000000000
0.0000000000000000
0.0000000000000000
0.0000000000000000
0.0000000000000000
0.0000000000000000
0.0000000000000000
0.0000000000000000
0.0000000000000000
0.0000000000000000
0.0000000000000000
0.0000000000000000
0.0000000000000000
0.0000000000000000
0.0000000000000000
0.0000000000000000
0.0000000000000000
0.0000000000000000
0.0000000000000000
0.0000000000000000
0.0000000000000000
0.0000000000000000
0.0000000000000000
0.0000000000000000
0.0000000000000000
0.0000000000000000
0.0000000000000000
0.0000000000000000
0.0000000000000000
0.0000000000000000
0.0000000000000000
0.0000000000000000
0.0000000000000000
0.0000000000000000
0.0000000000000000
0.0000000000000000
0.0000000000000000
0.0000000000000000
0.0000000000000000
0.0000000000000000
0.0000000000000000
0.0000000000000000
0.0000000000000000
0.0000000000000000
0.0000000000000000
0.0000000000000000
0.0000000000000000
0.0000000000000000
0.0000000000000000
0.0000000000000000
0.0000000000000000
0.0000000000000000
0.0000000000000000
0.0000000000000000
0.0000000000000000
0.0000000000000000
0.0000000000000000
0.0000000000000000
0.0000000000000000
0.0000000000000000
0.0000000000000000
0.0000000000000000
0.0000000000000000
0.0000000000000000
0.0000000000000000
0.0000000000000000
0.0000000000000000
0.0000000000000000
0.0000000000000000
0.0000000000000000
0.0000000000000000
0.0000000000000000
0.0000000000000000
0.0000000000000000
0.0000000000000000
0.0000000000000000
0.0000000000000000
0.0000000000000000
0.0000000000000000
0.0000000000000000
0.0000000000000000
0.0000000000000000
0.0000000000000000
0.0000000000000000
0.0000000000000000
0.0000000000000000
0.0000000000000000
0.0000000000000000
0.0000000000000000
0.0000000000000000
0.0000000000000000
0.0000000000000000
0.0000000000000000
0.0000000000000000
0.0000000000000000
0.0000000000000000
0.0000000000000000
0.0000000000000000
0.0000000000000000
0.0000000000000000
0.0000000000000000
0.0000000000000000
0.0000000000000000
0.0000000000000000
0.0000000000000000
0.0000000000000000
0.0000000000000000
0.0000000000000000
0.0000000000000000
0.0000000000000000
0.0000000000000000
0.0000000000000000
0.0000000000000000
0.0000000000000000
0.0000000000000000
0.0000000000000000
0.0000000000000000
0.0000000000000000
0.0000000000000000
0.0000000000000000
0.0000000000000000
0.0000000000000000
0.0000000000000000
0.0000000000000000
0.0000000000000000
0.0000000000000000
0.0000000000000000
0.0000000000000000
0.0000000000000000
0.0000000000000000
0.0000000000000000
0.0000000000000000
0.0000000000000000
0.0000000000000000
0.0000000000000000
0.0000000000000000
0.0000000000000000
0.0000000000000000
0.0000000000000000
0.0000000000000000
0.0000000000000000
0.0000000000000000
0.0000000000000000
0.0000000000000000
0.0000000000000000
0.0000000000000000
0.0000000000000000
0.0000000000000000
0.0000000000000000
0.0000000000000000
0.0000000000000000
0.0000000000000000
0.0000000000000000
0.0000000000000000
0.0000000000000000
0.0000000000000000
0.0000000000000000
0.0000000000000000
0.0000000000000000
0.0000000000000000
0.0000000000000000
0.0000000000000000
0.0000000000000000
0.0000000000000000
0.0000000000000000
0.0000000000000000
0.0000000000000000
0.0000000000000000
0.0000000000000000
0.0000000000000000
0.0000000000000000
0.0000000000000000
0.0000000000000000
0.0000000000000000
0.0000000000000000
0.0000000000000000
0.0000000000000000
0.0000000000000000
0.0000000000000000
0.0000000000000000
0.0000000000000000
0.0000000000000000
0.0000000000000000
0.0000000000000000
0.0000000000000000
0.0000000000000000
0.0000000000000000
0.0000000000000000
0.0000000000000000
0.0000000000000000
0.0000000000000000
0.0000000000000000
0.0000000000000000
0.0000000000000000
0.0000000000000000
0.0000000000000000
0.0000000000000000
0.0000000000000000
0.0000000000000000
0.0000000000000000
0.0000000000000000
0.0000000000000000
0.0000000000000000
0.0000000000000000
0.0000000000000000
0.0000000000000000
0.0000000000000000
0.0000000000000000
0.0000000000000000
0.0000000000000000
0.0000000000000000
0.0000000000000000
0.0000000000000000
0.0000000000000000
0.0000000000000000
0.0000000000000000
0.0000000000000000
0.0000000000000000
0.0000000000000000
0.0000000000000000
0.0000000000000000
0.0000000000000000
0.0000000000000000
0.0000000000000000
0.0000000000000000
0.0000000000000000
0.0000000000000000
0.0000000000000000
0.0000000000000000
0.0000000000000000
0.0000000000000000
0.0000000000000000
0.0000000000000000
0.0000000000000000
0.0000000000000000
0.0000000000000000
0.0000000000000000
0.0000000000000000
0.0000000000000000
0.0000000000000000
0.0000000000000000
0.0000000000000000
0.0000000000000000
0.0000000000000000
0.0000000000000000
0.0000000000000000
0.0000000000000000
0.0000000000000000
0.0000000000000000
0.0000000000000000
0.0000000000000000
0.0000000000000000
0.0000000000000000
0.0000000000000000
0.0000000000000000
0.0000000000000000
0.0000000000000000
0.0000000000000000
0.0000000000000000
0.0000000000000000
0.0000000000000000
0.0000000000000000
0.0000000000000000
0.0000000000000000
0.0000000000000000
0.0000000000000000
0.0000000000000000
0.0000000000000000
0.0000000000000000
0.0000000000000000
0.0000000000000000
0.0000000000000000
0.0000000000000000
0.0000000000000000
0.0000000000000000
0.0000000000000000
0.0000000000000000
0.0000000000000000
0.0000000000000000
0.0000000000000000
0.0000000000000000
0.0000000000000000
0.0000000000000000
0.0000000000000000
0.0000000000000000
0.0000000000000000
0.0000000000000000
0.0000000000000000
0.0000000000000000
0.0000000000000000
0.0000000000000000
0.0000000000000000
0.0000000000000000
0.0000000000000000
0.0000000000000000
0.0000000000000000
0.0000000000000000
0.0000000000000000
0.0000000000000000
0.0000000000000000
0.0000000000000000
0.0000000000000000
0.0000000000000000
0.0000000000000000
0.0000000000000000
0.0000000000000000
0.0000000000000000
0.0000000000000000
0.0000000000000000
0.0000000000000000
0.0000000000000000
0.0000000000000000
0.0000000000000000
0.0000000000000000
0.0000000000000000
0.0000000000000000
0.0000000000000000
0.0000000000000000
0.0000000000000000
0.0000000000000000
0.0000000000000000
0.0000000000000000
0.0000000000000000
0.0000000000000000
0.0000000000000000
0.0000000000000000
0.0000000000000000
0.0000000000000000
0.0000000000000000
0.0000000000000000
0.0000000000000000
0.0000000000000000
0.0000000000000000
0.0000000000000000
0.0000000000000000
0.0000000000000000
0.0000000000000000
0.0000000000000000
0.0000000000000000
0.0000000000000000
0.0000000000000000
0.0000000000000000
0.0000000000000000
0.0000000000000000
0.0000000000000000
0.0000000000000000
0.0000000000000000
0.0000000000000000
0.0000000000000000
0.0000000000000000
0.0000000000000000
0.0000000000000000
0.0000000000000000
0.0000000000000000
0.0000000000000000
0.0000000000000000
0.0000000000000000
0.0000000000000000
0.0000000000000000
0.0000000000000000
0.0000000000000000
0.0000000000000000
0.0000000000000000
0.0000000000000000
0.0000000000000000
0.0000000000000000
0.0000000000000000
0.0000000000000000
0.0000000000000000
0.0000000000000000
0.0000000000000000
0.0000000000000000
0.0000000000000000
0.0000000000000000
0.0000000000000000
0.0000000000000000
0.0000000000000000
0.0000000000000000
0.0000000000000000
0.0000000000000000
0.0000000000000000
0.0000000000000000
0.0000000000000000
0.0000000000000000
0.0000000000000000
0.0000000000000000
0.0000000000000000
0.0000000000000000
0.0000000000000000
0.0000000000000000
0.0000000000000000
0.0000000000000000
0.0000000000000000
0.0000000000000000
0.0000000000000000
0.0000000000000000
0.0000000000000000
0.0000000000000000
0.0000000000000000
0.0000000000000000
0.0000000000000000
0.0000000000000000
0.0000000000000000
0.0000000000000000
0.0000000000000000
0.0000000000000000
0.0000000000000000
0.0000000000000000
0.0000000000000000
0.0000000000000000
0.0000000000000000
0.0000000000000000
0.0000000000000000
0.0000000000000000
0.0000000000000000
0.0000000000000000
0.0000000000000000
0.0000000000000000
0.0000000000000000
0.0000000000000000
0.0000000000000000
0.0000000000000000
0.0000000000000000
0.0000000000000000
0.0000000000000000
0.0000000000000000
0.0000000000000000
0.0000000000000000
0.0000000000000000
0.0000000000000000
0.0000000000000000
0.0000000000000000
0.0000000000000000
0.0000000000000000
0.0000000000000000
0.0000000000000000
0.0000000000000000
0.0000000000000000
0.0000000000000000
0.0000000000000000
0.0000000000000000
0.0000000000000000
0.0000000000000000
0.0000000000000000
0.0000000000000000
0.0000000000000000
0.0000000000000000
0.0000000000000000
0.0000000000000000
0.0000000000000000
0.0000000000000000
0.0000000000000000
0.0000000000000000
0.0000000000000000
0.0000000000000000
0.0000000000000000
0.0000000000000000
0.0000000000000000
0.0000000000000000
0.0000000000000000
0.0000000000000000
0.0000000000000000
0.0000000000000000
0.0000000000000000
0.0000000000000000
0.0000000000000000
0.0000000000000000
0.0000000000000000
0.0000000000000000
0.0000000000000000
0.0000000000000000
0.0000000000000000
0.0000000000000000
0.0000000000000000
0.0000000000000000
0.0000000000000000
0.0000000000000000
0.0000000000000000
0.0000000000000000
0.0000000000000000
0.0000000000000000
0.0000000000000000
0.0000000000000000
0.0000000000000000
0.0000000000000000
0.0000000000000000
0.0000000000000000
0.0000000000000000
0.0000000000000000
0.0000000000000000
0.0000000000000000
0.0000000000000000
0.0000000000000000
0.0000000000000000
0.0000000000000000
0.0000000000000000
0.0000000000000000
0.0000000000000000
0.0000000000000000
0.0000000000000000
0.0000000000000000
0.0000000000000000
0.0000000000000000
0.0000000000000000
0.0000000000000000
0.0000000000000000
0.0000000000000000
0.0000000000000000
0.0000000000000000
0.0000000000000000
0.0000000000000000
0.0000000000000000
0.0000000000000000
0.0000000000000000
0.0000000000000000
0.0000000000000000
0.0000000000000000
0.0000000000000000
0.0000000000000000
0.0000000000000000
0.0000000000000000
0.0000000000000000
0.0000000000000000
0.0000000000000000
0.0000000000000000
0.0000000000000000
0.0000000000000000
0.0000000000000000
0.0000000000000000
0.0000000000000000
0.0000000000000000
0.0000000000000000
0.0000000000000000
0.0000000000000000
0.0000000000000000
0.0000000000000000
0.0000000000000000
0.0000000000000000
0.0000000000000000
0.0000000000000000
0.0000000000000000
0.0000000000000000
0.0000000000000000
0.0000000000000000
0.0000000000000000
0.0000000000000000
0.0000000000000000
0.0000000000000000
0.0000000000000000
0.0000000000000000
0.0000000000000000
0.0000000000000000
0.0000000000000000
0.0000000000000000
0.0000000000000000
0.0000000000000000
0.0000000000000000
0.0000000000000000
0.0000000000000000
0.0000000000000000
0.0000000000000000
0.0000000000000000
0.0000000000000000
0.0000000000000000
0.0000000000000000
0.0000000000000000
0.0000000000000000
0.0000000000000000
0.0000000000000000
0.0000000000000000
0.0000000000000000
0.0000000000000000
0.0000000000000000
0.0000000000000000
0.0000000000000000
0.0000000000000000
0.0000000000000000
0.0000000000000000
0.0000000000000000
0.0000000000000000
0.0000000000000000
0.0000000000000000
0.0000000000000000
0.0000000000000000
0.0000000000000000
0.0000000000000000
0.0000000000000000
0.0000000000000000
0.0000000000000000
0.0000000000000000
0.0000000000000000
0.0000000000000000
0.0000000000000000
0.0000000000000000
0.0000000000000000
0.0000000000000000
0.0000000000000000
0.0000000000000000
0.0000000000000000
0.0000000000000000
0.0000000000000000
0.0000000000000000
0.0000000000000000
0.0000000000000000
0.0000000000000000
0.0000000000000000
0.0000000000000000
0.0000000000000000
0.0000000000000000
0.0000000000000000
0.0000000000000000
0.0000000000000000
0.0000000000000000
0.0000000000000000
0.0000000000000000
0.0000000000000000
0.0000000000000000
0.0000000000000000
0.0000000000000000
0.0000000000000000
0.0000000000000000
0.0000000000000000
0.0000000000000000
0.0000000000000000
0.0000000000000000
0.0000000000000000
0.0000000000000000
0.0000000000000000
0.0000000000000000
0.0000000000000000
0.0000000000000000
0.0000000000000000
0.0000000000000000
0.0000000000000000
0.0000000000000000
0.0000000000000000
0.0000000000000000
0.0000000000000000
0.0000000000000000
0.0000000000000000
0.0000000000000000
0.0000000000000000
0.0000000000000000
0.0000000000000000
0.0000000000000000
0.0000000000000000
0.0000000000000000
0.0000000000000000
0.0000000000000000
0.0000000000000000
0.0000000000000000
0.0000000000000000
0.0000000000000000
0.0000000000000000
0.0000000000000000
0.0000000000000000
0.0000000000000000
0.0000000000000000
0.0000000000000000
0.0000000000000000
0.0000000000000000
0.0000000000000000
0.0000000000000000
0.0000000000000000
0.0000000000000000
0.0000000000000000
0.0000000000000000
0.0000000000000000
0.0000000000000000
0.0000000000000000
0.0000000000000000
0.0000000000000000
0.0000000000000000
0.0000000000000000
0.0000000000000000
0.0000000000000000
0.0000000000000000
0.0000000000000000
0.0000000000000000
0.0000000000000000
0.0000000000000000
0.0000000000000000
0.0000000000000000
0.0000000000000000
0.0000000000000000
0.0000000000000000
0.0000000000000000
0.0000000000000000
0.0000000000000000
0.0000000000000000
0.0000000000000000
0.0000000000000000
0.0000000000000000
0.0000000000000000
0.0000000000000000
0.0000000000000000
0.0000000000000000
0.0000000000000000
0.0000000000000000
0.0000000000000000
0.0000000000000000
0.0000000000000000
0.0000000000000000
0.0000000000000000
0.0000000000000000
0.0000000000000000
0.0000000000000000
0.0000000000000000
0.0000000000000000
0.0000000000000000
0.0000000000000000
0.0000000000000000
0.0000000000000000
0.0000000000000000
0.0000000000000000
0.0000000000000000
0.0000000000000000
0.0000000000000000
0.0000000000000000
0.0000000000000000
0.0000000000000000
0.0000000000000000
0.0000000000000000
0.0000000000000000
0.0000000000000000
0.0000000000000000
0.0000000000000000
0.0000000000000000
0.0000000000000000
0.0000000000000000
0.0000000000000000
0.0000000000000000
0.0000000000000000
0.0000000000000000
0.0000000000000000
0.0000000000000000
0.0000000000000000
0.0000000000000000
0.0000000000000000
0.0000000000000000
0.0000000000000000
0.0000000000000000
0.0000000000000000
0.0000000000000000
0.0000000000000000
0.0000000000000000
0.0000000000000000
0.0000000000000000
0.0000000000000000
0.0000000000000000
0.0000000000000000
0.0000000000000000
0.0000000000000000
0.0000000000000000
0.0000000000000000
0.0000000000000000
0.0000000000000000
0.0000000000000000
0.0000000000000000
0.0000000000000000
0.0000000000000000
0.0000000000000000
0.0000000000000000
0.0000000000000000
0.0000000000000000
0.0000000000000000
0.0000000000000000
0.0000000000000000
0.0000000000000000
0.0000000000000000
0.0000000000000000
0.0000000000000000
0.0000000000000000
0.0000000000000000
0.0000000000000000
0.0000000000000000
0.0000000000000000
0.0000000000000000
0.0000000000000000
0.0000000000000000
0.0000000000000000
0.0000000000000000
0.0000000000000000
0.0000000000000000
0.0000000000000000
0.0000000000000000
0.0000000000000000
0.0000000000000000
0.0000000000000000
0.0000000000000000
0.0000000000000000
0.0000000000000000
0.0000000000000000
0.0000000000000000
0.0000000000000000
0.0000000000000000
0.0000000000000000
0.0000000000000000
0.0000000000000000
0.0000000000000000
0.0000000000000000
0.0000000000000000
0.0000000000000000
0.0000000000000000
0.0000000000000000
0.0000000000000000
0.0000000000000000
0.0000000000000000
0.0000000000000000
0.0000000000000000
0.0000000000000000
0.0000000000000000
0.0000000000000000
0.0000000000000000
0.0000000000000000
0.0000000000000000
0.0000000000000000
0.0000000000000000
0.0000000000000000
0.0000000000000000
0.0000000000000000
0.0000000000000000
0.0000000000000000
0.0000000000000000
0.0000000000000000
0.0000000000000000
0.0000000000000000
0.0000000000000000
0.0000000000000000
0.0000000000000000
0.0000000000000000
0.0000000000000000
0.0000000000000000
0.0000000000000000
0.0000000000000000
0.0000000000000000
0.0000000000000000
0.0000000000000000
0.0000000000000000
0.0000000000000000
0.0000000000000000
0.0000000000000000
0.0000000000000000
0.0000000000000000
0.0000000000000000
0.0000000000000000
0.0000000000000000
0.0000000000000000
0.0000000000000000
0.0000000000000000
0.0000000000000000
0.0000000000000000
0.0000000000000000
0.0000000000000000
0.0000000000000000
0.0000000000000000
0.0000000000000000
0.0000000000000000
0.0000000000000000
0.0000000000000000
0.0000000000000000
0.0000000000000000
0.0000000000000000
0.0000000000000000
0.0000000000000000
0.0000000000000000
0.0000000000000000
0.0000000000000000
0.0000000000000000
0.0000000000000000
0.0000000000000000
0.0000000000000000
0.0000000000000000
0.0000000000000000
0.0000000000000000
0.0000000000000000
0.0000000000000000
0.0000000000000000
0.0000000000000000
0.0000000000000000
0.0000000000000000
0.0000000000000000
0.0000000000000000
0.0000000000000000
0.0000000000000000
0.0000000000000000
0.0000000000000000
0.0000000000000000
0.0000000000000000
0.0000000000000000
0.0000000000000000
0.0000000000000000
0.0000000000000000
0.0000000000000000
0.0000000000000000
0.0000000000000000
0.0000000000000000
0.0000000000000000
0.0000000000000000
0.0000000000000000
0.0000000000000000
0.0000000000000000
0.0000000000000000
0.0000000000000000
0.0000000000000000
0.0000000000000000
0.0000000000000000
0.0000000000000000
0.0000000000000000
0.0000000000000000
0.0000000000000000
0.0000000000000000
0.0000000000000000
0.0000000000000000
0.0000000000000000
0.0000000000000000
0.0000000000000000
0.0000000000000000
0.0000000000000000
0.0000000000000000
0.0000000000000000
0.0000000000000000
0.0000000000000000
0.0000000000000000
0.0000000000000000
0.0000000000000000
0.0000000000000000
0.0000000000000000
0.0000000000000000
0.0000000000000000
0.0000000000000000
0.0000000000000000
0.0000000000000000
0.0000000000000000
0.0000000000000000
0.0000000000000000
0.0000000000000000
0.0000000000000000
0.0000000000000000
0.0000000000000000
0.0000000000000000
0.0000000000000000
0.0000000000000000
0.0000000000000000
0.0000000000000000
0.0000000000000000
0.0000000000000000
0.0000000000000000
0.0000000000000000
0.0000000000000000
0.0000000000000000
0.0000000000000000
0.0000000000000000
0.0000000000000000
0.0000000000000000
0.0000000000000000
0.0000000000000000
0.0000000000000000
0.0000000000000000
0.0000000000000000
0.0000000000000000
0.0000000000000000
0.0000000000000000
0.0000000000000000
0.0000000000000000
0.0000000000000000
0.0000000000000000
0.0000000000000000
0.0000000000000000
0.0000000000000000
0.0000000000000000
0.0000000000000000
0.0000000000000000
0.0000000000000000
0.0000000000000000
0.0000000000000000
0.0000000000000000
0.0000000000000000
0.0000000000000000
0.0000000000000000
0.0000000000000000
0.0000000000000000
0.0000000000000000
0.0000000000000000
0.0000000000000000
0.0000000000000000
0.0000000000000000
0.0000000000000000
0.0000000000000000
0.0000000000000000
0.0000000000000000
0.0000000000000000
0.0000000000000000
0.0000000000000000
0.0000000000000000
0.0000000000000000
0.0000000000000000
0.0000000000000000
0.0000000000000000
0.0000000000000000
0.0000000000000000
0.0000000000000000
0.0000000000000000
0.0000000000000000
0.0000000000000000
0.0000000000000000
0.0000000000000000
0.0000000000000000
0.0000000000000000
0.0000000000000000
0.0000000000000000
0.0000000000000000
0.0000000000000000
0.0000000000000000
0.0000000000000000
0.0000000000000000
0.0000000000000000
0.0000000000000000
0.0000000000000000
0.0000000000000000
0.0000000000000000
0.0000000000000000
0.0000000000000000
0.0000000000000000
0.0000000000000000
0.0000000000000000
0.0000000000000000
0.0000000000000000
0.0000000000000000
0.0000000000000000
0.0000000000000000
0.0000000000000000
0.0000000000000000
0.0000000000000000
0.0000000000000000
0.0000000000000000
0.0000000000000000
0.0000000000000000
0.0000000000000000
0.0000000000000000
0.0000000000000000
0.0000000000000000
0.0000000000000000
0.0000000000000000
0.0000000000000000
0.0000000000000000
0.0000000000000000
0.0000000000000000
0.0000000000000000
0.0000000000000000
0.0000000000000000
0.0000000000000000
0.0000000000000000
0.0000000000000000
0.0000000000000000
0.0000000000000000
0.0000000000000000
0.0000000000000000
0.0000000000000000
0.0000000000000000
0.0000000000000000
0.0000000000000000
0.0000000000000000
0.0000000000000000
0.0000000000000000
0.0000000000000000
0.0000000000000000
0.0000000000000000
0.0000000000000000
0.0000000000000000
0.0000000000000000
0.0000000000000000
0.0000000000000000
0.0000000000000000
0.0000000000000000
0.0000000000000000
0.0000000000000000
0.0000000000000000
0.0000000000000000
0.0000000000000000
0.0000000000000000
0.0000000000000000
0.0000000000000000
0.0000000000000000
0.0000000000000000
0.0000000000000000
0.0000000000000000
0.0000000000000000
0.0000000000000000
0.0000000000000000
0.0000000000000000
0.0000000000000000
0.0000000000000000
0.0000000000000000
0.0000000000000000
0.0000000000000000
0.0000000000000000
0.0000000000000000
0.0000000000000000
0.0000000000000000
0.0000000000000000
0.0000000000000000
0.0000000000000000
0.0000000000000000
0.0000000000000000
0.0000000000000000
0.0000000000000000
0.0000000000000000
0.0000000000000000
0.0000000000000000
0.0000000000000000
0.0000000000000000
0.0000000000000000
0.0000000000000000
0.0000000000000000
0.0000000000000000
0.0000000000000000
0.0000000000000000
0.0000000000000000
0.0000000000000000
0.0000000000000000
0.0000000000000000
0.0000000000000000
0.0000000000000000
0.0000000000000000
0.0000000000000000
0.0000000000000000
0.0000000000000000
0.0000000000000000
0.0000000000000000
0.0000000000000000
0.0000000000000000
0.0000000000000000
0.0000000000000000
0.0000000000000000
0.0000000000000000
0.0000000000000000
0.0000000000000000
0.0000000000000000
0.0000000000000000
0.0000000000000000
0.0000000000000000
0.0000000000000000
0.0000000000000000
0.0000000000000000
0.0000000000000000
0.0000000000000000
0.0000000000000000
0.0000000000000000
0.0000000000000000
0.0000000000000000
0.0000000000000000
0.0000000000000000
0.0000000000000000
0.0000000000000000
0.0000000000000000
0.0000000000000000
0.0000000000000000
0.0000000000000000
0.0000000000000000
0.0000000000000000
0.0000000000000000
0.0000000000000000
0.0000000000000000
0.0000000000000000
0.0000000000000000
0.0000000000000000
0.0000000000000000
0.0000000000000000
0.0000000000000000
0.0000000000000000
0.0000000000000000
0.0000000000000000
0.0000000000000000
0.0000000000000000
0.0000000000000000
0.0000000000000000
0.0000000000000000
0.0000000000000000
0.0000000000000000
0.0000000000000000
0.0000000000000000
0.0000000000000000
0.0000000000000000
0.0000000000000000
0.0000000000000000
0.0000000000000000
0.0000000000000000
0.0000000000000000
0.0000000000000000
0.0000000000000000
0.0000000000000000
0.0000000000000000
0.0000000000000000
0.0000000000000000
0.0000000000000000
0.0000000000000000
0.0000000000000000
0.0000000000000000
0.0000000000000000
0.0000000000000000
0.0000000000000000
0.0000000000000000
0.0000000000000000
0.0000000000000000
0.0000000000000000
0.0000000000000000
0.0000000000000000
0.0000000000000000
0.0000000000000000
0.0000000000000000
0.0000000000000000
0.0000000000000000
0.0000000000000000
0.0000000000000000
0.0000000000000000
0.0000000000000000
0.0000000000000000
0.0000000000000000
0.0000000000000000
0.0000000000000000
0.0000000000000000
0.0000000000000000
0.0000000000000000
0.0000000000000000
0.0000000000000000
0.0000000000000000
0.0000000000000000
0.0000000000000000
0.0000000000000000
0.0000000000000000
0.0000000000000000
0.0000000000000000
0.0000000000000000
0.0000000000000000
0.0000000000000000
0.0000000000000000
0.0000000000000000
0.0000000000000000
0.0000000000000000
0.0000000000000000
0.0000000000000000
0.0000000000000000
0.0000000000000000
0.0000000000000000
0.0000000000000000
0.0000000000000000
0.0000000000000000
0.0000000000000000
0.0000000000000000
0.0000000000000000
0.0000000000000000
0.0000000000000000
0.0000000000000000
0.0000000000000000
0.0000000000000000
0.0000000000000000
0.0000000000000000
0.0000000000000000
0.0000000000000000
0.0000000000000000
0.0000000000000000
0.0000000000000000
0.0000000000000000
0.0000000000000000
0.0000000000000000
0.0000000000000000
0.0000000000000000
0.0000000000000000
0.0000000000000000
0.0000000000000000
0.0000000000000000
0.0000000000000000
0.0000000000000000
0.0000000000000000
0.0000000000000000
0.0000000000000000
0.0000000000000000
0.0000000000000000
0.0000000000000000
0.0000000000000000
0.0000000000000000
0.0000000000000000
0.0000000000000000
0.0000000000000000
0.0000000000000000
0.0000000000000000
0.0000000000000000
0.0000000000000000
0.0000000000000000
0.0000000000000000
0.0000000000000000
0.0000000000000000
0.0000000000000000
0.0000000000000000
0.0000000000000000
0.0000000000000000
0.0000000000000000
0.0000000000000000
0.0000000000000000
0.0000000000000000
0.0000000000000000
0.0000000000000000
0.0000000000000000
0.0000000000000000
0.0000000000000000
0.0000000000000000
0.0000000000000000
0.0000000000000000
0.0000000000000000
0.0000000000000000
0.0000000000000000
0.0000000000000000
0.0000000000000000
0.0000000000000000
0.0000000000000000
0.0000000000000000
0.0000000000000000
0.0000000000000000
0.0000000000000000
0.0000000000000000
0.0000000000000000
0.0000000000000000
0.0000000000000000
0.0000000000000000
0.0000000000000000
0.0000000000000000
0.0000000000000000
0.0000000000000000
0.0000000000000000
0.0000000000000000
0.0000000000000000
0.0000000000000000
0.0000000000000000
0.0000000000000000
0.0000000000000000
0.0000000000000000
0.0000000000000000
0.0000000000000000
0.0000000000000000
0.0000000000000000
0.0000000000000000
0.0000000000000000
0.0000000000000000
0.0000000000000000
0.0000000000000000
0.0000000000000000
0.0000000000000000
0.0000000000000000
0.0000000000000000
0.0000000000000000
0.0000000000000000
0.0000000000000000
0.0000000000000000
0.0000000000000000
0.0000000000000000
0.0000000000000000
0.0000000000000000
0.0000000000000000
0.0000000000000000
0.0000000000000000
0.0000000000000000
0.0000000000000000
0.0000000000000000
0.0000000000000000
0.0000000000000000
0.0000000000000000
0.0000000000000000
0.0000000000000000
0.0000000000000000
0.0000000000000000
0.0000000000000000
0.0000000000000000
0.0000000000000000
0.0000000000000000
0.0000000000000000
0.0000000000000000
0.0000000000000000
0.0000000000000000
0.0000000000000000
0.0000000000000000
0.0000000000000000
0.0000000000000000
0.0000000000000000
0.0000000000000000
0.0000000000000000
0.0000000000000000
0.0000000000000000
0.0000000000000000
0.0000000000000000
0.0000000000000000
0.0000000000000000
0.0000000000000000
0.0000000000000000
0.0000000000000000
0.0000000000000000
0.0000000000000000
0.0000000000000000
0.0000000000000000
0.0000000000000000
0.0000000000000000
0.0000000000000000
0.0000000000000000
0.0000000000000000
0.0000000000000000
0.0000000000000000
0.0000000000000000
0.0000000000000000
0.0000000000000000
0.0000000000000000
0.0000000000000000
0.0000000000000000
0.0000000000000000
0.0000000000000000
0.0000000000000000
0.0000000000000000
0.0000000000000000
0.0000000000000000
0.0000000000000000
0.0000000000000000
0.0000000000000000
0.0000000000000000
0.0000000000000000
0.0000000000000000
0.0000000000000000
0.0000000000000000
0.0000000000000000
0.0000000000000000
0.0000000000000000
0.0000000000000000
0.0000000000000000
0.0000000000000000
0.0000000000000000
0.0000000000000000
0.0000000000000000
0.0000000000000000
0.0000000000000000
0.0000000000000000
0.0000000000000000
0.0000000000000000
0.0000000000000000
0.0000000000000000
0.0000000000000000
0.0000000000000000
0.0000000000000000
0.0000000000000000
0.0000000000000000
0.0000000000000000
0.0000000000000000
0.0000000000000000
0.0000000000000000
0.0000000000000000
0.0000000000000000
0.0000000000000000
0.0000000000000000
0.0000000000000000
0.0000000000000000
0.0000000000000000
0.0000000000000000
0.0000000000000000
0.0000000000000000
0.0000000000000000
0.0000000000000000
0.0000000000000000
0.0000000000000000
0.0000000000000000
0.0000000000000000
0.0000000000000000
0.0000000000000000
0.0000000000000000
0.0000000000000000
0.0000000000000000
0.0000000000000000
0.0000000000000000
0.0000000000000000
0.0000000000000000
0.0000000000000000
0.0000000000000000
0.0000000000000000
0.0000000000000000
0.0000000000000000
0.0000000000000000
0.0000000000000000
0.0000000000000000
0.0000000000000000
0.0000000000000000
0.0000000000000000
0.0000000000000000
0.0000000000000000
0.0000000000000000
0.0000000000000000
0.0000000000000000
0.0000000000000000
0.0000000000000000
0.0000000000000000
0.0000000000000000
0.0000000000000000
0.0000000000000000
0.0000000000000000
0.0000000000000000
0.0000000000000000
0.0000000000000000
0.0000000000000000
0.0000000000000000
0.0000000000000000
0.0000000000000000
0.0000000000000000
0.0000000000000000
0.0000000000000000
0.0000000000000000
0.0000000000000000
0.0000000000000000
0.0000000000000000
0.0000000000000000
0.0000000000000000
0.0000000000000000
0.0000000000000000
0.0000000000000000
0.0000000000000000
0.0000000000000000
0.0000000000000000
0.0000000000000000
0.0000000000000000
0.0000000000000000
0.0000000000000000
0.0000000000000000
0.0000000000000000
0.0000000000000000
0.0000000000000000
0.0000000000000000
0.0000000000000000
0.0000000000000000
0.0000000000000000
0.0000000000000000
0.0000000000000000
0.0000000000000000
0.0000000000000000
0.0000000000000000
0.0000000000000000
0.0000000000000000
0.0000000000000000
0.0000000000000000
0.0000000000000000
0.0000000000000000
0.0000000000000000
0.0000000000000000
0.0000000000000000
0.0000000000000000
0.0000000000000000
0.0000000000000000
0.0000000000000000
0.0000000000000000
0.0000000000000000
0.0000000000000000
0.0000000000000000
0.0000000000000000
0.0000000000000000
0.0000000000000000
0.0000000000000000
0.0000000000000000
0.0000000000000000
0.0000000000000000
0.0000000000000000
0.0000000000000000
0.0000000000000000
0.0000000000000000
0.0000000000000000
0.0000000000000000
0.0000000000000000
0.0000000000000000
0.0000000000000000
0.0000000000000000
0.0000000000000000
0.0000000000000000
0.0000000000000000
0.0000000000000000
0.0000000000000000
0.0000000000000000
0.0000000000000000
0.0000000000000000
0.0000000000000000
0.0000000000000000
0.0000000000000000
0.0000000000000000
0.0000000000000000
0.0000000000000000
0.0000000000000000
0.0000000000000000
0.0000000000000000
0.0000000000000000
0.0000000000000000
0.0000000000000000
0.0000000000000000
0.0000000000000000
0.0000000000000000
0.0000000000000000
0.0000000000000000
0.0000000000000000
0.0000000000000000
0.0000000000000000
0.0000000000000000
0.0000000000000000
0.0000000000000000
0.0000000000000000
0.0000000000000000
0.0000000000000000
0.0000000000000000
0.0000000000000000
0.0000000000000000
0.0000000000000000
0.0000000000000000
0.0000000000000000
0.0000000000000000
0.0000000000000000
0.0000000000000000
0.0000000000000000
0.0000000000000000
0.0000000000000000
0.0000000000000000
0.0000000000000000
0.0000000000000000
0.0000000000000000
0.0000000000000000
0.0000000000000000
0.0000000000000000
0.0000000000000000
0.0000000000000000
0.0000000000000000
0.0000000000000000
0.0000000000000000
0.0000000000000000
0.0000000000000000
0.0000000000000000
0.0000000000000000
0.0000000000000000
0.0000000000000000
0.0000000000000000
0.0000000000000000
0.0000000000000000
0.0000000000000000
0.0000000000000000
0.0000000000000000
0.0000000000000000
0.0000000000000000
0.0000000000000000
0.0000000000000000
0.0000000000000000
0.0000000000000000
0.0000000000000000
0.0000000000000000
0.0000000000000000
0.0000000000000000
0.0000000000000000
0.0000000000000000
0.0000000000000000
0.0000000000000000
0.0000000000000000
0.0000000000000000
0.0000000000000000
0.0000000000000000
0.0000000000000000
0.0000000000000000
0.0000000000000000
0.0000000000000000
0.0000000000000000
0.0000000000000000
0.0000000000000000
0.0000000000000000
0.0000000000000000
0.0000000000000000
0.0000000000000000
0.0000000000000000
0.0000000000000000
0.0000000000000000
0.0000000000000000
0.0000000000000000
0.0000000000000000
0.0000000000000000
0.0000000000000000
0.0000000000000000
0.0000000000000000
0.0000000000000000
0.0000000000000000
0.0000000000000000
0.0000000000000000
0.0000000000000000
0.0000000000000000
0.0000000000000000
0.0000000000000000
0.0000000000000000
0.0000000000000000
0.0000000000000000
0.0000000000000000
0.0000000000000000
0.0000000000000000
0.0000000000000000
0.0000000000000000
0.0000000000000000
0.0000000000000000
0.0000000000000000
0.0000000000000000
0.0000000000000000
0.0000000000000000
0.0000000000000000
0.0000000000000000
0.0000000000000000
0.0000000000000000
0.0000000000000000
0.0000000000000000
0.0000000000000000
0.0000000000000000
0.0000000000000000
0.0000000000000000
0.0000000000000000
0.0000000000000000
0.0000000000000000
0.0000000000000000
0.0000000000000000
0.0000000000000000
0.0000000000000000
0.0000000000000000
0.0000000000000000
0.0000000000000000
0.0000000000000000
0.0000000000000000
0.0000000000000000
0.0000000000000000
0.0000000000000000
0.0000000000000000
0.0000000000000000
0.0000000000000000
0.0000000000000000
0.0000000000000000
0.0000000000000000
0.0000000000000000
0.0000000000000000
0.0000000000000000
0.0000000000000000
0.0000000000000000
0.0000000000000000
0.0000000000000000
0.0000000000000000
0.0000000000000000
0.0000000000000000
0.0000000000000000
0.0000000000000000
0.0000000000000000
0.0000000000000000
0.0000000000000000
0.0000000000000000
0.0000000000000000
0.0000000000000000
0.0000000000000000
0.0000000000000000
0.0000000000000000
0.0000000000000000
0.0000000000000000
0.0000000000000000
0.0000000000000000
0.0000000000000000
0.0000000000000000
0.0000000000000000
0.0000000000000000
0.0000000000000000
0.0000000000000000
0.0000000000000000
0.0000000000000000
0.0000000000000000
0.0000000000000000
0.0000000000000000
0.0000000000000000
0.0000000000000000
0.0000000000000000
0.0000000000000000
0.0000000000000000
0.0000000000000000
0.0000000000000000
0.0000000000000000
0.0000000000000000
0.0000000000000000
0.0000000000000000
0.0000000000000000
0.0000000000000000
0.0000000000000000
0.0000000000000000
0.0000000000000000
0.0000000000000000
0.0000000000000000
0.0000000000000000
0.0000000000000000
0.0000000000000000
0.0000000000000000
0.0000000000000000
0.0000000000000000
0.0000000000000000
0.0000000000000000
0.0000000000000000
0.0000000000000000
0.0000000000000000
0.0000000000000000
0.0000000000000000
0.0000000000000000
0.0000000000000000
0.0000000000000000
0.0000000000000000
0.0000000000000000
0.0000000000000000
0.0000000000000000
0.0000000000000000
0.0000000000000000
0.0000000000000000
0.0000000000000000
0.0000000000000000
0.0000000000000000
0.0000000000000000
0.0000000000000000
0.0000000000000000
0.0000000000000000
0.0000000000000000
0.0000000000000000
0.0000000000000000
0.0000000000000000
0.0000000000000000
0.0000000000000000
0.0000000000000000
0.0000000000000000
0.0000000000000000
0.0000000000000000
0.0000000000000000
0.0000000000000000
0.0000000000000000
0.0000000000000000
0.0000000000000000
0.0000000000000000
0.0000000000000000
0.0000000000000000
0.0000000000000000
0.0000000000000000
0.0000000000000000
0.0000000000000000
0.0000000000000000
0.0000000000000000
0.0000000000000000
0.0000000000000000
0.0000000000000000
0.0000000000000000
0.0000000000000000
0.0000000000000000
0.0000000000000000
0.0000000000000000
0.0000000000000000
0.0000000000000000
0.0000000000000000
0.0000000000000000
0.0000000000000000
0.0000000000000000
0.0000000000000000
0.0000000000000000
0.0000000000000000
0.0000000000000000
0.0000000000000000
0.0000000000000000
0.0000000000000000
0.0000000000000000
0.0000000000000000
0.0000000000000000
0.0000000000000000
0.0000000000000000
0.0000000000000000
0.0000000000000000
0.0000000000000000
0.0000000000000000
0.0000000000000000
0.0000000000000000
0.0000000000000000
0.0000000000000000
0.0000000000000000
0.0000000000000000
0.0000000000000000
0.0000000000000000
0.0000000000000000
0.0000000000000000
0.0000000000000000
0.0000000000000000
0.0000000000000000
0.0000000000000000
0.0000000000000000
0.0000000000000000
0.0000000000000000
0.0000000000000000
0.0000000000000000
0.0000000000000000
0.0000000000000000
0.0000000000000000
0.0000000000000000
0.0000000000000000
0.0000000000000000
0.0000000000000000
0.0000000000000000
0.0000000000000000
0.0000000000000000
0.0000000000000000
0.0000000000000000
0.0000000000000000
0.0000000000000000
0.0000000000000000
0.0000000000000000
0.0000000000000000
0.0000000000000000
0.0000000000000000
0.0000000000000000
0.0000000000000000
0.0000000000000000
0.0000000000000000
0.0000000000000000
0.0000000000000000
0.0000000000000000
0.0000000000000000
0.0000000000000000
0.0000000000000000
0.0000000000000000
0.0000000000000000
0.0000000000000000
0.0000000000000000
0.0000000000000000
0.0000000000000000
0.0000000000000000
0.0000000000000000
0.0000000000000000
0.0000000000000000
0.0000000000000000
0.0000000000000000
0.0000000000000000
0.0000000000000000
0.0000000000000000
0.0000000000000000
0.0000000000000000
0.0000000000000000
0.0000000000000000
0.0000000000000000
0.0000000000000000
0.0000000000000000
0.0000000000000000
0.0000000000000000
0.0000000000000000
0.0000000000000000
0.0000000000000000
0.0000000000000000
0.0000000000000000
0.0000000000000000
0.0000000000000000
0.0000000000000000
0.0000000000000000
0.0000000000000000
0.0000000000000000
0.0000000000000000
0.0000000000000000
0.0000000000000000
0.0000000000000000
0.0000000000000000
0.0000000000000000
0.0000000000000000
0.0000000000000000
0.0000000000000000
0.0000000000000000
0.0000000000000000
0.0000000000000000
0.0000000000000000
0.0000000000000000
0.0000000000000000
0.0000000000000000
0.0000000000000000
0.0000000000000000
0.0000000000000000
0.0000000000000000
0.0000000000000000
0.0000000000000000
0.0000000000000000
0.0000000000000000
0.0000000000000000
0.0000000000000000
0.0000000000000000
0.0000000000000000
0.0000000000000000
0.0000000000000000
0.0000000000000000
0.0000000000000000
0.0000000000000000
0.0000000000000000
0.0000000000000000
0.0000000000000000
0.0000000000000000
0.0000000000000000
0.0000000000000000
0.0000000000000000
0.0000000000000000
0.0000000000000000
0.0000000000000000
0.0000000000000000
0.0000000000000000
0.0000000000000000
0.0000000000000000
0.0000000000000000
0.0000000000000000
0.0000000000000000
0.0000000000000000
0.0000000000000000
0.0000000000000000
0.0000000000000000
0.0000000000000000
0.0000000000000000
0.0000000000000000
0.0000000000000000
0.0000000000000000
0.0000000000000000
0.0000000000000000
0.0000000000000000
0.0000000000000000
0.0000000000000000
0.0000000000000000
0.0000000000000000
0.0000000000000000
0.0000000000000000
0.0000000000000000
0.0000000000000000
0.0000000000000000
0.0000000000000000
0.0000000000000000
0.0000000000000000
0.0000000000000000
0.0000000000000000
0.0000000000000000
0.0000000000000000
0.0000000000000000
0.0000000000000000
0.0000000000000000
0.0000000000000000
0.0000000000000000
0.0000000000000000
0.0000000000000000
0.0000000000000000
0.0000000000000000
0.0000000000000000
0.0000000000000000
0.0000000000000000
0.0000000000000000
0.0000000000000000
0.0000000000000000
0.0000000000000000
0.0000000000000000
0.0000000000000000
0.0000000000000000
0.0000000000000000
0.0000000000000000
0.0000000000000000
0.0000000000000000
0.0000000000000000
0.0000000000000000
0.0000000000000000
0.0000000000000000
0.0000000000000000
0.0000000000000000
0.0000000000000000
0.0000000000000000
0.0000000000000000
0.0000000000000000
0.0000000000000000
0.0000000000000000
0.0000000000000000
0.0000000000000000
0.0000000000000000
0.0000000000000000
0.0000000000000000
0.0000000000000000
0.0000000000000000
0.0000000000000000
0.0000000000000000
0.0000000000000000
0.0000000000000000
0.0000000000000000
0.0000000000000000
0.0000000000000000
0.0000000000000000
0.0000000000000000
0.0000000000000000
0.0000000000000000
0.0000000000000000
0.0000000000000000
0.0000000000000000
0.0000000000000000
0.0000000000000000
0.0000000000000000
0.0000000000000000
0.0000000000000000
0.0000000000000000
0.0000000000000000
0.0000000000000000
0.0000000000000000
0.0000000000000000
0.0000000000000000
0.0000000000000000
0.0000000000000000
0.0000000000000000
0.0000000000000000
0.0000000000000000
0.0000000000000000
0.0000000000000000
0.0000000000000000
0.0000000000000000
0.0000000000000000
0.0000000000000000
0.0000000000000000
0.0000000000000000
0.0000000000000000
0.0000000000000000
0.0000000000000000
0.0000000000000000
0.0000000000000000
0.0000000000000000
0.0000000000000000
0.0000000000000000
0.0000000000000000
0.0000000000000000
0.0000000000000000
0.0000000000000000
0.0000000000000000
0.0000000000000000
0.0000000000000000
0.0000000000000000
0.0000000000000000
0.0000000000000000
0.0000000000000000
0.0000000000000000
0.0000000000000000
0.0000000000000000
0.0000000000000000
0.0000000000000000
0.0000000000000000
0.0000000000000000
0.0000000000000000
0.0000000000000000
0.0000000000000000
0.0000000000000000
0.0000000000000000
0.0000000000000000
0.0000000000000000
0.0000000000000000
0.0000000000000000
0.0000000000000000
0.0000000000000000
0.0000000000000000
0.0000000000000000
0.0000000000000000
0.0000000000000000
0.0000000000000000
0.0000000000000000
0.0000000000000000
0.0000000000000000
0.0000000000000000
0.0000000000000000
0.0000000000000000
0.0000000000000000
0.0000000000000000
0.0000000000000000
0.0000000000000000
0.0000000000000000
0.0000000000000000
0.0000000000000000
0.0000000000000000
0.0000000000000000
0.0000000000000000
0.0000000000000000
0.0000000000000000
0.0000000000000000
0.0000000000000000
0.0000000000000000
0.0000000000000000
0.0000000000000000
0.0000000000000000
0.0000000000000000
0.0000000000000000
0.0000000000000000
0.0000000000000000
0.0000000000000000
0.0000000000000000
0.0000000000000000
0.0000000000000000
0.0000000000000000
0.0000000000000000
0.0000000000000000
0.0000000000000000
0.0000000000000000
0.0000000000000000
0.0000000000000000
0.0000000000000000
0.0000000000000000
0.0000000000000000
0.0000000000000000
0.0000000000000000
0.0000000000000000
0.0000000000000000
0.0000000000000000
0.0000000000000000
0.0000000000000000
0.0000000000000000
0.0000000000000000
0.0000000000000000
0.0000000000000000
0.0000000000000000
0.0000000000000000
0.0000000000000000
0.0000000000000000
0.0000000000000000
0.0000000000000000
0.0000000000000000
0.0000000000000000
0.0000000000000000
0.0000000000000000
0.0000000000000000
0.0000000000000000
0.0000000000000000
0.0000000000000000
0.0000000000000000
0.0000000000000000
0.0000000000000000
0.0000000000000000
0.0000000000000000
0.0000000000000000
0.0000000000000000
0.0000000000000000
0.0000000000000000
0.0000000000000000
0.0000000000000000
0.0000000000000000
0.0000000000000000
0.0000000000000000
0.0000000000000000
0.0000000000000000
0.0000000000000000
0.0000000000000000
0.0000000000000000
0.0000000000000000
0.0000000000000000
0.0000000000000000
0.0000000000000000
0.0000000000000000
0.0000000000000000
0.0000000000000000
0.0000000000000000
0.0000000000000000
0.0000000000000000
0.0000000000000000
0.0000000000000000
0.0000000000000000
0.0000000000000000
0.0000000000000000
0.0000000000000000
0.0000000000000000
0.0000000000000000
0.0000000000000000
0.0000000000000000
0.0000000000000000
0.0000000000000000
0.0000000000000000
0.0000000000000000
0.0000000000000000
0.0000000000000000
0.0000000000000000
0.0000000000000000
0.0000000000000000
0.0000000000000000
0.0000000000000000
0.0000000000000000
0.0000000000000000
0.0000000000000000
0.0000000000000000
0.0000000000000000
0.0000000000000000
0.0000000000000000
0.0000000000000000
0.0000000000000000
0.0000000000000000
0.0000000000000000
0.0000000000000000
0.0000000000000000
0.0000000000000000
0.0000000000000000
0.0000000000000000
0.0000000000000000
0.0000000000000000
0.0000000000000000
0.0000000000000000
0.0000000000000000
0.0000000000000000
0.0000000000000000
0.0000000000000000
0.0000000000000000
0.0000000000000000
0.0000000000000000
0.0000000000000000
0.0000000000000000
0.0000000000000000
0.0000000000000000
0.0000000000000000
0.0000000000000000
0.0000000000000000
0.0000000000000000
0.0000000000000000
0.0000000000000000
0.0000000000000000
0.0000000000000000
0.0000000000000000
0.0000000000000000
0.0000000000000000
0.0000000000000000
0.0000000000000000
0.0000000000000000
0.0000000000000000
0.0000000000000000
0.0000000000000000
0.0000000000000000
0.0000000000000000
0.0000000000000000
0.0000000000000000
0.0000000000000000
0.0000000000000000
0.0000000000000000
0.0000000000000000
0.0000000000000000
0.0000000000000000
0.0000000000000000
0.0000000000000000
0.0000000000000000
0.0000000000000000
0.0000000000000000
0.0000000000000000
0.0000000000000000
0.0000000000000000
0.0000000000000000
0.0000000000000000
0.0000000000000000
0.0000000000000000
0.0000000000000000
0.0000000000000000
0.0000000000000000
0.0000000000000000
0.0000000000000000
0.0000000000000000
0.0000000000000000
0.0000000000000000
0.0000000000000000
0.0000000000000000
0.0000000000000000
0.0000000000000000
0.0000000000000000
0.0000000000000000
0.0000000000000000
0.0000000000000000
0.0000000000000000
0.0000000000000000
0.0000000000000000
0.0000000000000000
0.0000000000000000
0.0000000000000000
0.0000000000000000
0.0000000000000000
0.0000000000000000
0.0000000000000000
0.0000000000000000
0.0000000000000000
0.0000000000000000
0.0000000000000000
0.0000000000000000
0.0000000000000000
0.0000000000000000
0.0000000000000000
0.0000000000000000
0.0000000000000000
0.0000000000000000
0.0000000000000000
0.0000000000000000
0.0000000000000000
0.0000000000000000
0.0000000000000000
0.0000000000000000
0.0000000000000000
0.0000000000000000
0.0000000000000000
0.0000000000000000
0.0000000000000000
0.0000000000000000
0.0000000000000000
0.0000000000000000
0.0000000000000000
0.0000000000000000
0.0000000000000000
0.0000000000000000
0.0000000000000000
0.0000000000000000
0.0000000000000000
0.0000000000000000
0.0000000000000000
0.0000000000000000
0.0000000000000000
0.0000000000000000
0.0000000000000000
0.0000000000000000
0.0000000000000000
0.0000000000000000
0.0000000000000000
0.0000000000000000
0.0000000000000000
0.0000000000000000
0.0000000000000000
0.0000000000000000
0.0000000000000000
0.0000000000000000
0.0000000000000000
0.0000000000000000
0.0000000000000000
0.0000000000000000
0.0000000000000000
0.0000000000000000
0.0000000000000000
0.0000000000000000
0.0000000000000000
0.0000000000000000
0.0000000000000000
0.0000000000000000
0.0000000000000000
0.0000000000000000
0.0000000000000000
0.0000000000000000
0.0000000000000000
0.0000000000000000
0.0000000000000000
0.0000000000000000
0.0000000000000000
0.0000000000000000
0.0000000000000000
0.0000000000000000
0.0000000000000000
0.0000000000000000
0.0000000000000000
0.0000000000000000
0.0000000000000000
0.0000000000000000
0.0000000000000000
0.0000000000000000
0.0000000000000000
0.0000000000000000
0.0000000000000000
0.0000000000000000
0.0000000000000000
0.0000000000000000
0.0000000000000000
0.0000000000000000
0.0000000000000000
0.0000000000000000
0.0000000000000000
0.0000000000000000
0.0000000000000000
0.0000000000000000
0.0000000000000000
0.0000000000000000
0.0000000000000000
0.0000000000000000
0.0000000000000000
0.0000000000000000
0.0000000000000000
0.0000000000000000
0.0000000000000000
0.0000000000000000
0.0000000000000000
0.0000000000000000
0.0000000000000000
0.0000000000000000
0.0000000000000000
0.0000000000000000
0.0000000000000000
0.0000000000000000
0.0000000000000000
0.0000000000000000
0.0000000000000000
0.0000000000000000
0.0000000000000000
0.0000000000000000
0.0000000000000000
0.0000000000000000
0.0000000000000000
0.0000000000000000
0.0000000000000000
0.0000000000000000
0.0000000000000000
0.0000000000000000
0.0000000000000000
0.0000000000000000
0.0000000000000000
0.0000000000000000
0.0000000000000000
0.0000000000000000
0.0000000000000000
0.0000000000000000
0.0000000000000000
0.0000000000000000
0.0000000000000000
0.0000000000000000
0.0000000000000000
0.0000000000000000
0.0000000000000000
0.0000000000000000
0.0000000000000000
0.0000000000000000
0.0000000000000000
0.0000000000000000
0.0000000000000000
0.0000000000000000
0.0000000000000000
0.0000000000000000
0.0000000000000000
0.0000000000000000
0.0000000000000000
0.0000000000000000
0.0000000000000000
0.0000000000000000
0.0000000000000000
0.0000000000000000
0.0000000000000000
0.0000000000000000
0.0000000000000000
0.0000000000000000
0.0000000000000000
0.0000000000000000
0.0000000000000000
0.0000000000000000
0.0000000000000000
0.0000000000000000
0.0000000000000000
0.0000000000000000
0.0000000000000000
0.0000000000000000
0.0000000000000000
0.0000000000000000
0.0000000000000000
0.0000000000000000
0.0000000000000000
0.0000000000000000
0.0000000000000000
0.0000000000000000
0.0000000000000000
0.0000000000000000
0.0000000000000000
0.0000000000000000
0.0000000000000000
0.0000000000000000
0.0000000000000000
0.0000000000000000
0.0000000000000000
0.0000000000000000
0.0000000000000000
0.0000000000000000
0.0000000000000000
0.0000000000000000
0.0000000000000000
0.0000000000000000
0.0000000000000000
0.0000000000000000
0.0000000000000000
0.0000000000000000
0.0000000000000000
0.0000000000000000
0.0000000000000000
0.0000000000000000
0.0000000000000000
0.0000000000000000
0.0000000000000000
0.0000000000000000
0.0000000000000000
0.0000000000000000
0.0000000000000000
0.0000000000000000
0.0000000000000000
0.0000000000000000
0.0000000000000000
0.0000000000000000
0.0000000000000000
0.0000000000000000
0.0000000000000000
0.0000000000000000
0.0000000000000000
0.0000000000000000
0.0000000000000000
0.0000000000000000
0.0000000000000000
0.0000000000000000
0.0000000000000000
0.0000000000000000
0.0000000000000000
0.0000000000000000
0.0000000000000000
0.0000000000000000
0.0000000000000000
0.0000000000000000
0.0000000000000000
0.0000000000000000
0.0000000000000000
0.0000000000000000
0.0000000000000000
0.0000000000000000
0.0000000000000000
0.0000000000000000
0.0000000000000000
0.0000000000000000
0.0000000000000000
0.0000000000000000
0.0000000000000000
0.0000000000000000
0.0000000000000000
0.0000000000000000
0.0000000000000000
0.0000000000000000
0.0000000000000000
0.0000000000000000
0.0000000000000000
0.0000000000000000
0.0000000000000000
0.0000000000000000
0.0000000000000000
0.0000000000000000
0.0000000000000000
0.0000000000000000
0.0000000000000000
0.0000000000000000
0.0000000000000000
0.0000000000000000
0.0000000000000000
0.0000000000000000
0.0000000000000000
0.0000000000000000
0.0000000000000000
0.0000000000000000
0.0000000000000000
0.0000000000000000
0.0000000000000000
0.0000000000000000
0.0000000000000000
0.0000000000000000
0.0000000000000000
0.0000000000000000
0.0000000000000000
0.0000000000000000
0.0000000000000000
0.0000000000000000
0.0000000000000000
0.0000000000000000
0.0000000000000000
0.0000000000000000
0.0000000000000000
0.0000000000000000
0.0000000000000000
0.0000000000000000
0.0000000000000000
0.0000000000000000
0.0000000000000000
0.0000000000000000
0.0000000000000000
0.0000000000000000
0.0000000000000000
0.0000000000000000
0.0000000000000000
0.0000000000000000
0.0000000000000000
0.0000000000000000
0.0000000000000000
0.0000000000000000
0.0000000000000000
0.0000000000000000
0.0000000000000000
0.0000000000000000
0.0000000000000000
0.0000000000000000
0.0000000000000000
0.0000000000000000
0.0000000000000000
0.0000000000000000
0.0000000000000000
0.0000000000000000
0.0000000000000000
0.0000000000000000
0.0000000000000000
0.0000000000000000
0.0000000000000000
0.0000000000000000
0.0000000000000000
0.0000000000000000
0.0000000000000000
0.0000000000000000
0.0000000000000000
0.0000000000000000
0.0000000000000000
0.0000000000000000
0.0000000000000000
0.0000000000000000
0.0000000000000000
0.0000000000000000
0.0000000000000000
0.0000000000000000
0.0000000000000000
0.0000000000000000
0.0000000000000000
0.0000000000000000
0.0000000000000000
0.0000000000000000
0.0000000000000000
0.0000000000000000
0.0000000000000000
0.0000000000000000
0.0000000000000000
0.0000000000000000
0.0000000000000000
0.0000000000000000
0.0000000000000000
0.0000000000000000
0.0000000000000000
0.0000000000000000
0.0000000000000000
0.0000000000000000
0.0000000000000000
0.0000000000000000
0.0000000000000000
0.0000000000000000
0.0000000000000000
0.0000000000000000
0.0000000000000000
0.0000000000000000
0.0000000000000000
0.0000000000000000
0.0000000000000000
0.0000000000000000
0.0000000000000000
0.0000000000000000
0.0000000000000000
0.0000000000000000
0.0000000000000000
0.0000000000000000
0.0000000000000000
0.0000000000000000
0.0000000000000000
0.0000000000000000
0.0000000000000000
0.0000000000000000
0.0000000000000000
0.0000000000000000
0.0000000000000000
0.0000000000000000
0.0000000000000000
0.0000000000000000
0.0000000000000000
0.0000000000000000
0.0000000000000000
0.0000000000000000
0.0000000000000000
0.0000000000000000
0.0000000000000000
0.0000000000000000
0.0000000000000000
0.0000000000000000
0.0000000000000000
0.0000000000000000
0.0000000000000000
0.0000000000000000
0.0000000000000000
0.0000000000000000
0.0000000000000000
0.0000000000000000
0.0000000000000000
0.0000000000000000
0.0000000000000000
0.0000000000000000
0.0000000000000000
0.0000000000000000
0.0000000000000000
0.0000000000000000
0.0000000000000000
0.0000000000000000
0.0000000000000000
0.0000000000000000
0.0000000000000000
0.0000000000000000
0.0000000000000000
0.0000000000000000
0.0000000000000000
0.0000000000000000
0.0000000000000000
0.0000000000000000
0.0000000000000000
0.0000000000000000
0.0000000000000000
0.0000000000000000
0.0000000000000000
0.0000000000000000
0.0000000000000000
0.0000000000000000
0.0000000000000000
0.0000000000000000
0.0000000000000000
0.0000000000000000
0.0000000000000000
0.0000000000000000
0.0000000000000000
0.0000000000000000
0.0000000000000000
0.0000000000000000
0.0000000000000000
0.0000000000000000
0.0000000000000000
0.0000000000000000
0.0000000000000000
0.0000000000000000
0.0000000000000000
0.0000000000000000
0.0000000000000000
0.0000000000000000
0.0000000000000000
0.0000000000000000
0.0000000000000000
0.0000000000000000
0.0000000000000000
0.0000000000000000
0.0000000000000000
0.0000000000000000
0.0000000000000000
0.0000000000000000
0.0000000000000000
0.0000000000000000
0.0000000000000000
0.0000000000000000
0.0000000000000000
0.0000000000000000
0.0000000000000000
0.0000000000000000
0.0000000000000000
0.0000000000000000
0.0000000000000000
0.0000000000000000
0.0000000000000000
0.0000000000000000
0.0000000000000000
0.0000000000000000
0.0000000000000000
0.0000000000000000
0.0000000000000000
0.0000000000000000
0.0000000000000000
0.0000000000000000
0.0000000000000000
0.0000000000000000
0.0000000000000000
0.0000000000000000
0.0000000000000000
0.0000000000000000
0.0000000000000000
0.0000000000000000
0.0000000000000000
0.0000000000000000
0.0000000000000000
0.0000000000000000
0.0000000000000000
0.0000000000000000
0.0000000000000000
0.0000000000000000
0.0000000000000000
0.0000000000000000
0.0000000000000000
0.0000000000000000
0.0000000000000000
0.0000000000000000
0.0000000000000000
0.0000000000000000
0.0000000000000000
0.0000000000000000
0.0000000000000000
0.0000000000000000
0.0000000000000000
0.0000000000000000
0.0000000000000000
0.0000000000000000
0.0000000000000000
0.0000000000000000
0.0000000000000000
0.0000000000000000
0.0000000000000000
0.0000000000000000
0.0000000000000000
0.0000000000000000
0.0000000000000000
0.0000000000000000
0.0000000000000000
0.0000000000000000
0.0000000000000000
0.0000000000000000
0.0000000000000000
0.0000000000000000
0.0000000000000000
0.0000000000000000
0.0000000000000000
0.0000000000000000
0.0000000000000000
0.0000000000000000
0.0000000000000000
0.0000000000000000
0.0000000000000000
0.0000000000000000
0.0000000000000000
0.0000000000000000
0.0000000000000000
0.0000000000000000
0.0000000000000000
0.0000000000000000
0.0000000000000000
0.0000000000000000
0.0000000000000000
0.0000000000000000
0.0000000000000000
0.0000000000000000
0.0000000000000000
0.0000000000000000
0.0000000000000000
0.0000000000000000
0.0000000000000000
0.0000000000000000
0.0000000000000000
0.0000000000000000
0.0000000000000000
0.0000000000000000
0.0000000000000000
0.0000000000000000
0.0000000000000000
0.0000000000000000
0.0000000000000000
0.0000000000000000
0.0000000000000000
0.0000000000000000
0.0000000000000000
0.0000000000000000
0.0000000000000000
0.0000000000000000
0.0000000000000000
0.0000000000000000
0.0000000000000000
0.0000000000000000
0.0000000000000000
0.0000000000000000
0.0000000000000000
0.0000000000000000
0.0000000000000000
0.0000000000000000
0.0000000000000000
0.0000000000000000
0.0000000000000000
0.0000000000000000
0.0000000000000000
0.0000000000000000
0.0000000000000000
0.0000000000000000
0.0000000000000000
0.0000000000000000
0.0000000000000000
0.0000000000000000
0.0000000000000000
0.0000000000000000
0.0000000000000000
0.0000000000000000
0.0000000000000000
0.0000000000000000
0.0000000000000000
0.0000000000000000
0.0000000000000000
0.0000000000000000
0.0000000000000000
0.0000000000000000
0.0000000000000000
0.0000000000000000
0.0000000000000000
0.0000000000000000
0.0000000000000000
0.0000000000000000
0.0000000000000000
0.0000000000000000
0.0000000000000000
0.0000000000000000
0.0000000000000000
0.0000000000000000
0.0000000000000000
0.0000000000000000
0.0000000000000000
0.0000000000000000
0.0000000000000000
0.0000000000000000
0.0000000000000000
0.0000000000000000
0.0000000000000000
0.0000000000000000
0.0000000000000000
0.0000000000000000
0.0000000000000000
0.0000000000000000
0.0000000000000000
0.0000000000000000
0.0000000000000000
0.0000000000000000
0.0000000000000000
0.0000000000000000
0.0000000000000000
0.0000000000000000
0.0000000000000000
0.0000000000000000
0.0000000000000000
0.0000000000000000
0.0000000000000000
0.0000000000000000
0.0000000000000000
0.0000000000000000
0.0000000000000000
0.0000000000000000
0.0000000000000000
0.0000000000000000
0.0000000000000000
0.0000000000000000
0.0000000000000000
0.0000000000000000
0.0000000000000000
0.0000000000000000
0.0000000000000000
0.0000000000000000
0.0000000000000000
0.0000000000000000
0.0000000000000000
0.0000000000000000
0.0000000000000000
0.0000000000000000
0.0000000000000000
0.0000000000000000
0.0000000000000000
0.0000000000000000
0.0000000000000000
0.0000000000000000
0.0000000000000000
0.0000000000000000
0.0000000000000000
0.0000000000000000
0.0000000000000000
0.0000000000000000
0.0000000000000000
0.0000000000000000
0.0000000000000000
0.0000000000000000
0.0000000000000000
0.0000000000000000
0.0000000000000000
0.0000000000000000
0.0000000000000000
0.0000000000000000
0.0000000000000000
0.0000000000000000
0.0000000000000000
0.0000000000000000
0.0000000000000000
0.0000000000000000
0.0000000000000000
0.0000000000000000
0.0000000000000000
0.0000000000000000
0.0000000000000000
0.0000000000000000
0.0000000000000000
0.0000000000000000
0.0000000000000000
0.0000000000000000
0.0000000000000000
0.0000000000000000
0.0000000000000000
0.0000000000000000
0.0000000000000000
0.0000000000000000
0.0000000000000000
0.0000000000000000
0.0000000000000000
0.0000000000000000
0.0000000000000000
0.0000000000000000
0.0000000000000000
0.0000000000000000
0.0000000000000000
0.0000000000000000
0.0000000000000000
0.0000000000000000
0.0000000000000000
0.0000000000000000
0.0000000000000000
0.0000000000000000
0.0000000000000000
0.0000000000000000
0.0000000000000000
0.0000000000000000
0.0000000000000000
0.0000000000000000
0.0000000000000000
0.0000000000000000
0.0000000000000000
0.0000000000000000
0.0000000000000000
0.0000000000000000
0.0000000000000000
0.0000000000000000
0.0000000000000000
0.0000000000000000
0.0000000000000000
0.0000000000000000
0.0000000000000000
0.0000000000000000
0.0000000000000000
0.0000000000000000
0.0000000000000000
0.0000000000000000
0.0000000000000000
0.0000000000000000
0.0000000000000000
0.0000000000000000
0.0000000000000000
0.0000000000000000
0.0000000000000000
0.0000000000000000
0.0000000000000000
0.0000000000000000
0.0000000000000000
0.0000000000000000
0.0000000000000000
0.0000000000000000
0.0000000000000000
0.0000000000000000
0.0000000000000000
0.0000000000000000
0.0000000000000000
0.0000000000000000
0.0000000000000000
0.0000000000000000
0.0000000000000000
0.0000000000000000
0.0000000000000000
0.0000000000000000
0.0000000000000000
0.0000000000000000
0.0000000000000000
0.0000000000000000
0.0000000000000000
0.0000000000000000
0.0000000000000000
0.0000000000000000
0.0000000000000000
0.0000000000000000
0.0000000000000000
0.0000000000000000
0.0000000000000000
0.0000000000000000
0.0000000000000000
0.0000000000000000
0.0000000000000000
0.0000000000000000
0.0000000000000000
0.0000000000000000
0.0000000000000000
0.0000000000000000
0.0000000000000000
0.0000000000000000
0.0000000000000000
0.0000000000000000
0.0000000000000000
0.0000000000000000
0.0000000000000000
0.0000000000000000
0.0000000000000000
0.0000000000000000
0.0000000000000000
0.0000000000000000
0.0000000000000000
0.0000000000000000
0.0000000000000000
0.0000000000000000
0.0000000000000000
0.0000000000000000
0.0000000000000000
0.0000000000000000
0.0000000000000000
0.0000000000000000
0.0000000000000000
0.0000000000000000
0.0000000000000000
0.0000000000000000
0.0000000000000000
0.0000000000000000
0.0000000000000000
0.0000000000000000
0.0000000000000000
0.0000000000000000
0.0000000000000000
0.0000000000000000
0.0000000000000000
0.0000000000000000
0.0000000000000000
0.0000000000000000
0.0000000000000000
0.0000000000000000
0.0000000000000000
0.0000000000000000
0.0000000000000000
0.0000000000000000
0.0000000000000000
0.0000000000000000
0.0000000000000000
0.0000000000000000
0.0000000000000000
0.0000000000000000
0.0000000000000000
0.0000000000000000
0.0000000000000000
0.0000000000000000
0.0000000000000000
0.0000000000000000
0.0000000000000000
0.0000000000000000
0.0000000000000000
0.0000000000000000
0.0000000000000000
0.0000000000000000
0.0000000000000000
0.0000000000000000
0.0000000000000000
0.0000000000000000
0.0000000000000000
0.0000000000000000
0.0000000000000000
0.0000000000000000
0.0000000000000000
0.0000000000000000
0.0000000000000000
0.0000000000000000
0.0000000000000000
0.0000000000000000
0.0000000000000000
0.0000000000000000
0.0000000000000000
0.0000000000000000
0.0000000000000000
0.0000000000000000
0.0000000000000000
0.0000000000000000
0.0000000000000000
0.0000000000000000
0.0000000000000000
0.0000000000000000
0.0000000000000000
0.0000000000000000
0.0000000000000000
0.0000000000000000
0.0000000000000000
0.0000000000000000
0.0000000000000000
0.0000000000000000
0.0000000000000000
0.0000000000000000
0.0000000000000000
0.0000000000000000
0.0000000000000000
0.0000000000000000
0.0000000000000000
0.0000000000000000
0.0000000000000000
0.0000000000000000
0.0000000000000000
0.0000000000000000
0.0000000000000000
0.0000000000000000
0.0000000000000000
0.0000000000000000
0.0000000000000000
0.0000000000000000
0.0000000000000000
0.0000000000000000
0.0000000000000000
0.0000000000000000
0.0000000000000000
0.0000000000000000
0.0000000000000000
0.0000000000000000
0.0000000000000000
0.0000000000000000
0.0000000000000000
0.0000000000000000
0.0000000000000000
0.0000000000000000
0.0000000000000000
0.0000000000000000
0.0000000000000000
0.0000000000000000
0.0000000000000000
0.0000000000000000
0.0000000000000000
0.0000000000000000
0.0000000000000000
0.0000000000000000
0.0000000000000000
0.0000000000000000
0.0000000000000000
0.0000000000000000
0.0000000000000000
0.0000000000000000
0.0000000000000000
0.0000000000000000
0.0000000000000000
0.0000000000000000
0.0000000000000000
0.0000000000000000
0.0000000000000000
0.0000000000000000
0.0000000000000000
0.0000000000000000
0.0000000000000000
0.0000000000000000
0.0000000000000000
0.0000000000000000
0.0000000000000000
0.0000000000000000
0.0000000000000000
0.0000000000000000
0.0000000000000000
0.0000000000000000
0.0000000000000000
0.0000000000000000
0.0000000000000000
0.0000000000000000
0.0000000000000000
0.0000000000000000
0.0000000000000000
0.0000000000000000
0.0000000000000000
0.0000000000000000
0.0000000000000000
0.0000000000000000
0.0000000000000000
0.0000000000000000
0.0000000000000000
0.0000000000000000
0.0000000000000000
0.0000000000000000
0.0000000000000000
0.0000000000000000
0.0000000000000000
0.0000000000000000
0.0000000000000000
0.0000000000000000
0.0000000000000000
0.0000000000000000
0.0000000000000000
0.0000000000000000
0.0000000000000000
0.0000000000000000
0.0000000000000000
0.0000000000000000
0.0000000000000000
0.0000000000000000
0.0000000000000000
0.0000000000000000
0.0000000000000000
0.0000000000000000
0.0000000000000000
0.0000000000000000
0.0000000000000000
0.0000000000000000
0.0000000000000000
0.0000000000000000
0.0000000000000000
0.0000000000000000
0.0000000000000000
0.0000000000000000
0.0000000000000000
0.0000000000000000
0.0000000000000000
0.0000000000000000
0.0000000000000000
0.0000000000000000
0.0000000000000000
0.0000000000000000
0.0000000000000000
0.0000000000000000
0.0000000000000000
0.0000000000000000
0.0000000000000000
0.0000000000000000
0.0000000000000000
0.0000000000000000
0.0000000000000000
0.0000000000000000
0.0000000000000000
0.0000000000000000
0.0000000000000000
0.0000000000000000
0.0000000000000000
0.0000000000000000
0.0000000000000000
0.0000000000000000
0.0000000000000000
0.0000000000000000
0.0000000000000000
0.0000000000000000
0.0000000000000000
0.0000000000000000
0.0000000000000000
0.0000000000000000
0.0000000000000000
0.0000000000000000
0.0000000000000000
0.0000000000000000
0.0000000000000000
0.0000000000000000
0.0000000000000000
0.0000000000000000
0.0000000000000000
0.0000000000000000
0.0000000000000000
0.0000000000000000
0.0000000000000000
0.0000000000000000
0.0000000000000000
0.0000000000000000
0.0000000000000000
0.0000000000000000
0.0000000000000000
0.0000000000000000
0.0000000000000000
0.0000000000000000
0.0000000000000000
0.0000000000000000
0.0000000000000000
0.0000000000000000
0.0000000000000000
0.0000000000000000
0.0000000000000000
0.0000000000000000
0.0000000000000000
0.0000000000000000
0.0000000000000000
0.0000000000000000
0.0000000000000000
0.0000000000000000
0.0000000000000000
0.0000000000000000
0.0000000000000000
0.0000000000000000
0.0000000000000000
0.0000000000000000
0.0000000000000000
0.0000000000000000
0.0000000000000000
0.0000000000000000
0.0000000000000000
0.0000000000000000
0.0000000000000000
0.0000000000000000
0.0000000000000000
0.0000000000000000
0.0000000000000000
0.0000000000000000
0.0000000000000000
0.0000000000000000
0.0000000000000000
0.0000000000000000
0.0000000000000000
0.0000000000000000
0.0000000000000000
0.0000000000000000
0.0000000000000000
0.0000000000000000
0.0000000000000000
0.0000000000000000
0.0000000000000000
0.0000000000000000
0.0000000000000000
0.0000000000000000
0.0000000000000000
0.0000000000000000
0.0000000000000000
0.0000000000000000
0.0000000000000000
0.0000000000000000
0.0000000000000000
0.0000000000000000
0.0000000000000000
0.0000000000000000
0.0000000000000000
0.0000000000000000
0.0000000000000000
0.0000000000000000
0.0000000000000000
0.0000000000000000
0.0000000000000000
0.0000000000000000
0.0000000000000000
0.0000000000000000
0.0000000000000000
0.0000000000000000
0.0000000000000000
0.0000000000000000
0.0000000000000000
0.0000000000000000
0.0000000000000000
0.0000000000000000
0.0000000000000000
0.0000000000000000
0.0000000000000000
0.0000000000000000
0.0000000000000000
0.0000000000000000
0.0000000000000000
0.0000000000000000
0.0000000000000000
0.0000000000000000
0.0000000000000000
0.0000000000000000
0.0000000000000000
0.0000000000000000
0.0000000000000000
0.0000000000000000
0.0000000000000000
0.0000000000000000
0.0000000000000000
0.0000000000000000
0.0000000000000000
0.0000000000000000
0.0000000000000000
0.0000000000000000
0.0000000000000000
0.0000000000000000
0.0000000000000000
0.0000000000000000
0.0000000000000000
0.0000000000000000
0.0000000000000000
0.0000000000000000
0.0000000000000000
0.0000000000000000
0.0000000000000000
0.0000000000000000
0.0000000000000000
0.0000000000000000
0.0000000000000000
0.0000000000000000
0.0000000000000000
0.0000000000000000
0.0000000000000000
0.0000000000000000
0.0000000000000000
0.0000000000000000
0.0000000000000000
0.0000000000000000
0.0000000000000000
0.0000000000000000
0.0000000000000000
0.0000000000000000
0.0000000000000000
0.0000000000000000
0.0000000000000000
0.0000000000000000
0.0000000000000000
0.0000000000000000
0.0000000000000000
0.0000000000000000
0.0000000000000000
0.0000000000000000
0.0000000000000000
0.0000000000000000
0.0000000000000000
0.0000000000000000
0.0000000000000000
0.0000000000000000
0.0000000000000000
0.0000000000000000
0.0000000000000000
0.0000000000000000
0.0000000000000000
0.0000000000000000
0.0000000000000000
0.0000000000000000
0.0000000000000000
0.0000000000000000
0.0000000000000000
0.0000000000000000
0.0000000000000000
0.0000000000000000
0.0000000000000000
0.0000000000000000
0.0000000000000000
0.0000000000000000
0.0000000000000000
0.0000000000000000
0.0000000000000000
0.0000000000000000
0.0000000000000000
0.0000000000000000
0.0000000000000000
0.0000000000000000
0.0000000000000000
0.0000000000000000
0.0000000000000000
0.0000000000000000
0.0000000000000000
0.0000000000000000
0.0000000000000000
0.0000000000000000
0.0000000000000000
0.0000000000000000
0.0000000000000000
0.0000000000000000
0.0000000000000000
0.0000000000000000
0.0000000000000000
0.0000000000000000
0.0000000000000000
0.0000000000000000
0.0000000000000000
0.0000000000000000
0.0000000000000000
0.0000000000000000
0.0000000000000000
0.0000000000000000
0.0000000000000000
0.0000000000000000
0.0000000000000000
0.0000000000000000
0.0000000000000000
0.0000000000000000
0.0000000000000000
0.0000000000000000
0.0000000000000000
0.0000000000000000
0.0000000000000000
0.0000000000000000
0.0000000000000000
0.0000000000000000
0.0000000000000000
0.0000000000000000
0.0000000000000000
0.0000000000000000
0.0000000000000000
0.0000000000000000
0.0000000000000000
0.0000000000000000
0.0000000000000000
0.0000000000000000
0.0000000000000000
0.0000000000000000
0.0000000000000000
0.0000000000000000
0.0000000000000000
0.0000000000000000
0.0000000000000000
0.0000000000000000
0.0000000000000000
0.0000000000000000
0.0000000000000000
0.0000000000000000
0.0000000000000000
0.0000000000000000
0.0000000000000000
0.0000000000000000
0.0000000000000000
0.0000000000000000
0.0000000000000000
0.0000000000000000
0.0000000000000000
0.0000000000000000
0.0000000000000000
0.0000000000000000
0.0000000000000000
0.0000000000000000
0.0000000000000000
0.0000000000000000
0.0000000000000000
0.0000000000000000
0.0000000000000000
0.0000000000000000
0.0000000000000000
0.0000000000000000
0.0000000000000000
0.0000000000000000
0.0000000000000000
0.0000000000000000
0.0000000000000000
0.0000000000000000
0.0000000000000000
0.0000000000000000
0.0000000000000000
0.0000000000000000
0.0000000000000000
0.0000000000000000
0.0000000000000000
0.0000000000000000
0.0000000000000000
0.0000000000000000
0.0000000000000000
0.0000000000000000
0.0000000000000000
0.0000000000000000
0.0000000000000000
0.0000000000000000
0.0000000000000000
0.0000000000000000
0.0000000000000000
0.0000000000000000
0.0000000000000000
0.0000000000000000
0.0000000000000000
0.0000000000000000
0.0000000000000000
0.0000000000000000
0.0000000000000000
0.0000000000000000
0.0000000000000000
0.0000000000000000
0.0000000000000000
0.0000000000000000
0.0000000000000000
0.0000000000000000
0.0000000000000000
0.0000000000000000
0.0000000000000000
0.0000000000000000
0.0000000000000000
0.0000000000000000
0.0000000000000000
0.0000000000000000
0.0000000000000000
0.0000000000000000
0.0000000000000000
0.0000000000000000
0.0000000000000000
0.0000000000000000
0.0000000000000000
0.0000000000000000
0.0000000000000000
0.0000000000000000
0.0000000000000000
0.0000000000000000
0.0000000000000000
0.0000000000000000
0.0000000000000000
0.0000000000000000
0.0000000000000000
0.0000000000000000
0.0000000000000000
0.0000000000000000
0.0000000000000000
0.0000000000000000
0.0000000000000000
0.0000000000000000
0.0000000000000000
0.0000000000000000
0.0000000000000000
0.0000000000000000
0.0000000000000000
0.0000000000000000
0.0000000000000000
0.0000000000000000
0.0000000000000000
0.0000000000000000
0.0000000000000000
0.0000000000000000
0.0000000000000000
0.0000000000000000
0.0000000000000000
0.0000000000000000
0.0000000000000000
0.0000000000000000
0.0000000000000000
0.0000000000000000
0.0000000000000000
0.0000000000000000
0.0000000000000000
0.0000000000000000
0.0000000000000000
0.0000000000000000
0.0000000000000000
0.0000000000000000
0.0000000000000000
0.0000000000000000
0.0000000000000000
0.0000000000000000
0.0000000000000000
0.0000000000000000
0.0000000000000000
0.0000000000000000
0.0000000000000000
0.0000000000000000
0.0000000000000000
0.0000000000000000
0.0000000000000000
0.0000000000000000
0.0000000000000000
0.0000000000000000
0.0000000000000000
0.0000000000000000
0.0000000000000000
0.0000000000000000
0.0000000000000000
0.0000000000000000
0.0000000000000000
0.0000000000000000
0.0000000000000000
0.0000000000000000
0.0000000000000000
0.0000000000000000
0.0000000000000000
0.0000000000000000
0.0000000000000000
0.0000000000000000
0.0000000000000000
0.0000000000000000
0.0000000000000000
0.0000000000000000
0.0000000000000000
0.0000000000000000
0.0000000000000000
0.0000000000000000
0.0000000000000000
0.0000000000000000
0.0000000000000000
0.0000000000000000
0.0000000000000000
0.0000000000000000
0.0000000000000000
0.0000000000000000
0.0000000000000000
0.0000000000000000
0.0000000000000000
0.0000000000000000
0.0000000000000000
0.0000000000000000
0.0000000000000000
0.0000000000000000
0.0000000000000000
0.0000000000000000
0.0000000000000000
0.0000000000000000
0.0000000000000000
0.0000000000000000
0.0000000000000000
0.0000000000000000
0.0000000000000000
0.0000000000000000
0.0000000000000000
0.0000000000000000
0.0000000000000000
0.0000000000000000
0.0000000000000000
0.0000000000000000
0.0000000000000000
0.0000000000000000
0.0000000000000000
0.0000000000000000
0.0000000000000000
0.0000000000000000
0.0000000000000000
0.0000000000000000
0.0000000000000000
0.0000000000000000
0.0000000000000000
0.0000000000000000
0.0000000000000000
0.0000000000000000
0.0000000000000000
0.0000000000000000
0.0000000000000000
0.0000000000000000
0.0000000000000000
0.0000000000000000
0.0000000000000000
0.0000000000000000
0.0000000000000000
0.0000000000000000
0.0000000000000000
0.0000000000000000
0.0000000000000000
0.0000000000000000
0.0000000000000000
0.0000000000000000
0.0000000000000000
0.0000000000000000
0.0000000000000000
0.0000000000000000
0.0000000000000000
0.0000000000000000
0.0000000000000000
0.0000000000000000
0.0000000000000000
0.0000000000000000
0.0000000000000000
0.0000000000000000
0.0000000000000000
0.0000000000000000
0.0000000000000000
0.0000000000000000
0.0000000000000000
0.0000000000000000
0.0000000000000000
0.0000000000000000
0.0000000000000000
0.0000000000000000
0.0000000000000000
0.0000000000000000
0.0000000000000000
0.0000000000000000
0.0000000000000000
0.0000000000000000
0.0000000000000000
0.0000000000000000
0.0000000000000000
0.0000000000000000
0.0000000000000000
0.0000000000000000
0.0000000000000000
0.0000000000000000
0.0000000000000000
0.0000000000000000
0.0000000000000000
0.0000000000000000
0.0000000000000000
0.0000000000000000
0.0000000000000000
0.0000000000000000
0.0000000000000000
0.0000000000000000
0.0000000000000000
0.0000000000000000
0.0000000000000000
0.0000000000000000
0.0000000000000000
0.0000000000000000
0.0000000000000000
0.0000000000000000
0.0000000000000000
0.0000000000000000
0.0000000000000000
0.0000000000000000
0.0000000000000000
0.0000000000000000
0.0000000000000000
0.0000000000000000
0.0000000000000000
0.0000000000000000
0.0000000000000000
0.0000000000000000
0.0000000000000000
0.0000000000000000
0.0000000000000000
0.0000000000000000
0.0000000000000000
0.0000000000000000
0.0000000000000000
0.0000000000000000
0.0000000000000000
0.0000000000000000
0.0000000000000000
0.0000000000000000
0.0000000000000000
0.0000000000000000
0.0000000000000000
0.0000000000000000
0.0000000000000000
0.0000000000000000
0.0000000000000000
0.0000000000000000
0.0000000000000000
0.0000000000000000
0.0000000000000000
0.0000000000000000
0.0000000000000000
0.0000000000000000
0.0000000000000000
0.0000000000000000
0.0000000000000000
0.0000000000000000
0.0000000000000000
0.0000000000000000
0.0000000000000000
0.0000000000000000
0.0000000000000000
0.0000000000000000
0.0000000000000000
0.0000000000000000
0.0000000000000000
0.0000000000000000
0.0000000000000000
0.0000000000000000
0.0000000000000000
0.0000000000000000
0.0000000000000000
0.0000000000000000
0.0000000000000000
0.0000000000000000
0.0000000000000000
0.0000000000000000
0.0000000000000000
0.0000000000000000
0.0000000000000000
0.0000000000000000
0.0000000000000000
0.0000000000000000
0.0000000000000000
0.0000000000000000
0.0000000000000000
0.0000000000000000
0.0000000000000000
0.0000000000000000
0.0000000000000000
0.0000000000000000
0.0000000000000000
0.0000000000000000
0.0000000000000000
0.0000000000000000
0.0000000000000000
0.0000000000000000
0.0000000000000000
0.0000000000000000
0.0000000000000000
0.0000000000000000
0.0000000000000000
0.0000000000000000
0.0000000000000000
0.0000000000000000
0.0000000000000000
0.0000000000000000
0.0000000000000000
0.0000000000000000
0.0000000000000000
0.0000000000000000
0.0000000000000000
0.0000000000000000
0.0000000000000000
0.0000000000000000
0.0000000000000000
0.0000000000000000
0.0000000000000000
0.0000000000000000
0.0000000000000000
0.0000000000000000
0.0000000000000000
0.0000000000000000
0.0000000000000000
0.0000000000000000
0.0000000000000000
0.0000000000000000
0.0000000000000000
0.0000000000000000
0.0000000000000000
0.0000000000000000
0.0000000000000000
0.0000000000000000
0.0000000000000000
0.0000000000000000
0.0000000000000000
0.0000000000000000
0.0000000000000000
0.0000000000000000
0.0000000000000000
0.0000000000000000
0.0000000000000000
0.0000000000000000
0.0000000000000000
0.0000000000000000
0.0000000000000000
0.0000000000000000
0.0000000000000000
0.0000000000000000
0.0000000000000000
0.0000000000000000
0.0000000000000000
0.0000000000000000
0.0000000000000000
0.0000000000000000
0.0000000000000000
0.0000000000000000
0.0000000000000000
0.0000000000000000
0.0000000000000000
0.0000000000000000
0.0000000000000000
0.0000000000000000
0.0000000000000000
0.0000000000000000
0.0000000000000000
0.0000000000000000
0.0000000000000000
0.0000000000000000
0.0000000000000000
0.0000000000000000
0.0000000000000000
0.0000000000000000
0.0000000000000000
0.0000000000000000
0.0000000000000000
0.0000000000000000
0.0000000000000000
0.0000000000000000
0.0000000000000000
0.0000000000000000
0.0000000000000000
0.0000000000000000
0.0000000000000000
0.0000000000000000
0.0000000000000000
0.0000000000000000
0.0000000000000000
0.0000000000000000
0.0000000000000000
0.0000000000000000
0.0000000000000000
0.0000000000000000
0.0000000000000000
0.0000000000000000
0.0000000000000000
0.0000000000000000
0.0000000000000000
0.0000000000000000
0.0000000000000000
0.0000000000000000
0.0000000000000000
0.0000000000000000
0.0000000000000000
0.0000000000000000
0.0000000000000000
0.0000000000000000
0.0000000000000000
0.0000000000000000
0.0000000000000000
0.0000000000000000
0.0000000000000000
0.0000000000000000
0.0000000000000000
0.0000000000000000
0.0000000000000000
0.0000000000000000
0.0000000000000000
0.0000000000000000
0.0000000000000000
0.0000000000000000
0.0000000000000000
0.0000000000000000
0.0000000000000000
0.0000000000000000
0.0000000000000000
0.0000000000000000
0.0000000000000000
0.0000000000000000
0.0000000000000000
0.0000000000000000
0.0000000000000000
0.0000000000000000
0.0000000000000000
0.0000000000000000
0.0000000000000000
0.0000000000000000
0.0000000000000000
0.0000000000000000
0.0000000000000000
0.0000000000000000
0.0000000000000000
0.0000000000000000
0.0000000000000000
0.0000000000000000
0.0000000000000000
0.0000000000000000
0.0000000000000000
0.0000000000000000
0.0000000000000000
0.0000000000000000
0.0000000000000000
0.0000000000000000
0.0000000000000000
0.0000000000000000
0.0000000000000000
0.0000000000000000
0.0000000000000000
0.0000000000000000
0.0000000000000000
0.0000000000000000
0.0000000000000000
0.0000000000000000
0.0000000000000000
0.0000000000000000
0.0000000000000000
0.0000000000000000
0.0000000000000000
0.0000000000000000
0.0000000000000000
0.0000000000000000
0.0000000000000000
0.0000000000000000
0.0000000000000000
0.0000000000000000
0.0000000000000000
0.0000000000000000
0.0000000000000000
0.0000000000000000
0.0000000000000000
0.0000000000000000
0.0000000000000000
0.0000000000000000
0.0000000000000000
0.0000000000000000
0.0000000000000000
0.0000000000000000
0.0000000000000000
0.0000000000000000
0.0000000000000000
0.0000000000000000
0.0000000000000000
0.0000000000000000
0.0000000000000000
0.0000000000000000
0.0000000000000000
0.0000000000000000
0.0000000000000000
0.0000000000000000
0.0000000000000000
0.0000000000000000
0.0000000000000000
0.0000000000000000
0.0000000000000000
0.0000000000000000
0.0000000000000000
0.0000000000000000
0.0000000000000000
0.0000000000000000
0.0000000000000000
0.0000000000000000
0.0000000000000000
0.0000000000000000
0.0000000000000000
0.0000000000000000
0.0000000000000000
0.0000000000000000
0.0000000000000000
0.0000000000000000
0.0000000000000000
0.0000000000000000
0.0000000000000000
0.0000000000000000
0.0000000000000000
0.0000000000000000
0.0000000000000000
0.0000000000000000
0.0000000000000000
0.0000000000000000
0.0000000000000000
0.0000000000000000
0.0000000000000000
0.0000000000000000
0.0000000000000000
0.0000000000000000
0.0000000000000000
0.0000000000000000
0.0000000000000000
0.0000000000000000
0.0000000000000000
0.0000000000000000
0.0000000000000000
0.0000000000000000
0.0000000000000000
0.0000000000000000
0.0000000000000000
0.0000000000000000
0.0000000000000000
0.0000000000000000
0.0000000000000000
0.0000000000000000
0.0000000000000000
0.0000000000000000
0.0000000000000000
0.0000000000000000
0.0000000000000000
0.0000000000000000
0.0000000000000000
0.0000000000000000
0.0000000000000000
0.0000000000000000
0.0000000000000000
0.0000000000000000
0.0000000000000000
0.0000000000000000
0.0000000000000000
0.0000000000000000
0.0000000000000000
0.0000000000000000
0.0000000000000000
0.0000000000000000
0.0000000000000000
0.0000000000000000
0.0000000000000000
0.0000000000000000
0.0000000000000000
0.0000000000000000
0.0000000000000000
0.0000000000000000
0.0000000000000000
0.0000000000000000
0.0000000000000000
0.0000000000000000
0.0000000000000000
0.0000000000000000
0.0000000000000000
0.0000000000000000
0.0000000000000000
0.0000000000000000
0.0000000000000000
0.0000000000000000
0.0000000000000000
0.0000000000000000
0.0000000000000000
0.0000000000000000
0.0000000000000000
0.0000000000000000
0.0000000000000000
0.0000000000000000
0.0000000000000000
0.0000000000000000
0.0000000000000000
0.0000000000000000
0.0000000000000000
0.0000000000000000
0.0000000000000000
0.0000000000000000
0.0000000000000000
0.0000000000000000
0.0000000000000000
0.0000000000000000
0.0000000000000000
0.0000000000000000
0.0000000000000000
0.0000000000000000
0.0000000000000000
0.0000000000000000
0.0000000000000000
0.0000000000000000
0.0000000000000000
0.0000000000000000
0.0000000000000000
0.0000000000000000
0.0000000000000000
0.0000000000000000
0.0000000000000000
0.0000000000000000
0.0000000000000000
0.0000000000000000
0.0000000000000000
0.0000000000000000
0.0000000000000000
0.0000000000000000
0.0000000000000000
0.0000000000000000
0.0000000000000000
0.0000000000000000
0.0000000000000000
0.0000000000000000
0.0000000000000000
0.0000000000000000
0.0000000000000000
0.0000000000000000
0.0000000000000000
0.0000000000000000
0.0000000000000000
0.0000000000000000
0.0000000000000000
0.0000000000000000
0.0000000000000000
0.0000000000000000
0.0000000000000000
0.0000000000000000
0.0000000000000000
0.0000000000000000
0.0000000000000000
0.0000000000000000
0.0000000000000000
0.0000000000000000
0.0000000000000000
0.0000000000000000
0.0000000000000000
0.0000000000000000
0.0000000000000000
0.0000000000000000
0.0000000000000000
0.0000000000000000
0.0000000000000000
0.0000000000000000
0.0000000000000000
0.0000000000000000
0.0000000000000000
0.0000000000000000
0.0000000000000000
0.0000000000000000
0.0000000000000000
0.0000000000000000
0.0000000000000000
0.0000000000000000
0.0000000000000000
0.0000000000000000
0.0000000000000000
0.0000000000000000
0.0000000000000000
0.0000000000000000
0.0000000000000000
0.0000000000000000
0.0000000000000000
0.0000000000000000
0.0000000000000000
0.0000000000000000
0.0000000000000000
0.0000000000000000
0.0000000000000000
0.0000000000000000
0.0000000000000000
0.0000000000000000
0.0000000000000000
0.0000000000000000
0.0000000000000000
0.0000000000000000
0.0000000000000000
0.0000000000000000
0.0000000000000000
0.0000000000000000
0.0000000000000000
0.0000000000000000
0.0000000000000000
0.0000000000000000
0.0000000000000000
0.0000000000000000
0.0000000000000000
0.0000000000000000
0.0000000000000000
0.0000000000000000
0.0000000000000000
0.0000000000000000
0.0000000000000000
0.0000000000000000
0.0000000000000000
0.0000000000000000
0.0000000000000000
0.0000000000000000
0.0000000000000000
0.0000000000000000
0.0000000000000000
0.0000000000000000
0.0000000000000000
0.0000000000000000
0.0000000000000000
0.0000000000000000
0.0000000000000000
0.0000000000000000
0.0000000000000000
0.0000000000000000
0.0000000000000000
0.0000000000000000
0.0000000000000000
0.0000000000000000
0.0000000000000000
0.0000000000000000
0.0000000000000000
0.0000000000000000
0.0000000000000000
0.0000000000000000
0.0000000000000000
0.0000000000000000
0.0000000000000000
0.0000000000000000
0.0000000000000000
0.0000000000000000
0.0000000000000000
0.0000000000000000
0.0000000000000000
0.0000000000000000
0.0000000000000000
0.0000000000000000
0.0000000000000000
0.0000000000000000
0.0000000000000000
0.0000000000000000
0.0000000000000000
0.0000000000000000
0.0000000000000000
0.0000000000000000
0.0000000000000000
0.0000000000000000
0.0000000000000000
0.0000000000000000
0.0000000000000000
0.0000000000000000
0.0000000000000000
0.0000000000000000
0.0000000000000000
0.0000000000000000
0.0000000000000000
0.0000000000000000
0.0000000000000000
0.0000000000000000
0.0000000000000000
0.0000000000000000
0.0000000000000000
0.0000000000000000
0.0000000000000000
0.0000000000000000
0.0000000000000000
0.0000000000000000
0.0000000000000000
0.0000000000000000
0.0000000000000000
0.0000000000000000
0.0000000000000000
0.0000000000000000
0.0000000000000000
0.0000000000000000
0.0000000000000000
0.0000000000000000
0.0000000000000000
0.0000000000000000
0.0000000000000000
0.0000000000000000
0.0000000000000000
0.0000000000000000
0.0000000000000000
0.0000000000000000
0.0000000000000000
0.0000000000000000
0.0000000000000000
0.0000000000000000
0.0000000000000000
0.0000000000000000
0.0000000000000000
0.0000000000000000
0.0000000000000000
0.0000000000000000
0.0000000000000000
0.0000000000000000
0.0000000000000000
0.0000000000000000
0.0000000000000000
0.0000000000000000
0.0000000000000000
0.0000000000000000
0.0000000000000000
0.0000000000000000
0.0000000000000000
0.0000000000000000
0.0000000000000000
0.0000000000000000
0.0000000000000000
0.0000000000000000
0.0000000000000000
0.0000000000000000
0.0000000000000000
0.0000000000000000
0.0000000000000000
0.0000000000000000
0.0000000000000000
0.0000000000000000
0.0000000000000000
0.0000000000000000
0.0000000000000000
0.0000000000000000
0.0000000000000000
0.0000000000000000
0.0000000000000000
0.0000000000000000
0.0000000000000000
0.0000000000000000
0.0000000000000000
0.0000000000000000
0.0000000000000000
0.0000000000000000
0.0000000000000000
0.0000000000000000
0.0000000000000000
0.0000000000000000
0.0000000000000000
0.0000000000000000
0.0000000000000000
0.0000000000000000
0.0000000000000000
0.0000000000000000
0.0000000000000000
0.0000000000000000
0.0000000000000000
0.0000000000000000
0.0000000000000000
0.0000000000000000
0.0000000000000000
0.0000000000000000
0.0000000000000000
0.0000000000000000
0.0000000000000000
0.0000000000000000
0.0000000000000000
0.0000000000000000
0.0000000000000000
0.0000000000000000
0.0000000000000000
0.0000000000000000
0.0000000000000000
0.0000000000000000
0.0000000000000000
0.0000000000000000
0.0000000000000000
0.0000000000000000
0.0000000000000000
0.0000000000000000
0.0000000000000000
0.0000000000000000
0.0000000000000000
0.0000000000000000
0.0000000000000000
0.0000000000000000
0.0000000000000000
0.0000000000000000
0.0000000000000000
0.0000000000000000
0.0000000000000000
0.0000000000000000
0.0000000000000000
0.0000000000000000
0.0000000000000000
0.0000000000000000
0.0000000000000000
0.0000000000000000
0.0000000000000000
0.0000000000000000
0.0000000000000000
0.0000000000000000
0.0000000000000000
0.0000000000000000
0.0000000000000000
0.0000000000000000
0.0000000000000000
0.0000000000000000
0.0000000000000000
0.0000000000000000
0.0000000000000000
0.0000000000000000
0.0000000000000000
0.0000000000000000
0.0000000000000000
0.0000000000000000
0.0000000000000000
0.0000000000000000
0.0000000000000000
0.0000000000000000
0.0000000000000000
0.0000000000000000
0.0000000000000000
0.0000000000000000
0.0000000000000000
0.0000000000000000
0.0000000000000000
0.0000000000000000
0.0000000000000000
0.0000000000000000
0.0000000000000000
0.0000000000000000
0.0000000000000000
0.0000000000000000
0.0000000000000000
0.0000000000000000
0.0000000000000000
0.0000000000000000
0.0000000000000000
0.0000000000000000
0.0000000000000000
0.0000000000000000
0.0000000000000000
0.0000000000000000
0.0000000000000000
0.0000000000000000
0.0000000000000000
0.0000000000000000
0.0000000000000000
0.0000000000000000
0.0000000000000000
0.0000000000000000
0.0000000000000000
0.0000000000000000
0.0000000000000000
0.0000000000000000
0.0000000000000000
0.0000000000000000
0.0000000000000000
0.0000000000000000
0.0000000000000000
0.0000000000000000
0.0000000000000000
0.0000000000000000
0.0000000000000000
0.0000000000000000
0.0000000000000000
0.0000000000000000
0.0000000000000000
0.0000000000000000
0.0000000000000000
0.0000000000000000
0.0000000000000000
0.0000000000000000
0.0000000000000000
0.0000000000000000
0.0000000000000000
0.0000000000000000
0.0000000000000000
0.0000000000000000
0.0000000000000000
0.0000000000000000
0.0000000000000000
0.0000000000000000
0.0000000000000000
0.0000000000000000
0.0000000000000000
0.0000000000000000
0.0000000000000000
0.0000000000000000
0.0000000000000000
0.0000000000000000
0.0000000000000000
0.0000000000000000
0.0000000000000000
0.0000000000000000
0.0000000000000000
0.0000000000000000
0.0000000000000000
0.0000000000000000
0.0000000000000000
0.0000000000000000
0.0000000000000000
0.0000000000000000
0.0000000000000000
0.0000000000000000
0.0000000000000000
0.0000000000000000
0.0000000000000000
0.0000000000000000
0.0000000000000000
0.0000000000000000
0.0000000000000000
0.0000000000000000
0.0000000000000000
0.0000000000000000
0.0000000000000000
0.0000000000000000
0.0000000000000000
0.0000000000000000
0.0000000000000000
0.0000000000000000
0.0000000000000000
0.0000000000000000
0.0000000000000000
0.0000000000000000
0.0000000000000000
0.0000000000000000
0.0000000000000000
0.0000000000000000
0.0000000000000000
0.0000000000000000
0.0000000000000000
0.0000000000000000
0.0000000000000000
0.0000000000000000
0.0000000000000000
0.0000000000000000
0.0000000000000000
0.0000000000000000
0.0000000000000000
0.0000000000000000
0.0000000000000000
0.0000000000000000
0.0000000000000000
0.0000000000000000
0.0000000000000000
0.0000000000000000
0.0000000000000000
0.0000000000000000
0.0000000000000000
0.0000000000000000
0.0000000000000000
0.0000000000000000
0.0000000000000000
0.0000000000000000
0.0000000000000000
0.0000000000000000
0.0000000000000000
0.0000000000000000
0.0000000000000000
0.0000000000000000
0.0000000000000000
0.0000000000000000
0.0000000000000000
0.0000000000000000
0.0000000000000000
0.0000000000000000
0.0000000000000000
0.0000000000000000
0.0000000000000000
0.0000000000000000
0.0000000000000000
0.0000000000000000
0.0000000000000000
0.0000000000000000
0.0000000000000000
0.0000000000000000
0.0000000000000000
0.0000000000000000
0.0000000000000000
0.0000000000000000
0.0000000000000000
0.0000000000000000
0.0000000000000000
0.0000000000000000
0.0000000000000000
0.0000000000000000
0.0000000000000000
0.0000000000000000
0.0000000000000000
0.0000000000000000
0.0000000000000000
0.0000000000000000
0.0000000000000000
0.0000000000000000
0.0000000000000000
0.0000000000000000
0.0000000000000000
0.0000000000000000
0.0000000000000000
0.0000000000000000
0.0000000000000000
0.0000000000000000
0.0000000000000000
0.0000000000000000
0.0000000000000000
0.0000000000000000
0.0000000000000000
0.0000000000000000
0.0000000000000000
0.0000000000000000
0.0000000000000000
0.0000000000000000
0.0000000000000000
0.0000000000000000
0.0000000000000000
0.0000000000000000
0.0000000000000000
0.0000000000000000
0.0000000000000000
0.0000000000000000
0.0000000000000000
0.0000000000000000
0.0000000000000000
0.0000000000000000
0.0000000000000000
0.0000000000000000
0.0000000000000000
0.0000000000000000
0.0000000000000000
0.0000000000000000
0.0000000000000000
0.0000000000000000
0.0000000000000000
0.0000000000000000
0.0000000000000000
0.0000000000000000
0.0000000000000000
0.0000000000000000
0.0000000000000000
0.0000000000000000
0.0000000000000000
0.0000000000000000
0.0000000000000000
0.0000000000000000
0.0000000000000000
0.0000000000000000
0.0000000000000000
0.0000000000000000
0.0000000000000000
0.0000000000000000
0.0000000000000000
0.0000000000000000
0.0000000000000000
0.0000000000000000
0.0000000000000000
0.0000000000000000
0.0000000000000000
0.0000000000000000
0.0000000000000000
0.0000000000000000
0.0000000000000000
0.0000000000000000
0.0000000000000000
0.0000000000000000
0.0000000000000000
0.0000000000000000
0.0000000000000000
0.0000000000000000
0.0000000000000000
0.0000000000000000
0.0000000000000000
0.0000000000000000
0.0000000000000000
0.0000000000000000
0.0000000000000000
0.0000000000000000
0.0000000000000000
0.0000000000000000
0.0000000000000000
0.0000000000000000
0.0000000000000000
0.0000000000000000
0.0000000000000000
0.0000000000000000
0.0000000000000000
0.0000000000000000
0.0000000000000000
0.0000000000000000
0.0000000000000000
0.0000000000000000
0.0000000000000000
0.0000000000000000
0.0000000000000000
0.0000000000000000
0.0000000000000000
0.0000000000000000
0.0000000000000000
0.0000000000000000
0.0000000000000000
0.0000000000000000
0.0000000000000000
0.0000000000000000
0.0000000000000000
0.0000000000000000
0.0000000000000000
0.0000000000000000
0.0000000000000000
0.0000000000000000
0.0000000000000000
0.0000000000000000
0.0000000000000000
0.0000000000000000
0.0000000000000000
0.0000000000000000
0.0000000000000000
0.0000000000000000
0.0000000000000000
0.0000000000000000
0.0000000000000000
0.0000000000000000
0.0000000000000000
0.0000000000000000
0.0000000000000000
0.0000000000000000
0.0000000000000000
0.0000000000000000
0.0000000000000000
0.0000000000000000
0.0000000000000000
0.0000000000000000
0.0000000000000000
0.0000000000000000
0.0000000000000000
0.0000000000000000
0.0000000000000000
0.0000000000000000
0.0000000000000000
0.0000000000000000
0.0000000000000000
0.0000000000000000
0.0000000000000000
0.0000000000000000
0.0000000000000000
0.0000000000000000
0.0000000000000000
0.0000000000000000
0.0000000000000000
0.0000000000000000
0.0000000000000000
0.0000000000000000
0.0000000000000000
0.0000000000000000
0.0000000000000000
0.0000000000000000
0.0000000000000000
0.0000000000000000
0.0000000000000000
0.0000000000000000
0.0000000000000000
0.0000000000000000
0.0000000000000000
0.0000000000000000
0.0000000000000000
0.0000000000000000
0.0000000000000000
0.0000000000000000
0.0000000000000000
0.0000000000000000
0.0000000000000000
0.0000000000000000
0.0000000000000000
0.0000000000000000
0.0000000000000000
0.0000000000000000
0.0000000000000000
0.0000000000000000
0.0000000000000000
0.0000000000000000
0.0000000000000000
0.0000000000000000
0.0000000000000000
0.0000000000000000
0.0000000000000000
0.0000000000000000
0.0000000000000000
0.0000000000000000
0.0000000000000000
0.0000000000000000
0.0000000000000000
0.0000000000000000
0.0000000000000000
0.0000000000000000
0.0000000000000000
0.0000000000000000
0.0000000000000000
0.0000000000000000
0.0000000000000000
0.0000000000000000
0.0000000000000000
0.0000000000000000
0.0000000000000000
0.0000000000000000
0.0000000000000000
0.0000000000000000
0.0000000000000000
0.0000000000000000
0.0000000000000000
0.0000000000000000
0.0000000000000000
0.0000000000000000
0.0000000000000000
0.0000000000000000
0.0000000000000000
0.0000000000000000
0.0000000000000000
0.0000000000000000
0.0000000000000000
0.0000000000000000
0.0000000000000000
0.0000000000000000
0.0000000000000000
0.0000000000000000
0.0000000000000000
0.0000000000000000
0.0000000000000000
0.0000000000000000
0.0000000000000000
0.0000000000000000
0.0000000000000000
0.0000000000000000
0.0000000000000000
0.0000000000000000
0.0000000000000000
0.0000000000000000
0.0000000000000000
0.0000000000000000
0.0000000000000000
0.0000000000000000
0.0000000000000000
0.0000000000000000
0.0000000000000000
0.0000000000000000
0.0000000000000000
0.0000000000000000
0.0000000000000000
0.0000000000000000
0.0000000000000000
0.0000000000000000
0.0000000000000000
0.0000000000000000
0.0000000000000000
0.0000000000000000
0.0000000000000000
0.0000000000000000
0.0000000000000000
0.0000000000000000
0.0000000000000000
0.0000000000000000
0.0000000000000000
0.0000000000000000
0.0000000000000000
0.0000000000000000
0.0000000000000000
0.0000000000000000
0.0000000000000000
0.0000000000000000
0.0000000000000000
0.0000000000000000
0.0000000000000000
0.0000000000000000
0.0000000000000000
0.0000000000000000
0.0000000000000000
0.0000000000000000
0.0000000000000000
0.0000000000000000
0.0000000000000000
0.0000000000000000
0.0000000000000000
0.0000000000000000
0.0000000000000000
0.0000000000000000
0.0000000000000000
0.0000000000000000
0.0000000000000000
0.0000000000000000
0.0000000000000000
0.0000000000000000
0.0000000000000000
0.0000000000000000
0.0000000000000000
0.0000000000000000
0.0000000000000000
0.0000000000000000
0.0000000000000000
0.0000000000000000
0.0000000000000000
0.0000000000000000
0.0000000000000000
0.0000000000000000
0.0000000000000000
0.0000000000000000
0.0000000000000000
0.0000000000000000
0.0000000000000000
0.0000000000000000
0.0000000000000000
0.0000000000000000
0.0000000000000000
0.0000000000000000
0.0000000000000000
0.0000000000000000
0.0000000000000000
0.0000000000000000
0.0000000000000000
0.0000000000000000
0.0000000000000000
0.0000000000000000
0.0000000000000000
0.0000000000000000
0.0000000000000000
0.0000000000000000
0.0000000000000000
0.0000000000000000
0.0000000000000000
0.0000000000000000
0.0000000000000000
0.0000000000000000
0.0000000000000000
0.0000000000000000
0.0000000000000000
0.0000000000000000
0.0000000000000000
0.0000000000000000
0.0000000000000000
0.0000000000000000
0.0000000000000000
0.0000000000000000
0.0000000000000000
0.0000000000000000
0.0000000000000000
0.0000000000000000
0.0000000000000000
0.0000000000000000
0.0000000000000000
0.0000000000000000
0.0000000000000000
0.0000000000000000
0.0000000000000000
0.0000000000000000
0.0000000000000000
0.0000000000000000
0.0000000000000000
0.0000000000000000
0.0000000000000000
0.0000000000000000
0.0000000000000000
0.0000000000000000
0.0000000000000000
0.0000000000000000
0.0000000000000000
0.0000000000000000
0.0000000000000000
0.0000000000000000
0.0000000000000000
0.0000000000000000
0.0000000000000000
0.0000000000000000
0.0000000000000000
0.0000000000000000
0.0000000000000000
0.0000000000000000
0.0000000000000000
0.0000000000000000
0.0000000000000000
0.0000000000000000
0.0000000000000000
0.0000000000000000
0.0000000000000000
0.0000000000000000
0.0000000000000000
0.0000000000000000
0.0000000000000000
0.0000000000000000
0.0000000000000000
0.0000000000000000
0.0000000000000000
0.0000000000000000
0.0000000000000000
0.0000000000000000
0.0000000000000000
0.0000000000000000
0.0000000000000000
0.0000000000000000
0.0000000000000000
0.0000000000000000
0.0000000000000000
0.0000000000000000
0.0000000000000000
0.0000000000000000
0.0000000000000000
0.0000000000000000
0.0000000000000000
0.0000000000000000
0.0000000000000000
0.0000000000000000
0.0000000000000000
0.0000000000000000
0.0000000000000000
0.0000000000000000
0.0000000000000000
0.0000000000000000
0.0000000000000000
0.0000000000000000
0.0000000000000000
0.0000000000000000
0.0000000000000000
0.0000000000000000
0.0000000000000000
0.0000000000000000
0.0000000000000000
0.0000000000000000
0.0000000000000000
0.0000000000000000
0.0000000000000000
0.0000000000000000
0.0000000000000000
0.0000000000000000
0.0000000000000000
0.0000000000000000
0.0000000000000000
0.0000000000000000
0.0000000000000000
0.0000000000000000
0.0000000000000000
0.0000000000000000
0.0000000000000000
0.0000000000000000
0.0000000000000000
0.0000000000000000
0.0000000000000000
0.0000000000000000
0.0000000000000000
0.0000000000000000
0.0000000000000000
0.0000000000000000
0.0000000000000000
0.0000000000000000
0.0000000000000000
0.0000000000000000
0.0000000000000000
0.0000000000000000
0.0000000000000000
0.0000000000000000
0.0000000000000000
0.0000000000000000
0.0000000000000000
0.0000000000000000
0.0000000000000000
0.0000000000000000
0.0000000000000000
0.0000000000000000
0.0000000000000000
0.0000000000000000
0.0000000000000000
0.0000000000000000
0.0000000000000000
0.0000000000000000
0.0000000000000000
0.0000000000000000
0.0000000000000000
0.0000000000000000
0.0000000000000000
0.0000000000000000
0.0000000000000000
0.0000000000000000
0.0000000000000000
0.0000000000000000
0.0000000000000000
0.0000000000000000
0.0000000000000000
0.0000000000000000
0.0000000000000000
0.0000000000000000
0.0000000000000000
0.0000000000000000
0.0000000000000000
0.0000000000000000
0.0000000000000000
0.0000000000000000
0.0000000000000000
0.0000000000000000
0.0000000000000000
0.0000000000000000
0.0000000000000000
0.0000000000000000
0.0000000000000000
0.0000000000000000
0.0000000000000000
0.0000000000000000
0.0000000000000000
0.0000000000000000
0.0000000000000000
0.0000000000000000
0.0000000000000000
0.0000000000000000
0.0000000000000000
0.0000000000000000
0.0000000000000000
0.0000000000000000
0.0000000000000000
0.0000000000000000
0.0000000000000000
0.0000000000000000
0.0000000000000000
0.0000000000000000
0.0000000000000000
0.0000000000000000
0.0000000000000000
0.0000000000000000
0.0000000000000000
0.0000000000000000
0.0000000000000000
0.0000000000000000
0.0000000000000000
0.0000000000000000
0.0000000000000000
0.0000000000000000
0.0000000000000000
0.0000000000000000
0.0000000000000000
0.0000000000000000
0.0000000000000000
0.0000000000000000
0.0000000000000000
0.0000000000000000
0.0000000000000000
0.0000000000000000
0.0000000000000000
0.0000000000000000
0.0000000000000000
0.0000000000000000
0.0000000000000000
0.0000000000000000
0.0000000000000000
0.0000000000000000
0.0000000000000000
0.0000000000000000
0.0000000000000000
0.0000000000000000
0.0000000000000000
0.0000000000000000
0.0000000000000000
0.0000000000000000
0.0000000000000000
0.0000000000000000
0.0000000000000000
0.0000000000000000
0.0000000000000000
0.0000000000000000
0.0000000000000000
0.0000000000000000
0.0000000000000000
0.0000000000000000
0.0000000000000000
0.0000000000000000
0.0000000000000000
0.0000000000000000
0.0000000000000000
0.0000000000000000
0.0000000000000000
0.0000000000000000
0.0000000000000000
0.0000000000000000
0.0000000000000000
0.0000000000000000
0.0000000000000000
0.0000000000000000
0.0000000000000000
0.0000000000000000
0.0000000000000000
0.0000000000000000
0.0000000000000000
0.0000000000000000
0.0000000000000000
0.0000000000000000
0.0000000000000000
0.0000000000000000
0.0000000000000000
0.0000000000000000
0.0000000000000000
0.0000000000000000
0.0000000000000000
0.0000000000000000
0.0000000000000000
0.0000000000000000
0.0000000000000000
0.0000000000000000
0.0000000000000000
0.0000000000000000
0.0000000000000000
0.0000000000000000
0.0000000000000000
0.0000000000000000
0.0000000000000000
0.0000000000000000
0.0000000000000000
0.0000000000000000
0.0000000000000000
0.0000000000000000
0.0000000000000000
0.0000000000000000
0.0000000000000000
0.0000000000000000
0.0000000000000000
0.0000000000000000
0.0000000000000000
0.0000000000000000
0.0000000000000000
0.0000000000000000
0.0000000000000000
0.0000000000000000
0.0000000000000000
0.0000000000000000
0.0000000000000000
0.0000000000000000
0.0000000000000000
0.0000000000000000
0.0000000000000000
0.0000000000000000
0.0000000000000000
0.0000000000000000
0.0000000000000000
0.0000000000000000
0.0000000000000000
0.0000000000000000
0.0000000000000000
0.0000000000000000
0.0000000000000000
0.0000000000000000
0.0000000000000000
0.0000000000000000
0.0000000000000000
0.0000000000000000
0.0000000000000000
0.0000000000000000
0.0000000000000000
0.0000000000000000
0.0000000000000000
0.0000000000000000
0.0000000000000000
0.0000000000000000
0.0000000000000000
0.0000000000000000
0.0000000000000000
0.0000000000000000
0.0000000000000000
0.0000000000000000
0.0000000000000000
0.0000000000000000
0.0000000000000000
0.0000000000000000
0.0000000000000000
0.0000000000000000
0.0000000000000000
0.0000000000000000
0.0000000000000000
0.0000000000000000
0.0000000000000000
0.0000000000000000
0.0000000000000000
0.0000000000000000
0.0000000000000000
0.0000000000000000
0.0000000000000000
0.0000000000000000
0.0000000000000000
0.0000000000000000
0.0000000000000000
0.0000000000000000
0.0000000000000000
0.0000000000000000
0.0000000000000000
0.0000000000000000
0.0000000000000000
0.0000000000000000
0.0000000000000000
0.0000000000000000
0.0000000000000000
0.0000000000000000
0.0000000000000000
0.0000000000000000
0.0000000000000000
0.0000000000000000
0.0000000000000000
0.0000000000000000
0.0000000000000000
0.0000000000000000
0.0000000000000000
0.0000000000000000
0.0000000000000000
0.0000000000000000
0.0000000000000000
0.0000000000000000
0.0000000000000000
0.0000000000000000
0.0000000000000000
0.0000000000000000
0.0000000000000000
0.0000000000000000
0.0000000000000000
0.0000000000000000
0.0000000000000000
0.0000000000000000
0.0000000000000000
0.0000000000000000
0.0000000000000000
0.0000000000000000
0.0000000000000000
0.0000000000000000
0.0000000000000000
0.0000000000000000
0.0000000000000000
0.0000000000000000
0.0000000000000000
0.0000000000000000
0.0000000000000000
0.0000000000000000
0.0000000000000000
0.0000000000000000
0.0000000000000000
0.0000000000000000
0.0000000000000000
0.0000000000000000
0.0000000000000000
0.0000000000000000
0.0000000000000000
0.0000000000000000
0.0000000000000000
0.0000000000000000
0.0000000000000000
0.0000000000000000
0.0000000000000000
0.0000000000000000
0.0000000000000000
0.0000000000000000
0.0000000000000000
0.0000000000000000
0.0000000000000000
0.0000000000000000
0.0000000000000000
0.0000000000000000
0.0000000000000000
0.0000000000000000
0.0000000000000000
0.0000000000000000
0.0000000000000000
0.0000000000000000
0.0000000000000000
0.0000000000000000
0.0000000000000000
0.0000000000000000
0.0000000000000000
0.0000000000000000
0.0000000000000000
0.0000000000000000
0.0000000000000000
0.0000000000000000
0.0000000000000000
0.0000000000000000
0.0000000000000000
0.0000000000000000
0.0000000000000000
0.0000000000000000
0.0000000000000000
0.0000000000000000
0.0000000000000000
0.0000000000000000
0.0000000000000000
0.0000000000000000
0.0000000000000000
0.0000000000000000
0.0000000000000000
0.0000000000000000
0.0000000000000000
0.0000000000000000
0.0000000000000000
0.0000000000000000
0.0000000000000000
0.0000000000000000
0.0000000000000000
0.0000000000000000
0.0000000000000000
0.0000000000000000
0.0000000000000000
0.0000000000000000
0.0000000000000000
0.0000000000000000
0.0000000000000000
0.0000000000000000
0.0000000000000000
0.0000000000000000
0.0000000000000000
0.0000000000000000
0.0000000000000000
0.0000000000000000
0.0000000000000000
0.0000000000000000
0.0000000000000000
0.0000000000000000
0.0000000000000000
0.0000000000000000
0.0000000000000000
0.0000000000000000
0.0000000000000000
0.0000000000000000
0.0000000000000000
0.0000000000000000
0.0000000000000000
0.0000000000000000
0.0000000000000000
0.0000000000000000
0.0000000000000000
0.0000000000000000
0.0000000000000000
0.0000000000000000
0.0000000000000000
0.0000000000000000
0.0000000000000000
0.0000000000000000
0.0000000000000000
0.0000000000000000
0.0000000000000000
0.0000000000000000
0.0000000000000000
0.0000000000000000
0.0000000000000000
0.0000000000000000
0.0000000000000000
0.0000000000000000
0.0000000000000000
0.0000000000000000
0.0000000000000000
0.0000000000000000
0.0000000000000000
0.0000000000000000
0.0000000000000000
0.0000000000000000
0.0000000000000000
0.0000000000000000
0.0000000000000000
0.0000000000000000
0.0000000000000000
0.0000000000000000
0.0000000000000000
0.0000000000000000
0.0000000000000000
0.0000000000000000
0.0000000000000000
0.0000000000000000
0.0000000000000000
0.0000000000000000
0.0000000000000000
0.0000000000000000
0.0000000000000000
0.0000000000000000
0.0000000000000000
0.0000000000000000
0.0000000000000000
0.0000000000000000
0.0000000000000000
0.0000000000000000
0.0000000000000000
0.0000000000000000
0.0000000000000000
0.0000000000000000
0.0000000000000000
0.0000000000000000
0.0000000000000000
0.0000000000000000
0.0000000000000000
0.0000000000000000
0.0000000000000000
0.0000000000000000
0.0000000000000000
0.0000000000000000
0.0000000000000000
0.0000000000000000
0.0000000000000000
0.0000000000000000
0.0000000000000000
0.0000000000000000
0.0000000000000000
0.0000000000000000
0.0000000000000000
0.0000000000000000
0.0000000000000000
0.0000000000000000
0.0000000000000000
0.0000000000000000
0.0000000000000000
0.0000000000000000
0.0000000000000000
0.0000000000000000
0.0000000000000000
0.0000000000000000
0.0000000000000000
0.0000000000000000
0.0000000000000000
0.0000000000000000
0.0000000000000000
0.0000000000000000
0.0000000000000000
0.0000000000000000
0.0000000000000000
0.0000000000000000
0.0000000000000000
0.0000000000000000
0.0000000000000000
0.0000000000000000
0.0000000000000000
0.0000000000000000
0.0000000000000000
0.0000000000000000
0.0000000000000000
0.0000000000000000
0.0000000000000000
0.0000000000000000
0.0000000000000000
0.0000000000000000
0.0000000000000000
0.0000000000000000
0.0000000000000000
0.0000000000000000
0.0000000000000000
0.0000000000000000
0.0000000000000000
0.0000000000000000
0.0000000000000000
0.0000000000000000
0.0000000000000000
0.0000000000000000
0.0000000000000000
0.0000000000000000
0.0000000000000000
0.0000000000000000
0.0000000000000000
0.0000000000000000
0.0000000000000000
0.0000000000000000
0.0000000000000000
0.0000000000000000
0.0000000000000000
0.0000000000000000
0.0000000000000000
0.0000000000000000
0.0000000000000000
0.0000000000000000
0.0000000000000000
0.0000000000000000
0.0000000000000000
0.0000000000000000
0.0000000000000000
0.0000000000000000
0.0000000000000000
0.0000000000000000
0.0000000000000000
0.0000000000000000
0.0000000000000000
0.0000000000000000
0.0000000000000000
0.0000000000000000
0.0000000000000000
0.0000000000000000
0.0000000000000000
0.0000000000000000
0.0000000000000000
0.0000000000000000
0.0000000000000000
0.0000000000000000
0.0000000000000000
0.0000000000000000
0.0000000000000000
0.0000000000000000
0.0000000000000000
0.0000000000000000
0.0000000000000000
0.0000000000000000
0.0000000000000000
0.0000000000000000
0.0000000000000000
0.0000000000000000
0.0000000000000000
0.0000000000000000
0.0000000000000000
0.0000000000000000
0.0000000000000000
0.0000000000000000
0.0000000000000000
0.0000000000000000
0.0000000000000000
0.0000000000000000
0.0000000000000000
0.0000000000000000
0.0000000000000000
0.0000000000000000
0.0000000000000000
0.0000000000000000
0.0000000000000000
0.0000000000000000
0.0000000000000000
0.0000000000000000
0.0000000000000000
0.0000000000000000
0.0000000000000000
0.0000000000000000
0.0000000000000000
0.0000000000000000
0.0000000000000000
0.0000000000000000
0.0000000000000000
0.0000000000000000
0.0000000000000000
0.0000000000000000
0.0000000000000000
0.0000000000000000
0.0000000000000000
0.0000000000000000
0.0000000000000000
0.0000000000000000
0.0000000000000000
0.0000000000000000
0.0000000000000000
0.0000000000000000
0.0000000000000000
0.0000000000000000
0.0000000000000000
0.0000000000000000
0.0000000000000000
0.0000000000000000
0.0000000000000000
0.0000000000000000
0.0000000000000000
0.0000000000000000
0.0000000000000000
0.0000000000000000
0.0000000000000000
0.0000000000000000
0.0000000000000000
0.0000000000000000
0.0000000000000000
0.0000000000000000
0.0000000000000000
0.0000000000000000
0.0000000000000000
0.0000000000000000
0.0000000000000000
0.0000000000000000
0.0000000000000000
0.0000000000000000
0.0000000000000000
0.0000000000000000
0.0000000000000000
0.0000000000000000
0.0000000000000000
0.0000000000000000
0.0000000000000000
0.0000000000000000
0.0000000000000000
0.0000000000000000
0.0000000000000000
0.0000000000000000
0.0000000000000000
0.0000000000000000
0.0000000000000000
0.0000000000000000
0.0000000000000000
0.0000000000000000
0.0000000000000000
0.0000000000000000
0.0000000000000000
0.0000000000000000
0.0000000000000000
0.0000000000000000
0.0000000000000000
0.0000000000000000
0.0000000000000000
0.0000000000000000
0.0000000000000000
0.0000000000000000
0.0000000000000000
0.0000000000000000
0.0000000000000000
0.0000000000000000
0.0000000000000000
0.0000000000000000
0.0000000000000000
0.0000000000000000
0.0000000000000000
0.0000000000000000
0.0000000000000000
0.0000000000000000
0.0000000000000000
0.0000000000000000
0.0000000000000000
0.0000000000000000
0.0000000000000000
0.0000000000000000
0.0000000000000000
0.0000000000000000
0.0000000000000000
0.0000000000000000
0.0000000000000000
0.0000000000000000
0.0000000000000000
0.0000000000000000
0.0000000000000000
0.0000000000000000
0.0000000000000000
0.0000000000000000
0.0000000000000000
0.0000000000000000
0.0000000000000000
0.0000000000000000
0.0000000000000000
0.0000000000000000
0.0000000000000000
0.0000000000000000
0.0000000000000000
0.0000000000000000
0.0000000000000000
0.0000000000000000
0.0000000000000000
0.0000000000000000
0.0000000000000000
0.0000000000000000
0.0000000000000000
0.0000000000000000
0.0000000000000000
0.0000000000000000
0.0000000000000000
0.0000000000000000
0.0000000000000000
0.0000000000000000
0.0000000000000000
0.0000000000000000
0.0000000000000000
0.0000000000000000
0.0000000000000000
0.0000000000000000
0.0000000000000000
0.0000000000000000
0.0000000000000000
0.0000000000000000
0.0000000000000000
0.0000000000000000
0.0000000000000000
0.0000000000000000
0.0000000000000000
0.0000000000000000
0.0000000000000000
0.0000000000000000
0.0000000000000000
0.0000000000000000
0.0000000000000000
0.0000000000000000
0.0000000000000000
0.0000000000000000
0.0000000000000000
0.0000000000000000
0.0000000000000000
0.0000000000000000
0.0000000000000000
0.0000000000000000
0.0000000000000000
0.0000000000000000
0.0000000000000000
0.0000000000000000
0.0000000000000000
0.0000000000000000
0.0000000000000000
0.0000000000000000
0.0000000000000000
0.0000000000000000
0.0000000000000000
0.0000000000000000
0.0000000000000000
0.0000000000000000
0.0000000000000000
0.0000000000000000
0.0000000000000000
0.0000000000000000
0.0000000000000000
0.0000000000000000
0.0000000000000000
0.0000000000000000
0.0000000000000000
0.0000000000000000
0.0000000000000000
0.0000000000000000
0.0000000000000000
0.0000000000000000
0.0000000000000000
0.0000000000000000
0.0000000000000000
0.0000000000000000
0.0000000000000000
0.0000000000000000
0.0000000000000000
0.0000000000000000
0.0000000000000000
0.0000000000000000
0.0000000000000000
0.0000000000000000
0.0000000000000000
0.0000000000000000
0.0000000000000000
0.0000000000000000
0.0000000000000000
0.0000000000000000
0.0000000000000000
0.0000000000000000
0.0000000000000000
0.0000000000000000
0.0000000000000000
0.0000000000000000
0.0000000000000000
0.0000000000000000
0.0000000000000000
0.0000000000000000
0.0000000000000000
0.0000000000000000
0.0000000000000000
0.0000000000000000
0.0000000000000000
0.0000000000000000
0.0000000000000000
0.0000000000000000
0.0000000000000000
0.0000000000000000
0.0000000000000000
0.0000000000000000
0.0000000000000000
0.0000000000000000
0.0000000000000000
0.0000000000000000
0.0000000000000000
0.0000000000000000
0.0000000000000000
0.0000000000000000
0.0000000000000000
0.0000000000000000
0.0000000000000000
0.0000000000000000
0.0000000000000000
0.0000000000000000
0.0000000000000000
0.0000000000000000
0.0000000000000000
0.0000000000000000
0.0000000000000000
0.0000000000000000
0.0000000000000000
0.0000000000000000
0.0000000000000000
0.0000000000000000
0.0000000000000000
0.0000000000000000
0.0000000000000000
0.0000000000000000
0.0000000000000000
0.0000000000000000
0.0000000000000000
0.0000000000000000
0.0000000000000000
0.0000000000000000
0.0000000000000000
0.0000000000000000
0.0000000000000000
0.0000000000000000
0.0000000000000000
0.0000000000000000
0.0000000000000000
0.0000000000000000
0.0000000000000000
0.0000000000000000
0.0000000000000000
0.0000000000000000
0.0000000000000000
0.0000000000000000
0.0000000000000000
0.0000000000000000
0.0000000000000000
0.0000000000000000
0.0000000000000000
0.0000000000000000
0.0000000000000000
0.0000000000000000
0.0000000000000000
0.0000000000000000
0.0000000000000000
0.0000000000000000
0.0000000000000000
0.0000000000000000
0.0000000000000000
0.0000000000000000
0.0000000000000000
0.0000000000000000
0.0000000000000000
0.0000000000000000
0.0000000000000000
0.0000000000000000
0.0000000000000000
0.0000000000000000
0.0000000000000000
0.0000000000000000
0.0000000000000000
0.0000000000000000
0.0000000000000000
0.0000000000000000
0.0000000000000000
0.0000000000000000
0.0000000000000000
0.0000000000000000
0.0000000000000000
0.0000000000000000
0.0000000000000000
0.0000000000000000
0.0000000000000000
0.0000000000000000
0.0000000000000000
0.0000000000000000
0.0000000000000000
0.0000000000000000
0.0000000000000000
0.0000000000000000
0.0000000000000000
0.0000000000000000
0.0000000000000000
0.0000000000000000
0.0000000000000000
0.0000000000000000
0.0000000000000000
0.0000000000000000
0.0000000000000000
0.0000000000000000
0.0000000000000000
0.0000000000000000
0.0000000000000000
0.0000000000000000
0.0000000000000000
0.0000000000000000
0.0000000000000000
0.0000000000000000
0.0000000000000000
0.0000000000000000
0.0000000000000000
0.0000000000000000
0.0000000000000000
0.0000000000000000
0.0000000000000000
0.0000000000000000
0.0000000000000000
0.0000000000000000
0.0000000000000000
0.0000000000000000
0.0000000000000000
0.0000000000000000
0.0000000000000000
0.0000000000000000
0.0000000000000000
0.0000000000000000
0.0000000000000000
0.0000000000000000
0.0000000000000000
0.0000000000000000
0.0000000000000000
0.0000000000000000
0.0000000000000000
0.0000000000000000
0.0000000000000000
0.0000000000000000
0.0000000000000000
0.0000000000000000
0.0000000000000000
0.0000000000000000
0.0000000000000000
0.0000000000000000
0.0000000000000000
0.0000000000000000
0.0000000000000000
0.0000000000000000
0.0000000000000000
0.0000000000000000
0.0000000000000000
0.0000000000000000
0.0000000000000000
0.0000000000000000
0.0000000000000000
0.0000000000000000
0.0000000000000000
0.0000000000000000
0.0000000000000000
0.0000000000000000
0.0000000000000000
0.0000000000000000
0.0000000000000000
0.0000000000000000
0.0000000000000000
0.0000000000000000
0.0000000000000000
0.0000000000000000
0.0000000000000000
0.0000000000000000
0.0000000000000000
0.0000000000000000
0.0000000000000000
0.0000000000000000
0.0000000000000000
0.0000000000000000
0.0000000000000000
0.0000000000000000
0.0000000000000000
0.0000000000000000
0.0000000000000000
0.0000000000000000
0.0000000000000000
0.0000000000000000
0.0000000000000000
0.0000000000000000
0.0000000000000000
0.0000000000000000
0.0000000000000000
0.0000000000000000
0.0000000000000000
0.0000000000000000
0.0000000000000000
0.0000000000000000
0.0000000000000000
0.0000000000000000
0.0000000000000000
0.0000000000000000
0.0000000000000000
0.0000000000000000
0.0000000000000000
0.0000000000000000
0.0000000000000000
0.0000000000000000
0.0000000000000000
0.0000000000000000
0.0000000000000000
0.0000000000000000
0.0000000000000000
0.0000000000000000
0.0000000000000000
0.0000000000000000
0.0000000000000000
0.0000000000000000
0.0000000000000000
0.0000000000000000
0.0000000000000000
0.0000000000000000
0.0000000000000000
0.0000000000000000
0.0000000000000000
0.0000000000000000
0.0000000000000000
0.0000000000000000
0.0000000000000000
0.0000000000000000
0.0000000000000000
0.0000000000000000
0.0000000000000000
0.0000000000000000
0.0000000000000000
0.0000000000000000
0.0000000000000000
0.0000000000000000
0.0000000000000000
0.0000000000000000
0.0000000000000000
0.0000000000000000
0.0000000000000000
0.0000000000000000
0.0000000000000000
0.0000000000000000
0.0000000000000000
0.0000000000000000
0.0000000000000000
0.0000000000000000
0.0000000000000000
0.0000000000000000
0.0000000000000000
0.0000000000000000
0.0000000000000000
0.0000000000000000
0.0000000000000000
0.0000000000000000
0.0000000000000000
0.0000000000000000
0.0000000000000000
0.0000000000000000
0.0000000000000000
0.0000000000000000
0.0000000000000000
0.0000000000000000
0.0000000000000000
0.0000000000000000
0.0000000000000000
0.0000000000000000
0.0000000000000000
0.0000000000000000
0.0000000000000000
0.0000000000000000
0.0000000000000000
0.0000000000000000
0.0000000000000000
0.0000000000000000
0.0000000000000000
0.0000000000000000
0.0000000000000000
0.0000000000000000
0.0000000000000000
0.0000000000000000
0.0000000000000000
0.0000000000000000
0.0000000000000000
0.0000000000000000
0.0000000000000000
0.0000000000000000
0.0000000000000000
0.0000000000000000
0.0000000000000000
0.0000000000000000
0.0000000000000000
0.0000000000000000
0.0000000000000000
0.0000000000000000
0.0000000000000000
0.0000000000000000
0.0000000000000000
0.0000000000000000
0.0000000000000000
0.0000000000000000
0.0000000000000000
0.0000000000000000
0.0000000000000000
0.0000000000000000
0.0000000000000000
0.0000000000000000
0.0000000000000000
0.0000000000000000
0.0000000000000000
0.0000000000000000
0.0000000000000000
0.0000000000000000
0.0000000000000000
0.0000000000000000
0.0000000000000000
0.0000000000000000
0.0000000000000000
0.0000000000000000
0.0000000000000000
0.0000000000000000
0.0000000000000000
0.0000000000000000
0.0000000000000000
0.0000000000000000
0.0000000000000000
0.0000000000000000
0.0000000000000000
0.0000000000000000
0.0000000000000000
0.0000000000000000
0.0000000000000000
0.0000000000000000
0.0000000000000000
0.0000000000000000
0.0000000000000000
0.0000000000000000
0.0000000000000000
0.0000000000000000
0.0000000000000000
0.0000000000000000
0.0000000000000000
0.0000000000000000
0.0000000000000000
0.0000000000000000
0.0000000000000000
0.0000000000000000
0.0000000000000000
0.0000000000000000
0.0000000000000000
0.0000000000000000
0.0000000000000000
0.0000000000000000
0.0000000000000000
0.0000000000000000
0.0000000000000000
0.0000000000000000
0.0000000000000000
0.0000000000000000
0.0000000000000000
0.0000000000000000
0.0000000000000000
0.0000000000000000
0.0000000000000000
0.0000000000000000
0.0000000000000000
0.0000000000000000
0.0000000000000000
0.0000000000000000
0.0000000000000000
0.0000000000000000
0.0000000000000000
0.0000000000000000
0.0000000000000000
0.0000000000000000
0.0000000000000000
0.0000000000000000
0.0000000000000000
0.0000000000000000
0.0000000000000000
0.0000000000000000
0.0000000000000000
0.0000000000000000
0.0000000000000000
0.0000000000000000
0.0000000000000000
0.0000000000000000
0.0000000000000000
0.0000000000000000
0.0000000000000000
0.0000000000000000
0.0000000000000000
0.0000000000000000
0.0000000000000000
0.0000000000000000
0.0000000000000000
0.0000000000000000
0.0000000000000000
0.0000000000000000
0.0000000000000000
0.0000000000000000
0.0000000000000000
0.0000000000000000
0.0000000000000000
0.0000000000000000
0.0000000000000000
0.0000000000000000
0.0000000000000000
0.0000000000000000
0.0000000000000000
0.0000000000000000
0.0000000000000000
0.0000000000000000
0.0000000000000000
0.0000000000000000
0.0000000000000000
0.0000000000000000
0.0000000000000000
0.0000000000000000
0.0000000000000000
0.0000000000000000
0.0000000000000000
0.0000000000000000
0.0000000000000000
0.0000000000000000
0.0000000000000000
0.0000000000000000
0.0000000000000000
0.0000000000000000
0.0000000000000000
0.0000000000000000
0.0000000000000000
0.0000000000000000
0.0000000000000000
0.0000000000000000
0.0000000000000000
0.0000000000000000
0.0000000000000000
0.0000000000000000
0.0000000000000000
0.0000000000000000
0.0000000000000000
0.0000000000000000
0.0000000000000000
0.0000000000000000
0.0000000000000000
0.0000000000000000
0.0000000000000000
0.0000000000000000
0.0000000000000000
0.0000000000000000
0.0000000000000000
0.0000000000000000
0.0000000000000000
0.0000000000000000
0.0000000000000000
0.0000000000000000
0.0000000000000000
0.0000000000000000
0.0000000000000000
0.0000000000000000
0.0000000000000000
0.0000000000000000
0.0000000000000000
0.0000000000000000
0.0000000000000000
0.0000000000000000
0.0000000000000000
0.0000000000000000
0.0000000000000000
0.0000000000000000
0.0000000000000000
0.0000000000000000
0.0000000000000000
0.0000000000000000
0.0000000000000000
0.0000000000000000
0.0000000000000000
0.0000000000000000
0.0000000000000000
0.0000000000000000
0.0000000000000000
0.0000000000000000
0.0000000000000000
0.0000000000000000
0.0000000000000000
0.0000000000000000
0.0000000000000000
0.0000000000000000
0.0000000000000000
0.0000000000000000
0.0000000000000000
0.0000000000000000
0.0000000000000000
0.0000000000000000
0.0000000000000000
0.0000000000000000
0.0000000000000000
0.0000000000000000
0.0000000000000000
0.0000000000000000
0.0000000000000000
0.0000000000000000
0.0000000000000000
0.0000000000000000
0.0000000000000000
0.0000000000000000
0.0000000000000000
0.0000000000000000
0.0000000000000000
0.0000000000000000
0.0000000000000000
0.0000000000000000
0.0000000000000000
0.0000000000000000
0.0000000000000000
0.0000000000000000
0.0000000000000000
0.0000000000000000
0.0000000000000000
0.0000000000000000
0.0000000000000000
0.0000000000000000
0.0000000000000000
0.0000000000000000
0.0000000000000000
0.0000000000000000
0.0000000000000000
0.0000000000000000
0.0000000000000000
0.0000000000000000
0.0000000000000000
0.0000000000000000
0.0000000000000000
0.0000000000000000
0.0000000000000000
0.0000000000000000
0.0000000000000000
0.0000000000000000
0.0000000000000000
0.0000000000000000
0.0000000000000000
0.0000000000000000
0.0000000000000000
0.0000000000000000
0.0000000000000000
0.0000000000000000
0.0000000000000000
0.0000000000000000
0.0000000000000000
0.0000000000000000
0.0000000000000000
0.0000000000000000
0.0000000000000000
0.0000000000000000
0.0000000000000000
0.0000000000000000
0.0000000000000000
0.0000000000000000
0.0000000000000000
0.0000000000000000
0.0000000000000000
0.0000000000000000
0.0000000000000000
0.0000000000000000
0.0000000000000000
0.0000000000000000
0.0000000000000000
0.0000000000000000
0.0000000000000000
0.0000000000000000
0.0000000000000000
0.0000000000000000
0.0000000000000000
0.0000000000000000
0.0000000000000000
0.0000000000000000
0.0000000000000000
0.0000000000000000
0.0000000000000000
0.0000000000000000
0.0000000000000000
0.0000000000000000
0.0000000000000000
0.0000000000000000
0.0000000000000000
0.0000000000000000
0.0000000000000000
0.0000000000000000
0.0000000000000000
0.0000000000000000
0.0000000000000000
0.0000000000000000
0.0000000000000000
0.0000000000000000
0.0000000000000000
0.0000000000000000
0.0000000000000000
0.0000000000000000
0.0000000000000000
0.0000000000000000
0.0000000000000000
0.0000000000000000
0.0000000000000000
0.0000000000000000
0.0000000000000000
0.0000000000000000
0.0000000000000000
0.0000000000000000
0.0000000000000000
0.0000000000000000
0.0000000000000000
0.0000000000000000
0.0000000000000000
0.0000000000000000
0.0000000000000000
0.0000000000000000
0.0000000000000000
0.0000000000000000
0.0000000000000000
0.0000000000000000
0.0000000000000000
0.0000000000000000
0.0000000000000000
0.0000000000000000
0.0000000000000000
0.0000000000000000
0.0000000000000000
0.0000000000000000
0.0000000000000000
0.0000000000000000
0.0000000000000000
0.0000000000000000
0.0000000000000000
0.0000000000000000
0.0000000000000000
0.0000000000000000
0.0000000000000000
0.0000000000000000
0.0000000000000000
0.0000000000000000
0.0000000000000000
0.0000000000000000
0.0000000000000000
0.0000000000000000
0.0000000000000000
0.0000000000000000
0.0000000000000000
0.0000000000000000
0.0000000000000000
0.0000000000000000
0.0000000000000000
0.0000000000000000
0.0000000000000000
0.0000000000000000
0.0000000000000000
0.0000000000000000
0.0000000000000000
0.0000000000000000
0.0000000000000000
0.0000000000000000
0.0000000000000000
0.0000000000000000
0.0000000000000000
0.0000000000000000
0.0000000000000000
0.0000000000000000
0.0000000000000000
0.0000000000000000
0.0000000000000000
0.0000000000000000
0.0000000000000000
0.0000000000000000
0.0000000000000000
0.0000000000000000
0.0000000000000000
0.0000000000000000
0.0000000000000000
0.0000000000000000
0.0000000000000000
0.0000000000000000
0.0000000000000000
0.0000000000000000
0.0000000000000000
0.0000000000000000
0.0000000000000000
0.0000000000000000
0.0000000000000000
0.0000000000000000
0.0000000000000000
0.0000000000000000
0.0000000000000000
0.0000000000000000
0.0000000000000000
0.0000000000000000
0.0000000000000000
0.0000000000000000
0.0000000000000000
0.0000000000000000
0.0000000000000000
0.0000000000000000
0.0000000000000000
0.0000000000000000
0.0000000000000000
0.0000000000000000
0.0000000000000000
0.0000000000000000
0.0000000000000000
0.0000000000000000
0.0000000000000000
0.0000000000000000
0.0000000000000000
0.0000000000000000
0.0000000000000000
0.0000000000000000
0.0000000000000000
0.0000000000000000
0.0000000000000000
0.0000000000000000
0.0000000000000000
0.0000000000000000
0.0000000000000000
0.0000000000000000
0.0000000000000000
0.0000000000000000
0.0000000000000000
0.0000000000000000
0.0000000000000000
0.0000000000000000
0.0000000000000000
0.0000000000000000
0.0000000000000000
0.0000000000000000
0.0000000000000000
0.0000000000000000
0.0000000000000000
0.0000000000000000
0.0000000000000000
0.0000000000000000
0.0000000000000000
0.0000000000000000
0.0000000000000000
0.0000000000000000
0.0000000000000000
0.0000000000000000
0.0000000000000000
0.0000000000000000
0.0000000000000000
0.0000000000000000
0.0000000000000000
0.0000000000000000
0.0000000000000000
0.0000000000000000
0.0000000000000000
0.0000000000000000
0.0000000000000000
0.0000000000000000
0.0000000000000000
0.0000000000000000
0.0000000000000000
0.0000000000000000
0.0000000000000000
0.0000000000000000
0.0000000000000000
0.0000000000000000
0.0000000000000000
0.0000000000000000
0.0000000000000000
0.0000000000000000
0.0000000000000000
0.0000000000000000
0.0000000000000000
0.0000000000000000
0.0000000000000000
0.0000000000000000
0.0000000000000000
0.0000000000000000
0.0000000000000000
0.0000000000000000
0.0000000000000000
0.0000000000000000
0.0000000000000000
0.0000000000000000
0.0000000000000000
0.0000000000000000
0.0000000000000000
0.0000000000000000
0.0000000000000000
0.0000000000000000
0.0000000000000000
0.0000000000000000
0.0000000000000000
0.0000000000000000
0.0000000000000000
0.0000000000000000
0.0000000000000000
0.0000000000000000
0.0000000000000000
0.0000000000000000
0.0000000000000000
0.0000000000000000
0.0000000000000000
0.0000000000000000
0.0000000000000000
0.0000000000000000
0.0000000000000000
0.0000000000000000
0.0000000000000000
0.0000000000000000
0.0000000000000000
0.0000000000000000
0.0000000000000000
0.0000000000000000
0.0000000000000000
0.0000000000000000
0.0000000000000000
0.0000000000000000
0.0000000000000000
0.0000000000000000
0.0000000000000000
0.0000000000000000
0.0000000000000000
0.0000000000000000
0.0000000000000000
0.0000000000000000
0.0000000000000000
0.0000000000000000
0.0000000000000000
0.0000000000000000
0.0000000000000000
0.0000000000000000
0.0000000000000000
0.0000000000000000
0.0000000000000000
0.0000000000000000
0.0000000000000000
0.0000000000000000
0.0000000000000000
0.0000000000000000
0.0000000000000000
0.0000000000000000
0.0000000000000000
0.0000000000000000
0.0000000000000000
0.0000000000000000
0.0000000000000000
0.0000000000000000
0.0000000000000000
0.0000000000000000
0.0000000000000000
0.0000000000000000
0.0000000000000000
0.0000000000000000
0.0000000000000000
0.0000000000000000
0.0000000000000000
0.0000000000000000
0.0000000000000000
0.0000000000000000
0.0000000000000000
0.0000000000000000
0.0000000000000000
0.0000000000000000
0.0000000000000000
0.0000000000000000
0.0000000000000000
0.0000000000000000
0.0000000000000000
0.0000000000000000
0.0000000000000000
0.0000000000000000
0.0000000000000000
0.0000000000000000
0.0000000000000000
0.0000000000000000
0.0000000000000000
0.0000000000000000
0.0000000000000000
0.0000000000000000
0.0000000000000000
0.0000000000000000
0.0000000000000000
0.0000000000000000
0.0000000000000000
0.0000000000000000
0.0000000000000000
0.0000000000000000
0.0000000000000000
0.0000000000000000
0.0000000000000000
0.0000000000000000
0.0000000000000000
0.0000000000000000
0.0000000000000000
0.0000000000000000
0.0000000000000000
0.0000000000000000
0.0000000000000000
0.0000000000000000
0.0000000000000000
0.0000000000000000
0.0000000000000000
0.0000000000000000
0.0000000000000000
0.0000000000000000
0.0000000000000000
0.0000000000000000
0.0000000000000000
0.0000000000000000
0.0000000000000000
0.0000000000000000
0.0000000000000000
0.0000000000000000
0.0000000000000000
0.0000000000000000
0.0000000000000000
0.0000000000000000
0.0000000000000000
0.0000000000000000
0.0000000000000000
0.0000000000000000
0.0000000000000000
0.0000000000000000
0.0000000000000000
0.0000000000000000
0.0000000000000000
0.0000000000000000
0.0000000000000000
0.0000000000000000
0.0000000000000000
0.0000000000000000
0.0000000000000000
0.0000000000000000
0.0000000000000000
0.0000000000000000
0.0000000000000000
0.0000000000000000
0.0000000000000000
0.0000000000000000
0.0000000000000000
0.0000000000000000
0.0000000000000000
0.0000000000000000
0.0000000000000000
0.0000000000000000
0.0000000000000000
0.0000000000000000
0.0000000000000000
0.0000000000000000
0.0000000000000000
0.0000000000000000
0.0000000000000000
0.0000000000000000
0.0000000000000000
0.0000000000000000
0.0000000000000000
0.0000000000000000
0.0000000000000000
0.0000000000000000
0.0000000000000000
0.0000000000000000
0.0000000000000000
0.0000000000000000
0.0000000000000000
0.0000000000000000
0.0000000000000000
0.0000000000000000
0.0000000000000000
0.0000000000000000
0.0000000000000000
0.0000000000000000
0.0000000000000000
0.0000000000000000
0.0000000000000000
0.0000000000000000
0.0000000000000000
0.0000000000000000
0.0000000000000000
0.0000000000000000
0.0000000000000000
0.0000000000000000
0.0000000000000000
0.0000000000000000
0.0000000000000000
0.0000000000000000
0.0000000000000000
0.0000000000000000
0.0000000000000000
0.0000000000000000
0.0000000000000000
0.0000000000000000
0.0000000000000000
0.0000000000000000
0.0000000000000000
0.0000000000000000
0.0000000000000000
0.0000000000000000
0.0000000000000000
0.0000000000000000
0.0000000000000000
0.0000000000000000
0.0000000000000000
0.0000000000000000
0.0000000000000000
0.0000000000000000
0.0000000000000000
0.0000000000000000
0.0000000000000000
0.0000000000000000
0.0000000000000000
0.0000000000000000
0.0000000000000000
0.0000000000000000
0.0000000000000000
0.0000000000000000
0.0000000000000000
0.0000000000000000
0.0000000000000000
0.0000000000000000
0.0000000000000000
0.0000000000000000
0.0000000000000000
0.0000000000000000
0.0000000000000000
0.0000000000000000
0.0000000000000000
0.0000000000000000
0.0000000000000000
0.0000000000000000
0.0000000000000000
0.0000000000000000
0.0000000000000000
0.0000000000000000
0.0000000000000000
0.0000000000000000
0.0000000000000000
0.0000000000000000
0.0000000000000000
0.0000000000000000
0.0000000000000000
0.0000000000000000
0.0000000000000000
0.0000000000000000
0.0000000000000000
0.0000000000000000
0.0000000000000000
0.0000000000000000
0.0000000000000000
0.0000000000000000
0.0000000000000000
0.0000000000000000
0.0000000000000000
0.0000000000000000
0.0000000000000000
0.0000000000000000
0.0000000000000000
0.0000000000000000
0.0000000000000000
0.0000000000000000
0.0000000000000000
0.0000000000000000
0.0000000000000000
0.0000000000000000
0.0000000000000000
0.0000000000000000
0.0000000000000000
0.0000000000000000
0.0000000000000000
0.0000000000000000
0.0000000000000000
0.0000000000000000
0.0000000000000000
0.0000000000000000
0.0000000000000000
0.0000000000000000
0.0000000000000000
0.0000000000000000
0.0000000000000000
0.0000000000000000
0.0000000000000000
0.0000000000000000
0.0000000000000000
0.0000000000000000
0.0000000000000000
0.0000000000000000
0.0000000000000000
0.0000000000000000
0.0000000000000000
0.0000000000000000
0.0000000000000000
0.0000000000000000
0.0000000000000000
0.0000000000000000
0.0000000000000000
0.0000000000000000
0.0000000000000000
0.0000000000000000
0.0000000000000000
0.0000000000000000
0.0000000000000000
0.0000000000000000
0.0000000000000000
0.0000000000000000
0.0000000000000000
0.0000000000000000
0.0000000000000000
0.0000000000000000
0.0000000000000000
0.0000000000000000
0.0000000000000000
0.0000000000000000
0.0000000000000000
0.0000000000000000
0.0000000000000000
0.0000000000000000
0.0000000000000000
0.0000000000000000
0.0000000000000000
0.0000000000000000
0.0000000000000000
0.0000000000000000
0.0000000000000000
0.0000000000000000
0.0000000000000000
0.0000000000000000
0.0000000000000000
0.0000000000000000
0.0000000000000000
0.0000000000000000
0.0000000000000000
0.0000000000000000
0.0000000000000000
0.0000000000000000
0.0000000000000000
0.0000000000000000
0.0000000000000000
0.0000000000000000
0.0000000000000000
0.0000000000000000
0.0000000000000000
0.0000000000000000
0.0000000000000000
0.0000000000000000
0.0000000000000000
0.0000000000000000
0.0000000000000000
0.0000000000000000
0.0000000000000000
0.0000000000000000
0.0000000000000000
0.0000000000000000
0.0000000000000000
0.0000000000000000
0.0000000000000000
0.0000000000000000
0.0000000000000000
0.0000000000000000
0.0000000000000000
0.0000000000000000
0.0000000000000000
0.0000000000000000
0.0000000000000000
0.0000000000000000
0.0000000000000000
0.0000000000000000
0.0000000000000000
0.0000000000000000
0.0000000000000000
0.0000000000000000
0.0000000000000000
0.0000000000000000
0.0000000000000000
0.0000000000000000
0.0000000000000000
0.0000000000000000
0.0000000000000000
0.0000000000000000
0.0000000000000000
0.0000000000000000
0.0000000000000000
0.0000000000000000
0.0000000000000000
0.0000000000000000
0.0000000000000000
0.0000000000000000
0.0000000000000000
0.0000000000000000
0.0000000000000000
0.0000000000000000
0.0000000000000000
0.0000000000000000
0.0000000000000000
0.0000000000000000
0.0000000000000000
0.0000000000000000
0.0000000000000000
0.0000000000000000
0.0000000000000000
0.0000000000000000
0.0000000000000000
0.0000000000000000
0.0000000000000000
0.0000000000000000
0.0000000000000000
0.0000000000000000
0.0000000000000000
0.0000000000000000
0.0000000000000000
0.0000000000000000
0.0000000000000000
0.0000000000000000
0.0000000000000000
0.0000000000000000
0.0000000000000000
0.0000000000000000
0.0000000000000000
0.0000000000000000
0.0000000000000000
0.0000000000000000
0.0000000000000000
0.0000000000000000
0.0000000000000000
0.0000000000000000
0.0000000000000000
0.0000000000000000
0.0000000000000000
0.0000000000000000
0.0000000000000000
0.0000000000000000
0.0000000000000000
0.0000000000000000
0.0000000000000000
0.0000000000000000
0.0000000000000000
0.0000000000000000
0.0000000000000000
0.0000000000000000
0.0000000000000000
0.0000000000000000
0.0000000000000000
0.0000000000000000
0.0000000000000000
0.0000000000000000
0.0000000000000000
0.0000000000000000
0.0000000000000000
0.0000000000000000
0.0000000000000000
0.0000000000000000
0.0000000000000000
0.0000000000000000
0.0000000000000000
0.0000000000000000
0.0000000000000000
0.0000000000000000
0.0000000000000000
0.0000000000000000
0.0000000000000000
0.0000000000000000
0.0000000000000000
0.0000000000000000
0.0000000000000000
0.0000000000000000
0.0000000000000000
0.0000000000000000
0.0000000000000000
0.0000000000000000
0.0000000000000000
0.0000000000000000
0.0000000000000000
0.0000000000000000
0.0000000000000000
0.0000000000000000
0.0000000000000000
0.0000000000000000
0.0000000000000000
0.0000000000000000
0.0000000000000000
0.0000000000000000
0.0000000000000000
0.0000000000000000
0.0000000000000000
0.0000000000000000
0.0000000000000000
0.0000000000000000
0.0000000000000000
0.0000000000000000
0.0000000000000000
0.0000000000000000
0.0000000000000000
0.0000000000000000
0.0000000000000000
0.0000000000000000
0.0000000000000000
0.0000000000000000
0.0000000000000000
0.0000000000000000
0.0000000000000000
0.0000000000000000
0.0000000000000000
0.0000000000000000
0.0000000000000000
0.0000000000000000
0.0000000000000000
0.0000000000000000
0.0000000000000000
0.0000000000000000
0.0000000000000000
0.0000000000000000
0.0000000000000000
0.0000000000000000
0.0000000000000000
0.0000000000000000
0.0000000000000000
0.0000000000000000
0.0000000000000000
0.0000000000000000
0.0000000000000000
0.0000000000000000
0.0000000000000000
0.0000000000000000
0.0000000000000000
0.0000000000000000
0.0000000000000000
0.0000000000000000
0.0000000000000000
0.0000000000000000
0.0000000000000000
0.0000000000000000
0.0000000000000000
0.0000000000000000
0.0000000000000000
0.0000000000000000
0.0000000000000000
0.0000000000000000
0.0000000000000000
0.0000000000000000
0.0000000000000000
0.0000000000000000
0.0000000000000000
0.0000000000000000
0.0000000000000000
0.0000000000000000
0.0000000000000000
0.0000000000000000
0.0000000000000000
0.0000000000000000
0.0000000000000000
0.0000000000000000
0.0000000000000000
0.0000000000000000
0.0000000000000000
0.0000000000000000
0.0000000000000000
0.0000000000000000
0.0000000000000000
0.0000000000000000
0.0000000000000000
0.0000000000000000
0.0000000000000000
0.0000000000000000
0.0000000000000000
0.0000000000000000
0.0000000000000000
0.0000000000000000
0.0000000000000000
0.0000000000000000
0.0000000000000000
0.0000000000000000
0.0000000000000000
0.0000000000000000
0.0000000000000000
0.0000000000000000
0.0000000000000000
0.0000000000000000
0.0000000000000000
0.0000000000000000
0.0000000000000000
0.0000000000000000
0.0000000000000000
0.0000000000000000
0.0000000000000000
0.0000000000000000
0.0000000000000000
0.0000000000000000
0.0000000000000000
0.0000000000000000
0.0000000000000000
0.0000000000000000
0.0000000000000000
0.0000000000000000
0.0000000000000000
0.0000000000000000
0.0000000000000000
0.0000000000000000
0.0000000000000000
0.0000000000000000
0.0000000000000000
0.0000000000000000
0.0000000000000000
0.0000000000000000
0.0000000000000000
0.0000000000000000
0.0000000000000000
0.0000000000000000
0.0000000000000000
0.0000000000000000
0.0000000000000000
0.0000000000000000
0.0000000000000000
0.0000000000000000
0.0000000000000000
0.0000000000000000
0.0000000000000000
0.0000000000000000
0.0000000000000000
0.0000000000000000
0.0000000000000000
0.0000000000000000
0.0000000000000000
0.0000000000000000
0.0000000000000000
0.0000000000000000
0.0000000000000000
0.0000000000000000
0.0000000000000000
0.0000000000000000
0.0000000000000000
0.0000000000000000
0.0000000000000000
0.0000000000000000
0.0000000000000000
0.0000000000000000
0.0000000000000000
0.0000000000000000
0.0000000000000000
0.0000000000000000
0.0000000000000000
0.0000000000000000
0.0000000000000000
0.0000000000000000
0.0000000000000000
0.0000000000000000
0.0000000000000000
0.0000000000000000
0.0000000000000000
0.0000000000000000
0.0000000000000000
0.0000000000000000
0.0000000000000000
0.0000000000000000
0.0000000000000000
0.0000000000000000
0.0000000000000000
0.0000000000000000
0.0000000000000000
0.0000000000000000
0.0000000000000000
0.0000000000000000
0.0000000000000000
0.0000000000000000
0.0000000000000000
0.0000000000000000
0.0000000000000000
0.0000000000000000
0.0000000000000000
0.0000000000000000
0.0000000000000000
0.0000000000000000
0.0000000000000000
0.0000000000000000
0.0000000000000000
0.0000000000000000
0.0000000000000000
0.0000000000000000
0.0000000000000000
0.0000000000000000
0.0000000000000000
0.0000000000000000
0.0000000000000000
0.0000000000000000
0.0000000000000000
0.0000000000000000
0.0000000000000000
0.0000000000000000
0.0000000000000000
0.0000000000000000
0.0000000000000000
0.0000000000000000
0.0000000000000000
0.0000000000000000
0.0000000000000000
0.0000000000000000
0.0000000000000000
0.0000000000000000
0.0000000000000000
0.0000000000000000
0.0000000000000000
0.0000000000000000
0.0000000000000000
0.0000000000000000
0.0000000000000000
0.0000000000000000
0.0000000000000000
0.0000000000000000
0.0000000000000000
0.0000000000000000
0.0000000000000000
0.0000000000000000
0.0000000000000000
0.0000000000000000
0.0000000000000000
0.0000000000000000
0.0000000000000000
0.0000000000000000
0.0000000000000000
0.0000000000000000
0.0000000000000000
0.0000000000000000
0.0000000000000000
0.0000000000000000
0.0000000000000000
0.0000000000000000
0.0000000000000000
0.0000000000000000
0.0000000000000000
0.0000000000000000
0.0000000000000000
0.0000000000000000
0.0000000000000000
0.0000000000000000
0.0000000000000000
0.0000000000000000
0.0000000000000000
0.0000000000000000
0.0000000000000000
0.0000000000000000
0.0000000000000000
0.0000000000000000
0.0000000000000000
0.0000000000000000
0.0000000000000000
0.0000000000000000
0.0000000000000000
0.0000000000000000
0.0000000000000000
0.0000000000000000
0.0000000000000000
0.0000000000000000
0.0000000000000000
0.0000000000000000
0.0000000000000000
0.0000000000000000
0.0000000000000000
0.0000000000000000
0.0000000000000000
0.0000000000000000
0.0000000000000000
0.0000000000000000
0.0000000000000000
0.0000000000000000
0.0000000000000000
0.0000000000000000
0.0000000000000000
0.0000000000000000
0.0000000000000000
0.0000000000000000
0.0000000000000000
0.0000000000000000
0.0000000000000000
0.0000000000000000
0.0000000000000000
0.0000000000000000
0.0000000000000000
0.0000000000000000
0.0000000000000000
0.0000000000000000
0.0000000000000000
0.0000000000000000
0.0000000000000000
0.0000000000000000
0.0000000000000000
0.0000000000000000
0.0000000000000000
0.0000000000000000
0.0000000000000000
0.0000000000000000
0.0000000000000000
0.0000000000000000
0.0000000000000000
0.0000000000000000
0.0000000000000000
0.0000000000000000
0.0000000000000000
0.0000000000000000
0.0000000000000000
0.0000000000000000
0.0000000000000000
0.0000000000000000
0.0000000000000000
0.0000000000000000
0.0000000000000000
0.0000000000000000
0.0000000000000000
0.0000000000000000
0.0000000000000000
0.0000000000000000
0.0000000000000000
0.0000000000000000
0.0000000000000000
0.0000000000000000
0.0000000000000000
0.0000000000000000
0.0000000000000000
0.0000000000000000
0.0000000000000000
0.0000000000000000
0.0000000000000000
0.0000000000000000
0.0000000000000000
0.0000000000000000
0.0000000000000000
0.0000000000000000
0.0000000000000000
0.0000000000000000
0.0000000000000000
0.0000000000000000
0.0000000000000000
0.0000000000000000
0.0000000000000000
0.0000000000000000
0.0000000000000000
0.0000000000000000
0.0000000000000000
0.0000000000000000
0.0000000000000000
0.0000000000000000
0.0000000000000000
0.0000000000000000
0.0000000000000000
0.0000000000000000
0.0000000000000000
0.0000000000000000
0.0000000000000000
0.0000000000000000
0.0000000000000000
0.0000000000000000
0.0000000000000000
0.0000000000000000
0.0000000000000000
0.0000000000000000
0.0000000000000000
0.0000000000000000
0.0000000000000000
0.0000000000000000
0.0000000000000000
0.0000000000000000
0.0000000000000000
0.0000000000000000
0.0000000000000000
0.0000000000000000
0.0000000000000000
0.0000000000000000
0.0000000000000000
0.0000000000000000
0.0000000000000000
0.0000000000000000
0.0000000000000000
0.0000000000000000
0.0000000000000000
0.0000000000000000
0.0000000000000000
0.0000000000000000
0.0000000000000000
0.0000000000000000
0.0000000000000000
0.0000000000000000
0.0000000000000000
0.0000000000000000
0.0000000000000000
0.0000000000000000
0.0000000000000000
0.0000000000000000
0.0000000000000000
0.0000000000000000
0.0000000000000000
0.0000000000000000
0.0000000000000000
0.0000000000000000
0.0000000000000000
0.0000000000000000
0.0000000000000000
0.0000000000000000
0.0000000000000000
0.0000000000000000
0.0000000000000000
0.0000000000000000
0.0000000000000000
0.0000000000000000
0.0000000000000000
0.0000000000000000
0.0000000000000000
0.0000000000000000
0.0000000000000000
0.0000000000000000
0.0000000000000000
0.0000000000000000
0.0000000000000000
0.0000000000000000
0.0000000000000000
0.0000000000000000
0.0000000000000000
0.0000000000000000
0.0000000000000000
0.0000000000000000
0.0000000000000000
0.0000000000000000
0.0000000000000000
0.0000000000000000
0.0000000000000000
0.0000000000000000
0.0000000000000000
0.0000000000000000
0.0000000000000000
0.0000000000000000
0.0000000000000000
0.0000000000000000
0.0000000000000000
0.0000000000000000
0.0000000000000000
0.0000000000000000
0.0000000000000000
0.0000000000000000
0.0000000000000000
0.0000000000000000
0.0000000000000000
0.0000000000000000
0.0000000000000000
0.0000000000000000
0.0000000000000000
0.0000000000000000
0.0000000000000000
0.0000000000000000
0.0000000000000000
0.0000000000000000
0.0000000000000000
0.0000000000000000
0.0000000000000000
0.0000000000000000
0.0000000000000000
0.0000000000000000
0.0000000000000000
0.0000000000000000
0.0000000000000000
0.0000000000000000
0.0000000000000000
0.0000000000000000
0.0000000000000000
0.0000000000000000
0.0000000000000000
0.0000000000000000
0.0000000000000000
0.0000000000000000
0.0000000000000000
0.0000000000000000
0.0000000000000000
0.0000000000000000
0.0000000000000000
0.0000000000000000
0.0000000000000000
0.0000000000000000
0.0000000000000000
0.0000000000000000
0.0000000000000000
0.0000000000000000
0.0000000000000000
0.0000000000000000
0.0000000000000000
0.0000000000000000
0.0000000000000000
0.0000000000000000
0.0000000000000000
0.0000000000000000
0.0000000000000000
0.0000000000000000
0.0000000000000000
0.0000000000000000
0.0000000000000000
0.0000000000000000
0.0000000000000000
0.0000000000000000
0.0000000000000000
0.0000000000000000
0.0000000000000000
0.0000000000000000
0.0000000000000000
0.0000000000000000
0.0000000000000000
0.0000000000000000
0.0000000000000000
0.0000000000000000
0.0000000000000000
0.0000000000000000
0.0000000000000000
0.0000000000000000
0.0000000000000000
0.0000000000000000
0.0000000000000000
0.0000000000000000
0.0000000000000000
0.0000000000000000
0.0000000000000000
0.0000000000000000
0.0000000000000000
0.0000000000000000
0.0000000000000000
0.0000000000000000
0.0000000000000000
0.0000000000000000
0.0000000000000000
0.0000000000000000
0.0000000000000000
0.0000000000000000
0.0000000000000000
0.0000000000000000
0.0000000000000000
0.0000000000000000
0.0000000000000000
0.0000000000000000
0.0000000000000000
0.0000000000000000
0.0000000000000000
0.0000000000000000
0.0000000000000000
0.0000000000000000
0.0000000000000000
0.0000000000000000
0.0000000000000000
0.0000000000000000
0.0000000000000000
0.0000000000000000
0.0000000000000000
0.0000000000000000
0.0000000000000000
0.0000000000000000
0.0000000000000000
0.0000000000000000
0.0000000000000000
0.0000000000000000
0.0000000000000000
0.0000000000000000
0.0000000000000000
0.0000000000000000
0.0000000000000000
0.0000000000000000
0.0000000000000000
0.0000000000000000
0.0000000000000000
0.0000000000000000
0.0000000000000000
0.0000000000000000
0.0000000000000000
0.0000000000000000
0.0000000000000000
0.0000000000000000
0.0000000000000000
0.0000000000000000
0.0000000000000000
0.0000000000000000
0.0000000000000000
0.0000000000000000
0.0000000000000000
0.0000000000000000
0.0000000000000000
0.0000000000000000
0.0000000000000000
0.0000000000000000
0.0000000000000000
0.0000000000000000
0.0000000000000000
0.0000000000000000
0.0000000000000000
0.0000000000000000
0.0000000000000000
0.0000000000000000
0.0000000000000000
0.0000000000000000
0.0000000000000000
0.0000000000000000
0.0000000000000000
0.0000000000000000
0.0000000000000000
0.0000000000000000
0.0000000000000000
0.0000000000000000
0.0000000000000000
0.0000000000000000
0.0000000000000000
0.0000000000000000
0.0000000000000000
0.0000000000000000
0.0000000000000000
0.0000000000000000
0.0000000000000000
0.0000000000000000
0.0000000000000000
0.0000000000000000
0.0000000000000000
0.0000000000000000
0.0000000000000000
0.0000000000000000
0.0000000000000000
0.0000000000000000
0.0000000000000000
0.0000000000000000
0.0000000000000000
0.0000000000000000
0.0000000000000000
0.0000000000000000
0.0000000000000000
0.0000000000000000
0.0000000000000000
0.0000000000000000
0.0000000000000000
0.0000000000000000
0.0000000000000000
0.0000000000000000
0.0000000000000000
0.0000000000000000
0.0000000000000000
0.0000000000000000
0.0000000000000000
0.0000000000000000
0.0000000000000000
0.0000000000000000
0.0000000000000000
0.0000000000000000
0.0000000000000000
0.0000000000000000
0.0000000000000000
0.0000000000000000
0.0000000000000000
0.0000000000000000
0.0000000000000000
0.0000000000000000
0.0000000000000000
0.0000000000000000
0.0000000000000000
0.0000000000000000
0.0000000000000000
0.0000000000000000
0.0000000000000000
0.0000000000000000
0.0000000000000000
0.0000000000000000
0.0000000000000000
0.0000000000000000
0.0000000000000000
0.0000000000000000
0.0000000000000000
0.0000000000000000
0.0000000000000000
0.0000000000000000
0.0000000000000000
0.0000000000000000
0.0000000000000000
0.0000000000000000
0.0000000000000000
0.0000000000000000
0.0000000000000000
0.0000000000000000
0.0000000000000000
0.0000000000000000
0.0000000000000000
0.0000000000000000
0.0000000000000000
0.0000000000000000
0.0000000000000000
0.0000000000000000
0.0000000000000000
0.0000000000000000
0.0000000000000000
0.0000000000000000
0.0000000000000000
0.0000000000000000
0.0000000000000000
0.0000000000000000
0.0000000000000000
0.0000000000000000
0.0000000000000000
0.0000000000000000
0.0000000000000000
0.0000000000000000
0.0000000000000000
0.0000000000000000
0.0000000000000000
0.0000000000000000
0.0000000000000000
0.0000000000000000
0.0000000000000000
0.0000000000000000
0.0000000000000000
0.0000000000000000
0.0000000000000000
0.0000000000000000
0.0000000000000000
0.0000000000000000
0.0000000000000000
0.0000000000000000
0.0000000000000000
0.0000000000000000
0.0000000000000000
0.0000000000000000
0.0000000000000000
0.0000000000000000
0.0000000000000000
0.0000000000000000
0.0000000000000000
0.0000000000000000
0.0000000000000000
0.0000000000000000
0.0000000000000000
0.0000000000000000
0.0000000000000000
0.0000000000000000
0.0000000000000000
0.0000000000000000
0.0000000000000000
0.0000000000000000
0.0000000000000000
0.0000000000000000
0.0000000000000000
0.0000000000000000
0.0000000000000000
0.0000000000000000
0.0000000000000000
0.0000000000000000
0.0000000000000000
0.0000000000000000
0.0000000000000000
0.0000000000000000
0.0000000000000000
0.0000000000000000
0.0000000000000000
0.0000000000000000
0.0000000000000000
0.0000000000000000
0.0000000000000000
0.0000000000000000
0.0000000000000000
0.0000000000000000
0.0000000000000000
0.0000000000000000
0.0000000000000000
0.0000000000000000
0.0000000000000000
0.0000000000000000
0.0000000000000000
0.0000000000000000
0.0000000000000000
0.0000000000000000
0.0000000000000000
0.0000000000000000
0.0000000000000000
0.0000000000000000
0.0000000000000000
0.0000000000000000
0.0000000000000000
0.0000000000000000
0.0000000000000000
0.0000000000000000
0.0000000000000000
0.0000000000000000
0.0000000000000000
0.0000000000000000
0.0000000000000000
0.0000000000000000
0.0000000000000000
0.0000000000000000
0.0000000000000000
0.0000000000000000
0.0000000000000000
0.0000000000000000
0.0000000000000000
0.0000000000000000
0.0000000000000000
0.0000000000000000
0.0000000000000000
0.0000000000000000
0.0000000000000000
0.0000000000000000
0.0000000000000000
0.0000000000000000
0.0000000000000000
0.0000000000000000
0.0000000000000000
0.0000000000000000
0.0000000000000000
0.0000000000000000
0.0000000000000000
0.0000000000000000
0.0000000000000000
0.0000000000000000
0.0000000000000000
0.0000000000000000
0.0000000000000000
0.0000000000000000
0.0000000000000000
0.0000000000000000
0.0000000000000000
0.0000000000000000
0.0000000000000000
0.0000000000000000
0.0000000000000000
0.0000000000000000
0.0000000000000000
0.0000000000000000
0.0000000000000000
0.0000000000000000
0.0000000000000000
0.0000000000000000
0.0000000000000000
0.0000000000000000
0.0000000000000000
0.0000000000000000
0.0000000000000000
0.0000000000000000
0.0000000000000000
0.0000000000000000
0.0000000000000000
0.0000000000000000
0.0000000000000000
0.0000000000000000
0.0000000000000000
0.0000000000000000
0.0000000000000000
0.0000000000000000
0.0000000000000000
0.0000000000000000
0.0000000000000000
0.0000000000000000
0.0000000000000000
0.0000000000000000
0.0000000000000000
0.0000000000000000
0.0000000000000000
0.0000000000000000
0.0000000000000000
0.0000000000000000
0.0000000000000000
0.0000000000000000
0.0000000000000000
0.0000000000000000
0.0000000000000000
0.0000000000000000
0.0000000000000000
0.0000000000000000
0.0000000000000000
0.0000000000000000
0.0000000000000000
0.0000000000000000
0.0000000000000000
0.0000000000000000
0.0000000000000000
0.0000000000000000
0.0000000000000000
0.0000000000000000
0.0000000000000000
0.0000000000000000
0.0000000000000000
0.0000000000000000
0.0000000000000000
0.0000000000000000
0.0000000000000000
0.0000000000000000
0.0000000000000000
0.0000000000000000
0.0000000000000000
0.0000000000000000
0.0000000000000000
0.0000000000000000
0.0000000000000000
0.0000000000000000
0.0000000000000000
0.0000000000000000
0.0000000000000000
0.0000000000000000
0.0000000000000000
0.0000000000000000
0.0000000000000000
0.0000000000000000
0.0000000000000000
0.0000000000000000
0.0000000000000000
0.0000000000000000
0.0000000000000000
0.0000000000000000
0.0000000000000000
0.0000000000000000
0.0000000000000000
0.0000000000000000
0.0000000000000000
0.0000000000000000
0.0000000000000000
0.0000000000000000
0.0000000000000000
0.0000000000000000
0.0000000000000000
0.0000000000000000
0.0000000000000000
0.0000000000000000
0.0000000000000000
0.0000000000000000
0.0000000000000000
0.0000000000000000
0.0000000000000000
0.0000000000000000
0.0000000000000000
0.0000000000000000
0.0000000000000000
0.0000000000000000
0.0000000000000000
0.0000000000000000
0.0000000000000000
0.0000000000000000
0.0000000000000000
0.0000000000000000
0.0000000000000000
0.0000000000000000
0.0000000000000000
0.0000000000000000
0.0000000000000000
0.0000000000000000
0.0000000000000000
0.0000000000000000
0.0000000000000000
0.0000000000000000
0.0000000000000000
0.0000000000000000
0.0000000000000000
0.0000000000000000
0.0000000000000000
0.0000000000000000
0.0000000000000000
0.0000000000000000
0.0000000000000000
0.0000000000000000
0.0000000000000000
0.0000000000000000
0.0000000000000000
0.0000000000000000
0.0000000000000000
0.0000000000000000
0.0000000000000000
0.0000000000000000
0.0000000000000000
0.0000000000000000
0.0000000000000000
0.0000000000000000
0.0000000000000000
0.0000000000000000
0.0000000000000000
0.0000000000000000
0.0000000000000000
0.0000000000000000
0.0000000000000000
0.0000000000000000
0.0000000000000000
0.0000000000000000
0.0000000000000000
0.0000000000000000
0.0000000000000000
0.0000000000000000
0.0000000000000000
0.0000000000000000
0.0000000000000000
0.0000000000000000
0.0000000000000000
0.0000000000000000
0.0000000000000000
0.0000000000000000
0.0000000000000000
0.0000000000000000
0.0000000000000000
0.0000000000000000
0.0000000000000000
0.0000000000000000
0.0000000000000000
0.0000000000000000
0.0000000000000000
0.0000000000000000
0.0000000000000000
0.0000000000000000
0.0000000000000000
0.0000000000000000
0.0000000000000000
0.0000000000000000
0.0000000000000000
0.0000000000000000
0.0000000000000000
0.0000000000000000
0.0000000000000000
0.0000000000000000
0.0000000000000000
0.0000000000000000
0.0000000000000000
0.0000000000000000
0.0000000000000000
0.0000000000000000
0.0000000000000000
0.0000000000000000
0.0000000000000000
0.0000000000000000
0.0000000000000000
0.0000000000000000
0.0000000000000000
0.0000000000000000
0.0000000000000000
0.0000000000000000
0.0000000000000000
0.0000000000000000
0.0000000000000000
0.0000000000000000
0.0000000000000000
0.0000000000000000
0.0000000000000000
0.0000000000000000
0.0000000000000000
0.0000000000000000
0.0000000000000000
0.0000000000000000
0.0000000000000000
0.0000000000000000
0.0000000000000000
0.0000000000000000
0.0000000000000000
0.0000000000000000
0.0000000000000000
0.0000000000000000
0.0000000000000000
0.0000000000000000
0.0000000000000000
0.0000000000000000
0.0000000000000000
0.0000000000000000
0.0000000000000000
0.0000000000000000
0.0000000000000000
0.0000000000000000
0.0000000000000000
0.0000000000000000
0.0000000000000000
0.0000000000000000
0.0000000000000000
0.0000000000000000
0.0000000000000000
0.0000000000000000
0.0000000000000000
0.0000000000000000
0.0000000000000000
0.0000000000000000
0.0000000000000000
0.0000000000000000
0.0000000000000000
0.0000000000000000
0.0000000000000000
0.0000000000000000
0.0000000000000000
0.0000000000000000
0.0000000000000000
0.0000000000000000
0.0000000000000000
0.0000000000000000
0.0000000000000000
0.0000000000000000
0.0000000000000000
0.0000000000000000
0.0000000000000000
0.0000000000000000
0.0000000000000000
0.0000000000000000
0.0000000000000000
0.0000000000000000
0.0000000000000000
0.0000000000000000
0.0000000000000000
0.0000000000000000
0.0000000000000000
0.0000000000000000
0.0000000000000000
0.0000000000000000
0.0000000000000000
0.0000000000000000
0.0000000000000000
0.0000000000000000
0.0000000000000000
0.0000000000000000
0.0000000000000000
0.0000000000000000
0.0000000000000000
0.0000000000000000
0.0000000000000000
0.0000000000000000
0.0000000000000000
0.0000000000000000
0.0000000000000000
0.0000000000000000
0.0000000000000000
0.0000000000000000
0.0000000000000000
0.0000000000000000
0.0000000000000000
0.0000000000000000
0.0000000000000000
0.0000000000000000
0.0000000000000000
0.0000000000000000
0.0000000000000000
0.0000000000000000
0.0000000000000000
0.0000000000000000
0.0000000000000000
0.0000000000000000
0.0000000000000000
0.0000000000000000
0.0000000000000000
0.0000000000000000
0.0000000000000000
0.0000000000000000
0.0000000000000000
0.0000000000000000
0.0000000000000000
0.0000000000000000
0.0000000000000000
0.0000000000000000
0.0000000000000000
0.0000000000000000
0.0000000000000000
0.0000000000000000
0.0000000000000000
0.0000000000000000
0.0000000000000000
0.0000000000000000
0.0000000000000000
0.0000000000000000
0.0000000000000000
0.0000000000000000
0.0000000000000000
0.0000000000000000
0.0000000000000000
0.0000000000000000
0.0000000000000000
0.0000000000000000
0.0000000000000000
0.0000000000000000
0.0000000000000000
0.0000000000000000
0.0000000000000000
0.0000000000000000
0.0000000000000000
0.0000000000000000
0.0000000000000000
0.0000000000000000
0.0000000000000000
0.0000000000000000
0.0000000000000000
0.0000000000000000
0.0000000000000000
0.0000000000000000
0.0000000000000000
0.0000000000000000
0.0000000000000000
0.0000000000000000
0.0000000000000000
0.0000000000000000
0.0000000000000000
0.0000000000000000
0.0000000000000000
0.0000000000000000
0.0000000000000000
0.0000000000000000
0.0000000000000000
0.0000000000000000
0.0000000000000000
0.0000000000000000
0.0000000000000000
0.0000000000000000
0.0000000000000000
0.0000000000000000
0.0000000000000000
0.0000000000000000
0.0000000000000000
0.0000000000000000
0.0000000000000000
0.0000000000000000
0.0000000000000000
0.0000000000000000
0.0000000000000000
0.0000000000000000
0.0000000000000000
0.0000000000000000
0.0000000000000000
0.0000000000000000
0.0000000000000000
0.0000000000000000
0.0000000000000000
0.0000000000000000
0.0000000000000000
0.0000000000000000
0.0000000000000000
0.0000000000000000
0.0000000000000000
0.0000000000000000
0.0000000000000000
0.0000000000000000
0.0000000000000000
0.0000000000000000
0.0000000000000000
0.0000000000000000
0.0000000000000000
0.0000000000000000
0.0000000000000000
0.0000000000000000
0.0000000000000000
0.0000000000000000
0.0000000000000000
0.0000000000000000
0.0000000000000000
0.0000000000000000
0.0000000000000000
0.0000000000000000
0.0000000000000000
0.0000000000000000
0.0000000000000000
0.0000000000000000
0.0000000000000000
0.0000000000000000
0.0000000000000000
0.0000000000000000
0.0000000000000000
0.0000000000000000
0.0000000000000000
0.0000000000000000
0.0000000000000000
0.0000000000000000
0.0000000000000000
0.0000000000000000
0.0000000000000000
0.0000000000000000
0.0000000000000000
0.0000000000000000
0.0000000000000000
0.0000000000000000
0.0000000000000000
0.0000000000000000
0.0000000000000000
0.0000000000000000
0.0000000000000000
0.0000000000000000
0.0000000000000000
0.0000000000000000
0.0000000000000000
0.0000000000000000
0.0000000000000000
0.0000000000000000
0.0000000000000000
0.0000000000000000
0.0000000000000000
0.0000000000000000
0.0000000000000000
0.0000000000000000
0.0000000000000000
0.0000000000000000
0.0000000000000000
0.0000000000000000
0.0000000000000000
0.0000000000000000
0.0000000000000000
0.0000000000000000
0.0000000000000000
0.0000000000000000
0.0000000000000000
0.0000000000000000
0.0000000000000000
0.0000000000000000
0.0000000000000000
0.0000000000000000
0.0000000000000000
0.0000000000000000
0.0000000000000000
0.0000000000000000
0.0000000000000000
0.0000000000000000
0.0000000000000000
0.0000000000000000
0.0000000000000000
0.0000000000000000
0.0000000000000000
0.0000000000000000
0.0000000000000000
0.0000000000000000
0.0000000000000000
0.0000000000000000
0.0000000000000000
0.0000000000000000
0.0000000000000000
0.0000000000000000
0.0000000000000000
0.0000000000000000
0.0000000000000000
0.0000000000000000
0.0000000000000000
0.0000000000000000
0.0000000000000000
0.0000000000000000
0.0000000000000000
0.0000000000000000
0.0000000000000000
0.0000000000000000
0.0000000000000000
0.0000000000000000
0.0000000000000000
0.0000000000000000
0.0000000000000000
0.0000000000000000
0.0000000000000000
0.0000000000000000
0.0000000000000000
0.0000000000000000
0.0000000000000000
0.0000000000000000
0.0000000000000000
0.0000000000000000
0.0000000000000000
0.0000000000000000
0.0000000000000000
0.0000000000000000
0.0000000000000000
0.0000000000000000
0.0000000000000000
0.0000000000000000
0.0000000000000000
0.0000000000000000
0.0000000000000000
0.0000000000000000
0.0000000000000000
0.0000000000000000
0.0000000000000000
0.0000000000000000
0.0000000000000000
0.0000000000000000
0.0000000000000000
0.0000000000000000
0.0000000000000000
0.0000000000000000
0.0000000000000000
0.0000000000000000
0.0000000000000000
0.0000000000000000
0.0000000000000000
0.0000000000000000
0.0000000000000000
0.0000000000000000
0.0000000000000000
0.0000000000000000
0.0000000000000000
0.0000000000000000
0.0000000000000000
0.0000000000000000
0.0000000000000000
0.0000000000000000
0.0000000000000000
0.0000000000000000
0.0000000000000000
0.0000000000000000
0.0000000000000000
0.0000000000000000
0.0000000000000000
0.0000000000000000
0.0000000000000000
0.0000000000000000
0.0000000000000000
0.0000000000000000
0.0000000000000000
0.0000000000000000
0.0000000000000000
0.0000000000000000
0.0000000000000000
0.0000000000000000
0.0000000000000000
0.0000000000000000
0.0000000000000000
0.0000000000000000
0.0000000000000000
0.0000000000000000
0.0000000000000000
0.0000000000000000
0.0000000000000000
0.0000000000000000
0.0000000000000000
0.0000000000000000
0.0000000000000000
0.0000000000000000
0.0000000000000000
0.0000000000000000
0.0000000000000000
0.0000000000000000
0.0000000000000000
0.0000000000000000
0.0000000000000000
0.0000000000000000
0.0000000000000000
0.0000000000000000
0.0000000000000000
0.0000000000000000
0.0000000000000000
0.0000000000000000
0.0000000000000000
0.0000000000000000
0.0000000000000000
0.0000000000000000
0.0000000000000000
0.0000000000000000
0.0000000000000000
0.0000000000000000
0.0000000000000000
0.0000000000000000
0.0000000000000000
0.0000000000000000
0.0000000000000000
0.0000000000000000
0.0000000000000000
0.0000000000000000
0.0000000000000000
0.0000000000000000
0.0000000000000000
0.0000000000000000
0.0000000000000000
0.0000000000000000
0.0000000000000000
0.0000000000000000
0.0000000000000000
0.0000000000000000
0.0000000000000000
0.0000000000000000
0.0000000000000000
0.0000000000000000
0.0000000000000000
0.0000000000000000
0.0000000000000000
0.0000000000000000
0.0000000000000000
0.0000000000000000
0.0000000000000000
0.0000000000000000
0.0000000000000000
0.0000000000000000
0.0000000000000000
0.0000000000000000
0.0000000000000000
0.0000000000000000
0.0000000000000000
0.0000000000000000
0.0000000000000000
0.0000000000000000
0.0000000000000000
0.0000000000000000
0.0000000000000000
0.0000000000000000
0.0000000000000000
0.0000000000000000
0.0000000000000000
0.0000000000000000
0.0000000000000000
0.0000000000000000
0.0000000000000000
0.0000000000000000
0.0000000000000000
0.0000000000000000
0.0000000000000000
0.0000000000000000
0.0000000000000000
0.0000000000000000
0.0000000000000000
0.0000000000000000
0.0000000000000000
0.0000000000000000
0.0000000000000000
0.0000000000000000
0.0000000000000000
0.0000000000000000
0.0000000000000000
0.0000000000000000
0.0000000000000000
0.0000000000000000
0.0000000000000000
0.0000000000000000
0.0000000000000000
0.0000000000000000
0.0000000000000000
0.0000000000000000
0.0000000000000000
0.0000000000000000
0.0000000000000000
0.0000000000000000
0.0000000000000000
0.0000000000000000
0.0000000000000000
0.0000000000000000
0.0000000000000000
0.0000000000000000
0.0000000000000000
0.0000000000000000
0.0000000000000000
0.0000000000000000
0.0000000000000000
0.0000000000000000
0.0000000000000000
0.0000000000000000
0.0000000000000000
0.0000000000000000
0.0000000000000000
0.0000000000000000
0.0000000000000000
0.0000000000000000
0.0000000000000000
0.0000000000000000
0.0000000000000000
0.0000000000000000
0.0000000000000000
0.0000000000000000
0.0000000000000000
0.0000000000000000
0.0000000000000000
0.0000000000000000
0.0000000000000000
0.0000000000000000
0.0000000000000000
0.0000000000000000
0.0000000000000000
0.0000000000000000
0.0000000000000000
0.0000000000000000
0.0000000000000000
0.0000000000000000
0.0000000000000000
0.0000000000000000
0.0000000000000000
0.0000000000000000
0.0000000000000000
0.0000000000000000
0.0000000000000000
0.0000000000000000
0.0000000000000000
0.0000000000000000
0.0000000000000000
0.0000000000000000
0.0000000000000000
0.0000000000000000
0.0000000000000000
0.0000000000000000
0.0000000000000000
0.0000000000000000
0.0000000000000000
0.0000000000000000
0.0000000000000000
0.0000000000000000
0.0000000000000000
0.0000000000000000
0.0000000000000000
0.0000000000000000
0.0000000000000000
0.0000000000000000
0.0000000000000000
0.0000000000000000
0.0000000000000000
0.0000000000000000
0.0000000000000000
0.0000000000000000
0.0000000000000000
0.0000000000000000
0.0000000000000000
0.0000000000000000
0.0000000000000000
0.0000000000000000
0.0000000000000000
0.0000000000000000
0.0000000000000000
0.0000000000000000
0.0000000000000000
0.0000000000000000
0.0000000000000000
0.0000000000000000
0.0000000000000000
0.0000000000000000
0.0000000000000000
0.0000000000000000
0.0000000000000000
0.0000000000000000
0.0000000000000000
0.0000000000000000
0.0000000000000000
0.0000000000000000
0.0000000000000000
0.0000000000000000
0.0000000000000000
0.0000000000000000
0.0000000000000000
0.0000000000000000
0.0000000000000000
0.0000000000000000
0.0000000000000000
0.0000000000000000
0.0000000000000000
0.0000000000000000
0.0000000000000000
0.0000000000000000
0.0000000000000000
0.0000000000000000
0.0000000000000000
0.0000000000000000
0.0000000000000000
0.0000000000000000
0.0000000000000000
0.0000000000000000
0.0000000000000000
0.0000000000000000
0.0000000000000000
0.0000000000000000
0.0000000000000000
0.0000000000000000
0.0000000000000000
0.0000000000000000
0.0000000000000000
0.0000000000000000
0.0000000000000000
0.0000000000000000
0.0000000000000000
0.0000000000000000
0.0000000000000000
0.0000000000000000
0.0000000000000000
0.0000000000000000
0.0000000000000000
0.0000000000000000
0.0000000000000000
0.0000000000000000
0.0000000000000000
0.0000000000000000
0.0000000000000000
0.0000000000000000
0.0000000000000000
0.0000000000000000
0.0000000000000000
0.0000000000000000
0.0000000000000000
0.0000000000000000
0.0000000000000000
0.0000000000000000
0.0000000000000000
0.0000000000000000
0.0000000000000000
0.0000000000000000
0.0000000000000000
0.0000000000000000
0.0000000000000000
0.0000000000000000
0.0000000000000000
0.0000000000000000
0.0000000000000000
0.0000000000000000
0.0000000000000000
0.0000000000000000
0.0000000000000000
0.0000000000000000
0.0000000000000000
0.0000000000000000
0.0000000000000000
0.0000000000000000
0.0000000000000000
0.0000000000000000
0.0000000000000000
0.0000000000000000
0.0000000000000000
0.0000000000000000
0.0000000000000000
0.0000000000000000
0.0000000000000000
0.0000000000000000
0.0000000000000000
0.0000000000000000
0.0000000000000000
0.0000000000000000
0.0000000000000000
0.0000000000000000
0.0000000000000000
0.0000000000000000
0.0000000000000000
0.0000000000000000
0.0000000000000000
0.0000000000000000
0.0000000000000000
0.0000000000000000
0.0000000000000000
0.0000000000000000
0.0000000000000000
0.0000000000000000
0.0000000000000000
0.0000000000000000
0.0000000000000000
0.0000000000000000
0.0000000000000000
0.0000000000000000
0.0000000000000000
0.0000000000000000
0.0000000000000000
0.0000000000000000
0.0000000000000000
0.0000000000000000
0.0000000000000000
0.0000000000000000
0.0000000000000000
0.0000000000000000
0.0000000000000000
0.0000000000000000
0.0000000000000000
0.0000000000000000
0.0000000000000000
0.0000000000000000
0.0000000000000000
0.0000000000000000
0.0000000000000000
0.0000000000000000
0.0000000000000000
0.0000000000000000
0.0000000000000000
0.0000000000000000
0.0000000000000000
0.0000000000000000
0.0000000000000000
0.0000000000000000
0.0000000000000000
0.0000000000000000
0.0000000000000000
0.0000000000000000
0.0000000000000000
0.0000000000000000
0.0000000000000000
0.0000000000000000
0.0000000000000000
0.0000000000000000
0.0000000000000000
0.0000000000000000
0.0000000000000000
0.0000000000000000
0.0000000000000000
0.0000000000000000
0.0000000000000000
0.0000000000000000
0.0000000000000000
0.0000000000000000
0.0000000000000000
0.0000000000000000
0.0000000000000000
0.0000000000000000
0.0000000000000000
0.0000000000000000
0.0000000000000000
0.0000000000000000
0.0000000000000000
0.0000000000000000
0.0000000000000000
0.0000000000000000
0.0000000000000000
0.0000000000000000
0.0000000000000000
0.0000000000000000
0.0000000000000000
0.0000000000000000
0.0000000000000000
0.0000000000000000
0.0000000000000000
0.0000000000000000
0.0000000000000000
0.0000000000000000
0.0000000000000000
0.0000000000000000
0.0000000000000000
0.0000000000000000
0.0000000000000000
0.0000000000000000
0.0000000000000000
0.0000000000000000
0.0000000000000000
0.0000000000000000
0.0000000000000000
0.0000000000000000
0.0000000000000000
0.0000000000000000
0.0000000000000000
0.0000000000000000
0.0000000000000000
0.0000000000000000
0.0000000000000000
0.0000000000000000
0.0000000000000000
0.0000000000000000
0.0000000000000000
0.0000000000000000
0.0000000000000000
0.0000000000000000
0.0000000000000000
0.0000000000000000
0.0000000000000000
0.0000000000000000
0.0000000000000000
0.0000000000000000
0.0000000000000000
0.0000000000000000
0.0000000000000000
0.0000000000000000
0.0000000000000000
0.0000000000000000
0.0000000000000000
0.0000000000000000
0.0000000000000000
0.0000000000000000
0.0000000000000000
0.0000000000000000
0.0000000000000000
0.0000000000000000
0.0000000000000000
0.0000000000000000
0.0000000000000000
0.0000000000000000
0.0000000000000000
0.0000000000000000
0.0000000000000000
0.0000000000000000
0.0000000000000000
0.0000000000000000
0.0000000000000000
0.0000000000000000
0.0000000000000000
0.0000000000000000
0.0000000000000000
0.0000000000000000
0.0000000000000000
0.0000000000000000
0.0000000000000000
0.0000000000000000
0.0000000000000000
0.0000000000000000
0.0000000000000000
0.0000000000000000
0.0000000000000000
0.0000000000000000
0.0000000000000000
0.0000000000000000
0.0000000000000000
0.0000000000000000
0.0000000000000000
0.0000000000000000
0.0000000000000000
0.0000000000000000
0.0000000000000000
0.0000000000000000
0.0000000000000000
0.0000000000000000
0.0000000000000000
0.0000000000000000
0.0000000000000000
0.0000000000000000
0.0000000000000000
0.0000000000000000
0.0000000000000000
0.0000000000000000
0.0000000000000000
0.0000000000000000
0.0000000000000000
0.0000000000000000
0.0000000000000000
0.0000000000000000
0.0000000000000000
0.0000000000000000
0.0000000000000000
0.0000000000000000
0.0000000000000000
0.0000000000000000
0.0000000000000000
0.0000000000000000
0.0000000000000000
0.0000000000000000
0.0000000000000000
0.0000000000000000
0.0000000000000000
0.0000000000000000
0.0000000000000000
0.0000000000000000
0.0000000000000000
0.0000000000000000
0.0000000000000000
0.0000000000000000
0.0000000000000000
0.0000000000000000
0.0000000000000000
0.0000000000000000
0.0000000000000000
0.0000000000000000
0.0000000000000000
0.0000000000000000
0.0000000000000000
0.0000000000000000
0.0000000000000000
0.0000000000000000
0.0000000000000000
0.0000000000000000
0.0000000000000000
0.0000000000000000
0.0000000000000000
0.0000000000000000
0.0000000000000000
0.0000000000000000
0.0000000000000000
0.0000000000000000
0.0000000000000000
0.0000000000000000
0.0000000000000000
0.0000000000000000
0.0000000000000000
0.0000000000000000
0.0000000000000000
0.0000000000000000
0.0000000000000000
0.0000000000000000
0.0000000000000000
0.0000000000000000
0.0000000000000000
0.0000000000000000
0.0000000000000000
0.0000000000000000
0.0000000000000000
0.0000000000000000
0.0000000000000000
0.0000000000000000
0.0000000000000000
0.0000000000000000
0.0000000000000000
0.0000000000000000
0.0000000000000000
0.0000000000000000
0.0000000000000000
0.0000000000000000
0.0000000000000000
0.0000000000000000
0.0000000000000000
0.0000000000000000
0.0000000000000000
0.0000000000000000
0.0000000000000000
0.0000000000000000
0.0000000000000000
0.0000000000000000
0.0000000000000000
0.0000000000000000
0.0000000000000000
0.0000000000000000
0.0000000000000000
0.0000000000000000
0.0000000000000000
0.0000000000000000
0.0000000000000000
0.0000000000000000
0.0000000000000000
0.0000000000000000
0.0000000000000000
0.0000000000000000
0.0000000000000000
0.0000000000000000
0.0000000000000000
0.0000000000000000
0.0000000000000000
0.0000000000000000
0.0000000000000000
0.0000000000000000
0.0000000000000000
0.0000000000000000
0.0000000000000000
0.0000000000000000
0.0000000000000000
0.0000000000000000
0.0000000000000000
0.0000000000000000
0.0000000000000000
0.0000000000000000
0.0000000000000000
0.0000000000000000
0.0000000000000000
0.0000000000000000
0.0000000000000000
0.0000000000000000
0.0000000000000000
0.0000000000000000
0.0000000000000000
0.0000000000000000
0.0000000000000000
0.0000000000000000
0.0000000000000000
0.0000000000000000
0.0000000000000000
0.0000000000000000
0.0000000000000000
0.0000000000000000
0.0000000000000000
0.0000000000000000
0.0000000000000000
0.0000000000000000
0.0000000000000000
0.0000000000000000
0.0000000000000000
0.0000000000000000
0.0000000000000000
0.0000000000000000
0.0000000000000000
0.0000000000000000
0.0000000000000000
0.0000000000000000
0.0000000000000000
0.0000000000000000
0.0000000000000000
0.0000000000000000
0.0000000000000000
0.0000000000000000
0.0000000000000000
0.0000000000000000
0.0000000000000000
0.0000000000000000
0.0000000000000000
0.0000000000000000
0.0000000000000000
0.0000000000000000
0.0000000000000000
0.0000000000000000
0.0000000000000000
0.0000000000000000
0.0000000000000000
0.0000000000000000
0.0000000000000000
0.0000000000000000
0.0000000000000000
0.0000000000000000
0.0000000000000000
0.0000000000000000
0.0000000000000000
0.0000000000000000
0.0000000000000000
0.0000000000000000
0.0000000000000000
0.0000000000000000
0.0000000000000000
0.0000000000000000
0.0000000000000000
0.0000000000000000
0.0000000000000000
0.0000000000000000
0.0000000000000000
0.0000000000000000
0.0000000000000000
0.0000000000000000
0.0000000000000000
0.0000000000000000
0.0000000000000000
0.0000000000000000
0.0000000000000000
0.0000000000000000
0.0000000000000000
0.0000000000000000
0.0000000000000000
0.0000000000000000
0.0000000000000000
0.0000000000000000
0.0000000000000000
0.0000000000000000
0.0000000000000000
0.0000000000000000
0.0000000000000000
0.0000000000000000
0.0000000000000000
0.0000000000000000
0.0000000000000000
0.0000000000000000
0.0000000000000000
0.0000000000000000
0.0000000000000000
0.0000000000000000
0.0000000000000000
0.0000000000000000
0.0000000000000000
0.0000000000000000
0.0000000000000000
0.0000000000000000
0.0000000000000000
0.0000000000000000
0.0000000000000000
0.0000000000000000
0.0000000000000000
0.0000000000000000
0.0000000000000000
0.0000000000000000
0.0000000000000000
0.0000000000000000
0.0000000000000000
0.0000000000000000
0.0000000000000000
0.0000000000000000
0.0000000000000000
0.0000000000000000
0.0000000000000000
0.0000000000000000
0.0000000000000000
0.0000000000000000
0.0000000000000000
0.0000000000000000
0.0000000000000000
0.0000000000000000
0.0000000000000000
0.0000000000000000
0.0000000000000000
0.0000000000000000
0.0000000000000000
0.0000000000000000
0.0000000000000000
0.0000000000000000
0.0000000000000000
0.0000000000000000
0.0000000000000000
0.0000000000000000
0.0000000000000000
0.0000000000000000
0.0000000000000000
0.0000000000000000
0.0000000000000000
0.0000000000000000
0.0000000000000000
0.0000000000000000
0.0000000000000000
0.0000000000000000
0.0000000000000000
0.0000000000000000
0.0000000000000000
0.0000000000000000
0.0000000000000000
0.0000000000000000
0.0000000000000000
0.0000000000000000
0.0000000000000000
0.0000000000000000
0.0000000000000000
0.0000000000000000
0.0000000000000000
0.0000000000000000
0.0000000000000000
0.0000000000000000
0.0000000000000000
0.0000000000000000
0.0000000000000000
0.0000000000000000
0.0000000000000000
0.0000000000000000
0.0000000000000000
0.0000000000000000
0.0000000000000000
0.0000000000000000
0.0000000000000000
0.0000000000000000
0.0000000000000000
0.0000000000000000
0.0000000000000000
0.0000000000000000
0.0000000000000000
0.0000000000000000
0.0000000000000000
0.0000000000000000
0.0000000000000000
0.0000000000000000
0.0000000000000000
0.0000000000000000
0.0000000000000000
0.0000000000000000
0.0000000000000000
0.0000000000000000
0.0000000000000000
0.0000000000000000
0.0000000000000000
0.0000000000000000
0.0000000000000000
0.0000000000000000
0.0000000000000000
0.0000000000000000
0.0000000000000000
0.0000000000000000
0.0000000000000000
0.0000000000000000
0.0000000000000000
0.0000000000000000
0.0000000000000000
0.0000000000000000
0.0000000000000000
0.0000000000000000
0.0000000000000000
0.0000000000000000
0.0000000000000000
0.0000000000000000
0.0000000000000000
0.0000000000000000
0.0000000000000000
0.0000000000000000
0.0000000000000000
0.0000000000000000
0.0000000000000000
0.0000000000000000
0.0000000000000000
0.0000000000000000
0.0000000000000000
0.0000000000000000
0.0000000000000000
0.0000000000000000
0.0000000000000000
0.0000000000000000
0.0000000000000000
0.0000000000000000
0.0000000000000000
0.0000000000000000
0.0000000000000000
0.0000000000000000
0.0000000000000000
0.0000000000000000
0.0000000000000000
0.0000000000000000
0.0000000000000000
0.0000000000000000
0.0000000000000000
0.0000000000000000
0.0000000000000000
0.0000000000000000
0.0000000000000000
0.0000000000000000
0.0000000000000000
0.0000000000000000
0.0000000000000000
0.0000000000000000
0.0000000000000000
0.0000000000000000
0.0000000000000000
0.0000000000000000
0.0000000000000000
0.0000000000000000
0.0000000000000000
0.0000000000000000
0.0000000000000000
0.0000000000000000
0.0000000000000000
0.0000000000000000
0.0000000000000000
0.0000000000000000
0.0000000000000000
0.0000000000000000
0.0000000000000000
0.0000000000000000
0.0000000000000000
0.0000000000000000
0.0000000000000000
0.0000000000000000
0.0000000000000000
0.0000000000000000
0.0000000000000000
0.0000000000000000
0.0000000000000000
0.0000000000000000
0.0000000000000000
0.0000000000000000
0.0000000000000000
0.0000000000000000
0.0000000000000000
0.0000000000000000
0.0000000000000000
0.0000000000000000
0.0000000000000000
0.0000000000000000
0.0000000000000000
0.0000000000000000
0.0000000000000000
0.0000000000000000
0.0000000000000000
0.0000000000000000
0.0000000000000000
0.0000000000000000
0.0000000000000000
0.0000000000000000
0.0000000000000000
0.0000000000000000
0.0000000000000000
0.0000000000000000
0.0000000000000000
0.0000000000000000
0.0000000000000000
0.0000000000000000
0.0000000000000000
0.0000000000000000
0.0000000000000000
0.0000000000000000
0.0000000000000000
0.0000000000000000
0.0000000000000000
0.0000000000000000
0.0000000000000000
0.0000000000000000
0.0000000000000000
0.0000000000000000
0.0000000000000000
0.0000000000000000
0.0000000000000000
0.0000000000000000
0.0000000000000000
0.0000000000000000
0.0000000000000000
0.0000000000000000
0.0000000000000000
0.0000000000000000
0.0000000000000000
0.0000000000000000
0.0000000000000000
0.0000000000000000
0.0000000000000000
0.0000000000000000
0.0000000000000000
0.0000000000000000
0.0000000000000000
0.0000000000000000
0.0000000000000000
0.0000000000000000
0.0000000000000000
0.0000000000000000
0.0000000000000000
0.0000000000000000
0.0000000000000000
0.0000000000000000
0.0000000000000000
0.0000000000000000
0.0000000000000000
0.0000000000000000
0.0000000000000000
0.0000000000000000
0.0000000000000000
0.0000000000000000
0.0000000000000000
0.0000000000000000
0.0000000000000000
0.0000000000000000
0.0000000000000000
0.0000000000000000
0.0000000000000000
0.0000000000000000
0.0000000000000000
0.0000000000000000
0.0000000000000000
0.0000000000000000
0.0000000000000000
0.0000000000000000
0.0000000000000000
0.0000000000000000
0.0000000000000000
0.0000000000000000
0.0000000000000000
0.0000000000000000
0.0000000000000000
0.0000000000000000
0.0000000000000000
0.0000000000000000
0.0000000000000000
0.0000000000000000
0.0000000000000000
0.0000000000000000
0.0000000000000000
0.0000000000000000
0.0000000000000000
0.0000000000000000
0.0000000000000000
0.0000000000000000
0.0000000000000000
0.0000000000000000
0.0000000000000000
0.0000000000000000
0.0000000000000000
0.0000000000000000
0.0000000000000000
0.0000000000000000
0.0000000000000000
0.0000000000000000
0.0000000000000000
0.0000000000000000
0.0000000000000000
0.0000000000000000
0.0000000000000000
0.0000000000000000
0.0000000000000000
0.0000000000000000
0.0000000000000000
0.0000000000000000
0.0000000000000000
0.0000000000000000
0.0000000000000000
0.0000000000000000
0.0000000000000000
0.0000000000000000
0.0000000000000000
0.0000000000000000
0.0000000000000000
0.0000000000000000
0.0000000000000000
0.0000000000000000
0.0000000000000000
0.0000000000000000
0.0000000000000000
0.0000000000000000
0.0000000000000000
0.0000000000000000
0.0000000000000000
0.0000000000000000
0.0000000000000000
0.0000000000000000
0.0000000000000000
0.0000000000000000
0.0000000000000000
0.0000000000000000
0.0000000000000000
0.0000000000000000
0.0000000000000000
0.0000000000000000
0.0000000000000000
0.0000000000000000
0.0000000000000000
0.0000000000000000
0.0000000000000000
0.0000000000000000
0.0000000000000000
0.0000000000000000
0.0000000000000000
0.0000000000000000
0.0000000000000000
0.0000000000000000
0.0000000000000000
0.0000000000000000
0.0000000000000000
0.0000000000000000
0.0000000000000000
0.0000000000000000
0.0000000000000000
0.0000000000000000
0.0000000000000000
0.0000000000000000
0.0000000000000000
0.0000000000000000
0.0000000000000000
0.0000000000000000
0.0000000000000000
0.0000000000000000
0.0000000000000000
0.0000000000000000
0.0000000000000000
0.0000000000000000
0.0000000000000000
0.0000000000000000
0.0000000000000000
0.0000000000000000
0.0000000000000000
0.0000000000000000
0.0000000000000000
0.0000000000000000
0.0000000000000000
0.0000000000000000
0.0000000000000000
0.0000000000000000
0.0000000000000000
0.0000000000000000
0.0000000000000000
0.0000000000000000
0.0000000000000000
0.0000000000000000
0.0000000000000000
0.0000000000000000
0.0000000000000000
0.0000000000000000
0.0000000000000000
0.0000000000000000
0.0000000000000000
0.0000000000000000
0.0000000000000000
0.0000000000000000
0.0000000000000000
0.0000000000000000
0.0000000000000000
0.0000000000000000
0.0000000000000000
0.0000000000000000
0.0000000000000000
0.0000000000000000
0.0000000000000000
0.0000000000000000
0.0000000000000000
0.0000000000000000
0.0000000000000000
0.0000000000000000
0.0000000000000000
0.0000000000000000
0.0000000000000000
0.0000000000000000
0.0000000000000000
0.0000000000000000
0.0000000000000000
0.0000000000000000
0.0000000000000000
0.0000000000000000
0.0000000000000000
0.0000000000000000
0.0000000000000000
0.0000000000000000
0.0000000000000000
0.0000000000000000
0.0000000000000000
0.0000000000000000
0.0000000000000000
0.0000000000000000
0.0000000000000000
0.0000000000000000
0.0000000000000000
0.0000000000000000
0.0000000000000000
0.0000000000000000
0.0000000000000000
0.0000000000000000
0.0000000000000000
0.0000000000000000
0.0000000000000000
0.0000000000000000
0.0000000000000000
0.0000000000000000
0.0000000000000000
0.0000000000000000
0.0000000000000000
0.0000000000000000
0.0000000000000000
0.0000000000000000
0.0000000000000000
0.0000000000000000
0.0000000000000000
0.0000000000000000
0.0000000000000000
0.0000000000000000
0.0000000000000000
0.0000000000000000
0.0000000000000000
0.0000000000000000
0.0000000000000000
0.0000000000000000
0.0000000000000000
0.0000000000000000
0.0000000000000000
0.0000000000000000
0.0000000000000000
0.0000000000000000
0.0000000000000000
0.0000000000000000
0.0000000000000000
0.0000000000000000
0.0000000000000000
0.0000000000000000
0.0000000000000000
0.0000000000000000
0.0000000000000000
0.0000000000000000
0.0000000000000000
0.0000000000000000
0.0000000000000000
0.0000000000000000
0.0000000000000000
0.0000000000000000
0.0000000000000000
0.0000000000000000
0.0000000000000000
0.0000000000000000
0.0000000000000000
0.0000000000000000
0.0000000000000000
0.0000000000000000
0.0000000000000000
0.0000000000000000
0.0000000000000000
0.0000000000000000
0.0000000000000000
0.0000000000000000
0.0000000000000000
0.0000000000000000
0.0000000000000000
0.0000000000000000
0.0000000000000000
0.0000000000000000
0.0000000000000000
0.0000000000000000
0.0000000000000000
0.0000000000000000
0.0000000000000000
0.0000000000000000
0.0000000000000000
0.0000000000000000
0.0000000000000000
0.0000000000000000
0.0000000000000000
0.0000000000000000
0.0000000000000000
0.0000000000000000
0.0000000000000000
0.0000000000000000
0.0000000000000000
0.0000000000000000
0.0000000000000000
0.0000000000000000
0.0000000000000000
0.0000000000000000
0.0000000000000000
0.0000000000000000
0.0000000000000000
0.0000000000000000
0.0000000000000000
0.0000000000000000
0.0000000000000000
0.0000000000000000
0.0000000000000000
0.0000000000000000
0.0000000000000000
0.0000000000000000
0.0000000000000000
0.0000000000000000
0.0000000000000000
0.0000000000000000
0.0000000000000000
0.0000000000000000
0.0000000000000000
0.0000000000000000
0.0000000000000000
0.0000000000000000
0.0000000000000000
0.0000000000000000
0.0000000000000000
0.0000000000000000
0.0000000000000000
0.0000000000000000
0.0000000000000000
0.0000000000000000
0.0000000000000000
0.0000000000000000
0.0000000000000000
0.0000000000000000
0.0000000000000000
0.0000000000000000
0.0000000000000000
0.0000000000000000
0.0000000000000000
0.0000000000000000
0.0000000000000000
0.0000000000000000
0.0000000000000000
0.0000000000000000
0.0000000000000000
0.0000000000000000
0.0000000000000000
0.0000000000000000
0.0000000000000000
0.0000000000000000
0.0000000000000000
0.0000000000000000
0.0000000000000000
0.0000000000000000
0.0000000000000000
0.0000000000000000
0.0000000000000000
0.0000000000000000
0.0000000000000000
0.0000000000000000
0.0000000000000000
0.0000000000000000
0.0000000000000000
0.0000000000000000
0.0000000000000000
0.0000000000000000
0.0000000000000000
0.0000000000000000
0.0000000000000000
0.0000000000000000
0.0000000000000000
0.0000000000000000
0.0000000000000000
0.0000000000000000
0.0000000000000000
0.0000000000000000
0.0000000000000000
0.0000000000000000
0.0000000000000000
0.0000000000000000
0.0000000000000000
0.0000000000000000
0.0000000000000000
0.0000000000000000
0.0000000000000000
0.0000000000000000
0.0000000000000000
0.0000000000000000
0.0000000000000000
0.0000000000000000
0.0000000000000000
0.0000000000000000
0.0000000000000000
0.0000000000000000
0.0000000000000000
0.0000000000000000
0.0000000000000000
0.0000000000000000
0.0000000000000000
0.0000000000000000
0.0000000000000000
0.0000000000000000
0.0000000000000000
0.0000000000000000
0.0000000000000000
0.0000000000000000
0.0000000000000000
0.0000000000000000
0.0000000000000000
0.0000000000000000
0.0000000000000000
0.0000000000000000
0.0000000000000000
0.0000000000000000
0.0000000000000000
0.0000000000000000
0.0000000000000000
0.0000000000000000
0.0000000000000000
0.0000000000000000
0.0000000000000000
0.0000000000000000
0.0000000000000000
0.0000000000000000
0.0000000000000000
0.0000000000000000
0.0000000000000000
0.0000000000000000
0.0000000000000000
0.0000000000000000
0.0000000000000000
0.0000000000000000
0.0000000000000000
0.0000000000000000
0.0000000000000000
0.0000000000000000
0.0000000000000000
0.0000000000000000
0.0000000000000000
0.0000000000000000
0.0000000000000000
0.0000000000000000
0.0000000000000000
0.0000000000000000
0.0000000000000000
0.0000000000000000
0.0000000000000000
0.0000000000000000
0.0000000000000000
0.0000000000000000
0.0000000000000000
0.0000000000000000
0.0000000000000000
0.0000000000000000
0.0000000000000000
0.0000000000000000
0.0000000000000000
0.0000000000000000
0.0000000000000000
0.0000000000000000
0.0000000000000000
0.0000000000000000
0.0000000000000000
0.0000000000000000
0.0000000000000000
0.0000000000000000
0.0000000000000000
0.0000000000000000
0.0000000000000000
0.0000000000000000
0.0000000000000000
0.0000000000000000
0.0000000000000000
0.0000000000000000
0.0000000000000000
0.0000000000000000
0.0000000000000000
0.0000000000000000
0.0000000000000000
0.0000000000000000
0.0000000000000000
0.0000000000000000
0.0000000000000000
0.0000000000000000
0.0000000000000000
0.0000000000000000
0.0000000000000000
0.0000000000000000
0.0000000000000000
0.0000000000000000
0.0000000000000000
0.0000000000000000
0.0000000000000000
0.0000000000000000
0.0000000000000000
0.0000000000000000
0.0000000000000000
0.0000000000000000
0.0000000000000000
0.0000000000000000
0.0000000000000000
0.0000000000000000
0.0000000000000000
0.0000000000000000
0.0000000000000000
0.0000000000000000
0.0000000000000000
0.0000000000000000
0.0000000000000000
0.0000000000000000
0.0000000000000000
0.0000000000000000
0.0000000000000000
0.0000000000000000
0.0000000000000000
0.0000000000000000
0.0000000000000000
0.0000000000000000
0.0000000000000000
0.0000000000000000
0.0000000000000000
0.0000000000000000
0.0000000000000000
0.0000000000000000
0.0000000000000000
0.0000000000000000
0.0000000000000000
0.0000000000000000
0.0000000000000000
0.0000000000000000
0.0000000000000000
0.0000000000000000
0.0000000000000000
0.0000000000000000
0.0000000000000000
0.0000000000000000
0.0000000000000000
0.0000000000000000
0.0000000000000000
0.0000000000000000
0.0000000000000000
0.0000000000000000
0.0000000000000000
0.0000000000000000
0.0000000000000000
0.0000000000000000
0.0000000000000000
0.0000000000000000
0.0000000000000000
0.0000000000000000
0.0000000000000000
0.0000000000000000
0.0000000000000000
0.0000000000000000
0.0000000000000000
0.0000000000000000
0.0000000000000000
0.0000000000000000
0.0000000000000000
0.0000000000000000
0.0000000000000000
0.0000000000000000
0.0000000000000000
0.0000000000000000
0.0000000000000000
0.0000000000000000
0.0000000000000000
0.0000000000000000
0.0000000000000000
0.0000000000000000
0.0000000000000000
0.0000000000000000
0.0000000000000000
0.0000000000000000
0.0000000000000000
0.0000000000000000
0.0000000000000000
0.0000000000000000
0.0000000000000000
0.0000000000000000
0.0000000000000000
0.0000000000000000
0.0000000000000000
0.0000000000000000
0.0000000000000000
0.0000000000000000
0.0000000000000000
0.0000000000000000
0.0000000000000000
0.0000000000000000
0.0000000000000000
0.0000000000000000
0.0000000000000000
0.0000000000000000
0.0000000000000000
0.0000000000000000
0.0000000000000000
0.0000000000000000
0.0000000000000000
0.0000000000000000
0.0000000000000000
0.0000000000000000
0.0000000000000000
0.0000000000000000
0.0000000000000000
0.0000000000000000
0.0000000000000000
0.0000000000000000
0.0000000000000000
0.0000000000000000
0.0000000000000000
0.0000000000000000
0.0000000000000000
0.0000000000000000
0.0000000000000000
0.0000000000000000
0.0000000000000000
0.0000000000000000
0.0000000000000000
0.0000000000000000
0.0000000000000000
0.0000000000000000
0.0000000000000000
0.0000000000000000
0.0000000000000000
0.0000000000000000
0.0000000000000000
0.0000000000000000
0.0000000000000000
0.0000000000000000
0.0000000000000000
0.0000000000000000
0.0000000000000000
0.0000000000000000
0.0000000000000000
0.0000000000000000
0.0000000000000000
0.0000000000000000
0.0000000000000000
0.0000000000000000
0.0000000000000000
0.0000000000000000
0.0000000000000000
0.0000000000000000
0.0000000000000000
0.0000000000000000
0.0000000000000000
0.0000000000000000
0.0000000000000000
0.0000000000000000
0.0000000000000000
0.0000000000000000
0.0000000000000000
0.0000000000000000
0.0000000000000000
0.0000000000000000
0.0000000000000000
0.0000000000000000
0.0000000000000000
0.0000000000000000
0.0000000000000000
0.0000000000000000
0.0000000000000000
0.0000000000000000
0.0000000000000000
0.0000000000000000
0.0000000000000000
0.0000000000000000
0.0000000000000000
0.0000000000000000
0.0000000000000000
0.0000000000000000
0.0000000000000000
0.0000000000000000
0.0000000000000000
0.0000000000000000
0.0000000000000000
0.0000000000000000
0.0000000000000000
0.0000000000000000
0.0000000000000000
0.0000000000000000
0.0000000000000000
0.0000000000000000
0.0000000000000000
0.0000000000000000
0.0000000000000000
0.0000000000000000
0.0000000000000000
0.0000000000000000
0.0000000000000000
0.0000000000000000
0.0000000000000000
0.0000000000000000
0.0000000000000000
0.0000000000000000
0.0000000000000000
0.0000000000000000
0.0000000000000000
0.0000000000000000
0.0000000000000000
0.0000000000000000
0.0000000000000000
0.0000000000000000
0.0000000000000000
0.0000000000000000
0.0000000000000000
0.0000000000000000
0.0000000000000000
0.0000000000000000
0.0000000000000000
0.0000000000000000
0.0000000000000000
0.0000000000000000
0.0000000000000000
0.0000000000000000
0.0000000000000000
0.0000000000000000
0.0000000000000000
0.0000000000000000
0.0000000000000000
0.0000000000000000
0.0000000000000000
0.0000000000000000
0.0000000000000000
0.0000000000000000
0.0000000000000000
0.0000000000000000
0.0000000000000000
0.0000000000000000
0.0000000000000000
0.0000000000000000
0.0000000000000000
0.0000000000000000
0.0000000000000000
0.0000000000000000
0.0000000000000000
0.0000000000000000
0.0000000000000000
0.0000000000000000
0.0000000000000000
0.0000000000000000
0.0000000000000000
0.0000000000000000
0.0000000000000000
0.0000000000000000
0.0000000000000000
0.0000000000000000
0.0000000000000000
0.0000000000000000
0.0000000000000000
0.0000000000000000
0.0000000000000000
0.0000000000000000
0.0000000000000000
0.0000000000000000
0.0000000000000000
0.0000000000000000
0.0000000000000000
0.0000000000000000
0.0000000000000000
0.0000000000000000
0.0000000000000000
0.0000000000000000
0.0000000000000000
0.0000000000000000
0.0000000000000000
0.0000000000000000
0.0000000000000000
0.0000000000000000
0.0000000000000000
0.0000000000000000
0.0000000000000000
0.0000000000000000
0.0000000000000000
0.0000000000000000
0.0000000000000000
0.0000000000000000
0.0000000000000000
0.0000000000000000
0.0000000000000000
0.0000000000000000
0.0000000000000000
0.0000000000000000
0.0000000000000000
0.0000000000000000
0.0000000000000000
0.0000000000000000
0.0000000000000000
0.0000000000000000
0.0000000000000000
0.0000000000000000
0.0000000000000000
0.0000000000000000
0.0000000000000000
0.0000000000000000
0.0000000000000000
0.0000000000000000
0.0000000000000000
0.0000000000000000
0.0000000000000000
0.0000000000000000
0.0000000000000000
0.0000000000000000
0.0000000000000000
0.0000000000000000
0.0000000000000000
0.0000000000000000
0.0000000000000000
0.0000000000000000
0.0000000000000000
0.0000000000000000
0.0000000000000000
0.0000000000000000
0.0000000000000000
0.0000000000000000
0.0000000000000000
0.0000000000000000
0.0000000000000000
0.0000000000000000
0.0000000000000000
0.0000000000000000
0.0000000000000000
0.0000000000000000
0.0000000000000000
0.0000000000000000
0.0000000000000000
0.0000000000000000
0.0000000000000000
0.0000000000000000
0.0000000000000000
0.0000000000000000
0.0000000000000000
0.0000000000000000
0.0000000000000000
0.0000000000000000
0.0000000000000000
0.0000000000000000
0.0000000000000000
0.0000000000000000
0.0000000000000000
0.0000000000000000
0.0000000000000000
0.0000000000000000
0.0000000000000000
0.0000000000000000
0.0000000000000000
0.0000000000000000
0.0000000000000000
0.0000000000000000
0.0000000000000000
0.0000000000000000
0.0000000000000000
0.0000000000000000
0.0000000000000000
0.0000000000000000
0.0000000000000000
0.0000000000000000
0.0000000000000000
0.0000000000000000
0.0000000000000000
0.0000000000000000
0.0000000000000000
0.0000000000000000
0.0000000000000000
0.0000000000000000
0.0000000000000000
0.0000000000000000
0.0000000000000000
0.0000000000000000
0.0000000000000000
0.0000000000000000
0.0000000000000000
0.0000000000000000
0.0000000000000000
0.0000000000000000
0.0000000000000000
0.0000000000000000
0.0000000000000000
0.0000000000000000
0.0000000000000000
0.0000000000000000
0.0000000000000000
0.0000000000000000
0.0000000000000000
0.0000000000000000
0.0000000000000000
0.0000000000000000
0.0000000000000000
0.0000000000000000
0.0000000000000000
0.0000000000000000
0.0000000000000000
0.0000000000000000
0.0000000000000000
0.0000000000000000
0.0000000000000000
0.0000000000000000
0.0000000000000000
0.0000000000000000
0.0000000000000000
0.0000000000000000
0.0000000000000000
0.0000000000000000
0.0000000000000000
0.0000000000000000
0.0000000000000000
0.0000000000000000
0.0000000000000000
0.0000000000000000
0.0000000000000000
0.0000000000000000
0.0000000000000000
0.0000000000000000
0.0000000000000000
0.0000000000000000
0.0000000000000000
0.0000000000000000
0.0000000000000000
0.0000000000000000
0.0000000000000000
0.0000000000000000
0.0000000000000000
0.0000000000000000
0.0000000000000000
0.0000000000000000
0.0000000000000000
0.0000000000000000
0.0000000000000000
0.0000000000000000
0.0000000000000000
0.0000000000000000
0.0000000000000000
0.0000000000000000
0.0000000000000000
0.0000000000000000
0.0000000000000000
0.0000000000000000
0.0000000000000000
0.0000000000000000
0.0000000000000000
0.0000000000000000
0.0000000000000000
0.0000000000000000
0.0000000000000000
0.0000000000000000
0.0000000000000000
0.0000000000000000
0.0000000000000000
0.0000000000000000
0.0000000000000000
0.0000000000000000
0.0000000000000000
0.0000000000000000
0.0000000000000000
0.0000000000000000
0.0000000000000000
0.0000000000000000
0.0000000000000000
0.0000000000000000
0.0000000000000000
0.0000000000000000
0.0000000000000000
0.0000000000000000
0.0000000000000000
0.0000000000000000
0.0000000000000000
0.0000000000000000
0.0000000000000000
0.0000000000000000
0.0000000000000000
0.0000000000000000
0.0000000000000000
0.0000000000000000
0.0000000000000000
0.0000000000000000
0.0000000000000000
0.0000000000000000
0.0000000000000000
0.0000000000000000
0.0000000000000000
0.0000000000000000
0.0000000000000000
0.0000000000000000
0.0000000000000000
0.0000000000000000
0.0000000000000000
0.0000000000000000
0.0000000000000000
0.0000000000000000
0.0000000000000000
0.0000000000000000
0.0000000000000000
0.0000000000000000
0.0000000000000000
0.0000000000000000
0.0000000000000000
0.0000000000000000
0.0000000000000000
0.0000000000000000
0.0000000000000000
0.0000000000000000
0.0000000000000000
0.0000000000000000
0.0000000000000000
0.0000000000000000
0.0000000000000000
0.0000000000000000
0.0000000000000000
0.0000000000000000
0.0000000000000000
0.0000000000000000
0.0000000000000000
0.0000000000000000
0.0000000000000000
0.0000000000000000
0.0000000000000000
0.0000000000000000
0.0000000000000000
0.0000000000000000
0.0000000000000000
0.0000000000000000
0.0000000000000000
0.0000000000000000
0.0000000000000000
0.0000000000000000
0.0000000000000000
0.0000000000000000
0.0000000000000000
0.0000000000000000
0.0000000000000000
0.0000000000000000
0.0000000000000000
0.0000000000000000
0.0000000000000000
0.0000000000000000
0.0000000000000000
0.0000000000000000
0.0000000000000000
0.0000000000000000
0.0000000000000000
0.0000000000000000
0.0000000000000000
0.0000000000000000
0.0000000000000000
0.0000000000000000
0.0000000000000000
0.0000000000000000
0.0000000000000000
0.0000000000000000
0.0000000000000000
0.0000000000000000
0.0000000000000000
0.0000000000000000
0.0000000000000000
0.0000000000000000
0.0000000000000000
0.0000000000000000
0.0000000000000000
0.0000000000000000
0.0000000000000000
0.0000000000000000
0.0000000000000000
0.0000000000000000
0.0000000000000000
0.0000000000000000
0.0000000000000000
0.0000000000000000
0.0000000000000000
0.0000000000000000
0.0000000000000000
0.0000000000000000
0.0000000000000000
0.0000000000000000
0.0000000000000000
0.0000000000000000
0.0000000000000000
0.0000000000000000
0.0000000000000000
0.0000000000000000
0.0000000000000000
0.0000000000000000
0.0000000000000000
0.0000000000000000
0.0000000000000000
0.0000000000000000
0.0000000000000000
0.0000000000000000
0.0000000000000000
0.0000000000000000
0.0000000000000000
0.0000000000000000
0.0000000000000000
0.0000000000000000
0.0000000000000000
0.0000000000000000
0.0000000000000000
0.0000000000000000
0.0000000000000000
0.0000000000000000
0.0000000000000000
0.0000000000000000
0.0000000000000000
0.0000000000000000
0.0000000000000000
0.0000000000000000
0.0000000000000000
0.0000000000000000
0.0000000000000000
0.0000000000000000
0.0000000000000000
0.0000000000000000
0.0000000000000000
0.0000000000000000
0.0000000000000000
0.0000000000000000
0.0000000000000000
0.0000000000000000
0.0000000000000000
0.0000000000000000
0.0000000000000000
0.0000000000000000
0.0000000000000000
0.0000000000000000
0.0000000000000000
0.0000000000000000
0.0000000000000000
0.0000000000000000
0.0000000000000000
0.0000000000000000
0.0000000000000000
0.0000000000000000
0.0000000000000000
0.0000000000000000
0.0000000000000000
0.0000000000000000
0.0000000000000000
0.0000000000000000
0.0000000000000000
0.0000000000000000
0.0000000000000000
0.0000000000000000
0.0000000000000000
0.0000000000000000
0.0000000000000000
0.0000000000000000
0.0000000000000000
0.0000000000000000
0.0000000000000000
0.0000000000000000
0.0000000000000000
0.0000000000000000
0.0000000000000000
0.0000000000000000
0.0000000000000000
0.0000000000000000
0.0000000000000000
0.0000000000000000
0.0000000000000000
0.0000000000000000
0.0000000000000000
0.0000000000000000
0.0000000000000000
0.0000000000000000
0.0000000000000000
0.0000000000000000
0.0000000000000000
0.0000000000000000
0.0000000000000000
0.0000000000000000
0.0000000000000000
0.0000000000000000
0.0000000000000000
0.0000000000000000
0.0000000000000000
0.0000000000000000
0.0000000000000000
0.0000000000000000
0.0000000000000000
0.0000000000000000
0.0000000000000000
0.0000000000000000
0.0000000000000000
0.0000000000000000
0.0000000000000000
0.0000000000000000
0.0000000000000000
0.0000000000000000
0.0000000000000000
0.0000000000000000
0.0000000000000000
0.0000000000000000
0.0000000000000000
0.0000000000000000
0.0000000000000000
0.0000000000000000
0.0000000000000000
0.0000000000000000
0.0000000000000000
0.0000000000000000
0.0000000000000000
0.0000000000000000
0.0000000000000000
0.0000000000000000
0.0000000000000000
0.0000000000000000
0.0000000000000000
0.0000000000000000
0.0000000000000000
0.0000000000000000
0.0000000000000000
0.0000000000000000
0.0000000000000000
0.0000000000000000
0.0000000000000000
0.0000000000000000
0.0000000000000000
0.0000000000000000
0.0000000000000000
0.0000000000000000
0.0000000000000000
0.0000000000000000
0.0000000000000000
0.0000000000000000
0.0000000000000000
0.0000000000000000
0.0000000000000000
0.0000000000000000
0.0000000000000000
0.0000000000000000
0.0000000000000000
0.0000000000000000
0.0000000000000000
0.0000000000000000
0.0000000000000000
0.0000000000000000
0.0000000000000000
0.0000000000000000
0.0000000000000000
0.0000000000000000
0.0000000000000000
0.0000000000000000
0.0000000000000000
0.0000000000000000
0.0000000000000000
0.0000000000000000
0.0000000000000000
0.0000000000000000
0.0000000000000000
0.0000000000000000
0.0000000000000000
0.0000000000000000
0.0000000000000000
0.0000000000000000
0.0000000000000000
0.0000000000000000
0.0000000000000000
0.0000000000000000
0.0000000000000000
0.0000000000000000
0.0000000000000000
0.0000000000000000
0.0000000000000000
0.0000000000000000
0.0000000000000000
0.0000000000000000
0.0000000000000000
0.0000000000000000
0.0000000000000000
0.0000000000000000
0.0000000000000000
0.0000000000000000
0.0000000000000000
0.0000000000000000
0.0000000000000000
0.0000000000000000
0.0000000000000000
0.0000000000000000
0.0000000000000000
0.0000000000000000
0.0000000000000000
0.0000000000000000
0.0000000000000000
0.0000000000000000
0.0000000000000000
0.0000000000000000
0.0000000000000000
0.0000000000000000
0.0000000000000000
0.0000000000000000
0.0000000000000000
0.0000000000000000
0.0000000000000000
0.0000000000000000
0.0000000000000000
0.0000000000000000
0.0000000000000000
0.0000000000000000
0.0000000000000000
0.0000000000000000
0.0000000000000000
0.0000000000000000
0.0000000000000000
0.0000000000000000
0.0000000000000000
0.0000000000000000
0.0000000000000000
0.0000000000000000
0.0000000000000000
0.0000000000000000
0.0000000000000000
0.0000000000000000
0.0000000000000000
0.0000000000000000
0.0000000000000000
0.0000000000000000
0.0000000000000000
0.0000000000000000
0.0000000000000000
0.0000000000000000
0.0000000000000000
0.0000000000000000
0.0000000000000000
0.0000000000000000
0.0000000000000000
0.0000000000000000
0.0000000000000000
0.0000000000000000
0.0000000000000000
0.0000000000000000
0.0000000000000000
0.0000000000000000
0.0000000000000000
0.0000000000000000
0.0000000000000000
0.0000000000000000
0.0000000000000000
0.0000000000000000
0.0000000000000000
0.0000000000000000
0.0000000000000000
0.0000000000000000
0.0000000000000000
0.0000000000000000
0.0000000000000000
0.0000000000000000
0.0000000000000000
0.0000000000000000
0.0000000000000000
0.0000000000000000
0.0000000000000000
0.0000000000000000
0.0000000000000000
0.0000000000000000
0.0000000000000000
0.0000000000000000
0.0000000000000000
0.0000000000000000
0.0000000000000000
0.0000000000000000
0.0000000000000000
0.0000000000000000
0.0000000000000000
0.0000000000000000
0.0000000000000000
0.0000000000000000
0.0000000000000000
0.0000000000000000
0.0000000000000000
0.0000000000000000
0.0000000000000000
0.0000000000000000
0.0000000000000000
0.0000000000000000
0.0000000000000000
0.0000000000000000
0.0000000000000000
0.0000000000000000
0.0000000000000000
0.0000000000000000
0.0000000000000000
0.0000000000000000
0.0000000000000000
0.0000000000000000
0.0000000000000000
0.0000000000000000
0.0000000000000000
0.0000000000000000
0.0000000000000000
0.0000000000000000
0.0000000000000000
0.0000000000000000
0.0000000000000000
0.0000000000000000
0.0000000000000000
0.0000000000000000
0.0000000000000000
0.0000000000000000
0.0000000000000000
0.0000000000000000
0.0000000000000000
0.0000000000000000
0.0000000000000000
0.0000000000000000
0.0000000000000000
0.0000000000000000
0.0000000000000000
0.0000000000000000
0.0000000000000000
0.0000000000000000
0.0000000000000000
0.0000000000000000
0.0000000000000000
0.0000000000000000
0.0000000000000000
0.0000000000000000
0.0000000000000000
0.0000000000000000
0.0000000000000000
0.0000000000000000
0.0000000000000000
0.0000000000000000
0.0000000000000000
0.0000000000000000
0.0000000000000000
0.0000000000000000
0.0000000000000000
0.0000000000000000
0.0000000000000000
0.0000000000000000
0.0000000000000000
0.0000000000000000
0.0000000000000000
0.0000000000000000
0.0000000000000000
0.0000000000000000
0.0000000000000000
0.0000000000000000
0.0000000000000000
0.0000000000000000
0.0000000000000000
0.0000000000000000
0.0000000000000000
0.0000000000000000
0.0000000000000000
0.0000000000000000
0.0000000000000000
0.0000000000000000
0.0000000000000000
0.0000000000000000
0.0000000000000000
0.0000000000000000
0.0000000000000000
0.0000000000000000
0.0000000000000000
0.0000000000000000
0.0000000000000000
0.0000000000000000
0.0000000000000000
0.0000000000000000
0.0000000000000000
0.0000000000000000
0.0000000000000000
0.0000000000000000
0.0000000000000000
0.0000000000000000
0.0000000000000000
0.0000000000000000
0.0000000000000000
0.0000000000000000
0.0000000000000000
0.0000000000000000
0.0000000000000000
0.0000000000000000
0.0000000000000000
0.0000000000000000
0.0000000000000000
0.0000000000000000
0.0000000000000000
0.0000000000000000
0.0000000000000000
0.0000000000000000
0.0000000000000000
0.0000000000000000
0.0000000000000000
0.0000000000000000
0.0000000000000000
0.0000000000000000
0.0000000000000000
0.0000000000000000
0.0000000000000000
0.0000000000000000
0.0000000000000000
0.0000000000000000
0.0000000000000000
0.0000000000000000
0.0000000000000000
0.0000000000000000
0.0000000000000000
0.0000000000000000
0.0000000000000000
0.0000000000000000
0.0000000000000000
0.0000000000000000
0.0000000000000000
0.0000000000000000
0.0000000000000000
0.0000000000000000
0.0000000000000000
0.0000000000000000
0.0000000000000000
0.0000000000000000
0.0000000000000000
0.0000000000000000
0.0000000000000000
0.0000000000000000
0.0000000000000000
0.0000000000000000
0.0000000000000000
0.0000000000000000
0.0000000000000000
0.0000000000000000
0.0000000000000000
0.0000000000000000
0.0000000000000000
0.0000000000000000
0.0000000000000000
0.0000000000000000
0.0000000000000000
0.0000000000000000
0.0000000000000000
0.0000000000000000
0.0000000000000000
0.0000000000000000
0.0000000000000000
0.0000000000000000
0.0000000000000000
0.0000000000000000
0.0000000000000000
0.0000000000000000
0.0000000000000000
0.0000000000000000
0.0000000000000000
0.0000000000000000
0.0000000000000000
0.0000000000000000
0.0000000000000000
0.0000000000000000
0.0000000000000000
0.0000000000000000
0.0000000000000000
0.0000000000000000
0.0000000000000000
0.0000000000000000
0.0000000000000000
0.0000000000000000
0.0000000000000000
0.0000000000000000
0.0000000000000000
0.0000000000000000
0.0000000000000000
0.0000000000000000
0.0000000000000000
0.0000000000000000
0.0000000000000000
0.0000000000000000
0.0000000000000000
0.0000000000000000
0.0000000000000000
0.0000000000000000
0.0000000000000000
0.0000000000000000
0.0000000000000000
0.0000000000000000
0.0000000000000000
0.0000000000000000
0.0000000000000000
0.0000000000000000
0.0000000000000000
0.0000000000000000
0.0000000000000000
0.0000000000000000
0.0000000000000000
0.0000000000000000
0.0000000000000000
0.0000000000000000
0.0000000000000000
0.0000000000000000
0.0000000000000000
0.0000000000000000
0.0000000000000000
0.0000000000000000
0.0000000000000000
0.0000000000000000
0.0000000000000000
0.0000000000000000
0.0000000000000000
0.0000000000000000
0.0000000000000000
0.0000000000000000
0.0000000000000000
0.0000000000000000
0.0000000000000000
0.0000000000000000
0.0000000000000000
0.0000000000000000
0.0000000000000000
0.0000000000000000
0.0000000000000000
0.0000000000000000
0.0000000000000000
0.0000000000000000
0.0000000000000000
0.0000000000000000
0.0000000000000000
0.0000000000000000
0.0000000000000000
0.0000000000000000
0.0000000000000000
0.0000000000000000
0.0000000000000000
0.0000000000000000
0.0000000000000000
0.0000000000000000
0.0000000000000000
0.0000000000000000
0.0000000000000000
0.0000000000000000
0.0000000000000000
0.0000000000000000
0.0000000000000000
0.0000000000000000
0.0000000000000000
0.0000000000000000
0.0000000000000000
0.0000000000000000
0.0000000000000000
0.0000000000000000
0.0000000000000000
0.0000000000000000
0.0000000000000000
0.0000000000000000
0.0000000000000000
0.0000000000000000
0.0000000000000000
0.0000000000000000
0.0000000000000000
0.0000000000000000
0.0000000000000000
0.0000000000000000
0.0000000000000000
0.0000000000000000
0.0000000000000000
0.0000000000000000
0.0000000000000000
0.0000000000000000
0.0000000000000000
0.0000000000000000
0.0000000000000000
0.0000000000000000
0.0000000000000000
0.0000000000000000
0.0000000000000000
0.0000000000000000
0.0000000000000000
0.0000000000000000
0.0000000000000000
0.0000000000000000
0.0000000000000000
0.0000000000000000
0.0000000000000000
0.0000000000000000
0.0000000000000000
0.0000000000000000
0.0000000000000000
0.0000000000000000
0.0000000000000000
0.0000000000000000
0.0000000000000000
0.0000000000000000
0.0000000000000000
0.0000000000000000
0.0000000000000000
0.0000000000000000
0.0000000000000000
0.0000000000000000
0.0000000000000000
0.0000000000000000
0.0000000000000000
0.0000000000000000
0.0000000000000000
0.0000000000000000
0.0000000000000000
0.0000000000000000
0.0000000000000000
0.0000000000000000
0.0000000000000000
0.0000000000000000
0.0000000000000000
0.0000000000000000
0.0000000000000000
0.0000000000000000
0.0000000000000000
0.0000000000000000
0.0000000000000000
0.0000000000000000
0.0000000000000000
0.0000000000000000
0.0000000000000000
0.0000000000000000
0.0000000000000000
0.0000000000000000
0.0000000000000000
0.0000000000000000
0.0000000000000000
0.0000000000000000
0.0000000000000000
0.0000000000000000
0.0000000000000000
0.0000000000000000
0.0000000000000000
0.0000000000000000
0.0000000000000000
0.0000000000000000
0.0000000000000000
0.0000000000000000
0.0000000000000000
0.0000000000000000
0.0000000000000000
0.0000000000000000
0.0000000000000000
0.0000000000000000
0.0000000000000000
0.0000000000000000
0.0000000000000000
0.0000000000000000
0.0000000000000000
0.0000000000000000
0.0000000000000000
0.0000000000000000
0.0000000000000000
0.0000000000000000
0.0000000000000000
0.0000000000000000
0.0000000000000000
0.0000000000000000
0.0000000000000000
0.0000000000000000
0.0000000000000000
0.0000000000000000
0.0000000000000000
0.0000000000000000
0.0000000000000000
0.0000000000000000
0.0000000000000000
0.0000000000000000
0.0000000000000000
0.0000000000000000
0.0000000000000000
0.0000000000000000
0.0000000000000000
0.0000000000000000
0.0000000000000000
0.0000000000000000
0.0000000000000000
0.0000000000000000
0.0000000000000000
0.0000000000000000
0.0000000000000000
0.0000000000000000
0.0000000000000000
0.0000000000000000
0.0000000000000000
0.0000000000000000
0.0000000000000000
0.0000000000000000
0.0000000000000000
0.0000000000000000
0.0000000000000000
0.0000000000000000
0.0000000000000000
0.0000000000000000
0.0000000000000000
0.0000000000000000
0.0000000000000000
0.0000000000000000
0.0000000000000000
0.0000000000000000
0.0000000000000000
0.0000000000000000
0.0000000000000000
0.0000000000000000
0.0000000000000000
0.0000000000000000
0.0000000000000000
0.0000000000000000
0.0000000000000000
0.0000000000000000
0.0000000000000000
0.0000000000000000
0.0000000000000000
0.0000000000000000
0.0000000000000000
0.0000000000000000
0.0000000000000000
0.0000000000000000
0.0000000000000000
0.0000000000000000
0.0000000000000000
0.0000000000000000
0.0000000000000000
0.0000000000000000
0.0000000000000000
0.0000000000000000
0.0000000000000000
0.0000000000000000
0.0000000000000000
0.0000000000000000
0.0000000000000000
0.0000000000000000
0.0000000000000000
0.0000000000000000
0.0000000000000000
0.0000000000000000
0.0000000000000000
0.0000000000000000
0.0000000000000000
0.0000000000000000
0.0000000000000000
0.0000000000000000
0.0000000000000000
0.0000000000000000
0.0000000000000000
0.0000000000000000
0.0000000000000000
0.0000000000000000
0.0000000000000000
0.0000000000000000
0.0000000000000000
0.0000000000000000
0.0000000000000000
0.0000000000000000
0.0000000000000000
0.0000000000000000
0.0000000000000000
0.0000000000000000
0.0000000000000000
0.0000000000000000
0.0000000000000000
0.0000000000000000
0.0000000000000000
0.0000000000000000
0.0000000000000000
0.0000000000000000
0.0000000000000000
0.0000000000000000
0.0000000000000000
0.0000000000000000
0.0000000000000000
0.0000000000000000
0.0000000000000000
0.0000000000000000
0.0000000000000000
0.0000000000000000
0.0000000000000000
0.0000000000000000
0.0000000000000000
0.0000000000000000
0.0000000000000000
0.0000000000000000
0.0000000000000000
0.0000000000000000
0.0000000000000000
0.0000000000000000
0.0000000000000000
0.0000000000000000
0.0000000000000000
0.0000000000000000
0.0000000000000000
0.0000000000000000
0.0000000000000000
0.0000000000000000
0.0000000000000000
0.0000000000000000
0.0000000000000000
0.0000000000000000
0.0000000000000000
0.0000000000000000
0.0000000000000000
0.0000000000000000
0.0000000000000000
0.0000000000000000
0.0000000000000000
0.0000000000000000
0.0000000000000000
0.0000000000000000
0.0000000000000000
0.0000000000000000
0.0000000000000000
0.0000000000000000
0.0000000000000000
0.0000000000000000
0.0000000000000000
0.0000000000000000
0.0000000000000000
0.0000000000000000
0.0000000000000000
0.0000000000000000
0.0000000000000000
0.0000000000000000
0.0000000000000000
0.0000000000000000
0.0000000000000000
0.0000000000000000
0.0000000000000000
0.0000000000000000
0.0000000000000000
0.0000000000000000
0.0000000000000000
0.0000000000000000
0.0000000000000000
0.0000000000000000
0.0000000000000000
0.0000000000000000
0.0000000000000000
0.0000000000000000
0.0000000000000000
0.0000000000000000
0.0000000000000000
0.0000000000000000
0.0000000000000000
0.0000000000000000
0.0000000000000000
0.0000000000000000
0.0000000000000000
0.0000000000000000
0.0000000000000000
0.0000000000000000
0.0000000000000000
0.0000000000000000
0.0000000000000000
0.0000000000000000
0.0000000000000000
0.0000000000000000
0.0000000000000000
0.0000000000000000
0.0000000000000000
0.0000000000000000
0.0000000000000000
0.0000000000000000
0.0000000000000000
0.0000000000000000
0.0000000000000000
0.0000000000000000
0.0000000000000000
0.0000000000000000
0.0000000000000000
0.0000000000000000
0.0000000000000000
0.0000000000000000
0.0000000000000000
0.0000000000000000
0.0000000000000000
0.0000000000000000
0.0000000000000000
0.0000000000000000
0.0000000000000000
0.0000000000000000
0.0000000000000000
0.0000000000000000
0.0000000000000000
0.0000000000000000
0.0000000000000000
0.0000000000000000
0.0000000000000000
0.0000000000000000
0.0000000000000000
0.0000000000000000
0.0000000000000000
0.0000000000000000
0.0000000000000000
0.0000000000000000
0.0000000000000000
0.0000000000000000
0.0000000000000000
0.0000000000000000
0.0000000000000000
0.0000000000000000
0.0000000000000000
0.0000000000000000
0.0000000000000000
0.0000000000000000
0.0000000000000000
0.0000000000000000
0.0000000000000000
0.0000000000000000
0.0000000000000000
0.0000000000000000
0.0000000000000000
0.0000000000000000
0.0000000000000000
0.0000000000000000
0.0000000000000000
0.0000000000000000
0.0000000000000000
0.0000000000000000
0.0000000000000000
0.0000000000000000
0.0000000000000000
0.0000000000000000
0.0000000000000000
0.0000000000000000
0.0000000000000000
0.0000000000000000
0.0000000000000000
0.0000000000000000
0.0000000000000000
0.0000000000000000
0.0000000000000000
0.0000000000000000
0.0000000000000000
0.0000000000000000
0.0000000000000000
0.0000000000000000
0.0000000000000000
0.0000000000000000
0.0000000000000000
0.0000000000000000
0.0000000000000000
0.0000000000000000
0.0000000000000000
0.0000000000000000
0.0000000000000000
0.0000000000000000
0.0000000000000000
0.0000000000000000
0.0000000000000000
0.0000000000000000
0.0000000000000000
0.0000000000000000
0.0000000000000000
0.0000000000000000
0.0000000000000000
0.0000000000000000
0.0000000000000000
0.0000000000000000
0.0000000000000000
0.0000000000000000
0.0000000000000000
0.0000000000000000
0.0000000000000000
0.0000000000000000
0.0000000000000000
0.0000000000000000
0.0000000000000000
0.0000000000000000
0.0000000000000000
0.0000000000000000
0.0000000000000000
0.0000000000000000
0.0000000000000000
0.0000000000000000
0.0000000000000000
0.0000000000000000
0.0000000000000000
0.0000000000000000
0.0000000000000000
0.0000000000000000
0.0000000000000000
0.0000000000000000
0.0000000000000000
0.0000000000000000
0.0000000000000000
0.0000000000000000
0.0000000000000000
0.0000000000000000
0.0000000000000000
0.0000000000000000
0.0000000000000000
0.0000000000000000
0.0000000000000000
0.0000000000000000
0.0000000000000000
0.0000000000000000
0.0000000000000000
0.0000000000000000
0.0000000000000000
0.0000000000000000
0.0000000000000000
0.0000000000000000
0.0000000000000000
0.0000000000000000
0.0000000000000000
0.0000000000000000
0.0000000000000000
0.0000000000000000
0.0000000000000000
0.0000000000000000
0.0000000000000000
0.0000000000000000
0.0000000000000000
0.0000000000000000
0.0000000000000000
0.0000000000000000
0.0000000000000000
0.0000000000000000
0.0000000000000000
0.0000000000000000
0.0000000000000000
0.0000000000000000
0.0000000000000000
0.0000000000000000
0.0000000000000000
0.0000000000000000
0.0000000000000000
0.0000000000000000
0.0000000000000000
0.0000000000000000
0.0000000000000000
0.0000000000000000
0.0000000000000000
0.0000000000000000
0.0000000000000000
0.0000000000000000
0.0000000000000000
0.0000000000000000
0.0000000000000000
0.0000000000000000
0.0000000000000000
0.0000000000000000
0.0000000000000000
0.0000000000000000
0.0000000000000000
0.0000000000000000
0.0000000000000000
0.0000000000000000
0.0000000000000000
0.0000000000000000
0.0000000000000000
0.0000000000000000
0.0000000000000000
0.0000000000000000
0.0000000000000000
0.0000000000000000
0.0000000000000000
0.0000000000000000
0.0000000000000000
0.0000000000000000
0.0000000000000000
0.0000000000000000
0.0000000000000000
0.0000000000000000
0.0000000000000000
0.0000000000000000
0.0000000000000000
0.0000000000000000
0.0000000000000000
0.0000000000000000
0.0000000000000000
0.0000000000000000
0.0000000000000000
0.0000000000000000
0.0000000000000000
0.0000000000000000
0.0000000000000000
0.0000000000000000
0.0000000000000000
0.0000000000000000
0.0000000000000000
0.0000000000000000
0.0000000000000000
0.0000000000000000
0.0000000000000000
0.0000000000000000
0.0000000000000000
0.0000000000000000
0.0000000000000000
0.0000000000000000
0.0000000000000000
0.0000000000000000
0.0000000000000000
0.0000000000000000
0.0000000000000000
0.0000000000000000
0.0000000000000000
0.0000000000000000
0.0000000000000000
0.0000000000000000
0.0000000000000000
0.0000000000000000
0.0000000000000000
0.0000000000000000
0.0000000000000000
0.0000000000000000
0.0000000000000000
0.0000000000000000
0.0000000000000000
0.0000000000000000
0.0000000000000000
0.0000000000000000
0.0000000000000000
0.0000000000000000
0.0000000000000000
0.0000000000000000
0.0000000000000000
0.0000000000000000
0.0000000000000000
0.0000000000000000
0.0000000000000000
0.0000000000000000
0.0000000000000000
0.0000000000000000
0.0000000000000000
0.0000000000000000
0.0000000000000000
0.0000000000000000
0.0000000000000000
0.0000000000000000
0.0000000000000000
0.0000000000000000
0.0000000000000000
0.0000000000000000
0.0000000000000000
0.0000000000000000
0.0000000000000000
0.0000000000000000
0.0000000000000000
0.0000000000000000
0.0000000000000000
0.0000000000000000
0.0000000000000000
0.0000000000000000
0.0000000000000000
0.0000000000000000
0.0000000000000000
0.0000000000000000
0.0000000000000000
0.0000000000000000
0.0000000000000000
0.0000000000000000
0.0000000000000000
0.0000000000000000
0.0000000000000000
0.0000000000000000
0.0000000000000000
0.0000000000000000
0.0000000000000000
0.0000000000000000
0.0000000000000000
0.0000000000000000
0.0000000000000000
0.0000000000000000
0.0000000000000000
0.0000000000000000
0.0000000000000000
0.0000000000000000
0.0000000000000000
0.0000000000000000
0.0000000000000000
0.0000000000000000
0.0000000000000000
0.0000000000000000
0.0000000000000000
0.0000000000000000
0.0000000000000000
0.0000000000000000
0.0000000000000000
0.0000000000000000
0.0000000000000000
0.0000000000000000
0.0000000000000000
0.0000000000000000
0.0000000000000000
0.0000000000000000
0.0000000000000000
0.0000000000000000
0.0000000000000000
0.0000000000000000
0.0000000000000000
0.0000000000000000
0.0000000000000000
0.0000000000000000
0.0000000000000000
0.0000000000000000
0.0000000000000000
0.0000000000000000
0.0000000000000000
0.0000000000000000
0.0000000000000000
0.0000000000000000
0.0000000000000000
0.0000000000000000
0.0000000000000000
0.0000000000000000
0.0000000000000000
0.0000000000000000
0.0000000000000000
0.0000000000000000
0.0000000000000000
0.0000000000000000
0.0000000000000000
0.0000000000000000
0.0000000000000000
0.0000000000000000
0.0000000000000000
0.0000000000000000
0.0000000000000000
0.0000000000000000
0.0000000000000000
0.0000000000000000
0.0000000000000000
0.0000000000000000
0.0000000000000000
0.0000000000000000
0.0000000000000000
0.0000000000000000
0.0000000000000000
0.0000000000000000
0.0000000000000000
0.0000000000000000
0.0000000000000000
0.0000000000000000
0.0000000000000000
0.0000000000000000
0.0000000000000000
0.0000000000000000
0.0000000000000000
0.0000000000000000
0.0000000000000000
0.0000000000000000
0.0000000000000000
0.0000000000000000
0.0000000000000000
0.0000000000000000
0.0000000000000000
0.0000000000000000
0.0000000000000000
0.0000000000000000
0.0000000000000000
0.0000000000000000
0.0000000000000000
0.0000000000000000
0.0000000000000000
0.0000000000000000
0.0000000000000000
0.0000000000000000
0.0000000000000000
0.0000000000000000
0.0000000000000000
0.0000000000000000
0.0000000000000000
0.0000000000000000
0.0000000000000000
0.0000000000000000
0.0000000000000000
0.0000000000000000
0.0000000000000000
0.0000000000000000
0.0000000000000000
0.0000000000000000
0.0000000000000000
0.0000000000000000
0.0000000000000000
0.0000000000000000
0.0000000000000000
0.0000000000000000
0.0000000000000000
0.0000000000000000
0.0000000000000000
0.0000000000000000
0.0000000000000000
0.0000000000000000
0.0000000000000000
0.0000000000000000
0.0000000000000000
0.0000000000000000
0.0000000000000000
0.0000000000000000
0.0000000000000000
0.0000000000000000
0.0000000000000000
0.0000000000000000
0.0000000000000000
0.0000000000000000
0.0000000000000000
0.0000000000000000
0.0000000000000000
0.0000000000000000
0.0000000000000000
0.0000000000000000
0.0000000000000000
0.0000000000000000
0.0000000000000000
0.0000000000000000
0.0000000000000000
0.0000000000000000
0.0000000000000000
0.0000000000000000
0.0000000000000000
0.0000000000000000
0.0000000000000000
0.0000000000000000
0.0000000000000000
0.0000000000000000
0.0000000000000000
0.0000000000000000
0.0000000000000000
0.0000000000000000
0.0000000000000000
0.0000000000000000
0.0000000000000000
0.0000000000000000
0.0000000000000000
0.0000000000000000
0.0000000000000000
0.0000000000000000
0.0000000000000000
0.0000000000000000
0.0000000000000000
0.0000000000000000
0.0000000000000000
0.0000000000000000
0.0000000000000000
0.0000000000000000
0.0000000000000000
0.0000000000000000
0.0000000000000000
0.0000000000000000
0.0000000000000000
0.0000000000000000
0.0000000000000000
0.0000000000000000
0.0000000000000000
0.0000000000000000
0.0000000000000000
0.0000000000000000
0.0000000000000000
0.0000000000000000
0.0000000000000000
0.0000000000000000
0.0000000000000000
0.0000000000000000
0.0000000000000000
0.0000000000000000
0.0000000000000000
0.0000000000000000
0.0000000000000000
0.0000000000000000
0.0000000000000000
0.0000000000000000
0.0000000000000000
0.0000000000000000
0.0000000000000000
0.0000000000000000
0.0000000000000000
0.0000000000000000
0.0000000000000000
0.0000000000000000
0.0000000000000000
0.0000000000000000
0.0000000000000000
0.0000000000000000
0.0000000000000000
0.0000000000000000
0.0000000000000000
0.0000000000000000
0.0000000000000000
0.0000000000000000
0.0000000000000000
0.0000000000000000
0.0000000000000000
0.0000000000000000
0.0000000000000000
0.0000000000000000
0.0000000000000000
0.0000000000000000
0.0000000000000000
0.0000000000000000
0.0000000000000000
0.0000000000000000
0.0000000000000000
0.0000000000000000
0.0000000000000000
0.0000000000000000
0.0000000000000000
0.0000000000000000
0.0000000000000000
0.0000000000000000
0.0000000000000000
0.0000000000000000
0.0000000000000000
0.0000000000000000
0.0000000000000000
0.0000000000000000
0.0000000000000000
0.0000000000000000
0.0000000000000000
0.0000000000000000
0.0000000000000000
0.0000000000000000
0.0000000000000000
0.0000000000000000
0.0000000000000000
0.0000000000000000
0.0000000000000000
0.0000000000000000
0.0000000000000000
0.0000000000000000
0.0000000000000000
0.0000000000000000
0.0000000000000000
0.0000000000000000
0.0000000000000000
0.0000000000000000
0.0000000000000000
0.0000000000000000
0.0000000000000000
0.0000000000000000
0.0000000000000000
0.0000000000000000
0.0000000000000000
0.0000000000000000
0.0000000000000000
0.0000000000000000
0.0000000000000000
0.0000000000000000
0.0000000000000000
0.0000000000000000
0.0000000000000000
0.0000000000000000
0.0000000000000000
0.0000000000000000
0.0000000000000000
0.0000000000000000
0.0000000000000000
0.0000000000000000
0.0000000000000000
0.0000000000000000
0.0000000000000000
0.0000000000000000
0.0000000000000000
0.0000000000000000
0.0000000000000000
0.0000000000000000
0.0000000000000000
0.0000000000000000
0.0000000000000000
0.0000000000000000
0.0000000000000000
0.0000000000000000
0.0000000000000000
0.0000000000000000
0.0000000000000000
0.0000000000000000
0.0000000000000000
0.0000000000000000
0.0000000000000000
0.0000000000000000
0.0000000000000000
0.0000000000000000
0.0000000000000000
0.0000000000000000
0.0000000000000000
0.0000000000000000
0.0000000000000000
0.0000000000000000
0.0000000000000000
0.0000000000000000
0.0000000000000000
0.0000000000000000
0.0000000000000000
0.0000000000000000
0.0000000000000000
0.0000000000000000
0.0000000000000000
0.0000000000000000
0.0000000000000000
0.0000000000000000
0.0000000000000000
0.0000000000000000
0.0000000000000000
0.0000000000000000
0.0000000000000000
0.0000000000000000
0.0000000000000000
0.0000000000000000
0.0000000000000000
0.0000000000000000
0.0000000000000000
0.0000000000000000
0.0000000000000000
0.0000000000000000
0.0000000000000000
0.0000000000000000
0.0000000000000000
0.0000000000000000
0.0000000000000000
0.0000000000000000
0.0000000000000000
0.0000000000000000
0.0000000000000000
0.0000000000000000
0.0000000000000000
0.0000000000000000
0.0000000000000000
0.0000000000000000
0.0000000000000000
0.0000000000000000
0.0000000000000000
0.0000000000000000
0.0000000000000000
0.0000000000000000
0.0000000000000000
0.0000000000000000
0.0000000000000000
0.0000000000000000
0.0000000000000000
0.0000000000000000
0.0000000000000000
0.0000000000000000
0.0000000000000000
0.0000000000000000
0.0000000000000000
0.0000000000000000
0.0000000000000000
0.0000000000000000
0.0000000000000000
0.0000000000000000
0.0000000000000000
0.0000000000000000
0.0000000000000000
0.0000000000000000
0.0000000000000000
0.0000000000000000
0.0000000000000000
0.0000000000000000
0.0000000000000000
0.0000000000000000
0.0000000000000000
0.0000000000000000
0.0000000000000000
0.0000000000000000
0.0000000000000000
0.0000000000000000
0.0000000000000000
0.0000000000000000
0.0000000000000000
0.0000000000000000
0.0000000000000000
0.0000000000000000
0.0000000000000000
0.0000000000000000
0.0000000000000000
0.0000000000000000
0.0000000000000000
0.0000000000000000
0.0000000000000000
0.0000000000000000
0.0000000000000000
0.0000000000000000
0.0000000000000000
0.0000000000000000
0.0000000000000000
0.0000000000000000
0.0000000000000000
0.0000000000000000
0.0000000000000000
0.0000000000000000
0.0000000000000000
0.0000000000000000
0.0000000000000000
0.0000000000000000
0.0000000000000000
0.0000000000000000
0.0000000000000000
0.0000000000000000
0.0000000000000000
0.0000000000000000
0.0000000000000000
0.0000000000000000
0.0000000000000000
0.0000000000000000
0.0000000000000000
0.0000000000000000
0.0000000000000000
0.0000000000000000
0.0000000000000000
0.0000000000000000
0.0000000000000000
0.0000000000000000
0.0000000000000000
0.0000000000000000
0.0000000000000000
0.0000000000000000
0.0000000000000000
0.0000000000000000
0.0000000000000000
0.0000000000000000
0.0000000000000000
0.0000000000000000
0.0000000000000000
0.0000000000000000
0.0000000000000000
0.0000000000000000
0.0000000000000000
0.0000000000000000
0.0000000000000000
0.0000000000000000
0.0000000000000000
0.0000000000000000
0.0000000000000000
0.0000000000000000
0.0000000000000000
0.0000000000000000
0.0000000000000000
0.0000000000000000
0.0000000000000000
0.0000000000000000
0.0000000000000000
0.0000000000000000
0.0000000000000000
0.0000000000000000
0.0000000000000000
0.0000000000000000
0.0000000000000000
0.0000000000000000
0.0000000000000000
0.0000000000000000
0.0000000000000000
0.0000000000000000
0.0000000000000000
0.0000000000000000
0.0000000000000000
0.0000000000000000
0.0000000000000000
0.0000000000000000
0.0000000000000000
0.0000000000000000
0.0000000000000000
0.0000000000000000
0.0000000000000000
0.0000000000000000
0.0000000000000000
0.0000000000000000
0.0000000000000000
0.0000000000000000
0.0000000000000000
0.0000000000000000
0.0000000000000000
0.0000000000000000
0.0000000000000000
0.0000000000000000
0.0000000000000000
0.0000000000000000
0.0000000000000000
0.0000000000000000
0.0000000000000000
0.0000000000000000
0.0000000000000000
0.0000000000000000
0.0000000000000000
0.0000000000000000
0.0000000000000000
0.0000000000000000
0.0000000000000000
0.0000000000000000
0.0000000000000000
0.0000000000000000
0.0000000000000000
0.0000000000000000
0.0000000000000000
0.0000000000000000
0.0000000000000000
0.0000000000000000
0.0000000000000000
0.0000000000000000
0.0000000000000000
0.0000000000000000
0.0000000000000000
0.0000000000000000
0.0000000000000000
0.0000000000000000
0.0000000000000000
0.0000000000000000
0.0000000000000000
0.0000000000000000
0.0000000000000000
0.0000000000000000
0.0000000000000000
0.0000000000000000
0.0000000000000000
0.0000000000000000
0.0000000000000000
0.0000000000000000
0.0000000000000000
0.0000000000000000
0.0000000000000000
0.0000000000000000
0.0000000000000000
0.0000000000000000
0.0000000000000000
0.0000000000000000
0.0000000000000000
0.0000000000000000
0.0000000000000000
0.0000000000000000
0.0000000000000000
0.0000000000000000
0.0000000000000000
0.0000000000000000
0.0000000000000000
0.0000000000000000
0.0000000000000000
0.0000000000000000
0.0000000000000000
0.0000000000000000
0.0000000000000000
0.0000000000000000
0.0000000000000000
0.0000000000000000
0.0000000000000000
0.0000000000000000
0.0000000000000000
0.0000000000000000
0.0000000000000000
0.0000000000000000
0.0000000000000000
0.0000000000000000
0.0000000000000000
0.0000000000000000
0.0000000000000000
0.0000000000000000
0.0000000000000000
0.0000000000000000
0.0000000000000000
0.0000000000000000
0.0000000000000000
0.0000000000000000
0.0000000000000000
0.0000000000000000
0.0000000000000000
0.0000000000000000
0.0000000000000000
0.0000000000000000
0.0000000000000000
0.0000000000000000
0.0000000000000000
0.0000000000000000
0.0000000000000000
0.0000000000000000
0.0000000000000000
0.0000000000000000
0.0000000000000000
0.0000000000000000
0.0000000000000000
0.0000000000000000
0.0000000000000000
0.0000000000000000
0.0000000000000000
0.0000000000000000
0.0000000000000000
0.0000000000000000
0.0000000000000000
0.0000000000000000
0.0000000000000000
0.0000000000000000
0.0000000000000000
0.0000000000000000
0.0000000000000000
0.0000000000000000
0.0000000000000000
0.0000000000000000
0.0000000000000000
0.0000000000000000
0.0000000000000000
0.0000000000000000
0.0000000000000000
0.0000000000000000
0.0000000000000000
0.0000000000000000
0.0000000000000000
0.0000000000000000
0.0000000000000000
0.0000000000000000
0.0000000000000000
0.0000000000000000
0.0000000000000000
0.0000000000000000
0.0000000000000000
0.0000000000000000
0.0000000000000000
0.0000000000000000
0.0000000000000000
0.0000000000000000
0.0000000000000000
0.0000000000000000
0.0000000000000000
0.0000000000000000
0.0000000000000000
0.0000000000000000
0.0000000000000000
0.0000000000000000
0.0000000000000000
0.0000000000000000
0.0000000000000000
0.0000000000000000
0.0000000000000000
0.0000000000000000
0.0000000000000000
0.0000000000000000
0.0000000000000000
0.0000000000000000
0.0000000000000000
0.0000000000000000
0.0000000000000000
0.0000000000000000
0.0000000000000000
0.0000000000000000
0.0000000000000000
0.0000000000000000
0.0000000000000000
0.0000000000000000
0.0000000000000000
0.0000000000000000
0.0000000000000000
0.0000000000000000
0.0000000000000000
0.0000000000000000
0.0000000000000000
0.0000000000000000
0.0000000000000000
0.0000000000000000
0.0000000000000000
0.0000000000000000
0.0000000000000000
0.0000000000000000
0.0000000000000000
0.0000000000000000
0.0000000000000000
0.0000000000000000
0.0000000000000000
0.0000000000000000
0.0000000000000000
0.0000000000000000
0.0000000000000000
0.0000000000000000
0.0000000000000000
0.0000000000000000
0.0000000000000000
0.0000000000000000
0.0000000000000000
0.0000000000000000
0.0000000000000000
0.0000000000000000
0.0000000000000000
0.0000000000000000
0.0000000000000000
0.0000000000000000
0.0000000000000000
0.0000000000000000
0.0000000000000000
0.0000000000000000
0.0000000000000000
0.0000000000000000
0.0000000000000000
0.0000000000000000
0.0000000000000000
0.0000000000000000
0.0000000000000000
0.0000000000000000
0.0000000000000000
0.0000000000000000
0.0000000000000000
0.0000000000000000
0.0000000000000000
0.0000000000000000
0.0000000000000000
0.0000000000000000
0.0000000000000000
0.0000000000000000
0.0000000000000000
0.0000000000000000
0.0000000000000000
0.0000000000000000
0.0000000000000000
0.0000000000000000
0.0000000000000000
0.0000000000000000
0.0000000000000000
0.0000000000000000
0.0000000000000000
0.0000000000000000
0.0000000000000000
0.0000000000000000
0.0000000000000000
0.0000000000000000
0.0000000000000000
0.0000000000000000
0.0000000000000000
0.0000000000000000
0.0000000000000000
0.0000000000000000
0.0000000000000000
0.0000000000000000
0.0000000000000000
0.0000000000000000
0.0000000000000000
0.0000000000000000
0.0000000000000000
0.0000000000000000
0.0000000000000000
0.0000000000000000
0.0000000000000000
0.0000000000000000
0.0000000000000000
0.0000000000000000
0.0000000000000000
0.0000000000000000
0.0000000000000000
0.0000000000000000
0.0000000000000000
0.0000000000000000
0.0000000000000000
0.0000000000000000
0.0000000000000000
0.0000000000000000
0.0000000000000000
0.0000000000000000
0.0000000000000000
0.0000000000000000
0.0000000000000000
0.0000000000000000
0.0000000000000000
0.0000000000000000
0.0000000000000000
0.0000000000000000
0.0000000000000000
0.0000000000000000
0.0000000000000000
0.0000000000000000
0.0000000000000000
0.0000000000000000
0.0000000000000000
0.0000000000000000
0.0000000000000000
0.0000000000000000
0.0000000000000000
0.0000000000000000
0.0000000000000000
0.0000000000000000
0.0000000000000000
0.0000000000000000
0.0000000000000000
0.0000000000000000
0.0000000000000000
0.0000000000000000
0.0000000000000000
0.0000000000000000
0.0000000000000000
0.0000000000000000
0.0000000000000000
0.0000000000000000
0.0000000000000000
0.0000000000000000
0.0000000000000000
0.0000000000000000
0.0000000000000000
0.0000000000000000
0.0000000000000000
0.0000000000000000
0.0000000000000000
0.0000000000000000
0.0000000000000000
0.0000000000000000
0.0000000000000000
0.0000000000000000
0.0000000000000000
0.0000000000000000
0.0000000000000000
0.0000000000000000
0.0000000000000000
0.0000000000000000
0.0000000000000000
0.0000000000000000
0.0000000000000000
0.0000000000000000
0.0000000000000000
0.0000000000000000
0.0000000000000000
0.0000000000000000
0.0000000000000000
0.0000000000000000
0.0000000000000000
0.0000000000000000
0.0000000000000000
0.0000000000000000
0.0000000000000000
0.0000000000000000
0.0000000000000000
0.0000000000000000
0.0000000000000000
0.0000000000000000
0.0000000000000000
0.0000000000000000
0.0000000000000000
0.0000000000000000
0.0000000000000000
0.0000000000000000
0.0000000000000000
0.0000000000000000
0.0000000000000000
0.0000000000000000
0.0000000000000000
0.0000000000000000
0.0000000000000000
0.0000000000000000
0.0000000000000000
0.0000000000000000
0.0000000000000000
0.0000000000000000
0.0000000000000000
0.0000000000000000
0.0000000000000000
0.0000000000000000
0.0000000000000000
0.0000000000000000
0.0000000000000000
0.0000000000000000
0.0000000000000000
0.0000000000000000
0.0000000000000000
0.0000000000000000
0.0000000000000000
0.0000000000000000
0.0000000000000000
0.0000000000000000
0.0000000000000000
0.0000000000000000
0.0000000000000000
0.0000000000000000
0.0000000000000000
0.0000000000000000
0.0000000000000000
0.0000000000000000
0.0000000000000000
0.0000000000000000
0.0000000000000000
0.0000000000000000
0.0000000000000000
0.0000000000000000
0.0000000000000000
0.0000000000000000
0.0000000000000000
0.0000000000000000
0.0000000000000000
0.0000000000000000
0.0000000000000000
0.0000000000000000
0.0000000000000000
0.0000000000000000
0.0000000000000000
0.0000000000000000
0.0000000000000000
0.0000000000000000
0.0000000000000000
0.0000000000000000
0.0000000000000000
0.0000000000000000
0.0000000000000000
0.0000000000000000
0.0000000000000000
0.0000000000000000
0.0000000000000000
0.0000000000000000
0.0000000000000000
0.0000000000000000
0.0000000000000000
0.0000000000000000
0.0000000000000000
0.0000000000000000
0.0000000000000000
0.0000000000000000
0.0000000000000000
0.0000000000000000
0.0000000000000000
0.0000000000000000
0.0000000000000000
0.0000000000000000
0.0000000000000000
0.0000000000000000
0.0000000000000000
0.0000000000000000
0.0000000000000000
0.0000000000000000
0.0000000000000000
0.0000000000000000
0.0000000000000000
0.0000000000000000
0.0000000000000000
0.0000000000000000
0.0000000000000000
0.0000000000000000
0.0000000000000000
0.0000000000000000
0.0000000000000000
0.0000000000000000
0.0000000000000000
0.0000000000000000
0.0000000000000000
0.0000000000000000
0.0000000000000000
0.0000000000000000
0.0000000000000000
0.0000000000000000
0.0000000000000000
0.0000000000000000
0.0000000000000000
0.0000000000000000
0.0000000000000000
0.0000000000000000
0.0000000000000000
0.0000000000000000
0.0000000000000000
0.0000000000000000
0.0000000000000000
0.0000000000000000
0.0000000000000000
0.0000000000000000
0.0000000000000000
0.0000000000000000
0.0000000000000000
0.0000000000000000
0.0000000000000000
0.0000000000000000
0.0000000000000000
0.0000000000000000
0.0000000000000000
0.0000000000000000
0.0000000000000000
0.0000000000000000
0.0000000000000000
0.0000000000000000
0.0000000000000000
0.0000000000000000
0.0000000000000000
0.0000000000000000
0.0000000000000000
0.0000000000000000
0.0000000000000000
0.0000000000000000
0.0000000000000000
0.0000000000000000
0.0000000000000000
0.0000000000000000
0.0000000000000000
0.0000000000000000
0.0000000000000000
0.0000000000000000
0.0000000000000000
0.0000000000000000
0.0000000000000000
0.0000000000000000
0.0000000000000000
0.0000000000000000
0.0000000000000000
0.0000000000000000
0.0000000000000000
0.0000000000000000
0.0000000000000000
0.0000000000000000
0.0000000000000000
0.0000000000000000
0.0000000000000000
0.0000000000000000
0.0000000000000000
0.0000000000000000
0.0000000000000000
0.0000000000000000
0.0000000000000000
0.0000000000000000
0.0000000000000000
0.0000000000000000
0.0000000000000000
0.0000000000000000
0.0000000000000000
0.0000000000000000
0.0000000000000000
0.0000000000000000
0.0000000000000000
0.0000000000000000
0.0000000000000000
0.0000000000000000
0.0000000000000000
0.0000000000000000
0.0000000000000000
0.0000000000000000
0.0000000000000000
0.0000000000000000
0.0000000000000000
0.0000000000000000
0.0000000000000000
0.0000000000000000
0.0000000000000000
0.0000000000000000
0.0000000000000000
0.0000000000000000
0.0000000000000000
0.0000000000000000
0.0000000000000000
0.0000000000000000
0.0000000000000000
0.0000000000000000
0.0000000000000000
0.0000000000000000
0.0000000000000000
0.0000000000000000
0.0000000000000000
0.0000000000000000
0.0000000000000000
0.0000000000000000
0.0000000000000000
0.0000000000000000
0.0000000000000000
0.0000000000000000
0.0000000000000000
0.0000000000000000
0.0000000000000000
0.0000000000000000
0.0000000000000000
0.0000000000000000
0.0000000000000000
0.0000000000000000
0.0000000000000000
0.0000000000000000
0.0000000000000000
0.0000000000000000
0.0000000000000000
0.0000000000000000
0.0000000000000000
0.0000000000000000
0.0000000000000000
0.0000000000000000
0.0000000000000000
0.0000000000000000
0.0000000000000000
0.0000000000000000
0.0000000000000000
0.0000000000000000
0.0000000000000000
0.0000000000000000
0.0000000000000000
0.0000000000000000
0.0000000000000000
0.0000000000000000
0.0000000000000000
0.0000000000000000
0.0000000000000000
0.0000000000000000
0.0000000000000000
0.0000000000000000
0.0000000000000000
0.0000000000000000
0.0000000000000000
0.0000000000000000
0.0000000000000000
0.0000000000000000
0.0000000000000000
0.0000000000000000
0.0000000000000000
0.0000000000000000
0.0000000000000000
0.0000000000000000
0.0000000000000000
0.0000000000000000
0.0000000000000000
0.0000000000000000
0.0000000000000000
0.0000000000000000
0.0000000000000000
0.0000000000000000
0.0000000000000000
0.0000000000000000
0.0000000000000000
0.0000000000000000
0.0000000000000000
0.0000000000000000
0.0000000000000000
0.0000000000000000
0.0000000000000000
0.0000000000000000
0.0000000000000000
0.0000000000000000
0.0000000000000000
0.0000000000000000
0.0000000000000000
0.0000000000000000
0.0000000000000000
0.0000000000000000
0.0000000000000000
0.0000000000000000
0.0000000000000000
0.0000000000000000
0.0000000000000000
0.0000000000000000
0.0000000000000000
0.0000000000000000
0.0000000000000000
0.0000000000000000
0.0000000000000000
0.0000000000000000
0.0000000000000000
0.0000000000000000
0.0000000000000000
0.0000000000000000
0.0000000000000000
0.0000000000000000
0.0000000000000000
0.0000000000000000
0.0000000000000000
0.0000000000000000
0.0000000000000000
0.0000000000000000
0.0000000000000000
0.0000000000000000
0.0000000000000000
0.0000000000000000
0.0000000000000000
0.0000000000000000
0.0000000000000000
0.0000000000000000
0.0000000000000000
0.0000000000000000
0.0000000000000000
0.0000000000000000
0.0000000000000000
0.0000000000000000
0.0000000000000000
0.0000000000000000
0.0000000000000000
0.0000000000000000
0.0000000000000000
0.0000000000000000
0.0000000000000000
0.0000000000000000
0.0000000000000000
0.0000000000000000
0.0000000000000000
0.0000000000000000
0.0000000000000000
0.0000000000000000
0.0000000000000000
0.0000000000000000
0.0000000000000000
0.0000000000000000
0.0000000000000000
0.0000000000000000
0.0000000000000000
0.0000000000000000
0.0000000000000000
0.0000000000000000
0.0000000000000000
0.0000000000000000
0.0000000000000000
0.0000000000000000
0.0000000000000000
0.0000000000000000
0.0000000000000000
0.0000000000000000
0.0000000000000000
0.0000000000000000
0.0000000000000000
0.0000000000000000
0.0000000000000000
0.0000000000000000
0.0000000000000000
0.0000000000000000
0.0000000000000000
0.0000000000000000
0.0000000000000000
0.0000000000000000
0.0000000000000000
0.0000000000000000
0.0000000000000000
0.0000000000000000
0.0000000000000000
0.0000000000000000
0.0000000000000000
0.0000000000000000
0.0000000000000000
0.0000000000000000
0.0000000000000000
0.0000000000000000
0.0000000000000000
0.0000000000000000
0.0000000000000000
0.0000000000000000
0.0000000000000000
0.0000000000000000
0.0000000000000000
0.0000000000000000
0.0000000000000000
0.0000000000000000
0.0000000000000000
0.0000000000000000
0.0000000000000000
0.0000000000000000
0.0000000000000000
0.0000000000000000
0.0000000000000000
0.0000000000000000
0.0000000000000000
0.0000000000000000
0.0000000000000000
0.0000000000000000
0.0000000000000000
0.0000000000000000
0.0000000000000000
0.0000000000000000
0.0000000000000000
0.0000000000000000
0.0000000000000000
0.0000000000000000
0.0000000000000000
0.0000000000000000
0.0000000000000000
0.0000000000000000
0.0000000000000000
0.0000000000000000
0.0000000000000000
0.0000000000000000
0.0000000000000000
0.0000000000000000
0.0000000000000000
0.0000000000000000
0.0000000000000000
0.0000000000000000
0.0000000000000000
0.0000000000000000
0.0000000000000000
0.0000000000000000
0.0000000000000000
0.0000000000000000
0.0000000000000000
0.0000000000000000
0.0000000000000000
0.0000000000000000
0.0000000000000000
0.0000000000000000
0.0000000000000000
0.0000000000000000
0.0000000000000000
0.0000000000000000
0.0000000000000000
0.0000000000000000
0.0000000000000000
0.0000000000000000
0.0000000000000000
0.0000000000000000
0.0000000000000000
0.0000000000000000
0.0000000000000000
0.0000000000000000
0.0000000000000000
0.0000000000000000
0.0000000000000000
0.0000000000000000
0.0000000000000000
0.0000000000000000
0.0000000000000000
0.0000000000000000
0.0000000000000000
0.0000000000000000
0.0000000000000000
0.0000000000000000
0.0000000000000000
0.0000000000000000
0.0000000000000000
0.0000000000000000
0.0000000000000000
0.0000000000000000
0.0000000000000000
0.0000000000000000
0.0000000000000000
0.0000000000000000
0.0000000000000000
0.0000000000000000
0.0000000000000000
0.0000000000000000
0.0000000000000000
0.0000000000000000
0.0000000000000000
0.0000000000000000
0.0000000000000000
0.0000000000000000
0.0000000000000000
0.0000000000000000
0.0000000000000000
0.0000000000000000
0.0000000000000000
0.0000000000000000
0.0000000000000000
0.0000000000000000
0.0000000000000000
0.0000000000000000
0.0000000000000000
0.0000000000000000
0.0000000000000000
0.0000000000000000
0.0000000000000000
0.0000000000000000
0.0000000000000000
0.0000000000000000
0.0000000000000000
0.0000000000000000
0.0000000000000000
0.0000000000000000
0.0000000000000000
0.0000000000000000
0.0000000000000000
0.0000000000000000
0.0000000000000000
0.0000000000000000
0.0000000000000000
0.0000000000000000
0.0000000000000000
0.0000000000000000
0.0000000000000000
0.0000000000000000
0.0000000000000000
0.0000000000000000
0.0000000000000000
0.0000000000000000
0.0000000000000000
0.0000000000000000
0.0000000000000000
0.0000000000000000
0.0000000000000000
0.0000000000000000
0.0000000000000000
0.0000000000000000
0.0000000000000000
0.0000000000000000
0.0000000000000000
0.0000000000000000
0.0000000000000000
0.0000000000000000
0.0000000000000000
0.0000000000000000
0.0000000000000000
0.0000000000000000
0.0000000000000000
0.0000000000000000
0.0000000000000000
0.0000000000000000
0.0000000000000000
0.0000000000000000
0.0000000000000000
0.0000000000000000
0.0000000000000000
0.0000000000000000
0.0000000000000000
0.0000000000000000
0.0000000000000000
0.0000000000000000
0.0000000000000000
0.0000000000000000
0.0000000000000000
0.0000000000000000
0.0000000000000000
0.0000000000000000
0.0000000000000000
0.0000000000000000
0.0000000000000000
0.0000000000000000
0.0000000000000000
0.0000000000000000
0.0000000000000000
0.0000000000000000
0.0000000000000000
0.0000000000000000
0.0000000000000000
0.0000000000000000
0.0000000000000000
0.0000000000000000
0.0000000000000000
0.0000000000000000
0.0000000000000000
0.0000000000000000
0.0000000000000000
0.0000000000000000
0.0000000000000000
0.0000000000000000
0.0000000000000000
0.0000000000000000
0.0000000000000000
0.0000000000000000
0.0000000000000000
0.0000000000000000
0.0000000000000000
0.0000000000000000
0.0000000000000000
0.0000000000000000
0.0000000000000000
0.0000000000000000
0.0000000000000000
0.0000000000000000
0.0000000000000000
0.0000000000000000
0.0000000000000000
0.0000000000000000
0.0000000000000000
0.0000000000000000
0.0000000000000000
0.0000000000000000
0.0000000000000000
0.0000000000000000
0.0000000000000000
0.0000000000000000
0.0000000000000000
0.0000000000000000
0.0000000000000000
0.0000000000000000
0.0000000000000000
0.0000000000000000
0.0000000000000000
0.0000000000000000
0.0000000000000000
0.0000000000000000
0.0000000000000000
0.0000000000000000
0.0000000000000000
0.0000000000000000
0.0000000000000000
0.0000000000000000
0.0000000000000000
0.0000000000000000
0.0000000000000000
0.0000000000000000
0.0000000000000000
0.0000000000000000
0.0000000000000000
0.0000000000000000
0.0000000000000000
0.0000000000000000
0.0000000000000000
0.0000000000000000
0.0000000000000000
0.0000000000000000
0.0000000000000000
0.0000000000000000
0.0000000000000000
0.0000000000000000
0.0000000000000000
0.0000000000000000
0.0000000000000000
0.0000000000000000
0.0000000000000000
0.0000000000000000
0.0000000000000000
0.0000000000000000
0.0000000000000000
0.0000000000000000
0.0000000000000000
0.0000000000000000
0.0000000000000000
0.0000000000000000
0.0000000000000000
0.0000000000000000
0.0000000000000000
0.0000000000000000
0.0000000000000000
0.0000000000000000
0.0000000000000000
0.0000000000000000
0.0000000000000000
0.0000000000000000
0.0000000000000000
0.0000000000000000
0.0000000000000000
0.0000000000000000
0.0000000000000000
0.0000000000000000
0.0000000000000000
0.0000000000000000
0.0000000000000000
0.0000000000000000
0.0000000000000000
0.0000000000000000
0.0000000000000000
0.0000000000000000
0.0000000000000000
0.0000000000000000
0.0000000000000000
0.0000000000000000
0.0000000000000000
0.0000000000000000
0.0000000000000000
0.0000000000000000
0.0000000000000000
0.0000000000000000
0.0000000000000000
0.0000000000000000
0.0000000000000000
0.0000000000000000
0.0000000000000000
0.0000000000000000
0.0000000000000000
0.0000000000000000
0.0000000000000000
0.0000000000000000
0.0000000000000000
0.0000000000000000
0.0000000000000000
0.0000000000000000
0.0000000000000000
0.0000000000000000
0.0000000000000000
0.0000000000000000
0.0000000000000000
0.0000000000000000
0.0000000000000000
0.0000000000000000
0.0000000000000000
0.0000000000000000
0.0000000000000000
0.0000000000000000
0.0000000000000000
0.0000000000000000
0.0000000000000000
0.0000000000000000
0.0000000000000000
0.0000000000000000
0.0000000000000000
0.0000000000000000
0.0000000000000000
0.0000000000000000
0.0000000000000000
0.0000000000000000
0.0000000000000000
0.0000000000000000
0.0000000000000000
0.0000000000000000
0.0000000000000000
0.0000000000000000
0.0000000000000000
0.0000000000000000
0.0000000000000000
0.0000000000000000
0.0000000000000000
0.0000000000000000
0.0000000000000000
0.0000000000000000
0.0000000000000000
0.0000000000000000
0.0000000000000000
0.0000000000000000
0.0000000000000000
0.0000000000000000
0.0000000000000000
0.0000000000000000
0.0000000000000000
0.0000000000000000
0.0000000000000000
0.0000000000000000
0.0000000000000000
0.0000000000000000
0.0000000000000000
0.0000000000000000
0.0000000000000000
0.0000000000000000
0.0000000000000000
0.0000000000000000
0.0000000000000000
0.0000000000000000
0.0000000000000000
0.0000000000000000
0.0000000000000000
0.0000000000000000
0.0000000000000000
0.0000000000000000
0.0000000000000000
0.0000000000000000
0.0000000000000000
0.0000000000000000
0.0000000000000000
0.0000000000000000
0.0000000000000000
0.0000000000000000
0.0000000000000000
0.0000000000000000
0.0000000000000000
0.0000000000000000
0.0000000000000000
0.0000000000000000
0.0000000000000000
0.0000000000000000
0.0000000000000000
0.0000000000000000
0.0000000000000000
0.0000000000000000
0.0000000000000000
0.0000000000000000
0.0000000000000000
0.0000000000000000
0.0000000000000000
0.0000000000000000
0.0000000000000000
0.0000000000000000
0.0000000000000000
0.0000000000000000
0.0000000000000000
0.0000000000000000
0.0000000000000000
0.0000000000000000
0.0000000000000000
0.0000000000000000
0.0000000000000000
0.0000000000000000
0.0000000000000000
0.0000000000000000
0.0000000000000000
0.0000000000000000
0.0000000000000000
0.0000000000000000
0.0000000000000000
0.0000000000000000
0.0000000000000000
0.0000000000000000
0.0000000000000000
0.0000000000000000
0.0000000000000000
0.0000000000000000
0.0000000000000000
0.0000000000000000
0.0000000000000000
0.0000000000000000
0.0000000000000000
0.0000000000000000
0.0000000000000000
0.0000000000000000
0.0000000000000000
0.0000000000000000
0.0000000000000000
0.0000000000000000
0.0000000000000000
0.0000000000000000
0.0000000000000000
0.0000000000000000
0.0000000000000000
0.0000000000000000
0.0000000000000000
0.0000000000000000
0.0000000000000000
0.0000000000000000
0.0000000000000000
0.0000000000000000
0.0000000000000000
0.0000000000000000
0.0000000000000000
0.0000000000000000
0.0000000000000000
0.0000000000000000
0.0000000000000000
0.0000000000000000
0.0000000000000000
0.0000000000000000
0.0000000000000000
0.0000000000000000
0.0000000000000000
0.0000000000000000
0.0000000000000000
0.0000000000000000
0.0000000000000000
0.0000000000000000
0.0000000000000000
0.0000000000000000
0.0000000000000000
0.0000000000000000
0.0000000000000000
0.0000000000000000
0.0000000000000000
0.0000000000000000
0.0000000000000000
0.0000000000000000
0.0000000000000000
0.0000000000000000
0.0000000000000000
0.0000000000000000
0.0000000000000000
0.0000000000000000
0.0000000000000000
0.0000000000000000
0.0000000000000000
0.0000000000000000
0.0000000000000000
0.0000000000000000
0.0000000000000000
0.0000000000000000
0.0000000000000000
0.0000000000000000
0.0000000000000000
0.0000000000000000
0.0000000000000000
0.0000000000000000
0.0000000000000000
0.0000000000000000
0.0000000000000000
0.0000000000000000
0.0000000000000000
0.0000000000000000
0.0000000000000000
0.0000000000000000
0.0000000000000000
0.0000000000000000
0.0000000000000000
0.0000000000000000
0.0000000000000000
0.0000000000000000
0.0000000000000000
0.0000000000000000
0.0000000000000000
0.0000000000000000
0.0000000000000000
0.0000000000000000
0.0000000000000000
0.0000000000000000
0.0000000000000000
0.0000000000000000
0.0000000000000000
0.0000000000000000
0.0000000000000000
0.0000000000000000
0.0000000000000000
0.0000000000000000
0.0000000000000000
0.0000000000000000
0.0000000000000000
0.0000000000000000
0.0000000000000000
0.0000000000000000
0.0000000000000000
0.0000000000000000
0.0000000000000000
0.0000000000000000
0.0000000000000000
0.0000000000000000
0.0000000000000000
0.0000000000000000
0.0000000000000000
0.0000000000000000
0.0000000000000000
0.0000000000000000
0.0000000000000000
0.0000000000000000
0.0000000000000000
0.0000000000000000
0.0000000000000000
0.0000000000000000
0.0000000000000000
0.0000000000000000
0.0000000000000000
0.0000000000000000
0.0000000000000000
0.0000000000000000
0.0000000000000000
0.0000000000000000
0.0000000000000000
0.0000000000000000
0.0000000000000000
0.0000000000000000
0.0000000000000000
0.0000000000000000
0.0000000000000000
0.0000000000000000
0.0000000000000000
0.0000000000000000
0.0000000000000000
0.0000000000000000
0.0000000000000000
0.0000000000000000
0.0000000000000000
0.0000000000000000
0.0000000000000000
0.0000000000000000
0.0000000000000000
0.0000000000000000
0.0000000000000000
0.0000000000000000
0.0000000000000000
0.0000000000000000
0.0000000000000000
0.0000000000000000
0.0000000000000000
0.0000000000000000
0.0000000000000000
0.0000000000000000
0.0000000000000000
0.0000000000000000
0.0000000000000000
0.0000000000000000
0.0000000000000000
0.0000000000000000
0.0000000000000000
0.0000000000000000
0.0000000000000000
0.0000000000000000
0.0000000000000000
0.0000000000000000
0.0000000000000000
0.0000000000000000
0.0000000000000000
0.0000000000000000
0.0000000000000000
0.0000000000000000
0.0000000000000000
0.0000000000000000
0.0000000000000000
0.0000000000000000
0.0000000000000000
0.0000000000000000
0.0000000000000000
0.0000000000000000
0.0000000000000000
0.0000000000000000
0.0000000000000000
0.0000000000000000
0.0000000000000000
0.0000000000000000
0.0000000000000000
0.0000000000000000
0.0000000000000000
0.0000000000000000
0.0000000000000000
0.0000000000000000
0.0000000000000000
0.0000000000000000
0.0000000000000000
0.0000000000000000
0.0000000000000000
0.0000000000000000
0.0000000000000000
0.0000000000000000
0.0000000000000000
0.0000000000000000
0.0000000000000000
0.0000000000000000
0.0000000000000000
0.0000000000000000
0.0000000000000000
0.0000000000000000
0.0000000000000000
0.0000000000000000
0.0000000000000000
0.0000000000000000
0.0000000000000000
0.0000000000000000
0.0000000000000000
0.0000000000000000
0.0000000000000000
0.0000000000000000
0.0000000000000000
0.0000000000000000
0.0000000000000000
0.0000000000000000
0.0000000000000000
0.0000000000000000
0.0000000000000000
0.0000000000000000
0.0000000000000000
0.0000000000000000
0.0000000000000000
0.0000000000000000
0.0000000000000000
0.0000000000000000
0.0000000000000000
0.0000000000000000
0.0000000000000000
0.0000000000000000
0.0000000000000000
0.0000000000000000
0.0000000000000000
0.0000000000000000
0.0000000000000000
0.0000000000000000
0.0000000000000000
0.0000000000000000
0.0000000000000000
0.0000000000000000
0.0000000000000000
0.0000000000000000
0.0000000000000000
0.0000000000000000
0.0000000000000000
0.0000000000000000
0.0000000000000000
0.0000000000000000
0.0000000000000000
0.0000000000000000
0.0000000000000000
0.0000000000000000
0.0000000000000000
0.0000000000000000
0.0000000000000000
0.0000000000000000
0.0000000000000000
0.0000000000000000
0.0000000000000000
0.0000000000000000
0.0000000000000000
0.0000000000000000
0.0000000000000000
0.0000000000000000
0.0000000000000000
0.0000000000000000
0.0000000000000000
0.0000000000000000
0.0000000000000000
0.0000000000000000
0.0000000000000000
0.0000000000000000
0.0000000000000000
0.0000000000000000
0.0000000000000000
0.0000000000000000
0.0000000000000000
0.0000000000000000
0.0000000000000000
0.0000000000000000
0.0000000000000000
0.0000000000000000
0.0000000000000000
0.0000000000000000
0.0000000000000000
0.0000000000000000
0.0000000000000000
0.0000000000000000
0.0000000000000000
0.0000000000000000
0.0000000000000000
0.0000000000000000
0.0000000000000000
0.0000000000000000
0.0000000000000000
0.0000000000000000
0.0000000000000000
0.0000000000000000
0.0000000000000000
0.0000000000000000
0.0000000000000000
0.0000000000000000
0.0000000000000000
0.0000000000000000
0.0000000000000000
0.0000000000000000
0.0000000000000000
0.0000000000000000
0.0000000000000000
0.0000000000000000
0.0000000000000000
0.0000000000000000
0.0000000000000000
0.0000000000000000
0.0000000000000000
0.0000000000000000
0.0000000000000000
0.0000000000000000
0.0000000000000000
0.0000000000000000
0.0000000000000000
0.0000000000000000
0.0000000000000000
0.0000000000000000
0.0000000000000000
0.0000000000000000
0.0000000000000000
0.0000000000000000
0.0000000000000000
0.0000000000000000
0.0000000000000000
0.0000000000000000
0.0000000000000000
0.0000000000000000
0.0000000000000000
0.0000000000000000
0.0000000000000000
0.0000000000000000
0.0000000000000000
0.0000000000000000
0.0000000000000000
0.0000000000000000
0.0000000000000000
0.0000000000000000
0.0000000000000000
0.0000000000000000
0.0000000000000000
0.0000000000000000
0.0000000000000000
0.0000000000000000
0.0000000000000000
0.0000000000000000
0.0000000000000000
0.0000000000000000
0.0000000000000000
0.0000000000000000
0.0000000000000000
0.0000000000000000
0.0000000000000000
0.0000000000000000
0.0000000000000000
0.0000000000000000
0.0000000000000000
0.0000000000000000
0.0000000000000000
0.0000000000000000
0.0000000000000000
0.0000000000000000
0.0000000000000000
0.0000000000000000
0.0000000000000000
0.0000000000000000
0.0000000000000000
0.0000000000000000
0.0000000000000000
0.0000000000000000
0.0000000000000000
0.0000000000000000
0.0000000000000000
0.0000000000000000
0.0000000000000000
0.0000000000000000
0.0000000000000000
0.0000000000000000
0.0000000000000000
0.0000000000000000
0.0000000000000000
0.0000000000000000
0.0000000000000000
0.0000000000000000
0.0000000000000000
0.0000000000000000
0.0000000000000000
0.0000000000000000
0.0000000000000000
0.0000000000000000
0.0000000000000000
0.0000000000000000
0.0000000000000000
0.0000000000000000
0.0000000000000000
0.0000000000000000
0.0000000000000000
0.0000000000000000
0.0000000000000000
0.0000000000000000
0.0000000000000000
0.0000000000000000
0.0000000000000000
0.0000000000000000
0.0000000000000000
0.0000000000000000
0.0000000000000000
0.0000000000000000
0.0000000000000000
0.0000000000000000
0.0000000000000000
0.0000000000000000
0.0000000000000000
0.0000000000000000
0.0000000000000000
0.0000000000000000
0.0000000000000000
0.0000000000000000
0.0000000000000000
0.0000000000000000
0.0000000000000000
0.0000000000000000
0.0000000000000000
0.0000000000000000
0.0000000000000000
0.0000000000000000
0.0000000000000000
0.0000000000000000
0.0000000000000000
0.0000000000000000
0.0000000000000000
0.0000000000000000
0.0000000000000000
0.0000000000000000
0.0000000000000000
0.0000000000000000
0.0000000000000000
0.0000000000000000
0.0000000000000000
0.0000000000000000
0.0000000000000000
0.0000000000000000
0.0000000000000000
0.0000000000000000
0.0000000000000000
0.0000000000000000
0.0000000000000000
0.0000000000000000
0.0000000000000000
0.0000000000000000
0.0000000000000000
0.0000000000000000
0.0000000000000000
0.0000000000000000
0.0000000000000000
0.0000000000000000
0.0000000000000000
0.0000000000000000
0.0000000000000000
0.0000000000000000
0.0000000000000000
0.0000000000000000
0.0000000000000000
0.0000000000000000
0.0000000000000000
0.0000000000000000
0.0000000000000000
0.0000000000000000
0.0000000000000000
0.0000000000000000
0.0000000000000000
0.0000000000000000
0.0000000000000000
0.0000000000000000
0.0000000000000000
0.0000000000000000
0.0000000000000000
0.0000000000000000
0.0000000000000000
0.0000000000000000
0.0000000000000000
0.0000000000000000
0.0000000000000000
0.0000000000000000
0.0000000000000000
0.0000000000000000
0.0000000000000000
0.0000000000000000
0.0000000000000000
0.0000000000000000
0.0000000000000000
0.0000000000000000
0.0000000000000000
0.0000000000000000
0.0000000000000000
0.0000000000000000
0.0000000000000000
0.0000000000000000
0.0000000000000000
0.0000000000000000
0.0000000000000000
0.0000000000000000
0.0000000000000000
0.0000000000000000
0.0000000000000000
0.0000000000000000
0.0000000000000000
0.0000000000000000
0.0000000000000000
0.0000000000000000
0.0000000000000000
0.0000000000000000
0.0000000000000000
0.0000000000000000
0.0000000000000000
0.0000000000000000
0.0000000000000000
0.0000000000000000
0.0000000000000000
0.0000000000000000
0.0000000000000000
0.0000000000000000
0.0000000000000000
0.0000000000000000
0.0000000000000000
0.0000000000000000
0.0000000000000000
0.0000000000000000
0.0000000000000000
0.0000000000000000
0.0000000000000000
0.0000000000000000
0.0000000000000000
0.0000000000000000
0.0000000000000000
0.0000000000000000
0.0000000000000000
0.0000000000000000
0.0000000000000000
0.0000000000000000
0.0000000000000000
0.0000000000000000
0.0000000000000000
0.0000000000000000
0.0000000000000000
0.0000000000000000
0.0000000000000000
0.0000000000000000
0.0000000000000000
0.0000000000000000
0.0000000000000000
0.0000000000000000
0.0000000000000000
0.0000000000000000
0.0000000000000000
0.0000000000000000
0.0000000000000000
0.0000000000000000
0.0000000000000000
0.0000000000000000
0.0000000000000000
0.0000000000000000
0.0000000000000000
0.0000000000000000
0.0000000000000000
0.0000000000000000
0.0000000000000000
0.0000000000000000
0.0000000000000000
0.0000000000000000
0.0000000000000000
0.0000000000000000
0.0000000000000000
0.0000000000000000
0.0000000000000000
0.0000000000000000
0.0000000000000000
0.0000000000000000
0.0000000000000000
0.0000000000000000
0.0000000000000000
0.0000000000000000
0.0000000000000000
0.0000000000000000
0.0000000000000000
0.0000000000000000
0.0000000000000000
0.0000000000000000
0.0000000000000000
0.0000000000000000
0.0000000000000000
0.0000000000000000
0.0000000000000000
0.0000000000000000
0.0000000000000000
0.0000000000000000
0.0000000000000000
0.0000000000000000
0.0000000000000000
0.0000000000000000
0.0000000000000000
0.0000000000000000
0.0000000000000000
0.0000000000000000
0.0000000000000000
0.0000000000000000
0.0000000000000000
0.0000000000000000
0.0000000000000000
0.0000000000000000
0.0000000000000000
0.0000000000000000
0.0000000000000000
0.0000000000000000
0.0000000000000000
0.0000000000000000
0.0000000000000000
0.0000000000000000
0.0000000000000000
0.0000000000000000
0.0000000000000000
0.0000000000000000
0.0000000000000000
0.0000000000000000
0.0000000000000000
0.0000000000000000
0.0000000000000000
0.0000000000000000
0.0000000000000000
0.0000000000000000
0.0000000000000000
0.0000000000000000
0.0000000000000000
0.0000000000000000
0.0000000000000000
0.0000000000000000
0.0000000000000000
0.0000000000000000
0.0000000000000000
0.0000000000000000
0.0000000000000000
0.0000000000000000
0.0000000000000000
0.0000000000000000
0.0000000000000000
0.0000000000000000
0.0000000000000000
0.0000000000000000
0.0000000000000000
0.0000000000000000
0.0000000000000000
0.0000000000000000
0.0000000000000000
0.0000000000000000
0.0000000000000000
0.0000000000000000
0.0000000000000000
0.0000000000000000
0.0000000000000000
0.0000000000000000
0.0000000000000000
0.0000000000000000
0.0000000000000000
0.0000000000000000
0.0000000000000000
0.0000000000000000
0.0000000000000000
0.0000000000000000
0.0000000000000000
0.0000000000000000
0.0000000000000000
0.0000000000000000
0.0000000000000000
0.0000000000000000
0.0000000000000000
0.0000000000000000
0.0000000000000000
0.0000000000000000
0.0000000000000000
0.0000000000000000
0.0000000000000000
0.0000000000000000
0.0000000000000000
0.0000000000000000
0.0000000000000000
0.0000000000000000
0.0000000000000000
0.0000000000000000
0.0000000000000000
0.0000000000000000
0.0000000000000000
0.0000000000000000
0.0000000000000000
0.0000000000000000
0.0000000000000000
0.0000000000000000
0.0000000000000000
0.0000000000000000
0.0000000000000000
0.0000000000000000
0.0000000000000000
0.0000000000000000
0.0000000000000000
0.0000000000000000
0.0000000000000000
0.0000000000000000
0.0000000000000000
0.0000000000000000
0.0000000000000000
0.0000000000000000
0.0000000000000000
0.0000000000000000
0.0000000000000000
0.0000000000000000
0.0000000000000000
0.0000000000000000
0.0000000000000000
0.0000000000000000
0.0000000000000000
0.0000000000000000
0.0000000000000000
0.0000000000000000
0.0000000000000000
0.0000000000000000
0.0000000000000000
0.0000000000000000
0.0000000000000000
0.0000000000000000
0.0000000000000000
0.0000000000000000
0.0000000000000000
0.0000000000000000
0.0000000000000000
0.0000000000000000
0.0000000000000000
0.0000000000000000
0.0000000000000000
0.0000000000000000
0.0000000000000000
0.0000000000000000
0.0000000000000000
0.0000000000000000
0.0000000000000000
0.0000000000000000
0.0000000000000000
0.0000000000000000
0.0000000000000000
0.0000000000000000
0.0000000000000000
0.0000000000000000
0.0000000000000000
0.0000000000000000
0.0000000000000000
0.0000000000000000
0.0000000000000000
0.0000000000000000
0.0000000000000000
0.0000000000000000
0.0000000000000000
0.0000000000000000
0.0000000000000000
0.0000000000000000
0.0000000000000000
0.0000000000000000
0.0000000000000000
0.0000000000000000
0.0000000000000000
0.0000000000000000
0.0000000000000000
0.0000000000000000
0.0000000000000000
0.0000000000000000
0.0000000000000000
0.0000000000000000
0.0000000000000000
0.0000000000000000
0.0000000000000000
0.0000000000000000
0.0000000000000000
0.0000000000000000
0.0000000000000000
0.0000000000000000
0.0000000000000000
0.0000000000000000
0.0000000000000000
0.0000000000000000
0.0000000000000000
0.0000000000000000
0.0000000000000000
0.0000000000000000
0.0000000000000000
0.0000000000000000
0.0000000000000000
0.0000000000000000
0.0000000000000000
0.0000000000000000
0.0000000000000000
0.0000000000000000
0.0000000000000000
0.0000000000000000
0.0000000000000000
0.0000000000000000
0.0000000000000000
0.0000000000000000
0.0000000000000000
0.0000000000000000
0.0000000000000000
0.0000000000000000
0.0000000000000000
0.0000000000000000
0.0000000000000000
0.0000000000000000
0.0000000000000000
0.0000000000000000
0.0000000000000000
0.0000000000000000
0.0000000000000000
0.0000000000000000
0.0000000000000000
0.0000000000000000
0.0000000000000000
0.0000000000000000
0.0000000000000000
0.0000000000000000
0.0000000000000000
0.0000000000000000
0.0000000000000000
0.0000000000000000
0.0000000000000000
0.0000000000000000
0.0000000000000000
0.0000000000000000
0.0000000000000000
0.0000000000000000
0.0000000000000000
0.0000000000000000
0.0000000000000000
0.0000000000000000
0.0000000000000000
0.0000000000000000
0.0000000000000000
0.0000000000000000
0.0000000000000000
0.0000000000000000
0.0000000000000000
0.0000000000000000
0.0000000000000000
0.0000000000000000
0.0000000000000000
0.0000000000000000
0.0000000000000000
0.0000000000000000
0.0000000000000000
0.0000000000000000
0.0000000000000000
0.0000000000000000
0.0000000000000000
0.0000000000000000
0.0000000000000000
0.0000000000000000
0.0000000000000000
0.0000000000000000
0.0000000000000000
0.0000000000000000
0.0000000000000000
0.0000000000000000
0.0000000000000000
0.0000000000000000
0.0000000000000000
0.0000000000000000
0.0000000000000000
0.0000000000000000
0.0000000000000000
0.0000000000000000
0.0000000000000000
0.0000000000000000
0.0000000000000000
0.0000000000000000
0.0000000000000000
0.0000000000000000
0.0000000000000000
0.0000000000000000
0.0000000000000000
0.0000000000000000
0.0000000000000000
0.0000000000000000
0.0000000000000000
0.0000000000000000
0.0000000000000000
0.0000000000000000
0.0000000000000000
0.0000000000000000
0.0000000000000000
0.0000000000000000
0.0000000000000000
0.0000000000000000
0.0000000000000000
0.0000000000000000
0.0000000000000000
0.0000000000000000
0.0000000000000000
0.0000000000000000
0.0000000000000000
0.0000000000000000
0.0000000000000000
0.0000000000000000
0.0000000000000000
0.0000000000000000
0.0000000000000000
0.0000000000000000
0.0000000000000000
0.0000000000000000
0.0000000000000000
0.0000000000000000
0.0000000000000000
0.0000000000000000
0.0000000000000000
0.0000000000000000
0.0000000000000000
0.0000000000000000
0.0000000000000000
0.0000000000000000
0.0000000000000000
0.0000000000000000
0.0000000000000000
0.0000000000000000
0.0000000000000000
0.0000000000000000
0.0000000000000000
0.0000000000000000
0.0000000000000000
0.0000000000000000
0.0000000000000000
0.0000000000000000
0.0000000000000000
0.0000000000000000
0.0000000000000000
0.0000000000000000
0.0000000000000000
0.0000000000000000
0.0000000000000000
0.0000000000000000
0.0000000000000000
0.0000000000000000
0.0000000000000000
0.0000000000000000
0.0000000000000000
0.0000000000000000
0.0000000000000000
0.0000000000000000
0.0000000000000000
0.0000000000000000
0.0000000000000000
0.0000000000000000
0.0000000000000000
0.0000000000000000
0.0000000000000000
0.0000000000000000
0.0000000000000000
0.0000000000000000
0.0000000000000000
0.0000000000000000
0.0000000000000000
0.0000000000000000
0.0000000000000000
0.0000000000000000
0.0000000000000000
0.0000000000000000
0.0000000000000000
0.0000000000000000
0.0000000000000000
0.0000000000000000
0.0000000000000000
0.0000000000000000
0.0000000000000000
0.0000000000000000
0.0000000000000000
0.0000000000000000
0.0000000000000000
0.0000000000000000
0.0000000000000000
0.0000000000000000
0.0000000000000000
0.0000000000000000
0.0000000000000000
0.0000000000000000
0.0000000000000000
0.0000000000000000
0.0000000000000000
0.0000000000000000
0.0000000000000000
0.0000000000000000
0.0000000000000000
0.0000000000000000
0.0000000000000000
0.0000000000000000
0.0000000000000000
0.0000000000000000
0.0000000000000000
0.0000000000000000
0.0000000000000000
0.0000000000000000
0.0000000000000000
0.0000000000000000
0.0000000000000000
0.0000000000000000
0.0000000000000000
0.0000000000000000
0.0000000000000000
0.0000000000000000
0.0000000000000000
0.0000000000000000
0.0000000000000000
0.0000000000000000
0.0000000000000000
0.0000000000000000
0.0000000000000000
0.0000000000000000
0.0000000000000000
0.0000000000000000
0.0000000000000000
0.0000000000000000
0.0000000000000000
0.0000000000000000
0.0000000000000000
0.0000000000000000
0.0000000000000000
0.0000000000000000
0.0000000000000000
0.0000000000000000
0.0000000000000000
0.0000000000000000
0.0000000000000000
0.0000000000000000
0.0000000000000000
0.0000000000000000
0.0000000000000000
0.0000000000000000
0.0000000000000000
0.0000000000000000
0.0000000000000000
0.0000000000000000
0.0000000000000000
0.0000000000000000
0.0000000000000000
0.0000000000000000
0.0000000000000000
0.0000000000000000
0.0000000000000000
0.0000000000000000
0.0000000000000000
0.0000000000000000
0.0000000000000000
0.0000000000000000
0.0000000000000000
0.0000000000000000
0.0000000000000000
0.0000000000000000
0.0000000000000000
0.0000000000000000
0.0000000000000000
0.0000000000000000
0.0000000000000000
0.0000000000000000
0.0000000000000000
0.0000000000000000
0.0000000000000000
0.0000000000000000
0.0000000000000000
0.0000000000000000
0.0000000000000000
0.0000000000000000
0.0000000000000000
0.0000000000000000
0.0000000000000000
0.0000000000000000
0.0000000000000000
0.0000000000000000
0.0000000000000000
0.0000000000000000
0.0000000000000000
0.0000000000000000
0.0000000000000000
0.0000000000000000
0.0000000000000000
0.0000000000000000
0.0000000000000000
0.0000000000000000
0.0000000000000000
0.0000000000000000
0.0000000000000000
0.0000000000000000
0.0000000000000000
0.0000000000000000
0.0000000000000000
0.0000000000000000
0.0000000000000000
0.0000000000000000
0.0000000000000000
0.0000000000000000
0.0000000000000000
0.0000000000000000
0.0000000000000000
0.0000000000000000
0.0000000000000000
0.0000000000000000
0.0000000000000000
0.0000000000000000
0.0000000000000000
0.0000000000000000
0.0000000000000000
0.0000000000000000
0.0000000000000000
0.0000000000000000
0.0000000000000000
0.0000000000000000
0.0000000000000000
0.0000000000000000
0.0000000000000000
0.0000000000000000
0.0000000000000000
0.0000000000000000
0.0000000000000000
0.0000000000000000
0.0000000000000000
0.0000000000000000
0.0000000000000000
0.0000000000000000
0.0000000000000000
0.0000000000000000
0.0000000000000000
0.0000000000000000
0.0000000000000000
0.0000000000000000
0.0000000000000000
0.0000000000000000
0.0000000000000000
0.0000000000000000
0.0000000000000000
0.0000000000000000
0.0000000000000000
0.0000000000000000
0.0000000000000000
0.0000000000000000
0.0000000000000000
0.0000000000000000
0.0000000000000000
0.0000000000000000
0.0000000000000000
0.0000000000000000
0.0000000000000000
0.0000000000000000
0.0000000000000000
0.0000000000000000
0.0000000000000000
0.0000000000000000
0.0000000000000000
0.0000000000000000
0.0000000000000000
0.0000000000000000
0.0000000000000000
0.0000000000000000
0.0000000000000000
0.0000000000000000
0.0000000000000000
0.0000000000000000
0.0000000000000000
0.0000000000000000
0.0000000000000000
0.0000000000000000
0.0000000000000000
0.0000000000000000
0.0000000000000000
0.0000000000000000
0.0000000000000000
0.0000000000000000
0.0000000000000000
0.0000000000000000
0.0000000000000000
0.0000000000000000
0.0000000000000000
0.0000000000000000
0.0000000000000000
0.0000000000000000
0.0000000000000000
0.0000000000000000
0.0000000000000000
0.0000000000000000
0.0000000000000000
0.0000000000000000
0.0000000000000000
0.0000000000000000
0.0000000000000000
0.0000000000000000
0.0000000000000000
0.0000000000000000
0.0000000000000000
0.0000000000000000
0.0000000000000000
0.0000000000000000
0.0000000000000000
0.0000000000000000
0.0000000000000000
0.0000000000000000
0.0000000000000000
0.0000000000000000
0.0000000000000000
0.0000000000000000
0.0000000000000000
0.0000000000000000
0.0000000000000000
0.0000000000000000
0.0000000000000000
0.0000000000000000
0.0000000000000000
0.0000000000000000
0.0000000000000000
0.0000000000000000
0.0000000000000000
0.0000000000000000
0.0000000000000000
0.0000000000000000
0.0000000000000000
0.0000000000000000
0.0000000000000000
0.0000000000000000
0.0000000000000000
0.0000000000000000
0.0000000000000000
0.0000000000000000
0.0000000000000000
0.0000000000000000
0.0000000000000000
0.0000000000000000
0.0000000000000000
0.0000000000000000
0.0000000000000000
0.0000000000000000
0.0000000000000000
0.0000000000000000
0.0000000000000000
0.0000000000000000
0.0000000000000000
0.0000000000000000
0.0000000000000000
0.0000000000000000
0.0000000000000000
0.0000000000000000
0.0000000000000000
0.0000000000000000
0.0000000000000000
0.0000000000000000
0.0000000000000000
0.0000000000000000
0.0000000000000000
0.0000000000000000
0.0000000000000000
0.0000000000000000
0.0000000000000000
0.0000000000000000
0.0000000000000000
0.0000000000000000
0.0000000000000000
0.0000000000000000
0.0000000000000000
0.0000000000000000
0.0000000000000000
0.0000000000000000
0.0000000000000000
0.0000000000000000
0.0000000000000000
0.0000000000000000
0.0000000000000000
0.0000000000000000
0.0000000000000000
0.0000000000000000
0.0000000000000000
0.0000000000000000
0.0000000000000000
0.0000000000000000
0.0000000000000000
0.0000000000000000
0.0000000000000000
0.0000000000000000
0.0000000000000000
0.0000000000000000
0.0000000000000000
0.0000000000000000
0.0000000000000000
0.0000000000000000
0.0000000000000000
0.0000000000000000
0.0000000000000000
0.0000000000000000
0.0000000000000000
0.0000000000000000
0.0000000000000000
0.0000000000000000
0.0000000000000000
0.0000000000000000
0.0000000000000000
0.0000000000000000
0.0000000000000000
0.0000000000000000
0.0000000000000000
0.0000000000000000
0.0000000000000000
0.0000000000000000
0.0000000000000000
0.0000000000000000
0.0000000000000000
0.0000000000000000
0.0000000000000000
0.0000000000000000
0.0000000000000000
0.0000000000000000
0.0000000000000000
0.0000000000000000
0.0000000000000000
0.0000000000000000
0.0000000000000000
0.0000000000000000
0.0000000000000000
0.0000000000000000
0.0000000000000000
0.0000000000000000
0.0000000000000000
0.0000000000000000
0.0000000000000000
0.0000000000000000
0.0000000000000000
0.0000000000000000
0.0000000000000000
0.0000000000000000
0.0000000000000000
0.0000000000000000
0.0000000000000000
0.0000000000000000
0.0000000000000000
0.0000000000000000
0.0000000000000000
0.0000000000000000
0.0000000000000000
0.0000000000000000
0.0000000000000000
0.0000000000000000
0.0000000000000000
0.0000000000000000
0.0000000000000000
0.0000000000000000
0.0000000000000000
0.0000000000000000
0.0000000000000000
0.0000000000000000
0.0000000000000000
0.0000000000000000
0.0000000000000000
0.0000000000000000
0.0000000000000000
0.0000000000000000
0.0000000000000000
0.0000000000000000
0.0000000000000000
0.0000000000000000
0.0000000000000000
0.0000000000000000
0.0000000000000000
0.0000000000000000
0.0000000000000000
0.0000000000000000
0.0000000000000000
0.0000000000000000
0.0000000000000000
0.0000000000000000
0.0000000000000000
0.0000000000000000
0.0000000000000000
0.0000000000000000
0.0000000000000000
0.0000000000000000
0.0000000000000000
0.0000000000000000
0.0000000000000000
0.0000000000000000
0.0000000000000000
0.0000000000000000
0.0000000000000000
0.0000000000000000
0.0000000000000000
0.0000000000000000
0.0000000000000000
0.0000000000000000
0.0000000000000000
0.0000000000000000
0.0000000000000000
0.0000000000000000
0.0000000000000000
0.0000000000000000
0.0000000000000000
0.0000000000000000
0.0000000000000000
0.0000000000000000
0.0000000000000000
0.0000000000000000
0.0000000000000000
0.0000000000000000
0.0000000000000000
0.0000000000000000
0.0000000000000000
0.0000000000000000
0.0000000000000000
0.0000000000000000
0.0000000000000000
0.0000000000000000
0.0000000000000000
0.0000000000000000
0.0000000000000000
0.0000000000000000
0.0000000000000000
0.0000000000000000
0.0000000000000000
0.0000000000000000
0.0000000000000000
0.0000000000000000
0.0000000000000000
0.0000000000000000
0.0000000000000000
0.0000000000000000
0.0000000000000000
0.0000000000000000
0.0000000000000000
0.0000000000000000
0.0000000000000000
0.0000000000000000
0.0000000000000000
0.0000000000000000
0.0000000000000000
0.0000000000000000
0.0000000000000000
0.0000000000000000
0.0000000000000000
0.0000000000000000
0.0000000000000000
0.0000000000000000
0.0000000000000000
0.0000000000000000
0.0000000000000000
0.0000000000000000
0.0000000000000000
0.0000000000000000
0.0000000000000000
0.0000000000000000
0.0000000000000000
0.0000000000000000
0.0000000000000000
0.0000000000000000
0.0000000000000000
0.0000000000000000
0.0000000000000000
0.0000000000000000
0.0000000000000000
0.0000000000000000
0.0000000000000000
0.0000000000000000
0.0000000000000000
0.0000000000000000
0.0000000000000000
0.0000000000000000
0.0000000000000000
0.0000000000000000
0.0000000000000000
0.0000000000000000
0.0000000000000000
0.0000000000000000
0.0000000000000000
0.0000000000000000
0.0000000000000000
0.0000000000000000
0.0000000000000000
0.0000000000000000
0.0000000000000000
0.0000000000000000
0.0000000000000000
0.0000000000000000
0.0000000000000000
0.0000000000000000
0.0000000000000000
0.0000000000000000
0.0000000000000000
0.0000000000000000
0.0000000000000000
0.0000000000000000
0.0000000000000000
0.0000000000000000
0.0000000000000000
0.0000000000000000
0.0000000000000000
0.0000000000000000
0.0000000000000000
0.0000000000000000
0.0000000000000000
0.0000000000000000
0.0000000000000000
0.0000000000000000
0.0000000000000000
0.0000000000000000
0.0000000000000000
0.0000000000000000
0.0000000000000000
0.0000000000000000
0.0000000000000000
0.0000000000000000
0.0000000000000000
0.0000000000000000
0.0000000000000000
0.0000000000000000
0.0000000000000000
0.0000000000000000
0.0000000000000000
0.0000000000000000
0.0000000000000000
0.0000000000000000
0.0000000000000000
0.0000000000000000
0.0000000000000000
0.0000000000000000
0.0000000000000000
0.0000000000000000
0.0000000000000000
0.0000000000000000
0.0000000000000000
0.0000000000000000
0.0000000000000000
0.0000000000000000
0.0000000000000000
0.0000000000000000
0.0000000000000000
0.0000000000000000
0.0000000000000000
0.0000000000000000
0.0000000000000000
0.0000000000000000
0.0000000000000000
0.0000000000000000
0.0000000000000000
0.0000000000000000
0.0000000000000000
0.0000000000000000
0.0000000000000000
0.0000000000000000
0.0000000000000000
0.0000000000000000
0.0000000000000000
0.0000000000000000
0.0000000000000000
0.0000000000000000
0.0000000000000000
0.0000000000000000
0.0000000000000000
0.0000000000000000
0.0000000000000000
0.0000000000000000
0.0000000000000000
0.0000000000000000
0.0000000000000000
0.0000000000000000
0.0000000000000000
0.0000000000000000
0.0000000000000000
0.0000000000000000
0.0000000000000000
0.0000000000000000
0.0000000000000000
0.0000000000000000
0.0000000000000000
0.0000000000000000
0.0000000000000000
0.0000000000000000
0.0000000000000000
0.0000000000000000
0.0000000000000000
0.0000000000000000
0.0000000000000000
0.0000000000000000
0.0000000000000000
0.0000000000000000
0.0000000000000000
0.0000000000000000
0.0000000000000000
0.0000000000000000
0.0000000000000000
0.0000000000000000
0.0000000000000000
0.0000000000000000
0.0000000000000000
0.0000000000000000
0.0000000000000000
0.0000000000000000
0.0000000000000000
0.0000000000000000
0.0000000000000000
0.0000000000000000
0.0000000000000000
0.0000000000000000
0.0000000000000000
0.0000000000000000
0.0000000000000000
0.0000000000000000
0.0000000000000000
0.0000000000000000
0.0000000000000000
0.0000000000000000
0.0000000000000000
0.0000000000000000
0.0000000000000000
0.0000000000000000
0.0000000000000000
0.0000000000000000
0.0000000000000000
0.0000000000000000
0.0000000000000000
0.0000000000000000
0.0000000000000000
0.0000000000000000
0.0000000000000000
0.0000000000000000
0.0000000000000000
0.0000000000000000
0.0000000000000000
0.0000000000000000
0.0000000000000000
0.0000000000000000
0.0000000000000000
0.0000000000000000
0.0000000000000000
0.0000000000000000
0.0000000000000000
0.0000000000000000
0.0000000000000000
0.0000000000000000
0.0000000000000000
0.0000000000000000
0.0000000000000000
0.0000000000000000
0.0000000000000000
0.0000000000000000
0.0000000000000000
0.0000000000000000
0.0000000000000000
0.0000000000000000
0.0000000000000000
0.0000000000000000
0.0000000000000000
0.0000000000000000
0.0000000000000000
0.0000000000000000
0.0000000000000000
0.0000000000000000
0.0000000000000000
0.0000000000000000
0.0000000000000000
0.0000000000000000
0.0000000000000000
0.0000000000000000
0.0000000000000000
0.0000000000000000
0.0000000000000000
0.0000000000000000
0.0000000000000000
0.0000000000000000
0.0000000000000000
0.0000000000000000
0.0000000000000000
0.0000000000000000
0.0000000000000000
0.0000000000000000
0.0000000000000000
0.0000000000000000
0.0000000000000000
0.0000000000000000
0.0000000000000000
0.0000000000000000
0.0000000000000000
0.0000000000000000
0.0000000000000000
0.0000000000000000
0.0000000000000000
0.0000000000000000
0.0000000000000000
0.0000000000000000
0.0000000000000000
0.0000000000000000
0.0000000000000000
0.0000000000000000
0.0000000000000000
0.0000000000000000
0.0000000000000000
0.0000000000000000
0.0000000000000000
0.0000000000000000
0.0000000000000000
0.0000000000000000
0.0000000000000000
0.0000000000000000
0.0000000000000000
0.0000000000000000
0.0000000000000000
0.0000000000000000
0.0000000000000000
0.0000000000000000
0.0000000000000000
0.0000000000000000
0.0000000000000000
0.0000000000000000
0.0000000000000000
0.0000000000000000
0.0000000000000000
0.0000000000000000
0.0000000000000000
0.0000000000000000
0.0000000000000000
0.0000000000000000
0.0000000000000000
0.0000000000000000
0.0000000000000000
0.0000000000000000
0.0000000000000000
0.0000000000000000
0.0000000000000000
0.0000000000000000
0.0000000000000000
0.0000000000000000
0.0000000000000000
0.0000000000000000
0.0000000000000000
0.0000000000000000
0.0000000000000000
0.0000000000000000
0.0000000000000000
0.0000000000000000
0.0000000000000000
0.0000000000000000
0.0000000000000000
0.0000000000000000
0.0000000000000000
0.0000000000000000
0.0000000000000000
0.0000000000000000
0.0000000000000000
0.0000000000000000
0.0000000000000000
0.0000000000000000
0.0000000000000000
0.0000000000000000
0.0000000000000000
0.0000000000000000
0.0000000000000000
0.0000000000000000
0.0000000000000000
0.0000000000000000
0.0000000000000000
0.0000000000000000
0.0000000000000000
0.0000000000000000
0.0000000000000000
0.0000000000000000
0.0000000000000000
0.0000000000000000
0.0000000000000000
0.0000000000000000
0.0000000000000000
0.0000000000000000
0.0000000000000000
0.0000000000000000
0.0000000000000000
0.0000000000000000
0.0000000000000000
0.0000000000000000
0.0000000000000000
0.0000000000000000
0.0000000000000000
0.0000000000000000
0.0000000000000000
0.0000000000000000
0.0000000000000000
0.0000000000000000
0.0000000000000000
0.0000000000000000
0.0000000000000000
0.0000000000000000
0.0000000000000000
0.0000000000000000
0.0000000000000000
0.0000000000000000
0.0000000000000000
0.0000000000000000
0.0000000000000000
0.0000000000000000
0.0000000000000000
0.0000000000000000
0.0000000000000000
0.0000000000000000
0.0000000000000000
0.0000000000000000
0.0000000000000000
0.0000000000000000
0.0000000000000000
0.0000000000000000
0.0000000000000000
0.0000000000000000
0.0000000000000000
0.0000000000000000
0.0000000000000000
0.0000000000000000
0.0000000000000000
0.0000000000000000
0.0000000000000000
0.0000000000000000
0.0000000000000000
0.0000000000000000
0.0000000000000000
0.0000000000000000
0.0000000000000000
0.0000000000000000
0.0000000000000000
0.0000000000000000
0.0000000000000000
0.0000000000000000
0.0000000000000000
0.0000000000000000
0.0000000000000000
0.0000000000000000
0.0000000000000000
0.0000000000000000
0.0000000000000000
0.0000000000000000
0.0000000000000000
0.0000000000000000
0.0000000000000000
0.0000000000000000
0.0000000000000000
0.0000000000000000
0.0000000000000000
0.0000000000000000
0.0000000000000000
0.0000000000000000
0.0000000000000000
0.0000000000000000
0.0000000000000000
0.0000000000000000
0.0000000000000000
0.0000000000000000
0.0000000000000000
0.0000000000000000
0.0000000000000000
0.0000000000000000
0.0000000000000000
0.0000000000000000
0.0000000000000000
0.0000000000000000
0.0000000000000000
0.0000000000000000
0.0000000000000000
0.0000000000000000
0.0000000000000000
0.0000000000000000
0.0000000000000000
0.0000000000000000
0.0000000000000000
0.0000000000000000
0.0000000000000000
0.0000000000000000
0.0000000000000000
0.0000000000000000
0.0000000000000000
0.0000000000000000
0.0000000000000000
0.0000000000000000
0.0000000000000000
0.0000000000000000
0.0000000000000000
0.0000000000000000
0.0000000000000000
0.0000000000000000
0.0000000000000000
0.0000000000000000
0.0000000000000000
0.0000000000000000
0.0000000000000000
0.0000000000000000
0.0000000000000000
0.0000000000000000
0.0000000000000000
0.0000000000000000
0.0000000000000000
0.0000000000000000
0.0000000000000000
0.0000000000000000
0.0000000000000000
0.0000000000000000
0.0000000000000000
0.0000000000000000
0.0000000000000000
0.0000000000000000
0.0000000000000000
0.0000000000000000
0.0000000000000000
0.0000000000000000
0.0000000000000000
0.0000000000000000
0.0000000000000000
0.0000000000000000
0.0000000000000000
0.0000000000000000
0.0000000000000000
0.0000000000000000
0.0000000000000000
0.0000000000000000
0.0000000000000000
0.0000000000000000
0.0000000000000000
0.0000000000000000
0.0000000000000000
0.0000000000000000
0.0000000000000000
0.0000000000000000
0.0000000000000000
0.0000000000000000
0.0000000000000000
0.0000000000000000
0.0000000000000000
0.0000000000000000
0.0000000000000000
0.0000000000000000
0.0000000000000000
0.0000000000000000
0.0000000000000000
0.0000000000000000
0.0000000000000000
0.0000000000000000
0.0000000000000000
0.0000000000000000
0.0000000000000000
0.0000000000000000
0.0000000000000000
0.0000000000000000
0.0000000000000000
0.0000000000000000
0.0000000000000000
0.0000000000000000
0.0000000000000000
0.0000000000000000
0.0000000000000000
0.0000000000000000
0.0000000000000000
0.0000000000000000
0.0000000000000000
0.0000000000000000
0.0000000000000000
0.0000000000000000
0.0000000000000000
0.0000000000000000
0.0000000000000000
0.0000000000000000
0.0000000000000000
0.0000000000000000
0.0000000000000000
0.0000000000000000
0.0000000000000000
0.0000000000000000
0.0000000000000000
0.0000000000000000
0.0000000000000000
0.0000000000000000
0.0000000000000000
0.0000000000000000
0.0000000000000000
0.0000000000000000
0.0000000000000000
0.0000000000000000
0.0000000000000000
0.0000000000000000
0.0000000000000000
0.0000000000000000
0.0000000000000000
0.0000000000000000
0.0000000000000000
0.0000000000000000
0.0000000000000000
0.0000000000000000
0.0000000000000000
0.0000000000000000
0.0000000000000000
0.0000000000000000
0.0000000000000000
0.0000000000000000
0.0000000000000000
0.0000000000000000
0.0000000000000000
0.0000000000000000
0.0000000000000000
0.0000000000000000
0.0000000000000000
0.0000000000000000
0.0000000000000000
0.0000000000000000
0.0000000000000000
0.0000000000000000
0.0000000000000000
0.0000000000000000
0.0000000000000000
0.0000000000000000
0.0000000000000000
0.0000000000000000
0.0000000000000000
0.0000000000000000
0.0000000000000000
0.0000000000000000
0.0000000000000000
0.0000000000000000
0.0000000000000000
0.0000000000000000
0.0000000000000000
0.0000000000000000
0.0000000000000000
0.0000000000000000
0.0000000000000000
0.0000000000000000
0.0000000000000000
0.0000000000000000
0.0000000000000000
0.0000000000000000
0.0000000000000000
0.0000000000000000
0.0000000000000000
0.0000000000000000
0.0000000000000000
0.0000000000000000
0.0000000000000000
0.0000000000000000
0.0000000000000000
0.0000000000000000
0.0000000000000000
0.0000000000000000
0.0000000000000000
0.0000000000000000
0.0000000000000000
0.0000000000000000
0.0000000000000000
0.0000000000000000
0.0000000000000000
0.0000000000000000
0.0000000000000000
0.0000000000000000
0.0000000000000000
0.0000000000000000
0.0000000000000000
0.0000000000000000
0.0000000000000000
0.0000000000000000
0.0000000000000000
0.0000000000000000
0.0000000000000000
0.0000000000000000
0.0000000000000000
0.0000000000000000
0.0000000000000000
0.0000000000000000
0.0000000000000000
0.0000000000000000
0.0000000000000000
0.0000000000000000
0.0000000000000000
0.0000000000000000
0.0000000000000000
0.0000000000000000
0.0000000000000000
0.0000000000000000
0.0000000000000000
0.0000000000000000
0.0000000000000000
0.0000000000000000
0.0000000000000000
0.0000000000000000
0.0000000000000000
0.0000000000000000
0.0000000000000000
0.0000000000000000
0.0000000000000000
0.0000000000000000
0.0000000000000000
0.0000000000000000
0.0000000000000000
0.0000000000000000
0.0000000000000000
0.0000000000000000
0.0000000000000000
0.0000000000000000
0.0000000000000000
0.0000000000000000
0.0000000000000000
0.0000000000000000
0.0000000000000000
0.0000000000000000
0.0000000000000000
0.0000000000000000
0.0000000000000000
0.0000000000000000
0.0000000000000000
0.0000000000000000
0.0000000000000000
0.0000000000000000
0.0000000000000000
0.0000000000000000
0.0000000000000000
0.0000000000000000
0.0000000000000000
0.0000000000000000
0.0000000000000000
0.0000000000000000
0.0000000000000000
0.0000000000000000
0.0000000000000000
0.0000000000000000
0.0000000000000000
0.0000000000000000
0.0000000000000000
0.0000000000000000
0.0000000000000000
0.0000000000000000
0.0000000000000000
0.0000000000000000
0.0000000000000000
0.0000000000000000
0.0000000000000000
0.0000000000000000
0.0000000000000000
0.0000000000000000
0.0000000000000000
0.0000000000000000
0.0000000000000000
0.0000000000000000
0.0000000000000000
0.0000000000000000
0.0000000000000000
0.0000000000000000
0.0000000000000000
0.0000000000000000
0.0000000000000000
0.0000000000000000
0.0000000000000000
0.0000000000000000
0.0000000000000000
0.0000000000000000
0.0000000000000000
0.0000000000000000
0.0000000000000000
0.0000000000000000
0.0000000000000000
0.0000000000000000
0.0000000000000000
0.0000000000000000
0.0000000000000000
0.0000000000000000
0.0000000000000000
0.0000000000000000
0.0000000000000000
0.0000000000000000
0.0000000000000000
0.0000000000000000
0.0000000000000000
0.0000000000000000
0.0000000000000000
0.0000000000000000
0.0000000000000000
0.0000000000000000
0.0000000000000000
0.0000000000000000
0.0000000000000000
0.0000000000000000
0.0000000000000000
0.0000000000000000
0.0000000000000000
0.0000000000000000
0.0000000000000000
0.0000000000000000
0.0000000000000000
0.0000000000000000
0.0000000000000000
0.0000000000000000
0.0000000000000000
0.0000000000000000
0.0000000000000000
0.0000000000000000
0.0000000000000000
0.0000000000000000
0.0000000000000000
0.0000000000000000
0.0000000000000000
0.0000000000000000
0.0000000000000000
0.0000000000000000
0.0000000000000000
0.0000000000000000
0.0000000000000000
0.0000000000000000
0.0000000000000000
0.0000000000000000
0.0000000000000000
0.0000000000000000
0.0000000000000000
0.0000000000000000
0.0000000000000000
0.0000000000000000
0.0000000000000000
0.0000000000000000
0.0000000000000000
0.0000000000000000
0.0000000000000000
0.0000000000000000
0.0000000000000000
0.0000000000000000
0.0000000000000000
0.0000000000000000
0.0000000000000000
0.0000000000000000
0.0000000000000000
0.0000000000000000
0.0000000000000000
0.0000000000000000
0.0000000000000000
0.0000000000000000
0.0000000000000000
0.0000000000000000
0.0000000000000000
0.0000000000000000
0.0000000000000000
0.0000000000000000
0.0000000000000000
0.0000000000000000
0.0000000000000000
0.0000000000000000
0.0000000000000000
0.0000000000000000
0.0000000000000000
0.0000000000000000
0.0000000000000000
0.0000000000000000
0.0000000000000000
0.0000000000000000
0.0000000000000000
0.0000000000000000
0.0000000000000000
0.0000000000000000
0.0000000000000000
0.0000000000000000
0.0000000000000000
0.0000000000000000
0.0000000000000000
0.0000000000000000
0.0000000000000000
0.0000000000000000
0.0000000000000000
0.0000000000000000
0.0000000000000000
0.0000000000000000
0.0000000000000000
0.0000000000000000
0.0000000000000000
0.0000000000000000
0.0000000000000000
0.0000000000000000
0.0000000000000000
0.0000000000000000
0.0000000000000000
0.0000000000000000
0.0000000000000000
0.0000000000000000
0.0000000000000000
0.0000000000000000
0.0000000000000000
0.0000000000000000
0.0000000000000000
0.0000000000000000
0.0000000000000000
0.0000000000000000
0.0000000000000000
0.0000000000000000
0.0000000000000000
0.0000000000000000
0.0000000000000000
0.0000000000000000
0.0000000000000000
0.0000000000000000
0.0000000000000000
0.0000000000000000
0.0000000000000000
0.0000000000000000
0.0000000000000000
0.0000000000000000
0.0000000000000000
0.0000000000000000
0.0000000000000000
0.0000000000000000
0.0000000000000000
0.0000000000000000
0.0000000000000000
0.0000000000000000
0.0000000000000000
0.0000000000000000
0.0000000000000000
0.0000000000000000
0.0000000000000000
0.0000000000000000
0.0000000000000000
0.0000000000000000
0.0000000000000000
0.0000000000000000
0.0000000000000000
0.0000000000000000
0.0000000000000000
0.0000000000000000
0.0000000000000000
0.0000000000000000
0.0000000000000000
0.0000000000000000
0.0000000000000000
0.0000000000000000
0.0000000000000000
0.0000000000000000
0.0000000000000000
0.0000000000000000
0.0000000000000000
0.0000000000000000
0.0000000000000000
0.0000000000000000
0.0000000000000000
0.0000000000000000
0.0000000000000000
0.0000000000000000
0.0000000000000000
0.0000000000000000
0.0000000000000000
0.0000000000000000
0.0000000000000000
0.0000000000000000
0.0000000000000000
0.0000000000000000
0.0000000000000000
0.0000000000000000
0.0000000000000000
0.0000000000000000
0.0000000000000000
0.0000000000000000
0.0000000000000000
0.0000000000000000
0.0000000000000000
0.0000000000000000
0.0000000000000000
0.0000000000000000
0.0000000000000000
0.0000000000000000
0.0000000000000000
0.0000000000000000
0.0000000000000000
0.0000000000000000
0.0000000000000000
0.0000000000000000
0.0000000000000000
0.0000000000000000
0.0000000000000000
0.0000000000000000
0.0000000000000000
0.0000000000000000
0.0000000000000000
0.0000000000000000
0.0000000000000000
0.0000000000000000
0.0000000000000000
0.0000000000000000
0.0000000000000000
0.0000000000000000
0.0000000000000000
0.0000000000000000
0.0000000000000000
0.0000000000000000
0.0000000000000000
0.0000000000000000
0.0000000000000000
0.0000000000000000
0.0000000000000000
0.0000000000000000
0.0000000000000000
0.0000000000000000
0.0000000000000000
0.0000000000000000
0.0000000000000000
0.0000000000000000
0.0000000000000000
0.0000000000000000
0.0000000000000000
0.0000000000000000
0.0000000000000000
0.0000000000000000
0.0000000000000000
0.0000000000000000
0.0000000000000000
0.0000000000000000
0.0000000000000000
0.0000000000000000
0.0000000000000000
0.0000000000000000
0.0000000000000000
0.0000000000000000
0.0000000000000000
0.0000000000000000
0.0000000000000000
0.0000000000000000
0.0000000000000000
0.0000000000000000
0.0000000000000000
0.0000000000000000
0.0000000000000000
0.0000000000000000
0.0000000000000000
0.0000000000000000
0.0000000000000000
0.0000000000000000
0.0000000000000000
0.0000000000000000
0.0000000000000000
0.0000000000000000
0.0000000000000000
0.0000000000000000
0.0000000000000000
0.0000000000000000
0.0000000000000000
0.0000000000000000
0.0000000000000000
0.0000000000000000
0.0000000000000000
0.0000000000000000
0.0000000000000000
0.0000000000000000
0.0000000000000000
0.0000000000000000
0.0000000000000000
0.0000000000000000
0.0000000000000000
0.0000000000000000
0.0000000000000000
0.0000000000000000
0.0000000000000000
0.0000000000000000
0.0000000000000000
0.0000000000000000
0.0000000000000000
0.0000000000000000
0.0000000000000000
0.0000000000000000
0.0000000000000000
0.0000000000000000
0.0000000000000000
0.0000000000000000
0.0000000000000000
0.0000000000000000
0.0000000000000000
0.0000000000000000
0.0000000000000000
0.0000000000000000
0.0000000000000000
0.0000000000000000
0.0000000000000000
0.0000000000000000
0.0000000000000000
0.0000000000000000
0.0000000000000000
0.0000000000000000
0.0000000000000000
0.0000000000000000
0.0000000000000000
0.0000000000000000
0.0000000000000000
0.0000000000000000
0.0000000000000000
0.0000000000000000
0.0000000000000000
0.0000000000000000
0.0000000000000000
0.0000000000000000
0.0000000000000000
0.0000000000000000
0.0000000000000000
0.0000000000000000
0.0000000000000000
0.0000000000000000
0.0000000000000000
0.0000000000000000
0.0000000000000000
0.0000000000000000
0.0000000000000000
0.0000000000000000
0.0000000000000000
0.0000000000000000
0.0000000000000000
0.0000000000000000
0.0000000000000000
0.0000000000000000
0.0000000000000000
0.0000000000000000
0.0000000000000000
0.0000000000000000
0.0000000000000000
0.0000000000000000
0.0000000000000000
0.0000000000000000
0.0000000000000000
0.0000000000000000
0.0000000000000000
0.0000000000000000
0.0000000000000000
0.0000000000000000
0.0000000000000000
0.0000000000000000
0.0000000000000000
0.0000000000000000
0.0000000000000000
0.0000000000000000
0.0000000000000000
0.0000000000000000
0.0000000000000000
0.0000000000000000
0.0000000000000000
0.0000000000000000
0.0000000000000000
0.0000000000000000
0.0000000000000000
0.0000000000000000
0.0000000000000000
0.0000000000000000
0.0000000000000000
0.0000000000000000
0.0000000000000000
0.0000000000000000
0.0000000000000000
0.0000000000000000
0.0000000000000000
0.0000000000000000
0.0000000000000000
0.0000000000000000
0.0000000000000000
0.0000000000000000
0.0000000000000000
0.0000000000000000
0.0000000000000000
0.0000000000000000
0.0000000000000000
0.0000000000000000
0.0000000000000000
0.0000000000000000
0.0000000000000000
0.0000000000000000
0.0000000000000000
0.0000000000000000
0.0000000000000000
0.0000000000000000
0.0000000000000000
0.0000000000000000
0.0000000000000000
0.0000000000000000
0.0000000000000000
0.0000000000000000
0.0000000000000000
0.0000000000000000
0.0000000000000000
0.0000000000000000
0.0000000000000000
0.0000000000000000
0.0000000000000000
0.0000000000000000
0.0000000000000000
0.0000000000000000
0.0000000000000000
0.0000000000000000
0.0000000000000000
0.0000000000000000
0.0000000000000000
0.0000000000000000
0.0000000000000000
0.0000000000000000
0.0000000000000000
0.0000000000000000
0.0000000000000000
0.0000000000000000
0.0000000000000000
0.0000000000000000
0.0000000000000000
0.0000000000000000
0.0000000000000000
0.0000000000000000
0.0000000000000000
0.0000000000000000
0.0000000000000000
0.0000000000000000
0.0000000000000000
0.0000000000000000
0.0000000000000000
0.0000000000000000
0.0000000000000000
0.0000000000000000
0.0000000000000000
0.0000000000000000
0.0000000000000000
0.0000000000000000
0.0000000000000000
0.0000000000000000
0.0000000000000000
0.0000000000000000
0.0000000000000000
0.0000000000000000
0.0000000000000000
0.0000000000000000
0.0000000000000000
0.0000000000000000
0.0000000000000000
0.0000000000000000
0.0000000000000000
0.0000000000000000
0.0000000000000000
0.0000000000000000
0.0000000000000000
0.0000000000000000
0.0000000000000000
0.0000000000000000
0.0000000000000000
0.0000000000000000
0.0000000000000000
0.0000000000000000
0.0000000000000000
0.0000000000000000
0.0000000000000000
0.0000000000000000
0.0000000000000000
0.0000000000000000
0.0000000000000000
0.0000000000000000
0.0000000000000000
0.0000000000000000
0.0000000000000000
0.0000000000000000
0.0000000000000000
0.0000000000000000
0.0000000000000000
0.0000000000000000
0.0000000000000000
0.0000000000000000
0.0000000000000000
0.0000000000000000
0.0000000000000000
0.0000000000000000
0.0000000000000000
0.0000000000000000
0.0000000000000000
0.0000000000000000
0.0000000000000000
0.0000000000000000
0.0000000000000000
0.0000000000000000
0.0000000000000000
0.0000000000000000
0.0000000000000000
0.0000000000000000
0.0000000000000000
0.0000000000000000
0.0000000000000000
0.0000000000000000
0.0000000000000000
0.0000000000000000
0.0000000000000000
0.0000000000000000
0.0000000000000000
0.0000000000000000
0.0000000000000000
0.0000000000000000
0.0000000000000000
0.0000000000000000
0.0000000000000000
0.0000000000000000
0.0000000000000000
0.0000000000000000
0.0000000000000000
0.0000000000000000
0.0000000000000000
0.0000000000000000
0.0000000000000000
0.0000000000000000
0.0000000000000000
0.0000000000000000
0.0000000000000000
0.0000000000000000
0.0000000000000000
0.0000000000000000
0.0000000000000000
0.0000000000000000
0.0000000000000000
0.0000000000000000
0.0000000000000000
0.0000000000000000
0.0000000000000000
0.0000000000000000
0.0000000000000000
0.0000000000000000
0.0000000000000000
0.0000000000000000
0.0000000000000000
0.0000000000000000
0.0000000000000000
0.0000000000000000
0.0000000000000000
0.0000000000000000
0.0000000000000000
0.0000000000000000
0.0000000000000000
0.0000000000000000
0.0000000000000000
0.0000000000000000
0.0000000000000000
0.0000000000000000
0.0000000000000000
0.0000000000000000
0.0000000000000000
0.0000000000000000
0.0000000000000000
0.0000000000000000
0.0000000000000000
0.0000000000000000
0.0000000000000000
0.0000000000000000
0.0000000000000000
0.0000000000000000
0.0000000000000000
0.0000000000000000
0.0000000000000000
0.0000000000000000
0.0000000000000000
0.0000000000000000
0.0000000000000000
0.0000000000000000
0.0000000000000000
0.0000000000000000
0.0000000000000000
0.0000000000000000
0.0000000000000000
0.0000000000000000
0.0000000000000000
0.0000000000000000
0.0000000000000000
0.0000000000000000
0.0000000000000000
0.0000000000000000
0.0000000000000000
0.0000000000000000
0.0000000000000000
0.0000000000000000
0.0000000000000000
0.0000000000000000
0.0000000000000000
0.0000000000000000
0.0000000000000000
0.0000000000000000
0.0000000000000000
0.0000000000000000
0.0000000000000000
0.0000000000000000
0.0000000000000000
0.0000000000000000
0.0000000000000000
0.0000000000000000
0.0000000000000000
0.0000000000000000
0.0000000000000000
0.0000000000000000
0.0000000000000000
0.0000000000000000
0.0000000000000000
0.0000000000000000
0.0000000000000000
0.0000000000000000
0.0000000000000000
0.0000000000000000
0.0000000000000000
0.0000000000000000
0.0000000000000000
0.0000000000000000
0.0000000000000000
0.0000000000000000
0.0000000000000000
0.0000000000000000
0.0000000000000000
0.0000000000000000
0.0000000000000000
0.0000000000000000
0.0000000000000000
0.0000000000000000
0.0000000000000000
0.0000000000000000
0.0000000000000000
0.0000000000000000
0.0000000000000000
0.0000000000000000
0.0000000000000000
0.0000000000000000
0.0000000000000000
0.0000000000000000
0.0000000000000000
0.0000000000000000
0.0000000000000000
0.0000000000000000
0.0000000000000000
0.0000000000000000
0.0000000000000000
0.0000000000000000
0.0000000000000000
0.0000000000000000
0.0000000000000000
0.0000000000000000
0.0000000000000000
0.0000000000000000
0.0000000000000000
0.0000000000000000
0.0000000000000000
0.0000000000000000
0.0000000000000000
0.0000000000000000
0.0000000000000000
0.0000000000000000
0.0000000000000000
0.0000000000000000
0.0000000000000000
0.0000000000000000
0.0000000000000000
0.0000000000000000
0.0000000000000000
0.0000000000000000
0.0000000000000000
0.0000000000000000
0.0000000000000000
0.0000000000000000
0.0000000000000000
0.0000000000000000
0.0000000000000000
0.0000000000000000
0.0000000000000000
0.0000000000000000
0.0000000000000000
0.0000000000000000
0.0000000000000000
0.0000000000000000
0.0000000000000000
0.0000000000000000
0.0000000000000000
0.0000000000000000
0.0000000000000000
0.0000000000000000
0.0000000000000000
0.0000000000000000
0.0000000000000000
0.0000000000000000
0.0000000000000000
0.0000000000000000
0.0000000000000000
0.0000000000000000
0.0000000000000000
0.0000000000000000
0.0000000000000000
0.0000000000000000
0.0000000000000000
0.0000000000000000
0.0000000000000000
0.0000000000000000
0.0000000000000000
0.0000000000000000
0.0000000000000000
0.0000000000000000
0.0000000000000000
0.0000000000000000
0.0000000000000000
0.0000000000000000
0.0000000000000000
0.0000000000000000
0.0000000000000000
0.0000000000000000
0.0000000000000000
0.0000000000000000
0.0000000000000000
0.0000000000000000
0.0000000000000000
0.0000000000000000
0.0000000000000000
0.0000000000000000
0.0000000000000000
0.0000000000000000
0.0000000000000000
0.0000000000000000
0.0000000000000000
0.0000000000000000
0.0000000000000000
0.0000000000000000
0.0000000000000000
0.0000000000000000
0.0000000000000000
0.0000000000000000
0.0000000000000000
0.0000000000000000
0.0000000000000000
0.0000000000000000
0.0000000000000000
0.0000000000000000
0.0000000000000000
0.0000000000000000
0.0000000000000000
0.0000000000000000
0.0000000000000000
0.0000000000000000
0.0000000000000000
0.0000000000000000
0.0000000000000000
0.0000000000000000
0.0000000000000000
0.0000000000000000
0.0000000000000000
0.0000000000000000
0.0000000000000000
0.0000000000000000
0.0000000000000000
0.0000000000000000
0.0000000000000000
0.0000000000000000
0.0000000000000000
0.0000000000000000
0.0000000000000000
0.0000000000000000
0.0000000000000000
0.0000000000000000
0.0000000000000000
0.0000000000000000
0.0000000000000000
0.0000000000000000
0.0000000000000000
0.0000000000000000
0.0000000000000000
0.0000000000000000
0.0000000000000000
0.0000000000000000
0.0000000000000000
0.0000000000000000
0.0000000000000000
0.0000000000000000
0.0000000000000000
0.0000000000000000
0.0000000000000000
0.0000000000000000
0.0000000000000000
0.0000000000000000
0.0000000000000000
0.0000000000000000
0.0000000000000000
0.0000000000000000
0.0000000000000000
0.0000000000000000
0.0000000000000000
0.0000000000000000
0.0000000000000000
0.0000000000000000
0.0000000000000000
0.0000000000000000
0.0000000000000000
0.0000000000000000
0.0000000000000000
0.0000000000000000
0.0000000000000000
0.0000000000000000
0.0000000000000000
0.0000000000000000
0.0000000000000000
0.0000000000000000
0.0000000000000000
0.0000000000000000
0.0000000000000000
0.0000000000000000
0.0000000000000000
0.0000000000000000
0.0000000000000000
0.0000000000000000
0.0000000000000000
0.0000000000000000
0.0000000000000000
0.0000000000000000
0.0000000000000000
0.0000000000000000
0.0000000000000000
0.0000000000000000
0.0000000000000000
0.0000000000000000
0.0000000000000000
0.0000000000000000
0.0000000000000000
0.0000000000000000
0.0000000000000000
0.0000000000000000
0.0000000000000000
0.0000000000000000
0.0000000000000000
0.0000000000000000
0.0000000000000000
0.0000000000000000
0.0000000000000000
0.0000000000000000
0.0000000000000000
0.0000000000000000
0.0000000000000000
0.0000000000000000
0.0000000000000000
0.0000000000000000
0.0000000000000000
0.0000000000000000
0.0000000000000000
0.0000000000000000
0.0000000000000000
0.0000000000000000
0.0000000000000000
0.0000000000000000
0.0000000000000000
0.0000000000000000
0.0000000000000000
0.0000000000000000
0.0000000000000000
0.0000000000000000
0.0000000000000000
0.0000000000000000
0.0000000000000000
0.0000000000000000
0.0000000000000000
0.0000000000000000
0.0000000000000000
0.0000000000000000
0.0000000000000000
0.0000000000000000
0.0000000000000000
0.0000000000000000
0.0000000000000000
0.0000000000000000
0.0000000000000000
0.0000000000000000
0.0000000000000000
0.0000000000000000
0.0000000000000000
0.0000000000000000
0.0000000000000000
0.0000000000000000
0.0000000000000000
0.0000000000000000
0.0000000000000000
0.0000000000000000
0.0000000000000000
0.0000000000000000
0.0000000000000000
0.0000000000000000
0.0000000000000000
0.0000000000000000
0.0000000000000000
0.0000000000000000
0.0000000000000000
0.0000000000000000
0.0000000000000000
0.0000000000000000
0.0000000000000000
0.0000000000000000
0.0000000000000000
0.0000000000000000
0.0000000000000000
0.0000000000000000
0.0000000000000000
0.0000000000000000
0.0000000000000000
0.0000000000000000
0.0000000000000000
0.0000000000000000
0.0000000000000000
0.0000000000000000
0.0000000000000000
0.0000000000000000
0.0000000000000000
0.0000000000000000
0.0000000000000000
0.0000000000000000
0.0000000000000000
0.0000000000000000
0.0000000000000000
0.0000000000000000
0.0000000000000000
0.0000000000000000
0.0000000000000000
0.0000000000000000
0.0000000000000000
0.0000000000000000
0.0000000000000000
0.0000000000000000
0.0000000000000000
0.0000000000000000
0.0000000000000000
0.0000000000000000
0.0000000000000000
0.0000000000000000
0.0000000000000000
0.0000000000000000
0.0000000000000000
0.0000000000000000
0.0000000000000000
0.0000000000000000
0.0000000000000000
0.0000000000000000
0.0000000000000000
0.0000000000000000
0.0000000000000000
0.0000000000000000
0.0000000000000000
0.0000000000000000
0.0000000000000000
0.0000000000000000
0.0000000000000000
0.0000000000000000
0.0000000000000000
0.0000000000000000
0.0000000000000000
0.0000000000000000
0.0000000000000000
0.0000000000000000
0.0000000000000000
0.0000000000000000
0.0000000000000000
0.0000000000000000
0.0000000000000000
0.0000000000000000
0.0000000000000000
0.0000000000000000
0.0000000000000000
0.0000000000000000
0.0000000000000000
0.0000000000000000
0.0000000000000000
0.0000000000000000
0.0000000000000000
0.0000000000000000
0.0000000000000000
0.0000000000000000
0.0000000000000000
0.0000000000000000
0.0000000000000000
0.0000000000000000
0.0000000000000000
0.0000000000000000
0.0000000000000000
0.0000000000000000
0.0000000000000000
0.0000000000000000
0.0000000000000000
0.0000000000000000
0.0000000000000000
0.0000000000000000
0.0000000000000000
0.0000000000000000
0.0000000000000000
0.0000000000000000
0.0000000000000000
0.0000000000000000
0.0000000000000000
0.0000000000000000
0.0000000000000000
0.0000000000000000
0.0000000000000000
0.0000000000000000
0.0000000000000000
0.0000000000000000
0.0000000000000000
0.0000000000000000
0.0000000000000000
0.0000000000000000
0.0000000000000000
0.0000000000000000
0.0000000000000000
0.0000000000000000
0.0000000000000000
0.0000000000000000
0.0000000000000000
0.0000000000000000
0.0000000000000000
0.0000000000000000
0.0000000000000000
0.0000000000000000
0.0000000000000000
0.0000000000000000
0.0000000000000000
0.0000000000000000
0.0000000000000000
0.0000000000000000
0.0000000000000000
0.0000000000000000
0.0000000000000000
0.0000000000000000
0.0000000000000000
0.0000000000000000
0.0000000000000000
0.0000000000000000
0.0000000000000000
0.0000000000000000
0.0000000000000000
0.0000000000000000
0.0000000000000000
0.0000000000000000
0.0000000000000000
0.0000000000000000
0.0000000000000000
0.0000000000000000
0.0000000000000000
0.0000000000000000
0.0000000000000000
0.0000000000000000
0.0000000000000000
0.0000000000000000
0.0000000000000000
0.0000000000000000
0.0000000000000000
0.0000000000000000
0.0000000000000000
0.0000000000000000
0.0000000000000000
0.0000000000000000
0.0000000000000000
0.0000000000000000
0.0000000000000000
0.0000000000000000
0.0000000000000000
0.0000000000000000
0.0000000000000000
0.0000000000000000
0.0000000000000000
0.0000000000000000
0.0000000000000000
0.0000000000000000
0.0000000000000000
0.0000000000000000
0.0000000000000000
0.0000000000000000
0.0000000000000000
0.0000000000000000
0.0000000000000000
0.0000000000000000
0.0000000000000000
0.0000000000000000
0.0000000000000000
0.0000000000000000
0.0000000000000000
0.0000000000000000
0.0000000000000000
0.0000000000000000
0.0000000000000000
0.0000000000000000
0.0000000000000000
0.0000000000000000
0.0000000000000000
0.0000000000000000
0.0000000000000000
0.0000000000000000
0.0000000000000000
0.0000000000000000
0.0000000000000000
0.0000000000000000
0.0000000000000000
0.0000000000000000
0.0000000000000000
0.0000000000000000
0.0000000000000000
0.0000000000000000
0.0000000000000000
0.0000000000000000
0.0000000000000000
0.0000000000000000
0.0000000000000000
0.0000000000000000
0.0000000000000000
0.0000000000000000
0.0000000000000000
0.0000000000000000
0.0000000000000000
0.0000000000000000
0.0000000000000000
0.0000000000000000
0.0000000000000000
0.0000000000000000
0.0000000000000000
0.0000000000000000
0.0000000000000000
0.0000000000000000
0.0000000000000000
0.0000000000000000
0.0000000000000000
0.0000000000000000
0.0000000000000000
0.0000000000000000
0.0000000000000000
0.0000000000000000
0.0000000000000000
0.0000000000000000
0.0000000000000000
0.0000000000000000
0.0000000000000000
0.0000000000000000
0.0000000000000000
0.0000000000000000
0.0000000000000000
0.0000000000000000
0.0000000000000000
0.0000000000000000
0.0000000000000000
0.0000000000000000
0.0000000000000000
0.0000000000000000
0.0000000000000000
0.0000000000000000
0.0000000000000000
0.0000000000000000
0.0000000000000000
0.0000000000000000
0.0000000000000000
0.0000000000000000
0.0000000000000000
0.0000000000000000
0.0000000000000000
0.0000000000000000
0.0000000000000000
0.0000000000000000
0.0000000000000000
0.0000000000000000
0.0000000000000000
0.0000000000000000
0.0000000000000000
0.0000000000000000
0.0000000000000000
0.0000000000000000
0.0000000000000000
0.0000000000000000
0.0000000000000000
0.0000000000000000
0.0000000000000000
0.0000000000000000
0.0000000000000000
0.0000000000000000
0.0000000000000000
0.0000000000000000
0.0000000000000000
0.0000000000000000
0.0000000000000000
0.0000000000000000
0.0000000000000000
0.0000000000000000
0.0000000000000000
0.0000000000000000
0.0000000000000000
0.0000000000000000
0.0000000000000000
0.0000000000000000
0.0000000000000000
0.0000000000000000
0.0000000000000000
0.0000000000000000
0.0000000000000000
0.0000000000000000
0.0000000000000000
0.0000000000000000
0.0000000000000000
0.0000000000000000
0.0000000000000000
0.0000000000000000
0.0000000000000000
0.0000000000000000
0.0000000000000000
0.0000000000000000
0.0000000000000000
0.0000000000000000
0.0000000000000000
0.0000000000000000
0.0000000000000000
0.0000000000000000
0.0000000000000000
0.0000000000000000
0.0000000000000000
0.0000000000000000
0.0000000000000000
0.0000000000000000
0.0000000000000000
0.0000000000000000
0.0000000000000000
0.0000000000000000
0.0000000000000000
0.0000000000000000
0.0000000000000000
0.0000000000000000
0.0000000000000000
0.0000000000000000
0.0000000000000000
0.0000000000000000
0.0000000000000000
0.0000000000000000
0.0000000000000000
0.0000000000000000
0.0000000000000000
0.0000000000000000
0.0000000000000000
0.0000000000000000
0.0000000000000000
0.0000000000000000
0.0000000000000000
0.0000000000000000
0.0000000000000000
0.0000000000000000
0.0000000000000000
0.0000000000000000
0.0000000000000000
0.0000000000000000
0.0000000000000000
0.0000000000000000
0.0000000000000000
0.0000000000000000
0.0000000000000000
0.0000000000000000
0.0000000000000000
0.0000000000000000
0.0000000000000000
0.0000000000000000
0.0000000000000000
0.0000000000000000
0.0000000000000000
0.0000000000000000
0.0000000000000000
0.0000000000000000
0.0000000000000000
0.0000000000000000
0.0000000000000000
0.0000000000000000
0.0000000000000000
0.0000000000000000
0.0000000000000000
0.0000000000000000
0.0000000000000000
0.0000000000000000
0.0000000000000000
0.0000000000000000
0.0000000000000000
0.0000000000000000
0.0000000000000000
0.0000000000000000
0.0000000000000000
0.0000000000000000
0.0000000000000000
0.0000000000000000
0.0000000000000000
0.0000000000000000
0.0000000000000000
0.0000000000000000
0.0000000000000000
0.0000000000000000
0.0000000000000000
0.0000000000000000
0.0000000000000000
0.0000000000000000
0.0000000000000000
0.0000000000000000
0.0000000000000000
0.0000000000000000
0.0000000000000000
0.0000000000000000
0.0000000000000000
0.0000000000000000
0.0000000000000000
0.0000000000000000
0.0000000000000000
0.0000000000000000
0.0000000000000000
0.0000000000000000
0.0000000000000000
0.0000000000000000
0.0000000000000000
0.0000000000000000
0.0000000000000000
0.0000000000000000
0.0000000000000000
0.0000000000000000
0.0000000000000000
0.0000000000000000
0.0000000000000000
0.0000000000000000
0.0000000000000000
0.0000000000000000
0.0000000000000000
0.0000000000000000
0.0000000000000000
0.0000000000000000
0.0000000000000000
0.0000000000000000
0.0000000000000000
0.0000000000000000
0.0000000000000000
0.0000000000000000
0.0000000000000000
0.0000000000000000
0.0000000000000000
0.0000000000000000
0.0000000000000000
0.0000000000000000
0.0000000000000000
0.0000000000000000
0.0000000000000000
0.0000000000000000
0.0000000000000000
0.0000000000000000
0.0000000000000000
0.0000000000000000
0.0000000000000000
0.0000000000000000
0.0000000000000000
0.0000000000000000
0.0000000000000000
0.0000000000000000
0.0000000000000000
0.0000000000000000
0.0000000000000000
0.0000000000000000
0.0000000000000000
0.0000000000000000
0.0000000000000000
0.0000000000000000
0.0000000000000000
0.0000000000000000
0.0000000000000000
0.0000000000000000
0.0000000000000000
0.0000000000000000
0.0000000000000000
0.0000000000000000
0.0000000000000000
0.0000000000000000
0.0000000000000000
0.0000000000000000
0.0000000000000000
0.0000000000000000
0.0000000000000000
0.0000000000000000
0.0000000000000000
0.0000000000000000
0.0000000000000000
0.0000000000000000
0.0000000000000000
0.0000000000000000
0.0000000000000000
0.0000000000000000
0.0000000000000000
0.0000000000000000
0.0000000000000000
0.0000000000000000
0.0000000000000000
0.0000000000000000
0.0000000000000000
0.0000000000000000
0.0000000000000000
0.0000000000000000
0.0000000000000000
0.0000000000000000
0.0000000000000000
0.0000000000000000
0.0000000000000000
0.0000000000000000
0.0000000000000000
0.0000000000000000
0.0000000000000000
0.0000000000000000
0.0000000000000000
0.0000000000000000
0.0000000000000000
0.0000000000000000
0.0000000000000000
0.0000000000000000
0.0000000000000000
0.0000000000000000
0.0000000000000000
0.0000000000000000
0.0000000000000000
0.0000000000000000
0.0000000000000000
0.0000000000000000
0.0000000000000000
0.0000000000000000
0.0000000000000000
0.0000000000000000
0.0000000000000000
0.0000000000000000
0.0000000000000000
0.0000000000000000
0.0000000000000000
0.0000000000000000
0.0000000000000000
0.0000000000000000
0.0000000000000000
0.0000000000000000
0.0000000000000000
0.0000000000000000
0.0000000000000000
0.0000000000000000
0.0000000000000000
0.0000000000000000
0.0000000000000000
0.0000000000000000
0.0000000000000000
0.0000000000000000
0.0000000000000000
0.0000000000000000
0.0000000000000000
0.0000000000000000
0.0000000000000000
0.0000000000000000
0.0000000000000000
0.0000000000000000
0.0000000000000000
0.0000000000000000
0.0000000000000000
0.0000000000000000
0.0000000000000000
0.0000000000000000
0.0000000000000000
0.0000000000000000
0.0000000000000000
0.0000000000000000
0.0000000000000000
0.0000000000000000
0.0000000000000000
0.0000000000000000
0.0000000000000000
0.0000000000000000
0.0000000000000000
0.0000000000000000
0.0000000000000000
0.0000000000000000
0.0000000000000000
0.0000000000000000
0.0000000000000000
0.0000000000000000
0.0000000000000000
0.0000000000000000
0.0000000000000000
0.0000000000000000
0.0000000000000000
0.0000000000000000
0.0000000000000000
0.0000000000000000
0.0000000000000000
0.0000000000000000
0.0000000000000000
0.0000000000000000
0.0000000000000000
0.0000000000000000
0.0000000000000000
0.0000000000000000
0.0000000000000000
0.0000000000000000
0.0000000000000000
0.0000000000000000
0.0000000000000000
0.0000000000000000
0.0000000000000000
0.0000000000000000
0.0000000000000000
0.0000000000000000
0.0000000000000000
0.0000000000000000
0.0000000000000000
0.0000000000000000
0.0000000000000000
0.0000000000000000
0.0000000000000000
0.0000000000000000
0.0000000000000000
0.0000000000000000
0.0000000000000000
0.0000000000000000
0.0000000000000000
0.0000000000000000
0.0000000000000000
0.0000000000000000
0.0000000000000000
0.0000000000000000
0.0000000000000000
0.0000000000000000
0.0000000000000000
0.0000000000000000
0.0000000000000000
0.0000000000000000
0.0000000000000000
0.0000000000000000
0.0000000000000000
0.0000000000000000
0.0000000000000000
0.0000000000000000
0.0000000000000000
0.0000000000000000
0.0000000000000000
0.0000000000000000
0.0000000000000000
0.0000000000000000
0.0000000000000000
0.0000000000000000
0.0000000000000000
0.0000000000000000
0.0000000000000000
0.0000000000000000
0.0000000000000000
0.0000000000000000
0.0000000000000000
0.0000000000000000
0.0000000000000000
0.0000000000000000
0.0000000000000000
0.0000000000000000
0.0000000000000000
0.0000000000000000
0.0000000000000000
0.0000000000000000
0.0000000000000000
0.0000000000000000
0.0000000000000000
0.0000000000000000
0.0000000000000000
0.0000000000000000
0.0000000000000000
0.0000000000000000
0.0000000000000000
0.0000000000000000
0.0000000000000000
0.0000000000000000
0.0000000000000000
0.0000000000000000
0.0000000000000000
0.0000000000000000
0.0000000000000000
0.0000000000000000
0.0000000000000000
0.0000000000000000
0.0000000000000000
0.0000000000000000
0.0000000000000000
0.0000000000000000
0.0000000000000000
0.0000000000000000
0.0000000000000000
0.0000000000000000
0.0000000000000000
0.0000000000000000
0.0000000000000000
0.0000000000000000
0.0000000000000000
0.0000000000000000
0.0000000000000000
0.0000000000000000
0.0000000000000000
0.0000000000000000
0.0000000000000000
0.0000000000000000
0.0000000000000000
0.0000000000000000
0.0000000000000000
0.0000000000000000
0.0000000000000000
0.0000000000000000
0.0000000000000000
0.0000000000000000
0.0000000000000000
0.0000000000000000
0.0000000000000000
0.0000000000000000
0.0000000000000000
0.0000000000000000
0.0000000000000000
0.0000000000000000
0.0000000000000000
0.0000000000000000
0.0000000000000000
0.0000000000000000
0.0000000000000000
0.0000000000000000
0.0000000000000000
0.0000000000000000
0.0000000000000000
0.0000000000000000
0.0000000000000000
0.0000000000000000
0.0000000000000000
0.0000000000000000
0.0000000000000000
0.0000000000000000
0.0000000000000000
0.0000000000000000
0.0000000000000000
0.0000000000000000
0.0000000000000000
0.0000000000000000
0.0000000000000000
0.0000000000000000
0.0000000000000000
0.0000000000000000
0.0000000000000000
0.0000000000000000
0.0000000000000000
0.0000000000000000
0.0000000000000000
0.0000000000000000
0.0000000000000000
0.0000000000000000
0.0000000000000000
0.0000000000000000
0.0000000000000000
0.0000000000000000
0.0000000000000000
0.0000000000000000
0.0000000000000000
0.0000000000000000
0.0000000000000000
0.0000000000000000
0.0000000000000000
0.0000000000000000
0.0000000000000000
0.0000000000000000
0.0000000000000000
0.0000000000000000
0.0000000000000000
0.0000000000000000
0.0000000000000000
0.0000000000000000
0.0000000000000000
0.0000000000000000
0.0000000000000000
0.0000000000000000
0.0000000000000000
0.0000000000000000
0.0000000000000000
0.0000000000000000
0.0000000000000000
0.0000000000000000
0.0000000000000000
0.0000000000000000
0.0000000000000000
0.0000000000000000
0.0000000000000000
0.0000000000000000
0.0000000000000000
0.0000000000000000
0.0000000000000000
0.0000000000000000
0.0000000000000000
0.0000000000000000
0.0000000000000000
0.0000000000000000
0.0000000000000000
0.0000000000000000
0.0000000000000000
0.0000000000000000
0.0000000000000000
0.0000000000000000
0.0000000000000000
0.0000000000000000
0.0000000000000000
0.0000000000000000
0.0000000000000000
0.0000000000000000
0.0000000000000000
0.0000000000000000
0.0000000000000000
0.0000000000000000
0.0000000000000000
0.0000000000000000
0.0000000000000000
0.0000000000000000
0.0000000000000000
0.0000000000000000
0.0000000000000000
0.0000000000000000
0.0000000000000000
0.0000000000000000
0.0000000000000000
0.0000000000000000
0.0000000000000000
0.0000000000000000
0.0000000000000000
0.0000000000000000
0.0000000000000000
0.0000000000000000
0.0000000000000000
0.0000000000000000
0.0000000000000000
0.0000000000000000
0.0000000000000000
0.0000000000000000
0.0000000000000000
0.0000000000000000
0.0000000000000000
0.0000000000000000
0.0000000000000000
0.0000000000000000
0.0000000000000000
0.0000000000000000
0.0000000000000000
0.0000000000000000
0.0000000000000000
0.0000000000000000
0.0000000000000000
0.0000000000000000
0.0000000000000000
0.0000000000000000
0.0000000000000000
0.0000000000000000
0.0000000000000000
0.0000000000000000
0.0000000000000000
0.0000000000000000
0.0000000000000000
0.0000000000000000
0.0000000000000000
0.0000000000000000
0.0000000000000000
0.0000000000000000
0.0000000000000000
0.0000000000000000
0.0000000000000000
0.0000000000000000
0.0000000000000000
0.0000000000000000
0.0000000000000000
0.0000000000000000
0.0000000000000000
0.0000000000000000
0.0000000000000000
0.0000000000000000
0.0000000000000000
0.0000000000000000
0.0000000000000000
0.0000000000000000
0.0000000000000000
0.0000000000000000
0.0000000000000000
0.0000000000000000
0.0000000000000000
0.0000000000000000
0.0000000000000000
0.0000000000000000
0.0000000000000000
0.0000000000000000
0.0000000000000000
0.0000000000000000
0.0000000000000000
0.0000000000000000
0.0000000000000000
0.0000000000000000
0.0000000000000000
0.0000000000000000
0.0000000000000000
0.0000000000000000
0.0000000000000000
0.0000000000000000
0.0000000000000000
0.0000000000000000
0.0000000000000000
0.0000000000000000
0.0000000000000000
0.0000000000000000
0.0000000000000000
0.0000000000000000
0.0000000000000000
0.0000000000000000
0.0000000000000000
0.0000000000000000
0.0000000000000000
0.0000000000000000
0.0000000000000000
0.0000000000000000
0.0000000000000000
0.0000000000000000
0.0000000000000000
0.0000000000000000
0.0000000000000000
0.0000000000000000
0.0000000000000000
0.0000000000000000
0.0000000000000000
0.0000000000000000
0.0000000000000000
0.0000000000000000
0.0000000000000000
0.0000000000000000
0.0000000000000000
0.0000000000000000
0.0000000000000000
0.0000000000000000
0.0000000000000000
0.0000000000000000
0.0000000000000000
0.0000000000000000
0.0000000000000000
0.0000000000000000
0.0000000000000000
0.0000000000000000
0.0000000000000000
0.0000000000000000
0.0000000000000000
0.0000000000000000
0.0000000000000000
0.0000000000000000
0.0000000000000000
0.0000000000000000
0.0000000000000000
0.0000000000000000
0.0000000000000000
0.0000000000000000
0.0000000000000000
0.0000000000000000
0.0000000000000000
0.0000000000000000
0.0000000000000000
0.0000000000000000
0.0000000000000000
0.0000000000000000
0.0000000000000000
0.0000000000000000
0.0000000000000000
0.0000000000000000
0.0000000000000000
0.0000000000000000
0.0000000000000000
0.0000000000000000
0.0000000000000000
0.0000000000000000
0.0000000000000000
0.0000000000000000
0.0000000000000000
0.0000000000000000
0.0000000000000000
0.0000000000000000
0.0000000000000000
0.0000000000000000
0.0000000000000000
0.0000000000000000
0.0000000000000000
0.0000000000000000
0.0000000000000000
0.0000000000000000
0.0000000000000000
0.0000000000000000
0.0000000000000000
0.0000000000000000
0.0000000000000000
0.0000000000000000
0.0000000000000000
0.0000000000000000
0.0000000000000000
0.0000000000000000
0.0000000000000000
0.0000000000000000
0.0000000000000000
0.0000000000000000
0.0000000000000000
0.0000000000000000
0.0000000000000000
0.0000000000000000
0.0000000000000000
0.0000000000000000
0.0000000000000000
0.0000000000000000
0.0000000000000000
0.0000000000000000
0.0000000000000000
0.0000000000000000
0.0000000000000000
0.0000000000000000
0.0000000000000000
0.0000000000000000
0.0000000000000000
0.0000000000000000
0.0000000000000000
0.0000000000000000
0.0000000000000000
0.0000000000000000
0.0000000000000000
0.0000000000000000
0.0000000000000000
0.0000000000000000
0.0000000000000000
0.0000000000000000
0.0000000000000000
0.0000000000000000
0.0000000000000000
0.0000000000000000
0.0000000000000000
0.0000000000000000
0.0000000000000000
0.0000000000000000
0.0000000000000000
0.0000000000000000
0.0000000000000000
0.0000000000000000
0.0000000000000000
0.0000000000000000
0.0000000000000000
0.0000000000000000
0.0000000000000000
0.0000000000000000
0.0000000000000000
0.0000000000000000
0.0000000000000000
0.0000000000000000
0.0000000000000000
0.0000000000000000
0.0000000000000000
0.0000000000000000
0.0000000000000000
0.0000000000000000
0.0000000000000000
0.0000000000000000
0.0000000000000000
0.0000000000000000
0.0000000000000000
0.0000000000000000
0.0000000000000000
0.0000000000000000
0.0000000000000000
0.0000000000000000
0.0000000000000000
0.0000000000000000
0.0000000000000000
0.0000000000000000
0.0000000000000000
0.0000000000000000
0.0000000000000000
0.0000000000000000
0.0000000000000000
0.0000000000000000
0.0000000000000000
0.0000000000000000
0.0000000000000000
0.0000000000000000
0.0000000000000000
0.0000000000000000
0.0000000000000000
0.0000000000000000
0.0000000000000000
0.0000000000000000
0.0000000000000000
0.0000000000000000
0.0000000000000000
0.0000000000000000
0.0000000000000000
0.0000000000000000
0.0000000000000000
0.0000000000000000
0.0000000000000000
0.0000000000000000
0.0000000000000000
0.0000000000000000
0.0000000000000000
0.0000000000000000
0.0000000000000000
0.0000000000000000
0.0000000000000000
0.0000000000000000
0.0000000000000000
0.0000000000000000
0.0000000000000000
0.0000000000000000
0.0000000000000000
0.0000000000000000
0.0000000000000000
0.0000000000000000
0.0000000000000000
0.0000000000000000
0.0000000000000000
0.0000000000000000
0.0000000000000000
0.0000000000000000
0.0000000000000000
0.0000000000000000
0.0000000000000000
0.0000000000000000
0.0000000000000000
0.0000000000000000
0.0000000000000000
0.0000000000000000
0.0000000000000000
0.0000000000000000
0.0000000000000000
0.0000000000000000
0.0000000000000000
0.0000000000000000
0.0000000000000000
0.0000000000000000
0.0000000000000000
0.0000000000000000
0.0000000000000000
0.0000000000000000
0.0000000000000000
0.0000000000000000
0.0000000000000000
0.0000000000000000
0.0000000000000000
0.0000000000000000
0.0000000000000000
0.0000000000000000
0.0000000000000000
0.0000000000000000
0.0000000000000000
0.0000000000000000
0.0000000000000000
0.0000000000000000
0.0000000000000000
0.0000000000000000
0.0000000000000000
0.0000000000000000
0.0000000000000000
0.0000000000000000
0.0000000000000000
0.0000000000000000
0.0000000000000000
0.0000000000000000
0.0000000000000000
0.0000000000000000
0.0000000000000000
0.0000000000000000
0.0000000000000000
0.0000000000000000
0.0000000000000000
0.0000000000000000
0.0000000000000000
0.0000000000000000
0.0000000000000000
0.0000000000000000
0.0000000000000000
0.0000000000000000
0.0000000000000000
0.0000000000000000
0.0000000000000000
0.0000000000000000
0.0000000000000000
0.0000000000000000
0.0000000000000000
0.0000000000000000
0.0000000000000000
0.0000000000000000
0.0000000000000000
0.0000000000000000
0.0000000000000000
0.0000000000000000
0.0000000000000000
0.0000000000000000
0.0000000000000000
0.0000000000000000
0.0000000000000000
0.0000000000000000
0.0000000000000000
0.0000000000000000
0.0000000000000000
0.0000000000000000
0.0000000000000000
0.0000000000000000
0.0000000000000000
0.0000000000000000
0.0000000000000000
0.0000000000000000
0.0000000000000000
0.0000000000000000
0.0000000000000000
0.0000000000000000
0.0000000000000000
0.0000000000000000
0.0000000000000000
0.0000000000000000
0.0000000000000000
0.0000000000000000
0.0000000000000000
0.0000000000000000
0.0000000000000000
0.0000000000000000
0.0000000000000000
0.0000000000000000
0.0000000000000000
0.0000000000000000
0.0000000000000000
0.0000000000000000
0.0000000000000000
0.0000000000000000
0.0000000000000000
0.0000000000000000
0.0000000000000000
0.0000000000000000
0.0000000000000000
0.0000000000000000
0.0000000000000000
0.0000000000000000
0.0000000000000000
0.0000000000000000
0.0000000000000000
0.0000000000000000
0.0000000000000000
0.0000000000000000
0.0000000000000000
0.0000000000000000
0.0000000000000000
0.0000000000000000
0.0000000000000000
0.0000000000000000
0.0000000000000000
0.0000000000000000
0.0000000000000000
0.0000000000000000
0.0000000000000000
0.0000000000000000
0.0000000000000000
0.0000000000000000
0.0000000000000000
0.0000000000000000
0.0000000000000000
0.0000000000000000
0.0000000000000000
0.0000000000000000
0.0000000000000000
0.0000000000000000
0.0000000000000000
0.0000000000000000
0.0000000000000000
0.0000000000000000
0.0000000000000000
0.0000000000000000
0.0000000000000000
0.0000000000000000
0.0000000000000000
0.0000000000000000
0.0000000000000000
0.0000000000000000
0.0000000000000000
0.0000000000000000
0.0000000000000000
0.0000000000000000
0.0000000000000000
0.0000000000000000
0.0000000000000000
0.0000000000000000
0.0000000000000000
0.0000000000000000
0.0000000000000000
0.0000000000000000
0.0000000000000000
0.0000000000000000
0.0000000000000000
0.0000000000000000
0.0000000000000000
0.0000000000000000
0.0000000000000000
0.0000000000000000
0.0000000000000000
0.0000000000000000
0.0000000000000000
0.0000000000000000
0.0000000000000000
0.0000000000000000
0.0000000000000000
0.0000000000000000
0.0000000000000000
0.0000000000000000
0.0000000000000000
0.0000000000000000
0.0000000000000000
0.0000000000000000
0.0000000000000000
0.0000000000000000
0.0000000000000000
0.0000000000000000
0.0000000000000000
0.0000000000000000
0.0000000000000000
0.0000000000000000
0.0000000000000000
0.0000000000000000
0.0000000000000000
0.0000000000000000
0.0000000000000000
0.0000000000000000
0.0000000000000000
0.0000000000000000
0.0000000000000000
0.0000000000000000
0.0000000000000000
0.0000000000000000
0.0000000000000000
0.0000000000000000
0.0000000000000000
0.0000000000000000
0.0000000000000000
0.0000000000000000
0.0000000000000000
0.0000000000000000
0.0000000000000000
0.0000000000000000
0.0000000000000000
0.0000000000000000
0.0000000000000000
0.0000000000000000
0.0000000000000000
0.0000000000000000
0.0000000000000000
0.0000000000000000
0.0000000000000000
0.0000000000000000
0.0000000000000000
0.0000000000000000
0.0000000000000000
0.0000000000000000
0.0000000000000000
0.0000000000000000
0.0000000000000000
0.0000000000000000
0.0000000000000000
0.0000000000000000
0.0000000000000000
0.0000000000000000
0.0000000000000000
0.0000000000000000
0.0000000000000000
0.0000000000000000
0.0000000000000000
0.0000000000000000
0.0000000000000000
0.0000000000000000
0.0000000000000000
0.0000000000000000
0.0000000000000000
0.0000000000000000
0.0000000000000000
0.0000000000000000
0.0000000000000000
0.0000000000000000
0.0000000000000000
0.0000000000000000
0.0000000000000000
0.0000000000000000
0.0000000000000000
0.0000000000000000
0.0000000000000000
0.0000000000000000
0.0000000000000000
0.0000000000000000
0.0000000000000000
0.0000000000000000
0.0000000000000000
0.0000000000000000
0.0000000000000000
0.0000000000000000
0.0000000000000000
0.0000000000000000
0.0000000000000000
0.0000000000000000
0.0000000000000000
0.0000000000000000
0.0000000000000000
0.0000000000000000
0.0000000000000000
0.0000000000000000
0.0000000000000000
0.0000000000000000
0.0000000000000000
0.0000000000000000
0.0000000000000000
0.0000000000000000
0.0000000000000000
0.0000000000000000
0.0000000000000000
0.0000000000000000
0.0000000000000000
0.0000000000000000
0.0000000000000000
0.0000000000000000
0.0000000000000000
0.0000000000000000
0.0000000000000000
0.0000000000000000
0.0000000000000000
0.0000000000000000
0.0000000000000000
0.0000000000000000
0.0000000000000000
0.0000000000000000
0.0000000000000000
0.0000000000000000
0.0000000000000000
0.0000000000000000
0.0000000000000000
0.0000000000000000
0.0000000000000000
0.0000000000000000
0.0000000000000000
0.0000000000000000
0.0000000000000000
0.0000000000000000
0.0000000000000000
0.0000000000000000
0.0000000000000000
0.0000000000000000
0.0000000000000000
0.0000000000000000
0.0000000000000000
0.0000000000000000
0.0000000000000000
0.0000000000000000
0.0000000000000000
0.0000000000000000
0.0000000000000000
0.0000000000000000
0.0000000000000000
0.0000000000000000
0.0000000000000000
0.0000000000000000
0.0000000000000000
0.0000000000000000
0.0000000000000000
0.0000000000000000
0.0000000000000000
0.0000000000000000
0.0000000000000000
0.0000000000000000
0.0000000000000000
0.0000000000000000
0.0000000000000000
0.0000000000000000
0.0000000000000000
0.0000000000000000
0.0000000000000000
0.0000000000000000
0.0000000000000000
0.0000000000000000
0.0000000000000000
0.0000000000000000
0.0000000000000000
0.0000000000000000
0.0000000000000000
0.0000000000000000
0.0000000000000000
0.0000000000000000
0.0000000000000000
0.0000000000000000
0.0000000000000000
0.0000000000000000
0.0000000000000000
0.0000000000000000
0.0000000000000000
0.0000000000000000
0.0000000000000000
0.0000000000000000
0.0000000000000000
0.0000000000000000
0.0000000000000000
0.0000000000000000
0.0000000000000000
0.0000000000000000
0.0000000000000000
0.0000000000000000
0.0000000000000000
0.0000000000000000
0.0000000000000000
0.0000000000000000
0.0000000000000000
0.0000000000000000
0.0000000000000000
0.0000000000000000
0.0000000000000000
0.0000000000000000
0.0000000000000000
0.0000000000000000
0.0000000000000000
0.0000000000000000
0.0000000000000000
0.0000000000000000
0.0000000000000000
0.0000000000000000
0.0000000000000000
0.0000000000000000
0.0000000000000000
0.0000000000000000
0.0000000000000000
0.0000000000000000
0.0000000000000000
0.0000000000000000
0.0000000000000000
0.0000000000000000
0.0000000000000000
0.0000000000000000
0.0000000000000000
0.0000000000000000
0.0000000000000000
0.0000000000000000
0.0000000000000000
0.0000000000000000
0.0000000000000000
0.0000000000000000
0.0000000000000000
0.0000000000000000
0.0000000000000000
0.0000000000000000
0.0000000000000000
0.0000000000000000
0.0000000000000000
0.0000000000000000
0.0000000000000000
0.0000000000000000
0.0000000000000000
0.0000000000000000
0.0000000000000000
0.0000000000000000
0.0000000000000000
0.0000000000000000
0.0000000000000000
0.0000000000000000
0.0000000000000000
0.0000000000000000
0.0000000000000000
0.0000000000000000
0.0000000000000000
0.0000000000000000
0.0000000000000000
0.0000000000000000
0.0000000000000000
0.0000000000000000
0.0000000000000000
0.0000000000000000
0.0000000000000000
0.0000000000000000
0.0000000000000000
0.0000000000000000
0.0000000000000000
0.0000000000000000
0.0000000000000000
0.0000000000000000
0.0000000000000000
0.0000000000000000
0.0000000000000000
0.0000000000000000
0.0000000000000000
0.0000000000000000
0.0000000000000000
0.0000000000000000
0.0000000000000000
0.0000000000000000
0.0000000000000000
0.0000000000000000
0.0000000000000000
0.0000000000000000
0.0000000000000000
0.0000000000000000
0.0000000000000000
0.0000000000000000
0.0000000000000000
0.0000000000000000
0.0000000000000000
0.0000000000000000


