# temperature_fl
# rank
2
# size
32
90
# lbound
1
1
# entries
203.59100687441074
203.52972757968496
203.62235140453208
203.62235140453208
203.53204377338253
203.59326988024745
203.50418435120133
203.49936274377671
203.53204377338253
203.49936274377671
203.50418435120136
203.59326988024745
203.71528133448581
203.68554061002254
203.77970445525537
203.68554061002254
203.35367458926814
203.32418954697184
203.32418954697184
203.40929114229607
203.41183067519856
203.44065144499069
203.44554295534343
203.35622614366653
203.24229256606526
203.27212049430628
203.19412593688426
203.27212049430628
203.41183067519856
203.35622614366653
203.44554295534346
203.44065144499069
207.33444241384188
207.26986570939022
207.36747242588123
207.36747242588123
207.27230659055829
207.33682713387810
207.24294713206189
207.23786585208313
207.27230659055829
207.23786585208316
207.24294713206191
207.33682713387810
207.46539486751806
207.43405711698625
207.53327498784242
207.43405711698622
207.08432282349460
207.05324602965348
207.05324602965342
207.14293996490110
207.14561645054599
207.17599111792489
207.18114629308957
207.08701209132838
206.96692422600907
206.99836434578430
206.91615271766219
206.99836434578432
207.14561645054602
207.08701209132840
207.18114629308960
207.17599111792489
210.79974769065805
210.73227435707028
210.83425809651482
210.83425809651482
210.73482478138948
210.80223931997745
210.70414742264225
210.69883798751280
210.73482478138948
210.69883798751280
210.70414742264225
210.80223931997745
210.93656465629610
210.90382464340200
211.00747970186214
210.90382464340198
210.53839174842400
210.50591565119527
210.50591565119524
210.59964632956653
210.60244318165687
210.63418348428792
210.63957036713077
210.54120207333162
210.41570329418897
210.44856106368502
210.36264094520675
210.44856106368499
210.60244318165687
210.54120207333162
210.63957036713080
210.63418348428800
214.18023651258960
214.11009208277855
214.21611178789087
214.21611178789087
214.11274353339346
214.18282671430163
214.08085067604165
214.07533079948033
214.11274353339346
214.07533079948033
214.08085067604162
214.18282671430163
214.32245930722337
214.28842696080125
214.39617081013722
214.28842696080122
213.90851535417474
213.87474773948270
213.87474773948276
213.97220379859800
213.97511171329165
214.00811201277267
214.01371266493925
213.91143740410655
213.78094370573899
213.81511035649669
213.72576594903848
213.81511035649669
213.97511171329171
213.91143740410649
214.01371266493922
214.00811201277273
217.51110750267154
217.43849413126327
217.54824403791548
217.54824403791548
217.44123897698398
217.51378880109289
217.40822235924111
217.40250790711909
217.44123897698398
217.40250790711909
217.40822235924117
217.51378880109289
217.65832451097901
217.62309853786789
217.73461822108695
217.62309853786786
217.22980110170289
217.19483831376618
217.19483831376616
217.29574134533044
217.29875199889463
217.33291776658817
217.33871613285640
217.23282653354030
217.09770956569162
217.13308797560734
217.04057297243298
217.13308797560734
217.29875199889463
217.23282653354030
217.33871613285640
217.33291776658820
220.80473909575525
220.72986093104493
220.84303221629389
220.84303221629389
220.73269146745736
220.80750393933138
220.69864369719093
220.69275068343470
220.73269146745736
220.69275068343470
220.69864369719093
220.80750393933138
220.95653429826856
220.92021450341051
221.03519349124565
220.92021450341048
220.51463449700870
220.47857363649351
220.47857363649348
220.58264297568874
220.58574797360734
220.62098386354981
220.62696374742046
220.51775490090867
220.37838909681881
220.41488145375476
220.31945129462565
220.41488145375473
220.58574797360737
220.51775490090867
220.62696374742049
220.62098386354981
224.06467127638055
223.98774647085202
224.10400909326327
224.10400909326327
223.99065446662266
224.06751159386025
223.95567447704752
223.94962000754094
223.99065446662266
223.94962000754094
223.95567447704755
224.06751159386025
224.22059984649391
224.18329297850573
224.30139264936579
224.18329297850573
223.76660902958557
223.72955370681896
223.72955370681896
223.83648981770048
223.83968019843658
223.87588441383065
223.88202852107426
223.76981543095266
223.62660022065162
223.66410221190586
223.56602926916798
223.66410221190588
223.83968019843658
223.76981543095263
223.88202852107429
223.87588441383068
227.28988331281738
227.21115207436401
227.33014259752338
227.33014259752338
227.21412846725642
227.29279021557699
227.17832517155514
227.17212807625884
227.21412846725644
227.17212807625884
227.17832517155514
227.29279021557699
227.44945523291753
227.41127891182700
227.53212610120215
227.41127891182703
226.98478855348469
226.94685273074882
226.94685273074882
227.05632610492654
227.05959200810719
227.09665253341834
227.10294183217999
226.98807108027171
226.84144571579066
226.87984265290513
226.77942635532480
226.87984265290518
227.05959200810722
226.98807108027168
227.10294183218002
227.09665253341834
230.47652485118175
230.39625603433194
230.51756765643279
230.51756765643279
230.39929068244064
230.47948838943179
230.36278596404625
230.35646731410347
230.39929068244064
230.35646731410347
230.36278596404625
230.47948838943179
230.63919148399410
230.60027742243739
230.72345420783182
230.60027742243739
230.16543271663946
230.12674384475733
230.12674384475739
230.23838593576693
230.24171633106070
230.27950785267791
230.28592105040786
230.16878032769841
230.01923597910425
230.05839963779613
229.95597472354493
230.05839963779613
230.24171633106070
230.16878032769841
230.28592105040786
230.27950785267791
233.61872438196374
233.53722152002027
233.66039494803186
233.66039494803186
233.54030297415983
233.62173332157721
233.50323442247341
233.49681800323148
233.54030297415989
233.49681800323148
233.50323442247341
233.62173332157721
233.78386617193007
233.74436312637835
233.86939746602491
233.74436312637832
233.30280325517262
233.26350513892265
233.26350513892265
233.37690007847939
233.38028251776930
233.41866360889298
233.42517667409302
233.30620349205762
233.15429429414129
233.19408002937416
233.09002407894528
233.19408002937419
233.38028251776933
233.30620349205765
233.42517667409302
233.41866360889298
236.70899768434484
236.62660483887009
236.75111943843518
236.75111943843518
236.62972012188314
236.71203929041465
236.59224368466357
236.58575645425469
236.62972012188308
236.58575645425469
236.59224368466352
236.71203929041465
236.87591222662277
236.83598886097138
236.96234550928011
236.83598886097141
236.38957172517794
236.34982729921998
236.34982729921998
236.46450387117889
236.46792424839808
236.50673464077911
236.51332033947065
236.39301047168291
236.23936422373191
236.27960817592029
236.17434890627757
236.27960817592029
236.46792424839811
236.39301047168291
236.51332033947065
236.50673464077917
239.73846208530429
239.65556967829974
239.78083464951629
239.78083464951629
239.65870406503385
239.74152190632537
239.62099669269813
239.61446923920562
239.65870406503385
239.61446923920562
239.62099669269818
239.74152190632537
239.90635222768890
239.86619996923312
239.99327141578331
239.86619996923309
239.41703369085621
239.37702778609221
239.37702778609221
239.49245142756243
239.49589373931852
239.53495160386942
239.54157903755038
239.42049493337231
239.26582376111546
239.30634007247434
239.20036260431147
239.30634007247443
239.49589373931860
239.42049493337231
239.54157903755032
239.53495160386942
242.69694965106655
242.61400034717411
242.73934582455476
242.73934582455476
242.61713714257695
242.70001130126030
242.57939945506794
242.57286645758671
242.61713714257695
242.57286645758677
242.57939945506800
242.70001130126030
242.86491149278197
242.82474741307703
242.95184474237641
242.82474741307706
242.37522210660882
242.33516423964568
242.33516423964568
242.45072897507450
242.45417507925791
242.49327428370560
242.49990842340014
242.37868769247657
242.22379879862115
242.26437680651063
242.15823099138112
242.26437680651065
242.45417507925796
242.37868769247655
242.49990842340017
242.49327428370566
245.57306609392279
245.49056074886667
245.61522880101722
245.61522880101722
245.49368106358492
245.57611103310728
245.45614004722515
245.44964074210219
245.49368106358494
245.44964074210219
245.45614004722520
245.57611103310728
245.74007684880803
245.70014657713742
245.82649022480916
245.70014657713733
245.25296647808761
245.21309367184372
245.21309367184375
245.32811395694321
245.33154332863225
245.37045066444804
245.37705187953122
245.25641587124861
245.10222240584983
245.14262380488847
245.03693163378043
245.14262380488847
245.33154332863225
245.25641587124861
245.37705187953119
245.37045066444807
248.35422100504348
248.27272466670735
248.39586021633963
248.39586021633963
248.27580719070176
248.35722831655497
248.23871891888950
248.23229757008573
248.27580719070173
248.23229757008573
248.23871891888956
248.35722831655497
248.51912675715897
248.47970741984753
248.60441784676914
248.47970741984759
248.03792329732511
247.99850292648122
247.99850292648122
248.11220542027434
248.11559490548663
248.15404729034387
248.16057087320769
248.04133333182239
247.88886535830451
247.92882133753864
247.82428441453189
247.92882133753858
248.11559490548660
248.04133333182239
248.16057087320775
248.15404729034387
251.02664453811698
250.94679246666695
251.06743418178880
251.06743418178880
250.94981324210877
251.02959070602626
250.91346560464368
250.90717197558780
250.94981324210877
250.90717197558780
250.91346560464368
251.02959070602626
251.18814795844207
251.14955112751596
251.27163946429900
251.14955112751596
250.71659279958314
250.67792544501714
250.67792544501714
250.78944075588092
250.79276432454597
250.83046599592237
250.83686168513620
250.71993743228109
250.57035292804244
250.60956129909925
250.50696833853496
250.60956129909923
250.79276432454600
250.71993743228106
250.83686168513623
250.83046599592240
253.57540015603189
253.49790381340802
253.61497504487429
253.61497504487429
253.50083600873054
253.57825884349427
253.46555142726268
253.45944125030491
253.50083600873052
253.45944125030491
253.46555142726271
253.57825884349427
253.73204828179368
253.69462290858550
253.81298164786256
253.69462290858550
253.27433159224961
253.23675388099090
253.23675388099090
253.34510835458244
253.34833685476858
253.38495657779833
253.39116808369121
253.27758165680964
253.13217745802447
253.17029979783203
253.07053408345087
253.17029979783203
253.34833685476860
253.27758165680962
253.39116808369121
253.38495657779833
255.98440004961543
255.91005299277376
256.02235285753693
256.02235285753693
255.91286668035156
255.98714188078657
255.87900478024551
255.87314021858117
255.91286668035156
255.87314021858117
255.87900478024548
255.98714188078657
256.13457226055101
256.09870756196102
256.21210140105120
256.09870756196102
255.69536770381600
255.65925510361274
255.65925510361268
255.76336274211701
255.76646365819167
255.80163197822660
255.80759651606908
255.69849066860465
255.55871324024804
255.59537207934736
255.49941880445434
255.59537207934738
255.76646365819173
255.69849066860465
255.80759651606914
255.80163197822660
258.23642820946333
258.16611180296417
258.27230654083957
258.27230654083957
258.16877374359927
258.23902055810902
258.13673394403367
258.13118403949966
258.16877374359927
258.13118403949966
258.13673394403367
258.23902055810902
258.37832457411599
258.34445282986388
258.45150979625492
258.34445282986388
257.96282296243913
257.92859249137530
257.92859249137524
258.02724711863510
258.03018433679603
258.06349091574845
258.06913875317895
257.96578269579982
257.83323857471095
257.86801467080829
257.77696805607411
257.86801467080829
258.03018433679603
257.96578269579982
258.06913875317895
258.06349091574845
260.31317533549765
260.24786417445620
260.34647894350894
260.34647894350894
260.25033761277325
260.31558212434021
260.22056158583069
260.21540268407233
260.25033761277325
260.21540268407233
260.22056158583069
260.31558212434021
260.44480555157827
260.41340475845834
260.51260778985682
260.41340475845834
260.05874679542728
260.02685959578355
260.02685959578355
260.11872741553043
260.12146100112716
260.15245208786973
260.15770611511840
260.06150334272246
259.93796905847580
259.97039880604717
259.88546886252425
259.97039880604717
260.12146100112716
260.06150334272246
260.15770611511834
260.15245208786973
262.19528954357247
262.13605644422796
262.22546777111995
262.22546777111995
262.13830092034630
262.19747105967554
262.11127485466289
262.10659099655106
262.13830092034630
262.10659099655106
262.11127485466289
262.19747105967554
262.31446276651934
262.28605907869621
262.37573828358796
262.28605907869621
261.96416528106550
261.93512899125437
261.93512899125437
262.01874173030888
262.02122772272298
262.04940382317636
262.05417915725741
261.96667465922849
261.85410587879892
261.88367892078742
261.80619768613951
261.88367892078742
262.02122772272298
261.96667465922849
262.05417915725741
262.04940382317636
263.86244706109886
263.81046742908478
263.88889660231882
263.88889660231882
263.81243861370439
263.86435979434549
263.78869519704119
263.78457846156653
263.81243861370422
263.78457846156653
263.78869519704125
263.86435979434549
263.96676301302563
263.94193287364055
264.02025877420226
263.94193287364055
263.65914946626208
263.63352030327184
263.63352030327184
263.70726919380240
263.70945942653196
263.73427326047590
263.73847689816745
263.66136348346254
263.56190304384808
263.58806017267432
263.51948719358205
263.58806017267432
263.70945942653196
263.66136348346248
263.73847689816745
263.73427326047590
265.29344776661691
265.25000308694138
265.31551088125207
265.31551088125207
265.25165264945775
265.29504428080133
265.23177265486970
265.22832343362188
265.25165264945775
265.22832343362188
265.23177265486970
265.29504428080128
265.38028965534147
265.35966149136334
265.42463965706764
265.35966149136328
265.12290755515033
265.10129199002284
265.10129199002284
265.16342293193691
265.16526488815873
265.18611974974630
265.18965028928454
265.12477366577104
265.04075804443238
265.06288950912136
265.00481626599014
265.06288950912136
265.16526488815879
265.12477366577099
265.18965028928460
265.18611974974635
266.46634155135291
266.43282165180642
266.48330491206912
266.48330491206912
266.43409717452835
266.46757040084293
266.41871049334537
266.41603766955035
266.43409717452840
266.41603766955035
266.41871049334543
266.46757040084293
266.53287152139967
266.51712682703203
266.56659445626985
266.51712682703197
266.33390659805747
266.31696246524496
266.31696246524496
266.36557283105560
266.36700954860294
266.38325822933359
266.38600568786973
266.33536780680902
266.26933142051593
266.28677579793913
266.24092866104718
266.28677579793919
266.36700954860294
266.33536780680896
266.38600568786978
266.38325822933359
267.35859314011822
267.33649675154010
267.36968755937778
267.36968755937778
267.33734170788921
267.35939884982736
267.32712761513386
267.32534861029427
267.33734170788921
267.32534861029427
267.32712761513392
267.35939884982736
267.40175124497449
267.39162481404878
267.42325002849321
267.39162481404878
267.27003083397665
267.25846765758826
267.25846765758826
267.29150537039106
267.29247541517105
267.30341990607349
267.30526566983724
267.27102566799982
267.22570216979665
267.23774601514202
267.20598717307320
267.23774601514197
267.29247541517105
267.27102566799982
267.30526566983724
267.30341990607349
267.94729532433422
267.93822828376523
267.95169669946608
267.95169669946608
267.93858210498468
267.94761845736036
267.93426846321449
267.93350910069142
267.93858210498468
267.93350910069142
267.93426846321449
267.94761845736036
267.96380337932374
267.96008235726259
267.97136726096051
267.96008235726259
267.90878597021310
267.90336421035198
267.90336421035192
267.91862995786272
267.91906749176377
267.92395976164977
267.92477671942646
267.90924854496376
267.88756798422475
267.89344655457495
267.87777215131513
267.89344655457501
267.91906749176383
267.90924854496376
267.92477671942640
267.92395976164988
268.20944369711953
268.21511389581320
268.20627563887672
268.20627563887672
268.21491215985009
268.20922104350592
268.21727315792532
268.21766727394282
268.21491215985014
268.21766727394282
268.21727315792532
268.20922104350592
268.19581588179187
268.19933718398045
268.18762613495738
268.19933718398045
268.22756156940432
268.22909038222110
268.22909038222110
268.22424414884875
268.22407912783893
268.22212338455529
268.22177631386398
268.22742178364138
268.23250207598602
268.23140152893757
268.23393596558583
268.23140152893757
268.22407912783893
268.22742178364138
268.22177631386404
268.22212338455529
268.12229015346952
268.14449799788707
268.11062893669651
268.11062893669651
268.14367278661513
268.12145508600099
268.15352466016594
268.15521336694479
268.14367278661513
268.15521336694479
268.15352466016594
268.12145508600099
268.07485293003737
268.08649840393059
268.04899348839695
268.08649840393059
268.20396754981999
268.21330050533368
268.21330050533368
268.18587403987607
268.18503259117512
268.17538958315430
268.17373588417564
268.20315145803124
268.23828204118666
268.22934365782993
268.25232863244543
268.22934365782993
268.18503259117517
268.20315145803124
268.17373588417564
268.17538958315430
267.66379788954936
267.70442058982553
267.64268060020282
267.64268060020282
267.70290107774935
267.66228094942642
267.72109505474623
267.72422552546561
267.70290107774935
267.72422552546561
267.72109505474623
267.66228094942642
267.57872275264822
267.59941123032860
267.53319766760944
267.59941123032854
267.81626582609255
267.83429382498747
267.83429382498741
267.78171125241710
267.78011629751779
267.76191041701315
267.75880132414534
267.81469625433596
267.88331103241421
267.86563821372209
267.91141455471779
267.86563821372215
267.78011629751779
267.81469625433607
267.75880132414534
267.76191041701310
266.81322770096210
266.87419509028945
266.78166477122340
266.78166477122340
266.87190845074321
266.81095749900538
266.89931989173840
266.90404348989415
266.87190845074326
266.90404348989415
266.89931989173846
266.81095749900538
266.68658155290007
266.71725662981265
266.61934183160963
266.71725662981265
267.04392459278858
267.07156495067920
267.07156495067915
266.99117453111222
266.98874674549182
266.96107696947399
266.95635941726721
267.04152208766010
267.14715772653244
267.11982678054727
267.19080643306432
267.11982678054733
266.98874674549177
267.04152208766004
266.95635941726727
266.96107696947399
265.55189433254714
265.63515310803757
265.50888807826061
265.50888807826061
265.63202585329827
265.54879888193267
265.66953819170413
265.67600770475480
265.63202585329827
265.67600770475480
265.66953819170413
265.54879888193261
265.37971398055220
265.42132594207493
265.28869727540683
265.42132594207493
265.86833094863795
265.90651125399285
265.90651125399296
265.79563234776231
265.79229158011015
265.75424764979101
265.74776703232021
265.86501518059742
266.01124943609329
265.97332552959335
266.07195013036090
265.97332552959341
265.79229158011020
265.86501518059742
265.74776703232021
265.75424764979107
263.86414266263353
263.97160487658249
263.80871398915258
263.80871398915252
263.96756478803667
263.86015129880349
264.01604640021520
264.02441205556602
263.96756478803667
264.02441205556607
264.01604640021520
263.86015129880349
263.64254215838241
263.69602193492165
263.52572997021269
263.69602193492165
264.27370765585727
264.32334253493252
264.32334253493252
264.17933321079647
264.17500052634517
264.12568624279123
264.11729038687275
264.26939943929852
264.45976239786035
264.41032251106913
264.53900378184278
264.41032251106913
264.17500052634517
264.26939943929864
264.11729038687281
264.12568624279106
261.73860649688902
261.87207678021355
261.66983263954103
261.66983263954103
261.86705563512231
261.73365259057573
261.92732716645691
261.93773100395180
261.86705563512231
261.93773100395185
261.92732716645691
261.73365259057573
261.46392885929487
261.53015120457928
261.31942742659578
261.53015120457928
262.24829174690495
262.31025006855009
262.31025006855015
262.13060254203742
262.12520310759589
262.06376922583996
262.05331400177323
262.24291589160401
262.48076471424866
262.41893002764272
262.57996568609843
262.41893002764272
262.12520310759601
262.24291589160396
262.05331400177323
262.06376922583991
259.16982686978099
259.33090123896329
259.08689388181955
259.08689388181955
259.32483860139951
259.16385159991927
259.39762754345935
259.41019559270325
259.32483860139956
259.41019559270325
259.39762754345935
259.16385159991921
258.83885514013372
258.91858739921031
258.66500800817477
258.91858739921037
259.78584574038234
259.86090506420948
259.86090506420948
259.64337827778257
259.63684537040132
259.56253530826785
259.54989242701384
259.77933501241228
260.06767999116761
259.99266085154579
260.18811787575754
259.99266085154579
259.63684537040132
259.77933501241228
259.54989242701379
259.56253530826785
256.16031968953916
256.35024697620992
256.06259432939521
256.06259432939521
256.34309538767906
256.15327721036215
256.42897388738862
256.44380545795900
256.34309538767906
256.44380545795900
256.42897388738862
256.15327721036226
255.77056603877858
255.86439795813195
255.56610830785854
255.86439795813203
256.88758445432580
256.97636870693020
256.97636870693020
256.71916974598332
256.71145023916517
256.62366263769576
256.60873032336445
256.87988499571532
257.22115160387926
257.13230902571865
257.36386400818691
257.13230902571854
256.71145023916512
256.87988499571537
256.60873032336440
256.62366263769570
252.72318914292276
252.94268440865719
252.61031567545788
252.61031567545788
252.93441637702395
252.71505354171370
253.03371750103054
253.05087076280313
252.93441637702395
253.05087076280313
253.03371750103057
252.71505354171367
252.27328419184073
252.38153339586452
252.03755024726851
252.38153339586452
253.56460742313425
253.66750300719903
253.66750300719909
253.36953130712678
253.36059305646265
253.25896600197709
253.24168336005783
253.55568604720901
253.95139467177938
253.84832310775079
254.11704740983245
253.84832310775079
253.36059305646253
253.55568604720904
253.24168336005783
253.25896600197709
248.88537317497753
249.13437167578837
248.75740099533920
248.75740099533920
249.12498889194057
248.87614764572535
249.23769619556694
249.25716916099111
249.12498889194060
249.25716916099114
249.23769619556691
248.87614764572535
248.37557918743218
248.49816660234112
248.10877642023024
248.49816660234114
249.84091996214113
249.95796506645272
249.95796506645283
249.61913461029312
249.60897619672338
249.49349832338029
249.47386429389104
249.83077377901563
250.28111710726154
250.16375367880428
250.46982989098635
250.16375367880426
249.60897619672332
249.83077377901566
249.47386429389098
249.49349832338021
244.69156161693883
244.96890347364641
244.54910873217645
244.54910873217653
244.95844862787823
244.68129021345447
245.08405455529982
245.10576068964761
244.95844862787817
245.10576068964764
245.08405455529982
244.68129021345447
244.12442951364778
244.26071997029200
243.82798834095027
244.26071997029203
245.75708883141405
245.88783123909332
245.88783123909334
245.50948433876769
245.49814757596116
245.36930066486713
245.34739834435103
245.74575761095775
246.24905754555201
246.11782246534818
246.46017982373434
246.11782246534818
245.49814757596104
245.74575761095775
245.34739834435092
245.36930066486704
240.20871413995462
240.51175661385335
240.05316794640359
240.05316794640359
240.50032793587360
240.19749621570764
240.63765952739956
240.66139771582533
240.50032793587360
240.66139771582533
240.63765952739942
240.19749621570764
239.58988940112124
239.73849636174714
239.26689150524294
239.73849636174725
241.37448380485498
241.51780513980140
241.51780513980142
241.10322356304920
241.09080893199081
240.94974381996883
240.92577045306177
241.36206525230298
241.91410106933577
241.77007151328357
242.14593424625841
241.77007151328357
241.09080893199075
241.36206525230298
240.92577045306169
240.94974381996877
235.53087577075047
235.85504642504677
235.36462388548304
235.36462388548304
235.84281446621679
235.51888259294626
235.98983205840037
236.01525189088508
235.84281446621677
236.01525189088511
235.98983205840034
235.51888259294631
234.87002263457427
235.02858483102867
234.52568949171680
235.02858483102875
236.77986225188519
236.93377324803572
236.93377324803569
236.48877285348516
236.47545742239359
236.32419808396813
236.29849983034518
236.76652978906503
237.35975415446632
237.20486753404268
237.60922629771952
237.20486753404265
236.47545742239356
236.76652978906512
236.29849983034515
236.32419808396818
230.78358163033698
231.12191779023684
230.61024857919719
230.61024857919719
231.10914277615507
230.77107344351822
231.26273157667003
231.28929734175190
231.10914277615501
231.28929734175190
231.26273157667001
230.77107344351816
230.09532562414489
230.26028052474857
229.73751110609618
230.26028052474865
232.08970573937455
232.25113041225481
232.25113041225481
231.78468633821760
231.77074252320472
231.61239939281120
231.58550760669360
232.07572722130163
232.69843667990312
232.53570655371183
232.96075580753933
232.53570655371172
231.77074252320466
232.07572722130161
231.58550760669354
231.61239939281114
226.12651350032814
226.46928697469838
225.95115093694491
225.95115093694497
226.45633306644129
226.11385330084821
226.61213124296634
226.63909209395447
226.45633306644129
226.63909209395450
226.61213124296634
226.11385330084823
225.43118781233920
225.59759498118166
225.07075604277762
225.59759498118174
227.45316843949112
227.61775766939624
227.61775766939624
227.14254071306780
227.12835220137634
226.96730250977674
226.93996427654932
227.43892225903031
228.07453421971135
227.90824028334708
228.34288064096194
227.90824028334703
227.12835220137623
227.43892225903031
226.93996427654920
226.96730250977660
221.75225970938021
222.08685941456952
221.58139943451033
221.58139943451030
222.07419946594615
221.73991723561431
222.22653930051968
222.25291871486957
222.07419946594621
222.25291871486959
222.22653930051970
221.73991723561440
221.07608579752394
221.23759102098310
220.72697206422740
221.23759102098310
223.05176382421402
223.21381107630637
223.21381107630648
222.74642174813280
222.73249004116826
222.57445020601921
222.54764028395175
223.03774604948006
223.66445655665652
223.50023875517550
223.92982452318532
223.50023875517547
222.73249004116815
223.03774604948015
222.54764028395164
222.57445020601901
217.87830290752578
218.18962061321196
217.71974484108426
217.71974484108426
218.17782226923265
217.86683967021801
218.31989389917121
218.34451725425217
218.17782226923262
218.34451725425217
218.31989389917118
217.86683967021804
217.25248888978552
217.40155498927498
216.93116588358924
217.40155498927507
219.09319413103103
219.24576042473561
219.24576042473561
218.80634759433491
218.79327964269538
218.64516083074076
218.62005638063093
219.08000733855098
219.67123605832165
219.51598848624769
219.92259013137237
219.51598848624764
218.79327964269532
219.08000733855107
218.62005638063087
218.64516083074071
214.72936559756411
215.00094516574069
214.59156707269614
214.59156707269614
214.99062848625294
214.71939131125725
215.11498414858755
215.13656478660087
214.99062848625292
215.13656478660084
215.11498414858755
214.71939131125728
214.18759157607695
214.31612313131441
213.91166541993587
214.31612313131447
215.79653599392805
215.93190582087880
215.93190582087880
215.54281706000324
215.53128338591890
215.40070962466231
215.37860720714241
215.78484923668310
216.31093843113067
216.17238181269704
216.53587867448536
216.17238181269704
215.53128338591881
215.78484923668316
215.37860720714235
215.40070962466228
212.50897070730730
212.72505079576791
212.39997508231534
212.39997508231534
212.71681229080886
212.50106654148809
212.81627357453203
212.83356839177523
212.71681229080886
212.83356839177523
212.81627357453198
212.50106654148811
212.08303474053042
212.18344596979051
211.86887570155045
212.18344596979057
213.36720037078527
213.47774739945723
213.47774739945723
213.16098850090921
213.15164541293319
213.04606274213577
213.02822564498948
213.35767354260659
213.78915427893173
213.67500270895783
213.97522952292422
213.67500270895781
213.15164541293314
213.35767354260662
213.02822564498942
213.04606274213572
211.36323723818194
211.51147860180447
211.28925982658771
211.28925982658771
211.50578906019206
211.35785415031881
211.57467099364271
211.58669121423102
211.50578906019206
211.58669121423102
211.57467099364271
211.35785415031879
211.07737632471051
211.14396752799513
210.93710169811368
211.14396752799519
211.96346833685811
212.04287563675163
212.04287563675163
211.81655402062029
211.80993586104853
211.73538299404066
211.72283141248005
211.95664597417013
212.26888560458229
212.18564869131390
212.40549908030366
212.18564869131390
211.80993586104847
211.95664597417013
211.72283141248002
211.73538299404063
211.34568093379289
211.41989747410238
211.30971515622750
211.30971515622750
211.41699863492818
211.34303895166661
211.45235285183648
211.45857923609722
211.41699863492818
211.45857923609722
211.45235285183645
211.34303895166664
211.21039896495608
211.24133450303700
211.14906510023994
211.24133450303700
211.66160130368016
211.70617220729770
211.70617220729770
211.58070833127491
211.57711421951481
211.53693671996004
211.53022945374545
211.65779904614712
211.83605237258061
211.78771710912540
211.91658218067363
211.78771710912540
211.57711421951478
211.65779904614715
211.53022945374545
211.53693671995998
212.39509320460621
212.39696583805352
212.39606775589621
212.39606775589621
212.39680407676732
212.39511978991874
212.39922416037575
212.39974807139134
212.39680407676730
212.39974807139131
212.39922416037575
212.39511978991874
212.40662688075437
212.40200117032532
212.42066024489625
212.40200117032532
212.43020983394203
212.43982153689362
212.43982153689359
212.41523775867302
212.41465268194995
212.40861599701057
212.40770150174464
212.42943259521249
212.47259881154903
212.45962651101146
212.49604429744178
212.45962651101146
212.41465268194992
212.42943259521246
212.40770150174461
212.40861599701054
214.34204969727543
214.28099154889210
214.37495841477022
214.37495841477022
214.28322014927767
214.34438772687847
214.25682880199392
214.25235317841955
214.28322014927764
214.25235317841953
214.25682880199398
214.34438772687847
214.47913807683037
214.44472615821246
214.55710864641921
214.44472615821246
214.13000410239678
214.10829868773911
214.10829868773911
214.17375612654274
214.17584131533866
214.20003897629061
214.20424298468680
214.13193104658725
214.05345462918913
214.07250036934209
214.02495403025546
214.07250036934212
214.17584131533863
214.13193104658720
214.20424298468683
214.20003897629064
216.93639526040906
216.82716731437154
216.99358180388597
216.99358180388597
216.83123353761621
216.94049429956792
216.78265116391844
216.77431552088348
216.83123353761627
216.77431552088348
216.78265116391847
216.94049429956792
217.16829635426049
217.11154621965395
217.29389446942892
217.11154621965395
216.53265602399034
216.48618108700148
216.48618108700148
216.62256283419356
216.62673770201516
216.67454109731779
216.68273144550713
216.53671670319562
216.36146070962494
216.40613826872735
216.29113515681487
216.40613826872732
216.62673770201522
216.53671670319557
216.68273144550713
216.67454109731779
219.90166398716210
219.76041325599309
219.97489847484317
219.97489847484317
219.76570569279312
219.90692909367121
219.70229067843587
219.69136936684049
219.76570569279318
219.69136936684043
219.70229067843587
219.90692909367121
220.19591520286031
220.12455071686196
220.35253415235024
220.12455071686196
219.36893435001835
219.30547534792174
219.30547534792177
219.49028898576498
219.49588159731229
219.55966433536963
219.57054666262400
219.37445456763237
219.13242977362890
219.19490510882983
219.03288325180614
219.19490510882980
219.49588159731229
219.37445456763234
219.57054666262405
219.55966433536963
222.99124156281806
222.83098312700568
223.07404457003832
223.07404457003832
222.83700176888155
222.99720080691077
222.76480886576903
222.75235865186755
222.83700176888152
222.75235865186758
222.76480886576906
222.99720080691071
223.32291088060492
223.24271011246611
223.49846741753467
223.24271011246611
222.38222029153931
222.30871698081063
222.30871698081060
222.52214812466860
222.52857764441467
222.60179288103370
222.61426439428431
222.38860311884110
222.10700073194135
222.18005396058871
221.99002897401664
222.18005396058871
222.52857764441475
222.38860311884113
222.61426439428428
222.60179288103373
226.03331262289117
225.86035447477664
226.12273910153522
226.12273910153522
225.86684780252992
226.03974694888967
225.78896974394337
225.77554075208366
225.86684780252992
225.77554075208363
225.78896974394340
226.03974694888967
226.39186614339579
226.30507018407474
226.58211867700288
226.30507018407471
225.37633340397929
225.29701637889002
225.29701637889008
225.52726837059936
225.53420245409416
225.61316010147172
225.62660950109017
225.38321981255652
225.07915140288276
225.15809286538376
224.95263025105430
225.15809286538376
225.53420245409418
225.38321981255638
225.62660950109023
225.61316010147172
228.94671907953480
228.75993888084290
229.04359345536562
229.04359345536562
228.76693730052759
228.95368241842891
228.68307207007240
228.66862621762778
228.76693730052759
228.66862621762769
228.68307207007243
228.95368241842894
229.33637520410423
229.24174744569464
229.54446414492094
229.24174744569464
228.24122844317876
228.15676372630216
228.15676372630219
228.40236573162591
228.40978161000226
228.49430803644370
228.50872125159688
228.24856862749360
227.92547929714385
228.00916469602154
227.79162117871195
228.00916469602157
228.40978161000228
228.24856862749360
228.50872125159691
228.49430803644370
231.71179233891198
231.50630409700545
231.81871424562340
231.81871424562340
231.51398737053751
231.71947016354224
231.42199943239217
231.40617311365293
231.51398737053751
231.40617311365301
231.42199943239208
231.71947016354227
232.14322897627179
232.03812580042367
232.37505983248872
232.03812580042361
230.94051130162950
230.84909642908343
230.84909642908335
231.11547754309865
231.12354756689646
231.21563821854414
231.23136098486441
230.94846526695244
230.59986257658886
230.68985726814046
230.45635744939167
230.68985726814046
231.12354756689652
230.94846526695244
231.23136098486444
231.21563821854414
234.32248522803576
234.09256288919573
234.44246019940027
234.44246019940027
234.10114384438904
234.33109279296031
233.99849202811941
233.98084959351735
234.10114384438904
233.98084959351735
233.99849202811939
234.33109279296031
234.80792388519274
234.68934619856711
235.07015338442750
234.68934619856702
233.46433564016797
233.36355804135380
233.36355804135385
233.65780516870592
233.66674663544524
233.76889125503189
233.78635045736084
233.47311429738758
233.08991217136196
233.18852920958219
232.93312413601475
233.18852920958221
233.66674663544524
233.47311429738753
233.78635045736090
233.76889125503197
236.77340919167742
236.51268334630817
236.90977292315844
236.90977292315844
236.52239906398574
236.78318556836854
236.40625087965310
236.38630635423269
236.52239906398574
236.38630635423269
236.40625087965316
236.78318556836854
237.32638231945134
237.19101703747538
237.62634654292282
237.19101703747526
235.80484824746324
235.69199566039305
235.69199566039305
236.02206526656462
236.03212163091609
236.14710758657353
236.16678075867449
235.81468852243117
235.38665142438518
235.49650250067083
235.21246489052265
235.49650250067083
236.03212163091612
235.81468852243117
236.16678075867452
236.14710758657361
239.05982464794187
238.76130999856014
239.21622612663927
239.21622612663924
238.77242090280151
239.07103157216054
238.63966283502504
238.61688155802577
238.77242090280151
238.61688155802577
238.63966283502512
239.07103157216059
239.69509680046301
239.53933868673158
240.04075706513331
239.53933868673150
237.95491449448227
237.82697734325879
237.82697734325885
238.20168523486501
238.21312563684023
238.34403183574963
238.36644599169762
237.96607906791090
237.48182668850401
237.60582192723626
237.28564672148647
237.60582192723629
238.21312563684026
237.96607906791084
238.36644599169770
238.34403183574969
241.17791373011769
240.83405621122049
241.35828769871623
241.35828769871623
240.84684444561103
241.19083369316954
240.69410068629824
240.66790237819100
240.84684444561108
240.66790237819097
240.69410068629824
241.19083369316951
241.91135798656362
241.73134279482002
242.31122096311782
241.73134279481997
239.90845843367117
239.76213882982339
239.76213882982339
240.19112964769184
240.20424778501012
240.35443095774031
240.38016009447077
239.92123488547540
239.36826878996146
239.50961198905026
239.14502567721459
239.50961198905031
240.20424778501021
239.92123488547534
240.38016009447082
240.35443095774033
243.12506009713985
242.72780580610396
243.33358780129078
243.33358780129072
242.74257281224661
243.13999360380524
242.56623344833270
242.53599688308077
242.74257281224661
242.53599688308080
242.56623344833270
243.13999360380524
243.97348586854238
243.76513563858691
244.43649629863737
243.76513563858683
241.66081879990989
241.49254743245109
241.49254743245103
241.98624042089543
242.00135266853039
242.17442492798722
242.20408601384460
241.67551805438634
241.04027699245239
241.20245386465857
240.78444136159197
241.20245386465862
242.00135266853047
241.67551805438629
242.20408601384472
242.17442492798730
244.90012498134874
244.44101294679450
245.14118227817116
245.14118227817113
244.45807616365073
244.91738690512670
244.25433582196561
244.21940528275769
244.45807616365076
244.21940528275769
244.25433582196561
244.91738690512668
245.88105409536027
245.64013520456461
246.41645916402126
245.64013520456459
243.20911027449620
243.01507246919283
243.01507246919280
243.58457988922652
243.60202256119098
243.80181906306410
243.83606631672836
243.22606423647630
242.49401313262507
242.68077121825044
242.19962377287089
242.68077121825044
243.60202256119106
243.22606423647622
243.83606631672845
243.80181906306413
246.50370709305437
245.97398767324984
246.78179918747401
246.78179918747404
245.99367628155366
246.52362207139822
245.75858418056640
245.71827787168681
245.99367628155372
245.71827787168687
245.75858418056652
246.52362207139817
247.63509609158430
247.35729034186210
248.25228137111463
247.35729034186207
244.55257762370900
244.32875000421976
244.32875000421973
244.98576420273031
245.00588984460342
245.23642531937097
245.27594257716416
244.57213588404889
243.72789425824473
243.94321294978025
243.38860121919640
243.94321294978033
245.00588984460356
244.57213588404881
245.27594257716430
245.23642531937108
247.93837275710925
247.32915304754889
248.25805511798771
248.25805511798768
247.35180269574531
247.96126958824087
247.08132492458452
247.03494549354835
247.35180269574528
247.03494549354838
247.08132492458461
247.96126958824081
249.23828077226131
248.91926937674239
249.94657871299452
248.91926937674225
245.69292848818137
245.43512777482789
245.43512777482783
246.19177272448417
246.21494532412422
246.48035825908337
246.52584923385623
245.71545396972931
244.74297011438043
244.99101903457350
244.35209604410113
244.99101903457358
246.21494532412439
245.71545396972920
246.52584923385641
246.48035825908349
249.20884175866948
248.51125868878464
249.57462719531432
249.57462719531435
248.53720515999808
249.23504679090723
248.22729974557379
248.17414702865429
248.53720515999808
248.17414702865435
248.22729974557393
249.23504679090715
250.69504530455782
250.33060510094290
251.50351854387847
250.33060510094279
246.63462862786864
246.33857409471864
246.33857409471864
247.20721737676067
247.23380639074657
247.53828977744297
247.59046603955690
246.66049204629758
245.54326943723413
245.82835331484208
245.09389236055998
245.82835331484213
247.23380639074674
246.66049204629752
247.59046603955713
247.53828977744308
250.32211389250244
249.52753458889867
250.73836639503648
250.73836639503648
249.55710640718448
250.35194344073008
249.20381128009524
249.14319731003866
249.55710640718448
249.14319731003872
249.20381128009538
250.35194344073000
252.01167258344597
251.59778311472019
252.92887591154260
251.59778311472007
247.38514131185102
247.04653220522974
247.04653220522974
248.03955415623341
248.06992727757068
248.41764518010842
248.47721175280898
247.41471434667920
246.13609615881103
246.46258444031770
245.62115684162461
246.46258444031778
248.06992727757086
247.41471434667903
248.47721175280930
248.41764518010851
251.28752127640567
250.38776866313617
251.75833808110579
251.75833808110576
250.42127869602771
251.32127316152187
250.02081197085099
249.95207816796997
250.42127869602780
249.95207816796994
250.02081197085107
251.32127316152190
253.19630196907664
252.72926122148058
254.23002863536041
252.72926122148044
247.95509044882610
247.56969916339716
247.56969916339705
248.69921748789335
248.73373213303884
249.12872194889485
249.19636051851569
247.98873756590459
246.53225344730646
246.90449326402830
245.94468998418307
246.90449326402842
248.73373213303904
247.98873756590442
249.19636051851589
249.12872194889499
252.11669232475353
251.10429177236568
252.64577677027555
252.64577677027546
251.14202796786273
252.15463671184358
250.69089898212943
250.61343528303149
251.14202796786273
250.61343528303149
250.69089898212965
252.15463671184352
254.25886348585738
253.73540906922727
255.41588360890313
253.73540906922707
248.35832538104572
247.92210632123565
247.92210632123550
249.19965707677113
249.23865065204126
249.68471188221073
249.76106178653174
248.39639432474920
246.74617045169489
247.16838231658872
246.07908160450341
247.16838231658883
249.23865065204146
248.39639432474905
249.76106178653191
249.68471188221093
252.82341517751649
251.69185534545915
253.41394423631380
253.41394423631380
251.73407084401941
252.86578498489715
251.22919916263780
251.14246462563230
251.73407084401941
251.14246462563230
251.22919916263797
252.86578498489698
255.21092822837721
254.62835967471341
256.49672926359290
254.62835967471327
248.61186464079691
248.12107742830807
248.12107742830796
249.55725700426521
249.60103612474748
250.10160775776194
250.18724513500314
248.65467572496613
246.79590443164057
247.27206122742012
246.04274142580053
247.27206122742018
249.60103612474768
248.65467572496598
250.18724513500328
250.10160775776205
253.42339165710231
252.16738966288003
254.07788346572232
254.07788346572232
252.21429264294753
253.47037291479643
251.65313079724669
251.55667497077985
252.21429264294756
251.55667497077985
251.65313079724692
253.47037291479637
256.06547125436248
255.42176799336033
257.48401256801537
255.42176799336008
248.73569717887028
248.18704121810055
248.18704121810040
249.79111867920574
249.83994765392202
250.39797785444586
250.49339360249289
248.78353164829795
246.70299061015868
247.23668206185138
245.85777452195165
247.23668206185144
249.83994765392231
248.78353164829770
250.49339360249317
250.39797785444600
253.93387771865051
252.54963570919020
254.65406583567162
254.65406583567150
252.60137944733879
253.98560036006705
251.98203367042251
251.87551774279405
252.60137944733879
251.87551774279405
251.98203367042260
253.98560036006708
256.83654778756920
256.13047637515689
258.39004309271672
256.13047637515666
248.75242341188314
248.14317888128215
248.14317888128204
249.92269355088501
249.97678260650230
250.59459616966217
250.70017366001554
248.80551131275536
246.49211463449771
247.08640148209778
245.54967323363422
247.08640148209804
249.97678260650258
248.80551131275527
250.70017366001579
250.59459616966240
254.37321291749441
252.85865043107464
255.15993520038870
255.15993520038865
252.91532416906489
254.42974257692029
252.23666600287063
252.11988250097843
252.91532416906489
252.11988250097843
252.23666600287086
254.42974257692026
257.53888897904670
256.77009248141422
259.22763136749535
256.77009248141394
248.68672550585410
248.01489377253571
248.01489377253557
249.97525867926629
250.03475255482567
250.71392335413555
250.82991713534244
248.74523367903475
246.19058888259949
246.84785324828752
245.14680301376066
246.84785324828775
250.03475255482596
248.74523367903456
250.82991713534273
250.71392335413572
254.76024939415751
253.11519408023895
255.61336006947144
255.61336006947144
253.17681537182474
254.82158083760262
252.43857599173384
252.31146560496128
253.17681537182480
252.31146560496128
252.43857599173407
254.82158083760254
258.18742946616527
257.35649171910308
260.00967368360403
257.35649171910279
248.56466682716325
247.82910133520298
247.82910133520281
249.97323840397496
250.03820608858862
250.77944325475113
250.90596022272388
248.62868780057659
245.82762455121616
246.54942530203908
244.67967018731574
246.54942530203917
250.03820608858894
248.62868780057630
250.90596022272419
250.77944325475133
255.11369967177322
253.34001848254033
256.03201314916691
256.03201314916691
253.40652772248919
255.17975249262179
252.60936640190778
252.47203041900354
253.40652772248922
252.47203041900352
252.60936640190801
255.17975249262173
258.79678500159241
257.90526292756772
260.74870019602577
257.90526292756738
248.41283408245820
247.61335126373567
247.61335126373558
249.94138798400422
250.01181446179154
250.81487198632834
250.95185664478149
248.48237676044420
245.43340645495860
246.22035037093028
244.17997494660531
246.22035037093045
250.01181446179186
248.48237676044391
250.95185664478186
250.81487198632857
255.45143123343547
253.55308552771947
256.43270531175943
256.43270531175943
253.62434332675406
255.52204838398134
252.76988186660495
252.62258876865167
253.62434332675423
252.62258876865164
252.76988186660526
255.52204838398134
259.38070380809108
258.43112217097598
261.45640711346539
258.43112217097564
248.25735128342910
247.39481034337280
247.39481034337263
249.90386910521352
249.97964998986220
250.84326955533251
250.99049499036641
248.33233438148309
245.03799591810784
245.88963678437881
243.67947236828445
245.88963678437898
249.97964998986254
248.33233438148284
250.99049499036676
250.84326955533274
255.78974322563198
253.77275455434238
256.83070748982703
256.83070748982703
253.84854250599415
255.86469282498570
252.93935882184348
252.78254380001161
253.84854250599415
252.78254380001161
252.93935882184371
255.86469282498567
259.95151928682617
258.94732418947797
262.14319636128897
258.94732418947763
248.12281057709799
247.19915145604449
247.19915145604426
249.88326091490916
249.96420077763463
250.88609663633275
251.04316264744745
248.20305970196748
244.67010733053112
245.58488525053974
243.20868619589956
245.58488525054003
249.96420077763500
248.20305970196716
251.04316264744776
250.88609663633309
256.14266550676581
254.01498411917009
257.23909798848433
257.23909798848433
254.09500930800721
256.22164616908447
253.13458571087838
252.96884227815221
254.09500930800735
252.96884227815221
253.13458571087850
256.22164616908441
260.51963357133775
259.46510353335395
262.81774688970927
259.46510353335356
248.03117892363926
247.04940956596434
247.04940956596414
249.89956170733825
249.98537671484817
250.96226925596096
251.12860870564833
248.11642803275450
244.35582330118470
245.33105520750007
242.79554195713931
245.33105520750030
249.98537671484857
248.11642803275419
251.12860870564873
250.96226925596133
256.52132162252127
254.29259655619995
257.66817341731775
257.66817341731775
254.37649989484333
256.60397130265051
253.36912476971409
253.19518818711066
254.37649989484339
253.19518818711069
253.36912476971438
256.60397130265045
261.09306070183754
259.99317706390275
263.48664049794309
259.99317706390241
248.00074914663878
246.96487647117166
246.96487647117141
249.96924347815499
250.05956866608869
251.08726999771386
251.26216387835822
248.09064683537230
244.11732874418018
245.14925807535246
242.46400428067585
245.14925807535269
250.05956866608918
248.09064683537198
251.26216387835851
251.08726999771412
256.93339459199285
254.61465188891285
258.12495844565012
258.12495844565012
254.70202006986850
257.01930267411035
253.65264533545965
253.47136822189762
254.70202006986864
253.47136822189765
253.65264533545994
257.01930267411029
261.67705476877620
260.53733614772756
264.15406165483722
260.53733614772710
248.04520690253000
246.96011034539603
246.96011034539586
250.10442262370998
250.19882376018171
251.27237447316060
251.45497549352388
248.13932758284537
243.97175251527358
245.05566143016574
242.23281440777990
245.05566143016597
250.19882376018219
248.13932758284500
251.45497549352430
251.27237447316094
257.38272770808834
254.98597092921463
258.61284303461304
258.61284303461298
255.07635147248126
257.47144979868460
253.99041196246938
253.80273312682996
255.07635147248135
253.80273312683002
253.99041196246972
257.47144979868455
262.27384252272157
261.10015075306302
264.82158561913161
261.10015075306262
248.17288036156961
247.04413206912372
247.04413206912346
250.31220427473932
250.41019386063195
251.52404561680012
251.71340936197478
248.27073995377791
243.93020395872048
245.06058572190935
242.11442482379306
245.06058572190966
250.41019386063238
248.27073995377759
251.71340936197527
251.52404561680046
257.86908263274285
255.40683647833947
259.13136643241700
259.13136643241700
255.49975508544918
257.96015729429797
254.38295934748430
254.18986748580267
255.49975508544932
254.18986748580264
254.38295934748461
257.96015729429791
262.88247231827955
261.68079946381647
265.48806274638929
261.68079946381602
248.38622692227023
247.21986791287310
247.21986791287296
250.59424548810162
250.69530204958900
251.84353634384104
252.03865836033060
248.48730224175543
243.99708001970558
245.16786306937811
242.11421717454886
245.16786306937837
250.69530204958954
248.48730224175500
252.03865836033103
251.84353634384135
258.38806514517944
255.87288784133673
259.67615618510786
259.67615618510791
255.96786706417575
258.48103164670033
254.82597161084971
254.62846597433537
255.96786706417581
254.62846597433540
254.82597161084996
258.48103164670033
263.49878270633565
262.27503010860715
266.14959986343285
262.27503010860676
248.68159260736979
247.48387873977603
247.48387873977566
250.94656533036562
251.05015483866495
252.22672480620375
252.42658140193967
248.78534325318452
244.16969752603728
245.37450714670669
242.23006793291114
245.37450714670697
251.05015483866549
248.78534325318412
252.42658140194007
252.22672480620398
258.93121634854242
256.37520907968798
260.23901891876477
260.23901891876477
256.47178719849165
259.02563242720572
255.31036769968858
255.10941811044475
256.47178719849171
255.10941811044475
255.31036769968884
259.02563242720566
264.11548527118396
262.87524615289311
266.79963249092748
262.87524615289266
249.04925753439122
247.82639228374401
247.82639228374379
251.35961012858004
251.46520817299819
252.66418808306346
252.86777827865038
249.15514882814148
244.43827782847845
245.67071714586700
242.45229666807592
245.67071714586726
251.46520817299867
249.15514882814111
252.86777827865080
252.66418808306381
259.48625482025778
256.90059684536521
260.80816835980488
260.80816835980488
256.99834582791993
259.58171344368310
255.82257905499830
255.61908771387709
256.99834582791999
255.61908771387715
255.82257905499861
259.58171344368299
264.72234761254612
263.47070454785700
267.42907442702011
263.47070454785654
249.47375783383092
248.23163033851282
248.23163033851253
251.81856212853808
251.92567538918470
253.14150165991714
253.34788760757260
249.58128324215724
244.78628113368606
246.04021088133493
242.76399863843076
246.04021088133521
251.92567538918522
249.58128324215681
253.34788760757306
253.14150165991748
260.03744241229589
257.43197897486363
261.36856411350118
261.36856411350124
257.53052044447691
260.13358658921686
256.34499012423458
256.13975754609015
257.53052044447708
256.13975754609010
256.34499012423487
260.13358658921669
265.30645244079051
264.04780022137822
268.02652233054312
264.04780022137788
249.93445202932020
248.67839866331309
248.67839866331286
252.30386027786045
252.41204588470649
253.63973395338866
253.84807723195928
250.04315352718655
245.19105854565444
246.46085482427685
243.14173053574905
246.46085482427713
252.41204588470697
250.04315352718615
253.84807723195973
253.63973395338905
260.56602870196753
257.94893606899643
261.90231755172005
261.90231755172005
258.04795431673881
260.66256348817279
256.85649274010137
256.65018992132246
258.04795431673887
256.65018992132252
256.85649274010166
260.66256348817274
265.85249284995535
264.59039613468451
268.57847769036044
264.59039613468406
250.40627541260002
249.14088164472244
249.14088164472221
252.79187948461242
252.90076097747800
254.13608380317800
254.34567524059162
250.51576037413307
245.62475982378933
246.90553051191594
243.55648519141985
246.90553051191623
252.90076097747846
250.51576037413264
254.34567524059216
254.13608380317828
261.05069158189173
258.42824018719750
262.38908391366778
262.38908391366778
258.52749139600922
261.14739254718427
257.33306701006040
257.12621564737748
258.52749139600928
257.12621564737748
257.33306701006080
261.14739254718415
266.34302729542094
265.08012107137080
269.06951249771191
265.08012107137040
250.86058524646856
249.58954241168655
249.58954241168635
253.25567502505297
253.36495379846451
254.60456965903330
254.81485064671656
250.97053863173213
246.05539128463309
247.34313409668758
243.97484578455663
247.34313409668786
253.36495379846508
250.97053863173173
254.81485064671713
254.60456965903367
261.46778127242527
258.84421428290835
262.80624976418193
262.80624976418187
258.94353127021878
261.56449882879360
257.74819080317820
257.54115309056169
258.94353127021884
257.54115309056169
257.74819080317855
261.56449882879349
266.75850897123883
265.49644806681272
269.48219724731047
265.49644806681226
251.26588941891848
249.99191906366900
249.99191906366877
253.66558831742159
253.77504959527150
255.01656865098249
255.22714221913171
251.37608019291230
246.44780881198656
247.73949611745493
244.36010098775375
247.73949611745522
253.77504959527195
251.37608019291181
255.22714221913225
255.01656865098289
261.79073291210386
259.16827200798605
263.12828426806277
263.12828426806277
259.26756398017517
261.88739213094664
258.07243551880572
257.86541470609546
259.26756398017523
257.86541470609552
258.07243551880606
261.88739213094664
267.07646974516359
265.81592958070991
269.79618121267015
265.81592958070945
251.58780902351955
250.31266691416488
250.31266691416465
253.98906636238456
254.09857885402434
255.34055930452780
255.55118948323138
251.69808980609980
246.76399571704081
248.05757104942549
244.67267168167407
248.05757104942577
254.09857885402485
251.69808980609938
255.55118948323189
255.34055930452811
261.98411391582420
259.36306971403434
263.32074254411674
263.32074254411668
259.46231761019152
262.08071095483047
258.26766914357893
258.06072023248043
259.46231761019158
258.06072023248049
258.26766914357927
262.08071095483041
267.26542973563505
266.00613120604311
269.98206829407854
266.00613120604271
251.78367569158439
250.50825268977593
250.50825268977565
254.18509426267298
254.29460284006902
255.53647115478262
255.74707004151705
251.89397433814375
246.95806203379522
248.25231920713853
244.86531555410733
248.25231920713881
254.29460284006959
251.89397433814332
255.74707004151756
255.53647115478296
# pressure_hl
# rank
2
# size
32
91
# lbound
1
1
# entries
0.49264212787873829
0.48847924150565053
0.49478321465213754
0.49478321465213754
0.48863603601488825
0.49279644249984572
0.48675296039220545
0.48642769185571089
0.48863603601488842
0.48642769185571144
0.48675296039220539
0.49279644249984539
0.50117815041281655
0.49912387175450940
0.50565297271719511
0.49912387175450929
0.47668715910276599
0.47473635373241330
0.47473635373241369
0.48038564697897851
0.48055511228103287
0.48248195050711490
0.48280963485733419
0.47685629977199862
0.46935378633165237
0.47130808282613457
0.46621265522757138
0.47130808282613551
0.48055511228103381
0.47685629977199667
0.48280963485733452
0.48248195050711568
0.84697102617985442
0.83995104551030153
0.85058111856958762
0.85058111856958762
0.84021547432129984
0.84723122728531153
0.83703961323055776
0.83649101291777272
0.84021547432130006
0.83649101291777372
0.83703961323055764
0.84723122728531097
0.86136172653399856
0.85789892633605935
0.86890371091822483
0.85789892633605913
0.82005903799028368
0.81676726465957372
0.81676726465957439
0.82629907745812459
0.82658497332960335
0.82983549366439657
0.83038826108448294
0.82034443153695547
0.80768331845135022
0.81098175357253122
0.80238116842726204
0.81098175357253277
0.82658497332960501
0.82034443153695213
0.83038826108448338
0.82983549366439791
1.3272344025476390
1.3164180544467143
1.3327961869725646
1.3327961869725646
1.3168255141933713
1.3276352880417825
1.3119316610425282
1.3110862600114472
1.3168255141933718
1.3110862600114486
1.3119316610425280
1.3276352880417817
1.3494025071698066
1.3440688595208519
1.3610178712467274
1.3440688595208516
1.2857597172777879
1.2806850329401671
1.2806850329401682
1.2953785272423224
1.2958191948503852
1.3008292155827517
1.3016811599571310
1.2861996702882872
1.2666790805232444
1.2717650495211947
1.2585027368136270
1.2717650495211970
1.2958191948503879
1.2861996702882819
1.3016811599571316
1.3008292155827539
1.9991512924229478
1.9831192124350974
2.0073941496189476
2.0073941496189476
1.9837231930661521
1.9997454454218999
1.9764687877473324
1.9752155606581516
1.9837231930661527
1.9752155606581538
1.9764687877473319
1.9997454454218986
2.0320021207219128
2.0240990528301230
2.0492112106436231
2.0240990528301226
1.9376649531871302
1.9301394287234044
1.9301394287234064
1.9519278265646685
1.9525812100059403
1.9600093662964355
1.9612724616000494
1.9383173595866787
1.9093666119440897
1.9169102745414388
1.8972381350417920
1.9169102745414421
1.9525812100059441
1.9383173595866705
1.9612724616000503
1.9600093662964386
2.9266061150727962
2.9034988682017451
2.9384854726340639
2.9384854726340639
2.9043694485830329
2.9274624172203239
2.8939126295385842
2.8921061094033189
2.9043694485830338
2.8921061094033220
2.8939126295385842
2.9274624172203221
2.9739450080401597
2.9625576337491721
2.9987387431496351
2.9625576337491717
2.8379683704045306
2.8271165653522821
2.8271165653522847
2.8585335458153165
2.8594755793328286
2.8701849660936882
2.8720059409421888
2.8389091078784405
2.7971585743331073
2.8080384512856811
2.7796647594491204
2.8080384512856860
2.8594755793328335
2.8389091078784290
2.8720059409421901
2.8701849660936927
4.1868395500302062
4.1542788041940364
4.2035773365304108
4.2035773365304108
4.1555056252409717
4.1880460991525688
4.1407695010974104
4.1382236030570381
4.1555056252409726
4.1382236030570425
4.1407695010974104
4.1880460991525661
4.2535327973725856
4.2374912745226077
4.2884566584330894
4.2374912745226077
4.0619164840520998
4.0466181181471210
4.0466181181471246
4.0909057735584353
4.0922336132700368
4.1073285029996685
4.1098950800288430
4.0632426480827339
4.0043799246538008
4.0197204380335396
3.9797118518263765
4.0197204380335467
4.0922336132700439
4.0632426480827180
4.1098950800288447
4.1073285029996747
5.8734560053576637
5.8284477987697487
5.8965902986121632
5.8965902986121632
5.8301437117328287
5.8751236961173596
5.8097725206944393
5.8062529637136917
5.8301437117328296
5.8062529637136979
5.8097725206944402
5.8751236961173561
5.9656283659123508
5.9434604621354348
6.0138855015325525
5.9434604621354348
5.7007473204901986
5.6795914859402208
5.6795914859402252
5.7408327500303278
5.7426687385806741
5.7635396278344571
5.7670881786022390
5.7025811914064652
5.6211746884856009
5.6423922019183470
5.5870535910554135
5.6423922019183577
5.7426687385806847
5.7025811914064430
5.7670881786022417
5.7635396278344659
8.0988857950955158
8.0377109794772217
8.1303270513623271
8.1303270513623271
8.0400161779453398
8.1011523742896969
8.0123256341854319
8.0075413578479928
8.0400161779453416
8.0075413578480017
8.0123256341854319
8.1011523742896916
8.2241441945914708
8.1940215676762911
8.2897121879999585
8.1940215676762911
7.8641032322433864
7.8353365305486431
7.8353365305486493
7.9186051761671354
7.9211013332866500
7.9494759641457327
7.9543001793191470
7.8665967686130207
7.7558958900783033
7.7847508600374669
7.7094891818082729
7.7847508600374820
7.9211013332866651
7.8665967686129914
7.9543001793191515
7.9494759641457433
10.996785688515761
10.914878431536767
11.038879099290829
11.038879099290829
10.917965033838424
10.999820252322435
10.880887261297442
10.874480906918860
10.917965033838428
10.874480906918871
10.880887261297444
10.999820252322428
11.164467291397585
11.124145917200901
11.252227646617168
11.124145917200901
10.682385484513766
10.643854506116792
10.643854506116801
10.755381502753542
10.758724505507820
10.796724450559791
10.803184955463061
10.685725306638570
10.537438829292023
10.576093646866770
10.475266967306105
10.576093646866791
10.758724505507839
10.685725306638529
10.803184955463067
10.796724450559806
14.724452648505544
14.616267023544980
14.780046612259861
14.780046612259861
14.620344104405554
14.728460580724878
14.571367172143006
14.562904630740810
14.620344104405557
14.562904630740825
14.571367172143008
14.728460580724867
14.945897260626639
14.892652017159790
15.061777593120004
14.892652017159790
14.309122163625952
14.258210331306206
14.258210331306216
14.405566504654461
14.409983155783586
14.460185948957989
14.468720861577856
14.313535025374700
14.117587764404314
14.168670263758635
14.035421988332434
14.168670263758663
14.409983155783612
14.313535025374645
14.468720861577861
14.460185948958006
19.465262349054047
19.324126664775811
19.537783239356376
19.537783239356376
19.329445749193177
19.470490713360498
19.265547653274346
19.254506653763638
19.329445749193177
19.254506653763656
19.265547653274350
19.470490713360483
19.754109885527598
19.684663113846334
19.905239213841895
19.684663113846334
18.923359570757555
18.856918195680848
18.856918195680862
19.049213631050492
19.054976828852684
19.120483795910967
19.131620253665069
18.929118332909926
18.673385520335895
18.740058300898276
18.566136234634033
18.740058300898315
19.054976828852716
18.929118332909855
19.131620253665076
19.120483795910992
25.431134288255688
25.249092472797319
25.524667874426395
25.524667874426395
25.255953517769829
25.437877700044925
25.173530302730590
25.159287987523406
25.255953517769829
25.159287987523427
25.173530302730594
25.437877700044908
25.803648741320316
25.714092434257331
25.998526647825170
25.714092434257331
24.732077637461025
24.646350882994884
24.646350882994902
24.894451961393738
24.901887198093487
24.986397294219579
25.000764001980180
24.739507769098722
24.409525983748800
24.495561845591741
24.271121306451921
24.495561845591794
24.901887198093529
24.739507769098626
25.000764001980187
24.986397294219611
32.865029386368363
32.632668328924112
32.984409475842575
32.984409475842575
32.641426234131131
32.873636405111512
32.536213761588961
32.518033164798339
32.641426234131131
32.518033164798368
32.536213761588968
32.873636405111490
33.340451581928427
33.226162645139723
33.589132463082834
33.226162645139723
31.972633689201729
31.863176949428876
31.863176949428897
32.179942451863752
32.189434883889618
32.297325033606107
32.315665917468500
31.982120340029422
31.560773107259788
31.670637085824119
31.384026809748498
31.670637085824186
32.189434883889675
31.982120340029294
32.315665917468507
32.297325033606150
42.043495543451300
41.749756766280036
42.194400688738938
42.194400688738938
41.760828474710166
42.054375646167941
41.627817108058068
41.604832410355129
41.760828474710159
41.604832410355165
41.627817108058075
42.054375646167912
42.644428071159915
42.499975835928403
42.958722277694704
42.499975835928403
40.915248018630898
40.776838975676824
40.776838975676853
41.177377396375228
41.189379551218600
41.325792227804932
41.348981320306216
40.927243726196672
40.394418975481095
40.533357703036287
40.170886651651983
40.533357703036373
41.189379551218664
40.927243726196508
41.348981320306223
41.325792227804975
53.279289395606497
52.911262756289958
53.468348856395075
53.468348856395075
52.925135031102265
53.292920617092612
52.758476201831947
52.729676583674582
52.925135031102258
52.729676583674632
52.758476201831947
53.292920617092577
54.032118489059791
53.851163319994157
54.425812892038685
53.851163319994157
51.865556947306587
51.692098262266470
51.692098262266505
52.194049369543123
52.209089580913201
52.380028670425169
52.409086405364128
51.880590069949967
51.212805453039756
51.386944881883970
50.932627263587847
51.386944881884077
52.209089580913286
51.880590069949761
52.409086405364135
52.380028670425226
66.924117629586021
66.466813914716354
67.159028213518965
67.159028213518965
66.484051910130631
66.941054986202445
66.276955153293073
66.241167003033567
66.484051910130617
66.241167003033624
66.276955153293073
66.941054986202403
67.859478506043615
67.634659928170109
68.348579940209660
67.634659928170109
65.167273544523525
64.951685750925662
64.951685750925705
65.575530554389417
65.594222251098770
65.806658629978301
65.842769790363903
65.185957544378084
64.355948137719309
64.572401044024701
64.007675860216892
64.572401044024843
65.594222251098884
65.185957544377828
65.842769790363917
65.806658629978372
83.371558361167175
82.807656604656671
83.661214297544987
83.661214297544987
82.828913387294676
83.392443213199130
82.573531970196413
82.529399123635699
82.828913387294662
82.529399123635770
82.573531970196413
83.392443213199073
84.524852654082054
84.247664910740568
85.127858811823657
84.247664910740554
81.205012596669832
80.939115292309467
80.939115292309523
81.708519948286508
81.731571963641343
81.993560689545234
82.038094332350070
81.228056338120666
80.204317439615195
80.471302597606908
79.774722800806970
80.471302597607092
81.731571963641485
81.228056338120354
82.038094332350084
81.993560689545305
103.06024215943684
102.36980627179446
103.41488080387225
103.41488080387225
102.39583349574029
103.08581271337783
102.08313620196228
102.02909779297444
102.39583349574028
102.02909779297454
102.08313620196228
103.08581271337776
104.47221865376328
104.13287098416052
105.21042236452124
104.13287098416049
100.40735466540683
100.08173352485852
100.08173352485858
101.02393437666807
101.05216249525989
101.37297408138838
101.42750585996767
100.43557394419656
99.181849476018073
99.508824962789021
98.655709828615002
99.508824962789248
101.05216249526006
100.43557394419619
101.42750585996770
101.37297408138846
126.47739339785345
125.63755118843916
126.90876034284724
126.90876034284724
125.66921118379754
126.50849660589016
125.28883713671429
125.22310252163878
125.66921118379753
125.22310252163891
125.28883713671429
126.50849660589006
128.19480638855595
127.78206456209942
129.09264086292066
127.78206456209939
123.25024419483321
122.85410063383277
122.85410063383284
124.00033958994408
124.03467960916248
124.42494854034977
124.49128596256357
123.28457477301804
121.75927915363852
122.15709293221107
121.11913545903238
122.15709293221136
124.03467960916267
123.28457477301758
124.49128596256361
124.42494854034987
154.16285601567023
153.14743187662310
154.68439411894448
154.68439411894448
153.18571147945573
154.20046119707152
152.72580407256697
152.64632415019230
153.18571147945570
152.64632415019244
152.72580407256697
154.20046119707141
156.23921936205500
155.74022409941350
157.32465396506134
155.74022409941347
150.26083886039407
149.78181835170540
149.78181835170548
151.16784021950605
151.20936287583720
151.68125735304903
151.76146865423431
150.30235135456394
148.45790951731524
148.93897127201663
147.68379027231123
148.93897127201697
151.20936287583743
150.30235135456340
151.76146865423436
151.68125735304915
186.71375397683025
185.49284430642530
187.34082195176114
187.34082195176114
185.53887084020428
186.75896856743881
184.98588585503484
184.89031993388716
185.53887084020425
184.89031993388733
184.98588585503484
186.75896856743867
189.21021346320424
188.61027027638067
190.51521198459463
188.61027027638065
182.02195212810906
181.44594616597740
181.44594616597752
183.11257247076310
183.16250066869964
183.72991856812385
183.82636604835724
182.07186918535692
179.85395558165771
180.43243477540440
178.92305873389762
180.43243477540480
183.16250066869989
182.07186918535623
183.82636604835733
183.72991856812396
224.78996645514468
223.32944423911366
225.54009404292626
225.54009404292626
223.38450415763762
224.84405439011846
222.72298595312361
222.60866311144372
223.38450415763756
222.60866311144392
222.72298595312361
224.84405439011829
227.77631858196233
227.05865223125852
229.33737489437172
227.05865223125849
219.17725896648679
218.48817446307348
218.48817446307362
220.48197180830144
220.54170069602557
221.22049794025705
221.33587682176261
219.23697526804420
216.58362804754589
217.27568437475662
215.46995101785049
217.27568437475711
220.54170069602586
219.23697526804335
221.33587682176270
221.22049794025719
269.12063205183631
267.38156377559744
270.01382047449954
270.01382047449954
267.44712459908646
269.18503540760150
266.65944279637444
266.52331642851965
267.44712459908646
266.52331642851988
266.65944279637444
269.18503540760128
272.67652411855948
271.82198925288770
274.53529369046601
271.82198925288765
262.43746671971064
261.61695513957096
261.61695513957113
263.99102045828670
264.06214102383524
264.87040003865405
265.00778415077900
262.50857248052534
259.34915338816154
260.17320726122273
258.02305897660426
260.17320726122330
264.06214102383558
262.50857248052432
265.00778415077912
264.87040003865422
320.51193642775644
318.44989050918042
321.57101488359297
321.57101488359297
318.52762683466057
320.58830109746742
317.59366413033456
317.43225806472077
318.52762683466051
317.43225806472105
317.59366413033456
320.58830109746719
324.72829104658643
323.71502858786340
326.93234117572081
323.71502858786334
312.58769044796617
311.61482717849503
311.61482717849520
314.42971748302892
314.51404450334570
315.47239224206123
315.63528814954390
312.67199923762939
308.92596285304711
309.90301535048633
307.35366594420219
309.90301535048701
314.51404450334610
312.67199923762826
315.63528814954401
315.47239224206140
379.85648511679352
377.42070613776343
381.10753662410394
381.10753662410394
377.51253068898563
379.94669147655964
376.40931022271309
376.21865441615921
377.51253068898558
376.21865441615955
376.40931022271309
379.94669147655935
384.83720251453565
383.64022886967120
387.44090958346277
383.64022886967115
370.49631593215014
369.34721816456090
369.34721816456113
372.67205886826821
372.77166423886104
373.90365148235946
374.09606305219819
370.59589783583488
366.17132528247259
367.32533918611182
364.31428175208686
367.32533918611261
372.77166423886155
370.59589783583357
374.09606305219830
373.90365148235963
448.14461966553455
445.27703660747738
449.61749270851021
449.61749270851021
445.38513751722741
448.25081941499775
444.08637549209186
443.86192883555248
445.38513751722729
443.86192883555287
444.08637549209186
448.25081941499747
454.00862377949443
452.59933689535990
457.07425257142268
452.59933689535978
437.12568554970147
435.77305420296278
435.77305420296301
439.68686806597316
439.80412077998130
441.13667716903814
441.36318303999883
437.24290692616449
432.03474870100507
433.39310495898229
429.84892359960730
433.39310495898326
439.80412077998187
437.24290692616296
441.36318303999900
441.13667716903836
526.47810232404049
523.11213150030630
528.20702865040107
528.20702865040107
523.23901729942258
526.60276296494283
521.71458318059581
521.45114037040605
523.23901729942247
521.45114037040651
521.71458318059581
526.60276296494249
533.36181235954052
531.70739483542047
536.96082082172825
531.70739483542036
513.54500389861289
511.95757173490887
511.95757173490921
516.55088033411425
516.68849467733196
518.25247732859293
518.51832432646984
513.68257528654419
507.57053493926929
509.16458223253602
505.00552169604663
509.16458223253710
516.68849467733264
513.68257528654237
518.51832432647006
518.25247732859316
616.08667370427281
612.14576781765413
618.11101743090330
618.11101743090330
612.29432195208869
616.23263246613408
610.50958441186344
610.20116312466678
612.29432195208847
610.20116312466723
610.50958441186344
616.23263246613374
624.14700215307880
622.20969693151949
628.36162531000446
622.20969693151926
600.94593265494143
599.08779657090190
599.08779657090236
604.46455831738353
604.62565221245063
606.45650995084361
606.76772620594170
601.10696674109488
593.95294123474821
595.81866043259811
590.95089707076500
595.81866043259936
604.62565221245131
601.10696674109272
606.76772620594193
606.45650995084395
718.34807963882565
713.74396305355572
720.71324870654792
720.71324870654792
713.91751017543106
718.51860908379035
711.83254186573561
711.47224559939798
713.91751017543083
711.47224559939855
711.83254186573572
718.51860908378990
727.76608143440239
725.50230984086738
732.69126079471607
725.50230984086716
700.66142817248897
698.49123856245512
698.49123856245569
704.77120210471401
704.95936798593061
707.09794833858302
707.46148073418078
700.84951017755964
692.49448334638907
694.67329365239470
688.98883808598521
694.67329365239618
704.95936798593141
700.84951017755714
707.46148073418101
707.09794833858348
834.81226642497882
829.44278306006061
837.57082454628312
837.57082454628312
829.64516985098817
835.01115447431539
827.21377794746297
826.79362883368026
829.64516985098783
826.79362883368094
827.21377794746309
835.01115447431494
845.79759249264703
843.15687745101934
851.54333256122800
843.15687745101900
814.18846947703628
811.65844343175252
811.65844343175308
818.98001314335363
819.19940428407460
821.69293654574574
822.11681817828048
814.40774284870645
804.66800496980943
807.20774460282701
800.58189080201623
807.20774460282871
819.19940428407551
814.40774284870361
822.11681817828071
821.69293654574619
967.23055227584086
960.97703641260387
970.44357788413470
970.44357788413470
961.21273030088025
967.46220000170138
958.38127253489029
957.89200718481754
961.21273030087980
957.89200718481834
958.38127253489040
967.46220000170092
980.02689439565700
976.95054347004998
986.72114588017178
976.95054347004964
943.21542378629260
940.27014166786330
940.27014166786410
948.79387295199137
949.04930880310474
951.95260374368979
952.44615831434953
943.47069471711427
932.13323365669760
935.08935502823158
927.37757205030277
935.08935502823351
949.04930880310587
943.47069471711097
952.44615831434965
951.95260374369036
1117.5906842886966
1110.3147463817381
1121.3294324428227
1121.3294324428227
1110.5889561968381
1117.8602254936147
1107.2948939234043
1106.7257139610874
1110.5889561968377
1106.7257139610883
1107.2948939234045
1117.8602254936143
1132.4824361778960
1128.9019298675728
1140.2746257490012
1128.9019298675723
1089.6548902491379
1086.2298270076346
1086.2298270076355
1096.1426929544864
1096.4397877725808
1099.8167027696256
1100.3907942281865
1089.9517552479579
1076.7686334419170
1080.2056608518799
1071.2398025604080
1080.2056608518822
1096.4397877725821
1089.9517552479540
1100.3907942281867
1099.8167027696263
1288.1587585559375
1279.6983590740247
1292.5066916302883
1292.5066916302883
1280.0171823964206
1288.4722058727457
1276.1873136812428
1275.5255811440973
1280.0171823964199
1275.5255811440979
1276.1873136812433
1288.4722058727452
1305.4791577418987
1301.3141788404575
1314.5445053037486
1301.3141788404571
1255.6829274907516
1251.7026614716001
1251.7026614716012
1263.2232574720904
1263.5685772733373
1267.4938042866604
1268.1611415208154
1256.0279289854375
1240.7094275960847
1244.7027339827559
1234.2864199651733
1244.7027339827587
1263.5685772733389
1256.0279289854329
1268.1611415208156
1267.4938042866613
1481.5289673455825
1471.6936346862772
1486.5842290968840
1486.5842290968840
1472.0642372890022
1481.8933902212680
1467.6125453376173
1466.8434118015732
1472.0642372890015
1466.8434118015737
1467.6125453376178
1481.8933902212675
1501.6700174225994
1496.8260488017283
1512.2148003021932
1496.8260488017279
1443.7855642113573
1439.1615983770448
1439.1615983770457
1452.5464740111886
1452.9477275708045
1457.5089691612582
1458.2844768503426
1444.1863798400079
1426.3926614395768
1431.0306285023084
1418.9336291567176
1431.0306285023114
1452.9477275708061
1444.1863798400029
1458.2844768503428
1457.5089691612593
1700.6819545202975
1689.2469941861953
1706.5603665843946
1706.5603665843946
1689.6778273023035
1701.1056947710777
1684.5028754773507
1683.6088330554571
1689.6778273023028
1683.6088330554578
1684.5028754773512
1701.1056947710774
1724.1064447750766
1718.4718588669114
1736.3743769088651
1718.4718588669105
1656.8133388899319
1651.4414648832283
1651.4414648832292
1666.9927853096312
1667.4590553085498
1672.7596582203287
1673.6609257022553
1657.2790105257097
1636.6100341676852
1641.9966647902720
1627.9481114606551
1641.9966647902754
1667.4590553085518
1657.2790105257038
1673.6609257022558
1672.7596582203300
1949.0520599307742
1935.7516128643372
1955.8907139471880
1955.8907139471880
1936.2526736269467
1949.5449901416323
1930.2344828720372
1929.1948260073814
1936.2526736269460
1929.1948260073821
1930.2344828720377
1949.5449901416318
1976.3079745196185
1969.7505441003668
1990.5878541117588
1969.7505441003657
1898.0441857743212
1891.8013248865311
1891.8013248865320
1909.8760529566430
1910.4180730244113
1916.5801847464265
1917.6280040312943
1898.5853940057409
1874.5688296752592
1880.8268783922101
1864.5071274025654
1880.8268783922140
1910.4180730244141
1898.5853940057341
1917.6280040312947
1916.5801847464281
2230.6026727210851
2215.1215312548966
2238.5641644362622
2238.5641644362622
2215.7046697908231
2231.1765008474035
2208.7010364887187
2207.4912272553870
2215.7046697908222
2207.4912272553879
2208.7010364887192
2231.1765008474031
2262.3401710403050
2254.7029583852532
2278.9748883807015
2254.7029583852518
2171.2540696172823
2163.9945450191722
2163.9945450191731
2185.0152753963862
2185.6457569451873
2192.8140493521346
2194.0330497481368
2171.8834576262520
2143.9604229699212
2151.2350910329651
2132.2661196459981
2151.2350910329696
2185.6457569451904
2171.8834576262443
2194.0330497481373
2192.8140493521364
2549.9069176485614
2531.8711316775430
2559.1842037693100
2559.1842037693104
2532.5504037387486
2550.5755364905381
2524.3926708328008
2522.9836098353849
2532.5504037387473
2522.9836098353858
2524.3926708328013
2550.5755364905376
2586.8977989247778
2577.9944468128720
2606.2946474263622
2577.9944468128706
2480.7930459181248
2472.3442916790477
2472.3442916790486
2496.8117176327710
2497.5457257437038
2505.8916767485603
2507.3110544350629
2481.5255922201745
2449.0342267916017
2457.4974195175855
2435.4317575125224
2457.4974195175910
2497.5457257437074
2481.5255922201654
2507.3110544350639
2505.8916767485625
2912.2274358057052
2891.1939912620714
2923.0491629014182
2923.0491629014182
2891.9860460281911
2913.0073066229702
2882.4744505939607
2880.8316744546519
2891.9860460281898
2880.8316744546528
2882.4744505939616
2913.0073066229697
2955.3864636915096
2944.9960442483166
2978.0284013293181
2944.9960442483152
2831.6614216059306
2821.8192380195155
2821.8192380195164
2850.3259259123497
2851.1812941522307
2860.9079107277862
2862.5622331525165
2832.5148520238431
2794.6721359758858
2804.5271802981920
2778.8356376799511
2804.5271802981983
2851.1812941522353
2832.5148520238326
2862.5622331525183
2860.9079107277889
3323.5834423518281
3299.0297386997090
3336.2193632166550
3336.2193632166550
3299.9542148773812
3324.4939851475888
3288.8531323556372
3286.9359925398921
3299.9542148773794
3286.9359925398935
3288.8531323556385
3324.4939851475883
3373.9899514124372
3361.8517636115071
3400.4469364316460
3361.8517636115048
3229.5758324962080
3218.0994841991055
3218.0994841991064
3251.3440817534683
3252.3418389777694
3263.6885121526170
3265.6185440786408
3230.5710453997049
3186.4539748340690
3197.9405150619386
3167.9994300079165
3197.9405150619455
3252.3418389777744
3230.5710453996930
3265.6185440786426
3263.6885121526202
3790.7850068206508
3762.0995725878147
3805.5507259369024
3805.5507259369024
3763.1794494466772
3791.8489430551299
3750.2131710764720
3747.9741030595492
3763.1794494466753
3747.9741030595505
3750.2131710764743
3791.8489430551294
3849.7016922904686
3835.5107722982807
3880.6403872230208
3835.5107722982784
3681.0078117288995
3667.6155679678236
3667.6155679678250
3706.4156843961309
3707.5804394374832
3720.8273109612860
3723.0807557221465
3682.1692641265845
3630.6976399058208
3644.0961371221965
3609.1756229748521
3644.0961371222043
3707.5804394374886
3682.1692641265709
3723.0807557221488
3720.8273109612892
4321.4037986092899
4287.8806861744470
4338.6635647198700
4338.6635647198700
4289.1424987929631
4322.6473545477784
4273.9926255764631
4271.3766940923051
4289.1424987929613
4271.3766940923069
4273.9926255764658
4322.6473545477775
4390.2874702854542
4373.6920971686222
4426.4764617710362
4373.6920971686195
4193.1678185255387
4177.5339693316300
4177.5339693316319
4222.8346947089267
4224.1948861318970
4239.6656638087934
4242.2976375940179
4194.5237827128376
4134.4485163924801
4150.0833545349642
4109.3391162148409
4150.0833545349733
4224.1948861319033
4194.5237827128221
4242.2976375940207
4239.6656638087970
4923.6386032298296
4884.4790476450007
4943.8042752353504
4943.8042752353504
4885.9528327457037
4925.0914395574564
4868.2588834510098
4865.2038781617903
4885.9528327457010
4865.2038781617912
4868.2588834510125
4925.0914395574555
5004.1353121777001
4984.7383653603347
5046.4417385711677
4984.7383653603310
4773.8973570220969
4755.6522558009519
4755.6522558009538
4808.5257829096990
4810.1136555357425
4828.1752957562303
4831.2482643261374
4775.4799125504233
4705.3827251587054
4723.6224174311765
4676.0950291398249
4723.6224174311865
4810.1136555357498
4775.4799125504051
4831.2482643261410
4828.1752957562348
5606.0290025355607
5560.3546993949631
5629.5529311758628
5629.5529311758628
5562.0735085886599
5607.7237079213546
5541.4386970167843
5537.8761153197102
5562.0735085886572
5537.8761153197120
5541.4386970167870
5607.7237079213528
5699.9444745308028
5677.3108404078703
5749.3172438288402
5677.3108404078666
5431.4256795677184
5410.1607662874803
5410.1607662874821
5471.7914221517785
5473.6425580174127
5494.6998497807908
5498.2826921904016
5433.2702705150896
5351.5822339837932
5372.8348074429005
5317.4614351640612
5372.8348074429123
5473.6425580174218
5433.2702705150696
5498.2826921904052
5494.6998497807972
6376.9835045669288
6323.8652149568761
6404.3434493214263
6404.3434493214263
6325.8640545737271
6378.9545170086631
6301.8679329619254
6297.7251442520810
6325.8640545737235
6297.7251442520828
6301.8679329619281
6378.9545170086612
6486.2215045795319
6459.8932764317042
6543.6573792519321
6459.8932764316996
6173.9554550327030
6149.2350821224363
6149.2350821224391
6220.8845161642694
6223.0367635134699
6247.5200410777752
6251.6859399338728
6176.0998549745063
6081.1458201774440
6105.8475341622561
6041.4909227624130
6105.8475341622689
6223.0367635134808
6176.0998549744845
6251.6859399338764
6247.5200410777825
7244.1337568124627
7182.6355310030895
7275.8097963985238
7275.8097963985238
7184.9497126001988
7246.4157072596981
7157.1678971399660
7152.3715312918603
7184.9497126001952
7152.3715312918630
7157.1678971399697
7246.4157072596963
7370.6026783424531
7340.1219649186332
7437.0958909312130
7340.1219649186287
7009.0770443490046
6980.4576602043944
6980.4576602043971
7063.4087216030612
7065.9004845944919
7094.2460728279948
7099.0691689959549
7011.5596832731117
6901.6309766926852
6930.2276869205489
6855.7243009319418
6930.2276869205634
7065.9004845945046
7011.5596832730871
7099.0691689959594
7094.2460728280030
8213.6095762548393
8142.8421573457790
8250.0565184924453
8250.0565184924453
8145.5052924556385
8216.2353027444478
8113.5335117595532
8108.0136053388942
8145.5052924556339
8108.0136053388978
8113.5335117595578
8216.2353027444460
8359.1120311346094
8324.0476220416913
8435.5960398991811
8324.0476220416858
7943.0815442815747
7910.1360148957838
7910.1360148957865
8005.6220249835678
8008.4901285150772
8041.1160137842417
8046.6672595990094
7945.9393946290174
7819.3867573309335
7852.3098761338788
7766.5323109247602
7852.3098761338952
8008.4901285150918
7945.9393946289902
8046.6672595990140
8041.1160137842517
9289.4251370919046
9208.5942083734608
9331.0479965715713
9331.0479965715713
9211.6363782920489
9292.4239104852895
9175.1125179537648
9168.8063359347088
9211.6363782920434
9168.8063359347125
9175.1125179537703
9292.4239104852877
9455.5614872539136
9415.5317433140372
9542.8598901070327
9415.5317433140299
8980.3328409748119
8942.6740623710193
8942.6740623710230
9051.8107359553323
9055.0883982630294
9092.3712425037775
9098.7145050474064
8983.5993753087805
8838.9242620572986
8876.5668464628343
8778.4863368558781
8876.5668464628525
9055.0883982630457
8983.5993753087496
9098.7145050474119
9092.3712425037884
10473.209340004707
10381.640713720582
10520.351117294138
10520.351117294138
10385.087487047820
10476.605966362435
10343.703561046786
10336.557702538152
10385.087487047813
10336.557702538157
10343.703561046796
10476.605966362433
10661.332023159373
10616.015119024392
10760.137928261431
10616.015119024383
10122.915906229297
10080.211568171248
10080.211568171253
10203.955276926921
10207.670906140058
10249.932566817963
10257.122372879277
10126.619834453142
9962.5330332030971
10005.234010455310
9893.9622784179483
10005.234010455331
10207.670906140076
10126.619834453106
10257.122372879283
10249.932566817975
11764.433985802771
11661.564004960155
11817.381517919277
11817.381517919277
11665.436756427152
11768.249207346400
11618.935299648032
11610.905123770221
11665.436756427143
11610.905123770228
11618.935299648043
11768.249207346398
11975.674500738231
11924.801041035893
12086.568537190056
11924.801041035882
11370.734671581446
11322.706723040039
11322.706723040044
11461.857477009193
11466.034828245658
11513.544421556908
11521.626359151318
11374.900011881999
11190.322267559508
11238.365530428666
11113.158235384890
11238.365530428689
11466.034828245680
11374.900011881959
11521.626359151323
11513.544421556922
13161.096075225019
13046.430526392935
13220.101804763179
13220.101804763179
13050.747953873562
13165.348125147988
12998.903965408597
12989.950508518003
13050.747953873553
12989.950508518014
12998.903965408610
13165.348125147986
13396.454180699031
13339.785159575553
13519.953673616126
13339.785159575542
12722.070436569689
12668.478902293804
12668.478902293809
12823.728399706535
12828.388071601561
12881.379207724811
12890.392896962243
12726.717939146465
12520.720014828457
12574.349390789183
12434.568081386329
12574.349390789210
12828.388071601586
12726.717939146421
12890.392896962248
12881.379207724827
14660.604508482833
14533.664613277455
14725.914242362733
14725.914242362733
14538.444771600522
14665.311112495037
14481.041297629943
14471.127058091790
14538.444771600511
14471.127058091803
14481.041297629958
14665.311112495034
14921.058578324888
14858.358917164669
15057.674853563683
14858.358917164656
14174.410288805850
14115.028395020834
14115.028395020841
14287.032337214732
14292.193953220412
14350.889576623349
14360.872900604278
14179.559597812182
13951.267285015354
14010.711081550397
13855.759547679270
14010.711081550427
14292.193953220438
14179.559597812135
14360.872900604285
14350.889576623367
16260.537469497844
16120.817879965836
16332.411215242311
16332.411215242311
16126.079797558084
16265.717365404578
16062.888342956809
16051.973859878975
16126.079797558074
16051.973859878992
16062.888342956825
16265.717365404575
16547.124249277596
16478.144427401468
16697.400729316105
16478.144427401454
15725.239980822906
15659.831663434701
15659.831663434708
15849.273998331702
15854.958090569407
15919.591711723919
15930.584392315681
15730.911569630305
15479.417671937135
15544.912011741402
15374.174900438478
15544.912011741435
15854.958090569437
15730.911569630254
15930.584392315688
15919.591711723939
17959.012608354355
17805.971431926799
18037.728406995982
18037.728406995982
17811.735546368316
17964.685851955488
17742.510536903748
17730.553366004871
17811.735546368305
17730.553366004890
17742.510536903766
17964.685851955484
18272.837163881308
18197.312131295319
18437.348833240736
18197.312131295301
17372.528939513475
17300.838848307249
17300.838848307256
17508.458866892710
17514.687600888508
17585.511169565325
17597.556038896382
17378.744945889972
17103.067467174038
17174.868105693229
16987.678782408595
17174.868105693266
17514.687600888541
17378.744945889917
17597.556038896390
17585.511169565347
19754.588624358239
19587.676089526896
19840.426496809065
19840.426496809065
19593.963229631318
19760.775461884899
19518.453913737714
19505.410611482879
19593.963229631307
19505.410611482901
19518.453913737732
19760.775461884896
20096.755206019170
20014.422258532166
20276.067070870220
20014.422258532144
19114.778634267732
19036.539690313439
19036.539690313446
19263.107977184300
19269.904328650238
19347.178460064959
19360.319722887725
19121.562167884618
18820.669296786175
18899.046246854970
18694.699133181151
18899.046246855010
19269.904328650275
19121.562167884560
19360.319722887732
19347.178460064984
21645.834774559036
21464.545782654073
21739.049327777469
21739.049327777469
21471.375209322468
21652.553675492574
21389.349066902323
21375.179206224184
21471.375209322454
21375.179206224209
21389.349066902341
21652.553675492571
22017.336720328818
21927.962161106716
22211.945698200579
21927.962161106690
20950.694687300827
20865.649948401497
20865.649948401504
21111.903801229120
21119.289561814971
21203.260649760370
21217.539953731495
20958.067911475973
20630.959483890972
20716.176544868700
20493.979292203134
20716.176544868744
21119.289561815011
20958.067911475908
21217.539953731502
21203.260649760399
23630.941724553661
23434.853609950624
23731.743582773808
23731.743582773808
23442.241554376011
23638.208023972657
23353.502055486901
23338.171337851618
23442.241554375996
23338.171337851643
23353.502055486919
23638.208023972653
24032.590820525944
23935.986143015092
24242.892189106831
23935.986143015070
22878.760232915127
22786.683921662614
22786.683921662621
23053.267503956769
23061.261537586015
23152.142156266174
23167.595301393249
22886.742558627062
22532.532599221482
22624.825418632623
22384.156618261408
22624.825418632670
23061.261537586055
22886.742558626993
23167.595301393256
23152.142156266207
25707.632080850843
25496.423250760250
25816.178360312078
25816.178360312078
25504.382208162602
25715.457291943199
25408.777324246439
25392.259056866878
25504.382208162588
25392.259056866904
25408.777324246461
25715.457291943196
26140.020638643615
26036.051653823884
26366.288080177634
26036.051653823859
24897.064030642967
24797.771205480069
24797.771205480076
25085.208077050804
25093.825518928774
25191.785391694742
25208.440807385246
24905.671288006932
24523.626479462891
24623.192156794878
24363.529106719721
24623.192156794932
25093.825518928817
24905.671288006855
25208.440807385254
25191.785391694779
27873.164475862501
27646.632237661091
27989.549516888135
27989.549516888135
27655.170300728867
27881.555624097204
27552.600482998412
27534.876950912476
27655.170300728849
27534.876950912505
27552.600482998434
27881.555624097196
28336.628040636264
28225.223930479089
28578.993780901674
28225.223930479060
27003.297554290417
26896.651925726521
26896.651925726528
27205.322188927010
27214.573749869665
27319.731799933918
27337.609186027352
27012.541311044275
26602.110626806541
26709.100113810659
26430.038457222297
26709.100113810717
27214.573749869713
27012.541311044195
27337.609186027359
27319.731799933958
30124.337008119288
29882.415588158394
30248.583069308806
30248.583069308806
29891.535770568873
30133.295961273267
29781.962061016038
29763.025925007038
29891.535770568855
29763.025925007067
29781.962061016060
30133.295961273259
30618.917180321801
30500.079457666481
30877.352487308832
30500.079457666448
29194.759912343656
29080.681963921401
29080.681963921408
29410.798592968171
29420.689842468131
29533.106016203543
29552.214948005032
29204.646766983107
28765.492375498783
28880.002520130234
28581.276835040153
28880.002520130296
29420.689842468182
29204.646766983024
29552.214948005039
29533.106016203583
32457.486933767639
32200.265214245814
32589.535112159381
32589.535112159381
32209.964781150804
32467.009746361222
32093.416858235454
32073.272545475924
32209.964781150786
32073.272545475957
32093.416858235476
32467.009746361215
32982.895439081149
32856.706520791442
33257.192163698099
32856.706520791406
31468.357484566000
31346.832762577371
31346.832762577378
31698.417541082716
31708.948183316912
31828.615213523641
31848.953740383269
31478.888346470994
31010.917331846562
31132.982664241597
30814.487787057751
31132.982664241659
31708.948183316967
31478.888346470907
31848.953740383276
31828.615213523684
34868.485691452443
34596.224097240454
35008.187381356285
35008.187381356285
34606.493923150891
34878.561985668668
34483.077841796963
34461.742888809633
34606.493923150869
34461.742888809669
34483.077841796985
34878.561985668661
35424.071026112317
35290.702080723589
35713.824963554413
35290.702080723553
33820.597006610798
33691.684402509280
33691.684402509287
34064.544011642167
34075.707172233022
34202.542490218613
34224.095764329562
33831.766378985580
33335.162661403912
33464.747065839787
33126.559797818874
33464.747065839852
34075.707172233080
33831.766378985492
34224.095764329570
34202.542490218657
37352.728583487980
37065.874450007075
37499.837836886385
37499.837836886385
37076.698428364019
37363.340992312718
36946.603767394336
36924.110066852889
37076.698428363998
36924.110066852925
36946.603767394357
37363.340992312711
37937.446752213589
37797.164440285742
38242.043688282261
37797.164440285698
36247.571032001855
36111.410834007933
36111.410834007940
36505.113772544042
36516.895318104333
36650.733371480834
36673.472351752614
36259.366317594438
35734.621978582894
35871.610440509750
35514.011170756021
35871.610440509823
36516.895318104391
36259.366317594351
36673.472351752622
36650.733371480885
39905.118752376766
39604.319402134584
40059.285953083541
40059.285953083534
39615.673934912971
39916.242454346364
39479.180015587990
39455.574909785289
39615.673934912942
39455.574909785326
39479.180015588012
39916.242454346357
40517.509792627920
40370.681480780091
40836.115166687690
40370.681480780040
38744.934978620026
38601.756412327821
38601.756412327828
39015.611593088695
39027.989510413281
39168.574798038288
39192.455083085399
38757.335833092700
38205.280833169592
38349.471506781279
37972.965139698783
38349.471506781359
39027.989510413339
38757.335833092613
39192.455083085413
39168.574798038338
42520.045483834016
42206.158139397325
42680.812792213983
42680.812792213976
42218.011739136746
42531.647862154176
42075.492528481882
42050.839683368191
42218.011739136717
42050.839683368227
42075.492528481904
42531.647862154168
43158.217616389018
43005.314618844815
43489.770771878844
43005.314618844764
41307.875336871766
41158.003249098358
41158.003249098365
41591.041301838719
41603.985168943946
41750.966363975509
41775.927218166631
41320.853100313368
40742.682119138859
40893.779029230631
40499.114425561878
40893.779029230711
41603.985168944011
41320.853100313274
41775.927218166653
41750.966363975560
45191.357331896652
44865.454907218664
45358.156391245582
45358.156391245575
44877.767947544606
45203.397793399941
44729.695213959712
44704.075199214611
44877.767947544577
44704.075199214654
44729.695213959734
45203.397793399934
45852.980670620185
45694.579060743286
46196.194662821734
45694.579060743228
43931.069091025689
43774.929358923495
43774.929358923502
44225.887870025181
44239.358456798916
44392.284050016831
44418.247696544240
43944.586334216001
43341.881172394307
43499.487943450295
43087.674873851320
43499.487943450382
44239.358456798989
43944.586334215899
44418.247696544255
44392.284050016875
47912.331088298954
47575.702843273648
48084.483500257047
48084.483500257040
47588.427496711098
47924.761079184093
47435.371749510574
47408.882243276254
47588.427496711061
47408.882243276305
47435.371749510596
47924.761079184085
48594.642851378900
48431.421397119098
48948.010726318556
48431.421397119040
46608.634993561762
46446.758167028616
46446.758167028631
46914.072286113202
46928.021327617418
47086.337280032829
47113.208544044493
46622.645221774132
45997.390895264514
46161.005987263576
45733.328363932436
46161.005987263670
46928.021327617491
46622.645221774030
47113.208544044501
47086.337280032873
50675.638187480268
50329.784221834867
50852.359252481452
50852.359252481445
50342.864624779504
50688.401442318711
50185.493352791746
50158.248886016889
50342.864624779468
50158.248886016947
50185.493352791767
50688.401442318704
51375.461242688085
51208.196061925810
51737.269575741760
51208.196061925744
49334.078037871586
49167.100655900009
49167.100655900023
49648.900673636832
49663.270863314458
49826.320800622154
49853.987192060224
49348.525600491004
48703.117963161421
48872.131980321064
48430.155893045143
48872.131980321159
49663.270863314530
49348.525600490902
49853.987192060231
49826.320800622198
53473.310718167813
53119.929343472853
53653.716887037015
53653.716887037008
53133.302026659730
53486.343775463305
52972.374764962282
52944.505921746822
53133.302026659694
52944.505921746888
52972.374764962311
53486.343775463298
54187.087027755697
54016.642640024133
54555.437302247672
54016.642640024074
52100.229287325034
51928.892260527464
51928.892260527486
52423.009874420808
52437.735126517247
52604.763625893022
52633.095953734693
52115.049545284921
51452.292038983236
51625.987752858251
51171.562620633682
51625.987752858353
52437.735126517320
52115.049545284819
52633.095953734701
52604.763625893072
56296.709755013602
55937.676942145787
56479.830138645884
56479.830138645877
55951.271559841887
56309.942765839151
55787.631370507843
55759.283369618272
55951.271559841851
55759.283369618337
55787.631370507872
56309.942765839151
57020.549826899049
56847.866403217820
57393.387932627280
56847.866403217762
54899.184107530680
54724.327546116205
54724.327546116227
55228.312535257668
55243.318564331596
55413.478061475267
55442.331666088714
54914.303911120383
54237.390929836343
54414.946705019051
53950.197706779472
54414.946705019160
55243.318564331668
54914.303911120274
55442.331666088721
55413.478061475318
59136.499165554189
58773.839541076806
59321.291292605856
59321.291292605849
58787.579922585814
59149.857010792788
58622.140986811683
58593.471587831911
58787.579922585770
58593.471587831984
58622.140986811704
59149.857010792788
59866.247943135349
59692.324728717402
60241.401681283991
59692.324728717351
57722.242752841128
57544.796661346452
57544.796661346481
58055.945533125370
58071.150792113302
58243.512557080794
58272.729232752521
57737.581278156271
57050.065722539883
57230.563030053752
56757.872955374267
57230.563030053869
58071.150792113374
57737.581278156162
58272.729232752536
58243.512557080852
61982.628310688735
61618.477582440770
62167.998104875041
62167.998104875041
61632.283114697399
61996.032026844056
61466.014308471211
61437.191015529272
61632.283114697355
61437.191015529352
61466.014308471233
61996.032026844056
62713.947042207896
62539.822145149381
63089.171047420074
62539.822145149337
60559.858080284088
60380.828457603093
60380.828457603122
60896.226255411915
60911.543260945829
61085.112740487137
61114.523393526120
60575.328061810455
59881.071038460032
60063.506664219007
59585.485494002809
60063.506664219123
60911.543260945902
60575.328061810338
61114.523393526135
61085.112740487195
64824.327054506284
64460.886281863015
65009.152728059351
65009.152728059351
64474.673611828926
64837.695548187556
64308.578177283161
64279.774754486483
64474.673611828883
64279.774754486571
64308.578177283191
64837.695548187556
65552.789604404898
65379.516597259426
65925.816562837237
65379.516597259375
63401.595767567145
63222.045860024889
63222.045860024919
63738.621689470972
63753.958743102696
63927.695335708639
63957.123383555445
63417.105145772068
62720.206509529096
62903.509889307563
62422.950844062871
62903.509889307679
63753.958743102761
63417.105145771951
63957.123383555452
63927.695335708704
67650.116147811728
67289.598911065361
67833.275391368064
67833.275391368064
67303.283932092003
67663.368155889024
67138.375653456664
67109.768017824666
67303.283932091959
67109.768017824754
67138.375653456693
67663.368155889024
68371.317016788351
68199.939068659485
68739.913513007617
68199.939068659442
66236.112627413691
66057.139391262273
66057.139391262303
66571.735319934378
66586.998606571316
66759.839625400244
66789.105089320190
66251.566603265470
65556.276195595288
65739.332017329914
65259.153546857291
65739.332017330031
66586.998606571375
66251.566603265353
66789.105089320190
66759.839625400302
70447.835283053617
70092.409498014254
70628.234802355917
70628.234802355917
70105.909557150575
70460.891511095499
69943.186182239908
69914.947798456560
70105.909557150531
69914.947798456647
69943.186182239937
70460.891511095499
71157.505402163180
70989.027919726228
71519.530224573740
70989.027919726184
69051.158255230825
68873.864484599631
68873.864484599660
69383.316329411813
69398.412340941708
69569.300545569073
69598.224726779634
69066.461709150695
68377.072696917880
68558.748504547155
68081.922749512669
68558.748504547271
69398.412340941752
69066.461709150579
69598.224726779619
69569.300545569131
73204.689905021194
72856.416695765351
73381.296050112243
73381.296050112243
72869.652932105542
73217.475253793848
72710.067912152095
72682.364872768434
72869.652932105484
72682.364872768521
72710.067912152124
73217.475253793848
73898.815208769913
73734.178182369840
74252.277548711703
73734.178182369782
71833.604156416623
71659.067193490482
71659.067193490511
72160.294422094943
72175.132617852621
72343.046292872648
72371.456855314493
71848.664349988860
71169.391915457178
71348.569948014105
70878.039531147006
71348.569948014236
72175.132617852665
71848.664349988743
72371.456855314464
72343.046292872692
75907.316218237887
75568.088806117157
76079.185217062419
76079.185217062419
75580.988507523842
75919.761990157494
75425.422413259352
75398.408439829742
75580.988507523783
75398.408439829844
75425.422413259381
75919.761990157494
76582.253246428416
76422.304637147245
76925.368005861645
76422.304637147186
74569.502569401404
74398.740981740149
74398.740981740179
74888.841675840769
74903.337256868821
75067.321435879159
75095.057657054276
74584.232008890525
73919.082581479946
74094.694537835283
73633.281011663566
74094.694537835414
74903.337256868850
74584.232008890423
75095.057657054247
75067.321435879203
78541.861826853376
78213.347715645941
78708.168017914330
78708.168017914330
78225.846566697073
78553.907794779152
78075.079725415839
78048.891361208021
78225.846566697015
78048.891361208123
78075.079725415868
78553.907794779152
79194.444309721745
79039.915844237781
79525.681740526241
79039.915844237723
77244.174428402825
77078.114440220525
77078.114440220554
77554.460204389587
77568.536851145764
77727.733992506866
77754.651897418749
77258.493736014250
76611.131695264005
76782.194607996906
76332.503288525710
76782.194607997037
77568.536851145778
77258.493736014163
77754.651897418720
77727.733992506895
81094.077182936162
80777.666931561573
81254.137677034305
81254.137677034305
80789.711023038850
81105.673405361362
80644.398963494692
80619.151238347113
80789.711023038777
80619.151238347215
80644.398963494721
81105.673405361362
81721.707842511358
81573.194484454929
82039.835007613176
81573.194484454871
79842.322418265117
79681.766135825848
79681.766135825877
80142.091208491925
80155.683617709452
80309.361898339848
80335.338971029239
79856.163037009363
79229.783009542502
79395.434038374413
78959.761025372631
79395.434038374529
80155.683617709466
79856.163037009275
80335.338971029196
80309.361898339877
83549.410612593449
83246.176137297007
83702.705019536137
83702.705019536137
83257.723619296390
83560.518893598390
83118.376778246224
83094.159605064371
83257.723619296317
83094.159605064473
83118.376778246253
83560.518893598390
84150.133308832228
84008.077443867573
84454.245380561319
84008.077443867500
82348.161093554692
82193.758596274536
82193.758596274565
82636.237421298865
82649.293481890549
82796.870937896267
82821.810118327165
82361.467650524879
81758.680847408395
81918.208659779324
81498.456315072079
81918.208659779440
82649.293481890563
82361.467650524792
82821.810118327121
82796.870937896296
85893.097178362688
85603.761816797924
86039.281404329449
86039.281404329449
85614.784103879647
85903.692097286577
85481.752934643329
85458.628443585694
85614.784103879574
85458.628443585796
85481.752934643358
85903.692097286577
86465.645998306223
86330.327019373784
86755.186157109943
86330.327019373712
84745.551828911615
84597.778962885888
84597.778962885932
85021.087217796477
85033.569690274773
85174.632720719499
85198.465445023059
84758.284003223685
84181.026280791819
84333.896844443982
83931.503665159413
84333.896844444098
85033.569690274788
84758.284003223584
85198.465445023015
85174.632720719514
88110.228887904479
87835.150445778490
88249.142511393933
88249.142511393933
87845.632921434939
88120.298360331406
87719.099074749392
87697.100009253161
87845.632921434852
87697.100009253263
87719.099074749407
88120.298360331406
88654.052692444980
88525.582232188201
88928.820294539517
88525.582232188128
87018.126081312410
86877.269290959230
86877.269290959273
87280.624825690087
87292.512433421944
87426.827680990900
87449.515807391697
87030.259866587847
86479.727307014240
86625.602397386960
86241.492008070607
86625.602397387076
87292.512433421958
87030.259866587759
87449.515807391654
87426.827680990915
90185.790283409471
89924.957074224367
90317.457601877002
90317.457601877002
89934.899289298497
90195.335658035518
89814.872958916589
89794.002155898910
89934.899289298410
89794.002155899012
89814.872958916589
90195.335658035518
90701.053402503414
90579.375973127113
90961.201067102898
90579.375973127040
89149.375847159477
89015.524662585914
89015.524662585958
89398.706834184632
89409.994733384825
89537.514011451611
89559.050583794131
89160.904159905200
88637.519131342910
88776.266614753316
88410.818605232416
88776.266614753433
89409.994733384839
89160.904159905098
89559.050583794073
89537.514011451625
92104.638046108885
91857.676650546826
92229.263494535931
92229.263494535931
91867.092061059666
92113.673787095919
91753.414963004761
91733.645828941211
91867.092061059579
91733.645828941313
91753.414963004761
92113.673787095919
92592.200049358231
92477.098357680414
92838.221297192766
92477.098357680341
91122.684249519632
90995.731199074624
90995.731199074668
91359.079450351637
91369.779112201868
91490.637786087813
91511.046709232018
91133.616906680880
90637.024124369316
90768.720022505775
90421.762824650039
90768.720022505906
91369.779112201883
91133.616906680778
91511.046709231960
91490.637786087827
93851.393218012381
93617.585437509813
93969.352449411788
93969.352449411788
93626.500777216905
93859.946266074985
93518.853618080699
93500.131403384992
93626.500777216803
93500.131403385094
93518.853618080699
93859.946266074985
94312.772835208045
94203.876570612978
94545.482843038510
94203.876570612905
92921.259165263982
92800.906002584714
92800.906002584758
93145.300961584391
93155.439567212816
93269.949541791691
93289.284365892832
92931.622328432713
92460.710812501275
92585.634166172240
92256.457416793928
92585.634166172371
93155.439567212816
92931.622328432612
93289.284365892774
93269.949541791706
95410.193625184154
95188.498915391378
95522.022103921874
95522.022103921874
95196.953345678397
95418.302572176108
95094.866053569553
95077.109624083867
95196.953345678296
95077.109624083969
95094.866053569553
95418.302572176108
95847.523949092734
95744.320388381253
96068.036894529141
95744.320388381180
94527.912063734810
94413.680353786724
94413.680353786767
94740.513054542171
94750.132567713881
94858.771741330522
94877.113868609420
94537.747318562062
94090.690639675246
94209.313175620991
93896.694323833464
94209.313175621122
94750.132567713881
94537.747318561960
94877.113868609362
94858.771741330536
96764.205596518572
96553.283995914040
96870.587167739039
96870.587167739039
96561.328225545629
96771.919853307147
96464.190606567674
96447.294302899827
96561.328225545527
96447.294302899929
96464.190606567674
96771.919853307147
97180.189999163515
97082.034252035897
97389.897541474391
97082.034252035824
95924.575568021217
95815.818837750863
95815.818837750907
96126.955985079767
96136.112132283713
96239.512896090513
96256.969642791722
95933.938878204019
95508.242628105159
95621.216197946778
95323.453489494670
95621.216197946909
96136.112132283713
95933.938878203917
96256.969642791664
96239.512896090528
97894.668409149162
97692.897026479579
97996.427277555558
97996.427277555558
97700.592668903890
97902.047617205375
97607.662239739569
97591.497255496433
97700.592668903788
97591.497255496535
97607.662239739569
97902.047617205375
98292.550350489255
98198.672195313149
98493.107643639742
98198.672195313076
97091.325109197554
96987.238655959736
96987.238655959780
97284.994991724801
97293.756469458574
97392.696841281781
97409.399956683017
97100.285979309803
96692.826938937389
96800.972915856924
96515.913625067929
96800.972915857055
97293.756469458574
97100.285979309687
97409.399956682959
97392.696841281795
98778.856623433414
98584.327948201128
98876.958596114506
98876.958596114506
98591.747567153041
98785.970736129500
98502.149103883465
98486.563429309594
98591.747567152939
98486.563429309695
98502.149103883465
98785.970736129500
99162.426007507398
99071.928028844908
99355.756429851695
99071.928028844835
98004.270706198557
97903.892667699183
97903.892667699227
98191.028607072498
98199.477044954750
98294.880383853175
98310.986025918202
98012.912101748763
97619.943805064919
97724.251227056244
97449.297127156868
97724.251227056375
98199.477044954750
98012.912101748647
98310.986025918144
98294.880383853189
99384.717942500283
99195.190342219721
99480.295836317062
99480.295836317062
99202.419318205109
99391.649057675415
99115.122432593838
99099.936979807171
99202.419318205008
99099.936979807273
99115.122432593838
99391.649057675415
99758.412111717102
99670.245474517942
99946.759822837965
99670.245474517869
98630.005533786534
98532.193687260093
98532.193687260136
98811.982565684870
98820.214545860363
98913.172516364037
98928.865157438748
98638.425894064334
98255.489596820771
98357.138296829027
98089.185478884465
98357.138296829158
98820.214545860363
98638.425894064218
98928.865157438689
98913.172516364051
99644.150932313045
99456.773422415994
99738.643895084373
99738.643895084373
99463.920424496770
99651.003383988747
99377.613249012502
99362.599911186902
99463.920424496668
99362.599911187004
99377.613249012502
99651.003383988747
100013.60127356545
99926.436314353399
100199.80853272183
99926.436314353326
98897.986565939224
98801.279298361289
98801.279298361333
99077.906255230148
99086.045102945893
99177.951027007366
99193.466003073656
98906.311793971487
98527.694690987526
98628.198398752240
98363.261206724666
98628.198398752371
99086.045102945893
98906.311793971370
99193.466003073598
99177.951027007366
# temperature_hl
# rank
2
# size
32
91
# lbound
1
1
# entries
201.85693724918144
201.79728196239705
201.88745158700675
201.88745158700675
201.79953674978529
201.85914030580474
201.77241604971786
201.76772231901398
201.79953674978535
201.76772231901398
201.77241604971789
201.85914030580477
201.97792213201782
201.94896817484474
202.04064202141089
201.94896817484474
201.62590175697974
201.59720032901768
201.59720032901771
201.68004100674256
201.68251310878898
201.71056876897720
201.71533045151224
201.62838551335807
201.51748143731169
201.54651581551772
201.47059687932227
201.54651581551767
201.68251310878892
201.62838551335810
201.71533045151224
201.71056876897720
205.86471667748353
205.80149329944280
205.89705488089413
205.89705488089413
205.80388300866301
205.86705144090487
205.77513915500481
205.77016444011161
205.80388300866295
205.77016444011159
205.77513915500487
205.86705144090485
205.99292793430644
205.96224578411517
206.05938880330498
205.96224578411520
205.61984452649824
205.58942078957693
205.58942078957691
205.67723051577693
205.67985080660907
205.70958785861410
205.71463484050196
205.62247729241435
205.50491422146322
205.53569298464623
205.45521122557406
205.53569298464629
205.67985080660912
205.62247729241432
205.71463484050201
205.70958785861410
209.33120023145028
209.26500462145188
209.36505757989275
209.36505757989275
209.26750672764160
209.33364470008831
209.23741066730756
209.23220186421784
209.26750672764160
209.23220186421784
209.23741066730750
209.33364470008829
209.46542996027526
209.43330862491905
209.53500590360426
209.43330862491899
209.07480007155115
209.04294101307153
209.04294101307153
209.13489156993310
209.13763533940579
209.16877337129367
209.17405806413836
209.07755701369146
208.95444409766304
208.98667681438360
208.90239173957897
208.98667681438357
209.13763533940582
209.07755701369149
209.17405806413839
209.16877337129367
212.71683877158262
212.64789767277952
212.75209912735269
212.75209912735269
212.65050361307206
212.71938456413571
212.61915830252389
212.61373322128475
212.65050361307209
212.61373322128475
212.61915830252389
212.71938456413574
212.85662588063883
212.82317585981630
212.92907720601377
212.82317585981627
212.44978650677953
212.41660052017312
212.41660052017312
212.51237880090483
212.51523669354592
212.54766948270577
212.55317384931718
212.45265824067778
212.32441383872870
212.35799111675411
212.27018856567912
212.35799111675414
212.51523669354594
212.45265824067781
212.55317384931715
212.54766948270586
216.05054289963567
215.97905711133768
216.08710336216029
216.08710336216029
215.98175930503413
216.05318259124780
215.94925587900264
215.94363028188826
215.98175930503416
215.94363028188826
215.94925587900261
216.05318259124783
216.19547864696864
216.16079794461598
216.27059265989601
216.16079794461592
215.77361347890718
215.73919632623986
215.73919632623986
215.83852562802201
215.84148937217981
215.87512298586944
215.88083107304450
215.77659171225798
215.64358527266853
215.67841055292038
215.58734276652311
215.67841055292038
215.84148937217981
215.77659171225793
215.88083107304448
215.87512298586952
219.34696148874542
219.27312909932257
219.38472050243047
219.38472050243047
219.27592007014766
219.34968775261092
219.24234839716144
219.23653782505170
219.27592007014763
219.23653782505170
219.24234839716146
219.34968775261086
219.49664229865334
219.46082772287642
219.57420880726065
219.46082772287639
219.06091876466579
219.02536471740441
219.02536471740444
219.12797257247473
219.13103401971344
219.16577591068153
219.17167199801560
219.06399533299631
218.92659041616659
218.96256871652537
218.86848375924347
218.96256871652540
219.13103401971347
219.06399533299631
219.17167199801560
219.16577591068148
222.61107157215724
222.53510134759452
222.64992207226871
222.64992207226871
222.53797321791907
222.61387668480069
222.50342798241928
222.49744880710986
222.53797321791907
222.49744880710981
222.50342798241931
222.61387668480069
222.76507183679729
222.72822551451563
222.84486902783951
222.72822551451563
222.31672007043662
222.28012832529794
222.28012832529794
222.38572797365589
222.38887854543412
222.42463127054566
222.43069880401700
222.31988638173340
222.17846543369512
222.21549686828095
222.11865556643363
222.21549686828095
222.38887854543415
222.31988638173340
222.43069880401700
222.42463127054566
225.84281656778526
225.76493654726059
225.88264157690040
225.88264157690040
225.76788071353570
225.84569209129123
225.73246531810534
225.72633541729030
225.76788071353573
225.72633541729030
225.73246531810540
225.84569209129123
226.00067116060288
225.96290472902592
226.08245650562935
225.96290472902592
225.54103467866204
225.50351346254661
225.50351346254661
225.61179199284882
225.61502232610363
225.65167952199127
225.65790043055100
225.54428135794799
225.39926155094821
225.43723718896359
225.33792395024696
225.43723718896368
225.61502232610368
225.54428135794794
225.65790043055108
225.65167952199130
229.03907292644345
228.95953719958379
229.07974208029063
229.07974208029063
228.96254407653478
229.04200945780173
228.92637371690620
228.92011300595627
228.96254407653478
228.92011300595632
228.92637371690617
229.04200945780181
229.20026339769888
229.16170131528645
229.28376646512359
229.16170131528651
228.73083904385641
228.69250884077385
228.69250884077388
228.80311786426452
228.80641753253093
228.84386074827313
228.85021490585314
228.73415565372932
228.58600133192417
228.62479994588386
228.52333125238229
228.62479994588384
228.80641753253096
228.73415565372935
228.85021490585311
228.84386074827316
232.19457725047664
232.11367201814633
232.23594368976202
232.23594368976202
232.11673081007018
232.19756419736169
232.07993522400659
232.07356613127882
232.11673081007018
232.07356613127880
232.07993522400653
232.19756419736166
232.35851947189099
232.31930198299000
232.44343548824116
232.31930198298997
231.88099312932570
231.84198956037417
231.84198956037423
231.95453688538524
231.95789414973657
231.99599001781010
232.00245476271476
231.88436792050575
231.73360170347587
231.77308686924823
231.66981884987703
231.77308686924829
231.95789414973663
231.88436792050578
232.00245476271473
231.99599001781010
235.30239607531004
235.22044545718458
235.34429346669205
235.34429346669205
235.22354393883589
235.30542144119295
235.18627003959304
235.17981796174388
235.22354393883589
235.17981796174391
235.18627003959301
235.30542144119298
235.46842839528392
235.42871437293536
235.55441206957835
235.42871437293536
234.98470920265311
234.94518578247951
234.94518578247951
235.05922744482851
235.06262901540831
235.10122654272584
235.10777621738373
234.98812887520941
234.83534228300388
234.87535960544423
234.77069527950223
234.87535960544426
235.06262901540833
234.98812887520941
235.10777621738370
235.10122654272584
238.35417300567232
238.27154480149792
238.39641258613497
238.39641258613497
238.27466910073889
238.35722317662950
238.23708358923298
238.23057734283074
238.27466910073889
238.23057734283080
238.23708358923292
238.35722317662950
238.52154449611439
238.48151426321900
238.60820389051571
238.48151426321900
238.03379878832328
237.99392965797472
237.99392965797469
238.10896201901988
238.11239281856993
238.15132070008241
238.15792619461098
238.03724825493475
237.88311224096239
237.92348660392895
237.81788306050549
237.92348660392901
238.11239281856999
238.03724825493475
238.15792619461089
238.15132070008241
241.34025971285971
241.25737120669038
241.38262731187021
241.38262731187021
241.26050558552797
241.34331924278197
241.22279758185459
241.21626985832867
241.26050558552797
241.21626985832873
241.22279758185459
241.34331924278194
241.50811832702280
241.46797649902601
241.59500868039589
241.46797649902601
241.01880382809659
240.97878650750346
240.97878650750340
241.09423829515524
241.09768122082320
241.13674513352666
241.14337342595795
241.02226597560772
240.86754153465256
240.90807433155973
240.80204995952593
240.90807433155979
241.09768122082329
241.02226597560767
241.14337342595795
241.13674513352674
244.24978408105889
244.16710791751092
244.29203710571107
244.29203710571107
244.17023455041928
244.25283547419244
244.13261825796886
244.12610608418979
244.17023455041931
244.12610608418981
244.13261825796891
244.25283547419241
244.41716466391202
244.37714302695187
244.50378213819565
244.37714302695184
243.92906510366308
243.88912327796228
243.88912327796228
244.00434752972598
244.00778321193633
244.04676307548644
244.05337676631515
243.93252055170592
243.77806945813487
243.81853578857991
243.71267759505167
243.81853578857988
244.00778321193630
243.93252055170589
244.05337676631515
244.04676307548644
247.07068445316909
246.98875458046379
247.11254883903740
247.11254883903740
246.99185333018920
247.07370794418421
246.95457073002339
246.94811593411353
246.99185333018917
246.94811593411356
246.95457073002348
247.07370794418421
247.23649661532113
247.19685703715120
247.32227197064165
247.19685703715118
246.75275673930031
246.71314307671778
246.71314307671781
246.82740899143624
246.83081555002602
246.86946275628029
246.87601959773082
246.75618359618142
246.60297926369245
246.64312509837666
246.53809610990865
246.64312509837666
246.83081555002596
246.75618359618139
246.87601959773082
246.86946275628023
249.78972690081864
249.70914455339337
249.83089404250825
249.83089404250825
249.71219274526609
249.79270023341357
249.67551630843010
249.66916598867570
249.71219274526607
249.66916598867564
249.67551630843016
249.79270023341351
249.95274281168858
249.91378017198770
250.03703503935046
249.91378017198770
249.47690362417907
249.43790261264843
249.43790261264843
249.55038734805584
249.55374014678827
249.59177477091498
249.59822719307610
249.48027724114382
249.32941565468886
249.36895498150611
249.26550169443547
249.36895498150611
249.55374014678830
249.48027724114380
249.59822719307610
249.59177477091495
252.39251613208054
252.31395580894974
252.43263981597212
252.43263981597212
252.31692800535595
252.39541433774338
252.28116340327418
252.27497039670556
252.31692800535600
252.27497039670553
252.28116340327418
252.39541433774338
252.55135832185888
252.51340344041438
252.63344828199462
252.51340344041438
252.08739230386868
252.04932308567484
252.04932308567490
252.15910356166822
252.16237496291848
252.19948297645831
252.20577761375017
252.09068502953630
251.94339566964609
251.98200764175178
251.88096746736872
251.98200764175178
252.16237496291853
252.09068502953622
252.20577761375017
252.19948297645834
254.86350720087205
254.78772258062531
254.90220057042529
254.90220057042529
254.79059035786682
254.86630237998972
254.75607914405072
254.75010249006576
254.79059035786682
254.75010249006581
254.75607914405072
254.86630237998972
255.01663649217829
254.98005902588196
255.09572061928628
254.98005902588184
254.56898244639231
254.53220162295904
254.53220162295904
254.63824641126357
254.64140553329224
254.67723604663914
254.68331326928123
254.57216338377836
254.42982003592147
254.46714614978941
254.36945478125696
254.46714614978941
254.64140553329230
254.57216338377827
254.68331326928123
254.67723604663914
257.18602327891102
257.11385299521345
257.22285587167067
257.22285587167067
257.11658472562374
257.18868438704772
257.08370695423832
257.07801234731733
257.11658472562374
257.07801234731733
257.08370695423827
257.18868438704772
257.33172700415201
257.29693827527632
257.40691116225497
257.29693827527632
256.90532407878214
256.87022844983846
256.87022844983835
256.97138985359800
256.97440233351773
257.00856490310622
257.01435835958631
256.90835884800873
256.77249015936877
256.80813149870261
256.71483010617447
256.80813149870266
256.97440233351773
256.90835884800879
257.01435835958631
257.00856490310622
259.34228376114777
259.27465694104529
259.37677866773635
259.37677866773635
259.27721758404050
259.34477640411461
259.24639432116527
259.24105454504848
259.27721758404050
259.24105454504848
259.24639432116527
259.34477640411461
259.47866446620520
259.44612017363789
259.54895805898389
259.44612017363789
259.07898478312575
259.04601397460107
259.04601397460101
259.14102043013372
259.14384819653685
259.17591024187237
259.18134642009397
259.08183529377862
258.95413490195222
258.98764949314773
258.89989162796599
258.98764949314779
259.14384819653685
259.08183529377862
259.18134642009392
259.17591024187232
261.31344659034124
261.25138802849119
261.34507780082066
261.34507780082066
261.25373893532844
261.31573283276805
261.22543460561565
261.22052993905453
261.25373893532839
261.22052993905459
261.22543460561565
261.31573283276799
261.43841148577206
261.40861423622488
261.50272195915676
261.40861423622488
261.07149062713125
261.04112954882430
261.04112954882430
261.12857852044453
261.13117958082745
261.16066396977641
261.16566178682604
261.07411486537694
260.95645087257896
260.98735121062805
260.90640926517733
260.98735121062805
261.13117958082745
261.07411486537694
261.16566178682604
261.16066396977641
263.07966876423268
263.02430356560467
263.10785878822480
263.10785878822480
263.02640230414329
263.08170695786140
263.00112679733400
262.99674537838155
263.02640230414318
262.99674537838160
263.00112679733400
263.08170695786140
263.19092026947408
263.16442184525545
263.24804818897252
263.16442184525545
262.86338463907390
262.83616569471371
262.83616569471366
262.91451728709103
262.91684553682626
262.94322841601343
262.94769884962983
262.86573647625437
262.76015997213716
262.78791079411474
262.71518181648980
262.78791079411468
262.91684553682632
262.86573647625431
262.94769884962983
262.94322841601343
264.62018948199096
264.57274694878879
264.64430735836510
264.64430735836510
264.57454715667882
264.62193412202720
264.55285759291286
264.54909572432024
264.57454715667870
264.54909572432024
264.55285759291286
264.62193412202714
264.71521732619760
264.69262057750200
264.76385227408093
264.69262057750200
264.43430706901245
264.41081201560212
264.41081201560218
264.47838360295088
264.48038866481937
264.50309763772702
264.50694341694543
264.43633610066757
264.34508833851288
264.36910474724129
264.30611534375299
264.36910474724129
264.48038866481937
264.43633610066746
264.50694341694549
264.50309763772708
265.91344130827656
265.87525776743576
265.93280116135884
265.93280116135884
265.87670904513408
265.91484292909308
265.85921106232104
265.85617343446324
265.87670904513408
265.85617343446324
265.85921106232104
265.91484292909308
265.98951681671684
265.97147702629314
266.02823444218257
265.97147702629309
265.76310251460433
265.74396383204737
265.74396383204737
265.79892610785004
265.80055321429774
265.81896600562152
265.82208138419838
265.76475394199565
265.69027163587936
265.70991771185163
265.65832767823838
265.70991771185163
265.80055321429779
265.76475394199565
265.82208138419838
265.81896600562158
266.93719614267292
266.90971629976985
266.95105649922738
266.95105649922738
266.91076415892638
266.93820126827893
266.89811253581433
266.89591233502074
266.91076415892633
266.89591233502074
266.89811253581439
266.93820126827899
266.99136956788192
266.97859508007747
267.01863024600556
266.97859508007747
266.82796028197612
266.81386186412152
266.81386186412158
266.85423686017282
266.85542679484377
266.86887058964754
266.87114123439505
266.82917485251761
266.77409287257439
266.78868096147517
266.75028515577668
266.78868096147517
266.85542679484377
266.82917485251761
266.87114123439511
266.86887058964749
267.66875478058950
267.65353103294393
267.67631894120399
267.67631894120399
267.65411692143402
267.66930595098574
267.64701528130723
267.64577413963616
267.65411692143402
267.64577413963610
267.64701528130729
267.66930595098569
267.69785685663783
267.69110868534813
267.71200658211728
267.69110868534813
267.60659619029110
267.59827309961747
267.59827309961747
267.62193492375872
267.62262404491798
267.63037576028034
267.63167879823914
267.60731021928638
267.57446069902437
267.58325163022295
267.55997942364229
267.58325163022295
267.62262404491793
267.60731021928643
267.63167879823914
267.63037576028040
268.08519158318325
268.08388051408321
268.08560945109474
268.08560945109474
268.08394194685968
268.08522748558539
268.08314119217573
268.08298891838274
268.08394194685974
268.08298891838280
268.08314119217573
268.08522748558539
268.08584092148067
268.08593094467801
268.08511529803940
268.08593094467807
268.07648654264716
268.07472347605011
268.07472347605000
268.07940279381120
268.07952317061734
268.08081101260962
268.08101529721552
268.07663204697394
268.06903855487559
268.07124313974111
268.06515453921207
268.07124313974111
268.07952317061734
268.07663204697400
268.08101529721552
268.08081101260967
268.16366942838539
268.17802441546678
268.15604134874286
268.15604134874286
268.17749525122326
268.16312517307711
268.18379024991776
268.18486425905479
268.17749525122321
268.18486425905473
268.18379024991776
268.16312517307705
268.13228797689135
268.14007517881390
268.11482048554848
268.14007517881390
268.21516834713890
268.22079633072667
268.22079633072667
268.20408999336399
268.20356969736400
268.19757648639933
268.19654316502181
268.21467333278855
268.23553826604922
268.23032055264213
268.24359775741766
268.23032055264213
268.20356969736406
268.21467333278855
268.19654316502186
268.19757648639933
267.88184492994185
267.91370340739172
267.86522829677648
267.86522829677648
267.91251432575245
267.88065252519272
267.92673819355736
267.92918252227594
267.91251432575234
267.92918252227594
267.92673819355741
267.88065252519272
267.81468454001276
267.83106856223651
267.77852070907500
267.83106856223651
268.00062429437554
268.01451494912669
268.01451494912669
267.97390268333140
267.97266629307438
267.95853521773574
267.95611871318113
267.99941325507183
268.05209594175608
268.03857887586321
268.07351158054934
268.03857887586332
267.97266629307444
267.99941325507194
267.95611871318107
267.95853521773569
267.21839016416902
267.26965354700474
267.19180982841834
267.19180982841834
267.26773280084637
267.21647926449401
267.29074788577321
267.29471163940764
267.26773280084637
267.29471163940764
267.29074788577327
267.21647926449407
267.11157442112199
267.13748541342488
267.05469411563308
267.13748541342488
267.41177673238224
267.43483321512366
267.43483321512360
267.36770398129238
267.36567337890324
267.34251707729686
267.33856663665148
267.40977143715673
267.49775352781393
267.47502790395419
267.53399005433374
267.47502790395430
267.36567337890313
267.40977143715673
267.33856663665148
267.34251707729686
266.15366512717594
266.22626869562379
266.11612900819193
266.11612900819193
266.22354323970825
266.15096415572100
266.25622759659967
266.26186261933407
266.22354323970831
266.26186261933395
266.25622759659973
266.15096415572100
266.00325208755976
266.03963548786629
265.92360293200716
266.03963548786624
266.42912219195472
266.46226559935371
266.46226559935377
266.36595714836790
266.36305271487919
266.32996690159075
266.32432892024048
266.42624286711902
266.55307638933340
266.52021428696037
266.60562918684781
266.52021428696042
266.36305271487925
266.42624286711902
266.32432892024053
266.32996690159075
264.67058509821749
264.76645420580883
264.62110688686539
264.62110688686539
264.76285133786286
264.66702287894896
264.80607906229142
264.81353654967319
264.76285133786286
264.81353654967319
264.80607906229147
264.66702287894884
264.47265853377377
264.52045293043614
264.36820452996631
264.52045293043614
265.03554712710746
265.07969673402880
265.07969673402880
264.95155310585903
264.94769545886589
264.90377873508174
264.89630013535810
265.03171417429280
265.20094603677063
265.15702034629436
265.27130995207290
265.15702034629436
264.94769545886595
265.03171417429292
264.89630013535810
264.90377873508163
262.75573904599366
262.87672681476056
262.69337051126496
262.69337051126490
262.87217651004642
262.75124712617912
262.92678976309571
262.93621544361531
262.87217651004642
262.93621544361537
262.92678976309566
262.75124712617907
262.50653830773092
262.56664392606206
262.37532905569276
262.56664392606200
263.21737649725964
263.27342166598214
263.27342166598220
263.11087493219088
263.10598739661572
263.05036941985747
263.04090245575378
263.21251293573863
263.42757762995757
263.37168979913218
263.51720267486655
263.37168979913218
263.10598739661583
263.21251293573863
263.04090245575384
263.05036941985736
260.40082871898267
260.54862890148598
260.32470490076383
260.32470490076383
260.54306707743120
260.39534461782642
260.60983696786525
260.62136436585752
260.54306707743120
260.62136436585757
260.60983696786525
260.39534461782642
260.09693043840491
260.17016503890721
259.93719802818839
260.17016503890733
260.96571925200567
261.03448018614506
261.03448018614512
260.83516466902688
260.82917673025258
260.76105758724105
260.74946656050452
260.95975413116020
261.22382385206515
261.15514263535044
261.33405335018324
261.15514263535039
260.82917673025270
260.95975413116025
260.74946656050452
260.76105758724100
257.60451156042262
257.78053853152971
257.51391302155150
257.51391302155150
257.77391154329746
257.59798324372889
257.85348426304193
257.86722542245747
257.77391154329752
257.86722542245741
257.85348426304193
257.59798324372895
257.24307998519760
257.33011809199951
257.05337253621985
257.33011809199951
258.27818738444387
258.36036112946977
258.36036112946977
258.12227057791904
258.11512263452084
258.03382703582758
258.01999754097039
258.27106047938639
258.58683894003798
258.50465369489996
258.71882446853533
258.50465369489990
258.11512263452073
258.27106047938639
258.01999754097028
258.03382703582753
254.37474039891811
254.57996649520013
254.26917761105003
254.26917761105003
254.57223722862634
254.36713234453654
254.66506105131813
254.68109396433951
254.57223722862631
254.68109396433954
254.66506105131813
254.36713234453657
253.95386676854528
254.05515727469987
253.73322949930900
254.05515727469987
255.16107487426342
255.25716216733883
255.25716216733883
254.97886269097609
254.97051249425456
254.87556320631580
254.85941465785598
255.15274304702487
255.52218620264242
255.42597906978875
255.67677241017205
255.42597906978872
254.97051249425448
255.15274304702493
254.85941465785598
254.87556320631577
250.73169135709821
250.96643052856069
250.61101693184645
250.61101693184645
250.95758650442005
250.72299262198720
251.06381468417868
251.08216656938191
250.95758650442005
251.08216656938191
251.06381468417868
250.72299262198720
250.25084523009895
250.36650183168979
249.99906121669923
250.36650183168985
251.63208306707705
251.74229102480331
251.74229102480345
251.42320435801892
251.41363557822976
251.30485110561813
251.28635340211272
251.62252872888982
252.04647324964995
251.93601517693855
252.22404462553718
251.93601517693853
251.41363557822967
251.62252872888976
251.28635340211272
251.30485110561810
246.71134415168672
246.97497123799485
246.57589841506893
246.57589841506896
246.96503513005476
246.70157883685198
247.08439986776793
247.10502546324824
246.96503513005470
247.10502546324821
247.08439986776793
246.70157883685195
246.17195859819708
246.30161778560472
245.88986069470457
246.30161778560475
247.72365754041687
247.84777319996422
247.84777319996434
247.48854474373428
247.47777809699394
247.35539955136198
247.33459471607424
247.71289964750733
248.19058000047986
248.06605558733443
248.39086161087752
248.06605558733438
247.47777809699386
247.71289964750733
247.33459471607412
247.35539955136193
242.36970070328604
242.66029970482194
242.22049393417205
242.22049393417205
242.64934252541576
242.35894105799147
242.78099693501972
242.80375127219304
242.64934252541576
242.80375127219307
242.78099693501969
242.35894105799153
241.77590421938183
241.91854782688748
241.46576445107550
241.91854782688756
243.48693673275267
243.62416800373956
243.62416800373956
243.22712950454542
243.21523673086304
243.08008716631966
243.05711651809065
243.47504461227888
244.00348531894431
243.86565003323059
244.22529172790874
243.86565003323057
243.21523673086293
243.47504461227888
243.05711651809057
243.08008716631960
237.78745866845202
238.10140475576219
237.62638728278634
237.62638728278634
238.08956154293233
237.77584064420270
238.23189154610756
238.25649752310517
238.08956154293236
238.25649752310514
238.23189154610751
237.77584064420276
237.14694180450519
237.30068729733625
236.81293064907385
237.30068729733634
238.99617000592860
239.14495515535171
239.14495515535174
238.71467839666568
238.70179896247160
238.55547366239966
238.53061024521622
238.98327990840315
239.55656661850037
239.40693562272907
239.79749995701314
239.40693562272904
238.70179896247157
238.98327990840318
238.53061024521617
238.55547366239969
233.07464109061675
233.40614512447436
232.90472235363171
232.90472235363171
233.39363207538631
233.06238124792392
233.54405075373646
233.57006364071324
233.39363207538631
233.57006364071324
233.54405075373646
233.06238124792395
232.39959374433735
232.56146829359241
232.04827289939959
232.56146829359247
234.35319383747679
234.51099049787206
234.51099049787200
234.05489931846822
234.04125882217622
233.88633475221795
233.86001898774151
234.33952724817689
234.94799733297572
234.78905574709395
235.20411024965557
234.78905574709390
234.04125882217619
234.33952724817689
233.86001898774143
233.88633475221792
228.37416582402400
228.71485295608193
228.19975314631054
228.19975314631060
228.70198336320098
228.36157688315893
228.85673924898552
228.88351350437580
228.70198336320092
228.88351350437583
228.85673924898549
228.36157688315896
227.68212923165029
227.84786626540230
227.32289100482734
227.84786626540236
229.69110681201639
229.85418942130244
229.85418942130244
229.38314473210909
229.36907237635867
229.20930650889935
229.18217986131816
229.67698798744496
230.30644887743668
230.14185610037393
230.57191520094111
230.14185610037384
229.36907237635862
229.67698798744496
229.18217986131810
229.20930650889929
223.86260981571908
224.20126806788184
223.68951702940231
223.68951702940237
224.18846201828364
223.85010972971935
224.34252144280859
224.36919013554970
224.18846201828370
224.36919013554973
224.34252144280865
223.85010972971941
223.17695077828137
223.34088110655046
222.82224324428174
223.34088110655048
225.17563698812589
225.33895922894982
225.33895922894990
224.86765070233011
224.85359072436626
224.69404865712346
224.66697525808516
225.16150476999633
225.79269295141489
225.62742686034690
226.05957128678122
225.62742686034684
224.85359072436611
225.16150476999636
224.66697525808499
224.69404865712329
219.74562809090716
220.06833827604856
219.58105208851316
219.58105208851313
220.05611824204377
219.73373471151521
220.20321581821418
220.22869880366360
220.05611824204379
220.22869880366360
220.20321581821420
219.73373471151524
219.09518678452829
219.25033412855416
218.76028143816299
219.25033412855421
221.00194720666062
221.15916020245837
221.15916020245845
220.70603880510302
220.69254774926188
220.53956975811272
220.51363009373352
220.98835319284370
221.59697726476440
221.43733040393747
221.85520647846636
221.43733040393738
220.69254774926179
220.98835319284376
220.51363009373341
220.53956975811258
216.24508011962962
216.53598646311696
216.09718761905813
216.09718761905813
216.52494905715906
216.23438179953115
216.65792288792059
216.68098382528459
216.52494905715903
216.68098382528459
216.65792288792056
216.23438179953123
215.66245339998648
215.80096449306080
215.36447057362130
215.80096449306092
217.38412791890204
217.52787116073313
217.52787116073313
217.11428192463165
217.10200145376254
216.96288849783213
216.93932511839756
217.37171081667302
217.92952475696148
217.78283734886594
218.16733482767518
217.78283734886585
217.10200145376251
217.37171081667313
216.93932511839748
216.96288849783207
213.57574567287196
213.81867188943033
213.45282131497027
213.45282131497027
213.80942796002216
213.56684033637481
213.92093407570462
213.94030272931241
213.80942796002216
213.94030272931241
213.92093407570457
213.56684033637487
213.09380732070784
213.20780965818105
212.84980345148213
213.20780965818108
214.53509422348262
214.65766370462089
214.65766370462092
214.30587872233764
214.29547509367202
214.17779442634941
214.15789271804744
214.52452136839281
215.00183396254337
214.87585689277108
215.20674533510024
214.87585689277108
214.29547509367197
214.52452136839284
214.15789271804738
214.17779442634944
211.91251087070947
212.09338633955286
211.82169280710869
211.82169280710869
212.08647037641944
211.90591525444361
212.17006661537550
212.18462515385619
212.08647037641941
212.18462515385622
212.17006661537548
211.90591525444367
211.55930664912955
211.64215240439461
211.38353269572693
211.64215240439466
212.63692197633026
212.73133014889231
212.73133014889234
212.46144997376368
212.45351972807799
212.36402710938617
212.34893100938615
212.62879692726082
212.99849234181255
212.90035545109086
213.15895066302511
212.90035545109083
212.45351972807794
212.62879692726088
212.34893100938612
212.36402710938611
211.35407918577215
211.46371505208506
211.29993112298132
211.29993112298132
211.45948066369056
211.35012591322271
211.51088160617934
211.51988127774538
211.45948066369053
211.51988127774541
211.51088160617934
211.35012591322271
211.14679191585313
211.19477229583327
211.04773252264761
211.19477229583327
211.80611379667536
211.86737717219975
211.86737717219978
211.69359425271841
211.68855178725104
211.63191204025657
211.62240625726375
211.80086455249889
212.04333616949464
211.97826834512307
212.15076036928676
211.97826834512307
211.68855178725104
211.80086455249887
211.62240625726372
211.63191204025654
211.89404867710374
211.93037600795674
211.87743470253855
211.87743470253855
211.92891045291250
211.89280456038244
211.94701973392432
211.95026045755654
211.92891045291248
211.95026045755654
211.94701973392432
211.89280456038244
211.83569648780571
211.84799441915169
211.81387421670692
211.84799441915166
212.06297147538069
212.08925489847667
212.08925489847664
212.01657037177276
212.01455093098838
211.99224133143892
211.98856604130890
212.06075177224241
212.16835522968202
212.13851032300178
212.21904361256134
212.13851032300175
212.01455093098832
212.06075177224241
211.98856604130890
211.99224133143889
213.41371349311314
213.38252715180377
213.43146691522668
213.43146691522668
213.38362095176274
213.41495448871461
213.37090833983908
213.36880651049006
213.38362095176271
213.36880651049006
213.37090833983913
213.41495448871461
213.49122816321045
213.47094643880766
213.53887371805644
213.47094643880766
213.31903802380759
213.31221348115670
213.31221348115668
213.33489196626809
213.33570876654483
213.34554603278832
213.34731909998766
213.31968012791626
213.29901554949643
213.30284127769039
213.29521270196886
213.30284127769039
213.33570876654477
213.31968012791623
213.34731909998766
213.34554603278829
215.70013220687045
215.61373295201065
215.74581429641520
215.74581429641520
215.61692822141336
215.70339673275609
215.57886378792597
215.57235776757699
215.61692822141339
215.57235776757699
215.57886378792602
215.70339673275609
215.88710953910694
215.84094245264654
215.99014568332433
215.84094245264654
215.38726250573379
215.35253360789139
215.35253360789139
215.45528487258298
215.45846899650860
215.49508110727152
215.50138165464651
215.39031138826587
215.26095526091208
215.29347476483935
215.21047124711546
215.29347476483932
215.45846899650863
215.39031138826584
215.50138165464651
215.49508110727152
218.48848022736203
218.36241128306222
218.55410655788191
218.55410655788191
218.36712237580937
218.49319251287835
218.31073950076546
218.30104405916242
218.36712237580937
218.30104405916239
218.31073950076546
218.49319251287835
218.75317196331508
218.68873598152814
218.89508415505261
218.68873598152805
218.01690637076473
217.96150033645245
217.96150033645253
218.12335054935616
218.12827097492192
218.18447759844270
218.19408361881497
218.02173455947485
217.81136923938678
217.86540514608427
217.72567943848344
217.86540514608433
218.12827097492192
218.02173455947479
218.19408361881503
218.18447759844273
221.51777141908434
221.36654591895916
221.59602688102569
221.59602688102569
221.37221946682308
221.52340077436011
221.30419774430834
221.29247403255229
221.37221946682308
221.29247403255226
221.30419774430834
221.52340077436008
221.83165607207181
221.75565546138682
221.99821038166402
221.75565546138685
220.94500048326375
220.87626877018212
220.87626877018215
221.07610444958641
221.08213634756089
221.15087001565729
221.16258645419916
220.95097351363162
220.68817155341534
220.75620029515557
220.57947633417660
220.75620029515557
221.08213634756089
220.95097351363162
221.16258645419913
221.15087001565732
224.58095364835856
224.41405068855656
224.66722226024356
224.66722226024356
224.42031768037677
224.58716146522514
224.34515040028120
224.33218811188962
224.42031768037677
224.33218811188962
224.34515040028123
224.58716146522517
224.92669064604715
224.84303854477508
225.10993848674701
224.84303854477508
223.94684174103062
223.87029679779258
223.87029679779263
224.09252818528009
224.09922167587524
224.17544114687885
224.18842425744984
223.95348803038621
223.66013137730204
223.73626547889430
223.53816285384116
223.73626547889430
224.09922167587530
223.95348803038618
224.18842425744987
224.17544114687888
227.55414803440274
227.37396453963973
227.64746858246139
227.64746858246139
227.38072186528376
227.56085893372000
227.29971465179511
227.28575424410542
227.38072186528379
227.28575424410528
227.29971465179517
227.56085893372000
227.92896631880993
227.83807408994818
228.12854940240766
227.83807408994815
226.87181963618309
226.78981457170545
226.78981457170551
227.02808327107130
227.03526903264009
227.11713590378812
227.13108885826833
226.87894301882380
226.56494425929213
226.64636183237437
226.43459438034165
226.64636183237437
227.03526903264006
226.87894301882375
227.13108885826838
227.11713590378812
230.38861359003016
230.19205505813707
230.49074031550245
230.49074031550245
230.19941140573175
230.39595041114526
230.11130113967397
230.09613387441186
230.19941140573175
230.09613387441183
230.11130113967388
230.39595041114532
230.80011330341227
230.70000814469870
231.02061791844682
230.70000814469867
229.64874487020796
229.56065024528797
229.56065024528792
229.81710593867550
229.82486355787063
229.91334193680251
229.92843937159805
229.65640563939249
229.31999352674421
229.40697291109245
229.18109985338606
229.40697291109248
229.82486355787066
229.65640563939249
229.92843937159807
229.91334193680251
233.07183965617455
232.85358715269578
233.18558110598522
233.18558110598522
232.86173934029586
233.08000320622233
232.76418116472823
232.74740623968549
232.86173934029588
232.74740623968546
232.76418116472817
233.08000320622236
233.53149235124434
233.41934806274679
233.77920957750760
233.41934806274674
232.25518758991188
232.15888425165028
232.15888425165031
232.43981582759545
232.44834093178596
232.54568211478866
232.56231174484594
232.26357216127215
231.89690632721667
231.99140189623176
231.74646831706167
231.99140189623182
232.44834093178602
232.26357216127207
232.56231174484594
232.54568211478869
235.59811559858247
235.35211416899000
235.72664608765095
235.72664608765095
235.36128742347981
235.60733330765865
235.25159123285786
235.23274726965400
235.36128742347981
235.23274726965397
235.25159123285789
235.60733330765865
236.11881291707968
235.99146990550389
236.40074672125431
235.99146990550383
234.68234195934690
234.57526410185113
234.57526410185119
234.88820306949697
234.89772632984580
235.00657222816068
235.02518683357545
234.69167454527235
234.28508114327570
234.38955867128109
234.11921754900212
234.38955867128112
234.89772632984582
234.69167454527232
235.02518683357550
235.00657222816076
237.96238263119943
237.68194890040454
238.10919754285962
238.10919754285959
237.69239220338389
237.97290512349315
237.56758223188697
237.54615843299527
237.69239220338392
237.54615843299527
237.56758223188706
237.97290512349318
238.55828494182904
238.41228125817750
238.88208992688124
238.41228125817739
236.92272342486314
236.80200715089333
236.80200715089333
237.15534823285327
237.16612620229444
237.28941285006997
237.31051519549985
236.93325408626632
236.47591368765154
236.59313709244105
236.29026439745527
236.59313709244108
237.16612620229444
236.93325408626626
237.31051519549990
237.28941285007002
240.16037168823311
239.83823136496011
240.32926515686225
240.32926515686222
239.85021617834300
240.17247124324325
239.70704560374571
239.68248412112411
239.85021617834306
239.68248412112405
239.70704560374568
240.17247124324322
240.84680639578090
240.67840534829509
241.22072052013380
240.67840534829503
238.96974116711499
238.83223024917694
238.83223024917697
239.23521079742076
239.24752510380483
239.38847267436023
239.41261366162783
238.98174524905511
238.46170872689370
238.59473755257119
238.25143721291647
238.59473755257127
239.24752510380492
238.98174524905505
239.41261366162792
239.38847267436026
242.18887915458268
241.81722524134932
242.38391057107270
242.38391057107268
241.83104347803129
242.20284737461026
241.66601796134111
241.63771777952888
241.83104347803132
241.63771777952883
241.66601796134111
242.20284737461026
242.98219239278157
242.78742187271274
243.41494314304859
242.78742187271263
240.81804551747678
240.66030440940665
240.66030440940659
241.12296183869321
241.13711767447950
241.29921232931235
241.32698773034161
240.83182243809065
240.23605218689872
240.38823328542929
239.99585543812350
240.38823328542932
241.13711767447958
240.83182243809057
241.32698773034173
241.29921232931244
244.04604413143852
243.61661792806905
244.27149248791611
244.27149248791611
243.63257908524650
244.06218874226875
243.44199025337770
243.40931276474325
243.63257908524656
243.40931276474325
243.44199025337770
244.06218874226877
244.96340236048866
244.73810660363000
245.46408509638042
244.73810660362994
242.46388582290504
242.28222118992636
242.28222118992630
242.81532490288910
242.83164871055232
243.01861514808908
243.05066072806568
242.47975710917262
241.79419939774760
241.96915095597819
241.51832946613149
241.96915095597819
242.83164871055243
242.47975710917260
243.05066072806576
243.01861514808914
245.73161565514485
245.23581246310684
245.99192090256841
245.99192090256841
245.25423983972541
245.75025637667224
245.03420968632915
244.99648613379466
245.25423983972547
244.99648613379469
245.03420968632923
245.75025637667218
246.79075458503280
246.53065880762117
247.36868254839922
246.53065880762117
243.90546727977474
243.69595940313377
243.69595940313371
244.31091339833301
244.32974964331345
244.54551314644320
244.58249797849152
243.92377373441215
243.13346757402775
243.33505404223138
242.81576709588688
243.33505404223143
244.32974964331359
243.92377373441209
244.58249797849163
244.54551314644328
247.24719690029431
246.67619801448782
247.54688772808859
247.54688772808859
246.69742394312937
247.26866033920564
246.44396103312928
246.40050198385666
246.69742394312931
246.40050198385663
246.44396103312937
247.26866033920552
248.46611639072790
248.16690437124072
249.13064282677678
248.16690437124061
245.14329347429097
244.90183901513245
244.90183901513245
245.61055109001191
245.63225800913347
245.88089476522396
245.92351253710441
245.16439134847940
244.25361991564523
244.48591617840472
243.88757437639902
244.48591617840478
245.63225800913364
245.16439134847931
245.92351253710459
245.88089476522399
248.59645233247758
247.94138435381379
248.94006013469945
248.94006013469945
247.96574439485391
248.62106587312030
247.67481256509251
247.62491954906969
247.96574439485386
247.62491954906974
247.67481256509257
248.62106587312022
249.99305761503044
249.65046181858807
250.75337162766851
249.65046181858793
246.18047946975892
245.90284712194645
245.90284712194642
246.71756055951883
246.74250477721532
247.02817931575228
247.07713744512961
246.20473551433898
245.15722653481259
245.42446951611205
244.73603635965907
245.42446951611211
246.74250477721549
246.20473551433892
247.07713744512978
247.02817931575245
249.78526308633056
249.03738469032064
250.17722240322448
250.17722240322450
249.06521076698226
249.81334779231378
248.73281066178504
248.67579005180465
249.06521076698229
248.67579005180471
248.73281066178518
249.81334779231369
251.37695497135752
250.98685820300062
252.24185416314276
250.98685820300051
247.02301823821364
246.70491868472234
246.70491868472237
247.63800276228432
247.66655268590694
247.99344151611771
248.04944793527599
247.05080351795550
245.84998479556333
246.15651068724975
245.36666044218964
246.15651068724978
247.66655268590713
247.05080351795542
248.04944793527628
247.99344151611783
250.82181563159014
249.97273057558871
251.26635209466716
251.26635209466713
250.00434307718498
250.85367822304406
249.62660628611877
249.56178539986627
250.00434307718501
249.56178539986635
249.62660628611889
250.85367822304397
252.62503543885200
252.18358224424261
253.60268009047726
252.18358224424247
247.67998112444982
247.31715235129136
247.31715235129138
248.38084916987793
248.41336711548911
248.78556812306070
248.84931567868131
247.71166351331908
246.34097863157513
246.69114417021419
245.78846158203314
246.69114417021422
248.41336711548925
247.71166351331891
248.84931567868162
248.78556812306084
251.71660923121865
250.75850250121729
252.21761702089816
252.21761702089816
250.79420145176914
251.75253327316832
250.36749618439731
250.29424144723976
250.79420145176914
250.29424144723973
250.36749618439748
251.75253327316835
253.74634807804219
253.25006318240190
254.84400358434624
253.25006318240173
248.16363113618752
247.75193947212614
247.75193947212605
248.95806669301871
248.99489976021266
249.41632770155110
249.48847625047162
248.19956647282248
246.64285328181097
247.04094006448656
246.01416502595131
247.04094006448670
248.99489976021283
248.19956647282237
249.48847625047185
249.41632770155121
252.48236904983290
251.40826063405103
253.04328108696251
253.04328108696248
251.44831611524802
252.52260557534015
250.96936224328482
250.88709905930227
251.44831611524802
250.88709905930227
250.96936224328496
252.52260557533998
254.75165576093099
254.19756577907128
255.97543217750962
254.19756577907114
248.48942668810557
248.02498287276288
248.02498287276276
249.38459510219835
249.42606491392425
249.90033446190236
249.98149093466850
248.52994866444735
246.77187924520746
247.22198104281671
246.06029888844714
247.22198104281679
249.42606491392445
248.52994866444720
249.98149093466853
249.90033446190250
253.13385434375280
251.93786227771781
253.75750981723093
253.75750981723098
251.98250440549268
253.17861223702812
251.44849436399363
251.35672810866504
251.98250440549265
251.35672810866507
251.44849436399380
253.17861223702803
255.65324133408780
255.03899486914705
257.00784103557521
255.03899486914690
248.67589369636710
248.15518182264464
248.15518182264449
249.67819761564584
249.72458916583926
250.25488839804930
250.34558534526764
248.72130267907249
246.74787796387150
247.25377239699543
245.94714690088358
247.25377239699554
249.72458916583949
248.72130267907232
250.34558534526784
250.25488839804933
253.68755523485132
252.36515652107030
254.37607049348074
254.37607049348071
252.41456539557421
253.73699180561698
251.82328595925509
251.72162324630975
252.41456539557421
251.72162324630972
251.82328595925523
253.73699180561698
256.46462676348517
255.78860695893010
257.95311312123675
255.78860695892988
248.74434641394248
248.16436179359519
248.16436179359502
249.85916837835592
249.91071837994778
250.49967728096746
250.60035069888409
248.79489755298403
246.59398280903915
247.15899057735879
245.69853198718172
247.15899057735896
249.91071837994809
248.79489755298383
250.60035069888434
250.49967728096763
254.16127728607137
252.70955240772591
254.91592741190459
254.91592741190451
252.76384857380586
254.21548956387483
252.11379707244106
252.00196618717465
252.76384857380586
252.00196618717459
252.11379707244123
254.21548956387483
257.20020878885782
256.46163156624897
258.82381012553446
256.46163156624874
248.71844281900641
248.07683280855053
248.07683280855034
249.94988627292415
250.00677155861123
250.65633188163278
250.76729940684953
248.77433396931292
246.33621334774728
246.96305035740815
245.34140511645907
246.96305035740835
250.00677155861149
248.77433396931278
250.76729940684982
250.65633188163301
254.57362036201175
252.99146484142199
255.39473967172361
255.39473967172358
253.05070089317911
254.63263771156304
252.34118821471222
252.21905738367010
253.05070089317920
252.21905738367010
252.34118821471247
254.63263771156301
257.87482032412981
257.07381110700788
259.63278385500996
257.07381110700760
248.62356913499815
247.91876894096040
247.91876894096023
249.97421315252117
250.03653983129902
250.74783431139070
250.86927514256669
248.68492928672384
246.00284934688210
246.69347938165163
244.90522201040386
246.69347938165180
250.03653983129928
248.68492928672364
250.86927514256689
250.74783431139093
254.94336665329936
253.23165195298222
255.83027671004811
255.83027671004811
253.29580597174561
255.00714534182245
252.52703796673316
252.39462999214606
253.29580597174561
252.39462999214598
252.52703796673345
255.00714534182237
258.50323285950532
257.64087472070491
260.39274258228022
257.64087472070463
248.48606010515482
247.71741384893454
247.71741384893437
249.95674597457511
250.02454016402280
250.79779032018567
250.92972842072879
248.55293916138282
245.62360378620326
246.37910154203996
244.42110317111005
246.37910154204010
250.02454016402308
248.55293916138254
250.92972842072911
250.79779032018581
255.28880149980787
253.45046798829239
256.23977475906901
256.23977475906901
253.51943949935446
255.35722181950774
252.69256838237408
252.55007015178100
253.51943949935455
252.55007015178097
252.69256838237433
255.35722181950774
259.09962084241727
258.17796784151392
261.11579119359226
258.17796784151358
248.33227626967033
247.50013247553414
247.50013247553395
249.92194566809394
249.99514667880271
250.82958898683290
250.97188119788350
248.40463709789125
245.22861088046292
246.04904686408247
243.92079008923096
246.04904686408264
249.99514667880302
248.40463709789097
250.97188119788382
250.82958898683316
255.62699870730756
253.66706573613104
256.63926454391293
256.63926454391293
253.74067479159712
255.69986516058856
252.85781301682610
252.70557853797311
253.74067479159720
252.70557853797308
252.85781301682638
255.69986516058850
259.67701370951590
258.69906475147621
261.81296724240008
258.69906475147587
248.18757531561570
247.29334584479071
247.29334584479051
249.89317951930857
249.97163633852978
250.86548613013238
251.01781673407368
248.26528900168461
244.84726449371178
245.73162405290807
243.43543126027240
245.73162405290830
249.97163633853017
248.26528900168435
251.01781673407399
250.86548613013264
255.97310821684968
253.89859066521365
257.04290578604628
257.04290578604628
253.97658050286844
256.05015310789156
253.04077145000502
252.87931737461952
253.97658050286859
252.87931737461955
253.04077145000520
256.05015310789156
260.24676417726641
259.21639495935045
262.49379672023218
259.21639495935005
248.07522959291259
247.12140217782854
247.12140217782837
249.89172655869064
249.97519834762448
250.92565921189973
251.08754220576756
248.15807471960278
244.50696223093297
245.45311043105292
242.99425366222715
245.45311043105318
249.97519834762491
248.15807471960241
251.08754220576793
250.92565921190013
256.33968713878863
254.15941385653281
257.46236645744818
257.46236645744818
254.24145735431091
256.42057769238551
253.25659992889075
253.08659300693193
254.24145735431102
253.08659300693199
253.25659992889098
256.42057769238545
260.81806198523941
259.73991533095324
263.16589310596521
259.73991533095290
248.01535375276364
247.00545083733658
247.00545083733635
249.93580480759951
250.02396588674210
251.02728959207749
251.19807945659613
248.10302029872372
244.23182805076303
245.23652994970325
242.62319560975448
245.23652994970348
250.02396588674253
248.10302029872338
251.19807945659647
251.02728959207786
256.73611451701311
254.46045138983962
257.90628360185735
257.90628360185735
254.54616125209679
256.82046338496707
253.51688894859905
253.33912545821690
254.54616125209691
253.33912545821696
253.51688894859930
256.82046338496701
261.39752022081058
260.27685805640465
263.83462091258230
260.27685805640425
248.02391285862498
246.96239334358015
246.96239334357989
250.03968340023346
250.13213286412852
251.18373105854440
251.36264217463506
248.11601097626678
244.04149827328237
245.10050032438372
242.34359184056549
245.10050032438394
250.13213286412901
248.11601097626647
251.36264217463545
251.18373105854468
257.16812550288290
254.80861356705987
258.37983776662639
258.37983776662639
254.89755587359002
257.25550424877582
253.82907459315430
253.64445245521497
254.89755587359016
253.64445245521500
253.82907459315459
257.25550424877576
261.98885671642938
260.83137980277365
264.50284067061455
260.83137980277320
248.11188052019941
247.00398589474898
247.00398589474881
250.21294027374086
250.30921598401773
251.40382055660149
251.58995469331651
248.20795403425495
243.95005951186030
245.05823261246542
242.17100790664477
245.05823261246564
250.30921598401821
248.20795403425458
251.58995469331694
251.40382055660186
257.63749230768769
255.20641851753805
258.88446512443033
258.88446512443028
255.29812897669518
257.72744721487322
254.19602147186785
254.00550639928915
255.29812897669527
254.00550639928915
254.19602147186816
257.72744721487322
262.59268627566883
261.40433024706323
265.17074650418726
261.40433024706277
248.28460798770462
247.13615960139873
247.13615960139853
250.45991708231665
250.55951338496061
251.69137792616439
251.88375849292819
248.38415201131664
243.96522062175870
245.11675933470926
242.11431610624530
245.11675933470954
250.55951338496112
248.38415201131625
251.88375849292862
251.69137792616468
258.14186838234849
255.65179240473392
259.41772117415513
259.41772117415513
255.74579441446710
258.23393773665407
254.61580219674372
254.42038976560116
255.74579441446721
254.42038976560116
254.61580219674403
258.23393773665407
263.20643142458897
261.99314945433707
265.83580078742114
261.99314945433667
248.54144951235318
247.35860866489912
247.35860866489881
250.77940821611512
250.88179637036279
252.04492725462612
252.24253837417089
248.64393116660699
244.08778431191490
245.27645087087618
242.17508890060546
245.27645087087643
250.88179637036330
248.64393116660654
252.24253837417135
252.04492725462640
258.67480010101127
256.13806424893261
259.97329872162248
259.97329872162248
256.23388771120455
258.76853197865614
255.08168325700450
254.88235915412170
256.23388771120460
254.88235915412170
255.08168325700476
258.76853197865614
263.82435085122262
262.59189422691117
266.49276342919001
262.59189422691077
248.87566875763480
247.66467515069283
247.66467515069252
251.16460230879261
251.26925234909720
252.45765509703270
252.65948309599096
248.98054966177651
244.31145970472988
245.53085647558717
242.34735994482304
245.53085647558746
251.26925234909774
248.98054966177614
252.65948309599136
252.45765509703298
259.22589802462880
256.65414890580325
260.54119169450513
260.54119169450513
256.75134867264876
259.32086757344632
255.58231164028888
255.38001250948184
256.75134867264887
255.38001250948190
255.58231164028919
259.32086757344621
264.43767625682665
263.19138431133973
267.13380642567597
263.19138431133922
249.27462849330934
248.04153489752130
248.04153489752107
251.60327485333266
251.70967746228030
252.91760253055381
253.12267720968904
249.38138750652607
244.62302845902599
245.86687928672072
242.61777139430933
245.86687928672094
251.70967746228087
249.38138750652567
253.12267720968956
252.91760253055412
259.78114793272744
257.18489776045550
261.10798539582720
261.10798539582726
257.28307060834288
259.87697316296851
256.10208158999160
255.89765887418869
257.28307060834294
255.89765887418872
256.10208158999188
259.87697316296840
265.03483970390897
263.77945004326097
267.74869692181011
263.77945004326057
249.72024364117470
248.47066522441932
248.47066522441906
252.07821134158428
252.18589829462644
253.40807031766514
253.61550335461430
249.82839829411378
245.00284787534022
246.26526753274453
242.96609344967061
246.26526753274479
252.18589829462692
249.82839829411338
253.61550335461479
253.40807031766550
260.32332839228019
257.71158170961496
261.65724106257352
261.65724106257358
257.81038082258408
260.41968357323412
256.62164514552927
256.41583414711425
257.81038082258419
256.41583414711431
256.62164514552961
260.41968357323401
265.60176242613483
264.34125143195058
268.32502173228602
264.34125143195013
250.18965606875005
248.92855192107132
248.92855192107103
252.56782118218942
252.67638301319812
253.90819853514571
254.11721654682057
250.29878120458406
245.42564636551890
246.70137800034843
243.36607069748899
246.70137800034871
252.67638301319857
250.29878120458375
254.11721654682111
253.90819853514606
260.83247958945850
258.21244808035067
262.16992092894395
262.16992092894395
258.31159414347934
260.92910545677518
257.11850675385199
256.91190287375161
258.31159414347940
256.91190287375161
257.11850675385233
260.92910545677512
266.12215528929443
264.85961765650359
268.84840597045326
264.85961765650319
250.65606252968976
249.38756502631634
249.38756502631611
253.04687724459339
253.15597693443996
254.39365738011386
254.60362745691347
250.76580483645492
245.86153535932291
247.14613783583070
243.78651606765746
247.14613783583098
253.15597693444045
250.76580483645455
254.60362745691404
254.39365738011415
261.28631505570854
258.66323974902480
262.62474705693700
262.62474705693694
258.76252788573197
261.38302515403052
257.56758873461428
257.36063256555730
258.76252788573208
257.36063256555730
257.56758873461467
261.38302515403041
266.57772870310885
265.31530336478841
269.30262652282539
265.31530336478795
251.08957272054354
249.81687820376703
249.81687820376683
253.48726185459111
253.59664351432997
254.83733203059103
255.04777786699887
251.19966001961424
246.27710602208575
247.56707547186869
244.19251670216880
247.56707547186900
253.59664351433048
251.19966001961379
255.04777786699938
254.83733203059143
261.66030099208638
259.03739751629570
262.99822059153217
262.99822059153217
259.13669943716229
261.75698361651132
257.94148719249705
257.73445986924588
259.13669943716235
257.73445986924594
257.94148719249739
261.75698361651132
266.94804484241786
265.68689257767801
269.66935793266845
265.68689257767761
251.45780891919290
250.18314165004435
250.18314165004409
253.85843363393710
253.96792528952631
255.20971763746871
255.42032464905196
251.56805320772864
246.63631650679994
247.92912793410579
244.54645498302764
247.92912793410611
253.96792528952676
251.56805320772818
255.42032464905247
255.20971763746908
261.92639948825428
259.30493385396943
263.26330279105599
263.26330279105593
259.40419485282928
262.02301503341107
258.20940375154026
258.00243348790536
259.40419485282933
258.00243348790542
258.20940375154061
262.02301503341107
267.20903193042568
265.94936350981220
269.92658615450910
265.94936350981180
251.72522453589801
250.44988593707058
250.44988593707032
254.12659386035358
254.23610355309614
255.47800472727928
255.68861284870178
251.83551780064201
246.90015023080488
248.19420339608490
244.80782904822306
248.19420339608521
254.23610355309668
251.83551780064158
255.68861284870232
255.47800472727963
262.04208057892498
259.42146225103448
263.37843204001462
263.37843204001456
259.52069688736458
262.13865893670265
258.32619288745747
258.11926563299647
259.52069688736464
258.11926563299653
258.32619288745781
262.13865893670260
267.32206907307244
266.06314319103700
270.03778560260406
266.06314319103660
251.84239275492558
250.56688632700437
250.56688632700406
254.24385826377923
254.35336560637526
255.59519962311632
255.80578901612154
251.95269669053346
247.01624246963203
248.31070318447271
244.92307101002245
248.31070318447297
254.35336560637586
251.95269669053303
255.80578901612205
255.59519962311666
# pressure_fl
# rank
2
# size
32
90
# lbound
1
1
# entries
0.64595170762904719
0.64054558745865253
0.64873204034352394
0.64873204034352394
0.64074921675389440
0.64615209879793767
0.63830361874700403
0.63788117441388548
0.64074921675389451
0.63788117441388625
0.63830361874700392
0.64615209879793722
0.65703552182564662
0.65436827069081716
0.66284518888712074
0.65436827069081704
0.62522924844902739
0.62269504018619182
0.62269504018619226
0.63003350460340934
0.63025362725510914
0.63275638881265561
0.63318200631731147
0.62544896687201923
0.61570221996680741
0.61824125993275991
0.61162100604628922
0.61824125993276113
0.63025362725511047
0.62544896687201668
0.63318200631731192
0.63275638881265672
1.0602495385082606
1.0515354112730368
1.0647306098447651
1.0647306098447651
1.0518636670245689
1.0605725220252160
1.0479211659967371
1.0472401222544665
1.0518636670245691
1.0472401222544676
1.0479211659967369
1.0605725220252153
1.0781111600225142
1.0738134062790754
1.0874711393652265
1.0738134062790752
1.0268392653368306
1.0227519793405420
1.0227519793405428
1.0345869137097159
1.0349418701624713
1.0389775042252756
1.0396637701214919
1.0271936221402782
1.0114719784402924
1.0155679445477568
1.0048875043672425
1.0155679445477586
1.0349418701624735
1.0271936221402740
1.0396637701214926
1.0389775042252773
1.6289083372618949
1.6157394391948572
1.6356794515928748
1.6356794515928748
1.6162355378244384
1.6293963975788539
1.6102769885047945
1.6092476447519537
1.6162355378244391
1.6092476447519553
1.6102769885047941
1.6293963975788530
1.6558951525614516
1.6494024692277565
1.6700338558379926
1.6494024692277560
1.5784079138134612
1.5722279344464494
1.5722279344464509
1.5901211882302075
1.5906577920564462
1.5967584183257773
1.5977957982193876
1.5789436813307971
1.5551703264913210
1.5613646243686579
1.5452117606778939
1.5613646243686605
1.5906577920564493
1.5789436813307904
1.5977957982193884
1.5967584183257799
2.4188278974248423
2.3995800442607540
2.4287236455607477
2.4287236455607477
2.4003051965087510
2.4195412035094854
2.3915952807176262
2.3900905820424341
2.4003051965087518
2.3900905820424372
2.3915952807176257
2.4195412035094837
2.4582641361838946
2.4487772663977321
2.4789209447365601
2.4487772663977316
2.3450014604657392
2.3359642874803388
2.3359642874803410
2.3621285255560260
2.3629130933396878
2.3718325017898811
2.3733491444626624
2.3457849019229178
2.3110173495983899
2.3200771018603996
2.2964507363012689
2.3200771018604036
2.3629130933396918
2.3457849019229080
2.3733491444626638
2.3718325017898847
3.5004614310040663
3.4730309250238305
3.5145626949150306
3.5145626949150306
3.4740644181368907
3.5014779103766065
3.4616506402631071
3.4595060000639215
3.4740644181368916
3.4595060000639255
3.4616506402631071
3.5014779103766043
3.5566518847479713
3.5431359165691712
3.5860787958383358
3.5431359165691707
3.3952305525493611
3.3823455050406079
3.3823455050406110
3.4196478453908590
3.4207663004172928
3.4334811081638041
3.4356430382814671
3.3963475324474950
3.3467724214730739
3.3596918837025962
3.3259983143837850
3.3596918837026020
3.4207663004172990
3.3963475324474812
3.4356430382814684
3.4334811081638090
4.9589533067567686
4.9206703965801806
4.9786316736680947
4.9786316736680947
4.9221128583230440
4.9603718487189177
4.9047863217479062
4.9017928413754772
4.9221128583230449
4.9017928413754825
4.9047863217479071
4.9603718487189141
5.0373600140693151
5.0185019526517083
5.0784138588836472
5.0185019526517083
4.8120639555719720
4.7940731962163268
4.7940731962163303
4.8461537163128057
4.8477151362157072
4.8654650950934348
4.8684830626520457
4.8136234897504391
4.7443987053728760
4.7624404724313614
4.7153858159340842
4.7624404724313703
4.8477151362157160
4.8136234897504204
4.8684830626520483
4.8654650950934428
6.8969884304607643
6.8445145091146857
6.9239589553670182
6.9239589553670182
6.8464917850004197
6.8989326913694997
6.8227406001068349
6.8186370149073685
6.8464917850004205
6.8186370149073756
6.8227406001068349
6.8989326913694953
7.0044405838445272
6.9785989434390805
7.0606925962890239
6.9785989434390805
6.6956153883918539
6.6709452589854505
6.6709452589854559
6.7423577426520440
6.7444985730441767
6.7688344447084434
6.7729720605658130
6.6977538602931270
6.6028210383015580
6.6275649786744868
6.5630274430650353
6.6275649786744992
6.7444985730441900
6.6977538602931013
6.7729720605658175
6.7688344447084532
9.4372512631819845
9.3664634846254646
9.4736316878841365
9.4736316878841365
9.3691309897077684
9.4398739373924787
9.3370879789351466
9.3315516184223686
9.3691309897077719
9.3315516184223775
9.3370879789351466
9.4398739373924734
9.5821807987667302
9.5473290279283010
9.6580395870131142
9.5473290279283010
9.1655541140093941
9.1322605108276278
9.1322605108276349
9.2286304313996919
9.2315192154402048
9.2643565082108967
9.2699393756624833
9.1684400073016423
9.0403140713172974
9.0737122564738009
8.9865987648831833
9.0737122564738186
9.2315192154402226
9.1684400073016086
9.2699393756624886
9.2643565082109092
12.724843816578408
12.630707726999038
12.773219939961091
12.773219939961091
12.634255249700537
12.728331351021239
12.591640220521652
12.584277029542507
12.634255249700541
12.584277029542520
12.591640220521654
12.728331351021231
12.917545475315922
12.871209505442051
13.018392767177671
12.871209505442051
12.363476812646679
12.319184887160130
12.319184887160141
12.447383802263293
12.451226401527030
12.494904689302590
12.502330484217429
12.367315935485111
12.196852769652176
12.241290110159460
12.125378028192792
12.241290110159486
12.451226401527054
12.367315935485065
12.502330484217437
12.494904689302606
16.929717473997730
16.806147545739591
16.993214733472790
16.993214733472790
16.810804507834938
16.934295230658403
16.754861044732021
16.745194657295691
16.810804507834941
16.745194657295709
16.754861044732021
16.934295230658389
17.182633582318648
17.121823437634632
17.314972884089006
17.121823437634632
16.455292882358254
16.397131024488786
16.397131024488797
16.565467509957820
16.570512820598331
16.627860689905685
16.637610197380788
16.460334087058154
16.236476186103275
16.294836813820524
16.142600680991833
16.294836813820556
16.570512820598360
16.460334087058090
16.637610197380795
16.627860689905702
22.249128089768391
22.088835666801746
22.331489609676872
22.331489609676872
22.094876857902523
22.255065974432085
22.022303413775816
22.009763241791699
22.094876857902523
22.009763241791717
22.022303413775820
22.255065974432071
22.577159092401271
22.498294309717355
22.748777816234504
22.498294309717355
21.633631180769605
21.558159068498426
21.558159068498444
21.776586822560446
21.783133005937753
21.857538850069993
21.870187995016973
21.640172597722369
21.349671872494845
21.425411480287806
21.227834198120991
21.425411480287853
21.783133005937788
21.640172597722287
21.870187995016980
21.857538850070021
28.910118915566628
28.704446698571445
29.015790475273366
29.015790475273366
28.712198517754235
28.917737505361153
28.619073413782630
28.602981683401445
28.712198517754235
28.602981683401470
28.619073413782633
28.917737505361135
29.330961482656488
29.229789898197883
29.551107515942419
29.229789898197883
28.120271312265803
28.023401637606000
28.023401637606021
28.303745891459972
28.312147153633454
28.407636206313011
28.423869144953933
28.128667132027569
27.755783383447461
27.853007906240506
27.599375387576167
27.853007906240567
28.312147153633500
28.128667132027459
28.423869144953940
28.407636206313047
37.172042135739254
36.910783862812664
37.306264754128613
37.306264754128613
36.920631117756571
37.181719355566408
36.802330848142041
36.781888479736935
36.920631117756564
36.781888479736971
36.802330848142049
37.181719355566379
37.706557643804302
37.578066868042391
37.986131851378012
37.578066868042391
36.168608449904767
36.045521715191732
36.045521715191761
36.401725713680527
36.412399687081404
36.533717903502364
36.554341279452174
36.179276306152616
35.705449053117206
35.829000288631498
35.506678014801864
35.829000288631569
36.412399687081461
36.179276306152474
36.554341279452181
36.533717903502406
47.329140772492735
47.000344150568061
47.498051915968198
47.498051915968198
47.012737487139972
47.341319192779373
46.863847454404493
46.838118635530272
47.012737487139965
46.838118635530314
46.863847454404493
47.341319192779345
48.001758201539872
47.840078802572904
48.353525008698860
47.840078802572904
46.066171168477567
45.911222671099750
45.911222671099779
46.359616788048605
46.373052592769930
46.525758260564182
46.551716775965588
46.079600198479817
45.483090488442961
45.638639530157043
45.232828749442888
45.638639530157135
46.373052592770009
46.079600198479632
46.551716775965595
46.525758260564224
59.713226597901439
59.302976785444642
59.923971408584990
59.923971408584990
59.318440849018245
59.728421454146250
59.132657315436923
59.100552557443457
59.318440849018231
59.100552557443514
59.132657315436923
59.728421454146215
60.552385446358386
60.350684485630758
60.991204474599442
60.350684485630758
58.137225055244862
57.943842831975701
57.943842831975743
58.503439891939557
58.520206984407920
58.710771292354394
58.743164803334189
58.153984744616096
57.409482245731283
57.603631945739359
57.097102348516572
57.603631945739487
58.520206984408020
58.153984744615869
58.743164803334196
58.710771292354465
74.696505799967966
74.188685810273299
74.957360221569175
74.957360221569175
74.207828275058773
74.715313869169606
73.977849896017659
73.938107292577925
74.207828275058773
73.938107292577982
73.977849896017659
74.715313869169549
75.735146543108925
75.485509642449713
76.278229286860153
75.485509642449699
72.745510301830052
72.506082375370596
72.506082375370639
73.198903997415144
73.219661951655880
73.455580170285984
73.495682588605732
72.766260257547145
71.844449288480533
72.084847394357027
71.457641990711579
72.084847394357183
73.219661951656008
72.766260257546861
73.495682588605746
73.455580170286055
92.694622249144047
92.070645508978501
93.015130513738612
93.015130513738612
92.094167154269442
92.717731760364174
91.811573947899646
91.762738265490128
92.094167154269428
91.762738265490214
91.811573947899646
92.717731760364103
93.970734210999879
93.664033763590041
94.637930982134733
93.664033763590027
90.297178806442545
90.002927554734114
90.002927554734171
90.854367849159402
90.879877261486840
91.169792709109601
91.219073080332365
90.322679647421239
89.189755799770438
89.485220929005337
88.714327502915836
89.485220929005550
90.879877261486996
90.322679647420898
91.219073080332393
91.169792709109672
114.17000828272343
113.40851720934886
114.56113793002729
114.56113793002729
113.43722327312652
114.19821009002632
113.09234026233905
113.03273938607322
113.43722327312651
113.03273938607333
113.09234026233905
114.19821009002622
115.72724762691830
115.35299407962833
116.54137149244184
115.35299407962830
111.24401548608634
110.88485632434848
110.88485632434855
111.92409110383281
111.95522586691783
112.30906946217193
112.36921569755137
111.27514109536902
109.89226768669687
110.25293092954283
109.31191281163738
110.25293092954308
111.95522586691800
111.27514109536861
112.36921569755141
112.30906946217202
139.63565514448865
138.71217795052183
140.10997359938247
140.10997359938247
138.74699105296662
139.66985545197795
138.32873307097691
138.25645120069746
138.74699105296662
138.25645120069757
138.32873307097691
139.66985545197787
141.52404910974587
141.07022141751634
142.51124535697150
141.07022141751631
136.08704965008263
135.65143045651556
135.65143045651564
136.91188232690820
136.94964358555319
137.37879254342235
137.45173841146175
136.12480109859544
134.44749178576890
134.88495748193588
133.74353441978192
134.88495748193620
136.94964358555342
136.12480109859493
137.45173841146180
137.37879254342246
169.65943996864826
168.54599590918593
170.23131773370383
170.23131773370383
168.58797091356055
169.70067497151697
168.08366416545746
167.99651100204701
168.58797091356053
167.99651100204716
168.08366416545746
169.70067497151683
171.93619760486393
171.38904795900604
173.12636945467509
171.38904795900604
165.38068574587589
164.85540254806861
164.85540254806870
166.37527489817421
166.42080707910048
166.93826721811371
167.02622335690157
165.42620727708086
163.40361765907440
163.93114780161204
162.55471534513345
163.93114780161241
166.42080707910071
165.42620727708024
167.02622335690162
166.93826721811382
204.86917409206737
203.53381495291242
205.55502086078877
205.55502086078877
203.58415622195901
204.91862698744504
202.97933110742349
202.87480608180439
203.58415622195895
202.87480608180456
202.97933110742349
204.91862698744487
207.59962875871409
206.94345547982036
209.02693270005105
206.94345547982033
199.73750909423103
199.10749242941489
199.10749242941500
200.93038854599456
200.98499795062301
201.60561518014134
201.71110507919846
199.79210665488432
197.36621346769968
197.99894128310291
196.34801425366365
197.99894128310333
200.98499795062330
199.79210665488355
201.71110507919855
201.60561518014148
245.95856937972221
244.36484206568934
246.77711089707739
246.77711089707739
244.42492368200271
246.01759031051563
243.70307206148362
243.57832243075541
244.42492368200269
243.57832243075563
243.70307206148362
246.01759031051543
249.21728436737919
248.43416537702765
250.92071172150546
248.43416537702760
239.83395215384911
239.08201717618297
239.08201717618311
241.25766460431612
241.32284117097240
242.06354906550084
242.18945119390537
239.89911507248735
237.00375645096324
237.75893603323843
235.78849819099503
237.75893603323897
241.32284117097271
239.89911507248641
242.18945119390548
242.06354906550098
293.69435628148489
291.80066776570692
294.66696164073278
294.66696164073278
291.87205741951522
293.76448591037104
291.01434588805739
290.86611724434852
291.87205741951516
290.86611724434874
291.01434588805739
293.76448591037081
297.56643239038760
296.63590986562707
299.59049768240004
296.63590986562707
286.41704140803029
285.52359318063628
285.52359318063645
288.10869820391679
288.18614118936961
289.06625319173099
289.21585072796972
286.49446796491901
283.05421199049556
283.95151248700887
281.61025030100802
283.95151248700950
288.18614118936995
286.49446796491793
289.21585072796984
289.06625319173116
348.92483088686129
346.68369235582503
350.07590224406931
350.07590224406931
346.76817976958262
349.00782846244846
345.75310851300128
345.57768590780313
346.76817976958256
345.57768590780347
345.75310851300128
349.00782846244823
353.50746399997593
352.40616858392258
355.90302560862312
352.40616858392252
340.31248539645270
339.25516879954466
339.25516879954489
342.31443174918627
342.40608025560437
343.44763705866700
343.62467701998719
340.40411320310858
336.33291428592617
337.39476911833742
334.62416238570228
337.39476911833816
342.40608025560482
340.40411320310733
343.62467701998730
343.44763705866717
412.59015990465917
409.94728146839179
413.94759942442755
413.94759942442755
410.04691243245622
412.68803688547263
408.84990678521996
408.64304424897847
410.04691243245611
408.64304424897881
408.84990678521996
412.68803688547234
417.99450796963220
416.69570815260062
420.81975258232995
416.69570815260050
402.43441216610677
401.18769338171217
401.18769338171245
404.79502267133529
404.90309216189331
406.13127729380579
406.34004128494439
402.54245448729046
397.74204768911096
398.99407173538350
395.72730745185959
398.99407173538435
404.90309216189388
402.54245448728904
406.34004128494450
406.13127729380597
485.73483396626960
482.62803454407560
487.33060631649801
487.33060631649801
482.74515189101822
485.84989452014651
481.33807068009719
481.09490639405738
482.74515189101811
481.09490639405783
481.33807068009719
485.84989452014617
492.08826688500909
490.56132575333601
495.40989678974830
490.56132575333589
473.79712102312868
472.33178450878535
472.33178450878563
476.57175616147038
476.69878237593184
478.14242207040962
478.38781139290870
473.92411043922101
468.28208220101897
469.75357287507870
465.91424094236891
469.75357287507973
476.69878237593247
473.92411043921931
478.38781139290887
478.14242207040985
569.52273250411690
565.88062114900583
571.39354554742192
571.39354554742192
566.01791430680635
569.65762251182628
564.36845531903543
564.08340905109560
566.01791430680612
564.08340905109606
564.36845531903543
569.65762251182593
576.97155583888207
575.18127316246546
580.86622737023993
575.18127316246535
555.52928035175375
553.81182145965067
553.81182145965113
558.78144182642291
558.93033383861996
560.62250104154509
560.91013954793789
555.67812148603502
549.06558088380802
550.79012275594869
546.29064248984571
550.79012275594982
558.93033383862064
555.67812148603298
560.91013954793812
560.62250104154532
665.25534867938950
660.99572335124401
667.44348032918560
667.44348032918560
661.15628849961718
665.41311525368155
659.22726680962660
658.89391543379065
661.15628849961683
658.89391543379111
659.22726680962671
665.41311525368110
673.96811348607264
671.87392591854871
678.52418636582445
671.87392591854848
648.89108132910849
646.88297012246460
646.88297012246505
652.69381289777630
652.86791746246058
654.84666445116670
655.18302331742962
649.06511476493245
641.33387184244771
643.35006898442987
638.08978360310471
643.35006898443123
652.86791746246138
649.06511476493017
655.18302331742984
654.84666445116716
774.39381999427087
769.42171733546638
776.94812566900100
776.94812566900100
769.60913065600391
774.57798399020805
767.35759996412412
766.96852592109258
769.60913065600357
766.96852592109315
767.35759996412423
774.57798399020760
784.56535710865114
782.12036295504265
789.88502831464052
782.12036295504231
755.29494624640063
752.95173247846321
752.95173247846378
759.73253738587232
759.93571721465503
762.24496692061030
762.63751646826267
755.49802624515689
746.47716265599036
748.82952840080156
742.69239038538842
748.82952840080316
759.93571721465582
755.49802624515428
762.63751646826290
762.24496692061075
898.58551596432858
892.79083078786118
901.56265877866736
901.56265877866736
893.00923785446128
898.80016051048949
890.38541832606609
889.93202473622273
893.00923785446093
889.93202473622352
890.38541832606620
898.80016051048904
910.44186407364441
907.59163154817804
916.64377643195451
907.59163154817759
876.33048690530882
873.60070947286397
873.60070947286465
881.50054937053517
881.73727856301741
884.42791137690870
884.88530621743280
876.56707611480942
866.05876792085655
868.79880828328191
861.65056149196266
868.79880828328385
881.73727856301844
876.56707611480624
884.88530621743303
884.42791137690926
1039.6960396110446
1032.9506156942521
1043.1619943261924
1043.1619943261924
1033.2048406913159
1039.9459183296267
1030.1508091098597
1029.6230939276936
1033.2048406913154
1029.6230939276945
1030.1508091098599
1039.9459183296262
1053.5004721807443
1050.1815813984329
1060.7229069540915
1050.1815813984326
1013.7945053545845
1010.6183618578910
1010.6183618578920
1019.8105073768913
1020.0859879097402
1023.2171684653971
1023.7494735564518
1014.0697903654999
1001.8442135333803
1005.0317481074063
996.71649288156004
1005.0317481074084
1020.0859879097414
1014.0697903654963
1023.7494735564519
1023.2171684653978
1199.8475855070128
1192.0016606533743
1203.8794769221468
1203.8794769221468
1192.2973398073395
1200.1382547853239
1188.7454294881920
1188.1317096464229
1192.2973398073391
1188.1317096464238
1188.7454294881923
1200.1382547853234
1215.9079804569972
1212.0462399830412
1224.3127638865969
1212.0462399830408
1169.7269093863965
1166.0346330342388
1166.0346330342400
1176.7212682909219
1177.0415722062155
1180.6823690609951
1181.3013357003426
1170.0469417241920
1155.8360588124681
1159.5408312457068
1149.8768372423565
1159.5408312457093
1177.0415722062171
1170.0469417241879
1181.3013357003429
1180.6823690609961
1381.4646268871836
1372.3424971076702
1386.1529727197412
1386.1529727197412
1372.6862413972119
1381.8026072368798
1368.5570911581676
1367.8436662446452
1372.6862413972112
1367.8436662446456
1368.5570911581681
1381.8026072368793
1400.1424604486208
1395.6507301482802
1409.9197340899423
1395.6507301482798
1346.4534466285136
1342.1633294708467
1342.1633294708479
1354.5812963901476
1354.9535390481733
1359.1848984241003
1359.9043006125892
1346.8253144856692
1330.3153094292920
1334.6189477562068
1323.3935579788938
1334.6189477562098
1354.9535390481751
1346.8253144856644
1359.9043006125894
1359.1848984241012
1587.3278110912452
1576.7225655633747
1592.7792461499987
1592.7792461499987
1577.1221582718010
1587.7207831193173
1572.3223437666495
1571.4930877411875
1577.1221582718003
1571.4930877411882
1572.3223437666500
1587.7207831193168
1609.0490840753755
1603.8246295916272
1620.4231026577856
1603.8246295916267
1546.6360856006506
1541.6520807975692
1541.6520807975703
1556.0798477274857
1556.5123980321896
1561.4295389505253
1562.2655816033885
1547.0681221575069
1527.8902258916251
1532.8886193111086
1519.8520723654956
1532.8886193111118
1556.5123980321916
1547.0681221575016
1562.2655816033887
1561.4295389505264
1820.6366102945644
1808.3037890581775
1826.9771683829897
1826.9771683829897
1808.7684237298747
1821.0936507885463
1803.1876044226469
1802.2234738652453
1808.7684237298740
1802.2234738652462
1803.1876044226472
1821.0936507885458
1845.9050126508819
1839.8263176246469
1859.1411309703360
1839.8263176246458
1773.3315890699560
1767.5404242162738
1767.5404242162747
1784.3064762294507
1784.8092097727604
1790.5245082903184
1791.4963188294819
1773.8336233075522
1751.5530698167565
1757.3592294599039
1742.2172243609398
1757.3592294599077
1784.8092097727626
1773.8336233075458
1791.4963188294821
1790.5245082903200
2085.0805102331474
2070.7305659639032
2092.4595245298847
2092.4595245298847
2071.2711292465292
2085.6123727454228
2064.7786571411802
2063.6571067107484
2071.2711292465283
2063.6571067107493
2064.7786571411807
2085.6123727454224
2114.4930648037207
2107.4160431827549
2129.9060384524773
2107.4160431827536
2030.0581673134186
2023.3259122826694
2023.3259122826703
2042.8187266186940
2043.4033266335859
2050.0497447188627
2051.1799574798924
2030.6418222157961
2004.7447171539818
2011.4921777017462
1993.8970328477283
2011.4921777017505
2043.4033266335889
2030.6418222157888
2051.1799574798929
2050.0497447188645
2384.9170186186489
2368.2065488765179
2393.5116562802295
2393.5116562802295
2368.8359495846435
2385.5364597201083
2361.2769233135136
2359.9712255069426
2368.8359495846421
2359.9712255069435
2361.2769233135141
2385.5364597201078
2419.1822603688361
2410.9358568675643
2437.1458826269950
2410.9358568675630
2320.8688021574985
2313.0368697024155
2313.0368697024164
2335.7165373427256
2336.3968451973897
2344.1319235334900
2345.4473601915220
2321.5478421560015
2291.4258566970775
2299.2726425957385
2278.8129855812786
2299.2726425957435
2336.3968451973928
2321.5478421559928
2345.4473601915224
2344.1319235334922
2725.0520883694867
2705.5739876329408
2735.0724386272504
2735.0724386272504
2706.3075265896009
2725.7742338445310
2697.4983553177931
2695.9768354612606
2706.3075265895995
2695.9768354612615
2697.4983553177940
2725.7742338445305
2765.0104408294101
2755.3917049955048
2785.9683203992627
2755.3917049955035
2650.4275057270711
2641.3081390227208
2641.3081390227217
2667.7194700512332
2668.5118801553622
2677.5222354701132
2679.0546711837787
2651.2182285962253
2616.1513170429835
2625.2844243147706
2601.4735364622325
2625.2844243147765
2668.5118801553663
2651.2182285962158
2679.0546711837801
2677.5222354701159
3111.1140908051834
3088.3871126404279
3122.8085463098673
3122.8085463098673
3089.2428751973034
3111.9568232157467
3078.9665678228857
3077.1917911001192
3089.2428751973021
3077.1917911001206
3078.9665678228871
3111.9568232157462
3157.7593687669573
3146.5282686136979
3182.2362504859238
3146.5282686136961
3024.0809005432329
3013.4523447988545
3013.4523447988558
3044.2388753650057
3045.1627564847963
3055.6688764604091
3057.4558561264662
3025.0025564638549
2984.1404350396078
2994.7806422955268
2967.0439356800516
2994.7806422955332
3045.1627564848009
3025.0025564638436
3057.4558561264680
3055.6688764604123
3549.5056391256344
3522.9644292721241
3563.1660106671834
3563.1660106671834
3523.9636612118329
3550.4899667193854
3511.9653094380392
3509.8933001522782
3523.9636612118311
3509.8933001522796
3511.9653094380410
3550.4899667193845
3604.0053864725974
3590.8799275667666
3632.6177497949652
3590.8799275667643
3447.9115226451804
3435.5133193626048
3435.5133193626057
3471.4309297434670
3472.5090330419748
3484.7699135650350
3486.8555400229247
3448.9867220602750
3401.3307581149138
3413.7373474952315
3381.4000526975210
3413.7373474952387
3472.5090330419798
3448.9867220602628
3486.8555400229270
3484.7699135650382
4047.4081494440247
4016.3956598876603
4063.3735095749798
4063.3735095749798
4017.5630557846939
4048.5584845154513
4003.5463576085344
4001.1259957504549
4017.5630557846921
4001.1259957504562
4003.5463576085372
4048.5584845154508
4111.1187168457636
4095.7713746504587
4144.5824072686428
4095.7713746504564
3928.7508823903222
3914.2800898294317
3914.2800898294331
3956.2078743515631
3957.4666558537760
3971.7834522094186
3974.2190043544169
3930.0059224323295
3874.3944650458993
3888.8690799506212
3851.1461365130804
3888.8690799506294
3957.4666558537820
3930.0059224323154
3974.2190043544192
3971.7834522094222
4612.7031730837316
4576.4684387003863
4631.3608669666346
4631.3608669666346
4577.8322317476277
4614.0474078740181
4561.4583816216846
4558.6312043405933
4577.8322317476250
4558.6312043405951
4561.4583816216882
4614.0474078740172
4687.1731950789645
4669.2302143961306
4726.3046422637826
4669.2302143961269
4474.1203343684419
4457.2299519922763
4457.2299519922781
4506.1745978682939
4507.6443410530173
4524.3617251793157
4527.2058820403754
4475.5853323403599
4410.6873191251289
4427.5757212823964
4383.5670651174096
4427.5757212824064
4507.6443410530237
4475.5853323403435
4527.2058820403781
4524.3617251793194
5253.7663449862430
5211.4715797621993
5275.5481088519064
5275.5481088519064
5213.0632851739483
5255.3355772288096
5193.9540009371613
5190.6547133317399
5213.0632851739456
5190.6547133317408
5193.9540009371640
5255.3355772288078
5340.7203093264261
5319.7658931815067
5386.4268775826531
5319.7658931815031
5092.0593767699011
5072.3607178946631
5072.3607178946650
5129.4493010576634
5131.1638849135534
5150.6673424234150
5153.9857114100851
5093.7680587461200
5018.0915292622531
5037.7815496100866
4986.4772118814890
5037.7815496100975
5131.1638849135616
5093.7680587461009
5153.9857114100887
5150.6673424234205
5979.0931147869796
5929.8342022628094
6004.4642090185180
6004.4642090185180
5931.6878607086010
5980.9208719712633
5909.4343914798128
5905.5924052716318
5931.6878607085973
5905.5924052716337
5909.4343914798155
5980.9208719712615
6080.3867003350188
6055.9740856581966
6133.6418389274222
6055.9740856581921
5790.8013437668378
5767.8722579455052
5767.8722579455070
5834.3279419093742
5836.3240887457805
5859.0312707146841
5862.8948993264839
5792.7903233040934
5704.7131333246207
5727.6269222502942
5667.9268690309400
5727.6269222503061
5836.3240887457905
5792.7903233040724
5862.8948993264867
5859.0312707146913
6796.7434460975155
6739.5859654895530
6826.1837660638421
6826.1837660638421
6741.7368029950139
6798.8643322209909
6715.9159361780939
6711.4581153166346
6741.7368029950103
6711.4581153166364
6715.9159361780976
6798.8643322209891
6914.2867740625506
6885.9570525357294
6976.0882596836645
6885.9570525357249
6578.2770884710408
6551.6772763468107
6551.6772763468134
6628.7743925676141
6631.0902936816628
6657.4352806715442
6661.9179603497105
6580.5845289767503
6478.4121794095417
6504.9914399149548
6435.7436348134643
6504.9914399149684
6631.0902936816747
6580.5845289767267
6661.9179603497150
6657.4352806715515
7713.6558386167180
7647.6837933260313
7747.6346092267950
7747.6346092267950
7650.1663975375423
7716.1037157589453
7620.3622999654526
7615.2167195788315
7650.1663975375386
7615.2167195788352
7620.3622999654572
7716.1037157589435
7849.3116593269106
7816.6185008337807
7920.6272886615370
7816.6185008337752
7461.4791102981872
7430.7717996475931
7430.7717996475967
7519.7726317440274
7522.4460303776787
7552.8574527752844
7558.0319829826403
7464.1428379360732
7346.1909764949442
7376.8757146818380
7296.9311561765462
7376.8757146818525
7522.4460303776914
7464.1428379360468
7558.0319829826449
7552.8574527752935
8734.9705931915123
8659.3376842477737
8773.9200673633422
8773.9200673633422
8662.1840705190953
8737.7766841111152
8628.0115257562356
8622.1114882884740
8662.1840705190916
8622.1114882884776
8628.0115257562411
8737.7766841111134
8890.4498080376816
8852.9845034423997
8972.1631225864166
8852.9845034423925
8445.7987218884591
8410.5747823936144
8410.5747823936163
8512.6597132592306
8515.7258087799473
8550.6030197506207
8556.5371565957430
8448.8541342498429
8313.5412023867393
8348.7456252207539
8257.0211200046415
8348.7456252207721
8515.7258087799619
8448.8541342498138
8556.5371565957485
8550.6030197506316
9863.5741042010450
9777.5414368736620
9907.8706701418432
9907.8706701418432
9780.7796052991216
9866.7656191154729
9741.9014583890803
9735.1885320617457
9780.7796052991162
9735.1885320617494
9741.9014583890876
9866.7656191154711
10040.362567209046
9997.7711186381894
10133.236829741294
9997.7711186381821
9534.5243278905764
9494.4218641209172
9494.4218641209227
9610.6332738740566
9614.1230694991573
9653.8174888558242
9660.5707964986705
9538.0027059538388
9383.9264137527280
9424.0187026719123
9319.5500255355364
9424.0187026719323
9614.1230694991755
9538.0027059538061
9660.5707964986759
9653.8174888558369
11100.062157482651
11003.007209829175
11150.022549552676
11150.022549552676
11006.660769285085
11103.662002210140
10962.792638490502
10955.217514524609
11006.660769285078
10955.217514524616
10962.792638490513
11103.662002210138
11299.408924968317
11251.394053316009
11404.084555085954
11251.394053315998
10728.699402651971
10683.411407064625
10683.411407064632
10814.632730052012
10818.572462440312
10863.381330231459
10871.004162468460
10732.627268066544
10558.596272362618
10603.889712127975
10485.855633899786
10603.889712127997
10818.572462440332
10732.627268066506
10871.004162468465
10863.381330231472
12443.184719266716
12334.576791272460
12499.079435407220
12499.079435407220
12338.665846840293
12447.212444487812
12289.565661178622
12281.086389927939
12338.665846840286
12281.086389927948
12289.565661178634
12447.212444487808
12666.158641518172
12612.465419500730
12783.186093294418
12612.465419500719
12027.438938003563
11976.705358223227
11976.705358223231
12123.685381983132
12128.097312407855
12178.272936630183
12186.808055494150
12031.838763764081
11836.844680395739
11887.604248165895
11755.310403265095
11887.604248165921
12128.097312407879
12031.838763764039
12186.808055494155
12178.272936630197
13890.630815662031
13769.983502932011
13952.708892980150
13952.708892980150
13774.526429444653
13895.104395419219
13719.973219616995
13710.551567573351
13774.526429444644
13710.551567573362
13719.973219617008
13895.104395419216
14138.220452802947
14078.611997595513
14268.113626284152
14078.611997595503
13428.620409075020
13372.207724515776
13372.207724515783
13535.620500378482
13540.524747088228
13596.295473571863
13605.781639881148
13433.512403786015
13216.652811045360
13273.114794682388
13125.943220010384
13273.114794682417
13540.524747088253
13433.512403785970
13605.781639881154
13596.295473571879
15439.861040037702
15306.683519271899
15508.374735176525
15508.374735176525
15311.698812320634
15444.798659470160
15251.470402999710
15241.067982903191
15311.698812320623
15241.067982903205
15251.470402999727
15444.798659470156
15713.071317418859
15647.305972313825
15856.356172894799
15647.305972313812
14929.702052556751
14867.379345083891
14867.379345083900
15047.893212524525
15053.309807168627
15114.903332799659
15125.379257737497
14935.106230940779
14695.492280205692
14757.888432449648
14595.234518994253
14757.888432449679
15053.309807168653
14935.106230940730
15125.379257737504
15114.903332799679
17088.686240707040
16942.456215967224
17163.903918745174
17163.903918745174
16947.963557717998
17094.107248586875
16881.823529406400
16870.399495930717
16947.963557717987
16870.399495930735
16881.823529406418
17094.107248586872
17388.585535849696
17316.406598656347
17545.820067891080
17316.406598656329
16528.375196843768
16459.897448061547
16459.897448061554
16658.222050083939
16664.172283119944
16731.830678722534
16743.337527988358
16534.312805041362
16271.002575001545
16339.578131526681
16160.802726140108
16339.578131526716
16664.172283119973
16534.312805041311
16743.337527988366
16731.830678722556
18835.416273013536
18675.588367383545
18917.616779827440
18917.616779827440
18681.608371643430
18841.340805892578
18609.308805771416
18596.820259730826
18681.608371643419
18596.820259730845
18609.308805771434
18841.340805892578
19163.108709235363
19084.252381637969
19334.862853193968
19084.252381637947
18222.844042470704
18147.950446579845
18147.950446579853
18364.839603629654
18371.346015339164
18445.325231858777
18457.906469978323
18229.337669883833
17941.325947663536
18016.343319695337
17820.761594506948
18016.343319695374
18371.346015339197
18229.337669883775
18457.906469978330
18445.325231858798
20678.601534007128
20504.647526827877
20768.052636159111
20768.052636159111
20511.200265734860
20685.048981276777
20432.499210991831
20418.904165293330
20511.200265734849
20418.904165293356
20432.499210991849
20685.048981276770
21035.137897264787
20949.355454560060
21221.943849497911
20949.355454560035
20011.693860887546
19930.122262719102
19930.122262719113
20166.330417976500
20173.415411011494
20253.969184487931
20267.667779924413
20018.766157983751
19705.036557228366
19786.762710951123
19573.675610609836
19786.762710951163
20173.415411011534
20018.766157983689
20267.667779924421
20253.969184487960
22616.619113760607
22428.073662724164
22713.554199642254
22713.554199642254
22435.176936266362
22623.606432917084
22349.859225494693
22335.120207694050
22435.176936266347
22335.120207694075
22349.859225494711
22623.606432917080
23002.905128644146
22909.984688620149
23205.210726726269
22909.984688620123
21893.513205142852
21805.021673786079
21805.021673786086
22061.241258087375
22068.925213363367
22156.283640078651
22171.138422264052
21901.185009404704
21560.792358445247
21649.477538019855
21418.226868909598
21649.477538019903
22068.925213363407
21901.185009404639
22171.138422264059
22156.283640078680
24647.424927948403
24443.914303132955
24752.028707442954
24752.028707442954
24451.582534038112
24654.965603272252
24359.473177168635
24343.559569715228
24451.582534038098
24343.559569715249
24359.473177168657
24654.965603272249
25064.166055319398
24963.945433459703
25282.307635077119
24963.945433459681
23866.586652904847
23770.969151908401
23770.969151908408
24047.786014364588
24056.085992333970
24150.440918514640
24166.484121705173
23874.875644040629
23507.007744492468
23602.868973854176
23352.881006385160
23602.868973854227
24056.085992334010
23874.875644040556
24166.484121705180
24150.440918514672
26768.508686038429
26549.769057178637
26880.907770251564
26880.907770251564
26558.012602256520
26776.612050153217
26458.985059454408
26441.874529551085
26558.012602256505
26441.874529551111
26458.985059454430
26776.612050153210
27216.172431328385
27108.548249485797
27450.354880563176
27108.548249485772
25928.803062379742
25825.898254418975
25825.898254418982
26123.766342402490
26132.695330777660
26234.191820267562
26251.447635919085
25937.723002348848
25541.734956285840
25644.946957196691
25375.756367924427
25644.946957196746
26132.695330777704
25937.723002348768
26251.447635919092
26234.191820267602
28976.897697193544
28742.793081723394
29097.151297577620
29097.151297577620
28751.617559459344
28985.568262182205
28645.601796209325
28627.281682546924
28751.617559459326
28627.281682546953
28645.601796209347
28985.568262182194
29455.676314520879
29340.613023419290
29705.953354597255
29340.613023419261
28077.656400402891
27967.355623053587
27967.355623053594
28286.573697698706
28296.139904409054
28404.868166947996
28423.351365207396
28087.216438579078
27662.660942280640
27773.348350482742
27484.618351118286
27773.348350482804
28296.139904409101
28087.216438578995
28423.351365207403
28404.868166948036
31269.158524486149
31019.698695845091
31397.249243051676
31397.249243051676
31029.104312315121
31278.395317929058
30916.094890531385
30896.563599708243
31029.104312315103
30896.563599708272
30916.094890531407
31278.395317929051
31778.932389500427
31656.471054136266
32045.187550967326
31656.471054136233
30310.248128276795
30192.503608424795
30192.503608424802
30533.191350014382
30543.397481816923
30659.384655435319
30679.099185029459
30320.452087262591
29867.110775340414
29985.340048137994
29676.883360148542
29985.340048138056
30543.397481816974
30320.452087262503
30679.099185029467
30659.384655435359
33641.394423099970
33376.752258759756
33777.219421938295
33777.219421938295
33386.733150516528
33651.190349343793
33266.797136661233
33246.065512552130
33386.733150516513
33246.065512552166
33266.797136661255
33651.190349343786
34181.697305441790
34051.963837332776
34463.626328545397
34051.963837332733
32623.283662830010
32498.116813978544
32498.116813978551
32860.190800231554
32871.033342963485
32994.235318391009
33015.172917986958
32634.129318981046
32152.044624509574
32277.815760426231
31949.616152891853
32277.815760426292
32871.033342963543
32634.129318980958
33015.172917986965
32994.235318391053
36089.237760723867
35809.765411583248
36232.600648645035
36232.600648645035
35820.309027864037
36099.579011285634
35693.593454583526
35671.686076242484
35820.309027864008
35671.686076242520
35693.593454583548
36099.579011285627
36659.225418709655
36522.437894508679
36956.320900921855
36522.437894508643
35013.061739040109
34880.571342063042
34880.571342063049
35263.721510283496
35275.190030654834
35405.483550373188
35427.622412135905
35024.540115566306
34514.046941786473
34647.285178437814
34299.519161475961
34647.285178437880
35275.190030654892
35024.540115566226
35427.622412135912
35405.483550373232
38607.836896793189
38314.080057303996
38758.440720726801
38758.440720726801
38325.166607872292
38618.702437466396
38191.905177636298
38168.861532928531
38325.166607872263
38168.861532928568
38191.905177636319
38618.702437466389
39206.260600701447
39062.735266433192
39517.799790274214
39062.735266433148
37475.455737960314
37335.825753823498
37335.825753823505
37739.493108825547
37751.569602174633
37888.744918033444
37912.048452791874
37487.550432992248
36949.306734483042
37089.854441486910
36722.912577272400
37089.854441486990
37751.569602174692
37487.550432992160
37912.048452791882
37888.744918033495
41191.837351456634
40884.546807928469
41349.279127372050
41349.279127372043
40896.148806922756
41203.198517210149
40756.667476334027
40732.542949667477
40896.148806922727
40732.542949667513
40756.667476334049
41203.198517210134
41817.024103879143
41667.179631673171
42142.060792197772
41667.179631673120
40005.886367283980
39859.393069131045
39859.393069131052
40282.749573293149
40295.407886816756
40439.162317211216
40463.578080197512
40018.572944555817
39453.588078377070
39601.197124406353
39215.704255700082
39601.197124406433
40295.407886816822
40018.572944555723
40463.578080197527
40439.162317211267
43835.357523675353
43515.497064954579
43999.124781462604
43999.124781462597
43527.579004990534
43847.177755492579
43382.300040180373
43357.166643997960
43527.579004990504
43357.166643998004
43382.300040180395
43847.177755492572
44485.198865945349
44329.558410646765
44822.560351001928
44329.558410646714
42599.285503721650
42446.303546759220
42446.303546759227
42888.235321737186
42901.440688166374
43051.373476258559
43076.832322367089
42612.530979398274
42022.190412356547
42176.515359191762
41773.348860816892
42176.515359191842
42901.440688166440
42612.530979398180
43076.832322367103
43051.373476258610
46531.959713894052
46200.709416567712
46701.429556245137
46701.429556245130
46213.227610565700
46544.194473811767
46062.671662816982
46036.618434830030
46213.227610565664
46036.618434830074
46062.671662817003
46544.194473811760
47203.911059995531
47043.101662781897
47552.201125404259
47043.101662781839
45250.051537435393
45091.058511779032
45091.058511779047
45550.153681978925
45563.862404111132
45719.471337824041
45745.886884924563
45263.814002774627
44649.898660833780
44810.491220254538
44390.796156908516
44810.491220254626
45563.862404111205
45263.814002774525
45745.886884924570
45719.471337824085
49274.617755487467
48933.371622075036
49449.058933665139
49449.058933665132
48946.274252215168
49287.214656631739
48791.059976416458
48764.192959241278
48946.274252215131
48764.192959241336
48791.059976416487
49287.214656631731
49965.710146192119
49800.459058741850
50323.318910261100
49800.459058741792
47951.997205653992
47787.576146301268
47787.576146301282
48262.118842100710
48276.278173372702
48436.958478430599
48464.226965171503
47966.225631055553
47330.923874035194
47497.229150277133
47062.428987176929
47497.229150277228
48276.278173372775
47966.225631055444
48464.226965171511
48436.958478430643
52055.683134894913
51706.040089491507
52234.261614102841
52234.261614102827
51719.267502504837
52068.582321516573
51560.108239302674
51532.549957965130
51719.267502504801
51532.549957965195
51560.108239302703
52068.582321516573
52762.549118182578
52593.676681872486
53127.670441389258
52593.676681872428
50698.291662065851
50529.130931797554
50529.130931797576
51017.103115212267
51031.651384674638
51196.697433180641
51224.698062125914
50712.925932708225
50058.835869900453
50230.190991794239
49781.992276404635
50230.190991794341
51031.651384674711
50712.925932708116
51224.698062125921
51196.697433180685
54866.852043290688
54510.599398693048
55048.640456298708
55048.640456298701
54524.084683419824
54879.986850857895
54361.781760793194
54333.670118584057
54524.084683419787
54333.670118584123
54361.781760793223
54879.986850857895
55585.767025747322
55414.175842923541
55956.423911129503
55414.175842923483
53481.399380433366
53308.289310125903
53308.289310125925
53807.382145793075
53822.249176211815
53990.859551525151
54019.455407103378
53496.370615891989
52826.490301310383
53002.126109862314
52542.515359925754
53002.126109862416
53822.249176211888
53496.370615891887
54019.455407103385
53990.859551525209
57699.136297268851
57338.225023959960
57883.127557272783
57883.127557272775
57351.894899772124
57712.434213827022
57187.327193375539
57158.813719981947
57351.894899772080
57158.813719982019
57187.327193375560
57712.434213827022
58426.076145767671
58252.736429077922
58800.154220028686
58252.736429077871
56293.019389510482
56116.845074096760
56116.845074096782
56624.481493726227
56639.589357675010
56810.875766045501
56839.915387080306
56308.250597951344
55625.953629274998
55805.000109117536
55336.231054876822
55805.000109117653
56639.589357675082
56308.250597951235
56839.915387080313
56810.875766045552
60542.841421376150
60179.352889473746
60727.966577660583
60727.966577660583
60193.128921968404
60556.225358127769
60027.238456292354
59998.485865933457
60193.128921968360
59998.485865933530
60027.238456292376
60556.225358127769
61273.556312013403
61099.487493468296
61648.845040331980
61099.487493468245
59124.029202920239
58945.758930023214
58945.758930023243
59459.128774790115
59474.392924070424
59647.393329057209
59676.712995101087
59139.436313003200
58448.430588684110
58629.926692369656
58154.496091470930
58629.926692369765
59474.392924070497
59139.436313003091
59676.712995101108
59647.393329057268
63387.555318926657
63023.659654952120
63572.705492196306
63572.705492196306
63037.459797900723
63400.945180274721
62871.233377454322
62842.412430034718
63037.459797900679
62842.412430034805
62871.233377454344
63400.945180274721
64117.658844655620
63943.907762416638
64491.899627578634
63943.907762416588
61964.438525233214
61785.107475935321
61785.107475935351
62301.216100571663
62316.546887941855
62490.243052986087
62519.669810443942
61979.931824224128
61284.199770772851
61467.108159073097
60987.718698208075
61467.108159073214
62316.546887941920
61979.931824224012
62519.669810443949
62490.243052986152
66222.150783866004
65860.057571781377
66406.202722049667
66406.202722049667
65873.798012000814
66235.465305653750
65708.245140211453
65679.530844941415
65873.798012000771
65679.530844941502
65708.245140211482
66235.465305653750
66947.222193139532
66774.838436880586
67318.161953545918
66774.838436880527
64803.358231023281
64624.047350629779
64624.047350629808
65139.777807180843
65155.082395699450
65328.421749138834
65357.777156776850
64818.844214868623
64122.563743065220
64305.790732006288
63825.300108817537
64305.790732006404
65155.082395699515
64818.844214868506
65357.777156776858
65328.421749138899
69034.804550027417
68676.707272783024
69216.649021419813
69216.649021419813
68690.304528677618
69047.963350901307
68526.432187170532
68497.999443288427
68690.304528677560
68497.999443288514
68526.432187170562
69047.963350901307
69750.500786554418
69580.510048926022
70115.949128055974
69580.510048925978
67628.990050471955
67450.800341242095
67450.800341242124
67962.988238458769
67978.172863387168
68150.094257260280
68179.198772844262
67644.373660901620
66951.820461922063
67134.241119067141
66655.597292918508
67134.241119067257
67978.172863387212
67644.373660901518
68179.198772844247
68150.094257260338
71813.034585484202
71461.050885062883
71991.606507484743
71991.606507484743
71474.424082458645
71825.960352604321
71313.209276423411
71285.228104762195
71474.424082458587
71285.228104762282
71313.209276423440
71825.960352604321
72515.207663161957
72348.584185361367
72873.095229916813
72348.584185361324
70428.641678285479
70252.664596990784
70252.664596990813
70758.183514782970
70773.156028086582
70942.618572553925
70971.296437507845
70443.828865147065
69759.262358475782
69939.750237078988
69465.914029806416
69939.750237079104
70773.156028086625
70443.828865146948
70971.296437507830
70942.618572553984
74543.755910729975
74199.866354064769
74718.064841540036
74718.064841540036
74212.939578005666
74556.376620569979
74055.300863414537
74027.931438408632
74212.939578005607
74027.931438408719
74055.300863414566
74556.376620569979
75228.570243817827
75066.209623390227
75577.005601624798
75066.209623390168
73188.770516461562
73016.055625606154
73016.055625606183
73511.909676312469
73526.582268144688
73692.596030522342
73720.680445007136
73203.671024126044
72531.208167742458
72708.668644182166
72242.526273329800
72708.668644182297
73526.582268144717
73203.671024125928
73720.680445007107
73692.596030522385
77213.353392143938
76879.341867628216
77382.512835462854
77382.512835462854
76892.046470027417
77225.604453292632
76738.815916317020
76712.203651884891
76892.046470027344
76712.203651884993
76738.815916317049
77225.604453292632
77877.397169122705
77720.090884808043
78214.719419090237
77720.090884807971
75895.056910908723
75726.578369809446
75726.578369809475
76209.997319917456
76224.289280276193
76385.946299682793
76413.284626044217
75909.587151191270
75253.070172869731
75426.475825297282
74970.745394238591
75426.475825297399
76224.289280276222
75909.587151191168
76413.284626044187
76385.946299682837
79807.767824180846
79485.166863867504
79971.021754350237
79971.021754350237
79497.443598244296
79819.594025015103
79349.340756449208
79323.611722075249
79497.443598244223
79323.611722075351
79349.340756449237
79819.594025015103
80448.152499787815
80296.565475722309
80772.976971637792
80296.565475722251
78532.504605706097
78369.128418121851
78369.128418121880
78837.659930553156
78851.500293457168
79008.004143517799
79034.462842190027
78546.590452908393
77909.456039246303
78077.882062213015
77635.019276937528
78077.882062213146
78851.500293457182
78546.590452908305
79034.462842189998
79008.004143517828
82312.589272883881
82002.633429327660
82469.334407387942
82469.334407387942
82014.434288355551
82323.946424881258
81872.043690767605
81847.300628817553
82014.434288355478
81847.300628817655
81872.043690767634
82323.946424881258
82927.031836264170
82781.684203655590
83238.286603664106
82781.684203655517
81085.562392961365
80928.016473239186
80928.016473239215
81379.609709953307
81392.939617399461
81543.631708439672
81569.100706395140
81099.141725838796
80484.299976371825
80646.957364734481
80219.066527695657
80646.957364734597
81392.939617399476
81099.141725838708
81569.100706395096
81543.631708439701
84713.149185604096
84416.739064100198
84862.951819268274
84862.951819268274
84428.028714678294
84724.005373478270
84291.782209694909
84268.101387898874
84428.028714678221
84268.101387898976
84291.782209694939
84724.005373478270
85300.033044493975
85161.286967717708
85596.984641684889
85161.286967717635
83538.256828649479
83387.105848904685
83387.105848904728
83820.181037425515
83832.955674629018
83977.336660316447
84001.732883676625
83551.281654116523
82961.012898219589
83117.277137761601
82706.033546007428
83117.277137761717
83832.955674629018
83551.281654116421
84001.732883676581
83977.336660316461
86994.600132862033
86712.278818533159
87137.206784637048
87137.206784637048
86723.035561708253
87004.936514354951
86593.200395627064
86570.629460982556
86723.035561708180
86570.629460982658
86593.200395627093
87004.936514354951
87553.012149326620
87421.064187558790
87835.279696628466
87421.064187558703
85874.321621067997
85729.948234999436
85729.948234999480
86143.447897845195
86155.637885437085
86293.382930941079
86316.652800604235
85886.759646913051
85322.635901544170
85472.069219535406
85078.658326070203
85472.069219535522
86155.637885437100
85886.759646912964
86316.652800604192
86293.382930941094
89141.968927704089
88873.911433247209
89277.310595552903
89277.310595552903
88884.127659520498
89151.780065775063
88760.800691911485
88739.357600204443
88884.127659520411
88739.357600204545
88760.800691911485
89151.780065775063
89671.712192897277
89546.591203961289
89939.270085274038
89546.591203961216
88077.304838070690
87939.898266870310
87939.898266870354
88333.317559663323
88344.909739815717
88475.876986122545
88497.997772393122
88089.140414562353
87551.975898027522
87694.341745029582
87319.418837794219
87694.341745029698
88344.909739815732
88089.140414562266
88497.997772393064
88475.876986122559
91140.164422474641
90886.179530984824
91268.354840657077
91268.354840657077
90895.861690794889
91149.458176787331
90778.969527358204
90758.642515919186
90895.861690794802
90758.642515919288
90778.969527358204
91149.458176787331
91641.748571991571
91523.318673681133
91894.918870012320
91523.318673681060
90130.629790113337
90000.181970600839
90000.181970600897
90373.577778148014
90384.575394325453
90508.807652562085
90529.787701110050
90141.864207271035
89631.696178482380
89766.965466132751
89410.637348446879
89766.965466132882
90384.575394325482
90141.864207270934
90529.787701109992
90508.807652562100
92973.913558955173
92733.456162938935
93095.242453455779
93095.242453455779
92742.624322667616
92982.710608088761
92631.928528365737
92612.676989263098
92742.624322667529
92612.676989263200
92631.928528365737
92982.710608088761
93448.526631334651
93336.494252223565
93687.963254795715
93336.494252223492
92017.577445747462
91893.886073240967
91893.886073241010
92247.866918299536
92258.289255526004
92376.009709527672
92395.887674062891
92028.228646409028
91544.326293162550
91672.675894922111
91334.503401418711
91672.675894922242
92258.289255526004
92028.228646408912
92395.887674062833
92376.009709527687
94627.583710691120
94399.774522400010
94742.506625927606
94742.506625927606
94408.461625046300
94635.916819273931
94303.567579889364
94285.323583821257
94408.461625046199
94285.323583821359
94303.567579889364
94635.916819273931
95077.051663521546
94970.975251411888
95303.719413127284
94970.975251411830
93721.142839946129
93603.819771790513
93603.819771790557
93939.520978767207
93949.402597339984
94061.006022210029
94079.849359487707
93731.244681746393
93272.140199437548
93393.945225182542
93072.962676947485
93393.945225182673
93949.402597339984
93731.244681746291
94079.849359487635
94061.006022210058
96084.814575202079
95868.462848439056
96193.941434253837
96193.941434253837
95876.713846919083
96092.727763620263
95777.081207862851
95759.751322688215
95876.713846918981
95759.751322688317
95777.081207862851
96092.727763620263
96511.556760432621
96410.857227714398
96726.709187115295
96410.857227714310
95223.683209824405
95112.165849505007
95112.165849505051
95431.216739586060
95440.606499950998
95546.648221207026
95564.551322372834
95233.284480490474
94796.816985909842
94912.639321779119
94607.384353417350
94912.639321779250
95440.606499950998
95233.284480490373
95564.551322372761
95546.648221207040
97327.795725301010
97121.419012395359
97431.881079641709
97431.881079641709
97129.290106189728
97335.343557655651
97034.242074412658
97017.708987903359
97129.290106189626
97017.708987903461
97034.242074412658
97335.343557655651
97734.787658043715
97638.756944001681
97939.949264615629
97638.756944001609
96506.187119979702
96399.749422045425
96399.749422045454
96704.242055755938
96713.202210034244
96814.387895816239
96831.470372771859
96515.350593546711
96098.709542227545
96209.286242850518
95917.830477108102
96209.286242850649
96713.202210034244
96515.350593546609
96831.470372771801
96814.387895816268
98335.768746605638
98137.600330700501
98435.708370946406
98435.708370946406
98145.158665997456
98343.016075979729
98053.885693634409
98038.008877244865
98145.158665997355
98038.008877244967
98053.885693634409
98343.016075979729
98726.530128530227
98634.333699083698
98923.491714863339
98634.333699083625
97546.729874585391
97444.487804645003
97444.487804645032
97736.961924705611
97745.567700228814
97842.748766961100
97859.154696607424
97555.531851068095
97155.279486664716
97261.516522480088
96981.482481699844
97261.516522480233
97745.567700228814
97555.531851067979
97859.154696607366
97842.748766961115
99081.324194838075
98889.287466244918
99178.168427011929
99178.168427011929
98896.612092990035
99088.347121279483
98808.160433766927
98792.774175049679
98896.612092989948
98792.774175049781
98808.160433766927
99088.347121279483
99459.972650582291
99370.636438883434
99650.819991161014
99370.636438883346
98316.640311226452
98217.540770834108
98217.540770834137
98501.016273075642
98509.356864582762
98603.541827276349
98619.441694084366
98325.171583932592
97937.201169835273
98040.184072112155
97768.717802232699
98040.184072112286
98509.356864582762
98325.171583932475
98619.441694084308
98603.541827276364
99514.349895016945
99325.895769731535
99609.386108920837
99609.386108920837
99333.083818954881
99521.241735554300
99246.281059971370
99231.181537601457
99333.083818954765
99231.181537601558
99246.281059971370
99521.241735554300
99885.925197824035
99798.258686438945
100073.20419430117
99798.258686438872
98763.905159116373
98666.644760908006
98666.644760908050
98944.855073603307
98953.040557498331
99045.473292593655
99061.077233780670
98772.278025490930
98391.498010290801
98492.575100223490
98226.127750280255
98492.575100223636
98953.040557498331
98772.278025490814
99061.077233780612
99045.473292593670


