# temperature_fl
# rank
2
# size
32
90
# lbound
1
1
# entries
203.72330869228077
203.69812680822011
203.78740546189951
203.68973939493293
203.60005532994379
203.62668867803364
203.53899410708070
203.63536274509090
203.79700811588614
203.73333528790971
203.83154892769718
203.82055814202974
203.78163132888807
203.81321926630355
203.80954592979387
203.71728875413066
203.72330869228077
203.78740546189954
203.69812680822011
203.68973939493293
203.78163132888804
203.71728875413064
203.80954592979387
203.81321926630358
203.79700811588617
203.82055814202974
203.83154892769718
203.73333528790971
203.60005532994379
203.63536274509090
203.53899410708073
203.62668867803364
207.47385316019151
207.44731925833028
207.54138901614442
207.43848141209409
207.34397750990686
207.37204286510266
207.27963105546584
207.38118319297718
207.55150661514136
207.48441794436985
207.58789908087942
207.57631920734542
207.53530520830591
207.56858692652031
207.56471666237209
207.46751005683365
207.47385316019151
207.54138901614442
207.44731925833028
207.43848141209409
207.53530520830591
207.46751005683365
207.56471666237209
207.56858692652031
207.55150661514136
207.57631920734548
207.58789908087942
207.48441794436985
207.34397750990686
207.38118319297718
207.27963105546579
207.37204286510263
210.94540130567540
210.91768031097300
211.01595628092545
210.90844695530450
210.80971022907363
210.83903331787226
210.74247793115049
210.84858313911610
211.02652588591226
210.95643859994919
211.06454356665543
211.05244666541731
211.00960064114346
211.04436909207791
211.04032598089910
210.93877446730781
210.94540130567535
211.01595628092548
210.91768031097297
210.90844695530450
211.00960064114352
210.93877446730778
211.04032598089910
211.04436909207794
211.02652588591226
211.05244666541736
211.06454356665537
210.95643859994922
210.80971022907363
210.84858313911607
210.74247793115049
210.83903331787226
214.33164462506696
214.30282964524690
214.40498140239248
214.29323177586755
214.19059315547389
214.22107579705559
214.12069980737536
214.23100311840270
214.41596741940799
214.34311733696626
214.45548219645548
214.44290904928420
214.39837532846741
214.43451340695640
214.43031107266307
214.32475631641131
214.33164462506696
214.40498140239254
214.30282964524693
214.29323177586755
214.39837532846738
214.32475631641134
214.43031107266313
214.43451340695640
214.41596741940802
214.44290904928422
214.45548219645548
214.34311733696629
214.19059315547389
214.23100311840267
214.12069980737539
214.22107579705559
217.66783183345112
217.63800648218600
217.74373717556924
217.62807192838861
217.52182835470043
217.55338248696316
217.44947547126489
217.56365860609236
217.75510760756302
217.67970664543734
217.79600427739874
217.78299156038543
217.73689990112325
217.77430232908543
217.76995302177323
217.66070205132419
217.66783183345112
217.74373717556921
217.63800648218600
217.62807192838858
217.73689990112328
217.66070205132419
217.76995302177326
217.77430232908543
217.75510760756302
217.78299156038545
217.79600427739874
217.67970664543736
217.52182835470043
217.56365860609233
217.44947547126486
217.55338248696316
220.96633666037428
220.93558548927874
221.04459485247347
220.92534238833252
220.81579395727820
220.84833060748909
220.74118505738386
220.85892652070436
221.05631732005946
220.97857987589560
221.09847927980559
221.08506411840682
221.03754583962774
221.07610607607828
221.07162219432496
220.95898562763080
220.96633666037428
221.04459485247349
220.93558548927874
220.92534238833252
221.03754583962777
220.95898562763074
221.07162219432496
221.07610607607828
221.05631732005946
221.08506411840682
221.09847927980556
220.97857987589563
220.81579395727820
220.85892652070436
220.74118505738383
220.84833060748912
224.23066840369157
224.19908185287977
224.31104864115693
224.18856029836891
224.07602786869757
224.10945192786767
223.99938044525265
224.12033662758691
224.32308849169911
224.24324397533385
224.36639093445194
224.35261306922951
224.30380871737259
224.34341273760421
224.33880755208810
224.22311775292420
224.23066840369157
224.31104864115699
224.19908185287977
224.18856029836888
224.30380871737262
224.22311775292420
224.33880755208810
224.34341273760421
224.32308849169911
224.35261306922948
224.36639093445194
224.24324397533385
224.07602786869754
224.12033662758691
223.99938044525263
224.10945192786767
227.45975820024114
227.42743592525702
227.54200610651594
227.41666907450895
227.30150608779749
227.33571280459023
227.22305963302247
227.34685213672270
227.55432514165409
227.47262640419495
227.59863047567077
227.58453372052335
227.53459822952408
227.57512033849883
227.57040847910585
227.45203176939239
227.45975820024114
227.54200610651597
227.42743592525707
227.41666907450895
227.53459822952408
227.45203176939236
227.57040847910585
227.57512033849883
227.55432514165412
227.58453372052335
227.59863047567075
227.47262640419498
227.30150608779749
227.34685213672270
227.22305963302242
227.33571280459023
230.64969326580385
230.61674686644454
230.73352393124904
230.60577184867270
230.48837401630769
230.52324612480081
230.40839659249167
230.53460185248443
230.74607936211987
230.66280961439205
230.79123344865317
230.77686688862099
230.72597381704503
230.76727321170912
230.76247106757324
230.64181775082167
230.64969326580385
230.73352393124904
230.61674686644452
230.60577184867270
230.72597381704503
230.64181775082167
230.76247106757327
230.76727321170912
230.74607936211987
230.77686688862102
230.79123344865317
230.66280961439205
230.48837401630766
230.53460185248443
230.40839659249164
230.52324612480075
233.79452656448203
233.76108208511525
233.87961816592340
233.74994083341019
233.63075500782531
233.66616009779850
233.54954926117213
233.67768904407490
233.89236165526128
233.80784080961243
233.93819035865414
233.92360944840425
233.87195486450443
233.91387248184080
233.90899856817347
233.78653211736997
233.79452656448203
233.87961816592340
233.76108208511525
233.74994083341019
233.87195486450443
233.78653211736997
233.90899856817347
233.91387248184080
233.89236165526128
233.92360944840428
233.93819035865411
233.80784080961243
233.63075500782531
233.67768904407484
233.54954926117210
233.66616009779850
236.88668564425527
236.85288599999910
236.97267325254808
236.84162605858862
236.72115883902578
236.75694680529165
236.63906783162994
236.76860002148590
236.98554998486856
236.90014081035065
237.03185582347720
237.01712345373784
236.96492970675445
237.00728516417303
237.00236047836657
236.87860645341195
236.88668564425521
236.97267325254813
236.85288599999910
236.84162605858864
236.96492970675442
236.87860645341186
237.00236047836660
237.00728516417308
236.98554998486861
237.01712345373770
237.03185582347726
236.90014081035065
236.72115883902578
236.76860002148584
236.63906783162992
236.75694680529165
239.91718693103610
239.88319432753852
240.00365633438474
239.87186965689247
239.75069597126469
239.78669647025271
239.66810899595066
239.79841840668780
240.01660408846178
239.93071835047871
240.06316289368928
240.04835045512672
239.99586993735343
240.03845848059677
240.03350685746378
239.90906180007647
239.91718693103610
240.00365633438477
239.88319432753849
239.87186965689244
239.99586993735346
239.90906180007653
240.03350685746375
240.03845848059680
240.01660408846175
240.04835045512667
240.06316289368917
239.93071835047871
239.75069597126469
239.79841840668777
239.66810899595063
239.78669647025274
242.87574881024889
242.84174718457615
242.96223028337957
242.83041897351950
242.70919073459140
242.74521061898670
242.62654917967780
242.75693828852687
242.97517849655995
242.88928315039502
243.02173604241486
243.00692449890875
242.95444344089933
242.99703286507238
242.99208133521728
242.86762174187987
242.87574881024889
242.96223028337954
242.84174718457618
242.83041897351950
242.95444344089930
242.86762174187982
242.99208133521725
242.99703286507244
242.97517849655989
243.00692449890875
243.02173604241477
242.88928315039504
242.70919073459140
242.75693828852690
242.62654917967777
242.74521061898670
245.75085038922774
245.71704787839025
245.83681239190176
245.70578536540742
245.58524022475578
245.62106094919102
245.50304350488582
245.63272308134214
245.84968121379492
245.76430466839795
245.89594980815212
245.88123078227017
245.82907309115259
245.87140062678424
245.86647977904764
245.74277117573624
245.75085038922774
245.83681239190167
245.71704787839030
245.70578536540745
245.82907309115259
245.74277117573629
245.86647977904758
245.87140062678424
245.84968121379484
245.88123078227011
245.89594980815215
245.76430466839790
245.58524022475578
245.63272308134214
245.50304350488582
245.62106094919102
248.52976161546201
248.49639304684334
248.61460443503486
248.48527434866716
248.36624452822423
248.40161953199322
248.28505606768601
248.41313571950749
248.62730377279487
248.54304221019822
248.67295881835818
248.65843568648131
248.60696681838030
248.64873598981541
248.64388033693922
248.52178643444472
248.52976161546195
248.61460443503489
248.49639304684337
248.48527434866716
248.60696681838030
248.52178643444472
248.64388033693922
248.64873598981546
248.62730377279493
248.65843568648131
248.67295881835818
248.54304221019834
248.36624452822429
248.41313571950747
248.28505606768601
248.40161953199319
251.19855991880110
251.16588930850509
251.28160929256177
251.15500225133994
251.03842340299943
251.07307548445684
250.95887663803722
251.08435532722666
251.29403785313139
251.21156156796710
251.33871439745599
251.32450338838734
251.27413423316500
251.31501170696350
251.31026005241915
251.19075193078731
251.19855991880110
251.28160929256180
251.16588930850509
251.15500225133994
251.27413423316500
251.19075193078731
251.31026005241915
251.31501170696350
251.29403785313139
251.32450338838734
251.33871439745599
251.21156156796710
251.03842340299943
251.08435532722666
250.95887663803722
251.07307548445684
253.74214302483733
253.71046606327786
253.82264379495643
253.69990900978067
253.58682902983733
253.62044773417432
253.50963338041771
253.63138998748857
253.83468813221555
253.75474783880622
253.87797743540401
253.86420872334745
253.81539946945261
253.85501191892328
253.85040772186210
253.73457296785986
253.74214302483733
253.82264379495641
253.71046606327792
253.69990900978067
253.81539946945264
253.73457296785986
253.85040772186213
253.85501191892328
253.83468813221555
253.86420872334745
253.87797743540401
253.75474783880622
253.58682902983733
253.63138998748855
253.50963338041768
253.62044773417432
256.14424458338146
256.11389108074383
256.22135445445377
256.10377374366010
255.99536144524745
256.02760049430856
255.92130819083400
256.03809223082504
256.23288803179287
256.15632106922965
256.27433418980422
256.26115296962649
256.21441690635129
256.25234792685927
256.24793966114845
256.13699135794553
256.14424458338146
256.22135445445377
256.11389108074383
256.10377374366010
256.21441690635118
256.13699135794553
256.24793966114845
256.25234792685927
256.23288803179287
256.26115296962649
256.27433418980422
256.15632106922970
255.99536144524745
256.03809223082504
255.92130819083400
256.02760049430856
258.38745763439994
258.35879389065144
258.46024112397930
258.34923812136839
258.24679164009615
258.27726644115899
258.17675961523912
258.28718223864223
258.47112340590553
258.39885975120046
258.51022007854903
258.49778760768675
258.45369480962080
258.48948192944920
258.48532343157996
258.38060887039535
258.38745763439994
258.46024112397936
258.35879389065144
258.34923812136839
258.45369480962080
258.38060887039535
258.48532343158001
258.48948192944925
258.47112340590553
258.49778760768680
258.51022007854903
258.39885975120046
258.24679164009615
258.28718223864223
258.17675961523906
258.27726644115899
260.45327015032484
260.42670120399481
260.52069284975636
260.41784174079851
260.32279651211502
260.35108179336311
260.25775751311483
260.36028296377282
260.53076844020126
260.46383641281648
260.56695574758498
260.55545033427097
260.51463115622397
260.54776300116288
260.54391380024964
260.44692274492326
260.45327015032484
260.52069284975636
260.42670120399481
260.41784174079851
260.51463115622397
260.44692274492331
260.54391380024964
260.54776300116288
260.53076844020126
260.55545033427097
260.56695574758498
260.46383641281653
260.32279651211502
260.36028296377276
260.25775751311483
260.35108179336316
262.32211668876084
262.29808838429591
262.38303998871663
262.29007354034309
262.20400963666111
262.22963727195639
262.14503339684592
262.23797115233907
262.39213783932672
262.33166934343450
262.42479951082856
262.41441742183025
262.37756570970168
262.40747939801810
262.40400501895374
262.31637730088391
262.32211668876084
262.38303998871663
262.29808838429591
262.29007354034309
262.37756570970168
262.31637730088391
262.40400501895380
262.40747939801810
262.39213783932672
262.41441742183031
262.42479951082862
262.33166934343450
262.20400963666111
262.23797115233907
262.14503339684592
262.22963727195639
263.97345045206652
263.95245124538849
264.02662693916483
263.94544350971080
263.87009205473083
263.89254916108098
263.81835059877227
263.89984849351902
264.03455965872064
263.98179475777732
264.06302054700006
264.05397679898596
264.02185269010317
264.04793156044900
264.04490378825722
263.96843593417299
263.97345045206652
264.02662693916488
263.95245124538849
263.94544350971080
264.02185269010317
263.96843593417299
264.04490378825716
264.04793156044900
264.03455965872064
264.05397679898596
264.06302054700006
263.98179475777732
263.87009205473083
263.89984849351902
263.81835059877221
263.89254916108098
265.38584075528149
265.36840314887246
265.42991055912768
265.36257966434829
265.29982794300912
265.31855536327231
265.25659906468940
265.32463780068252
265.43647386627725
265.39276441183114
265.45999797881171
265.45252696469777
265.42595910627637
265.44753091746605
265.44502800664395
265.38167849644333
265.38584075528149
265.42991055912768
265.36840314887252
265.36257966434829
265.42595910627637
265.38167849644333
265.44502800664384
265.44753091746605
265.43647386627725
265.45252696469771
265.45999797881166
265.39276441183114
265.29982794300912
265.32463780068252
265.25659906468940
265.31855536327231
266.53710208529441
266.52380354453487
266.57059055734675
266.51935641363764
266.47125115775549
266.48564248184391
266.43792067339882
266.49031026975001
266.57556293429457
266.54237486925990
266.59335219086086
266.58770807463503
266.56759502620440
266.58393081870781
266.58203762541001
266.53393023003065
266.53710208529441
266.57059055734675
266.52380354453487
266.51935641363764
266.56759502620440
266.53393023003071
266.58203762541001
266.58393081870787
266.57556293429457
266.58770807463503
266.59335219086080
266.54237486925990
266.47125115775555
266.49031026975001
266.43792067339882
266.48564248184391
267.40446267360358
267.39592582098987
267.42577992139752
267.39306217186117
267.36181030902361
267.37121164350282
267.33987261062867
267.37425154644416
267.42892254771465
267.40783636275484
267.44011655016959
267.43657333880412
267.42388383696039
267.43419771686757
267.43300572350063
267.40243016774104
267.40446267360358
267.42577992139752
267.39592582098976
267.39306217186117
267.42388383696039
267.40243016774104
267.43300572350063
267.43419771686757
267.42892254771465
267.43657333880412
267.44011655016959
267.40783636275489
267.36181030902361
267.37425154644416
267.33987261062867
267.37121164350287
267.96478292992691
267.96167473748102
267.97222592707635
267.96061645758692
267.94858234447571
267.95229311881144
267.93963859931955
267.95347668570815
267.97328300262393
267.96599162811412
267.97696021135476
267.97581137792446
267.97158302052225
267.97503322501859
267.97464041533834
267.96404932645191
267.96478292992691
267.97222592707635
267.96167473748102
267.96061645758704
267.97158302052225
267.96404932645191
267.97464041533823
267.97503322501859
267.97328300262393
267.97581137792446
267.97696021135476
267.96599162811418
267.94858234447571
267.95347668570815
267.93963859931949
267.95229311881144
268.19483736973399
268.19786696480298
268.18659563346796
268.19884997460491
268.20854776916173
268.20582297470844
268.21430086876387
268.20490727282021
268.18529524055276
268.19359838621835
268.18047610091025
268.18203358546708
268.18736932520051
268.18306106408062
268.18357159105773
268.19557230240065
268.19483736973399
268.18659563346796
268.19786696480298
268.19884997460497
268.18736932520045
268.19557230240065
268.18357159105778
268.18306106408062
268.18529524055288
268.18203358546697
268.18047610091025
268.19359838621830
268.20854776916173
268.20490727282021
268.21430086876381
268.20582297470844
268.07167804239100
268.08159259802898
268.04584424223435
268.08486548939555
268.11894481415078
268.10899921956997
268.14118984184483
268.10572821502808
268.04189995348418
268.06769353724980
268.02755271973825
268.03214506925883
268.04820667739779
268.03519743090294
268.03672099792732
268.07406024031758
268.07167804239100
268.04584424223424
268.08159259802898
268.08486548939550
268.04820667739796
268.07406024031758
268.03672099792720
268.03519743090294
268.04189995348418
268.03214506925895
268.02755271973820
268.06769353724980
268.11894481415078
268.10572821502808
268.14118984184483
268.10899921956997
267.57310320532298
267.59068119051670
267.52769057269393
267.59650298970553
267.65772535580328
267.63974044325408
267.69833388876054
267.63384727188014
267.52080408790408
267.56606289103530
267.49585437040207
267.50382369027966
267.53182103923660
267.50912924544082
267.51178009188141
267.57731887482055
267.57310320532298
267.52769057269393
267.59068119051665
267.59650298970553
267.53182103923660
267.57731887482055
267.51178009188129
267.50912924544082
267.52080408790408
267.50382369027966
267.49585437040207
267.56606289103530
267.65772535580328
267.63384727188014
267.69833388876060
267.63974044325408
266.67826240742244
266.70430320818241
266.61123149877318
266.71293993571049
266.80414247685269
266.77727711368021
266.86503842765165
266.76848757439370
266.60109669756235
266.66784770257857
266.56444213417541
266.57613940379139
266.61731399600563
266.58393240233903
266.58782774459019
266.68450274392382
266.67826240742244
266.61123149877324
266.70430320818241
266.71293993571049
266.61731399600569
266.68450274392393
266.58782774459024
266.58393240233903
266.60109669756235
266.57613940379144
266.56444213417535
266.66784770257863
266.80414247685269
266.76848757439370
266.86503842765171
266.77727711368021
265.36843854909540
265.40374711958628
265.27773682473611
265.41546670279132
265.53950854334710
265.50291476382353
265.62263243361053
265.49095248484537
265.26404575985111
265.35432872112557
265.21457771298452
265.23035585809578
265.28595646757697
265.24087187583893
265.24612960184913
265.37689605766633
265.36843854909540
265.27773682473617
265.40374711958628
265.41546670279132
265.28595646757702
265.37689605766639
265.24612960184913
265.24087187583893
265.26404575985111
265.23035585809566
265.21457771298452
265.35432872112551
265.53950854334710
265.49095248484531
265.62263243361048
265.50291476382353
263.62805907261691
263.67342381581363
263.51167794172977
263.68848875769447
263.84817373906492
263.80101948072837
263.95543123645768
263.78561336280387
263.49412947816086
263.60994009058675
263.43076431222363
263.45096821806339
263.52221577768341
263.46443750616135
263.47117285199278
263.63892226526724
263.62805907261691
263.51167794172977
263.67342381581352
263.68848875769447
263.52221577768336
263.63892226526724
263.47117285199272
263.46443750616135
263.49412947816086
263.45096821806345
263.43076431222363
263.60994009058669
263.84817373906492
263.78561336280382
263.95543123645768
263.80101948072831
261.44600206499740
261.50216355943650
261.30205755395599
261.52082057431778
261.71878803388023
261.66028926928880
261.85197723716362
261.64118400552428
261.28036958759810
261.42357911702106
261.20209291022348
261.22704529456695
261.31508323279189
261.24368337232710
261.25200422129001
261.45944796320646
261.44600206499740
261.30205755395599
261.50216355943650
261.52082057431778
261.31508323279189
261.45944796320651
261.25200422128995
261.24368337232698
261.28036958759816
261.22704529456684
261.20209291022354
261.42357911702112
261.71878803388023
261.64118400552428
261.85197723716362
261.66028926928880
258.81727780439445
258.88488529002888
258.64412282234031
258.90735088352761
259.14592372762149
259.07538915330639
259.30663405495380
259.05235986137961
258.61804928736746
258.79029271594828
258.52397753547189
258.55395928221469
258.65978439322976
258.57395384163527
258.58395418052288
258.83346150654722
258.81727780439439
258.64412282234031
258.88488529002888
258.90735088352756
258.65978439322976
258.83346150654722
258.58395418052282
258.57395384163522
258.61804928736746
258.55395928221452
258.52397753547189
258.79029271594828
259.14592372762149
259.05235986137973
259.30663405495380
259.07538915330639
255.74517960463098
255.82473136465953
255.54155777975825
255.85117207809890
256.13214867552733
256.04904091922538
256.32162240084085
256.02191318331415
255.51091195640393
255.71343470455929
255.40037680276305
255.43560000718190
255.55996770908843
255.45909296486826
255.47084391550143
255.76421999203961
255.74517960463103
255.54155777975825
255.82473136465941
255.85117207809887
255.55996770908851
255.76421999203961
255.47084391550132
255.45909296486826
255.51091195640396
255.43560000718196
255.40037680276313
255.71343470455932
256.13214867552728
256.02191318331415
256.32162240084091
256.04904091922538
252.24400403915936
252.33576711263692
252.00925689482958
252.36627291865949
252.69064686033647
252.59466490141617
252.90959266994187
252.56334176072818
251.97394279930211
252.20739430025247
251.84660482870700
251.88717649549659
252.03047323566318
251.91423982071271
251.92777756151361
252.26596452632973
252.24400403915928
252.00925689482952
252.33576711263686
252.36627291865952
252.03047323566318
252.26596452632981
251.92777756151358
251.91423982071274
251.97394279930208
251.88717649549648
251.84660482870694
252.20739430025245
252.69064686033647
252.56334176072826
252.90959266994179
252.59466490141617
248.34242844976291
248.44633282231715
248.07676838607401
248.48088206103827
248.84847274094201
248.73966057179240
249.09681989264465
248.70415809938598
248.03682212412451
248.30098384313285
247.89282057681118
247.93869480283595
248.10076996963394
247.96929867663476
247.98460853172631
248.36729161652602
248.34242844976285
248.07676838607398
248.44633282231715
248.48088206103827
248.10076996963394
248.36729161652605
247.98460853172622
247.96929867663476
248.03682212412446
247.93869480283595
247.89282057681123
248.30098384313274
248.84847274094204
248.70415809938601
249.09681989264462
248.73966057179240
244.08758233717461
244.20308557370106
243.79244167071658
244.24150008429061
244.65047970282569
244.52936550936209
244.92706297837654
244.48985837431994
243.74808428772198
244.04152200636787
243.58822837555371
243.63914526696476
243.81909639773554
243.67311740284899
243.69011351305360
244.11521747816315
244.08758233717461
243.79244167071658
244.20308557370100
244.24150008429061
243.81909639773554
244.11521747816309
243.69011351305357
243.67311740284904
243.74808428772201
243.63914526696476
243.58822837555371
244.04152200636773
244.65047970282572
244.48985837431991
244.92706297837663
244.52936550936209
239.54972391260009
239.67564536923902
239.22818182109486
239.71753551303692
240.16384876000251
240.03161582439574
240.46602117722836
239.98849321283151
239.17988388050762
239.49952248984334
239.00588640938452
239.06129751697998
239.25720790787059
239.09827348975500
239.11677398604965
239.57984730468738
239.54972391260006
239.22818182109484
239.67564536923902
239.71753551303686
239.25720790787051
239.57984730468738
239.11677398604962
239.09827348975494
239.17988388050765
239.06129751697989
239.00588640938449
239.49952248984329
240.16384876000251
239.98849321283160
240.46602117722838
240.03161582439577
234.82718146414996
234.96151276235679
234.48445081799071
235.00621451512910
235.48291276019717
235.34159587618794
235.80609944849175
235.29552569975507
234.43300588069135
234.77364480661109
234.24774872444783
234.30673237265160
234.51537268098926
234.34609918388253
234.36579797110031
234.85931096935701
234.82718146414996
234.48445081799068
234.96151276235676
235.00621451512902
234.51537268098920
234.85931096935713
234.36579797110028
234.34609918388244
234.43300588069133
234.30673237265151
234.24774872444786
234.77364480661103
235.48291276019717
235.29552569975519
235.80609944849186
235.34159587618782
230.05077714702608
230.19049019637515
229.69469491691837
230.23700129733331
230.73356289623047
230.58624961524615
231.07080175554347
230.53824416633032
229.64129321592773
229.99511888776465
229.44909273294502
229.51026949743525
229.72679889637254
229.55110917201972
229.57154770778260
230.08418628186155
230.05077714702608
229.69469491691828
230.19049019637507
230.23700129733317
229.72679889637251
230.08418628186161
229.57154770778251
229.55110917201972
229.64129321592770
229.51026949743525
229.44909273294499
229.99511888776459
230.73356289623047
230.53824416633029
231.07080175554356
230.58624961524620
225.38627359526117
225.52717142213555
225.02767596684600
225.57410147619848
226.07589205994864
225.92688409433094
226.41746046493174
225.87835241429462
224.97396000624474
225.33017426462465
224.78076566012106
224.84223540388243
225.05997681721428
224.88328282312855
224.90382897512865
225.41995595867814
225.38627359526117
225.02767596684598
225.52717142213547
225.57410147619845
225.05997681721431
225.41995595867812
224.90382897512862
224.88328282312855
224.97396000624477
224.84223540388240
224.78076566012106
225.33017426462462
226.07589205994867
225.87835241429471
226.41746046493188
225.92688409433092
221.03252945630385
221.16921723753779
220.68530958066327
221.21477730415901
221.70291549441140
221.55777288331990
222.03621599794965
221.51053437792987
220.63338075201736
220.97814704565297
220.44679438307668
220.50613090038433
220.71654623233090
220.54576982036397
220.56561575233664
221.06519212037981
221.03252945630385
220.68530958066322
221.16921723753777
221.21477730415896
220.71654623233090
221.06519212037986
220.56561575233656
220.54576982036397
220.63338075201736
220.50613090038428
220.44679438307674
220.97814704565292
221.70291549441134
221.51053437792987
222.03621599794971
221.55777288331993
217.21233212188761
217.33841546748332
216.89290335761561
217.38048255807468
217.83248259497498
217.69784170493966
218.14243291012838
217.65406527653258
216.84523747853379
217.16222117861247
216.67420058002395
216.72855262793979
216.92158919019531
216.76488234673866
216.78307764965541
217.24244366972738
217.21233212188761
216.89290335761555
217.33841546748334
217.38048255807468
216.92158919019528
217.24244366972738
216.78307764965535
216.76488234673866
216.84523747853379
216.72855262793973
216.67420058002398
217.16222117861241
217.83248259497498
217.65406527653258
218.14243291012838
217.69784170493961
214.15302302448407
214.26164124173221
213.87891356962132
214.29793360287226
214.68950791773284
214.57255968705019
214.95969481427110
214.53459135382158
213.83814432369911
214.10991938204404
213.69214593769806
213.73849152032855
213.90346587061117
213.76949550526038
213.78503125083699
214.17894199066387
214.15302302448404
213.87891356962132
214.26164124173218
214.29793360287223
213.90346587061111
214.17894199066387
213.78503125083699
213.76949550526035
213.83814432369908
213.73849152032852
213.69214593769809
214.10991938204398
214.68950791773287
214.53459135382158
214.95969481427116
214.57255968705019
212.05609895993740
212.14083403702540
211.84358523594827
212.16921130810144
212.47739900724272
212.38497532244855
212.69212395016808
212.35503785433903
211.81214306501511
212.02255454753464
211.69990674824777
211.73547331863315
211.86254151445411
211.75929854118903
211.77124672294059
212.07629219652804
212.05609895993740
211.84358523594827
212.14083403702537
212.16921130810141
211.86254151445405
212.07629219652804
211.77124672294059
211.75929854118903
211.81214306501511
211.73547331863313
211.69990674824783
212.02255454753461
212.47739900724278
212.35503785433912
212.69212395016808
212.38497532244855
211.05960045797121
211.11564561910376
210.92069950898377
211.13449636324941
211.34175257487820
211.27912244337165
211.48875673433059
211.25892133848214
210.90035705190553
211.03751593659763
210.82819756793330
210.85098630666985
210.93299033696931
210.86629260474345
210.87398078808579
211.07292317153193
211.05960045797121
210.92069950898377
211.11564561910376
211.13449636324938
210.93299033696928
211.07292317153193
210.87398078808579
210.86629260474342
210.90035705190553
210.85098630666985
210.82819756793333
211.03751593659760
211.34175257487820
211.25892133848220
211.48875673433059
211.27912244337162
211.20244164115442
211.22770377972822
211.14212023901155
211.23631331419878
211.33515943660478
211.30484512189190
211.40834401937565
211.29518349676809
211.13357637095146
211.19262831252223
211.10390879460525
211.11316807035112
211.14731966247862
211.11944478852445
211.12261474476475
211.20840066426376
211.20244164115442
211.14212023901152
211.22770377972819
211.23631331419881
211.14731966247865
211.20840066426376
211.12261474476477
211.11944478852445
211.13357637095143
211.11316807035115
211.10390879460527
211.19262831252223
211.33515943660478
211.29518349676809
211.40834401937562
211.30484512189196
212.40807618104355
212.40381572174732
212.42270455982401
212.40258316871888
212.39524035358508
212.39630550920489
212.39636159550028
212.39685598975558
212.42536324885407
212.41000621265161
212.43593090919697
212.43239793399161
212.42116441585463
212.43012737852948
212.42901752497798
212.40698131219924
212.40807618104353
212.42270455982404
212.40381572174732
212.40258316871882
212.42116441585461
212.40698131219924
212.42901752497801
212.43012737852951
212.42536324885410
212.43239793399158
212.43593090919700
212.41000621265161
212.39524035358508
212.39685598975555
212.39636159550020
212.39630550920489
214.48859811520137
214.45916663401098
214.56674135282279
214.44952351749751
214.35143353233553
214.37960112910676
214.28994509227070
214.38895080586332
214.57884572066789
214.50051657062656
214.62323632246100
214.60896714210611
214.55951261881344
214.59951407160526
214.59480506102065
214.48149693068984
214.48859811520137
214.56674135282276
214.45916663401101
214.44952351749748
214.55951261881347
214.48149693068984
214.59480506102068
214.59951407160526
214.57884572066789
214.60896714210608
214.62323632246100
214.50051657062656
214.35143353233553
214.38895080586335
214.28994509227067
214.37960112910676
217.18374772273665
217.13546723355984
217.30915084907443
217.11951072163342
216.95281270841602
217.00156463158442
216.84346477114642
217.01758006688621
217.32824675613583
217.20312696932729
217.39759511012923
217.37541682705057
217.29770693860868
217.36066578861539
217.35329991829951
217.17215498888652
217.18374772273665
217.30915084907440
217.13546723355984
217.11951072163345
217.29770693860871
217.17215498888649
217.35329991829957
217.36066578861536
217.32824675613585
217.37541682705054
217.39759511012920
217.20312696932729
216.95281270841602
217.01758006688621
216.84346477114642
217.00156463158439
220.21527894643941
220.15467954730408
220.37144183814740
220.13458994290968
219.92273689696779
219.98508452822455
219.78160896579035
220.00549358718669
220.39507402162479
220.23952593308857
220.48058856038955
220.45329161927756
220.35726133740209
220.43510957122561
220.42602240133692
220.20075348866544
220.21527894643941
220.37144183814749
220.15467954730408
220.13458994290968
220.35726133740218
220.20075348866547
220.42602240133701
220.43510957122567
220.39507402162479
220.45329161927765
220.48058856038949
220.23952593308857
219.92273689696779
220.00549358718663
219.78160896579030
219.98508452822458
223.34464868528809
223.27658648426689
223.51962291462189
223.25400088117243
223.01508677988497
223.08554709652876
222.85508040526398
223.10858365965555
223.54605384770230
223.37185486172524
223.64160147257149
223.61111739432468
223.50375731323868
223.59080451916853
223.58064995437607
223.32834327207934
223.34464868528812
223.51962291462186
223.27658648426691
223.25400088117246
223.50375731323868
223.32834327207934
223.58064995437607
223.59080451916856
223.54605384770230
223.61111739432471
223.64160147257144
223.37185486172527
223.01508677988497
223.10858365965555
222.85508040526392
223.08554709652879
226.41540363078079
226.34172398143403
226.60507142976323
226.31728533152247
226.05906025321735
226.13516575866410
225.88635318712699
226.16005630442879
226.63375626387332
226.44486985201132
226.73753314013803
226.70440938952345
226.58785741436503
226.68234503062925
226.67131708661481
226.39774778516627
226.41540363078079
226.60507142976320
226.34172398143403
226.31728533152244
226.58785741436503
226.39774778516622
226.67131708661486
226.68234503062925
226.63375626387327
226.70440938952348
226.73753314013797
226.44486985201135
226.05906025321732
226.16005630442879
225.88635318712699
226.13516575866402
229.36206966562227
229.28168511324884
229.56963033951206
229.25505314655987
228.97459000654834
229.05707135934406
228.78796640221290
229.08407950446798
229.60109986677566
229.39425602866476
229.71512167288085
229.67869904144166
229.55075506097802
229.65445222876298
229.64233798399590
229.34279451719581
229.36206966562227
229.56963033951209
229.28168511324878
229.25505314655987
229.55075506097802
229.34279451719581
229.64233798399590
229.65445222876298
229.60109986677566
229.67869904144169
229.71512167288085
229.39425602866481
228.97459000654828
229.08407950446795
228.78796640221287
229.05707135934406
232.17180304770989
232.08245958376031
232.40316134015220
232.05289202906337
231.74253024704288
231.83360825688268
231.53708198450303
231.86346736322756
232.43832036100380
232.20761751418618
232.56588409111114
232.52510633184301
232.38208323303624
232.49797548350810
232.48442489343560
232.15036631293421
232.17180304770989
232.40316134015220
232.08245958376031
232.05289202906334
232.38208323303630
232.15036631293424
232.48442489343560
232.49797548350818
232.43832036100378
232.52510633184309
232.56588409111117
232.20761751418624
231.74253024704294
231.86346736322756
231.53708198450298
231.83360825688268
234.84019506650594
234.73933960061993
235.10200059068467
234.70599353174654
234.35695241764031
234.45919029495420
234.12694431252666
234.49274325254717
235.14186398193590
234.88066351877242
235.28666029791637
235.24034624303383
235.07811174325039
235.20954619605166
235.19416732650078
234.81598336025553
234.84019506650594
235.10200059068467
234.73933960061987
234.70599353174651
235.07811174325047
234.81598336025550
235.19416732650092
235.20954619605166
235.14186398193596
235.24034624303383
235.28666029791634
234.88066351877251
234.35695241764031
234.49274325254711
234.12694431252666
234.45919029495425
237.36325284137448
237.24806644842431
237.66283089790002
237.21001038350980
236.81256321341391
236.92880480724762
236.55161853931216
236.96698598008450
237.70851455825502
237.40950697313974
237.87459684084629
237.82145002941732
237.63546262085336
237.78611856933694
237.76848090057254
237.33558923778639
237.36325284137448
237.66283089790011
237.24806644842428
237.21001038350985
237.63546262085339
237.33558923778637
237.76848090057263
237.78611856933696
237.70851455825505
237.82145002941738
237.87459684084624
237.40950697313983
236.81256321341391
236.96698598008444
236.55161853931213
236.92880480724762
239.73754739542196
239.60496437786477
240.08284397110569
239.56118431923741
239.10471363358164
239.23806874088930
238.80584256006327
239.28189887243309
240.13555575518296
239.79081672861378
240.32730565628279
240.26592561028664
240.05127214358401
240.22513083613742
240.20476890011304
239.70569611272427
239.73754739542196
240.08284397110577
239.60496437786477
239.56118431923744
240.05127214358407
239.70569611272424
240.20476890011309
240.22513083613745
240.13555575518296
240.26592561028679
240.32730565628273
239.79081672861378
239.10471363358161
239.28189887243306
238.80584256006321
239.23806874088936
241.96043854473464
241.80717517489686
242.35993946553214
241.75658381348777
241.22966868707479
241.38348922358702
240.88531653580668
241.43406730107228
242.42096609728867
242.02203851750127
242.64304431258469
242.57194256957126
242.32339228013993
242.52469340703021
242.50111199201967
241.92361196854375
241.96043854473464
242.35993946553219
241.80717517489680
241.75658381348779
242.32339228014001
241.92361196854370
242.50111199201976
242.52469340703024
242.42096609728867
242.57194256957132
242.64304431258466
242.02203851750133
241.22966868707479
241.43406730107222
240.88531653580668
241.38348922358705
244.03030275899144
243.85289640569476
244.49292540616858
243.79434573347947
243.18488385922970
243.36273000681993
242.78700131068717
243.42122180302385
244.56361516107873
244.10161861609666
244.82089673153220
244.73851784232522
244.45059364340332
244.68377785040337
244.65645884753616
243.98767096871146
244.03030275899141
244.49292540616867
243.85289640569474
243.79434573347953
244.45059364340338
243.98767096871143
244.65645884753619
244.68377785040335
244.56361516107876
244.73851784232531
244.82089673153217
244.10161861609674
243.18488385922964
243.42122180302380
242.78700131068717
243.36273000681996
245.94675400701323
245.74161312687949
246.48171072036305
245.67391063309620
244.96927754096777
245.17487310313544
244.50941476933176
245.24249615901675
246.56345179124008
246.02922032184327
246.86094573455739
246.76569327066170
246.43276060964260
246.70239778150940
246.67080869593082
245.89745691356185
245.94675400701317
246.48171072036305
245.74161312687951
245.67391063309620
246.43276060964266
245.89745691356185
246.67080869593090
246.70239778150940
246.56345179124008
246.76569327066173
246.86094573455730
246.02922032184338
244.96927754096777
245.24249615901667
244.50941476933173
245.17487310313550
247.71084634371573
247.47431153120573
248.32747951929917
247.39624007021624
246.58348708960256
246.82066345606816
246.05291354411639
246.89866833045352
248.42167413253253
247.80592212456853
248.76442779474004
248.65469521542795
248.27106815494736
248.58177172065155
248.54537580799200
247.65400847528176
247.71084634371576
248.32747951929917
247.47431153120579
247.39624007021621
248.27106815494739
247.65400847528170
248.54537580799209
248.58177172065160
248.42167413253259
248.65469521542806
248.76442779474002
247.80592212456864
246.58348708960261
246.89866833045343
246.05291354411622
246.82066345606816
249.32524616430274
249.05366208905542
250.03283613410395
248.96400339335406
248.03009497364096
248.30272334657525
247.41994608453342
248.39237104889594
250.14087066328224
249.43438565239813
250.53385986798131
250.40806587164701
249.96812930859113
250.32445742147149
250.28272533774006
249.25999404644793
249.32524616430277
250.03283613410400
249.05366208905548
248.96400339335409
249.96812930859116
249.25999404644790
250.28272533774015
250.32445742147152
250.14087066328224
250.40806587164701
250.53385986798122
249.43438565239836
248.03009497364093
248.39237104889577
247.41994608453334
248.30272334657525
250.79436172680550
250.48415932030878
251.60190981852116
250.38172098310210
249.31381059761065
249.62572250484843
248.61526196049203
249.72825815570209
251.72512135337035
250.91898118699797
252.17312821466834
252.02975594323860
251.52810201018460
251.93444715658308
251.88686992615206
250.71984368913380
250.79436172680550
251.60190981852128
250.48415932030881
250.38172098310213
251.52810201018465
250.71984368913374
251.88686992615223
251.93444715658308
251.72512135337044
252.02975594323868
252.17312821466828
250.91898118699814
249.31381059761065
249.72825815570201
248.61526196049203
249.62572250484845
252.12441779982811
251.77220546482059
253.04040854605444
251.65585102464144
250.44159297717883
250.79648963387299
249.64606144778327
250.91311257850398
253.18004861760633
252.26585884423127
253.68752976976231
253.52516895067191
252.95674465326260
253.41721404538561
253.36331705754415
252.03982589910666
252.12441779982814
253.04040854605455
251.77220546482064
251.65585102464144
252.95674465326263
252.03982589910660
253.36331705754429
253.41721404538566
253.18004861760630
253.52516895067203
253.68752976976225
252.26585884423147
250.44159297717877
250.91311257850381
249.64606144778321
250.79648963387299
253.32346421340276
252.92612610781046
254.35561251385391
252.79480762797519
251.42269957057465
251.82405138314095
250.52206908548706
251.95588222430845
254.51280894920325
253.48295448587041
255.08375791590888
254.90114871950931
254.26141076330489
254.77970076617495
254.71905840739637
253.22805779032709
253.32346421340273
254.35561251385411
252.92612610781040
252.79480762797525
254.26141076330492
253.22805779032700
254.71905840739649
254.77970076617498
254.51280894920328
254.90114871950937
255.08375791590871
253.48295448587058
251.42269957057459
251.95588222430825
250.52206908548695
251.82405138314095
254.40130877994486
253.95610738342521
255.55629986972536
253.80889963432645
252.26864748173648
252.71958592569851
251.25551526748617
252.86763124655724
255.73201804198433
254.57992115996137
256.36982648144806
256.16590355606775
255.45097514878930
256.03024394441223
255.96249436513779
254.29443896671154
254.40130877994491
255.55629986972542
253.95610738342535
253.80889963432651
255.45097514878941
254.29443896671145
255.96249436513801
256.03024394441229
255.73201804198436
256.16590355606780
256.36982648144789
254.57992115996160
252.26864748173642
252.86763124655710
251.25551526748612
252.71958592569854
255.36936761999667
254.87404686858568
256.65259983901518
254.71018190452932
252.99307521493469
253.49628043158734
251.86101140542448
253.66139633532956
256.84760487063625
255.56797945993796
257.55492841746860
257.32886326275707
256.53568652235032
257.17843016212885
257.10328957113393
255.25050189911860
255.36936761999672
256.65259983901529
254.87404686858571
254.71018190452938
256.53568652235043
255.25050189911852
257.10328957113416
257.17843016212896
256.84760487063625
257.32886326275718
257.55492841746843
255.56797945993807
252.99307521493463
253.66139633532941
251.86101140542425
253.49628043158739
256.24042945885736
255.69331381383549
257.65577184444413
255.51221441556299
253.61149647641435
254.16908514249613
252.35530719443173
254.35194111700935
257.87059358447681
256.45968371604874
258.64922885872113
258.40046844396289
257.52694502197477
258.23488286121966
258.15215864893440
256.10917515987825
256.24042945885736
257.65577184444425
255.69331381383554
255.51221441556299
257.52694502197488
256.10917515987819
258.15215864893469
258.23488286121977
257.87059358447681
258.40046844396301
258.64922885872096
256.45968371604897
253.61149647641420
254.35194111700903
252.35530719443162
254.16908514249627
257.02833496161662
256.42841898182223
258.57791331275769
256.22972915137643
254.14094240593050
254.75436160368261
252.75692337645987
254.95540658334824
258.81281610090258
257.26860537958862
259.66359603234952
259.39189540206189
258.43700720392525
259.21098332029749
259.12058524939323
256.88446039977396
257.02833496161662
258.57791331275786
256.42841898182229
256.22972915137643
258.43700720392542
256.88446039977384
259.12058524939351
259.21098332029760
258.81281610090258
259.39189540206206
259.66359603234935
257.26860537958896
254.14094240593059
254.95540658334801
252.75692337645955
254.75436160368270
257.74757751289968
257.09459997032974
259.43160346800869
256.87821046640630
254.59949511254132
255.26942888863462
253.08566027833865
255.48886167526155
259.68656277589957
258.00894018909685
260.60927754977422
260.31472412916355
259.27862575350042
260.11853318018922
260.02048186325845
257.59102935634775
257.74757751289974
259.43160346800897
257.09459997032980
256.87821046640641
259.27862575350065
257.59102935634758
260.02048186325879
260.11853318018933
259.68656277589957
260.31472412916372
260.60927754977405
258.00894018909719
254.59949511254129
255.48886167526132
253.08566027833831
255.26942888863462
258.41283770552258
257.70733417144891
260.22949521063185
257.47340101304110
255.00572322941261
255.73201908131119
253.36199112060115
255.96976543938277
260.50418317189252
258.69505139925406
261.49753370599734
261.18056116367023
260.06463605356498
260.96937037415211
260.86380229890392
258.24375314009370
258.41283770552258
260.22949521063202
257.70733417144902
257.47340101304121
260.06463605356515
258.24375314009359
260.86380229890426
260.96937037415228
260.50418317189252
261.18056116367040
261.49753370599717
258.69505139925440
255.00572322941264
255.96976543938248
253.36199112060092
255.73201908131128
259.03846966378603
258.28179792155032
260.98387173293850
258.03075191032957
255.37803879287091
256.15966127065900
253.60635905096663
256.41535997008106
261.27765330870523
259.34096700281839
262.33924313328879
262.00063300334756
260.80750641550031
261.77495437742760
261.66212284917168
258.85718203494110
259.03846966378609
260.98387173293878
258.28179792155044
258.03075191032968
260.80750641550048
258.85718203494093
261.66212284917196
261.77495437742778
261.27765330870534
262.00063300334779
262.33924313328856
259.34096700281867
255.37803879287074
256.41535997008077
253.60635905096638
256.15966127065906
259.63796251913675
258.83229619967221
261.70618829469856
258.56484184377393
255.73400316723922
256.56902098684350
253.83840703619231
256.84202078745182
262.01812936205215
259.95985383266975
263.14449907757842
262.78536888986525
261.51887266951996
262.54593995262951
262.42621150368421
259.44499938490691
259.63796251913681
261.70618829469885
258.83229619967233
258.56484184377399
261.51887266952019
259.44499938490679
262.42621150368461
262.54593995262968
262.01812936205215
262.78536888986548
263.14449907757819
259.95985383267015
255.73400316723922
256.84202078745147
253.83840703619202
256.56902098684355
260.22340414125637
259.37169161650911
262.40662203471339
259.08879437942767
256.08961683659493
256.97522831363005
254.07617881180204
257.26459735687934
262.73551005071170
260.56349498948606
263.92221626404194
263.54399365306159
262.20908037213405
263.29176056236213
263.16560662014911
260.01947706357686
260.22340414125642
262.40662203471368
259.37169161650917
259.08879437942772
262.20908037213428
260.01947706357669
263.16560662014950
263.29176056236224
262.73551005071170
263.54399365306182
263.92221626404171
260.56349498948640
256.08961683659487
257.26459735687905
254.07617881180178
256.97522831363017
260.80497594031920
259.91086364210003
263.09365337372037
259.61372515688186
256.45863249624318
257.39123179270376
254.33533559104617
257.69578011170273
263.43803050493744
261.16179857074439
264.67976846494412
264.28415156923353
262.88675864826052
264.02024297110989
263.88822686263649
260.59096184911078
260.80497594031925
263.09365337372066
259.91086364210008
259.61372515688197
262.88675864826070
260.59096184911067
263.88822686263694
264.02024297111001
263.43803050493750
264.28415156923376
264.67976846494383
261.16179857074474
256.45863249624318
257.69578011170233
254.33533559104580
257.39123179270382
261.39050674896475
260.45822851152752
263.77370121242257
260.14825022761642
256.85193204113045
257.82721586096511
254.62843589157396
258.14553080424037
264.13190900037733
261.76236476449782
265.42267531968804
265.01158066575817
263.55844837103501
264.73727306808576
264.60003274156816
261.16742128706613
261.39050674896481
263.77370121242285
260.45822851152758
260.14825022761647
263.55844837103524
261.16742128706596
264.60003274156861
264.73727306808598
264.13190900037733
265.01158066575840
265.42267531968781
261.76236476449827
256.85193204113040
258.14553080424002
254.62843589157362
257.82721586096523
261.98511035813499
261.01934685459941
264.45083075725961
260.69808343480128
257.27700525490593
258.29011652897356
254.96432384268817
258.62060991268027
264.82106459832954
262.37013493167581
266.15435374718828
265.72985364652988
264.22830399663178
265.44652965563449
265.30475678928025
261.75407419507496
261.98511035813505
264.45083075725989
261.01934685459952
260.69808343480139
264.22830399663195
261.75407419507479
265.30475678928065
265.44652965563472
264.82106459832960
265.72985364653010
266.15435374718800
262.37013493167620
257.27700525490587
258.62060991267987
254.96432384268783
258.29011652897367
262.59092550640963
261.59664008589999
265.12654771674232
261.26574464806527
257.73756135397906
258.78326348140223
255.34766459400203
259.12422835301140
265.50691875411474
262.98714062578665
266.87594472228892
266.44019691179437
264.89788321586900
266.14929815930032
266.00371457299144
262.35312513064775
262.59092550640969
265.12654771674266
261.59664008590011
261.26574464806538
264.89788321586923
262.35312513064764
266.00371457299190
266.14929815930049
265.50691875411474
266.44019691179466
266.87594472228864
262.98714062578716
257.73756135397900
259.12422835301101
255.34766459400163
258.78326348140234
263.20696964543311
262.18922863689562
265.79968633774848
261.85039255319657
258.23329477585139
259.30616749197418
255.77865466878782
259.65584161523407
266.18828785884995
263.61236321184901
267.58622071680770
267.14139347788586
265.56603220401166
266.84437041498518
266.69570287963029
262.96361455215674
263.20696964543316
265.79968633774888
262.18922863689568
261.85039255319663
265.56603220401189
262.96361455215657
266.69570287963069
266.84437041498535
266.18828785885000
267.14139347788608
267.58622071680742
263.61236321184947
258.23329477585133
259.65584161523361
255.77865466878742
259.30616749197429
263.82910945179202
262.79289612075809
266.46639191920622
262.44778648813661
258.75981493716642
259.85446113244893
256.25292167343378
260.21109377119706
266.86136706184635
264.24170664221589
268.28157322606268
267.82976949303014
266.22886728780054
267.52803042318425
267.37698506257897
263.58138790013015
263.82910945179202
266.46639191920656
262.79289612075820
262.44778648813673
266.22886728780077
263.58138790012998
267.37698506257948
267.52803042318442
266.86136706184641
267.82976949303037
268.28157322606233
264.24170664221634
258.75981493716631
260.21109377119666
256.25292167343338
259.85446113244905
264.45014255315584
263.40017432986866
267.12019151727139
263.05037238811036
259.30873744513173
260.41998940039582
256.76161333908925
260.78190772609281
267.51979901326024
264.86807770767081
268.95607382645721
268.49925784441859
266.87984679312729
268.19411960483848
268.04135710646534
264.19917816245277
264.45014255315590
267.12019151727179
263.40017432986878
263.05037238811047
266.87984679312751
264.19917816245254
268.04135710646580
268.19411960483870
267.51979901326030
268.49925784441888
268.95607382645693
264.86807770767126
259.30873744513167
260.78190772609236
256.76161333908885
260.41998940039593
265.05997643350156
264.00053484020088
267.75213944083720
263.64747855927283
259.86792223204998
260.99103573735016
257.29166165382327
261.35670720017379
268.15481423624772
265.48155981457666
269.60159589802703
269.14152585091813
267.50991960753555
268.83416846222883
268.68028126860355
264.80678783934133
265.05997643350167
267.75213944083754
264.00053484020100
263.64747855927294
267.50991960753583
264.80678783934115
268.68028126860412
268.83416846222900
268.15481423624777
269.14152585091836
269.60159589802674
265.48155981457717
259.86792223204998
261.35670720017339
257.29166165382287
260.99103573735027
265.64588069612432
264.58066273980927
268.35101537216366
264.22559657698446
260.42183155255771
261.55265707108009
257.82619348723307
261.92074430216553
268.75542120697583
266.06965672881836
270.20797595476074
269.74614571120333
268.10772814525086
269.43757313131232
269.28306569137936
265.39134632906450
265.64588069612444
268.35101537216406
264.58066273980938
264.22559657698457
268.10772814525109
265.39134632906439
269.28306569137987
269.43757313131249
268.75542120697588
269.74614571120350
270.20797595476040
266.06965672881881
260.42183155255765
261.92074430216508
257.82619348723262
261.55265707108020
266.19277304942659
265.12477189330855
268.90353776347786
264.76870639609228
260.95196323898534
262.08708441599293
258.34504036375989
262.45648959159075
269.30860911900794
266.61756702224625
270.76317869600916
270.30077146470074
268.65982816769571
269.99178034223667
269.83705338094751
265.93760287442967
266.19277304942659
268.90353776347814
265.12477189330872
264.76870639609240
268.65982816769593
265.93760287442950
269.83705338094791
269.99178034223684
269.30860911900794
270.30077146470097
270.76317869600888
266.61756702224670
260.95196323898529
262.45648959159035
258.34504036375949
262.08708441599305
266.68346290124646
265.61488449062784
269.39451914687623
265.25856803492354
261.43727717664370
262.57410835375538
258.82526203945872
262.94400438493875
269.79949036540177
267.10841355098859
271.25339420509954
270.79125045349895
269.15085185678151
270.48240848107116
270.32774809675180
266.42817868695641
266.68346290124651
269.39451914687646
265.61488449062790
265.25856803492366
269.15085185678174
266.42817868695624
270.32774809675226
270.48240848107133
269.79949036540182
270.79125045349923
271.25339420509920
267.10841355098904
261.43727717664365
262.94400438493835
258.82526203945832
262.57410835375549
267.09866774163237
266.03088854261489
269.80678245991118
265.67479299248532
261.85442281979147
262.99125879621477
259.24148806461506
263.36110522301078
270.21120243749596
267.52324375296683
271.66288916214182
271.20149045850371
269.56343288583702
270.89312546485519
270.73869763372943
266.84359306489000
267.09866774163243
269.80678245991146
266.03088854261495
265.67479299248544
269.56343288583724
266.84359306488983
270.73869763372988
270.89312546485536
270.21120243749596
271.20149045850400
271.66288916214154
267.52324375296729
261.85442281979147
263.36110522301033
259.24148806461454
262.99125879621499
267.41618361688734
266.34975110666818
270.12022959374951
265.99407205637226
262.17713382414615
263.31314797164214
259.56543771746442
263.68269042406956
270.52396204736903
267.84018352727600
271.97301088181672
271.51247936825450
269.87728374744711
271.20467900649385
271.05052943867503
267.16144394737802
267.41618361688739
270.12022959374985
266.34975110666829
265.99407205637237
269.87728374744739
267.16144394737790
271.05052943867548
271.20467900649402
270.52396204736903
271.51247936825473
271.97301088181638
267.84018352727651
262.17713382414615
263.68269042406916
259.56543771746402
263.31314797164225
267.60478912726256
266.53944111535742
270.30571488342656
266.18410527269049
262.37026204884842
263.50546818853030
259.76005457633744
263.87472702877210
270.70893617358144
268.02833481701174
272.15605408175276
271.69615254508233
270.06307097826010
271.38876477592299
271.23481928870552
267.35031605916168
267.60478912726268
270.30571488342690
266.53944111535759
266.18410527269060
270.06307097826038
267.35031605916151
271.23481928870598
271.38876477592322
270.70893617358149
271.69615254508255
272.15605408175242
268.02833481701225
262.37026204884836
263.87472702877164
259.76005457633704
263.50546818853047
# pressure_hl
# rank
2
# size
32
91
# lbound
1
1
# entries
0.50173386701512634
0.49999235233118944
0.50619017394733079
0.49941345468026388
0.49325939208867275
0.49508011460849688
0.48910679780890831
0.49567434093005031
0.50686071590905712
0.50242873020315537
0.50927897487136176
0.50850841874670882
0.50578734019166116
0.50799445345679672
0.50773736546424497
0.50131707010891646
0.50173386701512601
0.50619017394733146
0.49999235233119010
0.49941345468026382
0.50578734019166183
0.50131707010891724
0.50773736546424508
0.50799445345679717
0.50686071590905724
0.50850841874670860
0.50927897487136164
0.50242873020315582
0.49325939208867275
0.49567434093005019
0.48910679780890726
0.49508011460849688
0.86229842133704759
0.85936291867805958
0.86980903134062326
0.85838708031636024
0.84801183018726201
0.85108169697432778
0.84100938819386406
0.85208355414120784
0.87093903692705799
0.86346962624347412
0.87501406082395505
0.87371563512993655
0.86913015607733257
0.87284955528167607
0.87241633105288774
0.86159588630552697
0.86229842133704715
0.86980903134062448
0.85936291867806069
0.85838708031636013
0.86913015607733368
0.86159588630552864
0.87241633105288796
0.87284955528167685
0.87093903692705810
0.87371563512993611
0.87501406082395494
0.86346962624347479
0.84801183018726201
0.85208355414120762
0.84100938819386217
0.85108169697432778
1.3508452040269086
1.3463238501945440
1.3624120277790566
1.3448207718504948
1.3288379306493860
1.3335673551710054
1.3180488464593592
1.3351107460903378
1.3641521537650407
1.3526490536775198
1.3704270564407581
1.3684277399844229
1.3613665900012639
1.3670941202024196
1.3664270176014026
1.3497631625673674
1.3508452040269079
1.3624120277790586
1.3463238501945458
1.3448207718504945
1.3613665900012657
1.3497631625673701
1.3664270176014028
1.3670941202024207
1.3641521537650410
1.3684277399844220
1.3704270564407579
1.3526490536775209
1.3288379306493860
1.3351107460903373
1.3180488464593563
1.3335673551710054
2.0341397279796367
2.0274404229339114
2.0512765965905828
2.0252132220712693
2.0015278655671547
2.0085370152686233
1.9855365285678612
2.0108242756325532
2.0538544717036196
2.0368123915349012
2.0631498376223494
2.0601882165905820
2.0497278266063637
2.0582126622853489
2.0572244392246581
2.0325364982980201
2.0341397279796358
2.0512765965905859
2.0274404229339140
2.0252132220712689
2.0497278266063659
2.0325364982980241
2.0572244392246586
2.0582126622853507
2.0538544717036200
2.0601882165905803
2.0631498376223494
2.0368123915349026
2.0015278655671547
2.0108242756325523
1.9855365285678570
2.0085370152686233
2.9770249195008773
2.9673722364437918
3.0017141870933388
2.9641630621499289
2.9300312427223432
2.9401324731704013
2.9069831724620911
2.9434286317933616
3.0054278663062814
2.9808756773502565
3.0188181100944225
3.0145519166137036
2.9994829969489705
3.0117060892597518
3.0102825164724738
2.9747149559482655
2.9770249195008760
3.0017141870933437
2.9673722364437962
2.9641630621499280
2.9994829969489740
2.9747149559482713
3.0102825164724742
3.0117060892597540
3.0054278663062814
3.0145519166137009
3.0188181100944225
2.9808756773502578
2.9300312427223432
2.9434286317933602
2.9069831724620849
2.9401324731704013
4.2578713364684786
4.2442737784670630
4.2926474898866207
4.2397529185898923
4.1916655990204532
4.2058978441327524
4.1591888475543204
4.2105418374886172
4.2978780133827188
4.2632956339759867
4.3167366256880442
4.3107283286352169
4.2895049257275941
4.3067203306094379
4.3047153808496006
4.2546173966036092
4.2578713364684768
4.2926474898866287
4.2442737784670692
4.2397529185898915
4.2895049257275994
4.2546173966036172
4.3047153808496015
4.3067203306094415
4.2978780133827188
4.3107283286352134
4.3167366256880442
4.2632956339759884
4.1916655990204532
4.2105418374886163
4.1591888475543115
4.2058978441327524
5.9716236065287349
5.9528334128533205
6.0196759087617968
5.9465859230880973
5.8801265204483277
5.8997974992791713
5.8352352188151073
5.9062159354871442
6.0269027211286854
5.9791190785553034
6.0529578215277970
6.0446569344763974
6.0153338844135638
6.0391195034893386
6.0363494448638919
5.9671271357174547
5.9716236065287323
6.0196759087618075
5.9528334128533302
5.9465859230880964
6.0153338844135718
5.9671271357174662
6.0363494448638937
6.0391195034893439
6.0269027211286863
6.0446569344763921
6.0529578215277970
5.9791190785553061
5.8801265204483277
5.9062159354871433
5.8352352188150949
5.8997974992791713
8.2322904806500290
8.2067581072980502
8.2975792129169026
8.1982686684774766
8.1079517178047080
8.1346857357598861
8.0469368357623807
8.1434084828471960
8.3073976249038353
8.2424750992629026
8.3427948733333395
8.3315179191005306
8.2916800159237098
8.3239950588778804
8.3202317657759881
8.2261807226277952
8.2322904806500254
8.2975792129169168
8.2067581072980627
8.1982686684774748
8.2916800159237205
8.2261807226278112
8.3202317657759899
8.3239950588778875
8.3073976249038370
8.3315179191005253
8.3427948733333395
8.2424750992629061
8.1079517178047080
8.1434084828471942
8.0469368357623630
8.1346857357598861
11.175371338181190
11.141194979456181
11.262756703987133
11.129831105096235
11.008923343468851
11.044714302562399
10.927231543313773
11.056391775333218
11.275897256141116
11.189003537297143
11.323269616049863
11.308177909235988
11.254861358658914
11.298110064149588
11.293073599655964
11.167193259339982
11.175371338181186
11.262756703987153
11.141194979456197
11.129831105096232
11.254861358658930
11.167193259340005
11.293073599655965
11.298110064149599
11.275897256141119
11.308177909235981
11.323269616049863
11.189003537297149
11.008923343468851
11.056391775333214
10.927231543313750
11.044714302562401
14.960295835703748
14.915165993835652
15.075679512646479
14.900159590437369
14.740483493526119
14.787753101141007
14.632584105331158
14.803175243403061
15.093029239141394
14.978296610102804
15.155573587268956
15.135648836245702
15.065255001183713
15.122356610952295
15.115707081300036
14.949496864702274
14.960295835703743
15.075679512646506
14.915165993835672
14.900159590437363
15.065255001183735
14.949496864702304
15.115707081300039
15.122356610952309
15.093029239141398
15.135648836245693
15.155573587268956
14.978296610102811
14.740483493526119
14.803175243403055
14.632584105331127
14.787753101141011
19.772889118087779
19.714028068338738
19.923368853265405
19.694455298002058
19.486174541117634
19.547835871898975
19.345414311701976
19.567952884801134
19.945994506168741
19.796366158003607
20.027555307692392
20.001572966088940
19.909774158854948
19.984239343649332
19.975568001478159
19.758804664163975
19.772889118087772
19.923368853265440
19.714028068338763
19.694455298002051
19.909774158854976
19.758804664164014
19.975568001478162
19.984239343649350
19.945994506168745
20.001572966088929
20.027555307692392
19.796366158003618
19.486174541117634
19.567952884801130
19.345414311701933
19.547835871898979
25.827865154716246
25.751961009463603
26.021903169976429
25.726720356617495
25.458106167721951
25.537632881917730
25.276551098416025
25.563577797785840
26.051076520182161
25.858139134771214
26.156236990420176
26.122737223556975
26.004374072150075
26.100388192467861
26.089207744139060
25.809702833588162
25.827865154716239
26.021903169976468
25.751961009463635
25.726720356617484
26.004374072150110
25.809702833588215
26.089207744139063
26.100388192467879
26.051076520182161
26.122737223556964
26.156236990420172
25.858139134771225
25.458106167721951
25.563577797785840
25.276551098415968
25.537632881917734
33.371355000218088
33.274489900185941
33.618961424351681
33.242278286070125
32.899455043245872
33.000956746105174
32.667718220084673
33.034070006450776
33.656186823527186
33.409988211561441
33.790368243653951
33.747624296800915
33.596593936010755
33.719107745016075
33.704841791062805
33.348177454454820
33.371355000218081
33.618961424351731
33.274489900185984
33.242278286070110
33.596593936010798
33.348177454454891
33.704841791062812
33.719107745016096
33.656186823527186
33.747624296800907
33.790368243653951
33.409988211561455
32.899455043245872
33.034070006450776
32.667718220084602
33.000956746105182
42.683486622268603
42.561058358176979
42.996419745241774
42.520345072072715
42.087012708271573
42.215317168018082
41.794066499331883
42.257173440540001
43.043464220416439
42.732314226665395
43.213034390081688
43.159018044793036
42.968152028355824
43.122980711752348
43.104952216018894
42.654192769137033
42.683486622268589
42.996419745241830
42.561058358177036
42.520345072072693
42.968152028355881
42.654192769137126
43.104952216018901
43.122980711752376
43.043464220416439
43.159018044793029
43.213034390081695
42.732314226665416
42.087012708271573
42.257173440540001
41.794066499331798
42.215317168018089
54.081046018307184
53.927682100849353
54.473031895658373
53.876680222338955
53.333809997613969
53.494553235325405
52.966780320129075
53.546990801417543
54.531958158733040
54.142210316957801
54.744350368295372
54.676694045545716
54.437624426215407
54.631556238236115
54.608974878765217
54.044350489748524
54.081046018307170
54.473031895658444
53.927682100849417
53.876680222338933
54.437624426215478
54.044350489748645
54.608974878765231
54.631556238236158
54.531958158733040
54.676694045545716
54.744350368295372
54.142210316957829
53.333809997613969
53.546990801417543
52.966780320128969
53.494553235325419
67.920264827205713
67.729727668062168
68.407239674975358
67.666362536686393
66.991861489663961
67.191587122791063
66.535801012344237
67.256740287479246
68.480442567109904
67.996253079005271
68.744286969614848
68.660241879810954
68.363253345101427
68.604169553141631
68.576117755000197
67.874675281518648
67.920264827205699
68.407239674975443
67.729727668062239
67.666362536686364
68.363253345101512
67.874675281518805
68.576117755000212
68.604169553141688
68.480442567109890
68.660241879810954
68.744286969614848
67.996253079005299
66.991861489663961
67.256740287479246
66.535801012344109
67.191587122791077
84.599797204168297
84.364878635433683
85.200177142726389
84.286752779604015
83.455090639783094
83.701360312592442
82.892726759562251
83.781695436406736
85.290424202289998
84.693483702060362
85.615694074912668
85.512083620430161
85.145948886591384
85.442957292617976
85.408374678060582
84.543589084706596
84.599797204168269
85.200177142726488
84.364878635433769
84.286752779603972
85.145948886591484
84.543589084706781
85.408374678060611
85.442957292618061
85.290424202289969
85.512083620430161
85.615694074912668
84.693483702060391
83.455090639783094
83.781695436406736
82.892726759562080
83.701360312592470
104.56396828636876
104.27637111753771
105.29895234825358
104.18072487921830
103.16251536531669
103.46403264730576
102.47396755302151
103.56238857863200
105.40942939580331
104.67866161152294
105.80760552037282
105.68077292027328
105.23256775543497
105.59615273664576
105.55381864937506
104.49515647603819
104.56396828636872
105.29895234825369
104.27637111753781
104.18072487921826
105.23256775543510
104.49515647603842
105.55381864937509
105.59615273664586
105.40942939580329
105.68077292027328
105.80760552037280
104.67866161152297
103.16251536531669
103.56238857863200
102.47396755302130
103.46403264730580
128.30639824434846
127.95660191813822
129.20031220000988
127.84026879809791
126.60179498685653
126.96854578127039
125.76425459445160
127.08817968382279
129.33467508116755
128.44589487280223
129.81893236740629
129.66468118881883
129.11957443145903
129.56176725738788
129.51028092265224
128.22270491189559
128.30639824434840
129.20031220001002
127.95660191813833
127.84026879809787
129.11957443145920
128.22270491189587
129.51028092265227
129.56176725738800
129.33467508116752
129.66468118881883
129.81893236740626
128.44589487280226
126.60179498685653
127.08817968382279
125.76425459445134
126.96854578127045
156.37413000081801
155.95123663926853
157.45482053472972
155.81059213222196
154.31326287913640
154.75667618092663
153.30062669074260
154.90131601161730
157.61725446062016
156.54277574491871
158.20267601564873
158.01620195179635
157.35721467711787
157.89178884437695
157.82954661187094
156.27294775048532
156.37413000081796
157.45482053472989
155.95123663926867
155.81059213222190
157.35721467711807
156.27294775048566
157.82954661187100
157.89178884437712
157.61725446062010
158.01620195179635
158.20267601564868
156.54277574491874
154.31326287913640
154.90131601161730
153.30062669074229
154.75667618092669
189.37241573939994
188.86397194011190
190.67170690436382
188.69487431996458
186.89459544477333
187.42772925108790
185.67704206597301
187.60163445870688
190.86699519114896
189.57517687879161
191.57082034699889
191.34663216447453
190.55435868136911
191.19705619900759
191.12222517650960
189.25076495233492
189.37241573939988
190.67170690436402
188.86397194011207
188.69487431996450
190.55435868136937
189.25076495233529
191.12222517650966
191.19705619900779
190.86699519114890
191.34663216447453
191.57082034699880
189.57517687879164
186.89459544477336
187.60163445870688
185.67704206597264
187.42772925108795
227.97034810757390
227.36213671730630
229.52457489887311
227.15985785697413
225.00629783562582
225.64405618236299
223.54979336002097
225.85208858028454
229.75817934829990
228.21289451734884
230.60009375159959
230.33192082136924
229.38420239364990
230.15299840255608
230.06348561900413
227.82482709199471
227.97034810757384
229.52457489887337
227.36213671730650
227.15985785697401
229.38420239365021
227.82482709199513
230.06348561900415
230.15299840255634
229.75817934829982
230.33192082136924
230.60009375159945
228.21289451734890
225.00629783562587
225.85208858028454
223.54979336002054
225.64405618236307
272.90755759939969
272.18335230732805
274.75819505524839
271.94249615825692
269.37822121132950
270.13760973874264
267.64393736184945
270.38531697248749
275.03635075713458
273.19636073690191
276.03882857470097
275.71951177913354
274.59105177483571
275.50646665999636
275.39988268952209
272.73428383464790
272.90755759939964
274.75819505524868
272.18335230732828
271.94249615825680
274.59105177483610
272.73428383464841
275.39988268952214
275.50646665999665
275.03635075713447
275.71951177913354
276.03882857470080
273.19636073690197
269.37822121132956
270.38531697248749
267.64393736184894
270.13760973874275
325.00223932231887
324.14351321237763
327.19664994267720
323.85791900420537
320.81736651094951
321.71779571681088
318.76099047469324
322.01151032169963
327.52647794367795
325.34468861525880
328.71518863795501
328.33655068007505
326.99845715699138
328.08392749673732
327.95754322011692
324.79677967381673
325.00223932231881
327.19664994267754
324.14351321237791
323.85791900420526
326.99845715699183
324.79677967381730
327.95754322011703
328.08392749673766
327.52647794367783
328.33655068007505
328.71518863795484
325.34468861525886
320.81736651094957
322.01151032169963
318.76099047469262
321.71779571681100
385.16082180476326
384.14639890304738
387.75314950077376
383.80902542647323
380.21727723651873
381.28092474127624
377.78818750567922
381.62788249424881
388.14279160405221
385.56536382489037
389.54708670085296
389.09977689438097
387.51901529663178
388.80133769519250
388.65203255972978
384.91810908272134
385.16082180476320
387.75314950077416
384.14639890304773
383.80902542647311
387.51901529663229
384.91810908272191
388.65203255972989
388.80133769519296
388.14279160405209
389.09977689438097
389.54708670085273
385.56536382489043
380.21727723651878
381.62788249424881
377.78818750567848
381.28092474127635
454.38964947088283
453.19528571857762
457.44189497450748
452.79807219084455
448.56938029934514
449.82162612759112
445.70965676338488
450.23010827449019
457.90067595194671
454.86595532012933
459.55417490435627
459.02748234774145
457.16621685493493
458.67608205510447
458.50028180277928
454.10388208102489
454.38964947088277
457.44189497450793
453.19528571857802
452.79807219084444
457.16621685493550
454.10388208102557
458.50028180277940
458.67608205510504
457.90067595194660
459.02748234774145
459.55417490435599
454.86595532012939
448.56938029934520
450.23010827449019
445.70965676338403
449.82162612759123
533.80912070060924
532.40699755479704
537.39244169047811
531.94069549734013
526.97670127485753
528.44665347427906
523.61993030311874
528.92615849982360
537.93106545019339
534.36828832868491
539.87236426857044
539.25399184822936
537.06878879296494
538.84142762058138
538.63502896912348
533.47364136127635
533.80912070060913
537.39244169047868
532.40699755479750
531.94069549734002
537.06878879296562
533.47364136127715
538.63502896912371
538.84142762058207
537.93106545019327
539.25399184822936
539.87236426857010
534.36828832868491
526.97670127485765
528.92615849982360
523.61993030311771
528.44665347427917
624.67080649749039
623.02891637549385
628.86709598424500
622.48288561225866
616.67045986534833
618.39159187688654
612.74028586168947
618.95304382467407
629.49788379479105
625.32560626585143
631.77141575721726
631.04720562268778
628.48806605659502
630.56403388387787
630.32231304568950
624.27795504163669
624.67080649749028
628.86709598424557
623.02891637549430
622.48288561225854
628.48806605659581
624.27795504163760
630.32231304568984
630.56403388387866
629.49788379479082
631.04720562268790
631.77141575721680
625.32560626585143
616.67045986534856
618.95304382467407
612.74028586168833
618.39159187688665
728.37817123491777
726.45956913305270
733.28198035816411
725.82152939954062
719.03014349615626
721.04106969999634
714.43850707602303
721.69707169091384
734.01916114171797
729.14334499775225
736.67624582038252
735.82984476369745
732.83902548432127
735.26515819526605
734.98265938373868
727.91910534425074
728.37817123491766
733.28198035816490
726.45956913305326
725.82152939954051
732.83902548432229
727.91910534425188
734.98265938373902
735.26515819526696
734.01916114171775
735.82984476369757
736.67624582038206
729.14334499775225
719.03014349615660
721.69707169091396
714.43850707602178
721.04106969999646
846.51162513328609
844.27351485255997
852.23251175020948
843.52924255153835
835.60776027340944
837.95318218343584
830.25274954005943
838.71832576170834
853.09257676517393
847.40425146785162
856.19270196499440
855.20515246625985
851.71572543390960
854.54630748024977
854.21670666468765
845.97610143746351
846.51162513328597
852.23251175021039
844.27351485256065
843.52924255153823
851.71572543391085
845.97610143746476
854.21670666468810
854.54630748025079
853.09257676517370
855.20515246625996
856.19270196499394
847.40425146785162
835.60776027340978
838.71832576170846
830.25274954005795
837.95318218343607
980.85875216979309
978.25136863521823
987.52415454703817
977.38432597383041
968.15708153124535
970.88894423322813
961.92030682429765
971.78018750211686
988.52629149835866
981.89869316951763
992.13868254864906
990.98792210567376
986.92201113084263
990.22020522222567
989.83614334660808
980.23485847807478
980.85875216979287
987.52415454703907
978.25136863521902
977.38432597383019
986.92201113084400
980.23485847807603
989.83614334660854
990.22020522222681
988.52629149835843
990.98792210567387
992.13868254864849
981.89869316951751
968.15708153124569
971.78018750211697
961.92030682429572
970.88894423322847
1133.4506632240061
1130.4159045497220
1141.2094183599390
1129.4067856966581
1118.6687859958761
1121.8476924667621
1111.4121702950110
1122.8848226093812
1142.3760430381662
1134.6611114040250
1146.5815849690587
1145.2418327871594
1140.5084539198672
1144.3480519828051
1143.9009306851685
1132.7244907783706
1133.4506632240059
1141.2094183599402
1130.4159045497229
1129.4067856966578
1140.5084539198688
1132.7244907783720
1143.9009306851690
1144.3480519828065
1142.3760430381660
1145.2418327871596
1146.5815849690580
1134.6611114040247
1118.6687859958765
1122.8848226093814
1111.4121702950090
1121.8476924667625
1306.6054943574482
1303.0752491452381
1315.6321414973165
1301.9014253396404
1289.4124860342351
1293.1094253875444
1280.9743441577002
1294.3156239198640
1316.9895482303502
1308.0136414887363
1321.8831378827401
1320.3241443245745
1314.8165634433540
1319.2841289684034
1318.7638606137646
1305.7607370392707
1306.6054943574477
1315.6321414973179
1303.0752491452395
1301.9014253396401
1314.8165634433556
1305.7607370392723
1318.7638606137650
1319.2841289684050
1316.9895482303500
1320.3241443245749
1321.8831378827392
1308.0136414887359
1289.4124860342356
1294.3156239198643
1280.9743441576977
1293.1094253875451
1502.9800514648805
1498.8741596555974
1513.4800797537760
1497.5090028187240
1482.9866024381404
1487.2850555934508
1473.1768652246813
1488.6875871315710
1515.0592347258787
1504.6179040157599
1520.7526498450163
1518.9387808519327
1512.5312907026012
1517.7287717209308
1517.1234744975386
1501.9975171708863
1502.9800514648798
1513.4800797537775
1498.8741596555990
1497.5090028187237
1512.5312907026030
1501.9975171708882
1517.1234744975393
1517.7287717209326
1515.0592347258782
1518.9387808519334
1520.7526498450152
1504.6179040157594
1482.9866024381408
1488.6875871315713
1473.1768652246783
1487.2850555934517
1725.6304009519495
1720.8541831044386
1737.8466087650531
1719.2662463495899
1702.3768702059358
1707.3753602632844
1690.9713010696619
1709.0064068114275
1739.6841115226380
1727.5357681769840
1746.3094883837393
1744.1986156577273
1736.7426294877882
1742.7905255681324
1742.0861539177067
1724.4874195349946
1725.6304009519486
1737.8466087650550
1720.8541831044404
1719.2662463495894
1736.7426294877903
1724.4874195349967
1742.0861539177074
1742.7905255681344
1739.6841115226375
1744.1986156577282
1746.3094883837380
1727.5357681769835
1702.3768702059363
1709.0064068114280
1690.9713010696585
1707.3753602632853
1978.0816606209128
1972.5229559267136
1992.3017794285586
1970.6749911320026
1951.0237543938920
1956.8389039709714
1937.7570164560648
1958.7365650594902
1994.4410155844093
1980.2993391219809
2002.1550181567825
1999.6971886513181
1991.0165570502677
1998.0577160637206
1997.2376176213218
1976.7513741069342
1978.0816606209119
1992.3017794285608
1972.5229559267161
1970.6749911320021
1991.0165570502702
1976.7513741069365
1997.2376176213227
1998.0577160637231
1994.4410155844089
1999.6971886513193
2002.1550181567809
1980.2993391219804
1951.0237543938927
1958.7365650594907
1937.7570164560605
1956.8389039709723
2264.4060926340917
2257.9317694258689
2280.9717663990805
2255.7795697404745
2232.8979882945487
2239.6681231494845
2217.4554710513157
2241.8775945756229
2283.4642650039928
2266.9892617492565
2292.4529937269513
2289.5888632147489
2279.4743597298011
2287.6784486081192
2286.7228425337225
2262.8566190754609
2264.4060926340908
2280.9717663990832
2257.9317694258721
2255.7795697404740
2279.4743597298038
2262.8566190754632
2286.7228425337239
2287.6784486081219
2283.4642650039923
2289.5888632147503
2292.4529937269499
2266.9892617492560
2232.8979882945496
2241.8775945756233
2217.4554710513112
2239.6681231494854
2589.3064358825845
2581.7583950257549
2608.6234983044810
2579.2494688243396
2552.5814392597945
2560.4707215400372
2534.5898782441154
2563.0456470067552
2611.5304845071992
2592.3182554331061
2622.0150893015475
2618.6741315568506
2606.8771458474489
2616.4457641287663
2615.3311445693512
2587.4999118363603
2589.3064358825836
2608.6234983044837
2581.7583950257585
2579.2494688243391
2606.8771458474521
2587.4999118363630
2615.3311445693530
2616.4457641287695
2611.5304845071983
2618.6741315568524
2622.0150893015457
2592.3182554331056
2552.5814392597954
2563.0456470067556
2534.5898782441104
2560.4707215400385
2958.1976657038422
2949.3884702053588
2980.7473617560822
2946.4605902197391
2915.3470258755110
2924.5499881384703
2894.3641988323170
2927.5539411285836
2984.1414499886268
2961.7130221473280
2996.3842465510497
2992.4828027683748
2978.7084650939992
2989.8807202569742
2988.5792062535998
2956.0891994903445
2958.1976657038413
2980.7473617560854
2949.3884702053629
2946.4605902197386
2978.7084650940023
2956.0891994903473
2988.5792062536020
2989.8807202569778
2984.1414499886255
2992.4828027683766
2996.3842465510479
2961.7130221473280
2915.3470258755119
2927.5539411285840
2894.3641988323106
2924.5499881384717
3377.2743455486502
3366.9828097884761
3403.6246206248593
3363.5625471136264
3327.2258020319509
3337.9719536447296
3302.7300306432035
3341.4799411848676
3407.5915134299516
3381.3816120769425
3421.9021098227904
3417.3414364747109
3401.2417238402891
3414.2998230425528
3412.7785071998123
3374.8109615506573
3377.2743455486493
3403.6246206248629
3366.9828097884806
3363.5625471136259
3401.2417238402927
3374.8109615506601
3412.7785071998151
3414.2998230425569
3407.5915134299503
3417.3414364747136
3421.9021098227886
3381.3816120769425
3327.2258020319518
3341.4799411848680
3302.7300306431966
3337.9719536447310
3853.5418938379785
3841.5092837461707
3884.3570446617691
3837.5107413401838
3795.0410462193840
3807.5989049816053
3766.4219457849258
3811.6986801213748
3888.9969755542102
3858.3444421533800
3905.7374547911795
3900.4020758509623
3881.5699663312871
3896.8439611230169
3895.0643583404217
3850.6616244995671
3853.5418938379776
3884.3570446617732
3841.5092837461762
3837.5107413401838
3881.5699663312912
3850.6616244995698
3895.0643583404249
3896.8439611230224
3888.9969755542083
3900.4020758509655
3905.7374547911772
3858.3444421533800
3795.0410462193850
3811.6986801213748
3766.4219457849176
3807.5989049816071
4394.7787470166331
4380.7066834224379
4430.8245837674376
4376.0307894759499
4326.3784482623960
4341.0579038061196
4292.9313705992454
4345.8507271161961
4436.2530682343258
4400.3957715869929
4455.8406395937736
4449.5975114877665
4427.5639625172298
4445.4342084745103
4443.3519732692703
4391.4101350527189
4394.7787470166322
4430.8245837674422
4380.7066834224443
4376.0307894759499
4427.5639625172344
4391.4101350527217
4443.3519732692739
4445.4342084745167
4436.2530682343240
4449.5975114877701
4455.8406395937709
4400.3957715869929
4326.3784482623969
4345.8507271161961
4292.9313705992363
4341.0579038061214
5009.3851966640541
4992.9368410378820
5051.5256146159609
4987.4717242007555
4929.4505287047596
4946.6019405577754
4890.3782856934849
4952.2022662137433
5057.8728845470096
5015.9512176214766
5080.7777343770113
5073.4769494993216
5047.7132425938889
5068.6085141046133
5066.1736675433585
5005.4475866519979
5009.3851966640532
5051.5256146159663
4992.9368410378893
4987.4717242007555
5047.7132425938944
5005.4475866520015
5066.1736675433631
5068.6085141046206
5057.8728845470077
5073.4769494993261
5080.7777343770076
5015.9512176214766
4929.4505287047605
4952.2022662137424
4890.3782856934740
4946.6019405577772
5706.0707284864038
5686.8771166483102
5755.2508867018132
5680.5001817729853
5612.8085725259753
5632.8166809844352
5567.2347914353022
5639.3501384202746
5762.6592822648372
5713.7330269906015
5789.3949993035903
5780.8728656398407
5750.8012667014918
5775.1901358258065
5772.3480810397868
5701.4757949254345
5706.0707284864029
5755.2508867018187
5686.8771166483184
5680.5001817729853
5750.8012667014973
5701.4757949254390
5772.3480810397923
5775.1901358258156
5762.6592822648345
5780.8728656398462
5789.3949993035858
5713.7330269906015
5612.8085725259762
5639.3501384202737
5567.2347914352895
5632.8166809844370
6493.3479670561474
6471.0209632590067
6550.5603793046175
6463.6031604524060
6384.8684683771844
6408.1395224704902
6331.8662679982044
6415.7386758722159
6559.1791518881892
6502.2613699613848
6590.2837786979944
6580.3688925816195
6545.3838350266897
6573.7575207501914
6570.4510544926534
6488.0028298875923
6493.3479670561464
6550.5603793046230
6471.0209632590158
6463.6031604524069
6545.3838350266960
6488.0028298875977
6570.4510544926598
6573.7575207502014
6559.1791518881864
6580.3688925816268
6590.2837786979890
6502.2613699613858
6384.8684683771853
6415.7386758722150
6331.8662679981899
6408.1395224704929
7378.8530605388441
7353.0047535424001
7445.0873039370981
7344.4169930620155
7253.2626115409075
7280.2046923478638
7191.8988490872007
7289.0025827746131
7455.0649680376919
7389.1721606087876
7491.0732464416878
7479.5953653923571
7439.0945646001637
7471.9417215311714
7468.1139824120255
7372.6649405387207
7378.8530605388423
7445.0873039371045
7353.0047535424110
7344.4169930620164
7439.0945646001719
7372.6649405387270
7468.1139824120337
7471.9417215311823
7455.0649680376882
7479.5953653923671
7491.0732464416824
7389.1721606087885
7253.2626115409084
7289.0025827746122
7191.8988490871843
7280.2046923478674
8368.6026943432444
8338.8680179633266
8444.7873825515999
8328.9886813894791
8224.1136207490781
8255.1131654068431
8153.5022126698723
8265.2356372654140
8456.2629695485066
8380.4728150521387
8497.6747728270202
8484.4748782480801
8437.8948356082547
8475.6727598723774
8471.2705840843100
8361.4843301134133
8368.6026943432425
8444.7873825516072
8338.8680179633393
8328.9886813894809
8437.8948356082637
8361.4843301134206
8471.2705840843191
8475.6727598723901
8456.2629695485030
8484.4748782480910
8497.6747728270147
8380.4728150521405
8224.1136207490781
8265.2356372654122
8153.5022126698541
8255.1131654068467
9466.3952882448884
9432.4513626324770
9553.3493217822670
9421.1727667469095
9301.4213811581740
9336.8223673368429
9220.7713219607031
9348.3813078689818
9566.4451406806729
9479.9448110913108
9613.6995834812624
9598.6380928278631
9545.4833743314302
9588.5942221452697
9583.5708990108196
9458.2695507581520
9466.3952882448866
9553.3493217822761
9432.4513626324915
9421.1727667469113
9545.4833743314393
9458.2695507581593
9583.5708990108305
9588.5942221452824
9566.4451406806693
9598.6380928278759
9613.6995834812551
9479.9448110913127
9301.4213811581740
9348.3813078689800
9220.7713219606831
9336.8223673368466
10673.595626347338
10635.170299467170
10772.007931221151
10622.401612249168
10486.796929516158
10526.890574818457
10395.437138949881
10539.980631717062
10786.826720602246
10688.932679993693
10840.292328521840
10823.252152497513
10763.106746392796
10811.888254726418
10806.204578013978
10664.397531543689
10673.595626347336
10772.007931221162
10635.170299467187
10622.401612249172
10763.106746392807
10664.397531543696
10806.204578013991
10811.888254726431
10786.826720602243
10823.252152497527
10840.292328521831
10688.932679993697
10486.796929516158
10539.980631717059
10395.437138949859
10526.890574818461
11989.440471694354
11946.305895278825
12099.888254834339
11931.971089530576
11779.695825875961
11824.725675194566
11677.065223759602
11839.426013570912
12116.516154075085
12006.655607021225
12176.502061718093
12157.384954354371
12089.899994872781
12144.635365652714
12138.258449823526
11979.115606485711
11989.440471694352
12099.888254834352
11946.305895278843
11931.971089530580
12089.899994872792
11979.115606485719
12138.258449823541
12144.635365652728
12116.516154075081
12157.384954354389
12176.502061718083
12006.655607021230
11779.695825875961
11839.426013570906
11677.065223759579
11824.725675194572
13411.787007710918
13363.740850695474
13534.784916396129
13347.772514366661
13178.105062818739
13228.285576573260
13063.711335544520
13244.666010535320
13553.298991960000
13430.960761897282
13620.082352120839
13598.800132620147
13523.663236981061
13584.605967932373
13577.506337833287
13400.287011375423
13411.787007710916
13534.784916396142
13363.740850695496
13347.772514366665
13523.663236981074
13400.287011375431
13577.506337833303
13584.605967932388
13553.298991959997
13598.800132620167
13620.082352120828
13430.960761897288
13178.105062818739
13244.666010535315
13063.711335544494
13228.285576573266
14938.021816012950
14884.864855967022
15074.078940905771
14867.196729943826
14679.431537971130
14734.971691875271
14552.797265119862
14753.100380750690
15094.555713718921
14959.233634979002
15168.412323628783
15144.877140165359
15061.777861401381
15129.179787137242
15121.328120126609
14925.299022997417
14938.021816012946
15074.078940905783
14884.864855967046
14867.196729943829
15061.777861401393
14925.299022997424
15121.328120126629
15129.179787137258
15094.555713718917
15144.877140165381
15168.412323628771
14959.233634979008
14679.431537971130
14753.100380750682
14552.797265119834
14734.971691875278
16565.785394160554
16507.306104330088
16715.442881083804
16487.867872625007
16281.257494540519
16342.378400702835
16141.878536944436
16362.327514851042
16737.963752065443
16589.119672030480
16819.187097024147
16793.305448345600
16701.913495215817
16776.042532873682
16767.407626787921
16551.789181096974
16565.785394160550
16715.442881083814
16507.306104330113
16487.867872625011
16701.913495215831
16551.789181096981
16767.407626787943
16776.042532873700
16737.963752065440
16793.305448345622
16819.187097024133
16589.119672030487
16281.257494540519
16362.327514851035
16141.878536944407
16342.378400702844
18293.267804836629
18229.241677931059
18457.097836644822
18207.958609959780
17981.705837924550
18048.643843020669
17829.041881871450
18070.490435525186
18481.748589770817
18318.813985760946
18570.647300978195
18542.320974061888
18442.288567698215
18523.426919324185
18513.975952185981
18277.944483440129
18293.267804836622
18457.097836644836
18229.241677931088
18207.958609959780
18442.288567698230
18277.944483440137
18513.975952186007
18523.426919324207
18481.748589770814
18542.320974061910
18570.647300978180
18318.813985760957
17981.705837924550
18070.490435525178
17829.041881871421
18048.643843020680
20119.026057744257
20049.230984157290
20297.590059884915
20026.028924912476
19779.335984879039
19852.328859069134
19612.839642262923
19876.150221577107
20324.454277099409
20146.872348165973
20421.327759538348
20390.461700412779
20281.450580100598
20369.872922506795
20359.574035004349
20102.322604993540
20119.026057744250
20297.590059884933
20049.230984157319
20026.028924912476
20281.450580100613
20102.322604993551
20359.574035004374
20369.872922506820
20324.454277099405
20390.461700412801
20421.327759538333
20146.872348165987
19779.335984879039
19876.150221577100
19612.839642262890
19852.328859069145
22041.510404355249
21965.749287326835
22235.301190747490
21940.562167743385
21672.710034047454
21751.973638824518
21491.879418327720
21777.839657735323
22264.451568810531
22071.734744997775
22369.558782001466
22336.071024720914
22217.787642082912
22313.732565718030
22302.558181953205
22023.379877007530
22041.510404355242
22235.301190747512
21965.749287326867
21940.562167743385
22217.787642082931
22023.379877007541
22302.558181953231
22313.732565718059
22264.451568810528
22336.071024720935
22369.558782001452
22071.734744997790
21672.710034047454
21777.839657735316
21491.879418327684
21751.973638824529
24058.717573593767
23976.831900522655
24268.126209619972
23949.606328816215
23660.006080013154
23745.718682705832
23464.422146844459
23773.686810048042
24299.619763759270
24091.382324029073
24413.162314387173
24376.989303312355
24249.204108408914
24352.858414778580
24340.787044961420
24039.122323574313
24058.717573593760
24268.126209619997
23976.831900522688
23949.606328816215
24249.204108408932
24039.122323574324
24340.787044961449
24352.858414778610
24299.619763759270
24376.989303312374
24413.162314387158
24091.382324029088
23660.006080013150
23773.686810048035
23464.422146844419
23745.718682705843
26168.135840831164
26080.013425372010
26393.431754563062
26050.711258210540
25738.931409331715
25831.225587738743
25528.276520894087
25861.338202086696
26427.306813156563
26203.284686526407
26549.418083913421
26510.518143472298
26373.077795211346
26484.566597772049
26471.583993450571
26147.049369311088
26168.135840831157
26393.431754563091
26080.013425372046
26050.711258210540
26373.077795211360
26147.049369311098
26471.583993450600
26484.566597772082
26427.306813156563
26510.518143472316
26549.418083913406
26203.284686526422
25738.931409331712
25861.338202086685
25528.276520894044
25831.225587738754
28366.749758799309
28272.332428827209
28608.060941032425
28240.933319885982
27906.726669095162
28005.681418852688
27680.802416561506
28037.963239853820
28644.334152557250
28404.404635243543
28775.068483238447
28733.425269193991
28586.264792549613
28705.641659535231
28691.741963469336
28344.158558944269
28366.749758799302
28608.060941032458
28272.332428827245
28240.933319885982
28586.264792549624
28344.158558944284
28691.741963469369
28705.641659535260
28644.334152557250
28733.425269194009
28775.068483238432
28404.404635243562
27906.726669095158
28037.963239853809
27680.802416561459
28005.681418852699
30651.043744429011
30550.334937756186
30908.337333582876
30516.838862596298
30160.169291873670
30265.802109342480
29918.914486163732
30300.257611029745
30947.000750639207
30691.201807014309
31086.322940348527
31041.948781337203
30885.103392268080
31012.340752499738
30997.527615017472
30626.949119168981
30651.043744429004
30908.337333582906
30550.334937756226
30516.838862596298
30885.103392268091
30626.949119168996
30997.527615017505
31012.340752499771
30947.000750639207
31041.948781337222
31086.322940348517
30691.201807014328
30160.169291873670
30300.257611029734
29918.914486163681
30265.802109342494
33017.003132926453
32910.075148530363
33290.067071576290
32874.504823975287
32495.573246585071
32607.832414151708
32239.081597376648
32644.443313263280
33331.085420423296
33059.633875769767
33478.860952903000
33431.799952292655
33265.416105351127
33400.396276322455
33384.683895571907
32991.422926547762
33017.003132926446
33290.067071576319
32910.075148530406
32874.504823975287
33265.416105351142
32991.422926547777
33384.683895571943
33400.396276322492
33331.085420423296
33431.799952292677
33478.860952902985
33059.633875769789
32495.573246585071
32644.443313263266
32239.081597376593
32607.832414151719
35460.111986102660
35347.112600141161
35748.538531185826
35309.515703416779
34908.784211483944
35027.541553687603
34637.321119874832
35066.264462738443
35791.846789062969
35505.154628180906
35947.833231726341
35898.163984609557
35722.509142684692
35865.016385472984
35848.430423799357
35433.082159305704
35460.111986102653
35748.538531185848
35347.112600141212
35309.515703416779
35722.509142684707
35433.082159305719
35848.430423799400
35865.016385473027
35791.846789062969
35898.163984609579
35947.833231726327
35505.154628180928
34908.784211483944
35066.264462738429
34637.321119874774
35027.541553687617
37975.347179194105
37856.505299253084
38278.519131768640
37816.956379912190
37395.169506781007
37520.213928118807
37109.187297002711
37560.978276588750
38324.020545787505
38022.708450013692
38487.860611849566
38435.698380093854
38251.168960232615
38400.883003101218
38383.461327610996
37946.923148827555
37975.347179194097
38278.519131768669
37856.505299253135
37816.956379912190
38251.168960232630
37946.923148827569
38383.461327611047
38400.883003101262
38324.020545787505
38435.698380093883
38487.860611849545
38022.708450013721
37395.169506781007
37560.978276588736
37109.187297002645
37520.213928118821
40557.168591132555
40432.798591679049
40874.249176255129
40391.400558609297
39949.602440463881
40080.634597101955
39649.753254215822
40123.340937120804
40921.813865590462
40606.721059535863
41093.030653129055
41038.528834351229
40845.655753268409
41002.147251068840
40983.940443782973
40527.426248771866
40557.168591132548
40874.249176255158
40432.798591679100
40391.400558609304
40845.655753268424
40527.426248771881
40983.940443783024
41002.147251068891
40921.813865590462
41038.528834351258
41093.030653129033
40606.721059535892
39949.602440463874
40123.340937120789
39649.753254215750
40080.634597101969
43199.505582092395
43070.009942716752
43529.432944995351
43026.895000542259
42566.441111836757
42703.069606503908
42253.586591697858
42747.588430715907
43578.897230954673
43251.086679201442
43756.892157277223
43700.242883151266
43499.694117065883
43662.422521697641
43643.494104129517
43168.541900878423
43199.505582092388
43529.432944995380
43070.009942716802
43026.895000542267
43499.694117065897
43168.541900878437
43643.494104129575
43662.422521697692
43578.897230954673
43700.242883151295
43756.892157277201
43251.086679201479
42566.441111836750
42747.588430715892
42253.586591697778
42703.069606503923
45895.740348573105
45761.610209134895
46237.227627687003
45716.940114674479
45239.502178959883
45381.241696192737
44914.718985357948
45427.412903468212
46288.394232219172
45949.152237360206
46472.448160336411
46413.881867730612
46206.461460682440
46374.775763113626
46355.202082300260
45863.673486422558
45895.740348573097
46237.227627687033
45761.610209134946
45716.940114674486
46206.461460682454
45863.673486422573
46355.202082300319
46374.775763113685
46288.394232219172
46413.881867730641
46472.448160336389
45949.152237360249
45239.502178959876
45427.412903468205
44914.718985357860
45381.241696192752
48638.689182989423
48500.502442085948
48990.231059580459
48454.467954210195
47962.030617792880
48108.302428889416
47626.610772033840
48155.935576091790
49042.870299970054
48693.699620267980
49232.148299786160
49171.932136848685
48958.575147265947
49131.717907717961
49111.587636382057
48605.657993815585
48638.689182989416
48990.231059580488
48500.502442086006
48454.467954210209
48958.575147265961
48605.657993815599
49111.587636382115
49131.717907718019
49042.870299970054
49171.932136848714
49232.148299786139
48693.699620268024
47962.030617792872
48155.935576091775
47626.610772033753
48108.302428889438
51420.583106343096
51278.999728070892
51780.469600207340
51231.819135550271
50726.667062240012
50876.802317642185
50382.112105417866
50925.677790164256
51834.321684227929
51476.927425629023
52027.881778242394
51966.316738501097
51748.079712754865
51925.194716621540
51904.607929897553
51386.745980792606
51420.583106343096
51780.469600207369
51278.999728070958
51231.819135550293
51748.079712754879
51386.745980792621
51904.607929897618
51925.194716621598
51834.321684227929
51966.316738501126
52027.881778242379
51476.927425629066
50726.667062240005
50925.677790164242
50382.112105417771
50876.802317642207
54233.049754522683
54088.804019626856
54599.387822476827
54040.720653639582
53525.414882870151
53678.661065131440
53173.422909816312
53728.532282543449
54654.166312653411
54290.434067903741
54850.972420173384
54788.389142201813
54566.435851777445
54746.579610002271
54725.646415498697
54198.582729392321
54233.049754522683
54599.387822476849
54088.804019626928
54040.720653639604
54566.435851777460
54198.582729392336
54725.646415498763
54746.579610002329
54654.166312653411
54788.389142201842
54850.972420173370
54290.434067903778
53525.414882870144
53728.532282543434
53173.422909816218
53678.661065131462
57067.098737420150
56920.988283604522
57437.841927970083
56872.266956345113
56349.609690379642
56505.140514458195
55992.054482897373
56555.737257656852
57493.238395144355
57125.204409570753
57692.177508969537
57628.930737391842
57404.513115363196
57586.670267343536
57565.508984387503
57032.192839469637
57067.098737420150
57437.841927970105
56920.988283604602
56872.266956345135
57404.513115363210
57032.192839469652
57565.508984387576
57586.670267343587
57493.238395144355
57628.930737391878
57692.177508969522
57125.204409570790
56349.609690379642
56555.737257656838
55992.054482897278
56505.140514458224
59913.112904090529
59765.984548566710
60286.098927514584
59716.906907812205
59189.894374770382
59346.823287188767
58828.796139874816
59397.856187920952
60341.788753216395
59971.602291379168
60541.692161927989
60478.153936179115
60252.588395867111
60435.690872747713
60414.425780117192
59877.970729804489
59913.112904090529
60286.098927514613
59765.984548566797
59716.906907812227
60252.588395867126
59877.970729804503
60414.425780117264
60435.690872747771
60341.788753216395
60478.153936179151
60541.692161927975
59971.602291379204
59189.894374770382
59397.856187920937
58828.796139874721
59346.823287188796
62760.847981533065
62613.580504242411
63133.843581407193
62564.439355206290
62036.203036023791
62193.600277861638
61673.690664604517
62244.766449904535
63189.492797957610
62819.371355144955
63389.160914890010
63325.712631983370
63100.352235990191
63283.301810412442
63262.060508702511
62725.679558781572
62760.847981533065
63133.843581407222
62613.580504242505
62564.439355206312
63100.352235990205
62725.679558781587
63262.060508702583
63283.301810412508
63189.492797957610
63325.712631983399
63389.160914889995
62819.371355144984
62036.203036023791
62244.766449904520
61673.690664604423
62193.600277861668
65599.442856717331
65452.927136274171
65970.194843126781
65404.019853913524
64877.757142677932
65034.670107740676
64516.022438215427
65085.659823091511
66025.467824326915
65657.646344633278
66223.697917556026
66160.721498766667
65936.924751852057
66118.618351457961
66097.528814701058
65564.460885026463
65599.442856717331
65970.194843126810
65452.927136274266
65404.019853913538
65936.924751852071
65564.460885026478
66097.528814701131
66118.618351458033
66025.467824326915
66160.721498766696
66223.697917556012
65657.646344633307
64877.757142677932
65085.659823091490
64516.022438215332
65034.670107740705
68417.442299323680
68272.559419697005
68783.733067943351
68224.180651669114
67703.076890505443
67858.553242796406
67344.321850562425
67909.057470597458
68838.300808096392
68474.976594329695
69033.916667592086
68971.785139049563
68750.882477362582
68930.239394864984
68909.426813655955
68382.856918744190
68417.442299323680
68783.733067943380
68272.559419697092
68224.180651669129
68750.882477362597
68382.856918744204
68909.426813656028
68930.239394865042
68838.300808096392
68971.785139049593
69033.916667592057
68474.976594329724
67703.076890505443
67909.057470597443
67344.321850562323
67858.553242796435
71202.833154178676
71060.431315750728
71562.538525220312
71012.865250841758
70500.009962018899
70653.122699448271
70146.388875555451
70702.841237826753
71616.087178203408
71259.362652797005
71807.969534974720
71747.037399825742
71530.296709331975
71706.286628253147
71685.870170394119
71168.846443126124
71202.833154178676
71562.538525220341
71060.431315750815
71012.865250841773
71530.296709331989
71168.846443126138
71685.870170394192
71706.286628253190
71616.087178203408
71747.037399825786
71807.969534974691
71259.362652797034
70500.009962018899
70702.841237826739
70146.388875555349
70653.122699448300
73943.093972475253
73803.965218834492
74294.240803644992
73757.477758479377
73255.778680650445
73405.652077533858
72909.337454788285
73454.301929593683
74346.480105675044
73998.305943447907
74533.596463434747
74474.190289200051
74262.782972557368
74434.453573638704
74414.543204983420
73909.894415926799
73943.093972475253
74294.240803645036
73803.965218834579
73757.477758479392
74262.782972557383
73909.894415926814
74414.543204983478
74434.453573638748
74346.480105675044
74474.190289200094
74533.596463434718
73998.305943447922
73255.778680650445
73454.301929593668
72909.337454788183
73405.652077533887
76625.256734006995
76490.114616901788
76966.077555781478
76444.945828348325
75957.044929959331
76102.880097680914
75619.660585545789
76150.203684607884
77016.748733762041
76678.870075593280
77198.181213867254
77140.590874554982
76935.560065468511
77102.062911205037
77082.756425986052
76593.013928395216
76625.256734006995
76966.077555781521
76490.114616901876
76444.945828348340
76935.560065468526
76593.013928395245
77082.756425986110
77102.062911205081
77016.748733762041
77140.590874555026
77198.181213867225
76678.870075593295
75957.044929959331
76150.203684607870
75619.660585545673
76102.880097680943
79235.977796572028
79105.437120886156
79564.959737958692
79061.794360699219
78589.990236646219
78731.088947784141
78263.313813924484
78776.861726070289
79613.842516181991
79287.750938640544
79788.812371251421
79733.283363854483
79535.515836743056
79696.129270686812
79677.509674999121
79204.837660888603
79235.977796572028
79564.959737958736
79105.437120886243
79061.794360699219
79535.515836743070
79204.837660888632
79677.509674999179
79696.129270686855
79613.842516181991
79733.283363854527
79788.812371251392
79287.750938640558
78589.990236646219
78776.861726070274
78263.313813924367
78731.088947784170
81761.613556245153
81636.173258709183
82077.539103282572
81594.225328709086
81140.406200796278
81276.191656783412
80825.812311411486
81320.228721809384
82124.457467702654
81811.351101518972
82292.345096205987
82239.072293340156
82049.275423373270
82203.423375781917
82185.556749205498
81731.694296701491
81761.613556245153
82077.539103282616
81636.173258709285
81594.225328709086
82049.275423373285
81731.694296701520
82185.556749205542
82203.423375781960
82124.457467702654
82239.072293340199
82292.345096205958
81811.351101518987
81140.406200796278
81320.228721809370
80825.812311411384
81276.191656783441
84188.294547417754
84068.324564364768
84490.272202378488
84028.197197326648
83593.788100517893
83723.821500751190
83292.334002626449
83765.982819247511
84535.098662273085
84235.852326709035
84695.458248715266
84644.581355806498
84463.266156504978
84610.532013598669
84593.465942873605
84159.683575075716
84188.294547417754
84490.272202378532
84068.324564364870
84028.197197326648
84463.266156504993
84159.683575075745
84593.465942873649
84610.532013598699
84535.098662273085
84644.581355806557
84695.458248715237
84235.852326709035
83593.788100517893
83765.982819247496
83292.334002626332
83723.821500751219
86501.989804955898
86387.722488167798
86789.473455565341
86349.495361524649
85935.422035866053
86059.414120896312
85647.818398829535
86099.608137604926
86832.131651384960
86547.278138548776
86984.699943163549
86936.300806615807
86763.771632922813
86903.906684323476
86887.669321806374
86474.741735111515
86501.989804955898
86789.473455565385
86387.722488167899
86349.495361524649
86763.771632922828
86474.741735111544
86887.669321806417
86903.906684323490
86832.131651384960
86936.300806615865
86984.699943163519
86547.278138548776
85935.422035866053
86099.608137604911
85647.818398829419
86059.414120896341
88688.551031190946
88580.077302672624
88961.347732106311
88543.782653740636
88150.453268233134
88268.270434323524
87877.047790673576
88306.455934612124
89001.813366406015
88731.536132469599
89146.512546604063
89100.614318917505
88936.965310076674
89069.891707663046
89054.491459451965
88662.686806136568
88688.551031190946
88961.347732106340
88580.077302672726
88543.782653740636
88936.965310076688
88662.686806136597
89054.491459452009
89069.891707663046
89001.813366406015
89100.614318917564
89146.512546604034
88731.536132469599
88150.453268233134
88306.455934612124
87877.047790673460
88268.270434323553
90733.722906147726
90630.992936748822
90991.989740119330
90596.615714405983
90223.919960698302
90335.585035108976
89964.693813180449
90371.771301839137
91030.289944784716
90774.426520961599
91167.225033027047
91123.793053314643
90968.910845236998
91094.719451275581
91080.145249362889
90709.229987284110
90733.722906147726
90991.989740119359
90630.992936748924
90596.615714405983
90968.910845236998
90709.229987284139
91080.145249362933
91094.719451275581
91030.289944784716
91123.793053314701
91167.225033027018
90774.426520961599
90223.919960698302
90371.771301839137
89964.693813180347
90335.585035109019
92623.100540030748
92525.928327372152
92867.332188441767
92493.407674651055
92140.731132812361
92246.419411031995
91895.306935591623
92280.664875835108
92903.543576096738
92661.598073282381
93032.995254547452
92991.939358209391
92845.511057931333
92964.454999129914
92950.677062233532
92599.934019072782
92623.100540030748
92867.332188441782
92525.928327372254
92493.407674651055
92845.511057931333
92599.934019072811
92950.677062233561
92964.454999129914
92903.543576096738
92991.939358209449
93032.995254547423
92661.598073282381
92140.731132812361
92280.664875835108
91895.306935591536
92246.419411032039
94342.004940240324
94250.075770975760
94573.014507421525
94219.307498876413
93885.557605367067
93985.589245700030
93653.216424470622
94017.998990639622
94607.260282717340
94378.422471604921
94729.674485426964
94690.852319470476
94552.377224663796
94664.862385182700
94651.833325744781
94320.089327584588
94342.004940240324
94573.014507421540
94250.075770975862
94219.307498876413
94552.377224663796
94320.089327584632
94651.833325744810
94664.862385182700
94607.260282717340
94690.852319470534
94729.674485426949
94378.422471604921
93885.557605367067
94017.998990639622
93653.216424470535
93985.589245700074
95875.226253572764
95788.105657415188
96094.122782731312
95758.945240908899
95442.583684502853
95537.414026504601
95222.287363568190
95568.136640926095
96126.569415270787
95909.736990270088
96242.545456985899
96205.766240708312
96074.569283279125
96181.143381014801
96168.799469081976
95854.457613059654
95875.226253572750
96094.122782731327
95788.105657415304
95758.945240908899
96074.569283279125
95854.457613059698
96168.799469082020
96181.143381014801
96126.569415270787
96205.766240708370
96242.545456985885
95909.736990270088
95442.583684502853
95568.136640926095
95222.287363568103
95537.414026504659
97206.536314057987
97123.678681499543
97414.703489897234
97095.944160917919
96795.018858366690
96885.228747667512
96585.432752712775
96914.453209506406
97445.557603080597
97239.357198700716
97555.837160721974
97520.865162484799
97396.109442243775
97497.451831933315
97485.714169362021
97186.784310342468
97206.536314057972
97414.703489897249
97123.678681499659
97095.944160917919
97396.109442243775
97186.784310342511
97485.714169362065
97497.451831933315
97445.557603080597
97520.865162484857
97555.837160721974
97239.357198700716
96795.018858366690
96914.453209506421
96585.432752712688
96885.228747667570
98317.747908916703
98238.502208316480
98516.830276439257
98211.976132004565
97924.143219322592
98010.432242292198
97723.652465376232
98038.385757742944
98546.336676771913
98349.137391073993
98651.796899763198
98618.353595683933
98499.048278685412
98595.963512395392
98584.738768294323
98298.857158492916
98317.747908916688
98516.830276439257
98238.502208316597
98211.976132004565
98499.048278685412
98298.857158492960
98584.738768294366
98595.963512395392
98546.336676771913
98618.353595683991
98651.796899763198
98349.137391073993
97924.143219322592
98038.385757742959
97723.652465376144
98010.432242292271
99186.716002801724
99110.324142664773
99378.623785955118
99084.753054470726
98807.272475936188
98890.460061148973
98613.980159918588
98917.408462017629
99407.066262855282
99216.974731871378
99508.722812053835
99476.485891824224
99361.482894470450
99454.903387709419
99444.083477462162
99168.505669098580
99186.716002801710
99378.623785955118
99110.324142664889
99084.753054470726
99361.482894470450
99168.505669098624
99444.083477462205
99454.903387709419
99407.066262855282
99476.485891824283
99508.722812053835
99216.974731871378
98807.272475936188
98917.408462017644
98613.980159918501
98890.460061149046
99782.076240840266
99707.652549430670
99969.037643846386
99682.740158309418
99412.402808644649
99493.449824898460
99224.080604383038
99519.704610401270
99996.746811403180
99811.555241553084
100095.78207399115
100064.37646189002
99952.338658583743
100043.35048761003
100032.80957234833
99764.335126965452
99782.076240840252
99969.037643846386
99707.652549430786
99682.740158309418
99952.338658583743
99764.335126965496
100032.80957234837
100043.35048761003
99996.746811403180
100064.37646189008
100095.78207399115
99811.555241553084
99412.402808644649
99519.704610401284
99224.080604382951
99493.449824898533
100036.99651561071
99963.418426337361
100221.83313950614
99938.789056817302
99671.521580832225
99751.648539073707
99485.336062123592
99777.605218906276
100249.22734998380
100066.14053861811
100347.13686013078
100316.08825071259
100205.32395893878
100295.30128448243
100284.88018922346
100019.45698897338
100036.99651561069
100221.83313950614
99963.418426337477
99938.789056817302
100205.32395893878
100019.45698897343
100284.88018922351
100295.30128448243
100249.22734998380
100316.08825071265
100347.13686013078
100066.14053861811
99671.521580832225
99777.605218906290
99485.336062123504
99751.648539073780
# temperature_hl
# rank
2
# size
32
91
# lbound
1
1
# entries
201.98573718394624
201.96122137846064
202.04813952177045
201.95305586600753
201.86574601278917
201.89167400959084
201.80630282900336
201.90011840667512
202.05748844494298
201.99549862905778
202.09111684482906
202.08041634191065
202.04251797371720
202.07327131954676
202.06969501958605
201.97987645779716
201.98573718394624
202.04813952177051
201.96122137846064
201.95305586600747
202.04251797371711
201.97987645779716
202.06969501958608
202.07327131954682
202.05748844494300
202.08041634191065
202.09111684482906
201.99549862905775
201.86574601278917
201.90011840667515
201.80630282900339
201.89167400959087
206.00120931714636
205.97523044566918
206.06733325811493
205.96657750619889
205.87405203476754
205.90152961415217
205.81105392835258
205.91047855709147
206.07723943421053
206.01155315790385
206.11287163250287
206.10153363613401
206.06137659305961
206.09396288351897
206.09017347517977
205.99499888161853
206.00120931714636
206.06733325811493
205.97523044566915
205.96657750619895
206.06137659305963
205.99499888161844
206.09017347517977
206.09396288351894
206.07723943421055
206.10153363613401
206.11287163250287
206.01155315790388
205.87405203476754
205.91047855709144
205.81105392835258
205.90152961415214
209.47409967411537
209.44690243234626
209.54332250547523
209.43784357357112
209.34097421210697
209.36974246173261
209.27501489757415
209.37911163346067
209.55369265814687
209.48492848841695
209.59099317219201
209.57912442637442
209.53708681296320
209.57119922257573
209.56723238413286
209.46759802324257
209.47409967411534
209.54332250547526
209.44690243234629
209.43784357357109
209.53708681296320
209.46759802324252
209.56723238413284
209.57119922257576
209.55369265814687
209.57912442637451
209.59099317219204
209.48492848841701
209.34097421210697
209.37911163346067
209.27501489757418
209.36974246173261
212.86565408376254
212.83733206174392
212.93773727213727
212.82789844059678
212.72701786027710
212.75697807888218
212.65832333467242
212.76673531723938
212.94853562665668
212.87693058780329
212.98737569063366
212.97501718252315
212.93124405884510
212.96676488848212
212.96263431271495
212.85888359733727
212.86565408376251
212.93773727213730
212.83733206174392
212.82789844059678
212.93124405884510
212.85888359733727
212.96263431271501
212.96676488848215
212.94853562665665
212.97501718252315
212.98737569063366
212.87693058780329
212.72701786027710
212.76673531723935
212.65832333467242
212.75697807888218
216.20483886691187
216.17547508033360
216.27957072830077
216.16569432846779
216.06109740460431
216.09216213439018
215.98986782623857
216.10227893552539
216.29076552418957
216.21652998317313
216.33103079388323
216.31821892472539
216.27283908608436
216.30966383767333
216.30538168340937
216.19781939817020
216.20483886691190
216.27957072830080
216.17547508033360
216.16569432846774
216.27283908608436
216.19781939817022
216.30538168340937
216.30966383767330
216.29076552418957
216.31821892472539
216.33103079388323
216.21652998317316
216.06109740460431
216.10227893552536
215.98986782623859
216.09216213439018
219.50630838133969
219.47598484086424
219.58347970708647
219.46588425111796
219.35786210938900
219.38994503025677
219.28429495132011
219.40039325644520
219.59503954445199
219.51838142736807
219.63661695053565
219.62338771967089
219.57652850969112
219.61455386651994
219.61013215669590
219.49905954492468
219.50630838133969
219.58347970708644
219.47598484086424
219.46588425111790
219.57652850969120
219.49905954492468
219.61013215669590
219.61455386651991
219.59503954445199
219.62338771967092
219.63661695053565
219.51838142736807
219.35786210938900
219.40039325644520
219.28429495132013
219.38994503025685
222.77501618755019
222.74381941589917
222.85440618986226
222.73342777932194
222.62228742081791
222.65529752572823
222.54659081400735
222.66604750775949
222.86629792239668
222.78743667852336
222.90906808845133
222.89545950640274
222.84725535969579
222.88637225476467
222.88182368270975
222.76755867864983
222.77501618755019
222.85440618986229
222.74381941589922
222.73342777932197
222.84725535969582
222.76755867864981
222.88182368270975
222.88637225476464
222.86629792239671
222.89545950640274
222.90906808845133
222.78743667852333
222.62228742081791
222.66604750775952
222.54659081400737
222.65529752572823
226.01086361209789
225.97888819426765
226.09223087388065
225.96823698193276
225.85431389902047
225.88815175146564
225.77671519997463
225.89917106903462
226.10441825132546
226.02359384640624
226.14825060714361
226.13430425116610
226.08490219809531
226.12499134771818
226.12032979679239
226.00322005542813
226.01086361209786
226.09223087388071
225.97888819426771
225.96823698193282
226.08490219809536
226.00322005542810
226.12032979679242
226.12499134771821
226.10441825132548
226.13430425116610
226.14825060714355
226.02359384640624
225.85431389902047
225.89917106903459
225.77671519997460
225.88815175146564
229.21067031550530
229.17802170356020
229.29374563620732
229.16714600003039
229.05081413464137
229.08536891573232
228.97156668146661
229.09662143492113
229.30618823070222
229.22366825705279
229.35093714636483
229.33669939124869
229.28626341206072
229.32719178322557
229.32243273789609
229.20286593612062
229.21067031550527
229.29374563620732
229.17802170356023
229.16714600003041
229.28626341206075
229.20286593612053
229.32243273789609
229.32719178322557
229.30618823070225
229.33669939124866
229.35093714636480
229.22366825705279
229.05081413464137
229.09662143492122
228.97156668146658
229.08536891573232
232.36910295343975
232.33589997815469
232.45358294011240
232.32483931725994
232.20651997315736
232.24166683962761
232.12590912788539
232.25311185159811
232.46623518407017
232.38232123060823
232.51173650492890
232.49725962627900
232.44597455325189
232.48759219779103
232.48275311206939
232.36116617748283
232.36910295343975
232.45358294011243
232.33589997815469
232.32483931725992
232.44597455325189
232.36116617748283
232.48275311206939
232.48759219779103
232.46623518407017
232.49725962627898
232.51173650492890
232.38232123060823
232.20651997315736
232.25311185159811
232.12590912788539
232.24166683962756
235.47914550167968
235.44552278109444
235.56468642170563
235.43432194733839
235.31449233373456
235.35008988563627
235.23284127247814
235.36168128100755
235.57749668479883
235.49253044729508
235.62356440695180
235.60890763979521
235.55698290092280
235.59911991830018
235.59422056923634
235.47110853250223
235.47914550167965
235.56468642170569
235.44552278109450
235.43432194733839
235.55698290092278
235.47110853250220
235.59422056923634
235.59911991830020
235.57749668479886
235.60890763979515
235.62356440695180
235.49253044729505
235.31449233373456
235.36168128100749
235.23284127247811
235.35008988563629
238.53234648975877
238.49845681946027
238.61855816951962
238.48716664331184
238.36636835222686
238.40225612047166
238.28404380929780
238.41394157013042
238.63146784247940
238.54583718829736
238.67789081259781
238.66312140226913
238.61079473740071
238.65325825987446
238.64832109845841
238.52424587968511
238.53234648975874
238.61855816951964
238.49845681946030
238.48716664331184
238.61079473740071
238.52424587968508
238.64832109845841
238.65325825987449
238.63146784247942
238.66312140226901
238.67789081259781
238.54583718829733
238.36636835222686
238.41394157013036
238.28404380929777
238.40225612047172
241.51894990340509
241.48496666507103
241.60538958001416
241.47364482431684
241.35249237204258
241.38848828703851
241.26991042698441
241.40020841676827
241.61833215134155
241.53247723090044
241.66487074088329
241.65006500207957
241.59760620784436
241.64017736228990
241.63522786707577
241.51082712987110
241.51894990340506
241.60538958001413
241.48496666507100
241.47364482431684
241.59760620784428
241.51082712987116
241.63522786707577
241.64017736228996
241.61833215134149
241.65006500207954
241.66487074088317
241.53247723090044
241.35249237204258
241.40020841676827
241.26991042698441
241.38848828703846
244.42796317381041
244.39408277381136
244.51412926998793
244.38279460490207
244.26198407979459
244.29788190860990
244.17961601624413
244.30956946345097
244.52702939110804
244.44144882577095
244.57341212886655
244.55865651797646
244.50637123959990
244.54880207129520
244.54386910645479
244.41986522269454
244.42796317381041
244.51412926998785
244.39408277381139
244.38279460490205
244.50637123959987
244.41986522269460
244.54386910645476
244.54880207129523
244.52702939110799
244.55865651797637
244.57341212886655
244.44144882577098
244.26198407979459
244.30956946345097
244.17961601624410
244.29788190860990
247.24719127814356
247.21363561391894
247.33251710615204
247.20245493255493
247.08277274123279
247.11833949560861
247.00115097238188
247.12991849471121
247.34528964591027
247.26054678639574
247.39120981216203
247.37660201182388
247.32483557818028
247.36684593951622
247.36196211697603
247.23917123374267
247.24719127814353
247.33251710615204
247.21363561391897
247.20245493255490
247.32483557818031
247.23917123374275
247.36196211697603
247.36684593951628
247.34528964591027
247.37660201182388
247.39120981216203
247.26054678639579
247.08277274123284
247.12991849471121
247.00115097238188
247.11833949560858
249.96325392357465
249.93027286643482
250.04710134722407
249.91928279361599
249.80161446540379
249.83658779250675
249.72133849891324
249.84797267835560
250.05965044008468
249.97637966655915
250.10476263805501
250.09041264893878
250.03955393314260
250.08082835161443
250.07603039560354
249.95537156250924
249.96325392357468
250.04710134722413
249.93027286643485
249.91928279361596
250.03955393314266
249.95537156250924
250.07603039560360
250.08082835161451
250.05965044008474
250.09041264893878
250.10476263805501
249.97637966655918
249.80161446540382
249.84797267835560
249.72133849891321
249.83658779250669
252.56159646435862
252.52947034048151
252.64324956565508
252.51876412795923
252.40410311299834
252.43818868804092
252.32584551166920
252.44928347629059
252.65546766060342
252.57438067814732
252.69938439047408
252.68541562225099
252.63590089939422
252.67608544790656
252.67141455923550
252.55391884904523
252.56159646435859
252.64324956565505
252.52947034048157
252.51876412795923
252.63590089939424
252.55391884904517
252.67141455923553
252.67608544790653
252.65546766060339
252.68541562225099
252.69938439047408
252.57438067814732
252.40410311299834
252.44928347629056
252.32584551166914
252.43818868804092
255.02650174936474
254.99554379435861
255.10516056275964
254.98522564129746
254.87468201513963
254.90755096168371
254.79919429439028
254.91824840002582
255.11692748236999
255.03881954922312
255.15921575194261
255.14576610257711
255.09808286621401
255.13678206684770
255.13228428328961
255.01910381516319
255.02650174936474
255.10516056275958
254.99554379435861
254.98522564129752
255.09808286621396
255.01910381516319
255.13228428328964
255.13678206684767
255.11692748237004
255.14576610257711
255.15921575194267
255.03881954922318
254.87468201513963
254.91824840002582
254.79919429439016
254.90755096168371
257.34110819832051
257.31166695353517
257.41588259394990
257.30185280380817
257.19666176601436
257.22794813724352
257.12478015222194
257.23812888416802
257.42706461586585
257.35282062350740
257.46724263203680
257.45446554133025
257.40915622902236
257.44593003056667
257.44165657864710
257.33407332674068
257.34110819832051
257.41588259394996
257.31166695353517
257.30185280380817
257.40915622902236
257.33407332674068
257.44165657864710
257.44593003056667
257.42706461586585
257.45446554133025
257.46724263203680
257.35282062350740
257.19666176601436
257.23812888416802
257.12478015222189
257.22794813724357
259.48743842523464
259.45990003484928
259.55734224608437
259.45071834135126
259.35224836347254
259.38154672719770
259.28489931571175
259.39107856460873
259.56779122271058
259.49839152339331
259.60532522076704
259.59339067998440
259.55105624377359
259.58541712503802
259.58142475717301
259.48085899339600
259.48743842523464
259.55734224608443
259.45990003484928
259.45071834135126
259.55105624377353
259.48085899339605
259.58142475717301
259.58541712503802
259.56779122271053
259.59339067998445
259.60532522076704
259.49839152339331
259.35224836347248
259.39107856460868
259.28489931571175
259.38154672719776
261.44644235920157
261.42123271467062
261.51038794915854
261.41282515290544
261.32258558761310
261.34944877062719
261.26079095617587
261.35818586847836
261.51994048620827
261.45646633167343
261.55424177146887
261.54333726528830
261.50464050329396
261.53605077016294
261.53240207922408
261.44042025275553
261.44644235920157
261.51038794915860
261.42123271467068
261.41282515290538
261.50464050329396
261.44042025275559
261.53240207922408
261.53605077016294
261.51994048620827
261.54333726528836
261.55424177146887
261.45646633167343
261.32258558761305
261.35818586847836
261.26079095617587
261.34944877062719
263.19805891588692
263.17564557698290
263.25485222030176
263.16816768442936
263.08781558685428
263.11175265213075
263.03269724141069
263.11953490909531
263.26332894159844
263.20696735221327
263.29375124236196
263.28408259158795
263.24975112947442
263.27762049592195
263.27438419670909
263.19270598845463
263.19805891588692
263.25485222030181
263.17564557698302
263.16816768442936
263.24975112947436
263.19270598845469
263.27438419670909
263.27762049592201
263.26332894159844
263.28408259158800
263.29375124236202
263.20696735221327
263.08781558685428
263.11953490909531
263.03269724141069
263.11175265213075
264.72130080227635
264.70219459965233
264.76963728531717
264.69581630935318
264.62716213662918
264.64763669190387
264.57994584015563
264.65428918428898
264.77684222073077
264.72889004188659
264.80267948581383
264.79447154833917
264.76530032086549
264.78898389538409
264.78623505884030
264.71673925862854
264.72130080227635
264.76963728531717
264.70219459965233
264.69581630935318
264.76530032086549
264.71673925862854
264.78623505884019
264.78898389538409
264.77684222073071
264.79447154833912
264.80267948581377
264.72889004188664
264.62716213662924
264.65428918428898
264.57994584015563
264.64763669190393
265.99436800920910
265.97912419936199
266.03282972003723
265.97403022489351
265.91904196089456
265.93547093219780
265.88106018617407
265.94080351477919
266.03854986672007
266.00041668191255
266.05903468894189
266.05253186109405
266.02938488997694
266.04818173263322
266.04600195352856
265.99073068125244
265.99436800920898
266.03282972003723
265.97912419936199
265.97403022489351
266.02938488997700
265.99073068125250
266.04600195352845
266.04818173263334
266.03854986672007
266.05253186109405
266.05903468894178
266.00041668191255
265.91904196089462
265.94080351477919
265.88106018617412
265.93547093219780
266.99479702488031
266.98401582094925
267.02185126702682
266.98040583420374
266.94121092068849
266.95296397317230
266.91390419577277
266.95677109159266
267.02585639264112
266.99906584076876
267.04015930668800
267.03562574568105
267.01943693469786
267.03258941107066
267.03106688275216
266.99222749814271
266.99479702488031
267.02185126702682
266.98401582094920
266.98040583420374
267.01943693469781
266.99222749814277
267.03106688275216
267.03258941107072
267.02585639264112
267.03562574568105
267.04015930668800
266.99906584076882
266.94121092068855
266.95677109159266
266.91390419577277
266.95296397317236
267.69965489560593
267.69398113164470
267.71365512365895
267.69206965305438
267.67095387867994
267.67735373467167
267.65587009477105
267.67941453117510
267.71569790599807
267.70188678130916
267.72292790219814
267.72064736067938
267.71241992443873
267.71911416739761
267.71834362731437
267.69830742813662
267.69965489560593
267.71365512365890
267.69398113164465
267.69206965305443
267.71241992443868
267.69830742813656
267.71834362731431
267.71911416739766
267.71569790599813
267.72064736067938
267.72292790219814
267.70188678130921
267.67095387868000
267.67941453117510
267.65587009477105
267.67735373467167
268.08579012046471
268.08591171606423
268.08497992241962
268.08592760681927
268.08532978872938
268.08565378609609
268.08412069324436
268.08573261087446
268.08479655531926
268.08571083503915
268.08400327940171
268.08427840203694
268.08508240055937
268.08445030779313
268.08453280384197
268.08582927430496
268.08579012046476
268.08497992241968
268.08591171606417
268.08592760681944
268.08508240055932
268.08582927430490
268.08453280384197
268.08445030779319
268.08479655531926
268.08427840203689
268.08400327940177
268.08571083503915
268.08532978872944
268.08573261087446
268.08412069324430
268.08565378609615
268.13015619516523
268.13680096277039
268.11267754029961
268.13898636732830
268.16148722568789
268.15497058728675
268.17590103455916
268.15281806953539
268.10998898447093
268.12747560875732
268.10016726992410
268.10331814557384
268.11428539870764
268.10540875449078
268.10645116347570
268.13175607068359
268.13015619516523
268.11267754029961
268.13680096277039
268.13898636732830
268.11428539870769
268.13175607068354
268.10645116347564
268.10540875449084
268.10998898447099
268.10331814557378
268.10016726992410
268.12747560875727
268.16148722568795
268.15281806953539
268.17590103455910
268.15497058728675
267.81022866868017
267.82415883615352
267.77413603936515
267.82876736709062
267.87707040109279
267.86291186003569
267.90893907122108
267.85826674979779
267.76865016327827
267.80464295510120
267.74874778384213
267.75510946992949
267.77742485527705
267.75934238407712
267.76145658797731
267.81357159134905
267.81022866868011
267.77413603936509
267.82415883615346
267.82876736709056
267.77742485527716
267.81357159134916
267.76145658797719
267.75934238407712
267.76865016327832
267.75510946992955
267.74874778384213
267.80464295510120
267.87707040109279
267.85826674979785
267.90893907122114
267.86291186003564
267.10454313762500
267.12654672893512
267.04782575691377
267.13384061012783
267.21074198386435
267.18811264443025
267.26196115548413
267.18070471333374
267.03924070286740
267.09573822396601
267.00817055887075
267.01808919034136
267.05297696240410
267.02469541854032
267.02799700962601
267.10981759173268
267.10454313762500
267.04782575691377
267.12654672893512
267.13384061012783
267.05297696240422
267.10981759173274
267.02799700962595
267.02469541854038
267.03924070286740
267.01808919034141
267.00817055887069
267.09573822396607
267.21074198386435
267.18070471333374
267.26196115548419
267.18811264443025
265.99338998628139
266.02426789592653
265.91400514728088
266.03451367828814
266.14285705489294
266.11091368325168
266.21535596368619
266.10046807523349
265.90201437828250
265.98104672577858
265.85867276720762
265.87249972297434
265.92120300131620
265.88171379592535
265.88632013536852
266.00078751637699
265.99338998628139
265.91400514728099
266.02426789592653
266.03451367828819
265.92120300131620
266.00078751637704
265.88632013536852
265.88171379592535
265.90201437828244
265.87249972297428
265.85867276720762
265.98104672577858
266.14285705489294
266.10046807523349
266.21535596368619
266.11091368325168
264.45971213424849
264.50025932652159
264.35563368292947
264.51372165657494
264.65633251084296
264.61423686338941
264.75203023560016
264.60048042204664
264.33993332466741
264.44351383065452
264.28322652140486
264.30130993743614
264.36506086650820
264.31336425593196
264.31939164946351
264.46942283809938
264.45971213424855
264.35563368292952
264.50025932652159
264.51372165657500
264.36506086650820
264.46942283809943
264.31939164946345
264.31336425593196
264.33993332466741
264.30130993743609
264.28322652140491
264.44351383065447
264.65633251084296
264.60048042204659
264.75203023560016
264.61423686338929
262.49026460806351
262.54124335279187
262.35955197390075
262.55817610233339
262.73776823337954
262.68471456175655
262.85851144524827
262.66738483504582
262.33985126981764
262.46990772787353
262.26873338045311
262.29140606276127
262.37138331765266
262.30652284871849
262.31408252443521
262.50247072030618
262.49026460806357
262.35955197390075
262.54124335279187
262.55817610233345
262.37138331765260
262.50247072030623
262.31408252443509
262.30652284871843
262.33985126981764
262.29140606276127
262.26873338045311
262.46990772787359
262.73776823337954
262.66738483504582
262.85851144524827
262.68471456175655
260.07710888641799
260.13921130180171
259.91800371121474
260.15984515459633
260.37888988656579
260.31414341479586
260.52636578302514
260.29300125282708
259.89403965981512
260.05231805202442
259.80756562272012
259.83512812284442
259.93239741420734
259.85350814939108
259.86270062614079
260.09197579836024
260.07710888641793
259.91800371121474
260.13921130180171
260.15984515459621
259.93239741420729
260.09197579836024
259.86270062614074
259.85350814939096
259.89403965981523
259.83512812284420
259.80756562272018
260.05231805202448
260.37888988656579
260.29300125282714
260.52636578302508
260.31414341479592
257.21952897568042
257.29332541086001
257.03058829437691
257.31785075772359
257.57839673925042
257.50134666656396
257.75401313050463
257.47619357646857
257.00214582618020
257.19007762791011
256.89954447783407
256.93224176017583
257.04767381992997
256.95404881511809
256.96495613899549
257.23719285978456
257.21952897568036
257.03058829437697
257.29332541085995
257.31785075772353
257.04767381993003
257.23719285978456
256.96495613899543
256.95404881511809
257.00214582618025
256.93224176017571
256.89954447783407
257.19007762791011
257.57839673925037
257.47619357646857
257.75401313050463
257.50134666656390
253.92646601118923
254.01233506143703
253.70674283796950
254.04087880950431
254.34430772302255
254.25453907295380
254.54903049627387
254.22524074552024
253.67368217612429
253.89220442524967
253.55445533435460
253.59244513457958
253.72660450019009
253.61778495149966
253.63046016794550
253.94701704159169
253.92646601118923
253.70674283796950
254.01233506143697
254.04087880950431
253.72660450019026
253.94701704159175
253.63046016794547
253.61778495149974
253.67368217612434
253.59244513457952
253.55445533435466
253.89220442524967
254.34430772302250
254.22524074552035
254.54903049627387
254.25453907295380
250.21956549261938
250.31760093752663
249.96884893247079
250.35019567156772
250.69689735233666
250.59428652932556
250.93103429217706
250.56080412770058
249.93114196920331
250.18045803084351
249.79519615949013
249.83850691973933
249.99150407387165
249.86739916808904
249.88185232546502
250.24302553314016
250.21956549261938
249.96884893247082
250.31760093752663
250.35019567156772
249.99150407387171
250.24302553314024
249.88185232546502
249.86739916808904
249.93114196920331
249.83850691973925
249.79519615949019
250.18045803084345
250.69689735233672
250.56080412770066
250.93103429217703
250.59428652932556
246.13690025028947
246.24679044660360
245.85602655959281
246.28333445669296
246.67228562109574
246.55712434996624
246.93520592399850
246.51955508626256
245.81380396576628
246.09307363400481
245.66162097946292
245.71009738914196
245.88139728789150
245.74243940808597
245.75861943471099
246.16319394068904
246.13690025028944
245.85602655959283
246.24679044660357
246.28333445669298
245.88139728789153
246.16319394068904
245.75861943471097
245.74243940808603
245.81380396576628
245.71009738914199
245.66162097946295
246.09307363400467
246.67228562109580
246.51955508626259
246.93520592399855
246.55712434996622
241.73734537794596
241.85822258321201
241.42858622122802
241.89842990983692
242.32666717263871
242.19981763350481
242.61645007587450
242.15844554139770
241.38219620195724
241.68914897275698
241.21504571816115
241.26828084096883
241.45646415340693
241.30380243162853
241.32157454183442
241.76626401852781
241.73734537794596
241.42858622122799
241.85822258321198
241.89842990983692
241.45646415340690
241.76626401852778
241.32157454183442
241.30380243162855
241.38219620195721
241.26828084096874
241.21504571816109
241.68914897275681
242.32666717263871
242.15844554139775
242.61645007587452
242.19981763350484
237.10539518775508
237.23565756510089
236.77291542546479
237.27899894604082
237.74099462806166
237.60407344022087
238.05401199043916
237.55942954738109
236.72299288873791
237.05347216682384
236.54318253599499
236.60043802680144
236.80292016971509
236.63864829002199
236.65776740827357
237.13655409291476
237.10539518775505
236.77291542546476
237.23565756510087
237.27899894604082
236.80292016971504
237.13655409291479
236.65776740827351
236.63864829002193
236.72299288873788
236.60043802680138
236.54318253599502
237.05347216682381
237.74099462806169
237.55942954738117
238.05401199043925
237.60407344022082
232.35586782209120
232.49298785377422
232.00621633565919
232.53862707052448
233.02561363218447
232.88119149871690
233.35607540305858
232.83411902769433
231.95375680995329
232.30123164706555
231.76489885905875
231.82501996640110
232.03775109197983
231.86515061813932
231.88523302799632
232.38866045525864
232.35586782209120
232.00621633565910
232.49298785377417
232.53862707052437
232.03775109197974
232.38866045525873
231.88523302799629
231.86515061813927
231.95375680995326
231.82501996640104
231.76489885905869
232.30123164706552
233.02561363218450
232.83411902769436
233.35607540305861
232.88119149871690
227.63738307830181
227.77773540406474
227.27992969270824
227.82447188462967
228.32382681313220
228.17561141830399
228.66336121426949
228.12732531661527
227.22635460241611
227.58148597494142
227.03360031529303
227.09494139108892
227.31214197785218
227.13589698130346
227.15639539617968
227.67093991869618
227.63738307830181
227.27992969270812
227.77773540406469
227.82447188462959
227.31214197785221
227.67093991869615
227.15639539617962
227.13589698130349
227.22635460241608
227.09494139108892
227.03360031529297
227.58148597494142
228.32382681313217
228.12732531661530
228.66336121426960
228.17561141830404
223.13272293656510
223.27149305933440
222.77988061320835
223.31773098731759
223.81263207657315
223.66557313434436
224.15003671073330
223.61769380902950
222.72706926090368
223.07749162937179
222.53722100704991
222.59761033370074
222.81164286230415
222.63794449784521
222.65813609580997
223.16588985454305
223.13272293656510
222.77988061320823
223.27149305933435
223.31773098731753
222.81164286230413
223.16588985454311
222.65813609580991
222.63794449784521
222.72706926090368
222.59761033370071
222.53722100704994
223.07749162937179
223.81263207657315
223.61769380902950
224.15003671073339
223.66557313434436
219.05336822834988
219.18463553957989
218.72035759579384
219.22841034799302
219.69808384543211
219.55830599861039
220.01945930391250
219.51283627685433
218.67060882771784
219.00116941294215
218.49197543430665
218.54876240854472
218.75028982411598
218.58670877018443
218.60571048116768
219.08472681165188
219.05336822834988
218.72035759579381
219.18463553957992
219.22841034799299
218.75028982411595
219.08472681165193
218.60571048116762
218.58670877018446
218.67060882771781
218.54876240854463
218.49197543430671
219.00116941294212
219.69808384543202
219.51283627685436
220.01945930391247
219.55830599861039
215.62516932054004
215.74227490419719
215.32904181063168
215.78137381211999
216.20232303676599
216.07677235823152
216.49184805764193
216.03598030547587
215.28492255574974
215.57866072945535
215.12676329398278
215.17699726140279
215.35560204053888
215.21058784880339
215.22741532716103
215.65312561130040
215.62516932053998
215.32904181063165
215.74227490419710
215.78137381211999
215.35560204053880
215.65312561130037
215.22741532716097
215.21058784880339
215.28492255574972
215.17699726140276
215.12676329398278
215.57866072945532
216.20232303676599
216.03598030547585
216.49184805764193
216.07677235823149
213.06318288699433
213.15946044702565
212.82090855192388
213.19166338559646
213.54016671087598
213.43588371879818
213.78171819837900
213.40206317720779
212.78496090839275
213.02501908052301
212.65641790759372
212.69719024246402
212.84256813239577
212.72448266884689
212.73816363280341
213.08614315321921
213.06318288699430
212.82090855192388
213.15946044702562
213.19166338559640
212.84256813239571
213.08614315321924
212.73816363280335
212.72448266884692
212.78496090839275
212.69719024246399
212.65641790759375
213.02501908052295
213.54016671087604
213.40206317720782
213.78171819837902
213.43588371879818
211.53712889427280
211.60696205207805
211.36286095482851
211.63039162115371
211.88617488920406
211.80921732125921
212.06575450470964
211.78433462527002
211.33718696854442
211.50953753259580
211.24578016800083
211.27470511744227
211.37835356281548
211.29410264787865
211.30383677921023
211.55375328468679
211.53712889427280
211.36286095482848
211.60696205207802
211.63039162115371
211.37835356281539
211.55375328468682
211.30383677921026
211.29410264787865
211.33718696854447
211.27470511744227
211.24578016800092
211.50953753259574
211.88617488920409
211.78433462527008
212.06575450470962
211.80921732125921
211.13414147977284
211.17411825148085
211.03626909718054
211.18762373591787
211.33831324410374
211.29254182553845
211.44681683998422
211.27783960085077
211.02208836443185
211.11846305520672
210.97212287784546
210.98784453186713
211.04485666221316
210.99843450643237
211.00376281010938
211.14362021045886
211.13414147977284
211.03626909718051
211.17411825148082
211.18762373591787
211.04485666221316
211.14362021045886
211.00376281010935
210.99843450643237
211.02208836443185
210.98784453186713
210.97212287784544
211.11846305520666
211.33831324410374
211.27783960085083
211.44681683998425
211.29254182553845
211.83266990712573
211.84245764797546
211.81164284729047
211.84590886112636
211.88911579647544
211.87524072027341
211.92455626818736
211.87092956543788
211.80897332247656
211.82901247548634
211.80040648853844
211.80295666436223
211.81330834810828
211.80475083807809
211.80567634782608
211.83493141766215
211.83266990712571
211.81164284729044
211.84245764797549
211.84590886112633
211.81330834810825
211.83493141766215
211.80567634782608
211.80475083807812
211.80897332247656
211.80295666436226
211.80040648853844
211.82901247548637
211.88911579647544
211.87092956543782
211.92455626818736
211.87524072027338
213.49688831368286
213.47939712095308
213.54490783439999
213.47374397682279
213.41871357267107
213.43401929003744
213.38694330276786
213.43919349621433
213.55253300157949
213.50406894673893
213.58088597937021
213.57170728062098
213.54037675022559
213.56565986445383
213.56265746445320
213.49263620870019
213.49688831368286
213.54490783439999
213.47939712095308
213.47374397682273
213.54037675022556
213.49263620870019
213.56265746445325
213.56565986445386
213.55253300157949
213.57170728062098
213.58088597937021
213.50406894673890
213.41871357267107
213.43919349621436
213.38694330276783
213.43401929003744
215.89972254630166
215.86037184213680
216.00273823134424
215.84740643351691
215.71321656981857
215.75221442350770
215.62654974246442
215.76507136195011
216.01852243024939
215.91556735027351
216.07604945800620
216.05761726459357
215.99329096938806
216.04537561415461
216.03926818145084
215.89025765585004
215.89972254630166
216.00273823134418
215.86037184213686
215.84740643351688
215.99329096938806
215.89025765585001
216.03926818145092
216.04537561415455
216.01852243024939
216.05761726459352
216.07604945800622
215.91556735027351
215.71321656981857
215.76507136195011
215.62654974246442
215.75221442350772
218.77068088810373
218.71592175677097
218.91226076674431
218.69779160486360
218.50734602990994
218.56324808765581
218.38128474872406
218.58157418175350
218.93374230836554
218.79262012330454
219.01159242411168
218.98672226049672
218.89937767622635
218.97016686293114
218.96189576393982
218.75754580628825
218.77068088810373
218.91226076674434
218.71592175677097
218.69779160486357
218.89937767622644
218.75754580628825
218.96189576393988
218.97016686293114
218.93374230836554
218.98672226049672
219.01159242411165
218.79262012330452
218.50734602990994
218.58157418175350
218.38128474872403
218.56324808765581
221.85226538078260
221.78775053396544
222.01829730020634
221.76635134463353
221.54029909011197
221.60690372097034
221.38926435850834
221.62869148447163
222.04339773147822
221.87806490543559
222.13417558269850
222.10520670499420
222.00323277347215
222.08590683784010
222.07625971562911
221.83680606015000
221.85226538078260
222.01829730020634
221.78775053396541
221.76635134463359
222.00323277347218
221.83680606015005
222.07625971562911
222.08590683784016
222.04339773147822
222.10520670499429
222.13417558269842
221.87806490543559
221.54029909011197
221.62869148447155
221.38926435850826
221.60690372097034
224.94937027791150
224.87836834906693
225.13203466962034
224.85481303903072
224.60579425202477
224.67920833229735
224.43914277712796
224.70321498953552
225.15964532049713
224.97775922406498
225.25950045376158
225.22763463041116
225.11546330518087
225.20640495553565
225.19579323356845
224.93235814208367
224.94937027791150
225.13203466962028
224.87836834906696
224.85481303903072
225.11546330518084
224.93235814208364
225.19579323356857
225.20640495553567
225.15964532049713
225.22763463041125
225.25950045376149
224.97775922406504
224.60579425202477
224.70321498953552
224.43914277712801
224.67920833229732
227.95363204619613
227.87644539722569
228.15266018791161
227.85085960319091
227.58100576138960
227.66044491442651
227.40102367191551
227.68644273691552
228.18280196482777
227.98452112699965
228.29193934212299
228.25708943848556
228.13457702690030
228.23388313501559
228.22228680632304
227.93512919517755
227.95363204619611
228.15266018791152
227.87644539722564
227.85085960319091
228.13457702690027
227.93512919517752
228.22228680632313
228.23388313501559
228.18280196482777
228.25708943848562
228.29193934212290
227.98452112699968
227.58100576138960
227.68644273691552
227.40102367191551
227.66044491442651
230.82731353118663
230.74224440837349
231.04731924874139
230.71407750313111
230.41798318492488
230.50495852658082
230.22152002970580
230.53345711281099
231.08071837948714
230.86139709540817
231.20182297593001
231.16312243315451
231.02729191299616
231.13736718325970
231.12450169648980
230.80690807272549
230.82731353118669
231.04731924874136
230.74224440837349
230.71407750313105
231.02729191299619
230.80690807272546
231.12450169648986
231.13736718325973
231.08071837948711
231.16312243315463
231.20182297593004
230.86139709540828
230.41798318492485
230.53345711281096
230.22152002970574
230.50495852658085
233.56199842439858
233.46663923003095
233.80926873481522
233.43509723744228
233.10452587187100
233.20143441155250
232.88624740207544
233.23322346163093
233.84688648812568
233.60024497312813
233.98345720827805
233.93978571389709
233.78672162121404
233.91073706834666
233.89623089353100
233.53911156753324
233.56199842439858
233.80926873481522
233.46663923003098
233.43509723744228
233.78672162121410
233.53911156753324
233.89623089353103
233.91073706834669
233.84688648812568
233.93978571389712
233.98345720827805
233.60024497312813
233.10452587187103
233.23322346163096
232.88624740207541
233.20143441155247
236.15348564567557
236.04514740670601
236.43501552376810
236.00934213408937
235.63502942857664
235.74457784045794
235.38887248867405
235.78054700558496
236.47791840877909
236.19697514611997
236.63383129391943
236.58394875690681
236.40930965679388
236.55078217318203
236.53422365563154
236.12747152649447
236.15348564567560
236.43501552376816
236.04514740670604
236.00934213408934
236.40930965679397
236.12747152649445
236.53422365563165
236.55078217318206
236.47791840877912
236.58394875690689
236.63383129391940
236.19697514612002
235.63502942857664
235.78054700558488
235.38887248867408
235.74457784045794
238.59806655367933
238.47380460856687
238.92149749268299
238.43276252748711
238.00452779779610
238.12969548445858
237.72380312282519
238.17082315375916
238.97084824430320
238.64798054170757
239.15032385469408
239.09288084455255
238.89193594878822
239.05469861925718
239.03563944072110
238.56821825900934
238.59806655367933
238.92149749268307
238.47380460856684
238.43276252748714
238.89193594878822
238.56821825900934
239.03563944072118
239.05469861925724
238.97084824430323
239.09288084455270
239.15032385469402
238.64798054170765
238.00452779779607
238.17082315375910
237.72380312282516
238.12969548445861
240.89271271614788
240.74935072203542
241.26626452138314
240.70202062464938
240.20883842269006
240.35285815722412
239.88626919755382
240.40020481000633
241.32331097979252
240.95032430604633
241.53087239373775
241.46442384759374
241.23209900084629
241.42026409033465
241.39822370725790
240.85826816298663
240.89271271614788
241.26626452138319
240.74935072203544
240.70202062464941
241.23209900084638
240.85826816298660
241.39822370725796
241.42026409033471
241.32331097979252
241.46442384759385
241.53087239373770
240.95032430604635
240.20883842269006
240.40020481000627
239.88626919755379
240.35285815722418
243.03530180347758
242.86946576223508
243.46767778098970
242.81472969960623
242.24483479124063
242.41116379050317
241.87261606824896
242.46586217070359
243.53373765098530
243.10196163990048
243.77415336001593
243.69717714354891
243.42811764056503
243.64602596709489
243.62049765123896
242.99545203599055
243.03530180347752
243.46767778098976
242.86946576223502
242.81472969960623
243.42811764056515
242.99545203599047
243.62049765123908
243.64602596709489
243.53373765098539
243.69717714354903
243.77415336001599
243.10196163990057
242.24483479124063
242.46586217070347
241.87261606824896
242.41116379050320
245.02484135674226
244.83300424912071
245.52510567248677
244.76969196014258
244.11072022548251
244.30300083024864
243.68060125021634
244.36624268494100
245.60154701632368
245.10195929041080
245.87975827721255
245.79067872403448
245.47932951172731
245.73148574194178
245.70194427137278
244.97874139648420
245.02484135674226
245.52510567248683
244.83300424912071
244.76969196014258
245.47932951172740
244.97874139648417
245.70194427137284
245.73148574194178
245.60154701632368
245.79067872403451
245.87975827721252
245.10195929041095
244.11072022548245
244.36624268494094
243.68060125021637
244.30300083024872
246.86167983297685
246.64021719615295
247.43910661422157
246.56712415829662
245.80629137439328
246.02830065396225
245.30968266550775
246.10131983116781
247.52732406983819
246.95070221190019
247.84835681325947
247.74557318866093
247.38627642764419
247.67727029596301
247.64318128766871
246.80846215432328
246.86167983297685
247.43910661422154
246.64021719615297
246.56712415829662
247.38627642764422
246.80846215432328
247.64318128766874
247.67727029596301
247.52732406983822
247.74557318866101
247.84835681325941
246.95070221190031
245.80629137439328
246.10131983116776
245.30968266550769
246.02830065396225
248.54769329544283
248.29294975473903
249.21158802419816
248.20885888718129
247.33317850435034
247.58876631224859
246.76128518620524
247.67281808913179
249.31297490620176
248.65007590198380
249.68183693804741
249.56375656364068
249.15086583433350
249.48527983999494
249.44611064830605
248.48648391759548
248.54769329544283
249.21158802419822
248.29294975473908
248.20885888718132
249.15086583433353
248.48648391759539
249.44611064830607
249.48527983999500
249.31297490620182
249.56375656364074
249.68183693804733
248.65007590198400
247.33317850435031
247.67281808913168
246.76128518620516
247.58876631224865
250.08643554458195
249.79480189551708
250.84593048461028
249.69850881393654
248.69504865012667
248.98806396836179
248.03903095797980
249.08440058974162
250.96184712041162
250.20361238229026
251.38341208764925
251.24848762351212
250.77649725575202
251.15880204097715
251.11403406817817
250.01637262960344
250.08643554458195
250.84593048461034
249.79480189551714
249.69850881393657
250.77649725575208
250.01637262960341
251.11403406817826
251.15880204097718
250.96184712041162
251.24848762351218
251.38341208764922
250.20361238229046
248.69504865012667
249.08440058974148
248.03903095797978
248.98806396836181
251.48323945257783
251.15123936296456
252.34706628943894
251.04158091515282
249.89775704904415
250.23196291163899
249.14891800616357
250.34180547290717
252.47880516942627
251.61658780263699
252.95768559834184
252.80445570979956
252.26814278702187
252.70258214924939
252.65172432613249
251.40349417097354
251.48323945257786
252.34706628943908
251.15123936296459
251.04158091515282
252.26814278702193
251.40349417097346
252.65172432613264
252.70258214924945
252.47880516942632
252.80445570979964
252.95768559834178
251.61658780263718
249.89775704904415
250.34180547290705
249.14891800616351
250.23196291163896
252.74525785031574
252.36964259769962
253.72150242477809
252.24552819355648
250.94943213138041
251.32841005134676
250.09943103039285
251.45291707047016
253.87025100283537
252.89606028065384
254.41066364481844
254.23779598592435
253.63237153072086
254.12283986902216
254.06544296449758
252.65505711832876
252.74525785031574
253.72150242477821
252.36964259769960
252.24552819355651
253.63237153072086
252.65505711832870
254.06544296449769
254.12283986902216
253.87025100283532
254.23779598592441
254.41066364481833
252.89606028065398
250.94943213138038
251.45291707046997
250.09943103039276
251.32841005134676
253.88143361429644
253.45928249140056
254.97727957117951
253.31972747866305
251.86047985341173
252.28752551215592
250.90156829043343
252.42775880814784
255.14408183415563
254.05083793357218
255.74970954548385
255.55604468021693
254.87730939452661
255.42722531382503
255.36289662689106
253.78008412072987
253.88143361429650
254.97727957117954
253.45928249140053
253.31972747866317
254.87730939452663
253.78008412072981
255.36289662689120
255.42722531382512
255.14408183415563
255.55604468021704
255.74970954548371
254.05083793357241
251.86047985341168
252.42775880814767
250.90156829043337
252.28752551215592
254.90239072055127
254.43121385743919
256.12386099268599
254.27537389368030
252.64349458340797
253.12150756770217
251.56876939484803
253.27839639331060
256.30957921007257
255.09136921254944
256.98343459192921
256.76802916529931
256.01252793599764
256.62470868407615
256.55312656432960
254.78930345236219
254.90239072055130
256.12386099268605
254.43121385743925
254.27537389368041
256.01252793599775
254.78930345236202
256.55312656432983
256.62470868407627
256.30957921007263
256.76802916529942
256.98343459192904
255.09136921254958
252.64349458340786
253.27839639331046
251.56876939484786
253.12150756770214
255.82024107240659
255.29808050137689
257.17194820792844
255.12528555380072
253.31306637626568
253.84443791095870
252.11673102137041
254.01874265672058
257.37722655101106
256.02955069848201
258.12152349476276
257.88369068774472
257.04885897812773
257.72540128747272
257.64632883144247
255.69495533265578
255.82024107240659
257.17194820792861
255.29808050137694
255.12528555380072
257.04885897812778
255.69495533265567
257.64632883144276
257.72540128747283
257.37722655101106
257.88369068774483
258.12152349476258
256.02955069848218
253.31306637626557
254.01874265672035
252.11673102137024
253.84443791095879
256.64830591691430
256.07382984540061
258.13322409056900
255.88361614653783
253.88547856024016
254.47198237923001
252.56310150926643
254.66425953973874
258.35845603841261
256.87845149533678
259.17449603714164
258.91384112948725
257.99813549982923
258.74030913415828
258.65360632710735
256.51051162985556
256.64830591691430
258.13322409056912
256.07382984540061
255.88361614653783
257.99813549982935
256.51051162985550
258.65360632710764
258.74030913415839
258.35845603841261
258.91384112948748
259.17449603714141
256.87845149533712
253.88547856024016
254.66425953973845
252.56310150926620
254.47198237923016
257.40075557995908
256.77334017036378
259.02002839575584
256.56547821513436
254.37829523915943
255.02098780876946
252.92705112342659
255.23155823027631
259.26532998114362
257.65195819011484
260.15341043887003
259.86985920604241
258.87286370955229
259.68102443597809
259.58665796776825
257.25031252728832
257.40075557995908
259.02002839575607
256.77334017036389
256.56547821513442
258.87286370955252
257.25031252728820
259.58665796776859
259.68102443597826
259.26532998114362
259.86985920604258
260.15341043886991
257.65195819011518
254.37829523915948
255.23155823027608
252.92705112342625
255.02098780876949
258.09217684890081
257.41196948007467
259.84497541183066
257.18648601908217
254.80984547797877
255.50898254783294
253.22872258588185
255.73790519946067
260.11016636029620
258.36434980915254
261.06951801329376
260.76333574074869
259.68583599437159
260.55936467685740
260.45741467130864
257.92912941292622
258.09217684890081
259.84497541183083
257.41196948007473
257.18648601908228
259.68583599437176
257.92912941292610
260.45741467130898
260.55936467685751
260.11016636029620
260.76333574074880
261.06951801329359
258.36434980915288
254.80984547797880
255.73790519946041
253.22872258588154
255.50898254783303
258.73708319819974
258.00504133912096
260.62052811617309
257.76223335329257
255.19861916469759
255.95359587610849
253.48857581780260
256.20064944405470
260.90512275967342
259.02981787754419
261.93388260740721
261.60568175012475
260.44969922063399
261.38697314425048
261.27763611633696
258.56166923370944
258.73708319819974
260.62052811617332
258.00504133912102
257.76223335329269
260.44969922063410
258.56166923370927
261.27763611633731
261.38697314425059
260.90512275967347
261.60568175012497
261.93388260740699
259.02981787754453
255.19861916469750
256.20064944405448
253.48857581780234
255.95359587610861
259.34938859295698
258.56728915326471
261.35854738420517
258.30772802214472
255.56259806721633
256.37191943104546
253.72665092956709
256.63659387555327
261.66175686852455
259.66195200357134
262.75698164256079
262.40771660400281
261.17649714905781
262.17489847792638
262.05848597793977
259.16204123195047
259.34938859295710
261.35854738420534
258.56728915326482
258.30772802214477
261.17649714905792
259.16204123195024
262.05848597794017
262.17489847792655
261.66175686852466
262.40771660400304
262.75698164256062
259.66195200357168
255.56259806721624
256.63659387555299
253.72665092956677
256.37191943104551
259.94187011027685
259.11228547449230
262.06983792294534
258.83680998793761
255.91855339424995
256.77984076025456
253.96178316077612
257.06134057088764
262.39058467967971
260.27321568279314
263.54830788908868
263.17925602935969
261.87720896400100
262.93317342830011
262.81010604357908
259.74321162827039
259.94187011027691
262.06983792294562
259.11228547449235
258.83680998793767
261.87720896400117
259.74321162827022
262.81010604357954
262.93317342830034
262.39058467967971
263.17925602935998
263.54830788908845
260.27321568279348
255.91855339424995
257.06134057088730
253.96178316077584
256.77984076025473
260.52564738354891
259.65188622770074
262.76371417554009
259.36158372154028
256.28134706210102
257.19138424405497
254.21081130674622
257.48864448526865
263.10065892866021
260.87443957568576
264.31599203634306
263.92872080298440
262.56130758661470
263.67041419636450
263.54121084597716
260.31647470790449
260.52564738354897
262.76371417554037
259.65188622770080
259.36158372154040
262.56130758661499
260.31647470790438
263.54121084597762
263.67041419636462
263.10065892866021
263.92872080298457
264.31599203634283
260.87443957568610
256.28134706210102
257.48864448526831
254.21081130674591
257.19138424405509
261.10970733960698
260.19572061973082
263.44760911373100
259.89189629096683
256.66327678982657
257.61809691252074
254.48782579612757
257.92981231280476
263.79918989691640
261.47435983272948
265.06646541573559
264.66278635496946
263.23636117120213
264.39346116258741
264.25872391577963
260.89096932282507
261.10970733960704
263.44760911373123
260.19572061973093
259.89189629096688
263.23636117120242
260.89096932282490
264.25872391578008
264.39346116258758
263.79918989691640
264.66278635496963
265.06646541573537
261.47435983272987
256.66327678982651
257.92981231280442
254.48782579612720
257.61809691252074
261.70050058370560
260.75075554777811
264.12674647760832
260.43489084739383
257.07350435032248
258.06851549275348
254.80350294812987
258.39318187746204
264.49122833012603
262.07922687015019
265.80417985154452
265.38609111869573
263.90769883783912
265.10707942699645
264.96747437331669
261.47326774391973
261.70050058370566
264.12674647760861
260.75075554777823
260.43489084739394
263.90769883783929
261.47326774391956
264.96747437331715
265.10707942699662
264.49122833012609
265.38609111869596
265.80417985154423
262.07922687015059
257.07350435032242
258.39318187746164
254.80350294812953
258.06851549275359
262.30163118429897
261.32095862358938
264.80389279581095
260.99466044235169
257.51760158585370
258.54774624320265
255.16456757747170
258.88371264981964
265.17942606605732
262.69250544408158
266.53139773187763
266.10101748973108
264.57815742767599
265.81373355058753
265.66996851782437
262.06705916826377
262.30163118429897
264.80389279581124
261.32095862358955
260.99466044235186
264.57815742767616
262.06705916826365
265.66996851782483
265.81373355058776
265.17942606605732
266.10101748973136
266.53139773187735
262.69250544408203
257.51760158585358
258.88371264981919
255.16456757747130
258.54774624320271
262.91365499048737
261.90707695121910
265.47919985205431
261.57202001421945
257.99724058127129
259.05718121883137
255.57341734214569
259.40271017676588
265.86388444412501
263.31468039785597
267.24806039144374
266.80755408949426
265.24792031306202
266.51344561076081
266.36624573954867
262.67294348044271
262.91365499048743
265.47919985205465
261.90707695121910
261.57202001421956
265.24792031306225
262.67294348044254
266.36624573954907
266.51344561076098
265.86388444412506
266.80755408949454
267.24806039144352
263.31468039785648
257.99724058127123
259.40271017676537
255.57341734214529
259.05718121883137
263.53399373362629
262.50654035147778
266.15014175532849
262.16440574752352
258.51004367863828
259.59436452204568
256.02793011266147
259.94769732428313
266.54209425703647
263.94317479668030
267.95173727235397
267.50324218949737
265.91445266655353
267.20373969816376
267.05382202152242
263.28834285191010
263.53399373362629
266.15014175532883
262.50654035147784
262.16440574752363
265.91445266655376
263.28834285190999
267.05382202152288
267.20373969816393
266.54209425703647
267.50324218949760
267.95173727235374
263.94317479668069
258.51004367863817
259.94769732428273
256.02793011266112
259.59436452204579
264.15696384075056
263.11348873332548
266.81154400798812
262.76590178593779
259.04959713301747
260.15301103840642
256.52146175224942
260.51243444061078
267.20896445789492
264.57237909779388
268.63765252131287
268.18320311537093
266.57253069758974
267.87966978962305
267.72771802597140
263.90753028142183
264.15696384075056
266.81154400798846
263.11348873332560
262.76590178593796
266.57253069759003
263.90753028142166
267.72771802597191
267.87966978962328
267.20896445789492
268.18320311537116
268.63765252131259
264.57237909779434
259.04959713301736
260.51243444061032
256.52146175224897
260.15301103840653
264.77391065390589
263.71891441927085
267.45569522261655
263.36738515734044
259.60562032046903
260.72316914999288
257.04302758490371
261.08707981706669
267.85693029367826
265.19378202137801
269.29877981589232
268.84023737651358
267.21435549874695
268.53392171585273
268.38056247171875
264.52176579224891
264.77391065390600
267.45569522261690
263.71891441927096
263.36738515734061
267.21435549874724
264.52176579224869
268.38056247171920
268.53392171585296
267.85693029367826
268.84023737651381
269.29877981589203
265.19378202137858
259.60562032046903
261.08707981706624
257.04302758490337
260.72316914999305
265.37343028038208
264.31090121568963
268.07252487089886
263.95677056083116
260.16427080098538
261.29150809245516
257.57764718734751
261.65847123850580
268.47612442641571
265.79618552395573
269.92598962790350
269.46497952272733
267.82973477816415
269.15697308772775
269.00275459766073
265.11952240605274
265.37343028038219
268.07252487089920
264.31090121568974
263.95677056083133
267.82973477816444
265.11952240605251
269.00275459766118
269.15697308772798
268.47612442641577
269.46497952272762
269.92598962790316
265.79618552395618
260.16427080098532
261.65847123850534
257.57764718734711
261.29150809245522
265.94165029400625
264.87493064102711
268.64982024305738
264.51932515526414
260.70855232436264
261.84169797234784
258.10681741258946
262.21049693868770
269.05458450189462
266.36597540999861
270.50822336933953
270.04608286409996
268.40630548603508
269.73728510862594
269.58265953463388
265.68677292250680
265.94165029400625
268.64982024305772
264.87493064102728
264.51932515526426
268.40630548603531
265.68677292250663
269.58265953463427
269.73728510862617
269.05458450189462
270.04608286410019
270.50822336933931
266.36597540999907
260.70855232436253
262.21049693868724
258.10681741258907
261.84169797234802
266.46251979607410
265.39420480555481
269.17343554478009
265.03800249636481
261.21877093710793
262.35482884296886
258.60905577566967
262.72450275234877
269.57845043588878
266.88739848393124
271.03264888607811
270.57038814547235
268.92975005348143
270.26148011122029
270.10679029643148
266.20728777408004
266.46251979607416
269.17343554478032
265.39420480555492
265.03800249636492
268.92975005348165
266.20728777407987
270.10679029643188
270.26148011122046
269.57845043588884
270.57038814547258
271.03264888607782
266.88739848393169
261.21877093710788
262.72450275234837
258.60905577566933
262.35482884296897
266.91800700978240
265.84988293446435
269.62739421162172
265.49369221471102
261.67293129865840
262.80976232268324
259.06040299089017
263.17962938746348
270.03205292227761
267.34274488023374
271.48470031001767
271.02297871013923
269.38390706733912
270.71440703384764
270.55987844464897
266.66284184953901
266.91800700978246
269.62739421162195
265.84988293446435
265.49369221471107
269.38390706733935
266.66284184953889
270.55987844464943
270.71440703384781
270.03205292227761
271.02297871013945
271.48470031001739
267.34274488023425
261.67293129865840
263.17962938746308
259.06040299088971
262.80976232268341
267.28793783388807
266.22096319831559
269.99362259069824
265.86511652310259
262.04679846821853
263.18314268841237
259.43460625479696
263.55280730503176
270.39763205134761
267.71216971329221
271.84774388211980
271.38686288685352
269.75051409054538
271.07883499001821
270.92457329216927
267.03306328605407
267.28793783388812
269.99362259069858
266.22096319831559
265.86511652310270
269.75051409054572
267.03306328605396
270.92457329216973
271.07883499001832
270.39763205134761
271.38686288685375
271.84774388211946
267.71216971329267
262.04679846821853
263.55280730503137
259.43460625479651
263.18314268841249
267.54849693517298
266.48282582506152
270.25035248825151
266.12738774264176
262.31262285746470
263.44806954032600
259.70197248265833
263.81741282677393
270.65372612355941
267.97217796092917
272.10141956407978
271.64133024875144
270.00761859642432
271.33381950103137
271.17981318613039
267.29394443593503
267.54849693517303
270.25035248825179
266.48282582506164
266.12738774264187
270.00761859642461
267.29394443593486
271.17981318613079
271.33381950103160
270.65372612355947
271.64133024875167
272.10141956407949
267.97217796092968
262.31262285746465
263.81741282677353
259.70197248265788
263.44806954032612
267.66132208754203
266.59629954224852
270.36131165236998
266.24106670950596
262.42815277112800
263.56311622329235
259.81839271316602
263.93228989666312
270.76437959581858
268.08473147522074
272.21091827911835
271.75120571111665
270.11875833076158
271.44394170734853
271.29005743928843
267.40692902434000
267.66132208754215
270.36131165237032
266.59629954224869
266.24106670950607
270.11875833076186
267.40692902433983
271.29005743928889
271.44394170734876
270.76437959581864
271.75120571111688
272.21091827911800
268.08473147522125
262.42815277112794
263.93228989666267
259.81839271316562
263.56311622329252
# pressure_fl
# rank
2
# size
32
90
# lbound
1
1
# entries
0.65775703831922294
0.65549590938162206
0.66354260215548289
0.65474426857644097
0.64675327586504860
0.64911757338655085
0.64136059185666372
0.64988918602810897
0.66441311228029909
0.65865920465936090
0.66755244280464676
0.66655214053680789
0.66301963011868459
0.66588492458181026
0.66555117723340840
0.65721588944621678
0.65775703831922250
0.66354260215548377
0.65549590938162294
0.65474426857644086
0.66301963011868548
0.65721588944621800
0.66555117723340851
0.66588492458181081
0.66441311228029920
0.66655214053680756
0.66755244280464665
0.65865920465936145
0.64675327586504860
0.64988918602810886
0.64136059185666228
0.64911757338655085
1.0792736848932829
1.0756304167273563
1.0885946381318050
1.0744192737928431
1.0615414667323364
1.0653519454473743
1.0528492076125686
1.0665954761299032
1.0899969555104714
1.0807272425628573
1.0950538542552357
1.0934425965591033
1.0877521578219298
1.0923678386179612
1.0918302273464293
1.0784017750146659
1.0792736848932822
1.0885946381318066
1.0756304167273576
1.0744192737928429
1.0877521578219311
1.0784017750146679
1.0918302273464295
1.0923678386179621
1.0899969555104716
1.0934425965591026
1.0950538542552357
1.0807272425628580
1.0615414667323364
1.0665954761299028
1.0528492076125664
1.0653519454473743
1.6576513191446181
1.6521475104373817
1.6717308119122223
1.6503177901445867
1.6308605541300398
1.6366182802397276
1.6177249862327618
1.6384972074728541
1.6738488584978193
1.6598470875138860
1.6814863540835008
1.6790529191099335
1.6704583148758330
1.6774297090299994
1.6766177426672031
1.6563341727973671
1.6576513191446174
1.6717308119122247
1.6521475104373839
1.6503177901445862
1.6704583148758350
1.6563341727973702
1.6766177426672033
1.6774297090300010
1.6738488584978195
1.6790529191099324
1.6814863540835008
1.6598470875138873
1.6308605541300398
1.6384972074728534
1.6177249862327585
1.6366182802397276
2.4608300753896266
2.4527882954013678
2.4814000204800699
2.4501147372809498
2.4216810647339853
2.4300956569970724
2.4024823156176547
2.4328414963581175
2.4844942065933306
2.4640382540155490
2.4956510360330260
2.4920963739205808
2.4795410390390709
2.4897252073263649
2.4885390818425734
2.4589055939579780
2.4608300753896253
2.4814000204800739
2.4527882954013713
2.4501147372809489
2.4795410390390735
2.4589055939579829
2.4885390818425739
2.4897252073263667
2.4844942065933311
2.4920963739205786
2.4956510360330260
2.4640382540155503
2.4216810647339853
2.4328414963581162
2.4024823156176498
2.4300956569970724
3.5603074407549644
3.5488505426531489
3.5896101279363584
3.5450414657555860
3.5045272383267894
3.5165177136440091
3.4771672365493735
3.5204302861763686
3.5940175775036916
3.5648778745803567
3.6099089603665848
3.6048459530315968
3.5869620976599093
3.6014685677422227
3.5997790834107724
3.5575657409968446
3.5603074407549631
3.5896101279363646
3.5488505426531542
3.5450414657555851
3.5869620976599137
3.5575657409968513
3.5997790834107728
3.6014685677422253
3.5940175775036916
3.6048459530315937
3.6099089603665848
3.5648778745803580
3.5045272383267894
3.5204302861763672
3.4771672365493664
3.5165177136440091
5.0424602116840962
5.0264753815925474
5.0833401105648326
5.0211607246789391
4.9646272824504249
4.9813598126453451
4.9264434681575295
4.9868195573542256
5.0894884511054208
5.0488367237045155
5.1116557710720265
5.1045934102853590
5.0796460828573560
5.0998822285085668
5.0975255074877799
5.0386350254179897
5.0424602116840944
5.0833401105648424
5.0264753815925554
5.0211607246789383
5.0796460828573631
5.0386350254179995
5.0975255074877808
5.0998822285085712
5.0894884511054208
5.1045934102853554
5.1116557710720265
5.0488367237045182
4.9646272824504249
4.9868195573542247
4.9264434681575189
4.9813598126453451
7.0114292530162139
6.9895252966370123
7.0674420895426202
6.9822424089730912
6.9047651605523876
6.9276979265307261
6.8524279804767918
6.9351805276123351
7.0758658375516772
7.0201666732720698
7.1062356759359622
7.0965602628601259
7.0623808845530762
7.0901058459672024
7.0868770555499836
7.0061877089689890
7.0114292530162103
7.0674420895426318
6.9895252966370229
6.9822424089730903
7.0623808845530851
7.0061877089690032
7.0868770555499854
7.0901058459672077
7.0758658375516790
7.0965602628601214
7.1062356759359622
7.0201666732720724
6.9047651605523876
6.9351805276123333
6.8524279804767767
6.9276979265307261
9.5916058658098642
9.5620652697333295
9.6671410410288381
9.5522429635325192
9.4477414726408888
9.4786750072253003
9.3771393302433239
9.4887678110980502
9.6784999914411518
9.6033891435126293
9.7194503806620656
9.7064044261083833
9.6603161961492798
9.6977013951059359
9.6933477033016686
9.5845370214654402
9.5916058658098606
9.6671410410288541
9.5620652697333437
9.5522429635325157
9.6603161961492923
9.5845370214654597
9.6933477033016704
9.6977013951059448
9.6784999914411554
9.7064044261083762
9.7194503806620656
9.6033891435126346
9.4477414726408888
9.4887678110980485
9.3771393302433026
9.4786750072253003
12.930075842509011
12.890801855907853
13.030491567789014
12.877742802236261
12.738793224866200
12.779925984876968
12.644905479914287
12.793346122495784
13.045591093717912
12.945741143446600
13.100024653203153
13.082683586022672
13.021419138141800
13.071115079436000
13.065327878777561
12.920678024702397
12.930075842509005
13.030491567789037
12.890801855907871
12.877742802236256
13.021419138141818
12.920678024702422
13.065327878777563
13.071115079436012
13.045591093717915
13.082683586022664
13.100024653203153
12.945741143446606
12.738793224866200
12.793346122495780
12.644905479914261
12.779925984876972
17.199077612859377
17.147536296693104
17.330848901426389
17.130397747482849
16.948027442015587
17.002016660833782
16.824785346876087
17.019630892248095
17.350662185788714
17.219635423457120
17.422086219475297
17.399332877649865
17.318944099428457
17.384153529961946
17.376559921138988
17.186744554370499
17.199077612859369
17.330848901426418
17.147536296693126
17.130397747482842
17.318944099428482
17.186744554370534
17.376559921138991
17.384153529961964
17.350662185788718
17.399332877649854
17.422086219475297
17.219635423457131
16.948027442015587
17.019630892248088
16.824785346876048
17.002016660833785
22.598484769141656
22.531641798930902
22.769364837856077
22.509414564301817
22.272878131721846
22.342906170248718
22.113013213258924
22.365752522864543
22.795057121036894
22.625145092938819
22.887670981704314
22.858167788581447
22.753927461405233
22.838485164310629
22.828638667203535
22.582490489956768
22.598484769141649
22.769364837856113
22.531641798930931
22.509414564301810
22.753927461405265
22.582490489956815
22.828638667203538
22.838485164310647
22.795057121036898
22.858167788581436
22.887670981704311
22.625145092938830
22.272878131721846
22.365752522864540
22.113013213258874
22.342906170248721
29.358318360829159
29.272570206925437
29.577514413142499
29.244055763224498
28.940591205971394
29.030437787502969
28.735470221637691
29.059749114323203
29.610469403865473
29.392518157953425
29.729259657357442
29.691418312782854
29.557712974148600
29.666172682848206
29.653543118325295
29.337800703891276
29.358318360829152
29.577514413142545
29.272570206925476
29.244055763224488
29.557712974148640
29.337800703891336
29.653543118325302
29.666172682848224
29.610469403865473
29.691418312782847
29.729259657357439
29.392518157953440
28.940591205971394
29.059749114323203
28.735470221637627
29.030437787502972
37.741300782018435
37.632399690697170
38.019665658715567
37.596185228099557
37.210748212046184
37.324869134196248
36.950193337405615
37.362098786196832
38.061514333170500
37.784733882424398
38.212358537082508
38.164306963372553
37.994520076945932
38.132249250546806
38.116211706467354
37.715243465231737
37.741300782018421
38.019665658715624
37.632399690697220
37.596185228099543
37.994520076945982
37.715243465231822
38.116211706467361
38.132249250546828
38.061514333170500
38.164306963372546
38.212358537082508
37.784733882424412
37.210748212046184
37.362098786196832
36.950193337405544
37.324869134196256
48.045474336722990
47.908446280540815
48.395716175935142
47.862877414459398
47.377850723203146
47.521463904121156
47.049943028179939
47.568313797259002
48.448368289083504
48.100124159823601
48.638148557771288
48.577694726503182
48.364078843788185
48.537362370801212
48.517185127694198
48.012687321920843
48.045474336722975
48.395716175935206
47.908446280540879
47.862877414459383
48.364078843788249
48.012687321920957
48.517185127694205
48.537362370801247
48.448368289083504
48.577694726503182
48.638148557771295
48.100124159823622
47.377850723203146
47.568313797259002
47.049943028179840
47.521463904121163
60.606921780401642
60.435976226585083
61.043834649445799
60.379126991021572
59.774001138255841
59.953181185873291
59.364864656163910
60.011632651569982
61.109513406352356
60.675097321459589
61.346241381874712
61.270833504658547
61.004369598864351
61.220523904324295
61.195355148622603
60.566019683418723
60.606921780401628
61.043834649445877
60.435976226585147
60.379126991021543
61.004369598864429
60.566019683418865
61.195355148622617
61.220523904324352
61.109513406352349
61.270833504658547
61.346241381874712
60.675097321459617
59.774001138255841
60.011632651569982
59.364864656163789
59.953181185873305
75.802642634904274
75.591072586166149
76.343362109307463
75.520712196223002
74.771731775770050
74.993514677868518
74.265294539541529
75.065862619509630
76.424642597197405
75.887018336128506
76.717597998037903
76.624280388303518
76.294521920273567
76.562021454665128
76.530874548680416
75.752020806435283
75.802642634904259
76.343362109307549
75.591072586166234
75.520712196222959
76.294521920273652
75.752020806435453
76.530874548680444
76.562021454665199
76.424642597197391
76.624280388303518
76.717597998037903
75.887018336128534
74.771731775770050
75.065862619509630
74.265294539541372
74.993514677868546
94.053657621008455
93.793727902640228
94.717946520259346
93.707283613893182
92.787052278001170
93.059552309292613
92.164779565411322
93.148443350180330
94.817798688270557
94.157317937317060
95.177684280672011
95.063047978855067
94.657946498479618
94.986565200253395
94.948302206547567
93.991465412835709
94.053657621008426
94.717946520259460
93.793727902640313
93.707283613893139
94.657946498479745
93.991465412835908
94.948302206547595
94.986565200253480
94.817798688270528
95.063047978855067
95.177684280671997
94.157317937317089
92.787052278001170
93.148443350180330
92.164779565411123
93.059552309292641
115.82843414706188
115.51125533278052
116.63900513005213
115.40577053223964
114.28280544599988
114.61534699111762
113.52339910627134
114.72382249631966
116.76084232908519
115.95492384879270
117.19995898039591
117.06008597508885
116.56579414610206
116.96676521192198
116.92007828315569
115.75254473897928
115.82843414706184
116.63900513005225
115.51125533278064
115.40577053223961
116.56579414610221
115.75254473897954
116.92007828315570
116.96676521192208
116.76084232908516
117.06008597508885
117.19995898039589
115.95492384879273
114.28280544599988
114.72382249631966
113.52339910627111
114.61534699111768
141.64674863546455
141.26213330292111
142.62963216135560
141.13421973346527
139.77244388926354
140.17571160737947
138.85149997253734
140.30725669952014
142.77736652862743
141.80013017070360
143.30981298577635
143.14021254961054
142.54085938014123
143.02705757341090
142.97044771419806
141.55472463016753
141.64674863546446
142.62963216135577
141.26213330292123
141.13421973346522
142.54085938014143
141.55472463016784
142.97044771419809
143.02705757341104
142.77736652862737
143.14021254961054
143.30981298577632
141.80013017070362
139.77244388926354
140.30725669952014
138.85149997253706
140.17571160737953
172.08412697690011
171.62042413612826
173.26909531615033
171.46620687502505
169.82436467585902
170.31057630997847
168.71397959504435
170.46917628587306
173.44720161817915
172.26904655491646
174.08910484406633
173.88464012355345
173.16207184797921
173.74822366010014
173.67997624095995
171.97318076704755
172.08412697690005
173.26909531615053
171.62042413612843
171.46620687502497
173.16207184797946
171.97318076704789
173.67997624096003
173.74822366010031
173.44720161817909
173.88464012355345
174.08910484406624
172.26904655491649
169.82436467585904
170.46917628587306
168.71397959504401
170.31057630997853
207.77703323053589
207.22093574062737
209.19809385476395
207.03598921168935
205.06696712663270
205.65007432351001
203.73528016901784
205.84028022613560
209.41168380202453
207.99879769880260
210.18146714705554
209.93626968473887
209.06974811951952
209.77267641412124
209.69083266411047
207.64398089589167
207.77703323053581
209.19809385476418
207.22093574062757
207.03598921168924
209.06974811951980
207.64398089589210
209.69083266411053
209.77267641412146
209.41168380202444
209.93626968473887
210.18146714705543
207.99879769880266
205.06696712663276
205.84028022613560
203.73528016901741
205.65007432351010
249.42900975452500
248.76532829048639
251.12498465910863
248.54460117367339
246.19463087627949
246.89055467728627
244.60528794632350
247.11756020096701
251.37989419315073
249.69367684299533
252.29859244238318
252.00596174697529
250.97180996240218
251.81072133865152
251.71304485587609
249.27021694676574
249.42900975452494
251.12498465910892
248.76532829048659
248.54460117367330
250.97180996240252
249.27021694676623
251.71304485587612
251.81072133865180
251.37989419315062
252.00596174697529
252.29859244238301
249.69367684299539
246.19463087627955
247.11756020096701
244.60528794632305
246.89055467728639
297.81801044898145
297.02940604394644
299.83322191907610
296.76713243656582
293.97484845548053
294.80175770398046
292.08636833650746
295.07149012929420
300.13611457131628
298.13249556995504
301.22774707243184
300.88003166171569
299.65121438013028
300.64803946235958
300.53197655152115
297.62932835347112
297.81801044898140
299.83322191907638
297.02940604394672
296.76713243656570
299.65121438013074
297.62932835347164
300.53197655152127
300.64803946235992
300.13611457131623
300.88003166171569
301.22774707243161
298.13249556995510
293.97484845548058
295.07149012929420
292.08636833650684
294.80175770398057
353.80521418680740
352.87187948080708
356.19030239659145
352.56147303647595
349.25679032050834
350.23543318263881
347.02181032169932
350.55466167610035
356.54879255622529
354.17741773641910
357.84080830480571
357.42926379339423
355.97488692461877
357.15468621736443
357.01731857963676
353.58190319670319
353.80521418680735
356.19030239659179
352.87187948080737
352.56147303647583
355.97488692461928
353.58190319670376
357.01731857963688
357.15468621736477
356.54879255622518
357.42926379339423
357.84080830480548
354.17741773641916
349.25679032050840
350.55466167610035
347.02181032169858
350.23543318263893
418.34565948481355
417.24493646853193
421.15856335822906
416.87886346342134
412.98163207228663
414.13573327902117
410.34600446747083
414.51219868171557
421.58136420075675
418.78461952961214
423.10517606761351
422.61979481550031
420.90450482563239
422.29595578434623
422.13394373333574
418.08229766129921
418.34565948481344
421.15856335822946
417.24493646853227
416.87886346342123
420.90450482563296
418.08229766129978
422.13394373333580
422.29595578434669
421.58136420075664
422.61979481550031
423.10517606761329
418.78461952961220
412.98163207228669
414.51219868171557
410.34600446747004
414.13573327902128
492.50110582567225
491.20702496545823
495.80824607086743
490.77665127943146
486.19503527191222
487.55177467370976
483.09673918364484
487.99434587973019
496.30534803203000
493.01718221925040
498.09697742016760
497.52628294800888
495.50954215165410
497.14552685304068
496.95504079462893
492.19147852238967
492.50110582567214
495.80824607086794
491.20702496545869
490.77665127943135
495.50954215165473
492.19147852239041
496.95504079462910
497.14552685304136
496.30534803202988
497.52628294800888
498.09697742016732
493.01718221925046
486.19503527191233
487.99434587973019
483.09673918364388
487.55177467370987
577.45560343957675
575.93832548051137
581.33331592965976
575.43373129125484
570.06224634989701
571.65283806167963
566.43007139170402
572.17170129425119
581.91620301240448
578.06070085102670
584.01706131084120
583.34785906584489
580.98306722988787
582.90138464767904
582.67802202181088
577.09256960875268
577.45560343957663
581.33331592966044
575.93832548051182
575.43373129125473
580.98306722988866
577.09256960875359
582.67802202181110
582.90138464767972
581.91620301240437
583.34785906584489
584.01706131084075
578.06070085102670
570.06224634989712
572.17170129425119
566.43007139170288
571.65283806167963
674.53434283250783
672.75948016179893
679.07062189835221
672.16923468731363
665.88636361380918
667.74675955813802
661.63831135776968
668.35364833480571
679.75253482685832
675.24218193580759
682.21037428102397
681.42744834054599
678.66087396979117
680.90510655000571
680.64379076814498
674.10967247180668
674.53434283250772
679.07062189835290
672.75948016179950
672.16923468731352
678.66087396979208
674.10967247180781
680.64379076814532
680.90510655000651
679.75253482685810
681.42744834054611
682.21037428102352
675.24218193580759
665.88636361380941
668.35364833480571
661.63831135776854
667.74675955813814
785.22645742720692
783.15424651229375
790.52308248513907
782.46513335866518
775.13041984938980
777.30216701104109
770.17175673817292
778.01064239233312
791.31933982015096
786.05290564985876
794.18941404578140
793.27515691616247
790.04463305351180
792.66520420329175
792.36006130699900
784.73063333922141
785.22645742720681
790.52308248513987
783.15424651229443
782.46513335866496
790.04463305351294
784.73063333922255
792.36006130699934
792.66520420329277
791.31933982015073
793.27515691616259
794.18941404578106
786.05290564985876
775.13041984939014
778.01064239233324
770.17175673817155
777.30216701104132
911.21256374429925
908.79685376160000
917.38769920008428
907.99353531313818
899.44403410727261
901.97532137356723
893.66491459567260
902.80111423844312
918.31609003352230
912.17603953544892
921.66257346998623
920.59653324168278
916.82986243740913
919.88532979115837
919.52953759366278
910.63453924633529
911.21256374429913
917.38769920008519
908.79685376160080
907.99353531313795
916.82986243741050
910.63453924633666
919.52953759366324
919.88532979115939
918.31609003352207
920.59653324168289
921.66257346998566
912.17603953544881
899.44403410727296
902.80111423844323
893.66491459567089
901.97532137356745
1054.3979339774539
1051.5849493753624
1061.5893113756449
1050.6495562214827
1040.6954919907498
1043.6424300159215
1033.9680535966454
1044.6038595844004
1062.6705761058258
1055.5199015072546
1066.5683021474733
1065.3266279325983
1060.9396293165428
1064.4982681432916
1064.0838715063785
1053.7248364315922
1054.3979339774535
1061.5893113756458
1051.5849493753633
1050.6495562214825
1060.9396293165444
1053.7248364315933
1064.0838715063787
1064.4982681432930
1062.6705761058256
1065.3266279325985
1066.5683021474727
1055.5199015072544
1040.6954919907500
1044.6038595844007
1033.9680535966436
1043.6424300159219
1216.9522850759515
1213.6791118161623
1225.3210970899806
1212.5907405578937
1201.0101999566209
1204.4383857126263
1193.1850132869329
1205.5568712283164
1226.5795159018471
1218.2578594793613
1231.1161047510770
1229.6708677200634
1224.5649864180393
1228.7067278227235
1228.2244125199804
1216.1690531917009
1216.9522850759511
1225.3210970899818
1213.6791118161634
1212.5907405578935
1224.5649864180407
1216.1690531917022
1228.2244125199809
1228.7067278227250
1226.5795159018469
1229.6708677200638
1231.1161047510761
1218.2578594793611
1201.0101999566214
1205.5568712283164
1193.1850132869306
1204.4383857126270
1401.3571968465617
1397.5499343603351
1411.0928525224658
1396.2840345820186
1382.8164888390745
1386.8029144856630
1373.7182275705170
1388.1035995774798
1412.5569641907739
1402.8758832059250
1417.8354222971798
1416.1537861792201
1410.2131731557945
1415.0319715858482
1414.4707880533067
1400.4461378618641
1401.3571968465612
1411.0928525224674
1397.5499343603365
1396.2840345820186
1410.2131731557961
1400.4461378618657
1414.4707880533072
1415.0319715858500
1412.5569641907734
1416.1537861792208
1417.8354222971789
1402.8758832059245
1382.8164888390750
1388.1035995774801
1373.7182275705143
1386.8029144856639
1610.4620668715309
1606.0335823358380
1621.7879713555535
1604.5612117182893
1588.8996478116469
1593.5350192600308
1578.3218304562304
1595.0475303728413
1623.4914470573160
1612.2286582946940
1629.6333274418103
1627.6765399890658
1620.7645020166851
1626.3712133880742
1625.7182408725334
1609.4023184194780
1610.4620668715302
1621.7879713555551
1606.0335823358396
1604.5612117182891
1620.7645020166872
1609.4023184194798
1625.7182408725344
1626.3712133880763
1623.4914470573156
1627.6765399890667
1629.6333274418089
1612.2286582946936
1588.8996478116474
1595.0475303728417
1578.3218304562270
1593.5350192600320
1847.5491466082747
1842.3963688566089
1860.7296662912916
1840.6832956210933
1822.4647356540286
1827.8562658602693
1810.1633913195731
1829.6156260106868
1862.7123627069400
1849.6048064466272
1869.8615738664473
1867.5837513161969
1859.5384724832140
1866.0643228715762
1865.3042646554186
1846.3160282562467
1847.5491466082735
1860.7296662912936
1842.3963688566109
1840.6832956210931
1859.5384724832163
1846.3160282562490
1865.3042646554195
1866.0643228715783
1862.7123627069395
1867.5837513161980
1869.8615738664457
1849.6048064466268
1822.4647356540293
1829.6156260106873
1810.1633913195692
1827.8562658602702
2116.4073719484527
2110.4080762043982
2131.7561091792818
2108.4137126271166
2087.2079475464343
2093.4826761553486
2072.8940874315249
2095.5303908277942
2134.0653194654728
2118.8009195860473
2142.3926496510749
2139.7393329417255
2130.3687923910247
2137.9694984059370
2137.0842010043284
2114.9716147420013
2116.4073719484518
2131.7561091792845
2110.4080762044009
2108.4137126271162
2130.3687923910270
2114.9716147420036
2137.0842010043298
2137.9694984059397
2134.0653194654724
2139.7393329417268
2142.3926496510740
2118.8009195860468
2087.2079475464352
2095.5303908277947
2072.8940874315208
2093.4826761553495
2421.4130727963766
2414.4221464173565
2439.3024717729700
2412.0983099861241
2387.3948062021914
2394.7034587377998
2370.7256678881472
2397.0887780595499
2441.9943772131733
2424.2024767134071
2451.7027432106388
2448.6092232124588
2437.6852981721954
2446.5458480374696
2445.5137433833002
2419.7399245282704
2421.4130727963752
2439.3024717729727
2414.4221464173597
2412.0983099861237
2437.6852981721981
2419.7399245282727
2445.5137433833015
2446.5458480374728
2441.9943772131724
2448.6092232124602
2451.7027432106374
2424.2024767134067
2387.3948062021923
2397.0887780595504
2370.7256678881427
2394.7034587378012
2767.6127356297156
2759.4579980758635
2788.4848234096603
2756.7475242096639
2727.9407448203624
2736.4620622820294
2708.5099597957046
2739.2433964850743
2791.6261151391341
2770.8667839985510
2802.9564227440819
2799.3458708666717
2786.5977502674978
2796.9377443494564
2795.7332269240906
2765.6609595287855
2767.6127356297143
2788.4848234096630
2759.4579980758676
2756.7475242096634
2786.5977502675009
2765.6609595287882
2795.7332269240928
2796.9377443494600
2791.6261151391332
2799.3458708666735
2802.9564227440801
2770.8667839985510
2727.9407448203633
2739.2433964850748
2708.5099597956987
2736.4620622820307
3160.7981722095906
3151.2759762625956
3185.1758363292279
3148.1112572158922
3114.4851655402231
3124.4304820940151
3091.8123421550099
3127.6768968385891
3188.8454148572014
3164.5982293709585
3202.0826933595590
3197.8642059722215
3182.9714913322700
3195.0507373266746
3193.6435120668307
3158.5189937313221
3160.7981722095897
3185.1758363292311
3151.2759762625997
3148.1112572158918
3182.9714913322732
3158.5189937313248
3193.6435120668330
3195.0507373266782
3188.8454148572000
3197.8642059722238
3202.0826933595572
3164.5982293709585
3114.4851655402240
3127.6768968385895
3091.8123421550035
3124.4304820940170
3607.5570927645713
3596.4281894702413
3636.0546300225487
3592.7297983174421
3553.4431877759721
3565.0607786624032
3526.9639732236396
3568.8534127176486
3640.3451882552672
3611.9987471975551
3655.8242896731008
3650.8910737952006
3633.4773597053445
3647.6010811061501
3645.9555573682214
3604.8932105658278
3607.5570927645704
3636.0546300225528
3596.4281894702463
3592.7297983174421
3633.4773597053481
3604.8932105658300
3645.9555573682246
3647.6010811061551
3640.3451882552654
3650.8910737952033
3655.8242896730990
3611.9987471975551
3553.4431877759735
3568.8534127176490
3526.9639732236319
3565.0607786624050
4115.2720463873802
4102.2585722667691
4148.6027389492956
4097.9342550911333
4052.0098460683334
4065.5881888103136
4021.0683811611011
4070.0213120514886
4153.6218851932563
4120.4663047497315
4171.7314964702709
4165.9595978007465
4145.5879318762045
4162.1104562305381
4160.1853207090089
4112.1569138939685
4115.2720463873793
4148.6027389493001
4102.2585722667754
4097.9342550911333
4145.5879318762081
4112.1569138939713
4160.1853207090116
4162.1104562305436
4153.6218851932545
4165.9595978007501
4171.7314964702682
4120.4663047497315
4052.0098460683344
4070.0213120514886
4021.0683811610925
4065.5881888103154
4692.0293688252759
4676.8142778434940
4731.0066453949639
4671.7587509141786
4618.0806109425966
4633.9492283624577
4581.9273626663835
4639.1305025243109
4736.8770411327832
4698.1028648283318
4758.0600994081888
4751.3082839448261
4727.4806447017518
4746.8058395057415
4744.5540109270123
4688.3870640657169
4692.0293688252750
4731.0066453949694
4676.8142778435013
4671.7587509141786
4727.4806447017572
4688.3870640657206
4744.5540109270160
4746.8058395057487
4736.8770411327814
4751.3082839448298
4758.0600994081860
4698.1028648283318
4618.0806109425976
4639.1305025243109
4581.9273626663735
4633.9492283624595
5346.3918897138346
5328.6225486675849
5391.9196278056143
5322.7186696189401
5260.0439337857988
5278.5700644174285
5217.8428622748406
5284.6194314688046
5398.7774659315655
5353.4854192290049
5423.5255330804239
5415.6371030387390
5387.8006375008745
5410.3768716254563
5407.7460968557134
5342.1379856817903
5346.3918897138337
5391.9196278056197
5328.6225486675930
5322.7186696189401
5387.8006375008799
5342.1379856817948
5407.7460968557189
5410.3768716254644
5398.7774659315628
5415.6371030387436
5423.5255330804193
5353.4854192290049
5260.0439337857988
5284.6194314688037
5217.8428622748288
5278.5700644174303
6086.9945592792983
6066.2921984775148
6140.0422173944917
6059.4140746328221
5986.4049707448175
6007.9842872836653
5937.2540944375296
6015.0309051449012
6148.0333948073567
6095.2592676336189
6176.8726676519518
6167.6799509236507
6135.2425909265357
6161.5500962945371
6158.4844349861360
6082.0383994193780
6086.9945592792974
6140.0422173944971
6066.2921984775230
6059.4140746328221
6135.2425909265421
6082.0383994193835
6158.4844349861423
6161.5500962945462
6148.0333948073549
6167.6799509236571
6176.8726676519473
6095.2592676336189
5986.4049707448185
6015.0309051449003
5937.2540944375160
6007.9842872836671
6921.9549637263553
6897.9306971812930
6983.5158705077911
6889.9489757207921
6805.2279712943264
6830.2684735454914
6748.1954421452820
6838.4454212079190
6992.7896231993718
6931.5459095298957
7026.2577878315260
7015.5895455425207
6977.9459234339747
7008.4758033771268
7004.9180859457892
6916.2035104548695
6921.9549637263544
6983.5158705077965
6897.9306971813030
6889.9489757207939
6977.9459234339820
6916.2035104548750
7004.9180859457965
7008.4758033771377
6992.7896231993691
7015.5895455425298
7026.2577878315215
6931.5459095298957
6805.2279712943273
6838.4454212079181
6748.1954421452665
6830.2684735454950
7858.1607010539219
7830.4365252038806
7929.1978993012344
7821.2253519904461
7723.4484421431598
7752.3489087280850
7657.6212480985505
7761.7861286735015
7939.8986029290991
7869.2284512347223
7978.5151593317751
7966.2060591684558
7922.7708289613647
7957.9980467788300
7953.8930278069320
7851.5235700780422
7858.1607010539201
7929.1978993012417
7830.4365252038924
7821.2253519904471
7922.7708289613738
7851.5235700780495
7953.8930278069411
7957.9980467788409
7939.8986029290954
7966.2060591684667
7978.5151593317696
7869.2284512347233
7723.4484421431607
7761.7861286735006
7657.6212480985332
7752.3489087280886
8900.5899307250620
8868.8199327109232
8981.9821762066967
8858.2640138827319
8746.1961030558668
8779.3237352126089
8670.7311903973532
8790.1407461169001
8994.2412572353896
8913.2721139627120
9038.4784352282641
9024.3783034618555
8974.6189260411302
9014.9756990302703
9010.2731505363809
8892.9844618470524
8900.5899307250602
8981.9821762067040
8868.8199327109360
8858.2640138827337
8974.6189260411393
8892.9844618470597
9010.2731505363899
9014.9756990302849
8994.2412572353860
9024.3783034618664
9038.4784352282568
8913.2721139627138
8746.1961030558668
8790.1407461168983
8670.7311903973332
8779.3237352126107
10051.889143135519
10015.773888374155
10144.395234017886
10003.773327438519
9876.3412851149224
9914.0157039149562
9790.5029824863595
9926.3164327380218
10158.325947943873
10066.304778607220
10208.590198628091
10192.569862367576
10136.027649126007
10181.886330624107
10176.543014335086
10043.243821085898
10051.889143135515
10144.395234017895
10015.773888374171
10003.773327438521
10136.027649126017
10043.243821085905
10176.543014335099
10181.886330624120
10158.325947943869
10192.569862367591
10208.590198628084
10066.304778607222
9876.3412851149224
9926.3164327380200
9790.5029824863377
9914.0157039149599
11312.402016416700
11271.690097133567
11416.658541270523
11258.160992752772
11114.462560890217
11156.952687002822
11017.631210973195
11170.824538666990
11432.355846954113
11328.651000684886
11488.987853064908
11470.939058157219
11407.229470736067
11458.902236594728
11452.881909353639
11302.656807312283
11312.402016416698
11416.658541270534
11271.690097133585
11258.160992752775
11407.229470736078
11302.656807312291
11452.881909353653
11458.902236594740
11432.355846954109
11470.939058157235
11488.987853064898
11328.651000684891
11114.462560890217
11170.824538666986
11017.631210973172
11156.952687002828
12680.686966722023
12635.162686235655
12797.241305906929
12620.033112121926
12459.296497051539
12506.832056764486
12350.943661498948
12522.349751791407
12814.787012552839
12698.855079869054
12878.080634992530
12857.909944061219
12786.701533211704
12844.457406469470
12837.728811309942
12669.790340386660
12680.686966722022
12797.241305906942
12635.162686235675
12620.033112121930
12786.701533211715
12669.790340386668
12837.728811309958
12844.457406469484
12814.787012552835
12857.909944061239
12878.080634992519
12698.855079869059
12459.296497051539
12522.349751791402
12350.943661498923
12506.832056764491
14154.347986145625
14103.810709619152
14283.711572204753
14087.013873693249
13908.525841002647
13961.318472939758
13788.166759806309
13978.550967927411
14303.182398991867
14174.515158532125
14373.413825488662
14351.033316879886
14272.014978544868
14336.106376079470
14328.640144391782
14142.251964901721
14154.347986145624
14283.711572204766
14103.810709619176
14087.013873693253
14272.014978544881
14142.251964901729
14328.640144391800
14336.106376079484
14303.182398991861
14351.033316879908
14373.413825488651
14174.515158532131
13908.525841002647
13978.550967927404
13788.166759806283
13961.318472939764
15730.863409786478
15675.108309004849
15873.559951115523
15656.576104616117
15459.612050216103
15517.876243618846
15326.757185600025
15536.893521206754
15895.034645755248
15753.111342605631
15972.487747245865
15947.806990068060
15860.659221018606
15931.345316592293
15923.111267857597
15717.518980217135
15730.863409786474
15873.559951115534
15675.108309004872
15656.576104616121
15860.659221018619
15717.518980217143
15923.111267857617
15931.345316592309
15895.034645755244
15947.806990068080
15972.487747245852
15753.111342605638
15459.612050216103
15536.893521206746
15326.757185599996
15517.876243618854
17408.111575148814
17346.921122418807
17564.696542753365
17326.581191661608
17110.370625393596
17174.334551945794
16964.499063846954
17195.211044359017
17588.258525799836
17432.526995804539
17673.233758087361
17646.157084155358
17550.541538981161
17628.096830150436
17619.063016598000
17393.466697403812
17408.111575148807
17564.696542753376
17346.921122418837
17326.581191661608
17550.541538981175
17393.466697403819
17619.063016598022
17628.096830150454
17588.258525799829
17646.157084155384
17673.233758087350
17432.526995804546
17110.370625393596
17195.211044359010
16964.499063846924
17174.334551945805
19184.439831457217
19117.590775693123
19355.479988453018
19095.368699940405
18859.114543094820
18929.015109927393
18699.682869084554
18951.827945453464
19381.213949947600
19211.111548812663
19474.015385637907
19444.446139151649
19340.019756187572
19424.722711945600
19414.856787543416
19168.441161510120
19184.439831457210
19355.479988453037
19117.590775693152
19095.368699940405
19340.019756187587
19168.441161510131
19414.856787543442
19424.722711945622
19381.213949947596
19444.446139151671
19474.015385637893
19211.111548812674
18859.114543094820
18951.827945453457
18699.682869084521
18929.015109927404
21058.340917015859
20985.623202604780
21244.364627539780
20961.448723789810
20704.391163863856
20780.455577579309
20530.873937621665
20805.278477794203
21272.348904504735
21087.352190591635
21373.256460434648
21341.105893727050
21227.551956409727
21319.659865731388
21308.932035075533
21040.938361677890
21058.340917015852
21244.364627539802
20985.623202604809
20961.448723789810
21227.551956409741
21040.938361677901
21308.932035075559
21319.659865731417
21272.348904504732
21341.105893727072
21373.256460434633
21087.352190591650
20704.391163863856
20805.278477794196
20530.873937621633
20780.455577579320
23028.036688215769
22949.271845338815
23229.487631154789
22923.085013810261
22644.567807223102
22726.993791990179
22456.503098227906
22753.890643633749
23259.787345776174
23059.457935873030
23369.032274491532
23334.227316276123
23211.283190943017
23311.009628031239
23299.395255344825
23009.187791878467
23028.036688215761
23229.487631154814
22949.271845338848
22923.085013810261
23211.283190943035
23009.187791878478
23299.395255344851
23311.009628031268
23259.787345776174
23334.227316276141
23369.032274491517
23059.457935873044
22644.567807223098
22753.890643633742
22456.503098227869
22726.993791990189
25091.269191134867
25006.321158129573
25308.479466865010
24978.075971135226
24677.586462979518
24766.530157370791
24474.604327090492
24795.551111139677
25341.142573686553
25125.153721489627
25458.893397693162
25421.381103486339
25288.854193557821
25396.356048305766
25383.837155311838
25070.941709265844
25091.269191134859
25308.479466865039
25006.321158129609
24978.075971135226
25288.854193557836
25070.941709265855
25383.837155311867
25396.356048305795
25341.142573686553
25421.381103486357
25458.893397693148
25125.153721489642
24677.586462979514
24795.551111139666
24474.604327090448
24766.530157370802
27245.274104899825
27154.056958590812
27478.444353302108
27123.723925352264
26800.920200523124
26896.488143784256
26582.760925272894
26927.666995926960
27513.498634455951
27281.655026932967
27639.850280975435
27599.601300074475
27457.381252559793
27572.748834016180
27559.315254635570
27223.447856072478
27245.274104899818
27478.444353302137
27154.056958590849
27123.723925352264
27457.381252559808
27223.447856072493
27559.315254635603
27572.748834016213
27513.498634455951
27599.601300074493
27639.850280975421
27281.655026932982
26800.920200523124
26927.666995926949
26582.760925272847
26896.488143784267
29486.784967917894
29389.270579111981
29735.964723296376
29356.839261955418
29011.577011978439
29113.818227094245
28778.109048537190
29147.169829267350
29773.414828009725
29525.672132372401
29908.377948337406
29865.389927451139
29713.460648612567
29836.707939460390
29822.358455286467
29463.453667390117
29486.784967917887
29735.964723296405
29389.270579112021
29356.839261955418
29713.460648612581
29463.453667390131
29822.358455286503
29836.707939460419
29773.414828009725
29865.389927451157
29908.377948337395
29525.672132372420
29011.577011978439
29147.169829267339
28778.109048537139
29113.818227094260
31812.035573620222
31708.261046836498
32077.104341038630
31673.742538590202
31306.101487625165
31414.999650824746
31057.339316566813
31450.517356007593
32116.928955388299
31853.412610696152
32260.419762566125
32214.720575956890
32053.171696426383
32184.227046642511
32168.970468008753
31787.208611961563
31812.035573620215
32077.104341038659
31708.261046836538
31673.742538590202
32053.171696426394
31787.208611961578
32168.970468008789
32184.227046642547
32116.928955388299
32214.720575956908
32260.419762566115
31853.412610696170
31306.101487625165
31450.517356007578
31057.339316566762
31414.999650824757
34216.759468702970
34106.834094565420
34497.409256551509
34070.263343922161
33680.572356976198
33796.038301291774
33416.693760726572
33833.691528737501
34539.558518906422
34260.581032875860
34691.389570369065
34643.040238813679
34472.077555009884
34610.775196918024
34594.631344342204
34190.463569667620
34216.759468702963
34497.409256551531
34106.834094565464
34070.263343922161
34472.077555009899
34190.463569667634
34594.631344342248
34610.775196918061
34539.558518906422
34643.040238813701
34691.389570369058
34260.581032875882
33680.572356976198
33833.691528737487
33416.693760726514
33796.038301291781
36696.185955564244
36580.297367032697
36991.906089018514
36541.735250969359
36130.595108080946
36252.459950607903
35851.957225566679
36292.191966400082
37036.299379334967
36742.375302911176
37196.171775072464
37145.268922321739
36965.223290280373
37111.296098665916
37094.296634758502
36668.466638588347
36696.185955564237
36991.906089018543
36580.297367032748
36541.735250969359
36965.223290280388
36668.466638588354
37094.296634758553
37111.296098665960
37036.299379334967
37145.268922321768
37196.171775072442
36742.375302911198
36130.595108080946
36292.191966400067
35851.957225566621
36252.459950607918
39245.032269745498
39123.451460083765
39555.097384407491
39082.986490907890
38651.289176296035
38779.298400796593
38358.442614249056
38821.024423929855
39601.621625329695
39293.479305830922
39769.119123964672
39715.796809832587
39527.130929397943
39680.204881832738
39662.393940319031
39215.955034678460
39245.032269745490
39555.097384407527
39123.451460083816
39082.986490907890
39527.130929397958
39215.955034678474
39662.393940319082
39680.204881832789
39601.621625329695
39715.796809832616
39769.119123964650
39293.479305830959
38651.289176296035
38821.024423929848
38358.442614248983
38779.298400796608
41857.491933302612
41730.576767587103
42180.954098915652
41688.326312771613
41237.269547380267
41371.078413221156
40930.969723016118
41414.684169329790
42229.462712102111
41908.051879133447
42404.048282029107
42348.479047403285
42151.791554786236
42311.382364241319
42292.816921106561
41827.143079044596
41857.491933302605
42180.954098915681
41730.576767587154
41688.326312771620
42151.791554786250
41827.143079044610
42292.816921106612
42311.382364241370
42229.462712102111
42348.479047403322
42404.048282029078
41908.051879133476
41237.269547380260
41414.684169329776
40930.969723016045
41371.078413221170
44527.219668225938
44395.416505560213
44862.905607883760
44351.527392640914
43882.623046366614
44021.793727449316
43563.837846195296
44067.134582017607
44913.218268476310
44579.712496312590
45094.233582981506
45036.628545770589
44832.654837424911
44998.167226211008
44978.917158760101
44495.706653865367
44527.219668225931
44862.905607883789
44395.416505560264
44351.527392640921
44832.654837424925
44495.706653865389
44978.917158760160
44998.167226211059
44913.218268476310
45036.628545770618
45094.233582981477
44579.712496312633
43882.623046366607
44067.134582017599
43563.837846195216
44021.793727449331
47247.313676413753
47111.156722181346
47593.828014090264
47065.805100423393
46580.880075852816
46724.880953502347
46250.792847808800
46771.781761741091
47645.731337913232
47301.524466469178
47832.399685608572
47773.007539904385
47562.616787894134
47733.346842924962
47713.494626437598
47214.764934510502
47247.313676413745
47593.828014090293
47111.156722181397
47065.805100423408
47562.616787894149
47214.764934510516
47713.494626437656
47733.346842925021
47645.731337913232
47773.007539904414
47832.399685608543
47301.524466469222
46580.880075852801
46771.781761741076
46250.792847808712
46724.880953502368
50010.296532989072
49870.404565624158
50366.031907305733
49823.794903032162
49324.983109756264
49473.190644145361
48984.989977723904
49521.446453349468
50419.281187324712
50065.976884885749
50610.714196009641
50549.818991442095
50334.006887427684
50509.147875611372
50488.787874945214
49976.860651280243
50010.296532989065
50366.031907305762
49870.404565624216
49823.794903032176
50334.006887427699
49976.860651280258
50488.787874945279
50509.147875611430
50419.281187324712
50549.818991442124
50610.714196009620
50065.976884885793
49324.983109756264
49521.446453349454
48984.989977723810
49473.190644145383
52808.096368008511
52665.166539318234
53171.251079241047
52617.529650127617
52107.253814911608
52258.957391880758
51758.954337111179
52308.335121271506
53225.573158335930
52864.966985891311
53420.781616318709
53358.699232233106
53138.576120354453
53317.228044210911
53296.465369728445
52773.940569510785
52808.096368008511
53171.251079241076
52665.166539318307
52617.529650127639
53138.576120354468
52773.940569510800
53296.465369728510
53317.228044210970
53225.573158335930
53358.699232233135
53420.781616318694
52864.966985891355
52107.253814911601
52308.335121271492
51758.954337111085
52258.957391880780
55632.030388731684
55486.828886460629
56000.633988476940
55438.418912583205
54919.361223209526
55073.771308248251
54564.541532102863
55124.012508262327
56055.731313588716
55689.784912615032
56253.640214693980
56190.713495107171
55967.487727358130
56148.670761346380
56127.619675234797
55597.338262264420
55632.030388731684
56000.633988476962
55486.828886460702
55438.418912583227
55967.487727358144
55597.338262264435
56127.619675234862
56148.670761346431
56055.731313588716
56190.713495107208
56253.640214693958
55689.784912615069
54919.361223209526
55124.012508262313
54564.541532102769
55073.771308248281
58472.793073051806
58326.142562722715
58844.739957387435
58277.232874153393
57752.293856028860
57908.553676717929
57392.901639724871
57959.378432072095
58900.295805523005
58531.103181680395
59099.763543514615
59036.356123268546
58811.312694116372
58993.984461706146
58972.766342032388
58437.761537368351
58472.793073051806
58844.739957387465
58326.142562722802
58277.232874153422
58811.312694116394
58437.761537368366
58972.766342032461
58993.984461706197
58900.295805523005
59036.356123268582
59099.763543514600
58531.103181680432
57752.293856028860
57959.378432072088
57392.901639724769
57908.553676717958
61320.451491113898
61173.215421023844
61693.542124139261
61124.093455153314
60596.339040523380
60753.539858055257
60234.450070551153
60804.651845415225
61749.226925017021
61378.973232738339
61949.068326425928
61885.557254300722
61660.032037855366
61843.108473142602
61821.849368166681
61285.287015953661
61320.451491113898
61693.542124139291
61173.215421023939
61124.093455153336
61660.032037855381
61285.287015953676
61821.849368166753
61843.108473142660
61749.226925017021
61885.557254300751
61949.068326425913
61378.973232738375
60596.339040523380
60804.651845415203
60234.450070551058
60753.539858055286
64164.450132481470
64017.514185458778
64536.439026808112
63968.475311960348
63441.072773283166
63598.272593549431
63078.849155364136
63649.365235847137
64591.917633455407
64222.831361037745
64790.930257830267
64727.697604314504
64503.047813261081
64685.427110152013
64664.254943139385
64129.364287496552
64164.450132481470
64536.439026808141
64017.514185458866
63968.475311960370
64503.047813261095
64129.364287496566
64664.254943139458
64685.427110152079
64591.917633455407
64727.697604314533
64790.930257830252
64222.831361037774
63441.072773283166
63649.365235847123
63078.849155364042
63598.272593549460
66993.627282878471
66847.878478709972
67362.276331266039
66799.219051263979
66275.363298244265
66431.608622204993
65915.004206912461
66482.372200742640
67417.216014059086
67051.515990971748
67614.208887336354
67551.632606898784
67329.204395516805
67509.793300110992
67488.834813027832
66958.831737533808
66993.627282878471
67362.276331266068
66847.878478710074
66799.219051263994
67329.204395516819
66958.831737533823
67488.834813027905
67509.793300111050
67417.216014059086
67551.632606898813
67614.208887336325
67051.515990971777
66275.363298244265
66482.372200742626
65915.004206912359
66431.608622205022
69796.244375140916
69652.548549165731
70159.379612302495
69604.558381373732
69087.391000384188
69241.740940492949
68731.077316524854
69291.870439136692
70213.458481063455
69853.297629941037
70407.282186904762
70345.726578834438
70126.820993355737
70304.562465051262
70283.940015340748
69761.945524708310
69796.244375140916
70159.379612302524
69652.548549165818
69604.558381373747
70126.820993355752
69761.945524708324
70283.940015340821
70304.562465051320
70213.458481063455
70345.726578834481
70407.282186904733
69853.297629941066
69087.391000384188
69291.870439136677
68731.077316524752
69241.740940492979
72560.028824593988
72419.207405653404
72915.598260679719
72372.161977550830
71864.686228782128
72016.238051338180
71514.521167121566
72065.441423496843
72968.513762037051
72615.921938076222
73158.090626932186
73097.896796015790
72883.735500369046
73057.636582144769
73037.464927129186
72526.422263301807
72560.028824593988
72915.598260679762
72419.207405653491
72372.161977550844
72883.735500369061
72526.422263301822
73037.464927129244
73057.636582144827
72968.513762037051
73097.896796015833
73158.090626932142
72615.921938076237
71864.686228782128
72065.441423496828
71514.521167121464
72016.238051338209
75272.229669033462
75135.036825508258
75618.359540796999
75089.189579343336
74594.185246742403
74742.100174858890
74252.133651822500
74790.106654886142
75669.836642736409
75326.665180742231
75854.189642402023
75795.666392036801
75587.358731563305
75756.517357887176
75736.900573107370
75239.494764686591
75272.229669033462
75618.359540797042
75135.036825508359
75089.189579343336
75587.358731563319
75239.494764686620
75736.900573107428
75756.517357887220
75669.836642736409
75795.666392036845
75854.189642401994
75326.665180742246
74594.185246742403
74790.106654886127
74252.133651822383
74742.100174858919
77919.683913837900
77786.785202865271
78254.730604062264
77742.360312738558
77262.302706106304
77405.830672844459
76930.132112905063
77452.398710914335
78304.529273842709
77972.399942608012
78482.808284841085
78426.223873498209
78224.736854755654
78388.366310365367
78369.394988778018
77887.978752543859
77919.683913837900
78254.730604062308
77786.785202865358
77742.360312738572
78224.736854755669
77887.978752543873
78369.394988778062
78388.366310365411
78304.529273842709
78426.223873498253
78482.808284841056
77972.399942608026
77262.302706106304
77452.398710914305
76930.132112904947
77405.830672844488
80488.889893913583
80360.843515399887
80811.484914852350
80318.029507445928
79855.016943947165
79993.518954146319
79534.243651356606
80038.443347871202
80859.406524909427
80539.667432209520
81030.910660509369
80976.485813755862
80782.618457369885
80940.068296544661
80921.817163420215
80458.346854255069
80488.889893913583
80811.484914852394
80360.843515399974
80318.029507445928
80782.618457369899
80458.346854255098
80921.817163420274
80940.068296544705
80859.406524909427
80976.485813755906
81030.910660509340
80539.667432209550
79855.016943947165
80038.443347871187
79534.243651356490
79993.518954146348
82966.082255011366
82843.323869252607
83275.168090720239
82802.268423539412
82357.962106521998
82490.928971210989
82049.805332344840
82534.046804748185
83321.060450632125
83014.751038812959
83485.255454388956
83433.157949101282
83247.521212542779
83398.293658587529
83380.819712089797
82936.804436059741
82966.082255011366
83275.168090720268
82843.323869252708
82802.268423539412
83247.521212542793
82936.804436059771
83380.819712089826
83398.293658587572
83321.060450632125
83433.157949101340
83485.255454388942
83014.751038812959
82357.962106521998
82534.046804748170
82049.805332344724
82490.928971211019
85337.301320333267
85220.133140658509
85632.156556762129
85180.939324052044
84756.518687324351
84883.585140574432
84461.865339759126
84924.780223433947
85675.917364247187
85383.744006440756
85832.447374598574
85782.788404192470
85605.791487339084
85749.552643851988
85732.893895108267
85309.359988593162
85337.301320333267
85632.156556762173
85220.133140658611
85180.939324052044
85605.791487339098
85309.359988593191
85732.893895108311
85749.552643852003
85675.917364247187
85782.788404192528
85832.447374598545
85383.744006440756
84756.518687324351
84924.780223433932
84461.865339759010
84883.585140574462
87588.447509454068
87477.032048439622
87868.700500046994
87439.756115573793
87035.891471613606
87156.845049845142
86755.273214951463
87196.050667394229
87910.279122772452
87632.602022977371
88058.972540257470
88011.804938222194
87843.648307027135
87980.233901402797
87964.408743255321
87561.880650781706
87588.447509454068
87868.700500047024
87477.032048439738
87439.756115573793
87843.648307027150
87561.880650781735
87964.408743255364
87980.233901402811
87910.279122772452
88011.804938222253
88058.972540257440
87632.602022977371
87035.891471613606
87196.050667394215
86755.273214951347
87156.845049845171
89705.308729259836
89599.667188863968
89970.939975677727
89564.317956320228
89181.160791796952
89295.945315125195
88914.743983740816
89333.145249670357
90010.337608274509
89747.168795170975
90151.207258948125
90106.525513528948
89947.200446363539
90076.616258966256
90061.623443257078
89680.120700121624
89705.308729259836
89970.939975677757
89599.667188864070
89564.317956320228
89947.200446363539
89680.120700121653
90061.623443257122
90076.616258966256
90010.337608274509
90106.525513529006
90151.207258948096
89747.168795170975
89181.160791796952
89333.145249670357
88914.743983740715
89295.945315125224
91673.544379539569
91573.559266330762
91924.878774371784
91540.098925095386
91177.288569287281
91286.002568244861
90924.876416351195
91321.230509343397
91962.147151042678
91713.158410437754
92095.385410279181
92053.127256513442
91902.421174903880
92024.838750668147
92010.657903608386
91649.706555686294
91673.544379539569
91924.878774371798
91573.559266330863
91540.098925095386
91902.421174903880
91649.706555686324
92010.657903608429
92024.838750668147
91962.147151042678
92053.127256513500
92095.385410279167
91713.158410437754
91177.288569287281
91321.230509343397
90924.876416351108
91286.002568244905
93478.601876193876
93384.023021257206
93716.292896822575
93352.369114644767
93009.052895781570
93111.943831883473
92770.097924019239
93145.281454037264
93751.531871700936
93516.070543272392
93877.501867420564
93837.551101194869
93695.057421222693
93810.806089736492
93797.398646282600
93456.054102489172
93478.601876193876
93716.292896822590
93384.023021257308
93352.369114644767
93695.057421222693
93456.054102489215
93797.398646282629
93810.806089736492
93751.531871700936
93837.551101194927
93877.501867420549
93516.070543272392
93009.052895781570
93145.281454037264
92770.097924019152
93111.943831883516
95105.525963853550
95015.978741312836
95330.534814450686
94986.006903234244
94660.869362775557
94758.324976180549
94434.493099149870
94789.899115063410
95363.889249312910
95140.998926899149
95483.113704933101
95445.303726167738
95310.434457984215
95419.991103611464
95407.301494615807
95084.178518357920
95105.525963853535
95330.534814450701
95015.978741312952
94986.006903234244
95310.434457984215
95084.178518357963
95407.301494615851
95419.991103611464
95363.889249312910
95445.303726167796
95483.113704933072
95140.998926899149
94660.869362775557
94789.899115063410
94434.493099149797
94758.324976180607
96538.586391330842
96453.580521307347
96752.160068918092
96425.127430663459
96116.422569884977
96208.961183033854
95901.438115981393
96238.940698694030
96783.816607645189
96572.258822243108
96896.966374263226
96861.083812920697
96733.082575356224
96837.061055831116
96825.017929529044
96518.322080449012
96538.586391330813
96752.160068918107
96453.580521307478
96425.127430663459
96733.082575356224
96518.322080449070
96825.017929529087
96837.061055831116
96783.816607645189
96861.083812920755
96896.966374263226
96572.258822243108
96116.422569884977
96238.940698694030
95901.438115981291
96208.961183033927
97760.563277962501
97679.500012194534
97964.216988367043
97652.365821041516
97357.944152512442
97446.206429251251
97152.875734813264
97474.799559959691
97994.401509519681
97792.673043304923
98102.286588875781
98068.074129917237
97946.026392639833
98045.169199572614
98033.686378852261
97741.239139963916
97760.563277962487
97964.216988367043
97679.500012194650
97652.365821041516
97946.026392639833
97741.239139963960
98033.686378852304
98045.169199572614
97994.401509519681
98068.074129917295
98102.286588875781
97792.673043304923
97357.944152512442
97474.799559959705
97152.875734813177
97446.206429251310
98751.276143029027
98673.450315452821
98946.788793912099
98647.399367805163
98364.716748660474
98449.462848876647
98167.806970388163
98476.916325378057
98975.765821687441
98782.103032034778
99079.333428367230
99046.490397873189
98929.325786968839
99024.502147415042
99013.478838378665
98732.723923671409
98751.276143029012
98946.788793912099
98673.450315452938
98647.399367805163
98929.325786968839
98732.723923671452
99013.478838378724
99024.502147415042
98975.765821687441
99046.490397873247
99079.333428367230
98782.103032034778
98364.716748660474
98476.916325378072
98167.806970388076
98449.462848876734
99483.950757245926
99408.539691911123
99673.393552400914
99383.296848006910
99109.375801693328
99191.496743697993
98918.560018364558
99218.099512973946
99701.470582690599
99513.820921266786
99801.820790286860
99769.998162701144
99656.472885042371
99748.693010625502
99738.012139793937
99465.974250556275
99483.950757245912
99673.393552400914
99408.539691911239
99383.296848006910
99656.472885042371
99465.974250556319
99738.012139793980
99748.693010625502
99701.470582690599
99769.998162701202
99801.820790286860
99513.820921266786
99109.375801693328
99218.099512973960
98918.560018364471
99191.496743698066
99909.455074208774
99835.453582916132
100095.35558585414
99810.682500856667
99541.877880338448
99622.465532997303
99354.622461072664
99648.571480572587
100122.90749551335
99938.766823386890
100221.38066750336
100190.15330811450
100078.75136979351
100169.24667114114
100158.76558222130
99891.814610933201
99909.455074208745
100095.35558585414
99835.453582916249
99810.682500856667
100078.75136979351
99891.814610933245
100158.76558222134
100169.24667114114
100122.90749551335
100190.15330811456
100221.38066750336
99938.766823386890
99541.877880338448
99648.571480572602
99354.622461072591
99622.465532997376


