# temperature_fl
# rank
2
# size
32
90
# lbound
1
1
# entries
203.39464132802351
203.44994088663296
203.37718864677166
203.35595984256437
203.47283361699283
203.48971158867070
203.51439099775857
203.41783574694585
203.28596675273803
203.32506889448067
203.23728109813618
203.30380676490387
203.43215108887222
203.37667943825923
203.45533446893634
203.47004550943259
203.62715026831430
203.64837506199203
203.66573393098784
203.56683183295033
203.55058510024321
203.52827846030067
203.51382445658746
203.61135334172090
203.74736251358365
203.71068414119361
203.81041055575713
203.72738750283330
203.58776418769489
203.64743317889290
203.57162449590686
203.54754365455955
207.12750001100196
207.18578126783663
207.10910579520842
207.08673141756580
207.20990764250396
207.22769486884954
207.25370340708261
207.15194534539506
207.01295875154887
207.05417285874094
206.96164182052027
207.03176247969770
207.16703252594476
207.10856911237178
207.19146553711553
207.20696931151920
207.37252926894752
207.39489485440694
207.41318646313260
207.30896688084803
207.29184589776577
207.26833857751328
207.25310635980495
207.35588305571696
207.49919796264874
207.46055085874892
207.56562764191577
207.47815091503261
207.33102531438283
207.39390235449329
207.31401740102143
207.28864076604961
210.58351190997391
210.64441365162216
210.56429012163258
210.54090876532103
210.66962408313066
210.68821025866760
210.71538660372653
210.60905667751496
210.46381329172917
210.50688422312780
210.41018263146401
210.48346434112341
210.62482218742699
210.56372928921374
210.65035336753604
210.66655374867028
210.83954151451792
210.86290897738147
210.88201969325655
210.77312980348853
210.75524082573904
210.73067868753279
210.71476275407250
210.82214938639132
210.97187951624508
210.93150394131035
211.04127764603047
210.94989128760702
210.79617739204869
210.86187202577375
210.77840683320827
210.75189189766488
213.95542857035795
214.01874812860791
213.93544310113896
213.91113243585085
214.04495861687207
214.06428177379286
214.09253525719245
213.98198780708915
213.83096988245705
213.87575484110604
213.77520305056851
213.85140312431179
213.99837917752797
213.93485998276427
214.02492350582105
214.04176651245416
214.22160408419526
214.24589512316416
214.26576086895093
214.15256529581731
214.13396811498490
214.10843320381773
214.09188668731719
214.20352428524197
214.35916723966963
214.31719888490605
214.43130021673815
214.33631174628226
214.17652495984785
214.24481719568422
214.15805119134069
214.13048658044585
217.27837330781429
217.34392933764582
217.25768130100067
217.23251077583851
217.37106468343691
217.39106933255061
217.42031874381496
217.30587100440601
217.14950967254205
217.19588107352709
217.09176522357328
217.17066692400599
217.32284128530998
217.25707756326707
217.35032266572202
217.36775997155175
217.55392933747439
217.57907369967970
217.59963697061832
217.48246277132958
217.46321098000325
217.43677681692191
217.41964731895783
217.53521411285865
217.69631889901811
217.65287964729717
217.77097676155290
217.67266254214550
217.50726540651576
217.57795791527266
217.48814171607191
217.45960686754708
220.56473053269249
220.63234012761833
220.54338960468905
220.51742923153321
220.66032445750926
220.68095460212706
220.71111797274284
220.59309003643497
220.43181986508847
220.47964916066809
220.37225748649604
220.45364250988180
220.61059187232925
220.54276692785615
220.63893353874485
220.65691638362861
220.84889447827089
220.87482116891996
220.89602384295915
220.77520146539865
220.75534918389528
220.72809000109271
220.71042557575748
220.82959661618392
220.99570730926925
220.95092043074681
221.07267761165892
220.97131725094289
220.80077727534180
220.87367067975450
220.78105748552443
220.75163261994658
223.81808463959737
223.88755252328951
223.79615628858016
223.76948078662869
223.91630481171035
223.93750064489797
223.96849041692630
223.84722412248786
223.68150885296572
223.73065890798043
223.62029885001289
223.70393436347308
223.86520695437886
223.79551646600422
223.89432693744908
223.91280324976813
224.11003116924931
224.13666428514153
224.15844421401937
224.03432690307974
224.01393196363890
223.98592707462856
223.96777905921698
224.09020710073011
224.26083612257145
224.21483348802747
224.33989152359513
224.23578421463097
224.06060129523098
224.13548246154224
224.04034292799096
224.01011376847558
227.03748504220027
227.10859633991839
227.01503692639881
226.98772849140167
227.13802741236412
227.15972310588975
227.19144289642347
227.06731447084857
226.89766421057845
226.94798421323722
226.83499383252922
226.92062382685614
227.08572266478438
227.01438193098366
227.11553075906625
227.13444322987081
227.33630559953582
227.36356153245492
227.38585025284269
227.25882707158840
227.23795315282837
227.20928988095164
227.19071479225354
227.31601747847566
227.49062764927820
227.44355457918593
227.57151756152518
227.46499307498254
227.28571790531677
227.36235208705168
227.26498430403072
227.23404524001694
230.21917258236564
230.29168691367306
230.19628038103204
230.16843094671572
230.32169699644942
230.34381889251145
230.37616084683495
230.24959124227482
230.07657650200082
230.12789781120344
230.01265510118327
230.09999333816452
230.26836255992555
230.19561241950052
230.29875784470295
230.31804235305887
230.52385043909584
230.55163558408202
230.57435644148435
230.44486293865921
230.42358131293830
230.39435738818079
230.37541847412430
230.50316784633384
230.68115766893450
230.63317691168896
230.76360140360987
230.65502911039505
230.47227827186694
230.55040267356065
230.45114033899452
230.41959701628946
233.35738620074451
233.43103227927580
233.33413531488341
233.30584861933156
233.46150875885922
233.48397371624063
233.51681608662778
233.38828043338842
233.21254495214808
233.26467730486206
233.14760869400430
233.23633226709629
233.40734463387466
233.33345687737341
233.43821320638753
233.45779737941498
233.66677363443875
233.69498229116488
233.71804872164321
233.58657669865954
233.56496783119979
233.53529358333753
233.51606224257264
233.64577513803860
233.82646531772880
233.77776069527215
233.91014580016099
233.79994294226231
233.61441272525622
233.69373060945111
233.59295051285068
233.56092220396374
236.44477079253744
236.51924119246956
236.42125799286893
236.39265158061770
236.55005644365536
236.57277023451388
236.60597503294008
236.47601180245093
236.29828497274178
236.35101281037944
236.23260139717897
236.32234449521792
236.49528928731647
236.42057190098799
236.52650206575399
236.54630388286640
236.75756696023902
236.78607929725302
236.80939316048128
236.67650014495752
236.65465524453555
236.62465572967778
236.60521288793763
236.73634162890713
236.91896199472438
236.86974194034502
237.00351966445533
236.89215938252318
236.70463919464251
236.78481416590867
236.68294344682798
236.65056534952356
239.47259140864438
239.54753734822606
239.44892647806148
239.42013369541974
239.57854656917121
239.60140228084722
239.63481293894228
239.50403307773888
239.32514232823209
239.37822113596377
239.25901489445829
239.34936258782608
239.52343354033221
239.44823593278016
239.55484407388420
239.57477047545342
239.78732028831703
239.81600031296807
239.83945022987410
239.70576892228647
239.68379148733140
239.65360860807627
239.63404609035069
239.76596920053515
239.94964566191643
239.90014674885401
240.03467238801250
239.92269172874427
239.73407746617437
239.81472777133689
239.71225115712522
239.67967668617095
242.43084660544503
242.50587268651429
242.40715399526812
242.37832600235802
242.53691171542644
242.55978813867009
242.59322714773646
242.46232328891898
242.28320657074966
242.33635918637435
242.21697923969072
242.30746121503779
242.48174435237578
242.40646262521520
242.51318661275891
242.53313209698322
242.74583474932490
242.77452826012285
242.79798793611607
242.66423573799128
242.64224311594040
242.61203775967039
242.59245967409339
242.72447251551307
242.90821390556150
242.85870440645547
242.99324684844740
242.88125484226933
242.69256237709902
242.77325515625807
242.67072226223993
242.63812536080908
245.30832756241355
245.38298645098553
245.28474806717168
245.25605587245965
245.41386955831686
245.43662955741883
245.46989608193343
245.33965185998844
245.16137027252472
245.21428315418643
245.09543214024006
245.18551636545601
245.35897769995395
245.28405997746890
245.39026384817683
245.41010905220639
245.62168160030524
245.65021411615677
245.67354064540442
245.54052929503248
245.51865425924609
245.48860846048493
245.46913259778418
245.60043790216389
245.78312267211135
245.73390615877739
245.86763807573934
245.75632390613544
245.56870272610064
245.64894819877475
245.54698091078609
245.51455838788948
248.09264848262472
248.16643554254171
248.06934092960302
248.04097744236111
248.19695320368598
248.21944207220889
248.25230954223028
248.12360899012018
247.94735951797020
247.99967897902670
247.88214948980109
247.97123582327893
248.14270894531967
248.06866075113155
248.17362707873312
248.19323734726498
248.40223242632933
248.43040709742323
248.45343925209673
248.32208454559597
248.30047688622520
248.27079600812039
248.25155525344022
248.38125356981723
248.56161636549453
248.51303534065170
248.64502329436925
248.53516453976547
248.34991150890369
248.42915710867317
248.32845703098491
248.29643091958371
250.77026333707494
250.84261124667219
250.74740628120523
250.71958837045824
250.87252790760513
250.89457171890371
250.92678541484659
250.80062239087181
250.62775068112268
250.67907911313810
250.56376216056367
250.65117594033021
250.81934956928066
250.74673922002629
250.84966146149480
250.86888541083272
251.07367581285902
251.10127132491530
251.12382783899835
250.99515938225707
250.97398750216132
250.94490242488772
250.92604617408927
251.05312628610486
251.22974448174412
251.18218402229107
251.31137853802554
251.20384943989026
251.02242260292252
251.10004709344227
251.00140302033773
250.97002294294199
253.32647851375262
253.39675190985562
253.30427192390184
253.27724246692785
253.42580376412531
253.44720773024733
253.47848237993395
253.35596994670411
253.18798302133149
253.23787513622761
253.12576857511667
253.21075424048129
253.37415983879708
253.30362381042795
253.40359869107473
253.42226678048377
253.62103011057187
253.64779859977014
253.66967646161942
253.54484737255865
253.52429987510200
253.49606917313548
253.47776474189726
253.60109413384757
253.77237443459404
253.72626581627117
253.85149150734964
253.74727119599913
253.57130351231837
253.64661113330558
253.55090648260222
253.52045200483167
255.74546792987215
255.81295813755111
255.72413484815365
255.69816474622698
255.84085093889692
255.86139779580014
255.89141521006232
255.77379486313339
255.61237362818571
255.66033276040824
255.55254957693302
255.63426439193501
255.79126397733748
255.72351218553257
255.81953220601042
255.83745533196844
256.02815891113187
256.05382391262600
256.07479668504851
255.95509313971309
255.93538039104735
255.90829247547043
255.89072648576857
256.00904196187685
256.17320722237952
256.12903148587679
256.24897733798713
256.14915792532588
255.98047078163145
256.05268548908475
255.96090561602739
255.93168856235323
258.01029552888934
258.07421545190141
257.99008367945100
257.96547381224991
258.10062239366192
258.12007083577430
258.14847761636645
258.03712823103234
257.88413960537429
257.92961412634065
257.82739047503640
257.90489844225851
258.05367277078892
257.98949369047705
258.08043986218854
258.09740799556380
258.27779422612673
258.30204868564869
258.32186487768780
258.20871536302207
258.19007100648184
258.16444620167482
258.14782592582992
258.25972451710703
258.41480096623906
258.37309237318669
258.48630232912188
258.39209675102558
258.23271305802075
258.30097294142422
258.21421222791639
258.18657892641733
260.10294926938269
260.16242853771763
260.08413258639706
260.06121566835560
260.18698823916708
260.20507143296800
260.23147679631143
260.12792312314525
259.98543155911477
260.02781147100558
259.93251431025169
260.00478038853635
260.14331773054914
260.08358325806768
260.16821820399582
260.18399909594763
260.35157156846782
260.37407595520074
260.39245747693911
260.28744157291430
260.27012396663810
260.24631648180423
260.23087111853420
260.33480145073730
260.47860656857944
260.43995588055947
260.54481990806084
260.45756936415728
260.30972598544128
260.37307796896033
260.29254655234092
260.26687996565261
262.00439045874987
262.05847095912253
261.98727049413361
261.96641278487533
262.08078561117435
262.09720982658644
262.12118360026921
262.02710408805876
261.89738218745600
261.93599598361334
261.84913011445792
261.91501488813924
262.04110068666569
261.98677061870126
262.06373221846587
262.07807020877328
262.23008091573774
262.25046148655446
262.26710222804792
262.17195868654102
262.15625222648328
262.13465197022981
262.12063381926322
262.21488816922863
262.34501953968152
262.31007703230608
262.40482291546249
262.32600370583737
262.19216288827948
262.24955785630812
262.17658781959324
262.15330950596382
263.69462247521415
263.74225443137624
263.67952963377672
263.66113243925150
263.76188817125512
263.77633158236284
263.79740245001761
263.71463610225885
263.60017393504455
263.63428584237477
263.55750009282156
263.61575508750190
263.72696288228138
263.67908884477174
263.74688466097791
263.75949963353554
263.89293777563535
263.91078505748430
263.92534964664526
263.84198345719432
263.82819973519247
263.80923390432008
263.79691939511582
263.87962673785853
263.99345230832228
263.96293040289203
264.04561657853429
263.97684606932222
263.85970543389885
263.90999396795758
263.84604475434287
263.82561658417598
265.15278352522813
265.19282235236756
265.14007805701794
265.12457893626402
265.20929996087284
265.22141168528054
265.23906578165577
265.16961765132800
265.07313025017828
265.10193800824453
265.03703021749158
265.08629412359977
265.17997825531006
265.13970685819896
265.19670966263806
265.20729620829621
265.31887924795410
265.33374682855168
265.34586964203368
265.27635766628140
265.26483639533484
265.24897074506504
265.23866125976645
265.30778171397293
265.40243204511398
265.37710739893106
265.44561727312816
265.38865862809786
265.29115912550441
265.33308810485318
265.27975083640467
265.26267636371108
266.35726912419364
266.38847336175047
266.34734177880233
266.33521534100805
266.40127941024485
266.41067888124707
266.42435887583326
266.37040366162745
266.29483597835514
266.31746936460860
266.26638969963784
266.30518585724860
266.37847664942745
266.34705156325992
266.39149639519854
266.39972326367194
266.48589111632418
266.49729486599648
266.50657939400071
266.45317399928462
266.44428361374167
266.43202328322735
266.42404569245400
266.47736691897165
266.54973021953651
266.53044505797112
266.58248339678937
266.53924857930696
266.46457959843349
266.49679000811403
266.45579027279143
266.44261562471070
267.28589153481533
267.30692227320105
267.27916374769541
267.27092188225595
267.31550089401003
267.32177769425891
267.33088255261998
267.29476556318622
267.24329391339751
267.25881429993291
267.22366626756809
267.25040189383930
267.30020426389530
267.27896680332634
267.30895014992734
267.31446010241831
267.37137368383515
267.37879157680720
267.38481028012745
267.34994019218124
267.34407799653837
267.33596771708517
267.33067451725623
267.36581082949618
267.41253186603899
267.40019425875619
267.43328646891069
267.40583683383505
267.35743735038909
267.37846376744790
267.35166227757946
267.34297637473458
267.91608555884670
267.92550792907559
267.91300899177622
267.90920031609636
267.92926344729364
267.93197778035523
267.93586346251044
267.92009794363258
267.89612660759929
267.90352793960551
267.88656622363396
267.89953404061293
267.92253084183261
267.91291848795146
267.92640039482342
267.92881061035115
267.95235641151896
267.95522917785871
267.95752402722900
267.94379133072431
267.94138302372960
267.93800647299139
267.93577537252389
267.95017060024139
267.96765497990270
267.96323765188453
267.97473307373815
267.96527661272069
267.94683084892546
267.95510325334322
267.94449355590194
267.94092740665172
268.22517300635343
268.22146051252435
268.22622819836408
268.22743642857847
268.21975926561919
268.21844330738440
268.21642475909198
268.22368420532149
268.23083536097647
268.22904709085105
268.23267102339742
268.23005418594016
268.22271606373226
268.22625814669823
268.22106836599852
268.21997161125148
268.20577459578203
268.20350752180718
268.20159148087407
268.21176329568078
268.21326163176491
268.21523960891483
268.21647235378543
268.20740789039860
268.19183377712710
268.19637089113735
268.18345164936693
268.19433560007406
268.20976109309038
268.20360989187452
268.21131200430818
268.21353672008127
268.19070205859310
268.17224482132781
268.19639585379502
268.20323669492632
268.16441861373573
268.15857907528584
268.14993400003323
268.18303756199839
268.22513205414310
268.21302476148759
268.23976580066414
268.21964735436399
268.17825155722807
268.19656103330914
268.17041072587637
268.16537757606363
268.10882554783882
268.10079186134465
268.09415167214951
268.13114448456435
268.13702674615809
268.14501372233400
268.15013387373313
268.11474386907344
268.06208396367583
268.07666509982568
268.03636263661292
268.07005968262490
268.12348487442432
268.10115035844797
268.12939878420758
268.13812183194608
267.79088283679738
267.75600120681668
267.80174413358321
267.81486013827237
267.74135301072579
267.73047536596999
267.71445044467407
267.77633885044401
267.85736438910385
267.83375908285518
267.88626007620314
267.84663862264074
267.76730009987966
267.80205996700852
267.75256103009440
267.74314353371182
267.63942728108032
267.62497371894756
267.61307448148716
267.67992836382047
267.69069219791436
267.70537063224515
267.71481990344245
267.65011628636876
267.55617394817699
267.58193421913109
267.51115642363618
267.57024205319601
267.66596944710011
267.62561735044187
267.67674135794135
267.69270038746532
267.00514706274191
266.95211258992953
267.02172026483731
267.04177291157629
266.92992532417799
266.91348031941118
266.88930078609070
266.98299926247671
267.10706141815166
267.07074387470425
267.15172709168326
267.09054093953660
266.96926025668881
267.02220262803206
266.94689746701670
266.93263478934426
266.77680987264000
266.75526524565186
266.73755746194809
266.83739640875058
266.85355341914425
266.87562500981574
266.88985762714105
266.79276861570276
266.65323341582376
266.69133826891130
266.58691118112779
266.67402888434327
266.81647837441113
266.75622381259882
266.83261709269925
266.85657043674860
265.81486801847143
265.74193446114930
265.83770335033302
265.86536132877683
265.71148397362407
265.68893725400682
265.65582105653795
265.78438449639151
265.95563423219704
265.90537619831264
266.01759605771372
265.93275893659387
265.76549313263416
265.83836829044839
265.73477384552586
265.71520061433841
265.50227873929867
265.47296659817493
265.44889658937666
265.58486986097842
265.60693613227738
265.63710887832838
265.65658324202741
265.52401029364728
265.33454016982699
265.38616291158905
265.24489239634056
265.36270219683513
265.55632726071559
265.47427013161456
265.57834592585652
265.61105855122423
264.20428726472562
264.10973523688460
264.23392682927692
264.26984917646780
264.07030899896029
264.04113497137251
263.99831316538501
264.16474716818834
264.38727652434903
264.32186623345478
264.46804127184981
264.35749372741992
264.14025831715236
264.23479015903200
264.10046129365963
264.07511961696173
263.80020024752213
263.76245713192213
263.73148204797661
263.90667966486029
263.93516211297549
263.97413167888044
263.99929835260247
263.82819819774284
263.58453783695307
263.65082724183259
263.46958788101222
263.62069215147409
263.86985909501408
263.76413508063723
263.89826153641604
263.94048480751167
262.16170667495595
262.04390668835077
262.19866477038801
262.24347706523236
261.99483019629349
261.95853160907262
261.90527716480199
262.11242652297528
262.39012137124843
262.30840660889891
262.49112348375633
262.35290539581490
262.08191836129976
262.19974149530464
262.03236049839307
262.00081693668426
261.65927324075517
261.61247447217772
261.57408350811932
261.79141682312036
261.82679391007520
261.87521729830689
261.90650204251136
261.69400259104259
261.39215078087290
261.47418529136814
261.25004609083493
261.43688464136108
261.74570190930052
261.61455455463948
261.78096336851996
261.83340645546946
259.68101757192647
259.53851763611078
259.72575334580495
259.78001463917644
259.47919110402211
259.43532626167797
259.37099410779985
259.62138782021589
259.95772332951782
259.85867124041761
260.08025143106420
259.91260270501664
259.58448452559230
259.72705686850094
259.52455781825074
259.48642697290217
259.07416435903832
259.01775991768665
258.97150382721435
259.23353942261019
259.27623434142043
259.33469328874259
259.37247347365138
259.11603497999937
258.75247743176402
258.85120142651834
258.58160076562405
258.80630483012766
259.17838556260580
259.02026652508357
259.22092588581381
259.28421600865511
256.76365110441350
256.59529662067030
256.81653113206477
256.88068869566274
256.52524520796641
256.47346522712786
256.39754707361038
256.69318618702511
257.09094696568764
256.97372587007760
257.23604334232448
257.03754163554839
256.64958900021890
256.81807216340320
256.57881113388333
256.53378793646891
256.04759807024868
255.98116173719737
255.92669326146813
256.23542544746118
256.28576940262349
256.35472026003629
256.39929257099385
256.09692833015282
255.66895663305212
255.78509310326592
255.46807847030095
255.73227061691793
256.17040738995127
255.98411374591544
256.22055431601353
256.29518230457398
253.42104096011064
253.22613612778352
253.48228886906432
253.55661728208980
253.14507756165676
253.08517653109675
252.99737468278371
253.33944665588899
253.80035004082990
253.66443955639767
253.96867535768669
253.73842144122241
253.28897569794879
253.48407396240700
253.20705816054695
253.15496134482967
252.59299882457788
252.51629435720685
252.45342266769532
252.80996713284003
252.86814989755257
252.94785614528249
252.99939310009748
252.64996661563788
252.15610775907524
252.29004070895752
251.92459156104945
252.22911622335488
252.73484304344902
252.51970218305988
252.79278277017121
252.87902976043409
249.67768205569661
249.45620279547478
249.74731206511024
249.83183284733914
249.36413656710414
249.29611770657505
249.19644241386192
249.58494436031549
250.10914338246772
249.95447973568810
250.30079815517877
250.03866052521454
249.52759379645113
249.74934168251170
249.43453172486977
249.37536116754606
248.73777210073541
248.65084046920683
248.57960293232617
248.98379286395155
249.04979758330771
249.14024083726721
249.19873344155175
248.80235027454174
248.24293277640663
248.39455225276285
247.98100541543607
248.32557385363859
248.89858879941471
248.65470218429354
248.96430080330390
249.06214157721999
245.57483037240746
245.32769762202139
245.65256195699590
245.74694035725844
245.22501942755099
245.14917995343737
245.03807426163121
245.47132958789933
246.05677456930721
245.88393732005690
246.27106966399455
245.97799896658856
245.40733843073514
245.65482798595642
245.30352590725232
245.23753619657450
244.52726390622183
244.43053499937579
244.35128904945523
244.80115783938089
244.87467746960897
244.97544339651665
245.04062761603177
244.59913758097568
243.97701603854588
244.14551991506872
243.68611346785676
244.06884988993681
244.70627599267661
244.43483136033521
244.77944950931069
244.88842860962725
241.17479144785108
240.90420832687502
241.25994397054711
241.36336147235761
240.79185112406199
240.70888680266518
240.58738028727277
241.06144298740401
241.70309269571385
241.51353570309030
241.93826518744063
241.61668343041370
240.99138244172718
241.26242665723899
240.87775466433550
240.80554577589970
240.02932175240366
239.92375145628154
239.83728727870644
240.32843338176454
240.40876794051044
240.51890590680071
240.59017217004549
240.10778678818536
239.42922999439537
239.61288133467383
239.11241978786757
239.52930638129845
240.22478512209219
239.92843980491065
240.30471650155911
240.42379590097931
236.56554514308434
236.27538818911353
236.65691537973484
236.76792137361866
236.15498556879413
236.06611169202151
235.93599815858337
236.44396304184917
237.13286635754895
236.92918722912739
237.38574740706957
237.04000271839931
236.36883784448446
236.65957976280365
236.24703592884737
236.16965823948308
235.33914481356922
235.22637234783704
235.13404207977075
235.65889918608133
235.74483732594177
235.86269847343186
235.93898716670296
235.42299116823727
234.69869912193690
234.89454908854617
234.36116162451862
234.80540624436162
235.54805824956284
235.23137961415100
235.63353277967272
235.76091631660603
231.86509676806719
231.56132504485325
231.96083037475552
232.07718620236000
231.43538139189053
231.34245852207491
231.20648030960240
231.73776493829243
232.46009399967969
232.24631903605544
232.72575622128358
232.36260529674837
231.65911929986942
231.96362253946640
231.53166223947264
231.45072589087368
230.58369534768337
230.46620402175819
230.37005346507897
230.91714300200204
231.00683992862866
231.12990990173725
231.20960319875212
230.67108764370056
229.91722551610522
230.12083332499816
229.56673708805388
230.02813739615169
230.80150308746047
230.47141958336292
230.89067345096407
231.02362586381778
227.22438224393881
226.91538353146873
227.32186399120121
227.44040912925496
226.78741656254269
226.69305530552796
226.55505598251185
227.09479998656326
227.83101779017522
227.61285001799354
228.10246526056656
227.73149662958150
227.01480718080552
227.32470786343694
226.88523656145492
226.80300303885608
225.92430150423669
225.80554666750888
225.70841947778405
226.26175170667821
226.35262964622129
226.47739145387712
226.55822416874284
226.01268341472365
225.25169331382952
225.45691000770938
224.89899280692305
225.36345230218996
226.14465426026928
225.81081668447277
226.23494205347382
226.36964147876810
222.82680830967752
222.52353888621261
222.92261538180028
223.03920901844529
222.39813375167975
222.30573318688357
222.17071147015815
222.69955048061684
223.42404084448566
223.20897664995806
223.69205625103669
223.32589703515970
222.62104887657247
222.92541134733986
222.49398540901043
222.41340222577739
221.55525868397720
221.43970031306367
221.34526292810165
221.88417454904740
221.97289149026386
222.09478057395759
222.17380982283387
221.64132719970124
220.90210706714024
221.10103702442413
220.56094411458733
221.01040380595916
221.76994717834336
221.44482633067940
221.85801347828746
221.98950522160425
218.88178428212163
218.59749374460429
218.97176740446295
219.08138350084914
218.48018086576676
218.39383532028791
218.26780385856011
218.76238925953012
219.44403104701536
219.24120552246220
219.69735062685498
219.35142263032887
218.68881074433918
218.97439463549111
218.56983435360152
218.49445637041043
217.69551122126111
217.58846347746055
217.50107853171465
218.00091177021457
218.08346345063620
218.19700344402148
218.27069400798777
217.77532556092100
217.09220409288130
217.27550128707111
216.77879419142349
217.19194071834923
217.89473293251601
217.59320920308227
217.97658301841531
218.09893093068848
215.60943988177885
215.35874970072558
215.68900488023743
215.78606875431311
215.25561007620499
215.17981309541213
215.06935783736969
215.50402854217947
216.10825952930429
215.92786012038295
216.33427381122598
216.02582789158782
215.43915943109118
215.69132948439551
215.33441563893871
215.26815114554350
214.57053771282006
214.47774483347740
214.40211887373101
214.83616385468446
214.90818801713525
215.00740180846933
215.07188839408738
214.63983027293008
214.04975648580347
214.20741240923107
213.78137342785482
214.13547852228885
214.74366475508725
214.48185511131064
214.81495566881176
214.92169344528699
213.21501085334467
213.01220895585365
213.27964557155525
213.35866754429571
212.92915211591944
212.86825807862257
212.77974176327791
213.12957791779667
213.62229702197467
213.47443835983393
213.80841461661100
213.55465685932768
213.07711678826109
213.28153588439528
212.99259284896112
212.93923922794281
212.38338017127805
212.31027887243260
212.25085294582982
212.59374575323474
212.65106322291675
212.73020801766958
212.78176672646168
212.43810012378660
211.97581249072323
212.09849253761513
211.76843299862892
212.04243972930828
212.52030611428762
212.31351259123434
212.57689035713494
212.66182390487737
211.85488646701344
211.71157161104517
211.90089506473197
211.95735764356837
211.65334773600992
211.61083883237680
211.54932205345509
211.79431780655403
212.14736716803074
212.04049229349602
212.28297318148560
212.09837989734388
211.75726513568324
211.90224300744890
211.69779538377531
211.66040401993467
211.27804500479314
211.22879852990062
211.18895397856295
211.42115038250103
211.46048780641706
211.51504168316416
211.55072567276250
211.31507351096056
211.00684091746385
211.08759433213407
210.87216953765588
211.05060060349967
211.37096211529450
211.23097160875707
211.40961010488508
211.46788906221497
211.60161177260383
211.52422670562191
211.62689241976352
211.65819547241821
211.49340475445496
211.47113755663028
211.43927723335071
211.56865013827209
211.76568041367426
211.70482611116284
211.84428871336692
211.73766334560329
211.54866964218098
211.62763618143293
211.51690084272269
211.49712045154948
211.30432836172827
211.28088462359187
211.26217397167494
211.37434403715997
211.39405805087466
211.42171485829437
211.43999929172736
211.32218049141346
211.17913407597783
211.21499636065843
211.12186690748024
211.19843272474893
211.34947894577564
211.28191177558858
211.36859777596231
211.39778882773842
212.41878097234778
212.40690654929330
212.42337603426131
212.42951330816365
212.40318546603496
212.40088991665488
212.39821740548598
212.41330343627212
212.45400729457950
212.43951810443514
212.47489447975624
212.44714389400414
212.41028116088592
212.42351620640537
212.40596687100654
212.40360125404845
212.39633228404969
212.39786924969096
212.39957101913132
212.39523459026250
212.39576688554519
212.39707068037572
212.39826964575084
212.39557699622330
212.41292946620203
212.40583529737208
212.42927716203477
212.40884526707495
212.39506699005312
212.39778835548975
212.39514472062169
212.39590561046995
214.16187610095508
214.20804681621416
214.14805465382634
214.13172957335300
214.22821404348613
214.24347617907901
214.26639258352364
214.18080232378750
214.08170364825057
214.10893104344402
214.05035939560636
214.09389946324330
214.19280034893708
214.14765681047996
214.21274284412871
214.22572498177780
214.38009649722602
214.40313834995203
214.42236655906282
214.31744231798814
214.30128506985918
214.27960040672943
214.26585854003957
214.36328273651122
214.51738099383104
214.47375325941618
214.59591210851801
214.49343282253892
214.33870980859737
214.40210489062341
214.32226698820088
214.29829439269221
216.59859759852975
216.69011439070349
216.57031112510950
216.53629260870073
216.72883576294541
216.75769493314118
216.80036714521518
216.63663382265335
216.42716936776847
216.48755514954993
216.35403873002815
216.45453818013340
216.66036122853941
216.56949014143453
216.69919336257482
216.72409385159204
217.00241519149145
217.04173191176983
217.07418688451941
216.89289598371806
216.86396091352952
216.82462579441446
216.79938127048183
216.97341551421650
217.23038674427889
217.15947308095809
217.35503263846718
217.19162051556481
216.93052977788773
217.03997861849362
216.90147749372991
216.85857090535831
219.45811428754786
219.58034500377707
219.41997864124232
219.37387821960158
219.63156395907043
219.66955660261226
219.72546199990484
219.50912388208391
219.22412105622112
219.30735908716139
219.12199525321208
219.26196388516408
219.54079258935027
219.41886916216211
219.59237980967811
219.62530670828164
219.98616931700903
220.03620517268041
220.07735299897141
219.84563499027212
219.80820388240426
219.75710392046560
219.72417395997695
219.94912655796654
220.27356048682881
220.18484521803271
220.42816051825662
220.22513447429472
219.89412560274579
220.03397831586764
219.85671113907972
219.80121659522882
222.48512688241718
222.62548872169882
222.44117517782462
222.38793679023536
222.68408773077380
222.72747670993590
222.79120708067120
222.54379515328515
222.21412662754315
222.31090233414432
222.09477324672514
222.25817807650350
222.58015148540471
222.43989530570596
222.63926869942836
222.67693543933885
223.08677188498282
223.14322395123443
223.18958958278003
222.92776360610318
222.88529065176249
222.82721911907396
222.78974026292485
223.04492636811594
223.41001839077978
223.31047926391278
223.58303936573989
223.35570881802118
222.98270761577413
223.14071322911443
222.94032148106200
222.87735620725059
225.48734034268250
225.63871393576900
225.43993334317938
225.38250092150989
225.70190896701004
225.74870388488827
225.81744475421220
225.55061392950751
225.19489509649802
225.29937501142996
225.06593309576837
225.24246166152375
225.58982174146345
225.43855276629662
225.65357446721717
225.69419552706540
226.13648901017081
226.19749278892419
226.24761769810377
225.96478785724818
225.91895082838784
225.85629367544445
225.81586248215757
226.09128605651657
226.48621840411059
226.37840768889714
226.67391187661346
226.42738150438367
226.02409873793593
226.19477905182583
225.97834224208327
225.91038894526872
228.35968600554546
228.52169693875126
228.30906147871073
228.24780231395707
228.58949969381266
228.63977086799332
228.71371834567887
228.42733803705144
228.04822388849314
228.15927336033423
227.91147935951625
228.09875130516161
228.46930776660631
228.30758800237081
228.53763206197479
228.58121851321505
229.05850678699105
229.12473097845734
229.17921697895724
228.87262640152775
228.82313218498257
228.75556275292669
228.71201488353591
229.00949737145220
229.43945876102558
229.32168975929025
229.64518810153749
229.37515060247497
228.93674950784848
229.12178297746146
228.88727256648775
228.81389314020709
231.06906314504135
231.24552048941874
231.01407557941366
230.94763480199691
231.31958378441340
231.37457689069663
231.45559255414557
231.14265875938801
230.73193359891891
230.85180956153599
230.58482792151341
230.78643170994965
231.18838005264544
231.01247620558166
231.26291573240832
231.31053127975451
231.83519476308555
231.90844308531379
231.96878674403519
231.63017241449037
231.57572729811619
231.50150037510659
231.45372464378354
231.78105549664582
232.25795454982574
232.12690442155525
232.48761266430921
232.18635569120138
231.70080192391845
231.90518016361608
231.64629556413558
231.56557100329238
233.60640916090651
233.80207866076560
233.54558769561427
233.47219765274079
233.88442233219175
233.94564415559091
234.03595824055984
233.68792776587688
233.23471228319758
233.36654596692912
233.07345877334197
233.29459977127712
233.73863634675732
233.54381974865538
233.82140742415652
233.87435103546997
234.46097263390871
234.54331513385188
234.61122715781909
234.23105542906740
234.17014271360725
234.08719856203524
234.03387432505960
234.40017830239594
234.93757897906036
234.78949357922374
235.19778493983131
234.85663610395034
234.31016600048756
234.53964492499753
234.24910563869847
234.15878678468917
235.96429004327311
236.18450811266030
235.89598483779756
235.81366095409024
236.27738967756156
236.34652271445577
236.44862305220440
236.05594976878376
235.54802106489987
235.69533858682402
235.36834521819355
235.61489641167100
236.11302916441119
235.89400042867797
236.20629972481740
236.26602313263800
236.93083260012963
237.02456320863476
237.10193751258518
236.66963269405215
236.60056511873731
236.50661023170670
236.44626565296795
236.86169148550513
237.47459295556885
237.30533109094262
237.77262962881463
237.38204200734754
236.75941906091137
237.02038340765074
236.69011039683699
236.58769526877208
238.13598504473970
238.38664743346513
238.05836984971864
237.96491314371309
238.49255591427280
238.57145324225144
238.68807685391303
238.24023859186431
237.66404361739689
237.83076433626690
237.46118357978457
237.73968454422007
238.30521713936972
238.05611594408737
238.41148577572304
238.47958947680007
239.24039620862368
239.34801998038859
239.43692255470000
238.94092212218851
238.86184909123247
238.75436530760473
238.68538277585321
239.16105898896814
239.86580175683355
239.67086445100966
240.20955824586005
239.75918425149388
239.04378903597313
239.34321892976629
238.96437588131340
238.84712042776266
240.11581684690100
240.40335275868952
240.02689589983353
239.91990057497932
240.52499611568001
240.61567141103728
240.74978879264680
240.23534138896139
239.57604059836302
239.76646756800767
239.34475530745519
239.66240005151320
240.30988546013140
240.02431451027630
240.43187340409156
240.51009854319051
241.38617475858177
241.51038760986265
241.61303911059085
241.04088297416925
240.94980298199175
240.82606355799572
240.74668950003075
241.29464886770296
242.10877042366232
241.88334456503836
242.50665846638901
241.98545766606685
241.15942828540233
241.50484522251847
241.06790570011427
240.93284226530395
241.89949601830219
242.23082557523341
241.79711593959379
241.67398289184592
242.37111088567354
242.47572295934461
242.63051414786372
242.03717626658326
241.27872324416825
241.49752373198191
241.01331208121235
241.37792092372618
242.12307916575028
241.79414446193618
242.26371123724820
242.35392682224938
243.36583556860961
243.50949583119549
243.62824735185572
242.96670444806395
242.86148327703708
242.71857671545160
242.62693633153560
243.26000553618303
244.20204149138038
243.94105884501124
244.66288436248320
244.05926721764146
243.10369459898854
243.50308488017848
242.99792789342555
242.84189224760863
243.48446899357430
243.86694178825542
243.36633641892820
243.22429356836673
244.02894727639526
244.14977848502110
244.32859999355097
243.64337246562653
242.76863519160742
243.02080953985799
242.46297131202013
242.88294383538937
243.74253841730089
243.36290813420189
243.90491586612637
244.00910073963595
245.17846342516418
245.34455465104861
245.48185624582732
244.71709127235718
244.59548650291066
244.43034891122969
244.32446635005968
245.05611764506773
246.14534531660325
245.84355752105262
246.67823856497057
245.98024708103333
244.87542853510348
245.33714245018967
244.75317864869933
244.57284638122289
244.87025702433769
245.31156938399988
244.73396277066229
244.57009321382122
245.49850739332396
245.63793528678406
245.84427702606024
245.05360048916728
244.04453053024784
244.33536739340974
243.69211040965249
244.17635604655359
245.16802310296688
244.73000753630575
245.35538738643089
245.47560637171679
246.82480505409825
247.01638966609664
247.17475134275139
246.29253380881457
246.15222612111802
245.96168280673402
245.83950726825287
246.68366932354644
247.93979206134892
247.59186177863688
248.55393636434061
247.74946143069698
246.47521469931928
247.00784015817311
246.33417039027961
246.12610337302215
246.05877179567872
246.56686038882938
245.90182238396829
245.71310141321081
246.78203043184726
246.94249204683692
247.17992344533747
246.26987785599130
245.10773415040978
245.44274995245698
244.70174620008078
245.25958859956177
246.40161245976807
245.89726753879359
246.61729902583647
246.75567269398283
248.30748332388265
248.52764693465346
248.70959203859348
247.69554885468668
247.53418049292878
247.31499737631188
247.17443556146111
248.14526134200079
249.58803364044581
249.18864145968510
250.29254119590991
249.36957494034141
247.90561331169192
248.51782319306494
247.74343046755217
247.50413393496470
247.05459160319413
247.63750127143720
246.87444891346271
246.65779091080250
247.88423244092425
248.06818077643959
248.34028552164580
247.29683446218792
245.96246821769302
246.34732863193443
245.49588347221592
246.13693461466744
247.44796376136767
246.86922041973489
247.69534503686549
247.85401263850417
249.63116715613054
249.88295369995163
250.09096489004347
248.93087632350125
248.74609690971283
248.49504210510804
248.33399729483361
249.44558794499579
251.09438370494397
250.63834969123911
251.89806093262598
250.84498067007269
249.17134749826778
249.87172083516404
248.98569567765705
248.71168619577207
247.86518015605509
248.53090449528261
247.65930981869053
247.41162584469379
248.81248683028011
249.02233928494962
249.33263848903457
248.14191986689008
246.61612603053439
247.05654750560180
246.08181374591447
246.81581403201068
248.31451255610261
247.65333365991401
248.59692963311076
248.77800493783752
250.80268285932144
251.08902112731658
251.32547952069351
250.00561634499314
249.79513593800516
249.50905146964325
249.32546928000230
250.59155474899168
252.46488409662615
251.94730200122561
253.37599499830733
252.18187329492017
250.27943123892189
251.07624956918886
250.06804725137494
249.75593141543737
248.50102837858441
249.25732276580572
248.26695716563719
247.98522366939795
249.57692768901319
249.81500663918169
250.16687083454417
248.81553334969385
247.07947176062098
247.58110171974465
246.47034212701763
247.30696356493775
249.01159560806312
248.26016100892193
249.33227863475170
249.53779875841747
251.83105293694356
252.15467569939625
252.42179425231083
250.92929119856089
250.69094006808072
250.36682311812675
250.15874361625842
251.59232331975122
253.70730724171091
253.12368833715922
254.73332356444263
253.38825656969328
251.23922294458754
252.14024480004056
250.99997084350477
250.64653391249655
248.97569840071489
249.82986696863173
248.71108033248109
248.39241875811760
250.19045768509054
250.45892396033068
250.85547518482389
249.33105667564726
247.36674206648911
247.93501749657540
246.67591699602056
247.62452834255345
249.55247694610250
248.70339544854019
249.91445500057162
250.14632279805082
252.72744953943891
253.09080718137619
253.39055997570495
251.71381712266222
251.44561113573496
251.08070343701132
250.84631879818238
252.45926904322945
254.83108573813948
254.17750803404638
255.97843203963146
254.47387563204398
252.06239044538796
253.07460905037487
251.79332673930418
251.39562956672185
249.30574883372662
250.26440936261733
249.00843894590531
248.65020508304383
250.66864313612342
250.96942390487004
251.41343023793198
249.70476969530748
247.49562401358455
248.13560979680210
246.71663501624900
247.78603041419132
249.95325778782026
248.99980235735831
250.35926005216206
250.61918131290764
253.50505187204777
253.91022333305395
254.24427312885777
252.37337275522978
252.07358256389691
251.66546556786528
251.40318181229068
253.20584094543563
255.84716301165963
255.12042030886238
257.12096671590467
255.45006732385227
252.76277504656093
253.89216677893538
252.46221723971729
252.01769881051578
249.51052212800340
250.57935587133764
249.17865587189229
248.77853661097248
251.02948133185703
251.36419480930971
251.85796101310333
249.95563086266759
247.48708403437291
248.20329455100548
246.61409352736055
247.81218983971931
250.23265320969904
249.16901267211929
250.68500452689509
250.97442200478719
254.17880028382683
254.62740501442013
254.99703215316737
252.92415411832482
252.59137553655015
252.13806786174743
251.84656846613240
253.84731547658419
256.76776242196166
255.96550639499719
258.17162077471863
256.32952523968680
253.35614557141247
254.60741942622860
253.02274137157153
252.52932306976015
249.61177899800268
250.79527586781850
249.24385413229828
248.79996791034571
251.29302985230453
251.66291021075733
252.20816950190130
250.10490911005468
247.36502577165217
248.16123592131842
246.39306486924568
247.72657740825187
250.41162288317142
249.23315988435328
250.91213817590932
251.23216535045285
254.76504461349583
255.25816013325041
255.66419654843676
253.38401095337409
253.01723309715834
252.51728560186686
252.19559400237833
254.40044115022971
257.60607656554430
256.72694399550358
259.14185378425952
257.12598069073186
253.85983820516449
255.23619909849006
253.49263196395549
252.94881849087977
249.63317207192631
250.93438502340686
249.22812875793701
248.73912454430709
251.48089476002494
251.88672154368155
252.48453480235665
250.17566071129892
247.15576135950357
248.03481600295189
246.08097348568077
247.55508485710862
250.51285038758536
249.21635184909962
251.06273379187985
251.41409209575525
255.28109064329175
255.81918097332519
256.26195357594162
253.77196593489492
253.37063298284664
252.82321576116348
252.47075305100768
254.88297733247163
258.37588359350923
257.41960020857402
260.04355214919883
257.85380606679416
254.29228453479945
255.79522539951674
253.89077682286214
253.29574762704493
249.59956118288613
251.01988656870279
249.15685496791937
248.62200332637326
251.61558408036927
252.05762115615559
252.70829085901485
250.19205483992317
246.88729141575604
247.85092500972820
245.70716734537370
247.32520915541031
250.56007555951376
249.14397876478500
251.15983127350603
251.54279520324974
255.74465593414729
256.32751652731258
256.80680446426607
254.10762662157583
253.67168856579835
253.07666342330850
252.69329702118395
255.31313814406721
259.09110282146554
258.05855514577684
260.88864240019421
258.52755286924565
254.67243820503481
256.30157702044488
254.23663399809305
253.59031835869402
249.53618561541256
251.07518816035076
249.05584726733713
248.47511606926719
251.71974436287428
252.19769381473662
252.90070042864360
250.17856399973007
246.58840355697504
247.63708401094937
245.30199025501389
247.06516173104404
250.57729653452958
249.04187189435299
251.22665907106901
251.64101397901618
256.17325429496361
256.79997896109955
257.31498908814700
254.41050934159875
253.94045697413054
253.29842868944073
252.88450754353838
255.70896077386402
259.76530726583979
258.65857459504673
261.68867332150205
259.16144246280277
255.01911947814924
256.77209722138923
254.54956036698303
253.85268909197077
249.46772307202994
251.12302437394854
248.95039900735961
248.32450600817427
251.81531026189435
252.32828650879179
253.08225479856304
250.15904928019938
246.28761665742695
247.42042868282300
244.89568020398616
246.80283047582105
250.58787149111794
248.93534256423536
251.28576302353494
251.73078033241634
256.58353580082604
257.25251042332718
257.80187471874319
254.69930357582874
254.19618330426209
253.50852338877425
253.06489549760289
256.08762560124103
260.41121537649815
259.23355557520335
262.45438623079156
259.76883268976661
255.35030575034699
257.22275945103570
254.84808198763844
254.10220920746156
249.41727944713605
251.18452707506123
248.86424694619114
248.19468189575059
251.92260846450031
252.46913714567421
253.27183869362381
250.15578382639387
246.01201660148317
247.22659955310951
244.51713925758119
246.56464020331245
250.61356300292186
248.84814599179163
251.35808462961384
251.83251861408323
256.99061556659689
257.69954210254150
258.28133965967453
254.99111354824234
254.45651851490734
253.72535634097821
253.25336508792842
256.46476228281750
261.04018748795170
259.79597270930196
263.19529476767428
260.36168718258051
255.68240355708159
257.66802506511311
255.14914266562340
254.35663251084284
249.40536559425303
251.27829569893177
248.81851822112944
248.10752860228391
252.05946617345572
252.63751096975099
253.48590715484238
250.18846901403256
245.78604645681284
247.07859950023663
244.19264013184778
246.37437353891116
250.67357840817050
248.80142738646589
251.46204035863897
251.96414946466069
257.40742835151997
258.15338076356204
258.76518549782378
255.30071933604469
254.73675471297108
253.96493278236136
253.46638979942443
256.85378025352651
261.66175379939784
260.35635529780865
263.91929593152275
260.95007584804625
256.02954256782658
258.12022845704900
255.46737263260329
254.63134765632299
249.44892498009671
251.41952498217387
248.83072560962177
248.08126249024909
252.24037905245791
252.84739767345499
253.73772453644392
250.27330456754200
245.63032695408279
246.99569019699015
243.94455027642383
246.25202623507496
250.78366578828562
248.81271626022883
251.61265892320660
252.14025290227499
257.84414668695842
258.62365822877240
259.26261164887552
255.63990174317729
255.04912388712091
254.24011652519303
253.71725044319723
257.26526301979936
262.28319964736465
260.92282430872638
264.63233263180138
261.54173414568044
256.40293350650956
258.58902516433540
255.81442104949042
254.93867193972375
249.56047765324249
251.61924757185909
248.91387909698665
248.12950276521565
252.47579285209872
253.10882109919709
254.03671420134236
250.42217465188054
245.56058916110595
246.99240338892099
243.79016285454335
246.21277605690094
250.95532551826059
248.89503704093678
251.82083317737241
252.37134525411352
258.30769718290406
259.11687608644712
259.77978260013526
256.01687277632021
255.40220396931997
254.56000160267493
254.01538394809182
257.70646271999919
262.90923039754836
261.50071508289398
265.33812471645092
262.14170534541250
256.81032927210509
259.08093533629830
256.19839357944045
255.28725272841777
249.74744039957420
251.88374265284435
249.07577652535420
248.26052519967695
252.77154645509182
253.42730684335334
254.38796080172591
250.64200606095781
245.58679836371132
247.07773884843488
243.74072295891796
246.26614094108959
251.19519126011932
249.05619884887344
252.09273696831951
252.66331807827501
258.80140314409266
259.63607151122073
260.31951197833320
256.43584682751907
255.80046935786103
254.92943342459486
254.36588486155779
258.18092482423128
263.54173275210047
262.09230565745617
266.03798062206602
262.75208421545216
257.25562184371677
259.59900854576455
256.62342954848293
255.68161404873769
250.01167060577481
252.21414980551074
249.31852367430486
248.47675215766523
253.12851239859373
253.80354159889797
254.79189588959306
250.93434241850537
245.71253594597613
247.25460840704500
243.80072577647829
246.41538978532020
251.50462217718638
249.29831487100842
252.42944539568271
253.01707550912104
259.32477234655738
260.18062119193212
260.88107900408596
256.89677733502032
256.24401243932130
255.34870852883145
254.76919037359883
258.68826328079945
264.17964224667429
262.69666289396770
266.73069593794844
263.37187319143891
257.73859757548564
260.14262701978532
257.08944295865791
256.12187520719647
250.34926375882628
252.60631126910155
249.63831606059659
248.77451423228985
253.54245555870017
254.23324319425012
255.24418344790837
251.29516135604391
245.93468582063323
247.51956609308269
243.96754228306025
246.65724936396447
251.87953160025660
249.61758369091282
252.82678105149262
253.42839100532709
259.87343792542720
260.74619004810296
261.46018305087392
257.39527107424163
256.72844955410108
255.81346826770272
255.22096550674874
259.22409507318713
264.81891894820018
263.30960992788130
267.41253885035144
263.99695382710837
258.25486147136911
260.70745402484715
257.59203913782778
256.60365514022067
250.75061410296138
253.05084778160366
250.02549355634608
249.14409665763401
254.00411363382736
254.70724392596640
255.73580655333063
251.71494224844901
246.24344657471468
247.86284083200746
244.23140040340368
246.98192631018097
252.31045861326049
250.00434372129703
253.27539103687235
253.88798731637539
260.43924898493390
261.32482075163750
262.04903189331293
257.92267882266714
257.24501084799817
256.31478692562871
255.71218971315733
259.78013129117448
265.45262548319107
263.92380961346362
268.07731601785014
264.62016793199439
258.79592836423097
261.28552344795293
258.12260557449378
257.11816207198490
251.20072718286082
253.53345512663694
250.46485720299401
249.57006076487252
254.49948607699991
255.21177354134971
256.25334118142206
252.17897248499386
246.62266345094682
248.26866349736525
244.57571938380377
247.37343716072533
252.78287013213588
250.44339013655312
253.76104176390430
254.38182637086376
261.01049640284913
261.90514957499329
262.63654923366266
258.46634797012064
257.78079967823015
256.83944012579695
256.22943089654927
260.34441017817466
266.07109357643554
264.52894982869049
268.71650574694769
265.23149439529789
259.34946649232756
261.86545609183679
258.66856248664294
257.65245417063159
251.67975277080214
254.03539082073851
250.93621648784253
250.03180851831686
255.01030137204503
255.72891212855737
256.77938797085659
252.66786113131468
247.05044790868908
248.71585612246355
244.97776545107072
247.81021420450435
253.27766257909838
250.91452256588536
254.26510108141466
254.89157892346267
261.57224747518416
262.47272276993334
263.20867616885647
259.01000916523026
258.31919325967772
257.37032466973079
256.75527766240464
260.90164538771637
266.66215590577684
265.11200648772910
269.31943688390970
265.81829798133117
259.89966609608052
262.43277686359107
259.21374533634076
258.18984281372968
252.16368378873685
254.53409932335322
251.41511180975849
250.50433378024530
255.51461216138685
256.23716324081823
257.29311345203791
253.15820676293316
247.50002489150660
249.17862535670605
245.40956652932979
248.26592814985270
253.77181065005627
251.39326824778482
254.76515637352625
255.39522333201379
262.10674595460227
263.01037091180308
263.74872473700458
259.53425092467228
258.84033774078381
257.88698196790079
257.26888127497261
261.43364533178607
267.21140451903898
265.65754415213229
269.87347684681788
266.36561061293435
260.42768789332109
262.97029025301248
259.73887343177921
258.71039151307821
252.62512691165432
255.00388509047590
251.87361662144434
250.95906330038338
255.98742897793136
256.71205903558553
257.77081398380523
253.62332671164097
247.94070563079140
249.62746092825742
245.83898004338795
248.71042679178368
254.23907135418528
251.85168509789852
255.23567829303454
255.86768404518600
262.59379682777518
263.49856160455488
264.23770477631638
260.01699840125377
259.32165301264104
258.36613910727374
257.74652053175606
261.91972216570770
267.70240075456582
266.14797756051240
270.36415637736383
266.85636920970768
260.91210875068782
263.45843444990345
260.22202107243379
259.19142563312431
253.03394013539139
255.41643223752212
252.28101340737427
251.36458020364489
256.40119275796189
257.12659863665073
258.18630510169589
254.03384448235991
248.33877403350951
250.02992983217820
246.23069841259721
249.11057895607803
254.65054098305728
252.25903881639550
255.64852922912490
256.28130980653924
263.01094526118607
263.91554123743265
264.65443582117490
260.43380215601456
259.73815212714391
258.78207109532883
258.16199222474728
262.33689890113197
268.11665330604006
266.56360849452886
270.77505154839997
267.27142550782236
261.32917164177150
263.87542473521273
260.63889736794420
259.60785759708034
253.35708903388010
255.74052506602297
252.60369462519293
251.68658050699315
256.72544172201469
257.45087639611285
258.51049471349990
254.35748800822944
248.65763621967542
250.35071615940325
246.54654203531604
249.43037338594351
254.97441834410458
252.58170514664670
255.97267106284085
256.60554699072435
263.33281870811459
264.23663724008776
264.97481759988773
260.75729976276637
260.06193669605153
259.10614379257169
258.48618558157398
262.65928190988791
268.43274929233183
266.88181749324440
271.08681811781054
267.58870975408428
261.65220472429405
264.19655748073029
260.96229800528232
259.93168868947146
253.55312046101781
255.93637447657460
252.79968753934349
251.88246322222332
256.92108322046454
257.64631586112858
258.70556522236632
254.55349887565299
248.85265039909225
250.54631230969989
246.74047903004447
249.62568385432056
255.17037614561744
252.77769623476721
256.16847839066389
256.80121789760756
263.52512408459302
264.42822969644260
265.16578286486094
260.95130147689042
260.25631047335577
259.30096869182574
258.68126553193025
262.85207899493639
268.62024389382680
267.07097680349744
271.27106007803877
267.77713201995113
261.84567361458340
264.38818283658782
261.15618301719741
260.12612805919360
# pressure_hl
# rank
2
# size
32
91
# lbound
1
1
# entries
0.47940905393567462
0.48310441737884208
0.47824784194741510
0.47683864445749985
0.48464135983843937
0.48577718017415050
0.48744212352508637
0.48095604044950158
0.47221764944937566
0.47479443420286593
0.46902612402041483
0.47339179064055031
0.48191296263422750
0.47821399813990229
0.48346614706170921
0.48445395108835887
0.49511172092041444
0.49656691303722167
0.49775978428599965
0.49099621844238373
0.48989274887774564
0.48838116549584798
0.48740384812450321
0.49403104857633029
0.50340223271878970
0.50086013492826997
0.50779786849345487
0.50201643706125354
0.49242108108786781
0.49650225879336152
0.49132214126544604
0.48968641246692801
0.82465147898600577
0.83088552014716632
0.82269232225596589
0.82031464156160483
0.83347803743213067
0.83539383246219578
0.83820193592871950
0.82726134960149633
0.81251681190421299
0.81686527318942470
0.80713026686424238
0.81449829790711348
0.82887565541808494
0.82263522068790207
0.83149570167254561
0.83316192508507791
0.85113498539248134
0.85358837158120227
0.85559938646615463
0.84419563402471198
0.84233481638924768
0.83978564263953914
0.83813738262772519
0.84931292599143648
0.86511042677653127
0.86082568207548560
0.87251828635077533
0.86277470247050270
0.84659830018468296
0.85347937068320434
0.84474523209863273
0.84198685482531177
1.2928389365693329
1.3024475442457899
1.2898189951335468
1.2861537472008240
1.3064430439400014
1.3093954592372115
1.3137227843848969
1.2968617213050044
1.2741318818366161
1.2808361307441036
1.2658262752149532
1.2771869212268991
1.2993498553526817
1.2897309740134972
1.3033879553724432
1.3059558742397279
1.3336494483921590
1.3374289012306528
1.3405267337467881
1.3229582861185996
1.3200911366146955
1.3161631831244516
1.3136233098003625
1.3308424310583773
1.3551760846070446
1.3485768791097918
1.3665840145365575
1.3515787612020389
1.3266601488561462
1.3372609889782805
1.3238050856578432
1.3195549845340235
1.9481622697641858
1.9624086932707381
1.9436843134733446
1.9382492604089101
1.9683321869782704
1.9727090672097112
1.9791239134375536
1.9541269621655288
1.9204206570559565
1.9303635071440168
1.9081016551690568
1.9249515948299469
1.9578160289790789
1.9435537934651375
1.9638029194255786
1.9676099542133818
2.0086586761624323
2.0142596295648438
2.0188502562743995
1.9928134638509465
1.9885637350195582
1.9827414131528822
1.9789764559011478
2.0044986472727864
2.0405564505856542
2.0307787911313846
2.0574570098730334
2.0352266061060691
1.9983001848426487
2.0140107980179467
1.9940685719469942
1.9877690255633362
2.8531043504891298
2.8736440031028967
2.8466477915517232
2.8388109125038268
2.8821834289039314
2.8884929563311155
2.8977399171828386
2.8617041894606658
2.8131010758481669
2.8274396963619908
2.7953341168713197
2.8196353076975336
2.8670228376241940
2.8464595971229554
2.8756539849722551
2.8811422663483834
2.9403077995755766
2.9483791867348246
2.9549943448857352
2.9174716830773684
2.9113464710377448
2.9029543044250268
2.8975273635683276
2.9343126528765819
2.9862699565225217
2.9721823840729273
3.0106175443160614
2.9785908970583082
2.9253794789092478
2.9480206099107282
2.9192806525198769
2.9102010180057500
4.0832529374899096
4.1122038284082940
4.0741516601524133
4.0631042217180005
4.1242392902017233
4.1331315726286642
4.1461631494377045
4.0953749145847995
4.0268583660239239
4.0470736664651445
4.0018073665123133
4.0360708523171756
4.1028715729237355
4.0738863731403141
4.1150367464616471
4.1227719064772863
4.2061448654628748
4.2175165732305970
4.2268362455796984
4.1739685809811791
4.1653374289640084
4.1535114024825468
4.1458636088083702
4.1976980357427092
4.2708939974584830
4.2510498326818631
4.3051872330238297
4.2600772346308213
4.1851111821714513
4.2170113878884381
4.1765175792116969
4.1637233176291559
5.7302510848233439
5.7702802263967090
5.7176662483677463
5.7023897705027906
5.7869198680537943
5.7992134264305575
5.8172288186929437
5.7470121431811885
5.6522642709999262
5.6802214731361209
5.6176164535585951
5.6650051504455057
5.7573773933792225
5.7172994149928824
5.7741969474566623
5.7848911747662575
5.9001389087513125
5.9158554738045028
5.9287354864845092
5.8556653094463238
5.8437345646172316
5.8273869665562650
5.8168147310355103
5.8884643270566199
5.9896185008938252
5.9621972216923123
6.0370013623194110
5.9746718065006936
5.8710670445562583
5.9151572830083134
5.8591886889738820
5.8415033546477870
7.9042184189087816
7.9586396951737575
7.8871076526408714
7.8663364918593937
7.9812603324151166
7.9979721010279503
8.0224611404569579
7.9270064540276035
7.7981759320256838
7.8361931801558722
7.7510566753232952
7.8155017999910781
7.9410983707789136
7.8866088853178882
7.9639643392299284
7.9785024919387011
8.1351497196741072
8.1565084906621870
8.1740117685359461
8.0747056467122214
8.0584894173734316
8.0362690202497262
8.0218982672372015
8.1192834489574519
8.2567410763821485
8.2194819281859974
8.3211174375833679
8.2364323045339241
8.0956389122581598
8.1555596690180749
8.0794945191317353
8.0554567097643535
10.736113604491905
10.808996311698230
10.713196843166392
10.685376694799910
10.839288494010065
10.861667091321275
10.894458965287960
10.766632936160759
10.594077501159621
10.645001957294792
10.530955898992934
10.617286100388956
10.785505190489983
10.712528824355802
10.816126861810769
10.835595427357765
11.045335459946488
11.073928917966912
11.097360145513269
10.964411829798587
10.942699777152562
10.912947678267711
10.893705269968263
11.024094239822229
11.208098265597624
11.158226639462285
11.294258908770722
11.180915233890561
10.992438643843158
11.072658732196587
10.970823574277942
10.938639188975932
14.380110105064984
14.476398130073129
14.349832076225701
14.313074410158650
14.516415619546981
14.545977880397672
14.589294631766926
14.420431405727285
14.192435125610395
14.259726520413555
14.109020293609868
14.223103435833890
14.445364122686719
14.348949464666699
14.485818082222158
14.511536975892279
14.788573453585322
14.826335683211042
14.857279364986871
14.681693586615525
14.653015558571401
14.613716691085198
14.588299050576115
14.760520160333222
15.003509930256445
14.937656518106706
15.117272021655696
14.967616364865929
14.718711216858175
14.824658228395256
14.690162290703864
14.647652106980757
19.015995641983920
19.141637573102095
18.976484913803848
18.928517233486719
19.193851364345953
19.232422225883614
19.288937165577927
19.068610444170400
18.771075073508172
18.858896910235295
18.662202962974504
18.811100889480560
19.101143891263018
18.975333150472057
19.153928655115870
19.187485937006542
19.548905966277342
19.598163401694126
19.638525425108401
19.409481808947440
19.372069223906816
19.320799413110137
19.287638265386644
19.512311896141643
19.829249349520321
19.743361852573756
19.977608771872905
19.782436771802143
19.457772594916261
19.595975347633942
19.420529668990387
19.365072102234983
24.851596104369580
25.013686863717911
24.800620510463297
24.738732213503418
25.081043992099151
25.130799917006374
25.203701219691972
24.919476132877570
24.535585186124010
24.648903997066469
24.395095415425349
24.587232365661350
24.961447391847251
24.799134518915899
25.029542881355287
25.072832550762033
25.539012991275825
25.602539681286910
25.654592582370071
25.359188548894409
25.310932347958584
25.244800665134608
25.202025736760188
25.491816786791073
25.900541728172090
25.789788683970805
26.091839029443928
25.840177045434078
25.421474153673433
25.599717818127946
25.373438283810437
25.301907060034530
32.125228499669035
32.332163446123488
32.060146644716809
31.981130126969376
32.418150981998735
32.481667213998925
32.574727130976157
32.211890224574169
31.721743552594234
31.866436855105459
31.542345461502986
31.787691228849770
32.265473092447266
32.058249417208259
32.352405349746746
32.407668472606169
33.002718177149767
33.083795958103963
33.150228210321927
32.773199065062272
32.711603941908940
32.627189958922216
32.572588380571140
32.942481108547071
33.464098083322874
33.322764120361924
33.708199247437840
33.387066506503231
32.852699533285481
33.080194523905774
32.791387429524903
32.700083740323706
41.108196746596882
41.369839662206111
41.025905151396799
40.925991620585677
41.478554482465022
41.558856572490953
41.676506906523493
41.217771747047514
40.597987313624571
40.780961232460093
40.371114051835953
40.681383511337224
41.285520232454573
41.023506207919482
41.395431973022312
41.465301522541537
42.217543687689023
42.320027839982835
42.403997639391463
41.927411183192270
41.849545660470682
41.742831016264276
41.673803048558071
42.141400863116552
42.800701368179872
42.622072868246107
43.109195184712448
42.703344099741514
42.027909363659489
42.315475604616893
41.950403707774392
41.834982208294271
52.107356422132810
52.435223385241059
52.004231681793094
51.879020922686671
52.571448559873971
52.672068783686555
52.819483538369354
52.244668397657065
51.467946565389056
51.697264495454320
51.183595523905865
51.572466846280925
52.329564331369738
52.001225383812745
52.467292178033006
52.554842127004925
53.497342634073398
53.625733834808045
53.730928049391842
53.133849943650453
53.036291686321960
52.902585132506964
52.816095678045833
53.401949536697600
54.227874828682729
54.004114559815235
54.614289363070988
54.105920736434754
53.259762065685997
53.620030904031744
53.162657082234915
53.018044828438590
65.467789171182503
65.875251055489670
65.339624269589535
65.184007323389281
66.044539993993268
66.169579509365960
66.352765959435359
65.638438744936494
64.673082649672082
64.958106841510684
64.319639916563801
64.802994643549681
65.743944214185134
65.335887963529771
65.915103766984018
66.023903167687067
67.195052938586485
67.354576617993700
67.485275811264245
66.743400563451132
66.622176097230479
66.456030885958185
66.348556054198909
67.076526469872945
68.102678140010170
67.824686903725677
68.582719707387298
67.951168349301753
66.899854043576084
67.347490908428426
66.779195493919204
66.599502585930338
81.575644034332100
82.078151275443645
81.417577675331131
81.225651053402288
82.286921154362915
82.441119024625635
82.667018862808078
81.786102869959606
80.595486341432249
80.947034914992415
80.159532094369780
80.755721303268629
81.916218419806214
81.412969632628446
82.127298696008538
82.261471725584457
83.705633747537917
83.902328318400691
84.063479054221375
83.148719811161754
82.999237541760635
82.794359646432895
82.661827397497291
83.559486687868954
84.824694509117151
84.481957209143530
85.416513659738044
84.637898498688145
83.341639718991019
83.893591638062489
83.192858215912537
82.971278510320474
100.86122133458876
101.47655569966609
100.66765880757362
100.43262844438728
101.73219214909736
101.92100269777652
102.19760541001142
101.11893754574879
99.660909460179155
100.09143210783023
99.127000275939196
99.857142337368018
101.27826737416179
100.66201591814233
101.53673661339829
101.70102985604620
103.46926471824435
103.71008058622992
103.90737658202595
102.78740488308898
102.60437998150469
102.35352518893211
102.19124879067414
103.29033219075058
104.83929157789828
104.41970434541304
105.56378194305731
104.61061294339511
103.02361092273787
103.69938423575341
102.84144713363378
102.57014689774746
123.80239505060696
124.55095446570238
123.56691873509627
123.28099138477566
124.86193004307934
125.09161041191987
125.42808163131217
124.11591243359136
122.34212328459739
122.86589983452818
121.69254622285351
122.58086319289993
124.30973814850134
123.56005389901213
124.62416353342540
124.82402212460026
126.97490975727150
127.26782154961221
127.50779567994115
126.14551986584824
125.92288918624260
125.61774655364840
125.42034923438044
126.75726588816897
128.64126073442682
128.13093481216674
129.52239820165082
128.36313027479861
126.43283624481253
127.25481133576081
126.21125615359512
125.88124794357897
150.92849203342473
151.83361611118255
150.64375914993636
150.29801832847673
152.20962575369799
152.48733602729379
152.89416433825940
151.30758631706917
149.16271906148296
149.79608616745676
148.37721102994669
149.45141256654856
151.54195123503257
150.63545829766738
151.92213574679283
152.16379043078464
154.76437037438870
155.11850546303174
155.40863514003249
153.76160315065832
153.49242786679142
153.12348637997675
152.88481513518025
154.50123286966473
156.77896365319856
156.16200061505003
157.84419529564514
156.44271682099242
154.10898432981469
155.10277598768184
153.84108224809324
153.44208058046732
182.82477143936856
183.91311726592340
182.48239605413818
182.06665890303154
184.36523471324526
184.69915356620967
185.18832010104313
183.28060754722793
180.70149028539620
181.46310282829538
179.75691456681770
181.04864048727649
183.56241400965854
182.47241470818778
184.01955444470119
184.31012211140626
187.43698024595147
187.86276741359669
188.21159650523614
186.23130521849168
185.90765828402257
185.46405275925693
185.17707875841791
187.12060003185499
189.85914208175049
189.11737360189778
191.13983663552321
189.45487709488540
186.64898128814337
187.84385546703305
186.32686772666025
185.84712225183461
220.13767602205274
221.43965608397929
219.72809158663813
219.23074215400590
221.98051623317897
222.37997577452151
222.96515200078707
220.68299131201772
217.59756391695652
218.50869930035861
216.46753377102269
218.01286906171615
221.02011409642938
219.71615085631404
221.56698524959967
221.91458613998401
225.65512260327884
226.16446563891893
226.58174685680302
224.21283577117239
223.82567060439496
223.29500191342373
222.95170433175690
225.27665498287794
228.55257786618449
227.66526159494413
230.08455243155638
228.06898987461301
224.71248211009214
226.14184248454347
224.32715291778175
223.75325375950803
263.58105936288325
265.13135632432164
263.09335718488092
262.50115054916500
265.77536966170788
266.25101402745622
266.94779441274960
264.23037899132987
260.55647917207762
261.64139463695909
259.21091603268979
261.05099539865319
264.63179862793442
263.07913906014574
265.28296983935559
265.69686536941805
270.15078668989759
270.75726884662561
271.25413147707138
268.43343322814388
267.97242916160172
267.34055268390722
266.93178202570397
269.70013961887173
273.60082603223719
272.54428710923946
275.42496720196937
273.02501162698348
269.02837021592916
270.73033113319065
268.56955253500445
267.88620118447346
313.94363088157888
315.78180738806890
313.36536883910094
312.66319918902803
316.54541409245763
317.10938741208093
317.93556523250669
314.71352288692890
310.35744905669566
311.64380451726311
308.76205991964781
310.94378296856166
315.18948358891038
313.34851061791977
315.96157531356317
316.45233139860176
321.73342004964843
322.45254670551753
323.04169571499807
319.69710939210194
319.15048837191540
318.40126313635147
317.91657918681182
321.19907409162812
325.82428576334962
324.57149100645506
327.98728772191595
325.14151075514297
320.40253931187453
322.42060568034435
319.85850884288794
319.04824643121890
372.09790494323221
374.26913089560645
371.41487942260721
370.58550359411993
375.17110399302237
375.83727467879390
376.81317118398306
373.00728442553543
367.86208276538883
369.38144458956651
365.97773776764211
368.55462084560696
373.56948244668052
371.39496706740624
374.48147230497852
375.06115421372567
381.29938134802740
382.14886994844505
382.84482392326998
378.89396910255061
378.24827682076693
377.36326602115747
376.79074441759428
380.66817458305002
386.13192395533139
384.65197268445149
388.68717145895300
385.32534566926523
379.72725905652078
382.11113856776086
379.08462182691056
378.12750467019924
439.01099311736465
441.56691812662308
438.20696550835561
437.23067148916385
442.62872728167201
443.41295722525820
444.56181677800691
440.08148708972590
434.02489788813665
435.81334264803536
431.80688465155936
434.84008141463215
440.74329668774772
438.18352567932857
441.81688667736393
442.49929286319252
449.84335550415699
450.84348401494600
451.66286116371538
447.01146061372395
446.25130364765295
445.20941501950330
444.53541501642320
449.10022507161972
455.53302548032673
453.79053712034397
458.54165627979245
454.58335873037248
447.99248235871016
450.79906145175568
447.23591257995071
446.10912250507397
515.75764121725399
518.75744645755117
514.81400826887216
513.66821572478489
520.00369671164731
520.92416599314106
522.27263277514851
517.01402842079551
509.90601157584524
512.00485323659973
507.30313742828099
510.86266771443167
517.79077429028200
514.78649872276696
519.05083358456056
519.85177769270922
528.47216085372384
529.64618861649603
530.60805225394256
525.14797894172125
524.25570748352163
523.03275931140490
522.24164356266476
527.59983084046689
535.15141518443272
533.10578906389492
538.68360470026664
534.03652851065226
526.29951913076479
529.59404154789570
525.41144273927318
524.08881674726968
603.53598645390582
607.04765814404914
602.43138129305919
601.09015814638371
608.50662126807242
609.58422147314150
611.16291701325531
605.00672977239128
596.68647064324489
599.14314012464752
593.63997711552918
597.80621288158363
605.91601688740047
602.39917926331236
607.39111802731202
608.32877043542362
618.42145830602465
619.79613647345457
620.92241410766064
614.52932292163814
613.48464622641893
612.05284140078641
611.12663642302368
617.40006125839875
626.24268047831288
623.84719740116088
630.37920172990857
624.93710604134208
615.87758041897985
619.73507638302203
614.83779144134974
613.28925162542384
703.68659536172242
707.78847190264878
702.39640292027389
700.82987831517869
709.49273213761853
710.75154442467203
712.59576968957720
705.40448856038358
695.68676250425528
698.55587522626547
692.12900830338970
696.99447662586158
706.46660290499790
702.35879100542979
708.18967332668012
709.28497621558449
721.07596551877168
722.68215827137078
723.99815172740637
716.52859770795067
715.30811638400860
713.63540282575559
712.55338616567349
719.88258187996485
730.21502069353539
727.41574870528200
735.04914497812990
728.68935731364729
718.10378853852581
722.61081382312602
716.88898241705363
715.07984259754778
817.71543876622854
822.49809537597946
816.21120567674984
814.38485521156235
824.48533628762857
825.95321402134869
828.10380521732350
819.71839420906008
808.38914059499348
811.73379566460096
804.24199937563924
809.91357605095720
820.95679093511944
816.16735465688782
822.96590676197570
824.24307989735030
837.99388347206548
839.86732607546310
841.40233408563552
832.69025647336798
831.26689211257053
829.31618293628128
828.05437987737400
836.60197965200985
848.65445853552603
845.38891666401207
854.29427744391990
846.87464264505923
834.52735166702337
839.78410939964090
833.11055605556794
831.00067621887138
947.32156107438504
952.89010967568868
945.57027575471841
943.44404961458417
955.20407468125313
956.91335477631901
959.41772838061104
949.65357087996301
936.46449493157627
940.35785910436698
931.63740255550260
938.23898577614511
951.09547003607622
945.51922362934442
953.43482493761155
954.92198309267872
970.93635291605835
973.11857839819265
974.90665779632900
964.75908273325149
963.10138110965818
960.82960206982614
959.36017096074318
969.31509446872053
983.35526402149685
979.55078759656487
989.92653114728023
981.28167774305507
966.89870985795687
973.02164387439882
965.24858912792797
962.79134242566420
1094.4302960661280
1100.9071939198425
1092.3935098019954
1089.9207684879423
1103.5988596403595
1105.5872316515645
1108.5006613919988
1097.1426057300664
1081.8045898346227
1086.3318301133420
1076.1921626324674
1083.8679342694345
1098.8197197835141
1092.3341361999742
1101.5408083452273
1103.2707155343426
1121.9028609017482
1124.4423335866070
1126.5232305562913
1114.7150153830405
1112.7862946240991
1110.1432198049934
1108.4337008499745
1120.0162725059863
1136.3565482465203
1131.9282879276641
1144.0061589734235
1133.9429275439752
1117.2045608121048
1124.3295274224852
1115.2845656852392
1112.4255755983804
1261.2329468663311
1268.7614239922500
1258.8657015322628
1255.9919176299243
1271.8904325103238
1274.2019996407319
1277.5891756952838
1264.3854872878010
1246.5605547291418
1251.8211947791187
1240.0396863647081
1248.9580874486508
1266.3349089480312
1258.7966964939396
1269.4979709764466
1271.5089611221915
1293.1735864165257
1296.1270872965476
1298.5473756694107
1284.8147865149308
1282.5720965979619
1279.4989264091230
1277.5113243136987
1290.9795253618195
1309.9860547272629
1304.8345294168457
1318.8863033024438
1307.1781540530610
1287.7097420154862
1295.9958858999080
1285.4770706923757
1282.1526684756054
1450.2338402961004
1458.9820706481546
1447.4833636784413
1444.1445424435262
1462.6184729775580
1465.3050437845441
1469.2419712377061
1453.8969703861965
1433.1885093679955
1439.2992952359432
1425.6148411903173
1435.9734055905542
1456.1622531044586
1447.4031896739041
1459.8380315751699
1462.1751292337151
1487.3596591578771
1490.7939740525742
1493.6084425482932
1477.6413292179911
1475.0341846434308
1471.4618140247694
1469.1514809134837
1484.8085646109939
1506.9121564365751
1500.9202697832441
1517.2659276893442
1503.6461205872577
1481.0069322673419
1490.6414089297309
1478.4112649317594
1474.5466107806083
1664.3055078600933
1674.4716575139385
1661.1096349084605
1657.2304032255715
1678.6980239882996
1681.8206760620769
1686.3969732826627
1668.5621233998647
1644.5030591708262
1651.6014257910861
1635.7067114207307
1647.7379119810305
1671.1945890646161
1661.0164808788036
1675.4664578800334
1678.1827348342808
1707.4621177553006
1711.4560821922282
1714.7294149185818
1696.1617330570941
1693.1305782006430
1688.9774996966787
1686.2917826060618
1704.4954958448432
1730.2048614389789
1723.2342866580909
1742.2519228636963
1726.4052526299256
1700.0749533027270
1711.2786489731675
1697.0569195633627
1692.5637274654480
1906.7523051909386
1918.5705829760868
1903.0375858526338
1898.5289018667747
1923.4845328186159
1927.1154870884741
1932.4371407398949
1911.7003664086255
1883.7389859429029
1891.9872113626946
1873.5194424230356
1887.4976965323515
1914.7606727220623
1902.9293121280102
1919.7271870515951
1922.8853883631809
1956.9398414010311
1961.5867920123289
1965.3955830630564
1943.7940323061755
1940.2684017838471
1935.4381919259522
1932.3148115586800
1953.4884491609041
1983.4060759443259
1975.2929217938110
1997.4306209714362
1978.9835085816080
1948.3459528365020
1961.3803413897920
1944.8352945681602
1939.6091050026691
2181.3818433814481
2195.1296386223621
2177.0613101600570
2171.8177608286373
2200.8468235337782
2205.0716548003388
2211.2642687758926
2187.1373568440422
2154.6205823093446
2164.2106903846557
2142.7406525570459
2158.9905908637866
2190.6973462889387
2176.9353834699427
2196.4752508711945
2200.1497127732869
2239.7856438098133
2245.1963073972029
2249.6314349018435
2224.4820671199641
2220.3784168855982
2214.7567724143355
2211.1219113904726
2235.7673486905628
2270.6082038047830
2261.1579092145748
2286.9477350845987
2265.4565584336069
2229.7806917051348
2244.9559166007389
2225.6940972767475
2219.6110617805834
2492.5818360928861
2508.5879263832380
2487.5524357729014
2481.4491271467004
2515.2454597020824
2520.1656366367715
2527.3781642075974
2499.2822843126901
2461.4364225671939
2472.5958285952779
2447.6152855966016
2466.5212775313853
2503.4271102329849
2487.4058544715022
2510.1547977242149
2514.4336518979176
2560.6076778638485
2566.9134839088351
2572.0828312770391
2542.7756913582152
2537.9949091281214
2531.4462441230794
2527.2123514542350
2555.9250028610618
2596.5379647576815
2585.5194531507241
2615.5934576320074
2590.5311984257205
2548.9491659119972
2566.6333093627259
2544.1877849280063
2537.1009753043772
2845.3968895425096
2864.0504955900806
2839.5366469824421
2832.4257682526732
2871.8107311646058
2877.5464137349236
2885.9552654477052
2853.2050162414985
2809.1144807632600
2822.1122395659077
2793.0199777441762
2815.0366830695484
2858.0354881714979
2839.3658584529685
2865.8768121055923
2870.8644146621164
2924.7097604933206
2932.0664720615914
2938.0979089511820
2903.9101880498579
2898.3348577166826
2890.6985622889169
2885.7619381652762
2919.2471917402709
2966.6385097516950
2953.7778005523264
2988.8855006303679
2959.6271711649288
2911.1103384138005
2931.7395879325713
2905.5570526230445
2897.2924055490639
3245.5947862767302
3267.3548818918230
3238.7598820615603
3230.4671613151290
3276.4092903877327
3283.1021959458162
3292.9154429661717
3254.7024920075614
3203.2878367106432
3218.4411097420088
3184.5284744187657
3210.1917854383573
3260.3374867177631
3238.5606975677970
3269.4856769334483
3275.3050998315980
3338.1585303117586
3346.7499269239847
3353.7943289334444
3313.8732524898546
3307.3648649481124
3298.4514859571082
3292.6898133388017
3331.7797827552813
3387.1368039972504
3372.1105734642060
3413.1365264685896
3378.9445231129748
3322.2791872001471
3346.3681614699608
3315.7958317069024
3306.1480141340685
3699.7044077083633
3725.1080977537654
3691.7265355206287
3682.0480266222021
3735.6807362666341
3743.4966977860422
3754.9578126533547
3710.3362631023724
3650.3342322245662
3668.0141961133336
3628.4518378457374
3658.3889194019948
3716.9148935087255
3691.4940531176762
3727.5960693460274
3734.3913300132676
3807.8169520065094
3817.8580405859748
3826.0919138626514
3779.4397724289433
3771.8362639036459
3761.4241244517875
3754.6942783396639
3800.3625784640681
3865.0742932017934
3847.5043444322523
3895.4831586237055
3855.4947707766055
3789.2610535326316
3817.4118337059745
3781.6859720576276
3770.4147325799440
4214.9976509004800
4244.6655821805525
4205.6822834554468
4194.3822404174862
4257.0152954991645
4266.1458693836976
4279.5360533013709
4227.4131819064305
4157.3634353295911
4177.9992873883830
4131.8280941207213
4166.7642802886357
4235.0961962324718
4205.4108372116825
4247.5716137374102
4255.5090887756014
4341.3128056250980
4353.0516760065957
4362.6786562604320
4308.1440467205566
4299.2583111922186
4287.0914469480276
4279.2281443299398
4332.5987999367153
4408.2674082108661
4387.7176576068432
4443.8419898505890
4397.0627847261831
4319.6225866932509
4352.5299974245936
4310.7691709454548
4297.5971359953001
4799.3772436336494
4834.0130200451922
4788.5037462890787
4775.3147166989711
4848.4330959330191
4859.0952684285166
4874.7329606981648
4813.8707282835730
4732.1162217907322
4756.1952598358366
4702.3259617349004
4743.0851271036208
4822.8403544324401
4788.1869090995415
4837.4061046497336
4846.6743060969138
4946.8997835438231
4960.6168212848706
4971.8669849978905
4908.1482012967681
4897.7685266826857
4883.5572311106853
4874.3733515537706
4936.7181276984184
5025.1532182992132
5001.1315178819395
5066.7466616359743
5012.0550901749875
4921.5576517851259
4960.0072067597584
4911.2148176900537
4895.8281407262120
5461.1263967349214
5501.5062318005084
5448.4511636805282
5433.0777212155035
5518.3199314283265
5530.7527523676490
5548.9885983410477
5478.0226016274955
5382.7323996391524
5410.7936137743700
5348.0207653211210
5395.5148638447563
5488.4798607799567
5448.0818378503873
5505.4624290832071
5516.2691282243595
5633.1641464790710
5649.1670609494759
5662.2927809443900
5587.9604965250883
5575.8540787035890
5559.2796327551760
5548.5692249546191
5621.2864435030961
5724.4717930750030
5696.4393187128999
5773.0169010645022
5709.1863661248135
5603.6016339110474
5648.4558351320575
5591.5373882032764
5573.5909629101388
6208.4848931908609
6255.4340974634115
6193.7485826812845
6175.8760093190594
6274.9846571842691
6289.4417682763024
6310.6475394312192
6228.1293208477737
6117.3519844124803
6149.9707428221363
6077.0065105429730
6132.2101682414377
6240.2879296016090
6193.3192097017381
6260.0341920516103
6272.5999887914404
6408.5436617247733
6427.1570645752427
6442.4243801561361
6355.9695424144948
6341.8900605636754
6322.6150012916532
6310.1598556002682
6394.7287996313134
6514.7537742347295
6482.1441124877474
6571.2291630059854
6496.9723128103587
6374.1603871918924
6426.3298065122153
6360.1294577838489
6339.2581527519678
7049.0530947990392
7103.4086254495105
7031.9922454276284
7011.3005300520936
7126.0434660070987
7142.7813509224734
7167.3325986932132
7071.7963950526346
6943.5463253231528
6981.3093480398502
6896.8390223543556
6960.7476937178062
7085.8730583192300
7031.4951434381464
7108.7344217849668
7123.2825912106364
7280.6725834790695
7302.2221404850843
7319.8976876863471
7219.8046797690904
7203.5040124932029
7181.1880803897147
7166.7679764821878
7264.6784360355523
7403.6346090049565
7365.8822246766176
7469.0147625427380
7383.0489931583070
7240.8652757534619
7301.2643899922568
7224.6208600743539
7200.4568912072664
7989.0979830132837
8051.6618102772891
7969.4595934271883
7945.6410750291479
8077.7130413300556
8096.9765826901194
8125.2314147833167
8015.2764735664905
7867.6430621375193
7911.1164654535005
7813.8697048357299
7887.4458485815430
8031.4788040237745
7968.8873815912502
8057.7915493223109
8074.5355097274960
8255.6515053922576
8280.4451344375047
8300.7807096790239
8185.6145731272027
8166.8569523810966
8141.1764408982181
8124.5816331147689
8237.2488733132486
8397.1085798236691
8353.6818713612265
8472.3065498358974
8373.4293337559666
8209.8486771139687
8279.3432281619662
8191.1565674660824
8163.3504808779835
9032.9265635763168
9104.4215572259309
9010.4820438944116
8983.2583960589145
9134.1877661084618
9156.1968417264361
9188.4763614073272
9062.8437086052272
8894.0968689750625
8943.7948284225768
8832.6160253387716
8916.7357759137776
9081.3588084778567
9009.8280496252173
9111.4256228466875
9130.5572342251762
9337.4371120142441
9365.7484590343247
9388.9675492519636
9257.4512329061727
9236.0260391835891
9206.6914035511472
9187.7340545505740
9316.4220580665587
9498.9333249352239
9449.3626869409109
9584.7530464227311
9471.9048723180786
9285.1298693613189
9364.4902624893111
9263.7811288357661
9232.0207636120413
10182.546946039703
10263.590926546942
10157.100553588192
10126.233199506853
10297.326794574046
10322.268760625127
10358.846291710091
10216.462325997290
10025.117865567901
10081.482574856580
9955.3765722910339
10050.794855046150
10237.450084283135
10156.359060403023
10271.529379804750
10293.212278986279
10527.586763311765
10559.647239011592
10585.938670520782
10436.991131450417
10412.719585000001
10379.484820192805
10358.005193714387
10503.786678252874
10710.424991297916
10654.314912061374
10807.542137041968
10679.832157797013
10468.344147397305
10558.222495369961
10444.161603809787
10408.182000121758
11437.787818133016
11528.897380787688
11409.175842626886
11374.465214828835
11566.815824863954
11594.847306297454
11635.951336266755
11475.918502718550
11260.734678435441
11324.136276242492
11182.269791318113
11289.618825907242
11499.512608812167
11408.342069174421
11537.820434872301
11562.191423745917
11825.507522169706
11861.510694942628
11891.032446198058
11723.749565167956
11696.482199007783
11659.141646880085
11635.006209052117
11798.778046682386
12030.778234524209
11967.797493127224
12139.759162156652
11996.440798230387
11758.969137508693
11859.910823826576
11731.804654071106
11691.384294039011
12796.878539344929
12898.502001892732
12764.959259213227
12726.232814447236
12940.788308635205
12972.045803006235
13017.875765751960
12839.412699721028
12599.316880041430
12670.074164110101
12511.730516647141
12631.553716020464
12865.729194356545
12764.029068808912
12908.453326271423
12935.631465019706
13229.156797573633
13269.273468853826
13302.165167105304
13115.750586340177
13085.356366481241
13043.730004736086
13016.822033124730
13199.370749772819
13457.826356033282
13387.680340683881
13579.177141384833
13419.583893375699
13155.005442612188
13267.490892556494
13124.728933030459
13079.673603783329
14257.289139369430
14369.854160533687
14221.927917460214
14179.022095092898
14416.685858238121
14451.300440053461
14502.048292132942
14304.405950867336
14038.383023925651
14116.796122642703
13941.302443086661
14074.109392641669
14333.555561255102
14220.897384187567
14380.875554998876
14410.974935234868
14735.935912761695
14780.332957077200
14816.731303222303
14610.408793606344
14576.760801350874
14530.674633731112
14500.881543535361
14702.969283945136
14988.953458548893
14911.351528820453
15123.175915948525
14946.647570899526
14653.862697826049
14778.360264000667
14620.347869276169
14570.469439282740
15816.519157342711
15940.473543234108
15777.575360831908
15730.319551787214
15992.036989735021
16030.146417805903
16086.014147093283
15868.406036851105
15575.398349461519
15661.778883259345
15468.437910730285
15614.756215920326
15900.504728702474
15776.440386541239
15952.608862833007
15985.749260367322
16343.439460077579
16392.293618854310
16432.343502180142
16205.291692527866
16168.255974552514
16117.526540366596
16084.729738342094
16307.161006997350
16621.811954134078
16536.445363830466
16769.439758125824
16575.274338050036
16253.117640499426
16390.122956096493
16216.231065601552
16161.330967628397
17472.564629900193
17608.391608064019
17429.886321132184
17378.096102147665
17664.887607131885
17706.640193763284
17767.845055432659
17529.423932035093
17208.287891702090
17302.973163142779
17091.029913573097
17251.430949337398
17564.596834431610
17428.642477088466
17621.688124189433
17657.998592881064
18049.805840323897
18103.305725348786
18147.161556897896
17898.502707040479
17857.935606147184
17802.365947451861
17766.437994194279
18010.075330487860
18354.603902847208
18261.145453004094
18516.200144554445
18303.656320184229
17950.886027962177
18100.928718469982
17910.484787014775
17850.350080133576
19223.941773127750
19372.141446984198
19177.370957955118
19120.854086357533
19433.776714991971
19479.324712775517
19546.089066897148
19285.983366942452
18935.524870372879
19038.869065809671
18807.528603007959
18982.614703849929
19324.359934739936
19176.013633626826
19386.647882123441
19426.261251940941
19853.595909246029
19911.930502667194
19959.746491768692
19688.598049493270
19644.353778876248
19583.743426931116
19544.554252537768
19810.272401347182
20185.883071004893
20084.010134397744
20361.997789414352
20130.350043111943
19745.726273914988
19909.338775104337
19701.665804198015
19636.080420558414
21069.339672111488
21230.385234731930
21018.725752570885
20957.298279564642
21297.353789031647
21346.839499767109
21419.370254429625
21136.762785254734
20755.836016982168
20868.182069086157
20616.671204732746
20807.029392100467
21178.465440670087
21017.250545377748
21246.147402003175
21289.188308948749
21753.349466088755
21816.689378286588
21868.604120066499
21574.165392942828
21526.109962063041
21460.273884837286
21417.702953061194
21706.305177250986
22114.074790853978
22003.502337129961
22305.187993243369
22053.801603229997
21636.210165567038
21813.875385556916
21588.358221321592
21517.123614711356
23007.196214642438
23181.496257121231
22952.408143269862
22885.909351399365
23253.964204647811
23307.508920290991
23385.981606149049
23080.173467384393
22667.774257726855
22789.425559754585
22517.056895916547
22723.210162573279
23125.307857575532
22950.811214948604
23198.553454934983
23245.128574711191
23747.206351932007
23815.691589736201
23871.818234507005
23553.428486976896
23501.449727184056
23430.232311885589
23384.177812890626
23696.335913039871
24137.138203530809
24017.638231697721
24343.627976936696
24072.001406058924
23620.532848679122
23812.649157293952
23568.779287330064
23491.729282282846
25035.541754243462
25223.422904439398
24976.473604440380
24904.772854610448
25301.521356378780
25359.220164100530
25443.771373203817
25114.211828988671
24669.520647811009
24800.727929753888
24506.929892314383
24729.314258698334
25162.862338302650
24974.751844332968
25241.806242666153
25291.999739538616
25832.827364064113
25906.560869559693
25966.981828492550
25624.150367689221
25568.162873095156
25491.444721473366
25441.827985362994
25778.052622501615
26252.516565891165
26123.929420854518
26474.639407063903
26182.430146102481
25696.422395033511
25903.285479778951
25640.684081019870
25557.692195949781
27151.998319017162
27353.690015536566
27088.574013542875
27011.576445872648
27437.508678279664
27499.425696657152
27590.146058761387
27236.459618680972
26758.876742359487
26899.827869986362
26584.167341099495
26823.114793694196
27288.685422326613
27086.725175994761
27373.420911009354
27427.290317062820
28007.398630274267
28086.439940675893
28151.201668946589
27783.637177179240
27723.587028587386
27641.291396965647
27588.061037831885
27948.673340420100
28457.142019432980
28319.387645686667
28695.013246248607
28382.063544959597
27861.143855481481
28082.929015110916
27801.369388375537
27712.355839552383
29353.784146282735
29569.402969678034
29285.962344437390
29203.614783480305
29658.983581050506
29725.147093587944
29822.074120480163
29444.088255500144
28933.270245894022
29084.079586084361
28746.285548417367
29002.006198223386
29499.919259684015
29283.985190954525
29590.491603673436
29648.063599268844
30267.635009164620
30351.993920189994
30421.101718390742
30028.741661324137
29964.611202161108
29876.710529698361
29819.846656921516
30204.949533358082
30747.439295727203
30600.528322195747
31001.013918311390
30667.375956146854
30111.502706473297
30348.247101245044
30047.677187024547
29952.615968764192
31637.713142305136
31867.247021699292
31565.492194016897
31477.789152281184
31962.576776582053
32032.974373548659
32136.085341007623
31733.858219845701
31189.755084807202
31350.452598242595
30990.440465576536
31263.004161600249
31793.290971263155
31563.386637565502
31889.690792689384
31950.956980998675
32609.780047311462
32699.410468748429
32772.823462023887
32355.862725416388
32287.675264567162
32194.197624324974
32133.716017814644
32543.165931305099
33119.327139268244
32963.371417427632
33388.381889619814
33034.341478945651
32443.844521418312
32695.429892237345
32375.994226208812
32274.920081543758
34000.188055508625
34243.480748148009
33923.610906240188
33830.600550792857
34344.485891393961
34419.059756192029
34528.264830508968
34102.112319101761
33525.004541942748
33695.524818083628
33313.420999424088
33602.738730494821
34165.105987249823
33921.378154369151
34267.262761030201
34332.175551259214
35029.601631704842
35124.395856938507
35202.022338287403
34760.940092231751
34688.764383568996
34589.799656694129
34525.755780717373
34959.135893989187
35568.216771035608
35403.438932926219
35852.334081852037
35478.431874477188
34854.049943934755
35120.186405548055
34782.246754265369
34675.261813134261
36437.186359652369
36693.922692981687
36356.345261297160
36258.135173563969
36800.462495902146
36879.105000476025
36994.240857765908
36544.761862901316
35935.296275028799
36115.467785861838
35711.633894688239
36017.439414748973
36611.234422547059
36353.987953927397
36719.010335027211
36787.479073596071
37522.382718145527
37622.166362527110
37703.859713262129
37239.443346008833
37163.397667644167
37059.103203961313
36991.595910093944
37448.191667474028
38089.006949797084
37915.748501967799
38387.561751314759
37994.610813907108
37337.524280635873
37617.735888743213
37261.889684953851
37149.169507299346
38944.238132704842
39213.930603287205
38859.278982216005
38756.041500312851
39325.791982520132
39408.341787260913
39529.166018282151
39057.265077964155
38416.488296191055
38606.023220144438
38181.079173364109
38502.911411643887
39127.089846201445
38856.801318964121
39240.274267124245
39312.161783390176
40082.906831243803
40187.434725573839
40272.990150489168
39786.354961596626
39706.610590353186
39597.216079952974
39526.390824097980
40005.169202415258
40676.075482660024
40494.802910587023
40988.225742672097
40577.324288420998
39889.181347258738
40182.794231267850
39809.889809892156
39691.688530305080
41516.395597532101
41798.373035828205
41427.521687488486
41319.498574052370
41915.266118620981
42001.505004574428
42127.691643427039
41634.597477579926
40963.985337780694
41162.470393549869
40717.315445040571
41054.502414326678
41707.600189529410
41424.929538288685
41825.905060561308
41901.024822676343
42705.438418198013
42814.391770505761
42903.544105515350
42396.147312423185
42312.931162418223
42198.742404572848
42124.793777207015
42624.387594632819
43323.267385339321
43134.575715993662
43647.949342214517
43220.487367886904
42503.421594413907
42809.555529234174
42420.703058392064
42297.357289589381
44148.194471364128
44441.593599652879
44055.669396746875
43943.175525169041
44563.148584458882
44652.799277030710
44783.935835250522
44271.214383908147
43572.695486474549
43779.584316000444
43315.414841327431
43667.059932244869
44347.171021588438
44052.970388352805
44470.227512020901
44548.341617257152
45383.698590864755
45496.683748148927
45589.106610754890
45062.754121848062
44976.350293106370
44857.751514656404
44780.924859740793
45299.623666624466
46023.880284522435
45828.493549553066
46359.809304234805
45917.467899171839
45174.105004599936
45491.669355470804
45088.246275711310
44960.177394230130
46833.607858382187
47137.368679627034
46737.757284814070
46621.182986833963
47263.134380403993
47355.859650366045
47491.446072861065
46961.006386299530
46236.977548900482
46451.585293622404
45969.907897321362
46334.879635623736
47039.642003571840
46734.960854595731
47166.998826749863
47247.817075862833
48110.837296265723
48227.386442719973
48322.692996430924
47779.537361465991
47690.287329098916
47567.741679674073
47488.333559407591
48024.082723795786
48770.648071502430
48569.416138274260
49116.325984374598
48661.068168485006
47894.519780470211
48222.214779711947
47805.864527390630
47673.578942261374
49565.994112093496
49878.860153082991
49467.206077948511
49347.017752004576
50008.304642476520
50103.707986481371
50243.157964507256
49697.249201674822
48950.580329038072
49172.081143351475
48674.719420348367
49051.645951238992
49778.238009959416
49464.323485400339
49909.361825125619
49992.542147357752
50879.403492821963
50998.977606024244
51096.723193780592
50539.251189116745
50447.552360971531
50321.600204193594
50239.957458659410
50790.367070630091
51555.724232147208
51349.615533602271
51909.453860250680
51443.505989403398
50657.348416275003
50993.672701947471
50566.295522661523
50430.382524154760
52338.040876240673
52658.565345358184
52236.764281802920
52113.502833373241
52791.079116462912
52888.707318489483
53031.352387400075
52472.550165698987
51706.575849951085
51934.004174439186
51423.097258047819
51810.366979978993
52555.517154293790
52233.808567564760
52689.795488078700
52774.945986069455
53681.315444675092
53803.309789439132
53902.996652925227
53334.005127800097
53240.307514770335
53111.562151633152
53028.079310148620
53590.444426720678
54370.666659157650
54160.756464620543
54730.574020296350
54256.397084930541
53454.633327897325
53797.898571481492
53361.633352697201
53222.760162637569
55141.708348833148
55468.267228507786
55038.449289520031
54912.725973585751
55603.169265796918
55702.517114899281
55847.613919383883
55278.794387629838
54497.289518866368
54729.545971288462
54207.536891323602
54603.306754001947
55363.318741482464
55035.435171760306
55500.065839449227
55586.748704352503
56507.833732176623
56631.586096822808
56732.670333462338
56155.229267233750
56060.030052146940
55929.170564503707
55844.285395519153
56415.618893111583
57206.426056264689
56993.880090126193
57570.490419369431
57090.740964587130
56277.744764540003
56626.098018274512
56183.294312494458
56042.198019745243
57968.175639488902
58298.988584385967
57863.491277751113
57735.980552952482
58435.535659940848
58536.053040197097
58682.794055997292
58107.094381979849
57314.231262495770
57550.093969642898
57019.705887721684
57421.918847531335
58192.714920600592
57860.434976788885
58331.180869584467
58418.918368577069
59349.539951913765
59474.341719030213
59576.242533334735
58993.644757364113
58897.480621327217
58765.241618535176
58679.428663312625
59256.507523426932
60053.340222201798
59839.393657687899
60419.431794262055
59936.912705348695
59117.354172997599
59468.808262338032
59021.988053598732
58879.464226702228
60807.794808468527
61140.954434106046
60702.284560713415
60573.713658181412
61278.353815511626
61379.455284573538
61526.983134756119
60947.747650162411
60148.032654052309
60386.174713254841
59850.373367279069
60256.786304608657
61033.970436669137
60699.203545074779
61173.353772172311
61261.636426917241
62196.324272209633
62321.434264587013
62423.545445278272
61839.243176027128
61742.680348853290
61609.838544949955
61523.600571354757
62103.025776921058
62901.136504352304
62687.068630315196
63267.061064719994
62784.663073905736
61963.416454945116
62315.888322493898
61867.697617693055
61724.585546502050
63650.057656147052
63983.567360567147
63544.351604483840
63415.486672110972
64120.992926698214
64222.069757012003
64369.495050027726
63790.207098762832
62988.395871380781
63227.409370806505
62689.350610800684
63097.573607485887
63876.515253191399
63541.264255432659
64015.979076529402
64104.276028831402
65037.384942838646
65162.045799728796
65263.749203082618
64681.278398528557
64584.900541820876
64452.258284430885
64366.115721863287
64944.385090695716
65738.944491030954
65526.049657044139
66102.493782920050
65623.129225593642
64805.164561531354
65156.520945919721
64709.671936855681
64566.836665418814
66483.580418822516
66815.400283726776
66378.325044178229
66249.953952561380
66952.011797507643
67052.446272558096
67198.868624969735
66623.069200791637
65824.060777559047
66062.487404852131
65525.449578512016
65932.996796305772
66708.934797313646
66375.250241193047
66847.626176757796
66935.397578840697
67861.242459364017
67984.699090097783
68085.379743198821
67508.274282720551
67412.668483887028
67281.034591489122
67195.513161795287
67769.105429166724
68555.320531856967
68344.876297180090
68914.326715272939
68440.857741636341
67631.119522807523
67979.228759912323
67536.434064326022
67394.745628669203
69296.111059745308
69624.210657775810
69191.952625157923
69064.864806479818
69759.175655886749
69858.357204557571
70002.888811833531
69434.084283632794
68642.796282038209
68879.164017474686
68346.466161006421
68750.817654515369
69518.982025258287
69188.909261633511
69656.054158292856
69742.765239548025
70655.770300937293
70777.289751337987
70876.352022110368
70308.050733065160
70213.792072429962
70083.960595635988
69999.577526518391
70565.044892396254
71338.284921257917
71131.518633684245
71690.676940426434
71225.840999964115
70429.118244784622
70771.906362323774
70335.807645819688
70196.118202485639
72074.562686946767
72396.978844379308
71972.128857923919
71847.092870591572
72529.496301177089
72626.838837704883
72768.629653086798
72210.192141506501
71431.421206804327
71664.285965758871
71139.194201180857
71537.866893666345
72293.614305333045
71969.135303992327
72428.250603643086
72513.386871596478
73408.242976776382
73527.134854300617
73624.018988779455
73067.769479999944
72975.404810677137
72848.132587438115
72765.381966063695
73319.447267023759
74075.371559517909
73873.426831864694
74419.230941319984
73965.566821432323
73186.360191429907
73521.868904546747
73094.962916597418
72958.082710369301
74805.074707588443
75119.971536673082
74704.955248395810
74582.695079465047
75249.296183806931
75344.255828221227
75482.519144477279
74937.584262075135
74175.857986824340
74403.848416977169
73889.474497285584
74280.099360547552
75019.056219076476
74702.028785255927
75150.495185526568
75233.578042162408
76105.400555339846
76221.037020559146
76315.235244672309
75773.999216538476
75684.030942090860
75560.015029894785
75479.353000952222
76019.006805561847
76753.688653697100
76557.593349083880
77087.302089344739
76647.080027325443
75889.472418436359
76215.916208601877
75800.481824923656
75667.155158947440
77473.100662944620
77778.828608919997
77375.828252384337
77256.999635301530
77904.294590958394
77996.386809151445
78130.423858303126
77601.791358005561
76861.219624793623
77083.082676872698
76582.280025632965
76962.681411207799
77680.886825562193
77372.984508684574
77808.446373126746
77889.048299165122
78733.526979461036
78845.361252238756
78936.432596676663
78412.797639821278
78325.668360831332
78205.524561869010
78127.355169739749
78649.947590242227
79359.987590809294
79170.624939346031
79681.893705895898
79257.053042667452
78524.590408473450
78840.409664679726
78438.439805918810
78309.322304367015
80063.518408438118
80358.668778297826
79969.550732477393
79854.718913825360
80479.711244388775
80568.526400038711
80697.748535494102
80187.791736380401
79471.926494611806
79686.570988615655
79201.834575679721
79570.106856216764
80264.146851466285
79966.803156811802
80387.246617256547
80465.005026112733
81278.537386402386
81386.119755876280
81473.702803862820
80969.805564700990
80885.884469073237
80770.128182683140
80694.790677814977
81198.112677323981
81880.735561974536
81698.819890757630
82189.763572424999
81781.861044432168
81077.449881675057
81381.357166815142
80994.499373300510
80870.137831583299
82560.754624323803
82844.206176709922
82470.458889461632
82360.079277494166
82960.379482970457
83045.595858145593
83169.542991701062
82680.132526266112
81991.845093863027
82198.380404574244
81731.757120598137
82086.333524157424
82753.457857718880
82467.818292816111
82871.638128521503
82946.267040239181
83726.067441017338
83829.057918032398
83912.880802595479
83430.345731842448
83349.917511340725
83238.948030495158
83166.706389996296
83649.055923081120
84302.185860745565
84128.244124589080
84597.484337240006
84207.655416197216
83533.482330451123
83824.499237647615
83454.008179743498
83334.824160037213
84948.911787580102
85219.866510258493
84862.552639074798
84756.955582222465
85330.857949310128
85412.251473471741
85530.605713203768
85063.052117430692
84404.436011860380
84602.203269675039
84155.218925426088
84494.927828026935
85133.141878248571
84860.026836503399
85246.077982362462
85317.376823446073
86061.555367095483
86159.732369409132
86239.619552683973
85779.516286143364
85702.773173553695
85596.862286968360
85527.897536384116
85988.126989647237
86610.437958672628
86444.797830019073
86891.492642756770
86520.427379368644
85877.904498997654
86155.387267845770
85802.091577461368
85688.369628395623
87211.881789594307
87469.887945157636
87129.613318032352
87028.993897349457
87575.526312607428
87652.976528346946
87765.570382544087
87320.588395151470
86692.893455260259
86881.487310825178
86455.094951537452
86779.199972149669
87387.326362887266
87127.206890085523
87494.837782596689
87562.696870403845
88270.304765013789
88363.569557600465
88439.445191819745
88002.266040693125
87929.303293382938
87828.588682165442
87762.994361798759
88200.537368074016
88791.477243518180
88634.261993866152
89058.117713195461
88706.051402430254
88095.789264936990
88359.442275714406
88023.726872979576
87915.607854392554
89333.426055670236
89578.387838569950
89255.288164492580
89159.701376830009
89678.646650187045
89752.138808214775
89858.957841465570
89436.653164167074
88840.253546088439
89019.533518839569
88614.085537176070
88922.307460312863
89500.015143583834
89253.002346847265
89602.069121691966
89666.471715479827
90337.512921631191
90425.889914003972
90497.777886152660
90083.435093950888
90014.249928088146
89918.733394257404
89856.514214581737
90271.391834930429
90831.181132101905
90682.310962115429
91083.577029329317
90750.294790940578
90172.101895711399
90421.979255898987
90103.782937422235
90001.262455062533
91297.196227989232
91529.370800449440
91223.115162175571
91132.476281397525
91624.366531521038
91693.990106781610
91795.170500390523
91395.047434233435
90829.442333456143
90999.533935800791
90614.777761168356
90907.298387724979
91455.100463729032
91220.947857968305
91551.810456932828
91612.831615374875
92248.243946439165
92331.877340487656
92399.898412516457
92007.738942932760
91942.232581371209
91851.782662559010
91792.856071233560
92185.664375820474
92715.272931099098
92574.471829266928
92953.921370247204
92638.774521911953
92091.680249292825
92328.176825701477
92027.003414091916
91929.934864031136
93086.659476358152
93306.643588834006
93016.451830130216
92930.541127926888
93396.629863884518
93462.574181181626
93558.396209181199
93179.382251242627
92643.224344103903
92804.511404305478
92439.605673465689
92717.055913154603
93236.281125041671
93014.397725210714
93327.901038069424
93385.703879984110
93987.316012060212
94066.463670527679
94130.830424295375
93759.664217007245
93697.646381043116
93612.004432712580
93556.204499070722
93928.087563941575
94429.194674256534
94296.001334332148
94654.901311488633
94356.832256375710
93839.127458486022
94062.961807319560
93777.901744273346
93686.002974275121
94684.871711606786
94893.581481480534
94618.250772745872
94536.721201287277
94978.940670870637
95041.488704450618
95132.367666614344
94772.848938890937
94263.991836307425
94417.102631249916
94070.647959932365
94334.084627950302
94826.830969324146
94616.301520425404
94913.746655749826
94968.576959498998
95539.050927507298
95614.076693228475
95675.087274231482
95323.223162725379
95264.418021977312
95183.206399796487
95130.289122417802
95482.903345519357
95957.849042959686
95831.629836806998
96171.706132451625
95889.277350476972
95398.564623356506
95610.757318720731
95340.515233193073
95253.377360674043
96073.993317317872
96272.642127760628
96010.576143453771
95932.962003209905
96353.876350667793
96413.398151448273
96499.874857711329
96157.733962576589
95673.286282903180
95819.077263931773
95489.153002422056
95740.030891360773
96209.113264585758
96008.720571653146
96291.833344181243
96344.013769462545
96886.785842259531
96958.151937487622
97016.183910527732
96681.465484511922
96625.517741769363
96548.248241592039
96497.897068990671
96833.374726314723
97285.112305651666
97165.073686251009
97488.478083807931
97219.899464971735
96753.142541007794
96954.994552912438
96697.916859140678
96615.013285807596
97234.314268931717
97424.395694223553
97173.627259096247
97099.351093529142
97502.120008304584
97559.067779685167
97641.801497608714
97314.446110563498
96850.814853406497
96990.357269973305
96674.552126986688
96914.700603281657
97363.609192715769
97171.851534216650
97442.758036597646
97492.683753602018
98011.921629184493
98080.183409412406
98135.689561310734
97815.520211541429
97761.999481565930
97688.079474442638
97639.909356553180
97960.832422011896
98392.896383429383
98278.093030003118
98587.381907398245
98330.528304000982
97884.085802450776
98077.163410251320
97831.257647818027
97751.950543910687
98142.158086245545
98325.445278837142
98083.637363112415
98012.010548247330
98400.387686879330
98455.295885094922
98535.064630128749
98219.427348670593
97772.322168056678
97906.900238974515
97602.317071793266
97833.936219942014
98266.832966208953
98081.925002569857
98343.150585684794
98391.289284895305
98891.895899487397
98957.702861307378
99011.212107734114
98702.550870906678
98650.951239142509
98579.683180613269
98533.240322999700
98842.643209743677
99259.157075409646
99148.489353343539
99446.631290231860
99199.036028220245
98768.654167737957
98954.791490198870
98717.723266369896
98641.262911052429
98764.363855137854
98942.953584416202
98707.341433814348
98637.547401926728
99015.973352387635
99069.472221393953
99147.192590253690
98839.653641932833
98403.982897036913
98535.124405857481
98238.311839820788
98464.024180325636
98885.844201467757
98705.672903012368
98960.204760432738
99007.108425733517
99494.848708902151
99558.961727375063
99611.093225260804
99310.374574538189
99260.101473804418
99190.664914834604
99145.415141550431
99446.863496014033
99852.650478393960
99744.834532089590
100035.29168946687
99794.078804231642
99374.777914300037
99556.125308747170
99325.156841286705
99250.662170041745
99030.826170792192
99207.394911902229
98974.448493922057
98905.443227238749
99279.587677822070
99332.480402668036
99409.319870560284
99105.264253520581
98674.514943626840
98804.176934030562
98510.710310052760
98733.879069586706
99150.932067327929
98972.798824762038
99224.450739617358
99270.823172646036
99753.031540358439
99816.416548569570
99867.955977991034
99570.651168984259
99520.948381849434
99452.299310183807
99407.562572023715
99705.591099059078
100106.76876800135
100000.17796492149
100287.33409187738
100048.86269307289
99634.323712898346
99813.612341017462
99585.265716648777
99511.616145710985
# temperature_hl
# rank
2
# size
32
91
# lbound
1
1
# entries
201.66578022371343
201.71961166220407
201.64879109958568
201.62812628810946
201.74189692781331
201.75832715158950
201.78235202570244
201.68835873976067
201.55999380648012
201.59805630214689
201.51260332524149
201.57735942513162
201.70229404396267
201.64829541760295
201.72486210838022
201.73918279394991
201.89212337734583
201.91278623430702
201.92968563251728
201.83340273633340
201.81758657946338
201.79587126260361
201.78180050774017
201.87674478130128
202.00915496603545
201.97344653418867
202.07053680477830
201.98970812737036
201.85378046740087
201.91186928477745
201.83806839977584
201.81462574903858
205.66211476960936
205.71917254516268
205.64410687153989
205.62220251556630
205.74279268645910
205.76020678280014
205.78566986938014
205.68604682859566
205.54998047313842
205.59032813857354
205.49974295745682
205.56838883990079
205.70081729896145
205.64358146143471
205.72473753096074
205.73991600155310
205.90200583290118
205.92390315529477
205.94181188864746
205.83977490947828
205.82301273621374
205.79999818392776
205.78508534152363
205.88570821769488
206.02602412504285
205.98818524860192
206.09106542261691
206.00541718886151
205.86137116401713
205.92293143250333
205.84471959811518
205.81987478347716
209.11906341164473
209.17880947718189
209.10020657637108
209.07726927703868
209.20354179423919
209.22177558927689
209.24843685137046
209.14412332301922
209.00163899405658
209.04389117841350
208.94902848168479
209.02091643199668
209.15958967752445
209.09965639358799
209.18463653190614
209.20052967971131
209.37024104446260
209.39316652094263
209.41191587058182
209.30508625876357
209.28753604805209
209.26343918294396
209.24782482361690
209.35317797365411
209.50007779933242
209.46046485777930
209.56816609584885
209.47850484236761
209.32769751300202
209.39214917985993
209.31026337219711
209.28425054849654
212.49589218586416
212.55812275139257
212.47625066152690
212.45235852369268
212.58388278318162
212.60287397057004
212.63064224666275
212.52199451372786
212.37357717482229
212.41759027054016
212.31877224069854
212.39365818460757
212.53810399329069
212.47567758011024
212.56419198092570
212.58074552857980
212.75749731429133
212.78137223085571
212.80089778334121
212.68964209447500
212.67136395887400
212.64626726831355
212.63000481245888
212.73972734027032
212.89270606388661
212.85145544824672
212.96360656585182
212.87024138286137
212.71319085684246
212.78031276557999
212.69503389447553
212.66794216259487
215.82142825650533
215.88596311803889
215.80105883306024
215.77628088043295
215.91267614727687
215.93236959674729
215.96116420669796
215.84849746613219
215.69457562700777
215.74022280730708
215.63773390441381
215.71540236966356
215.86520341648185
215.80046450934708
215.89225692498607
215.90942285609455
216.09270050589689
216.11745509686847
216.13769974952666
216.02234279362088
216.00338996668208
215.97736648339608
215.96050321903539
216.07427551439434
216.23288532652239
216.19011804136653
216.30638961619732
216.20959484256045
216.04676042658770
216.11635660462147
216.02793357006087
215.99984183533030
219.11031143037866
219.17697304854158
219.08927003875633
219.06367423849099
219.20456543552228
219.22490680168204
219.25464819836054
219.13827311526885
218.97926866773730
219.02642511965857
218.92054522209853
219.00078422844894
219.15552957082053
219.08865610389029
219.18347409073419
219.20120508081442
219.39050104081755
219.41606643228545
219.43697380213371
219.31783617271907
219.29826116847713
219.27138292497727
219.25396548441668
219.37147224543637
219.53527088789619
219.49110649335094
219.61117293938622
219.51121974030417
219.34305495462010
219.41493197099049
219.32361042627701
219.29459652816684
222.36755252394315
222.43615397252199
222.34589803697568
222.31955592133869
222.46454816251017
222.48548020263237
222.51608458563925
222.39632835254841
222.23268527161724
222.28121969274460
222.17224317930294
222.25482978094161
222.41408691650147
222.34526620778647
222.44284398693645
222.46109019505576
222.65586959686343
222.68217316279441
222.70368378715099
222.58110349206240
222.56096165458038
222.53330455493420
222.51538207045240
222.63629099419671
222.80481197906315
222.75937662936644
222.88289432779754
222.78006890379456
222.60705204228532
222.68100595719477
222.58704488693115
222.55719086025815
225.59315621947340
225.66349346477071
225.57095288554697
225.54394251018260
225.69260478760023
225.71406500049554
225.74544086122961
225.62266069866976
225.45486340954685
225.50463257034573
225.39288051815333
225.47757156342229
225.64086854418923
225.57030503553452
225.67035251372988
225.68905952581196
225.88873815836780
225.91570053563260
225.93774942924108
225.81209578974546
225.79144757189755
225.76309451844111
225.74472064704290
225.86866874822928
226.04140220313337
225.99483382085319
226.12142703671077
226.01604235145737
225.83869613089183
225.91450410979945
225.81818648116968
225.78758193379937
228.78408188029346
228.85592770499863
228.76140123768550
228.73380950800836
228.88566185503504
228.90758062137223
228.93962602108661
228.81421980879526
228.64280762790065
228.69365209906735
228.57948186496486
228.66600673927357
228.83281810588880
228.76073945284963
228.86293358269074
228.88204079202103
229.08596773605498
229.11350046847386
229.13601519491655
229.00769981276949
228.98661257292696
228.95765593085892
228.93889044986861
229.06547327341369
229.24185081494014
229.19430317977333
229.32355292826355
229.21595798107063
229.03486505376787
229.11227875040515
229.01391991677377
228.98266469277152
231.93516836905312
232.00826694524704
231.91209095518539
231.88401570317700
232.03851772977399
232.06081665018516
232.09341678707679
231.96583256322080
231.79141258809884
231.84315292846441
231.72696669565246
231.81502084873975
231.98475507364341
231.91141758387045
232.01539464750169
232.03483380771726
232.24227590766171
232.27027933765302
232.29317828315800
232.16266485317388
232.14121446192772
232.11175826293893
232.09266849640940
232.22143047019361
232.40081166203638
232.35245807284875
232.48389214497419
232.37448027840446
232.19029711701066
232.26903675288847
232.16899197231180
232.13719853353732
235.03960301445892
235.11366470708867
235.01622000224995
234.98777197447572
235.14431188987206
235.16690219314341
235.19992707178977
235.07067213086967
234.89393157811375
234.94636468669489
234.82861764230066
234.91785639537281
235.08984386267983
235.01553770286154
235.12088592358947
235.14057976282595
235.35070674838568
235.37906799589868
235.40225871444619
235.27007242980619
235.24834480954880
235.21850686315915
235.19916904840838
235.32959423898859
235.51125360798127
235.46229039486545
235.59537379003876
235.48459065886945
235.29806086766132
235.37780955726285
235.27648119870227
235.24427690689458
238.08916859640604
238.16386481009772
238.06558341681611
238.03688824556374
238.19477197270976
238.21755293699769
238.25085505673755
238.12050497267751
237.94222341061527
237.99511891024184
237.87632735155455
237.96635975862318
238.13984084600432
238.06489520513384
238.17114742078854
238.19100826723576
238.40287799407139
238.43146895123044
238.45484652244170
238.32158340636383
238.29967605858684
238.26959004652821
238.25009068963735
238.38159363162791
238.56470778331988
238.51535779317257
238.64948322320311
238.53783470410900
238.34980222749607
238.43020034788114
238.32804504086954
238.29557442152759
241.07437447884277
241.14933246715233
241.05070445517225
241.02190464381979
241.18034485460191
241.20320221702505
241.23661424325880
241.10582195876165
240.92688362821647
240.97998022333647
240.86072972166912
240.95111238733512
241.12522546184212
241.05001375200465
241.15664003495374
241.17656843232336
241.38911201284418
241.41778732344554
241.44123269803080
241.30756900568514
241.28559254966686
241.25541013583663
241.23584737719486
241.36776383421190
241.55139847048483
241.50191457928995
241.63639289926365
241.52445306147087
241.33587549257874
241.41651501059570
241.31405084866645
241.28147787181578
243.98452498522582
244.05932259584566
243.96090298754666
243.93215992036829
244.09026493558468
244.11306928214529
244.14640168880962
244.01590671706066
243.83731300367319
243.89031479344393
243.77126845811071
243.86149927957010
244.03526854569344
243.96021366697263
244.06661385310440
244.08649715898665
244.29850390874117
244.32709892260428
244.35047724720403
244.21717898453790
244.19525871512153
244.16515168169377
244.14563667845940
244.27721428942181
244.46031106428174
244.41097973325591
244.54503025277225
244.43344942840039
244.24541148340722
244.32583021236087
244.22364404602536
244.19115443528338
246.80775385719994
246.88191421756466
246.78432997554043
246.75582595028757
246.91258851374201
246.93519365096901
246.96823233623940
246.83887006704884
246.66175211489613
246.71432486454026
246.59623170033862
246.68574353859441
246.85806674861496
246.78364641369828
246.88914254667577
246.90885351498784
247.11895572798699
247.14728443202975
247.17044335499048
247.03837590582992
247.01665336890616
246.98681577671431
246.96747410098024
247.09786292009341
247.27922614582161
247.23037101807162
247.36311170206349
247.25262464845008
247.06635179427752
247.14602758526675
247.04478239794133
247.01258596582602
249.53104165080390
249.60402781833852
249.50798487946307
249.47992515346257
249.63421113137505
249.65645244712928
249.68895633325124
249.56166740112889
249.38729881021800
249.43906619759659
249.32276951782345
249.41092382684846
249.58055990945834
249.50731200366320
249.61114072891124
249.63053608291241
249.83719370559365
249.86504664113045
249.88781460699772
249.75795242425494
249.73658700273475
249.70723736603662
249.68821041230254
249.81645338605887
249.99473665083070
249.94672217196393
250.07715977625631
249.96859389264102
249.78546606539788
249.86381095997316
249.76425329302165
249.73258629180913
252.14022663073001
252.21143624684206
252.11772655141655
252.09034138624293
252.24087847456488
252.26257129999772
252.29426993481206
252.17010958045833
251.99991909537377
252.05045896016824
251.93690479379202
252.02298525411675
252.18854195166580
252.11706988922037
252.21837485323215
252.23729385954150
252.43877917560829
252.46592135714366
252.48810590238409
252.36154219232554
252.34071269098609
252.31209615068812
252.29354254233843
252.41856599328537
252.59225878846712
252.54549382456196
252.67251403866806
252.56679757683955
252.38836289037877
252.46471727738640
252.36768464985161
252.33681212076365
254.62001627799606
254.68877627849528
254.59828472521846
254.57183140981564
254.71719796071835
254.73813594954913
254.76872713339012
254.64887446625337
254.48445853111178
254.53329916348247
254.42354457387387
254.50675079313223
254.66667242918524
254.59765045299957
254.69547478285739
254.71373784053904
254.90812031806516
254.93428917420312
254.95567524104914
254.83363154472997
254.81353775826449
254.78592823212844
254.76802521302176
254.88862942439752
255.05604391416671
255.01098533116618
255.13334302631691
255.03151321357521
254.85950152226968
254.93312835674544
254.83955660631125
254.80977470380520
256.95400461799488
257.01956606761911
256.93327730542723
256.90804213185436
257.04665624230506
257.06660978820560
257.09575725664047
256.98152429980831
256.82465931934445
256.87127583532759
256.76649704471669
256.84593840525952
256.99849393862513
256.93267229579561
257.02595125510049
257.04335851790086
257.22849001364364
257.25339337671107
257.27374166692846
257.15757721514922
257.13844145923844
257.11214374141957
257.09508853470959
257.20993855715045
257.36919666167609
257.32635281976854
257.44266252888804
257.34587349773415
257.18220963811171
257.25228879682874
257.16321924731255
257.13485750855784
259.12469957175500
259.18623270936030
259.10523765239100
259.08153781120546
259.21164685638303
259.23036157509443
259.25769277654371
259.15053314195353
259.00318724421993
259.04699810814111
258.94849829289359
259.02318804856270
259.16645961326418
259.10466951968635
259.19222346391291
259.20855351879862
259.38205408980207
259.40536826837825
259.42441366499509
259.31563434791030
259.29770292742069
259.27305470187491
259.25706581313983
259.36468264899474
259.51370366153640
259.47363776469410
259.58236455770231
259.49189494608277
259.33871143177424
259.40433430131128
259.32092063502324
259.29434415617686
261.11356412408401
261.17015373052061
261.09565564902471
261.07384100167280
261.19351184968934
261.21070716038020
261.23581117924567
261.13732817626419
261.00167221273267
261.04203598441580
260.95125256716142
261.02010232083870
261.15197450982146
261.09513279185683
261.17566058230966
261.19066921429777
261.34991386147874
261.37128184032764
261.38873193382989
261.28899867858166
261.27254325925912
261.24991698098574
261.23523541592630
261.33398778318923
261.47047680817849
261.43381003081601
261.53326099853575
261.45052104284491
261.31016991919205
261.37033434120690
261.29384901796925
261.26946048739620
262.90107514429434
262.95171638030888
262.88503637397741
262.86549104619996
262.97260126508360
262.98796911640693
263.01039480842792
262.92234872646975
262.80076616263000
262.83697857140834
262.75548978200516
262.81730451639891
262.93545474758878
262.88456801346587
262.95664109916777
262.97006018193224
263.11216695405062
263.13119678029091
263.14673054757532
263.05786683087769
263.04318567015440
263.02299025355438
263.00988061104704
263.09797755353213
263.21941514560160
263.18682943293464
263.27514606246740
263.20168394745303
263.07674741729119
263.13035315578759
263.06219316956492
263.04043469221000
264.46680413749021
264.51039904835261
264.45298064374066
264.43612436533772
264.52835483733566
264.54155863894800
264.56081306801764
264.48512728665571
264.38022252072841
264.41151400207337
264.34104440398244
264.39451829509005
264.49640871130140
264.45257685566105
264.51463430258872
264.52617086760654
264.64799089916778
264.66425433360877
264.67752103450550
264.60151916402742
264.58893814150861
264.57162037458096
264.56037176262174
264.63585646345155
264.73948997760255
264.71173038069230
264.78688220275245
264.72438935101019
264.61768865024828
264.66353360179693
264.60522529467801
264.58657991948064
265.78952505511165
265.82488000758002
265.77829253086821
265.76458162112425
265.83941112471143
265.85008496640398
265.86563226353383
265.80439772172701
265.71900220799233
265.74453608572924
265.68696065923240
265.73067398135890
265.81354549307196
265.77796426928256
265.82830911421507
265.83764466975424
265.93575492929119
265.94878646996801
265.95940484925660
265.89843051746857
265.88830388462611
265.87434945899281
265.86527616254443
265.92602144447011
266.00885878982211
265.98673514644770
266.04651517187261
265.99683004152001
265.91143185719415
265.94820930363869
265.90141185731500
265.88640468836576
266.84735560518050
266.87318001822661
266.83912026883172
266.82904813071275
266.88375065272618
266.89149892306676
266.90275973194451
266.85823711857836
266.79541244796104
266.81428401052875
266.77163023822845
266.80404777973087
266.86491707865133
266.83887937791258
266.87567682018187
266.88246701722505
266.95316682479410
266.96246324888796
266.97002116392980
266.92641559677952
266.91912633609155
266.90906034285877
266.90250214684357
266.94620831892576
267.00501506243648
266.98940276546472
267.03142541877304
266.99653521878889
266.93575468321433
266.96205199581237
266.92855908200653
266.91775781072511
267.61794036766236
267.63284723090283
267.61313880755569
267.60723574375828
267.63888156350924
267.64327912105881
267.64963085522049
267.62424964869899
267.58728642980680
267.59852323950560
267.57297043786031
267.59244199913991
267.62810267307981
267.61299801710697
267.63427614968339
267.63815092756118
267.67746369133448
267.68248431591689
267.68653895465962
267.66281772623830
267.65877736945691
267.65316405555194
267.64948609055551
267.67368204449559
267.70498316310403
267.69682266166086
267.71852518402801
267.70056469599422
267.66796363158016
267.68226298714058
267.66400186628289
267.65801650176513
268.07868657066655
268.08119542678696
268.07778481844866
268.07661691357549
268.08207888524515
268.08267199208825
268.08345021212619
268.07980337404035
268.07221433234395
268.07477823088965
268.06865309439087
268.07341684898597
268.08044614479718
268.07775771697345
268.08141175717066
268.08197615079553
268.08565831129010
268.08582624812846
268.08590516377512
268.08475240189279
268.08440010124929
268.08384160461588
268.08343353373152
268.08548232896521
268.08557039414069
268.08586493994017
268.08451359900005
268.08575998930525
268.08513858349801
268.08582046204793
268.08484755466048
268.08432904650658
268.20706679335609
268.19561011032556
268.21055833696130
268.21472505599377
268.19069204165424
268.18700034657439
268.18150168001335
268.20233436613341
268.22783949710504
268.22063094081165
268.23639788665935
268.22458767233877
268.19936102284493
268.21065931385925
268.19446064813377
268.19129650595721
268.15485641439818
268.14956119661514
268.14516446964149
268.16942070258938
268.17322127219228
268.17835494976276
268.18162924771394
268.15873988450494
268.12369212915894
268.13350309790030
268.10620604285737
268.12906813116734
268.16444754203741
268.14979806202297
268.16828965424367
268.17392698867945
267.98100734930000
267.95394154748715
267.98940969058401
267.99953971591850
267.94253983683069
267.93405980103762
267.92154698294030
267.96973703376318
268.03223785500444
268.01410344386119
268.05434783060139
268.02400582580896
267.96272203038058
267.98965383598585
267.95126567493691
267.94393462821694
267.86266509023926
267.85126718835085
267.84187114156379
267.89451238973680
267.90295293018767
267.91444675033944
267.92183573441866
267.87108344071913
267.79679106621262
267.81722993515984
267.76095921919597
267.80795909842504
267.88355156613022
267.85177510341543
267.89201135357331
267.90452654914276
267.37938692495146
267.33500978210753
267.39323614421841
267.40998080102116
267.31641814001762
267.30262844086781
267.28233826310162
267.36086542489033
267.46440430585790
267.43414868207947
267.50155028240005
267.45064704688065
267.34936803882493
267.39363909080924
267.33064118036009
267.31868932778701
267.18771890086737
267.16955683462959
267.15461988245505
267.23872472456054
267.25230930299796
267.27085458211195
267.28280573077501
267.20116393504907
267.08337824362616
267.11559396989600
267.02722018679214
267.10096431764640
267.22112610594928
267.17036517036212
267.23470491516173
267.25484513549156
266.38267747178418
266.31925424018004
266.40252007091732
266.42654346031560
266.29275313665335
266.27312277518621
266.24427801266017
266.35617775634836
266.50487688115527
266.46128058809200
266.55857377128893
266.48503832789493
266.33974885456843
266.40309775656010
266.31302345894352
266.29598839556132
266.11035834227874
266.08475934736924
266.06373076851685
266.18243094362293
266.20167261321768
266.22797311927582
266.24494204894916
266.12933034240814
265.96373192239867
266.00889201611852
265.88523623586542
265.98837210556837
266.15753292445936
266.08589797288283
266.17674093820426
266.20526666032799
264.97376860232009
264.88956997611160
265.00014964772885
265.03211430470617
264.85444253700024
264.82844262551157
264.79026937647171
264.93856575680860
265.13653840496835
265.07838384303165
265.20829970764231
265.11006325964871
264.91675763199561
265.00091797041449
264.88130816938462
264.85872920558847
264.61350539088551
264.57980093187848
264.55213362823531
264.70854219727522
264.73395139260947
264.76870750109242
264.79114775434181
264.63850163437883
264.42080098685398
264.48006398042980
264.31797329846466
264.45312637249629
264.67568673086004
264.58129952394103
264.70103136943823
264.73869917907672
263.13902786896961
263.03238397244002
263.17247413377601
263.21302063783696
262.98793858713685
262.95505911465767
262.90681146585200
263.09442163262037
263.34564605952710
263.27175437691557
263.43693851313265
263.31199656984450
263.06680198998362
263.17344846106437
263.02192821125533
262.99336090620295
262.68379299172847
262.64134083979121
262.60650949592866
262.80361861131865
262.83568663805738
262.87957279165653
262.90792131058947
262.71529140894989
262.44137218030551
262.51584843361917
262.31230354125034
262.48198748956685
262.76217259858532
262.64322790015865
262.79414201658165
262.84168013025959
260.86966191823240
260.73903776380689
260.91065832461811
260.96037680972182
260.68463968927051
260.64441296076484
260.58540747424286
260.81500818231655
261.12315140442064
261.03243402933975
261.23533165600213
261.08183080035349
260.78117968885994
260.91185280814557
260.72623846278373
260.69127494125269
260.31301901894483
260.26123414001000
260.21876063174619
260.45929852401923
260.49847446814965
260.55210765551288
260.58676446892019
260.35145533125439
260.01757474267805
260.10827158469004
259.86053734921967
260.06702837383114
260.40868372967464
260.26353562054766
260.44772373287640
260.50579776388395
258.16345627054272
258.00755562096981
258.21241346956759
258.27180441925674
257.94267048951690
257.89470339624791
257.82436659386275
258.09821043006622
258.46638575315325
258.35791528742743
258.60061325076526
258.41697048776399
258.05783762296909
258.21384010170470
257.99228676172248
257.95058368353762
257.50000887667420
257.43840598448156
257.38789438560070
257.67412835799826
257.72078728497451
257.78468363270815
257.82598388529760
257.54574510300631
257.14881011689386
257.25655624335576
256.96238925251248
257.20755286792496
257.61386261448200
257.44114339298903
257.66034486688875
257.72951067760920
255.02698116637910
254.84488726318509
255.08419161439633
255.15361274897936
254.76914003947897
254.71315779044488
254.63109050611800
254.95075685714764
255.38119540127843
255.25430164682572
255.53831442079760
255.32337882000724
254.90360260363829
255.08585895021778
254.82706024765878
254.77837670891728
254.25298073129201
254.18123197402306
254.12241601468887
254.45588538681722
254.51028523845000
254.58480117821665
254.63297722215557
254.30626249605166
253.84420422954008
253.96954719515116
253.62747717878145
253.91253332995669
254.38563844478895
254.18441980635916
254.43981737412511
254.52045717161124
251.47835087697928
251.26971364369550
251.54393040509834
251.62352602613348
251.18296704949745
251.11887134204204
251.02493431995794
251.39099811116026
251.88461184133504
251.73900954642116
252.06499454268146
251.81826227644834
251.33697210898475
251.54584186224042
251.24929572205323
251.19354367138527
250.59250555159051
250.51051723004321
250.44332341034615
250.82448434548212
250.88670861007915
250.97196262526222
251.02709359726043
250.65340530625375
250.12567693167819
250.26874684584874
249.87845085626674
250.20366162306894
250.74415215668637
250.51415955513266
250.80610763759216
250.89834497674588
247.55060146469927
247.31588065104890
247.62441336965986
247.71402255767299
247.21833699841383
247.14628154133652
247.04070655201642
247.45230812606647
248.00812205263790
247.84407695352152
248.21146443625580
247.93335833781026
247.39152989604361
247.62656501947993
247.29291885140876
247.23022855404921
246.55512588194878
246.46313793574862
246.38776735697016
246.81553220612426
246.88541552879576
246.98118660047834
247.04313297613200
246.62346926536040
246.03169144935751
246.19202435523556
245.75481148789240
246.11907656077369
246.72533329725999
246.46722396746691
246.79489629037519
246.89848578508682
243.29568504312169
243.03645561084483
243.37724468848600
243.47628589397340
242.92878461826893
242.84926989207887
242.73279910075576
243.18710439828061
243.80154260995167
243.62008037248211
244.02660758176827
243.71882912123962
243.11998239869411
243.37962247969145
243.01110677927846
242.94190898260555
242.19761674988018
242.09632722615393
242.01335793276965
242.48451866903801
242.56155364302583
242.66715396025123
242.73547549598814
242.27289042379797
241.62165817550127
241.79797547679212
241.31739181567798
241.71774372398232
242.38511485464605
242.10082578433060
242.46177427013609
242.57596340600023
238.78893167745048
238.50824855781588
238.87729240285270
238.98462533317129
238.39173980413767
238.30572600594041
238.17977795947255
238.67133476349107
239.33736560056411
239.14052237757144
239.58167442305108
239.24762626704126
238.59866087697472
238.87986884011636
238.48081520012298
238.40593913282279
237.60169834350603
237.49241086959921
237.40291901232894
237.91146353598302
237.99468992690291
238.10881349621505
238.18267156733501
237.68294071436833
236.98077772101519
237.17072581640056
236.65326755032206
237.08427684115162
237.80410328010544
237.49726381996734
237.88689537661179
238.01026028497745
234.13355355864110
233.83635326054991
234.22718073666283
234.34095368898079
233.71308356589711
233.62211443066437
233.48896574537255
234.00899716006461
234.71518739750522
234.50628794314670
234.97467621272415
234.61993234126919
233.93205070698383
234.22991121188392
233.80732291869569
233.72810387499806
232.87868698671815
232.76347047851803
232.66916132144996
233.20553176660684
233.29341578421545
233.41397319079911
233.49202404536331
232.96436968188010
232.22475819200110
232.42462867216327
231.88050630700334
232.33364456982031
233.09220619649633
232.76858563430028
233.17959424197531
233.30986073180287
229.46430666166950
229.15778778171727
229.56095766869194
229.67846158836448
229.03077877421126
228.93709774379096
228.80005295528593
229.33579288014201
230.06540160940122
229.84932762907937
230.33408788259771
229.96684953328801
229.25643912611687
229.56377695955871
229.12787015599346
229.04625074980487
228.17304205249383
228.05487634180301
227.95820326908586
228.50861695055011
228.59893951726750
228.72290446723386
228.80319976616278
228.26096146011901
227.50327354722316
227.70775271842132
227.15157057065352
227.61464508359867
228.39220375295159
228.06012100390208
228.48196708113568
228.61584503444820
224.94876432441083
224.64263485185529
225.04540896765081
225.16297971390551
224.51595310816074
224.42257628745250
224.28607315745492
224.82034521552148
225.55071266913188
225.33408803843102
225.82046025321088
225.45187575701394
224.74109930164431
225.04822890535894
224.61278551531947
224.53137998256932
223.66302504102507
223.54588296668609
223.45011354341989
223.99617389063778
224.08596389688267
224.20928034493491
224.28920623839099
223.75024029052688
223.00024505642688
223.20228331754726
222.65338323505486
223.11025331851832
223.88052216368649
223.55108031129598
223.96969086431946
224.10277536984651
220.78390030657283
220.49031391106831
220.87673677207678
220.98977189421655
220.36903856397447
220.27972852519446
220.14929614130759
220.66065362326287
221.36329367655901
221.15446828754807
221.62382029374464
221.26797136546304
220.58466382522849
220.87944667726282
220.46172700022655
220.38380025307066
219.55588565765078
219.44467556929467
219.35384187273644
219.87279004433054
219.95835858126196
220.07598458120313
220.15228820217081
219.63875913397106
218.92820858718272
219.11914696301920
218.60123737780907
219.03212911781299
219.76267329675380
219.44960727448654
219.84756474442068
219.97438699480267
217.18519501750771
216.91815117263053
217.26983161343421
217.37300660181472
216.80811469749150
216.72718521961713
216.60915206108936
217.07297708170304
217.71489870862746
217.52357749756609
217.95421410942325
217.62751057008330
217.00386906579936
217.27230354496965
216.89219889619511
216.82149971579483
216.07460039276395
215.97487748260679
215.89353546146626
216.35956715988888
216.43671146499665
216.54289363629513
216.61185755023533
216.14900864585374
215.51370985281432
215.68382518914675
215.22345363414672
215.60624144555106
216.26041547162373
215.97929666783304
216.33684134704859
216.45117120201166
214.36600170737299
214.14001694605338
214.43786571374656
214.52562458395948
214.04724013200752
213.97913396150665
213.88000178013391
214.27089627938693
214.81761994624154
214.65399784862484
215.02306905776732
214.74281405013656
214.21242849712780
214.43996632246800
214.11811725649670
214.05851487965950
213.43408218569928
213.35146001840084
213.28420227754174
213.67117260865916
213.73560405202656
213.82445778024231
213.88227137408950
213.49584875481747
212.97179201697932
213.11137370121725
212.73494220796945
213.04764610759884
213.58851445919822
213.35511752766755
213.65221179457336
213.74769250690886
212.50733770801315
212.33538124526015
212.56231639533561
212.62964458945007
212.26520382895177
212.21384621257405
212.13933634924058
212.43479627301659
212.85512282861350
212.72850083227459
213.01507330792094
212.79714748619702
212.39032491597905
212.56392555091767
212.31879379064765
212.27371893286127
211.80789094137083
211.74717471565461
211.69791632683157
211.98334451372705
212.03133141075909
212.09771644322905
212.14103895717918
211.85342677354052
211.47114240085261
211.57204279360272
211.30154406653068
211.52589001856234
211.92197228577254
211.74985773237310
211.96924751987751
212.04034885054389
211.72284570055504
211.61388627534009
211.75805548990991
211.80141201629954
211.56994462980759
211.53798721178870
211.49193150638197
211.67666143858261
211.94844464388595
211.86553401488086
212.05437802657127
211.91037647491316
211.64850506909013
211.75908868437685
211.60347188395974
211.57525965316682
211.29175690877727
211.25597332536495
211.22715691394140
211.39673613140869
211.42583963857396
211.46636788653228
211.49297977566559
211.31878101424405
211.09675779629779
211.15407598794417
211.00250697799098
211.12774706598651
211.35975576556709
211.25754846673402
211.38821771432072
211.43132679226918
212.02838938391687
211.98528915788262
212.04284642483393
212.06098303040568
211.96865339316807
211.95684165374300
211.94026330127474
212.00981023137416
212.12505892948437
212.08845418646888
212.17348564985073
212.10810485763352
211.99870491139143
212.04327437747079
211.98130604081521
211.97064162998984
211.87500873045215
211.86465369982002
211.85663927844706
211.90777241003488
211.91744032782091
211.93129662033718
211.94063463774359
211.88311240672292
211.82412486257249
211.83746919331907
211.80545685318683
211.83116559213610
211.89584348854248
211.86510025695222
211.90498875324863
211.91928992607200
213.33033834910827
213.34893886921921
213.32526585261056
213.31961272923979
213.35776173968023
213.36468664697455
213.37545337101076
213.33767243544975
213.30499933383322
213.31240115010999
213.29848314214149
213.30813689131304
213.34253623339052
213.32512360995608
213.35095843908556
213.35665210215225
213.43429229324553
213.44712976012710
213.45804211059556
213.40085280947801
213.39261776224347
213.38184621945749
213.37519768113893
213.42509913022255
213.51432096827389
213.48802220094782
213.56336269347068
213.49979454545570
213.41194632567792
213.44654828706368
213.40334475338565
213.39111261558119
215.43704953382803
215.50706787441783
215.41562160774419
215.38999285827526
215.53699374506002
215.55940765858975
215.59271575970016
215.46602534520864
215.30889591238534
215.35355592782773
215.25558572128978
215.32906850981269
215.48419192900394
215.41500126003135
215.51406908298114
215.53331975646060
215.75289667803338
215.78450185193239
215.81068984715003
215.66558578077377
215.64270641405167
215.61173666409641
215.59194404286575
215.72967132586331
215.93790260163519
215.87991523843758
216.04070454719093
215.90615608068572
215.69546356955641
215.78308963062466
215.67238688537594
215.63845353183274
218.09506817391585
218.20273678806467
218.06160233086652
218.02123040122234
218.24803051123200
218.28169292201611
218.33132444324772
218.13992676800524
217.89074005166074
217.96314241041844
217.80236324518194
217.92361645021828
218.16783034869323
218.06062963741249
218.21337019665654
218.24249169486333
218.56422183127972
218.60917587350471
218.64620252371918
218.43839146078813
218.40498826716305
218.35946596673728
218.33017965970856
218.53099220524436
218.82344280841983
218.74316712145722
218.96384168170468
218.77959641974280
218.48173494952954
218.60717352740505
218.44828492101081
218.39875824103592
221.04138580747639
221.17313324334634
221.00019725033405
220.95034993185450
221.22822564039657
221.26905048167200
221.32906258837428
221.09641540524547
220.78796595609549
220.87831084335232
220.67679570431483
220.82906816184880
221.13054455760246
220.99899832899422
221.18608401942183
221.22149863207636
221.60806197084770
221.66146450924458
221.70535012136031
221.45783350294627
221.41775655387929
221.36299797153040
221.32768072381666
221.56849906455574
221.91426569127020
221.81987169310719
222.07852966110136
221.86275290665611
221.50971061094930
221.65908870618443
221.46968721418503
221.41027221387125
224.05398620785053
224.20010902774740
224.00822679820050
223.95279420234743
224.26111253044741
224.30628340137756
224.37263515258948
224.11506382773405
223.77176628440458
223.87257280869457
223.64738545684486
223.81765684980343
224.15291195702682
224.00689424024861
224.21445431579116
224.25366666297242
224.68048464110674
224.73931840986242
224.78765115946678
224.51483513707507
224.47060209479670
224.41013140316565
224.37110793128969
224.63688237965238
225.01758964135192
224.91372166145129
225.19829014692280
224.96091069738918
224.57206394480664
224.73670145763779
224.52791439292494
224.46233937674219
226.98671788407677
227.14364849757635
226.93763033486232
226.87819936231193
227.20925109149880
227.25786254412179
227.32932441379330
227.05227861605394
226.68434223133650
226.79225204870758
226.55131801734990
226.73345453889445
227.09292929103100
226.93620123781611
227.15907048591106
227.20124098962469
227.66182682103445
227.72556038685588
227.77796590921395
227.48271246769599
227.43496369343495
227.36973892796297
227.32767880371287
227.61463359047863
228.02788581994332
227.91486608182993
228.22501519063732
227.96618690719899
227.54453907325103
227.72272414683374
227.49683759145233
227.42604784799036
229.77247519481827
229.94203359447394
229.71957152518942
229.65560581867848
230.01310758770887
230.06584621512224
230.14348743360532
229.84323224332772
229.44760746987569
229.56326615548781
229.30545342588906
229.50020829313240
229.88716197986355
229.71803228541509
229.95873163220506
230.00442336362414
230.50647293501297
230.57636930752471
230.63391782169376
230.31058635326710
230.25850441066217
230.18745545635929
230.14169802971182
230.45478179473122
230.90928472846167
230.78457077130378
231.12752841399436
230.84116404444140
230.37811039841432
230.57325666303365
230.32600452944041
230.24878595334656
232.39080001414200
232.57729052046764
232.33276608570631
232.26269669817214
232.65567847681046
232.71392485746208
232.79979734070093
232.46853308777057
232.03562208765325
232.16174085358793
231.88113112462386
232.09293376381683
232.51685890785299
232.33107868785976
232.59569557847450
232.64609386666697
233.20312323451748
233.28112310220772
233.34542125704002
232.98509489246985
232.92727114536279
232.84849059359081
232.79781660187945
233.14550695193080
233.65401985002231
233.51406740668494
233.89964332903131
233.57753789972429
233.06015503204947
233.27764737570749
233.00222474855681
232.91648818297901
234.83347821462505
235.04195834202068
234.76875165614263
234.69070002295720
235.12980161532337
235.19515236779625
235.29161804700422
234.92028877549834
234.43852525213813
234.57843724762836
234.26766122210881
234.50205840279619
234.97432197123413
234.76687075901677
235.06257241490536
235.11905433064749
235.74648832014415
235.83477617791152
235.90762833325581
235.50024072987893
235.43507128325129
235.34637988532072
235.28939138890883
235.68133656398103
236.25815702422648
236.09901411247705
236.53811864061976
236.17115277382024
235.58492412931869
235.83083992249195
235.51955808530204
235.42292512198372
237.09344118258898
237.32953257221689
237.02028218950088
236.93215438976583
237.42920672371645
237.50343131968069
237.61310507605708
237.19166698138758
236.64814965260570
236.80558156608140
236.45638946284419
236.71959418150945
237.25286492380775
237.01815728003706
237.35291280532613
237.41700593556152
238.13187958643269
238.23285696649430
238.31624473142145
237.85071721593903
237.77643154413730
237.67542126320311
237.61057210560952
238.05742030948170
238.71823102216936
238.53557416371467
239.04012243913860
238.61834136079358
237.94732566616867
238.22835311073052
237.87274703887624
237.76259229456747
239.16450364402669
239.43437329803172
239.08099975893305
238.98049162466387
239.54847865608281
239.63351181178010
239.75924933775551
239.27671153030082
238.65723299906091
238.83629938070695
238.43957098000067
238.73845577034407
239.34667274406453
239.07857528374620
239.46112985340005
239.53450619854502
240.35537222095454
240.47164110110776
240.56770899535294
240.03202316809325
239.94669399635001
239.83074067525121
239.75634414549197
240.26968334841615
241.03143243935787
240.82060327261428
241.40340777402349
240.91611252965237
240.14305952429996
240.46645370715410
240.05733655354373
239.93080236157104
241.04170035552875
241.35202628969284
240.94577590568727
240.83038362040492
241.48337169506709
241.58130060221725
241.72617850811795
241.17067270421950
240.45978139911210
240.66497006343471
240.21074329854690
240.55281995686408
241.25112789286726
240.94299153654362
241.38281862568351
241.46728411013308
242.41406801153545
242.54840639043925
242.65944096619731
242.04074695130276
241.94230561604979
241.80858899308487
241.72283014132816
242.31509484220069
243.19582378948215
242.95188053587125
243.62650201406484
243.06237557191568
242.16889435533162
242.54241176353412
242.06995646253463
241.92397569354080
242.72163157058580
243.07955070629214
242.61106246709221
242.47809952685276
243.23112956604172
243.34417532698217
243.51146258404142
242.87034540127763
242.05144627499521
242.28759292058427
241.76511583143773
242.15849771814672
242.96314385977078
242.60785352105179
243.11508206281960
243.21256109566389
244.30635856016346
244.46168757822619
244.59008951879264
243.87485289327969
243.76111073678496
243.60664259396623
243.50759572128680
244.19193736321841
245.21055296473364
244.92833754469530
245.70889252442836
245.05616223361233
244.02294608540274
244.45475575449419
243.90860610550189
243.73993393957213
244.20280565323074
244.61584163263356
244.07524031816624
243.92186180673329
244.79079938082060
244.92129200730804
245.11441183033193
244.37440344869611
243.42990340868303
243.70215361124480
243.09996385555885
243.55330757404190
244.48149426555042
244.07153835497371
244.65685150626570
244.76936601406553
246.03217750699821
246.21151962884193
246.35976846908957
245.53395836169435
245.40263466997098
245.22429585275805
245.10994767736946
245.90006570882025
247.07605373873380
246.75027492902609
247.65119919894170
246.89783597874555
245.70494646460409
246.20351626172396
245.57292946273913
245.37818486514999
245.48596545350532
245.96193400423698
245.33895268568475
245.16218788572257
246.16352608242488
246.31387244323372
246.53635377718933
245.68371664432826
244.59522119492502
244.90897771167306
244.21501439139192
244.73743719503659
245.80712408228854
245.33468630646908
246.00918839883553
246.13883076252236
247.59322907141276
247.79965703878281
247.97026832744029
247.01958838603906
246.86834529535679
246.66293224871245
246.53121120261281
247.44114229803299
248.79422202114597
248.41955453678315
249.45532359823585
248.58927690765896
247.21648867064300
247.79044569537555
247.06446771595776
246.84018524381099
246.57438328736839
247.12127289002066
246.40540786695985
246.20220223527730
247.35281245565932
247.52545664460706
247.78087457097055
246.80163540509201
245.55020310219223
245.91105630913523
245.11280922061391
245.71377820341550
246.94342788392268
246.40050373821094
247.17555214874236
247.32445153882688
248.99317928954588
249.22975582697654
249.42523079090296
248.33539354896828
248.16187820096056
247.92615948839813
247.77497149606501
248.81883534147667
250.36855608419552
249.93975483214891
251.12456415539117
250.13403019604885
248.56123589820098
249.21920069295598
248.38687500582725
248.12956735636439
247.47410754997131
248.09993360589965
247.28063427348025
247.04790169642521
248.36472840471748
248.56210418516466
248.85400885822497
247.73422621916225
246.30068693851422
246.71432631043012
245.79902763261637
246.48821679566703
247.89647844107861
247.27501839732318
248.16201768178274
248.33229943349843
250.23779583238581
250.50750447110676
250.73027256887127
249.48731604797129
249.28921003634878
249.01999300314915
248.84726390844773
250.03896539565804
251.80424904782336
251.31627700900000
252.66368719693995
251.53740590495502
249.74507815783502
250.49547344550854
249.54608235934438
249.25231371852848
248.19414222463990
248.90677382581745
247.97366880685769
247.70835476237320
249.20805207967896
249.43252738235739
249.76436159611251
248.49043952595466
246.85578084960093
247.32788580257034
246.28274843081968
247.06986029061355
248.67518752021198
247.96726805143643
248.97742494394211
249.17116288171715
251.33502232206584
251.64069022665012
251.89304541147908
250.48368844090680
250.25876423487546
249.95297150083050
249.75669601007843
251.10958584092629
253.10822260580747
252.55638983892240
254.07894444603073
252.80651861742876
250.77622227236313
251.62705836450624
250.55039440789153
250.21686412664150
248.74653910101745
249.55349898999324
248.49665793700939
248.19581366855289
249.89432479909894
250.14813873791977
250.52314495176884
249.08219044644727
247.22801333356077
247.76412259348979
246.57662754822786
247.47117726257679
249.29137969607694
248.48940182804779
249.63344180518149
249.85260384252024
252.29497378209177
252.63918813196207
252.92322019020892
251.33524982991290
251.08143336052373
250.73618815055841
250.51448472674051
252.04098342302251
254.28909237917253
253.66920250999016
255.37802926869597
253.95025667539252
251.66520047382883
252.62384136315114
251.41050379846561
251.03413918420691
249.14638186033378
250.05462230307870
248.86484998228465
248.52571700176890
250.43780196083563
250.72299549800914
251.14411412719960
249.52433240916369
247.43337250605134
248.03873252614264
246.69696491544161
247.70802710533212
249.75975977663308
248.85667273782266
250.14452186839196
250.39090978752211
253.12984147559203
253.51486175772735
253.83238473620358
252.05506539461206
251.77050334950454
251.38322178753447
251.13439235762041
252.84558650583486
255.35705747864478
254.66555678393317
256.56996621854211
254.97917292402462
252.42478433274132
253.49770077499554
252.13940939746391
251.71746545921010
249.41164196575338
250.42730201745786
249.09645765833761
248.71656083853682
250.85528376851283
251.17362598854541
251.64338796338617
249.83450476821551
247.49120919545993
248.17060404916259
246.66363285770811
247.79955447003420
250.09775565080363
249.08730042324677
250.52774014624819
250.80292518916031
253.85369815009398
254.28136761380378
254.63384805801479
252.65833760478486
252.34146722129302
251.90995465764112
251.63254730169126
253.53777136952988
256.32370991242755
255.55783282267507
257.66493142507539
255.90529191483122
253.06979330492322
254.26231178385495
252.75222683777920
252.28238970419159
249.56288921287688
250.69104208908038
249.21237270650582
248.78961894154335
251.16581315607456
251.51872604359059
252.03914397619880
250.03283863999374
247.42398011787830
248.18154769107377
246.49983928951951
247.76792592162201
250.32522162128075
249.20218591278044
250.80249300103767
251.10774973476290
254.48219882671555
254.95385925091739
255.34234767638443
253.16210145266626
252.81171978994581
252.33426708678840
252.02713911496556
254.13356099264462
257.20176340359961
256.35966707707900
258.67400499842165
256.74183251439422
253.61679124532648
254.93285036354987
253.26588398383083
252.74637351599699
249.62284544867831
250.86724813564427
249.23571997666886
248.76849798008061
251.39023417291929
251.77871973741418
252.35118336577710
250.14151093476531
247.25681225149373
248.09585429944326
246.23170332012594
247.63789119391029
250.46399308141730
249.22446572207238
250.99005459594989
251.32629636943972
255.03217782650435
255.54859253346388
255.97366214636878
253.58480184087682
253.20013074333971
252.67560533548604
252.33798341048342
254.65021638772063
258.00470589544744
257.08558564555960
259.60886074855176
257.50284974788428
254.08366996592684
255.52559817029004
253.69869967093041
253.12836565539811
249.61577866334838
250.97863909090449
249.19124707663497
248.67852250510219
251.55061241688736
251.97518683801047
252.60036955434575
250.18414517678096
247.01687820754535
247.93967466705089
245.88762933196503
247.43616015001169
250.53729195039898
249.17890138181261
251.11299053965382
251.48071061381219
255.52114957491602
256.08244014737153
256.54413720436594
253.94575878527087
253.52650114368609
252.95442679257556
252.58596013093907
255.10572759507755
258.74638528866581
257.75056228158991
260.48140289452044
258.20280524915904
254.48912621596352
256.05745642998795
254.06985154903515
253.44825696189022
249.56674623577464
251.04852576433225
249.10455748649636
248.54595643003483
251.66952956549477
252.13016959107611
252.80795358461725
250.18506898038635
246.73258500256549
247.74022548322185
245.49747842433888
247.19059904122230
250.56899335581383
249.09111226409684
251.19444014023435
251.59366310967533
255.96672843572981
256.57233071020846
257.07014094680443
254.26453493602841
253.81091754245060
253.19153619854077
252.79233851074002
255.51821945065922
259.44054336834193
258.36951633576155
261.30336371109956
258.85608147862649
254.85204691882828
256.54538418413051
254.39874761678959
253.72623199350213
249.50070981329412
251.09997987910509
249.00120913841832
248.39708234396437
251.76927584551117
252.26538280455739
252.99481043963056
250.16845119939882
246.43259462455882
247.52484177784206
245.09155292019690
246.92926530968234
250.58277685518081
248.98667369276188
251.25729091394524
251.68753920678969
256.38599066671560
257.03463516423318
257.56747033641432
254.56022929694981
254.07302769821808
253.40733695979475
252.97801278756251
255.90529548269879
260.10031788584394
258.95677174490061
262.08587977988526
259.47646031784359
255.19082633916099
257.00578359456466
254.70432528507885
253.98204139534556
249.44155875249209
251.15492974407169
248.90571549639625
248.25717572952010
251.87097609909446
252.40136246344082
253.18062079802266
250.15735543037644
246.14471281890187
247.31991279489876
244.69942916653628
246.67931764200389
250.60119866868334
248.89011737434330
251.32328139617545
251.78356131484753
256.79480859491059
257.48452954666379
258.05073727748794
254.85072981657683
254.33127118477373
253.62103162115906
253.16268319497004
256.28335075133026
260.73773671838114
259.52550298617308
262.83906719880218
260.07659105963523
255.52264701042463
257.45386144695374
255.00431045572731
254.23422839487804
249.41109234751656
251.23322979437242
248.84050019738265
248.14942608335042
251.99369530725957
252.55659767880752
253.38304142366337
250.17275890217655
245.89470048972194
247.14975448894890
244.34869398284002
246.46585516624728
250.64473317366824
248.82388523455893
251.41207917213086
251.90089005250007
257.20719222139695
257.93536776808031
258.53276659154227
255.15196444348024
254.60210562386820
253.84981376414959
253.36402547260880
256.66689000622438
261.36323031243785
260.08719694909780
263.57161732446383
260.66747549304677
255.86276251680198
257.90300055415111
255.31447586710499
254.49935036988637
249.42802107767474
251.35175896020132
248.82486709494995
248.09386869294130
252.15357629153991
252.74669702802666
253.61691280015131
250.23259480044081
245.70507733504235
247.03548507844980
244.06365794610068
246.31075398923946
250.73084034061574
248.80729854796303
251.54038856156205
252.05575718819961
257.63467573520427
258.39809983439108
259.02403967752724
255.47719404607656
254.89927355524642
254.10809856124320
253.59689756075315
257.06789017874439
261.98518874771281
260.65116033687099
264.29043408049790
261.25799818742081
256.22382346072305
258.36417658507753
255.64794163231215
254.79124080397014
249.50705181567116
251.52360558374212
248.87405294834463
248.10639711778305
252.36306437416397
252.98364192396741
253.89355355926543
250.35087992303281
245.59399696965190
246.99397778325522
243.86413102098430
246.23157799700027
250.87311913793076
248.85560967086181
251.72114498177211
252.26068550922903
258.08578522106865
258.88076948529977
259.53221598777480
255.83639038691641
255.23315507162147
254.40683982255746
253.87263309856829
257.49524525521667
262.60958752107501
261.22410017354150
265.00033148101375
261.85452794139263
256.61528735618293
258.84545439324410
256.01456059422679
255.12035712332846
249.65811997455023
251.75739343064922
248.99842850317140
248.19792555203148
252.63027021401763
253.27517583991312
254.22018713479281
250.53698704316452
245.57427446141483
247.03696503177744
243.76434994666829
246.24064179229805
251.08060410573819
248.97920220522107
251.96284974210866
252.52384723636357
258.56561906631003
259.38812043257144
260.06175967527173
256.23573777672158
255.61024689209654
254.75297710927029
254.19846723409697
257.95432682692268
263.23970166868281
261.80980033764109
265.70380596419551
262.46061177840346
257.04294851534695
259.35159312923014
256.42042652896509
255.49325547786148
249.88582260921305
252.05679422149851
249.20290487039748
248.37376160738987
252.95851294033307
253.62436917067365
254.59953714109594
250.79511228758176
245.65263968143449
247.17036018683925
243.77214050186629
246.34429576421832
251.35725319323481
249.18299658589086
252.26908990377478
252.84860350055854
259.07556466456253
259.92133273532329
260.61369134688232
256.67728848849208
256.03279986364748
255.14904764059403
254.57713131876557
258.44668552160687
263.87592157789499
262.40891024207542
266.40089281112677
263.07677631045345
257.50861565205895
259.88378176340422
256.86753472828480
255.91222482148555
250.18909146567265
252.42025808919863
249.48658681229932
248.63323445396875
253.34607214897034
254.02938630794756
255.02961530911978
251.12397321310434
245.82927356993278
247.39384686857954
243.88838132288274
246.54248711468318
251.70166059271094
249.46610277771379
252.63827392617472
253.23325378346607
259.61316493596240
260.47790126471125
261.18547567335395
257.15879053190588
256.49863502735116
255.59298536335680
255.00664038004837
258.96990807503926
264.51567648564543
263.01885361774998
267.08910988361379
263.70044350056213
258.00995393039943
260.43951703849609
257.35361312196267
256.37510072426733
250.56112593970855
252.84097634803086
249.84269487618099
248.96960281819599
253.78616112815345
254.48346590971181
255.50371107880662
251.51675507928095
246.09766150538192
247.70076440492099
244.10681142887941
246.82862836942803
252.10701063866023
249.82174208275109
253.06359699521684
253.67100792592751
260.17213714158208
261.05165780578369
261.77104570818659
257.67369343049887
257.00114488799471
256.07811529853041
255.48028251253049
259.51763327217384
265.15346394589113
263.63385670304189
267.76348566162488
264.32595963599260
258.54049591031668
261.01262543917750
257.87212930099400
256.87526574874460
250.98958542778050
253.30707310009120
250.25875696767187
249.37024490266776
254.26711684047476
254.97510923041639
256.01057685856080
251.96130346074941
246.44477176513058
248.07829387762990
244.41419465075529
247.18977968632231
252.56127016160352
250.23743868314335
253.53323231284025
254.15017634640145
260.74253547858211
261.63292801823121
262.36095496127257
258.21132458026165
257.52947285690055
256.59333674710604
255.98680421627847
260.07971847953769
265.78097590553892
264.24508658236630
268.41666228953795
264.94472819353649
259.08981352855085
261.59342041093959
258.41246591324636
257.40182943853182
251.45702060440078
253.80200493903808
250.71704908749086
249.81711025870240
254.77278593345446
255.48845583390801
256.53478840177007
252.44054256153603
246.85154080579019
248.50792540533607
244.79082461246406
247.60712614700140
253.04759859485355
250.69546064985508
254.03072760456703
254.65455773661299
261.31103812873113
262.20880424317136
262.94263848535610
258.75721609712963
258.06885060974071
257.12347490368660
256.51077112889715
260.64253722114205
266.38730404102063
264.84088167932771
269.03905744243480
265.54542889351029
259.64383126320359
262.16897580104200
258.96024439159430
257.93996763220269
251.94150337693182
254.30513043963674
251.19524439467796
250.28739208082678
255.28306929014525
256.00380981112903
257.05724431734774
252.93307978341514
247.29362177666837
248.96616417531422
245.21132554422522
248.05670692847235
253.54493688978496
251.17346956336704
254.53556872674412
255.16398664529970
261.86132679283054
262.76350291555229
263.50075232022408
259.29354806220607
258.60105868500699
257.64976539796737
257.03306814769257
261.18937528185143
266.95919632701515
265.40704522253634
269.61905885956116
266.11429429139901
260.18524713612300
262.72348424911274
259.49776309467973
258.47138631857257
252.41738947416178
254.79238668423505
251.66720347438726
250.75435146705013
255.77456367706094
256.49825600017931
257.55574555154175
253.41393190988899
247.74232326114077
249.42540478587762
245.64567266263973
248.51032452783917
254.02871145187231
251.64531159269603
255.02384793548782
255.65497935013971
262.37450513033644
263.27875395502275
264.01753942537329
259.79965170769827
259.10495304839333
258.15041333659315
257.53147974890896
261.70087102825033
267.48131628041801
265.92715168862628
270.14320528581140
266.63539457655219
260.69400612257220
263.23864785856068
260.00449364098415
258.97485260350862
252.85609350578792
255.23695629525332
252.10378444462819
251.18817077858844
256.22118538570948
256.94625213001575
258.00554222111532
253.85525429886823
248.16561013112974
249.85484877397403
246.06030007733330
248.93650730729794
254.47153542720523
252.08182863161596
255.46892062656917
256.10136274262049
262.82944961165191
263.73411671060728
264.47311753276892
260.25246287612390
259.55694706137677
258.60111502630866
257.98123785117161
262.15539264382829
267.93640416008600
266.38276380688660
270.59625591371531
267.09082894093694
261.14771742753732
263.69399567724912
260.45752602923926
259.42668205716052
253.22659010772662
255.60964155534768
252.47338559703033
251.55654768346110
256.59449370633996
257.31991566601982
258.37956797199485
254.22678793268739
248.52887448046988
250.22117530895574
246.41900169026096
249.30123424312967
254.84362295690809
252.45140216041611
255.84176742233194
256.47460391033417
263.20281974515336
264.10695078849085
264.84541839127519
260.62664899210796
259.93117112807914
258.97526335042483
258.35525736487801
262.52907824307658
268.30507527972372
266.75329266159935
270.96088825859516
267.46055723390117
261.52174013410314
264.06685625538626
260.83168607209393
259.80090453661722
253.49461930878243
255.87792648563277
252.74119823660800
251.82400723220712
256.86269678635460
257.58798935499340
258.64734828605015
254.49500337849429
248.79445494711604
250.48794244394824
246.68260590669109
249.56739964924986
255.11189618451712
252.71920748728661
256.11004284344546
256.74282274715353
263.46772985498211
264.37104775365754
265.10878771145889
260.89340234625593
260.19830066696539
259.24282474832762
258.62304579038482
262.79453837498096
268.56428271106097
267.01451961537310
271.21606824929034
267.72089442511782
261.78793303091601
264.33099109643371
261.09831860792934
260.06809874516824
253.61188587761660
255.99508401276861
252.85844184629249
251.94118503686983
256.97972991369568
257.70490162022463
258.76403985407666
254.61225756493445
248.91111373338899
250.60494903340765
246.79862084475394
249.68423551455015
255.22911858750496
252.83645000716956
256.22717518837698
256.85987346869683
263.58276766268460
264.48565920385147
265.22302407661249
261.00945466489162
260.31457551086004
259.35936941012380
258.73974300575719
262.90987024886874
268.67644350557714
267.12767595761125
271.32628386279248
267.83360999154667
261.90366668330955
264.44562222188642
261.21430112975844
260.18441281946730
# pressure_fl
# rank
2
# size
32
90
# lbound
1
1
# entries
0.62876496830479978
0.63356488627386298
0.62725658841149134
0.62542603216597525
0.63556111386441938
0.63703631000780647
0.63919866363434574
0.63077439954491377
0.61942294036910517
0.62277049159697861
0.61527650747196472
0.62094831324348476
0.63201734371606955
0.62721262574653458
0.63403471765038077
0.63531770517108155
0.64915861494186711
0.65104818767933492
0.65259709319198378
0.64381430857950350
0.64238128761379698
0.64041821563645251
0.63914895411770201
0.64775532062421570
0.65992311702774198
0.65662262165877883
0.66562972141460575
0.65812391091710443
0.64566465771644399
0.65096423509878609
0.64423756197421178
0.64211332510992092
1.0325413023858150
1.0402811183834217
1.0301088216282170
1.0271566336874618
1.0434996810157497
1.0458780478147398
1.0493640841695928
1.0357816265088398
1.0174741149412121
1.0228736754121537
1.0107851895027029
1.0199345927306005
1.0377858463926206
1.0300379237851469
1.0410386556242541
1.0431072381388875
1.0654180887219586
1.0684632693298866
1.0709593133892763
1.0568044327774830
1.0544945353947610
1.0513300835411632
1.0492839475732225
1.0631564697426936
1.0827635757226732
1.0774458741815833
1.0919567493805789
1.0798647894813218
1.0597868780770838
1.0683279774078662
1.0574866591770249
1.0540625935858199
1.5870286818789470
1.5987289899657986
1.5833511764801349
1.5788877570252249
1.6035940551900820
1.6071889419108354
1.6124578066429882
1.5919272771714501
1.5642471625969525
1.5724119452039151
1.5541316581596729
1.5679677933272957
1.5949570445818058
1.5832439884911673
1.5998740800152178
1.6030008664743536
1.6367182211584719
1.6413192995764629
1.6450904959811139
1.6237022771094207
1.6202115174237999
1.6154291224464077
1.6123366900302978
1.6333009069947104
1.6629231194268468
1.6548901245419039
1.6768088323624346
1.6585442577894238
1.6282092066692821
1.6411148867676557
1.6247332447801712
1.6195587441597910
2.3576068899040350
2.3747134507250447
2.3522297205890892
2.3457031252060192
2.3818258567508677
2.3870811141487791
2.3947831561582174
2.3647691883917843
2.3242928852546005
2.3362333805738560
2.3094981392399299
2.3297342085292039
2.3691988660620553
2.3520729894995962
2.3763875296227073
2.3809586730499928
2.4302417106546321
2.4369655657167550
2.4424764257740481
2.4112189553087999
2.4061167910936549
2.3991264493298221
2.3946061122512496
2.4252475633152444
2.4685324431678373
2.4567956669103794
2.4888182277136712
2.4621347327874670
2.4178061033588367
2.4366668506670459
2.4127258032944399
2.4051626643025039
3.4132018282105703
3.4375877983030874
3.4055359087549868
3.3962309408009088
3.4477259373468070
3.4552165540133144
3.4661942330570792
3.4234122670925040
3.3657034334222158
3.3827291849429533
3.3446059051491908
3.3734622985239344
3.4297268840844235
3.4053124620823971
3.4399741013951979
3.4464898656844207
3.5167258286743448
3.5263065783085668
3.5341586272330874
3.4896181941678397
3.4823469707218719
3.4723844551424801
3.4659418997069742
3.5096094453991609
3.5712802231276450
3.5545598076995693
3.6001766922342942
3.5621660926796626
3.4990053399899215
3.5258809514394214
3.4917655940658241
3.4809871929753848
4.8371545948687293
4.8711978442655379
4.8264520548726964
4.8134607041515807
4.8853497611815300
4.8958055628458315
4.9111281555169901
4.8514090082159083
4.7708351120798724
4.7946089249926365
4.7413731034470974
4.7816693911164307
4.8602242789699908
4.8261400909943122
4.8745289639195741
4.8836243526048060
4.9816502262364892
4.9950193698931180
5.0059758334142312
4.9438206907583524
4.9336726996154550
4.9197681055380675
4.9107759582962620
4.9717195354551720
5.0577688462931674
5.0344411310185535
5.0980801475462307
5.0450533542534721
4.9569212561277078
4.9944254548043157
4.9468176193809441
4.9317749064364165
6.7300190318923097
6.7766939773075974
6.7153443115560112
6.6975306451342060
6.7960954959272515
6.8104292957564949
6.8314341205277298
6.7495631229267197
6.6390775864995222
6.6716799061079222
6.5986713444269469
6.6539355234526862
6.7616492247471021
6.7149165569130966
6.7812608397874783
6.7937300986620581
6.9280959425780564
6.9464181706557806
6.9614333034987173
6.8762470679465189
6.8623372947493113
6.8432776758175713
6.8309513255280621
6.9144855882738812
7.0324056416128693
7.0004408658298596
7.0876369338948644
7.0149825285634435
6.8942032768396198
6.9456042338446791
6.8803548527036842
6.8597359565298497
9.2119806176588366
9.2749612997180897
9.1921780229707082
9.1681387764130431
9.3011388167711004
9.3204780117245569
9.3488167002741900
9.2383531418263338
9.0892508047450065
9.1332519805652659
9.0347128354156574
9.1093039596123990
9.2546614036510011
9.1916007860648765
9.2811232410763669
9.2979473605099265
9.4792118697015173
9.5039252545664858
9.5241772573334256
9.4092719226809969
9.3905074597530955
9.3647948907847951
9.3481653509633205
9.4608533389507627
9.6198942477392873
9.5767866329820581
9.6943723236913772
9.5963978359940718
9.4334942638296546
9.5028274205682219
9.4148132715811137
9.3869981597168479
12.425236244558077
12.509010112500333
12.398894132098595
12.366915206843064
12.543827836797808
12.569549286056466
12.607238860998894
12.460316678421556
12.261963857836827
12.320503915030859
12.189399923294086
12.288643473291653
12.482009041967379
12.398126259216220
12.517206001118110
12.539583075202760
12.780639841921422
12.813500203683436
12.840427558915708
12.687637086651135
12.662683368362027
12.628488652045435
12.606372604644607
12.756228489499135
12.967683433334729
12.910374002772953
13.066689871841882
12.936446568859592
12.719847875181509
12.812040484812350
12.695006056273577
12.658016486160285
16.536387486061297
16.646379977934924
16.501799050713092
16.459807885782439
16.692091652775414
16.725859866810186
16.775338668481645
16.582448218302815
16.321987171258503
16.398863144030059
16.226687903822935
16.357023986440471
16.610929494436107
16.500790782606096
16.657140392572508
16.686518859525002
17.002953620460325
17.046083109264085
17.081424371440253
16.880878667710231
16.848122498950108
16.803234476388070
16.774201471151930
16.970912559957068
17.248430059720196
17.173222116610432
17.378347048744818
17.207438053427687
16.923159744795580
17.044167248086136
16.890551577994668
16.841996294386735
21.738855609645981
21.881565947444280
21.693976144768413
21.639489805397734
21.940871232632791
21.984680003995226
22.048868659562519
21.798618828968138
21.460645645021696
21.560406754766092
21.336968433772327
21.506113284914068
21.835571857999650
21.692667870499488
21.895526452214902
21.933641329443372
22.344121451468762
22.400061521616827
22.445898705546899
22.185777174339290
22.143286421989757
22.085056709798486
22.047393405243959
22.302562183371816
22.662486629131863
22.564953580476242
22.830956008650073
22.609327026107451
22.240621913735211
22.397576638342386
22.198324508733471
22.135339494609454
28.255321683434389
28.438470635177968
28.197722079015971
28.127790778806322
28.514576464012624
28.570794173872606
28.653161953301364
28.332021277101784
27.898235449344391
28.026286638976547
27.739475971252126
27.956597622236231
28.379445187850052
28.196042980147141
28.456386225528963
28.505298542100284
29.031996973574564
29.103766059136682
29.162571881581364
28.828835121131135
28.774314837487832
28.699597676212687
28.651268919195356
28.978676521218286
29.440418964456804
29.315303938897483
29.656515451694105
29.372226840260609
28.899205042073667
29.100578090147440
28.844934480486646
28.764117918910998
36.340201068428009
36.572891842160502
36.267017183468838
36.178162800136889
36.669579241213164
36.740998203396202
36.845635294458503
36.437650017769386
35.886472971222361
36.049187591465824
35.684725389005692
35.960634836176183
36.497901887203739
36.264883758008573
36.595652676500862
36.657792416608750
37.326849538319046
37.418005906238129
37.492695272223088
37.068792710168999
36.999537332163371
36.904624059741408
36.843230490195516
37.259123739306141
37.845566036456411
37.686672452067761
38.119986105492941
37.758964359581718
37.158179157978942
37.413956812562823
37.089242925767685
36.986584344680637
46.282172158900281
46.575066120182619
46.190049539359748
46.078198484381566
46.696763199528505
46.786653566563274
46.918350040105352
46.404836138217490
45.710994757497588
45.915837564105900
45.456999158310524
45.804358989066515
46.480676489895224
46.187363990081337
46.603714703491725
46.681927715828394
47.523956062487706
47.638666530756147
47.732652829784392
47.199203111212270
47.112044220016315
46.992591666237914
46.915323393116253
47.438728506336410
48.176665268296517
47.976737133256108
48.521933803456264
48.067699664549302
47.311694672952910
47.633571245901344
47.224939669392128
47.095742505201855
58.406792623049022
58.772302189496017
58.291825829330868
58.152235380548127
58.924164287283332
59.036333247458217
59.200665784429070
58.559870785113013
57.693940427330084
57.949602505190306
57.376915512535803
57.810468712804827
58.654513536079932
58.288474295035805
58.808052240213790
58.905651745706493
59.956290498748018
60.099405972710876
60.216662968055637
59.551102678853624
59.442351604476606
59.293303428911052
59.196889146801936
59.849956404671808
60.770580922635084
60.521171184407869
61.201278576559503
60.634647922251965
59.691459260014604
60.093049047447487
59.583214668820560
59.422011188216835
73.079251947068300
73.531753830847194
72.936917498933667
72.764094394914565
73.719752137143630
73.858609384018791
74.062037206440195
73.268766220108532
72.196665777236319
72.513213571814433
71.804124116864642
72.340946738701916
73.385933897639703
72.932768099775728
73.576011142555799
73.696834692145472
74.997363226474448
75.174502333901629
75.319632697116646
74.495827485131898
74.361211793804443
74.176711452089023
74.057362150061508
74.865747312291205
76.005189747010647
75.696514429160544
76.538204935235015
75.836957280836842
74.669562292495073
75.166634221041321
74.535576354505537
74.336033508023789
90.707326542338322
91.263399507295233
90.532408177179065
90.320017894151277
91.494419907627559
91.665050670997744
91.915022570650720
90.940221179726805
89.622650413679381
90.011691737929951
89.140192730539624
89.799975260226645
91.084206487191679
90.527308836079314
91.317785214417611
91.466258215617231
93.064280884947522
93.281923389656029
93.460235260148096
92.448045564740880
92.282638166179325
92.055931778308960
91.909277927037422
92.902567982153130
94.302496683001351
93.923271846228843
94.957307366588495
94.095815210819168
92.661516629463435
93.272256294102974
92.496886056275756
92.251700391361283
111.74462299793876
112.42331550121364
111.53112756144738
111.27189223700154
112.70526988233381
112.91351718134767
113.21859208580339
112.02887662476112
110.42068317046557
110.89555388587563
109.83176709409962
110.63713076400184
112.20461174753896
111.52490355265448
112.48969227604141
112.67089952976210
114.62111738353589
114.88670954006913
115.10430288594631
113.86909424702863
113.66723349512006
113.39056039219376
113.21158117447088
114.42377419566385
116.13207413580889
115.66933184983755
116.93106601968915
115.87987632621792
114.12960759217478
114.87491273796628
113.92869799742935
113.62947721979832
136.69421639233474
137.51735092935303
136.43527822681932
136.12086064487616
137.85930379463522
138.11186202161548
138.48184619498130
137.03896939873499
135.08842942637875
135.66440549626529
134.37410692421318
135.35096289944056
137.25210481642844
136.42772938945433
137.59785277996005
137.81761985789518
140.18270921168897
140.50478380578957
140.76864884033586
139.27073405725284
139.02593277945417
138.69040090608632
138.47334366905420
139.94339518144471
142.01494125965880
141.45381974674461
142.98377081648704
141.70912758124112
139.58666118088018
140.49047831068560
139.34301646857080
138.98014459097541
166.11281425494974
167.10533697271646
165.80058540392096
165.42145579341380
167.51765094370131
167.82217342713494
168.26827819602562
166.52851511587158
164.17650754426421
164.87104836047291
163.31512375396471
164.49308515581038
166.78551013932994
165.79148294242950
167.20240348276167
167.46739024428712
170.31901312725310
170.70732764982955
171.02545813534678
169.21945528583538
168.92429614784382
168.51973877459389
168.25802641554262
170.03047785686255
172.52802536301812
171.85152723422684
173.69603824691924
172.15933227017081
169.60036831478394
170.69008007252708
169.30660643627209
168.86908866993380
200.61560334112986
201.80598959569716
200.24112622818731
199.78640782798976
202.30049425816387
202.66571810651237
203.20074296148499
201.11417832417044
198.29322752496060
199.12625786173467
197.26007192173344
198.67293110123060
201.42240612263259
200.23020900238828
201.92240565446670
202.24021476887981
205.66019244809758
206.12588970225116
206.50741467284939
204.34150105253892
203.98751502460647
203.50232434974691
203.18844778275474
205.31415648601850
208.30937653943056
207.49808754112613
209.71009456896718
207.86722311574152
204.79832975046168
206.10520511310514
204.44602160279325
203.92130419769549
240.88196663838463
242.30269573724669
240.43502507612240
239.89231344745892
242.89288536218984
243.32877768436578
243.96732477426883
241.47701843304839
238.11017435343521
239.10441406476326
236.87707301493745
238.56335946300982
241.84488898111820
240.42199526018456
242.44163806031028
242.82094208932116
246.90263038671958
247.45842686510028
247.91376515272353
245.32880238543902
244.90632629759531
244.32725845285626
243.95265061676156
246.48964542502506
250.06433991272183
249.09609876698704
251.73603299317563
249.53664783408186
245.87401820699606
247.43374042137077
245.45354566715912
244.82730475235010
287.66229298953408
289.35040849348115
287.13123639436645
286.48638627603685
290.05167547377022
290.56960604318544
291.32833350738224
288.36933510016246
284.36885239252217
285.55020511963318
282.90368747669612
284.90732538312488
288.80644028612517
287.11575435552345
289.51550054237725
289.96619198012166
294.81610629482878
295.47651493583191
296.01755792866777
292.94605760657612
292.44406582649901
291.75601049871511
291.31089752676866
294.32538987991580
298.57292865599214
297.42243632977187
300.55929192668719
297.94590910824382
293.59389122411721
295.44718198013584
293.09427936151906
292.35017142294782
341.78614267010141
343.78391847754654
341.15767715617289
340.39454920256077
344.61383093108111
345.22677755356455
346.12470089179266
342.62287802195425
337.88864676361817
339.28666155623495
336.15478607015228
338.52587498783151
343.14016415591129
341.13935536897981
343.97929576534614
344.51266546817112
350.25241472960039
351.03401022623393
351.67433957552691
348.03923153602358
347.44513563033689
346.63084190878857
346.10406604732901
349.67165342965092
354.69868668092624
353.33704064641546
357.04964800308272
353.95658635368346
348.80593178391803
350.99929449248674
348.21464912152345
347.33401401596075
404.17208066121924
406.52781784215284
403.43101920456303
402.53117715353056
407.50645181799433
408.22924613604749
409.28809898094232
405.15873485004613
399.57640434485762
401.22482734588976
397.53201983899470
400.32776737848525
405.76870903938078
403.40941497336695
406.75820607842826
407.38715679317431
414.15575953650074
415.07749630633009
415.83264488842497
411.54580127400442
410.84521006547658
409.88495814695216
409.26376573552454
413.47087307675059
419.39938430320990
417.79351992207484
422.17207318283852
418.52418070916332
412.44994533155142
415.03655578347355
411.75266457885107
410.71416983524665
475.83954677880246
478.60853198360093
474.96850881368545
473.91085541902112
479.75887116054565
480.60849444544772
481.85316277882089
476.99926883976826
470.43799230796958
472.37542965427332
468.03524156506410
471.32108378539533
477.71624721711146
474.94311552275309
478.87934108877687
479.61864436518459
487.57531739103831
488.65891271018302
489.54667912010382
484.50713627880032
483.68356692081665
482.55477285906858
481.82455910838348
486.77017449531780
493.73995508672687
491.85197200099714
496.99987153924826
492.71098913570074
485.57000323288793
488.61078260741800
484.75031312361972
483.52952562780172
557.92319969973914
561.16886319257185
556.90224825406574
555.66258559019582
562.51728198599551
563.51322271396123
564.97226987087822
559.28254628704053
551.59225738489533
553.86297540748808
548.77629585611737
552.62724931815228
560.12295394762270
556.87248479919435
561.48630092276915
562.35290764116712
571.68043904728449
572.95083681097356
573.99166609845634
568.08347268048794
567.11800115823269
565.79473882516709
564.93873918371276
570.73651353389425
578.90815912963399
576.69450528494315
582.73059016662557
577.70169001640602
569.32949547509656
572.89440893647975
568.36855213129786
566.93742001052192
651.69025118228342
655.48557141241338
650.49645289312434
649.04694929579750
657.06242111942140
658.22710888335996
659.93341274312502
653.27977374987188
644.28788518168597
646.94278003204136
640.99566975933476
645.49796937797396
654.26250855155160
650.46165086809174
655.85678120858756
656.87019834176158
667.77904290681624
669.26497711660761
670.48242346840493
663.57202623638204
662.44286298723875
660.89528370514074
659.89419921625620
666.67499589495969
676.23354832827272
673.64402778860688
680.70529103538297
674.82221226239744
665.02934053679917
669.19897481980104
663.90544406409094
662.23166755983209
758.56139704055886
762.99060942386677
757.16828703437454
755.47682888335078
764.83093154638607
766.19026520061925
768.18179388846909
760.41635610406286
749.92374549958629
753.02152165872656
746.08258086072249
751.33567002493419
761.56323127086591
757.12767514793143
763.42383815856749
764.60658728580950
777.33985400431175
779.07453550338869
780.49582621377658
772.42888462041356
771.11085766537599
769.30448346519540
768.13602461474215
776.05102481588062
787.21041215241826
784.18697500168901
792.43187605930052
785.56256216437203
774.12999739779627
778.99748313393388
772.81807611596525
770.86434133967191
880.13604969155153
885.29673009159035
878.51297931553381
876.54238103219120
887.44112634973487
889.02511827138596
891.34587656248493
882.29728559971386
870.07340394673690
873.68200980323832
865.59917243743052
871.71812655260351
883.63356939047208
878.46566439832827
885.80153264894898
887.17970919425056
902.01924867728383
904.04120392471384
905.69792833232054
896.29542453153385
894.75934857611287
892.65420966953059
891.29253976679831
900.51703311992196
913.52549451902144
910.00075777091513
919.61327233192526
911.60439345847487
898.27803027126436
903.95138952691286
896.74901105059519
894.47205468555694
1018.2226753301391
1024.2282835174165
1016.3340161069773
1014.0410561615855
1026.7239782639031
1028.5675412132944
1031.2687265989969
1020.7376711457773
1006.5145745761166
1010.7129533365600
1001.3095780254481
1008.4280595879112
1022.2927456812021
1016.2789599335559
1024.8157725983081
1026.4197287494687
1043.6935719309740
1046.0476686798481
1047.9766207466450
1037.0301035890543
1035.2420090164276
1032.7915898794622
1031.2066450261464
1041.9446621537270
1057.0913837145367
1052.9868213526581
1064.1813983356808
1054.8542166599248
1039.3380819043673
1045.9430983706295
1037.5581205425704
1034.9075868303444
1174.8751199371250
1181.8581044444597
1172.6792920769856
1170.0135367070977
1184.7602419501918
1186.9041500254705
1190.0455647770300
1177.7992987645296
1161.2643668057585
1166.1445920206766
1155.2146951190164
1163.4885569837259
1179.6074642873186
1172.6152830814071
1182.5412555771663
1184.4064341878629
1204.4978813776613
1207.2365827229316
1209.4807913602840
1196.7465623574396
1194.6667530995865
1191.8167048253922
1189.9733631837248
1202.4633366041946
1220.0865671750303
1215.3102957317976
1228.3379233597268
1217.4832330789848
1199.4311971855159
1207.1149249078683
1197.3607378252721
1194.2777818556178
1352.4358395287841
1360.5514211284756
1349.8841283878185
1346.7864987437445
1363.9246468163171
1366.4167068921238
1370.0684796500118
1355.8341452286886
1336.6212115888331
1342.2910874348388
1329.5935396001721
1339.2052114121661
1357.9356001661472
1349.8097472074728
1361.3454444184722
1363.5133954423284
1386.8721010693282
1390.0569957192431
1392.6669822138967
1377.8590018375799
1375.4409063103330
1372.1274763288989
1369.9845451680162
1384.5062137797236
1405.0031710394467
1399.4472458491689
1414.6028596383339
1401.9748072837463
1380.9804686066800
1389.9155130168788
1378.5730964018876
1374.9886806094139
1553.5868717551311
1563.0176346162359
1550.6219919038831
1547.0230258110878
1566.9380142290922
1569.8344878919222
1574.0791636112590
1557.5356869466016
1535.2142808168978
1541.8004955738563
1527.0519845886063
1538.2157914246197
1559.9777172089066
1550.5355695774617
1563.9404259247890
1566.4600400853205
1593.6154722797814
1597.3191334820356
1600.3544391191249
1583.1357104819460
1580.3244862720587
1576.4726117350388
1573.9815976268383
1590.8643910061242
1614.7032974599567
1608.2404268114260
1625.8719137780595
1611.1804866862224
1586.7648821471366
1597.1546000236574
1583.9659299091209
1579.7987554952592
1781.4090949734732
1792.3705153046485
1777.9634612254399
1773.7812203245576
1796.9278461904551
1800.2951622844616
1805.2302194464730
1785.9985505814600
1760.0609435648682
1767.7128657859362
1750.5794257755299
1763.5479900907776
1788.8369617175385
1777.8630288613322
1793.4431995982857
1796.3721941224210
1827.9498477579539
1832.2580729628241
1835.7890996052024
1815.7612878741743
1812.4921409420572
1808.0131521138212
1805.1167796404152
1824.7499178735943
1852.4845032567698
1844.9640888180274
1865.4831385392663
1848.3851124923310
1819.9819105656170
1832.0666747517823
1816.7267802446099
1811.8807953585797
2039.4496459508962
2052.1966646692981
2035.4433177910328
2030.5808992799944
2057.4972233687713
2061.4140137550107
2067.1548565537078
2044.7863669500412
2014.6321725841449
2023.5263647657762
2003.6133041672108
2018.6851579903234
2048.0871867453898
2035.3265467274739
2053.4442419465413
2056.8509267575037
2093.5915940243653
2098.6060664320034
2102.7162637112715
2079.4073595714458
2075.6035465102600
2070.3924369928905
2067.0228880062623
2089.8673859070855
2122.1541196424541
2113.3975520780850
2137.2925477386689
2117.3807330161844
2084.3186384036089
2098.3832829365065
2080.5308061395867
2074.8922441886616
2331.7960374774234
2346.6307140864874
2327.1343246395541
2321.4769623948296
2352.8004548607782
2357.3599238872275
2364.0433642800781
2338.0063407353705
2302.9245706512311
2313.2700502203384
2290.1102100702192
2307.6386697998428
2341.8478018469063
2326.9984567354791
2348.0828113711891
2352.0481451302585
2394.8303314240511
2400.6717133919428
2405.4601203121538
2378.3100988169981
2373.8806032304165
2367.8128543393000
2363.8897193052594
2390.4923482618797
2428.1104596515715
2417.9056559179276
2445.7566383092194
2422.5473975343434
2384.0297049928886
2400.4121799387676
2379.6184011891205
2373.0523360515890
2663.1531317873660
2680.4332660577852
2657.7238951154409
2651.1356906688911
2687.6214210125449
2692.9340113939170
2700.7221850409701
2670.3866294236268
2629.5354529101942
2641.5796318449952
2614.6201235558724
2635.0233159921786
2674.8614025957477
2657.5656641562814
2682.1249839620509
2686.7448881988485
2736.6099956410549
2743.4213972432140
2749.0054907592134
2717.3502232985429
2712.1871457982979
2705.1151580659675
2700.5431330544970
2731.5521021757754
2775.4260066307706
2763.5212978395516
2796.0166954186730
2768.9359910642947
2724.0176704598757
2743.1187507589038
2718.8752751266416
2711.2217518787534
3038.9151534037924
3059.0634790325853
3032.5859222601316
3024.9063508153499
3067.4463907007244
3073.6426190871857
3082.7271467488467
3047.3485978091971
2999.7336962064960
3013.7687449645182
2982.3567272790820
3006.1283465110910
3052.5661729854828
3032.4014699906793
3061.0362933220713
3066.4241158502332
3124.6031485097174
3132.5537906169138
3139.0724911813818
3102.1267381928819
3096.1025298375607
3087.8518371573391
3082.5182785374755
3118.6998531928916
3169.9227877876651
3156.0204931062071
3193.9746829982646
3162.3434380952494
3109.9069582473599
3132.2005067968780
3103.9062427647655
3094.9761764788686
3465.2188006565043
3488.7318797480734
3457.8339750176442
3448.8744883495251
3498.5166957192710
3505.7498811263285
3516.3558649506322
3475.0598098026048
3419.5133054300927
3435.8823728248381
3399.2511227734931
3426.9709740531789
3481.1487992106945
3457.6187695771428
3491.0345111614492
3497.3234005392410
3565.2624924689976
3574.5511771881597
3582.1676904760711
3539.0089532591774
3531.9737733414831
3522.3394204154874
3516.1120008456064
3558.3663675999292
3618.2226836787499
3601.9730817025084
3646.3428057358792
3609.3632318743325
3548.0957051663031
3574.1384163924504
3541.0872035256552
3530.6584627489838
3948.9549741060487
3976.4102067615554
3940.3336008263896
3929.8749154684829
3987.8377641760508
3996.2861477015676
4008.6752597180639
3960.4449785275915
3895.6085614166022
3914.7108063676915
3871.9683936952511
3904.3109856628957
3967.5549305861696
3940.0823717891426
3979.0993015547292
3986.4440603018961
4065.8239626454792
4076.6816582029110
4085.5855797546592
4035.1419994256271
4026.9217034906396
4015.6654731540116
4008.3903788460630
4057.7637125364781
4127.7452727893851
4108.7422345268187
4160.6383682132036
4117.3841906346579
4045.7604518454400
4076.1991510141993
4037.5704702881553
4025.3848954168411
4497.7065052870066
4529.7647499620216
4487.6414039033925
4475.4324081731393
4543.1105917192053
4552.9780592869301
4567.4495569764458
4511.1218751813267
4435.4398826049719
4457.7326530730988
4407.8569074335319
4445.5953128893379
4519.4239500287304
4487.3481164405239
4532.9051230122022
4541.4828591475052
4634.2247872155303
4646.9152529307676
4657.3230484062624
4598.3703041228509
4588.7658520168807
4575.6154161135319
4567.1167745023504
4624.8047564942672
4706.6144045900301
4684.3946320762407
4745.0839367616290
4694.4990054324080
4610.7777645820261
4646.3512732965009
4601.2078227340253
4586.9703504503013
5119.5708563410481
5156.9712772501871
5107.8301468194204
5093.5896967747312
5172.5433772452725
5184.0577282547347
5200.9458388711773
5135.2207986463864
5046.9510901029134
5072.9469677677171
5014.7918091050260
5058.7929690558185
5144.9064284065762
5107.4880455756520
5160.6353836874441
5170.6440458883480
5278.8917868132266
5293.7088273529343
5305.8615263658457
5237.0352547922575
5225.8245871871477
5210.4760099541672
5200.5574671731256
5267.8939517255949
5363.4268759846000
5337.4752661269549
5408.3651976393594
5349.2762675985905
5251.5186850025157
5293.0503161522292
5240.3474383490902
5223.7288866395775
5822.8275548855636
5866.3710818369091
5809.1597217544695
5792.5827016297917
5884.5027745041380
5897.9104241036257
5917.5764671403122
5841.0472678675533
5738.2984173441100
5768.5546214074484
5700.8733549672424
5752.0805897489499
5852.3238655329633
5808.7614774912172
5870.6373631077222
5882.2911923731463
6008.3590427315257
6025.6189710889612
6039.7759113677575
5959.6062554609125
5946.5497190289871
5928.6747931079026
5917.1241984031167
5995.5485413134911
6106.8424099067452
6076.6060092734779
6159.2058756629895
6090.3551414829080
5976.4751786048246
6024.8518732062612
5963.4638975189091
5944.1090124368338
6615.4319322596102
6665.9511342232754
6599.5751381087521
6580.3436641010421
6686.9883666432943
6702.5448428307318
6725.3631744485356
6636.5700839434294
6517.3703970294318
6552.4688657814895
6473.9582668576304
6533.3580788121099
6649.6532328023486
6599.1131180469965
6670.9010292904304
6684.4223611158877
6830.7033413806021
6850.7319767537583
6867.1600624566090
6774.1315787925150
6758.9814689834147
6738.2406816741732
6724.8384054636936
6815.8380566865817
6944.9878698288521
6909.8994273408707
7005.7553216297147
6925.8548131383686
6793.7056611028574
6849.8418211396292
6778.6078182380916
6756.1494248665604
7504.3704507315297
7562.6876143555019
7486.0655929018421
7463.8647817973997
7586.9713482028101
7604.9282267287026
7631.2669977601126
7528.7716973698771
7391.1666246309978
7431.6856320556581
7341.0490732526487
7409.6235059440141
7543.8742881820353
7485.5322404131293
7568.4014263406725
7584.0093768767174
7752.8508030315606
7775.9661646487075
7794.9256265067033
7687.5573755159603
7670.0708488211003
7646.1309966366553
7630.6612734757327
7735.6941680896944
7884.7399257778297
7844.2486451452414
7954.8590618257876
7862.6610642879186
7710.1496876069168
7774.9388347627855
7692.7238742496475
7666.8020207501140
8494.9947257061121
8561.8761587038443
8473.9997973871668
8448.5351925245704
8589.7233739074381
8610.3142459471346
8640.5148449441785
8522.9805796560140
8365.1407355268493
8411.6230616196608
8307.6417095852903
8386.3144812622922
8540.3009772504211
8473.3880505359430
8568.4285832381665
8586.3268404685405
8779.8990170904544
8806.3934875734649
8828.1232839507302
8705.0518506262306
8685.0045175854302
8657.5573433394438
8639.8203308601660
8760.2332789212560
8931.0455447269196
8884.6479825491951
9011.3798063208324
8905.7468021729801
8730.9513327476179
8805.2160132463268
8710.9747808744942
8681.2568871165131
9590.5265128534484
9666.6467032887085
9566.6280452485662
9537.6396141771074
9698.3357557170148
9721.7655096945873
9756.1270124383955
9622.3802312820117
9442.6886753325416
9495.6153942666933
9377.2074014975242
9466.7989341889024
9642.0930040762942
9565.9316715354180
9674.1033681150802
9694.4707868616315
9914.6699059372222
9944.7976277407924
9969.5052362637889
9829.5440595012569
9806.7399897099822
9775.5160307453189
9755.3368499248336
9892.3055908367860
10086.506475190448
10033.767277795059
10177.800470747845
10057.750953914938
9859.0027348486146
9943.4587416596441
9836.2811657599632
9802.4768470309173
10791.932700725132
10877.862223366470
10764.949896173719
10732.217258564775
10913.628293160560
10940.069932775230
10978.844718375698
10827.894026043998
10624.979642531234
10684.759358274756
10551.005009264572
10652.213047571882
10850.146834319759
10764.163615369129
10886.278591681477
10909.266278485062
11157.690462628792
11191.665142433338
11219.524954498980
11061.675742806949
11035.949858041773
11000.721964501674
10977.953121700828
11132.468174955853
11351.420522023272
11291.974286879868
11454.298698678558
11319.009418498112
11094.905846831900
11190.155372165636
11069.275663359658
11031.140265889246
12098.263572407704
12194.486702838536
12068.043122740817
12031.379491302872
12234.529618850744
12264.130231539211
12307.533014859482
12138.535898730459
11911.236901165201
11978.215495827497
11828.336577618016
11941.751405587172
12163.454077360833
12067.162458418214
12203.909888656575
12229.646241228265
12507.657383445930
12545.661766719526
12576.823033132603
12400.232870130183
12371.444451163374
12332.019126196565
12306.535059777494
12479.440926277153
12724.312335374805
12657.845283460576
12839.312291422570
12688.074862396092
12437.415447086891
12543.973008646475
12408.737082392730
12366.062046683619
13507.360860539418
13614.315724873959
13473.764524209515
13433.001759225062
13658.816925471780
13691.710310307388
13739.936790827025
13552.127929868841
13299.399843670899
13373.887012888399
13207.188164744784
13333.336746602532
13579.824897375200
13472.785443118981
13624.788471481701
13653.390085024103
13962.235019828337
14004.437866910985
14039.038679057854
13842.921573909609
13810.941667917899
13767.141922311110
13738.827984061189
13930.898847573104
14202.772014779914
14128.991744474059
14330.397227676205
14162.548887908782
13884.222828275027
14002.562630088381
13852.368125734285
13804.962315041579
15016.680285755929
15134.803601835069
14979.570737976697
14934.542125142729
15183.944596656489
15220.264845979516
15273.511514680587
15066.124974402413
14786.933684167256
14869.234661302607
14685.032217724223
14824.432101173190
15096.713813968137
14978.489237061107
15146.368635219917
15177.952164640092
15518.887733268897
15565.460404910567
15603.641188967853
15387.200403174873
15351.898902613453
15303.546453635930
15272.287339998526
15484.304549905684
15784.282238266880
15702.889856876960
15925.049057194081
15739.910543640608
15432.788287133764
15563.391077026290
15397.627716880859
15345.298268914923
16623.933144617884
16753.689162905284
16583.164503869466
16533.693020267750
16807.663015207225
16847.552785892451
16906.028715374028
16678.249804629617
16371.497757550327
16461.936086138616
16259.505990298088
16412.705098480459
16711.850736038552
16581.976331490969
16766.391923965737
16801.081451671962
17175.444943799517
17226.569679474891
17268.479733100550
17030.867776689789
16992.106227812470
16939.011353658570
16904.684367051272
17137.479340977090
17466.733368484838
17377.411604279947
17621.189031206333
17418.040213997585
17080.921004549687
17224.298166115830
17042.316738142530
16984.858419576856
18327.344736006162
18469.224479801680
18282.762256708902
18228.659848377887
18528.234709556920
18571.844117012111
18635.768886212205
18386.739199360822
18051.259328641350
18150.180178232225
17928.748811737831
18096.332965585705
18423.479349383222
18281.462899786111
18483.112907523366
18521.039221699011
18930.228508767126
18986.094002497779
19031.887563267403
18772.224841149949
18729.858643554846
18671.822811585182
18634.299322804665
18888.739986186145
19248.477555315480
19150.901554335385
19417.178641908078
19195.286108681132
18826.929698768894
18983.611932401960
18784.738104773722
18721.936590764970
20125.500218750385
20279.990772709727
20076.949489914452
20018.027936033741
20344.237959585247
20391.714449929561
20461.302958265609
20190.177203467803
19824.798841474963
19932.550916899938
19691.333966540249
19873.898009246299
20230.182625002657
20075.534438702114
20295.112183339301
20336.404154407563
20781.775909973116
20842.562287269771
20892.386038109089
20609.829467391024
20563.718525056665
20500.548715395977
20459.703256177563
20736.629870548266
21127.993940543322
21021.859193020075
21311.456745396197
21070.138728882714
20669.365823222142
20839.861684976760
20623.448279513996
20555.095954958924
22016.957826848356
22184.501253266437
21964.297669729025
21900.384212984809
22254.165961991530
22305.641709236745
22381.085737412010
22087.103740025177
21690.749303870263
21807.656495617415
21545.922085660932
21744.022206931684
22130.488771523320
21962.762793515762
22200.898320040986
22245.671927203097
22728.424464025207
22794.287568212061
22848.267824861876
22542.084237019670
22492.105083679038
22423.630450897756
22379.351514243117
22679.503938823174
23103.473320478442
22988.522331013421
23302.128625152505
23040.814725219614
22606.609939057678
22791.361550315443
22556.844861242142
22482.758791798984
23999.950447443698
24180.915690913109
23943.061962679756
23874.010429079703
24256.147096032466
24311.730711456894
24393.186944817320
24075.721495101567
23647.476082891204
23773.816331898684
23490.933032331453
23705.050201944781
24122.581498484808
23941.403775039496
24198.623750527680
24246.974777426090
24768.073846552263
24839.135730136863
24897.370750915055
24566.981768725902
24513.035193106945
24439.117655711521
24391.314632358484
24715.286648688027
25172.616481831941
25048.654375444770
25386.783422661319
25105.049199135588
24636.622927573149
24835.978924761610
24582.913250502163
24502.946478886275
26072.303074851337
26266.969586513405
26011.094821848295
25936.791934034634
26347.878696193380
26407.650229201619
26495.232938633038
26153.818389199881
25692.969122074373
25828.962665208659
25524.426051801420
25754.945838234722
26204.225511837798
26009.310631889410
26286.015042882482
26338.014723122222
26898.146659805407
26974.489169071443
27037.043887743446
26682.055707710406
26624.071600214542
26544.612479293930
26493.219951040563
26841.430142569850
27332.610418382690
27199.516247494877
27562.476820404838
27260.069628820584
26756.900435574458
26971.098001134207
26699.178442549011
26613.227173191743
28231.434568520628
28439.976842062642
28165.847378076909
28086.218563911283
28526.630004156246
28590.636121330459
28684.410064689422
28318.769761057920
27824.841639500042
27970.640582987253
27644.096394242250
27891.291499361883
28372.768928350142
28163.935430356421
28460.375641074050
28516.066483228169
29115.592374144107
29197.250800703412
29264.151610220233
28884.384417977068
28822.326527206264
28737.273039280957
28682.254962083054
29054.918133970015
29580.132636152994
29437.870570390707
29825.735615958958
29502.600108202769
28964.476667286301
29193.623774333159
28902.708743976476
28810.719394903215
30474.359754738696
30696.831574592492
30404.371655694700
30319.387009615395
30789.243898230325
30857.493013834857
30957.466288144537
30567.540334686164
30040.333100216681
30196.010637616568
29847.278785421822
30111.290913373574
30625.145169482934
30402.331273618478
30718.587657065505
30777.979216156338
31416.889091715657
31503.845919843650
31575.075552357612
31170.592599608943
31104.463279799402
31013.815037138851
30955.168941039483
31352.267615130626
31911.353790304493
31759.983952358227
32172.561161182053
31828.863781143093
31255.926031955707
31499.983896044338
31190.117395067511
31092.093635280267
32797.685840385311
33034.004599564323
32723.316996505582
32632.997273203473
33132.133453128532
33204.590934564141
33310.707967110939
32896.680643062282
32336.305925078137
32501.845387335128
32130.944433479377
32411.765776838285
32957.869404994592
32721.148726250758
33057.108369624417
33120.173068726224
33798.041427793381
33890.220382771768
33965.713058890935
33536.848477915650
33466.693289683688
33370.508625632589
33308.269717263822
33729.526534078919
34321.937692973217
34161.626234713483
34598.430917587983
34234.582423026412
33627.360546477146
33886.126843074053
33557.559805365257
33453.569373469167
35197.602026868168
35447.533557514966
35118.919553670414
35023.342041751166
35551.272339921728
35627.855938384288
35739.990844159103
35302.316832234777
34709.234662210554
34884.518645026583
34491.690224038779
34789.144950619811
35367.028492232275
35116.625304897279
35471.960412068591
35538.629540866859
36254.573765098990
36351.834400934960
36431.471447992706
35978.855724142639
35904.767724994213
35803.169626190545
35737.414656503723
36182.266671497768
36807.038128377899
36638.066088231317
37098.297649566914
36714.972577389701
36074.422186088566
36347.515686320796
36000.725569803173
35890.906631152531
37669.861460802407
37933.005918921968
37586.983960973950
37486.288046572416
38042.178341603700
38122.754027838047
38240.704603693499
37780.133023725735
37155.186566209057
37339.986448141091
36925.718965827669
37239.445203444302
37848.263614482261
37584.567139688756
37958.714893471268
38028.874936609536
38781.518415060797
38883.651512283905
38967.257677024580
38491.839544721362
38413.963078594054
38307.144468056264
38237.995203063118
38705.571226656451
39361.292175810340
39184.062612171430
39666.586023675576
39264.737923590626
38592.269654530050
38879.117025255968
38514.824710316025
38399.391469699527
40209.754992562055
40485.534448210987
40122.856613106684
40017.248799837442
40599.889609121630
40684.268025855141
40807.750696896110
40325.345752965055
39669.792831500825
39863.759077787610
39428.809831567771
39758.242786973620
40396.745164495194
40120.322240996160
40512.467044690398
40585.956520930980
41373.398570869795
41480.122644374453
41567.463347941950
41070.526731175603
40989.060499144900
40877.288575639963
40804.914682209725
41294.016974285943
41978.810063191704
41793.852924215498
42297.186677643287
41878.057880354841
41175.559399461345
41475.385000783921
41094.567942889284
40973.815189623368
42812.076644212582
43099.725145120894
42721.390419677984
42611.148523028045
43218.933721243542
43306.867495842540
43435.513574107259
42932.670435434855
42248.210128187995
42450.863869293506
41996.278522353867
42340.635533904009
43007.139854971698
42718.745233092144
43127.804418256070
43204.411440427670
44024.206356983144
44135.165596744402
44225.945396402371
43709.119895662225
43624.319065046948
43507.938367788964
43432.559501705444
43941.651278225800
44653.161944897161
44461.136118672497
44983.448156249273
44548.572831253630
43818.421128114991
44130.240713036997
43734.141202104351
43608.447427615116
45471.081222327055
45769.638213743739
45376.901428867597
45262.377612996308
45893.290140947516
45984.472330983997
46117.825985732139
45596.280346229403
44885.072607195383
45095.799083440448
44622.927187602661
44981.195693335387
45673.570571247168
45374.153949449385
45798.768202701576
45878.228995518271
46727.376759324485
46842.140738700189
46936.003267567081
46401.266622533003
46313.443712300694
46192.877550334364
46114.764412692581
46641.964734804969
47377.362402748877
47179.054401274945
47718.167466492669
47269.366777711577
46514.428575527505
46837.047839794017
46427.175158890292
46297.003858369768
48180.435151175909
48488.743233408626
48083.118360075576
47964.740638001465
48616.347275927139
48710.411242061346
48847.929608138315
48309.759232906254
47574.435190334974
47792.479756707675
47302.984775607700
47673.914367082230
48389.570111306872
48080.278927947635
48518.808833786665
48600.807467939478
49475.758742784448
49593.824224285760
49690.353872926593
49140.024831199647
49049.549102356636
48925.298971196025
48844.773085840672
49387.860753143512
50143.853886568002
49940.172660814067
50493.580359001331
50032.948661619230
49256.566828692543
49588.585757608016
49166.711028991522
49032.609785261586
50933.162339582392
51249.870406890819
50833.126832540656
50711.398614489131
51380.856034725206
51477.377043397202
51618.432900191678
51066.049404982623
50309.709745560351
50534.177220616526
50030.039284021783
50412.139189938098
51148.030672186600
50830.207592144448
51280.737782391458
51364.907393405330
52261.585400129981
52382.380540422091
52481.106117247589
51917.826245669508
51825.121331894661
51697.763944049490
51615.195908339665
52171.623934005984
52944.490710531274
52736.458180914356
53301.352767557481
52831.234023085941
52037.198089016289
52377.021982990736
51945.164564994862
51807.761522701963
53721.587705008969
54045.160509023997
53619.310905424936
53494.808165023918
54178.882489737305
54277.381335074184
54421.268762812913
53857.397928272272
53083.596657762442
53313.454858394391
52796.964322598593
53188.507792992335
53941.151710327955
53616.325733813093
54076.678139984549
54162.603892477506
55076.445488722537
55199.336686545896
55299.737242559575
54726.440462462335
54631.980004971170
54502.161594985664
54417.967574801653
54984.889643340641
55770.525565632946
55559.262589914841
56132.575099331232
55655.529030344769
54848.028322898528
55193.886234671874
54754.290714518502
54614.288095625154
56537.281811443951
56866.016898939262
56433.295406214667
56306.661052850184
57001.762959027881
57101.711850961445
57247.655202200658
56675.304346814628
55888.015304387874
56122.103609572063
55595.843463707744
55994.880562736798
56760.389573904729
56430.259774122227
56898.017353461088
56985.241378221574
57911.259144348747
58035.560681474599
58137.073604973244
57556.942645171170
57461.243752875256
57329.671390540221
57244.307674388350
57818.617636350085
58612.600751485967
58399.308444468086
58977.761226205497
58496.519191129089
57680.077750492608
58030.048816911454
57585.151955377085
57443.316351768488
59371.010853002197
59703.063611446363
59265.893338567053
59137.828450061250
59840.065420826555
59940.896307247545
60088.062709524194
59510.474078745814
58714.037959575740
58951.081662808276
58417.896972354145
58822.277184722079
59596.412996869629
59262.824096246652
59735.366101528671
59823.394567255425
60756.260848209626
60881.247341625043
60983.278718338370
60399.688277265115
60303.302723444489
60170.732488253176
60084.687989844395
60663.072904178698
61460.746422891956
61246.682987864158
61826.854042747982
61344.265175282831
60523.658484397136
60875.706273912416
60428.093712239002
60285.243025082753
62212.696819075296
62546.114000183821
62107.063312649101
61978.315007514277
62683.561573702333
62784.676943767743
62932.192368737829
62352.782173749038
61551.832561656396
61790.463575959744
61253.416559475969
61660.822320218795
62439.069047838384
62103.978395525446
62578.527748106324
62666.840126888601
63600.992788802570
63725.914303788588
63827.851399744541
63244.298587484693
63147.801778970330
63015.023817826172
62928.810524286208
63507.817009827726
64304.388039094010
64090.841560433328
64669.239292682854
64188.208093732246
63368.362770055988
63720.377296028055
63272.730432070857
63129.717512607873
65051.392966216663
65384.154538979012
64945.882283051455
64817.228202898506
65521.213930269965
65621.999983957561
65768.968680696620
65191.252341657819
64390.620420358726
64629.404570987143
64091.714617083555
64499.706344424812
65277.364308807351
64942.800336881977
65416.482927829325
65504.543372910986
66434.311530480729
66558.411007097602
66659.636572342410
66079.660131426775
65983.638042249426
65851.458747201541
65765.600249386480
66341.712973390735
67132.364854878906
66920.622815792449
67493.768995741004
67017.186242708471
66203.065111489646
66552.911601091473
66107.945756070971
65965.639033619111
67875.279537930706
68205.348064047052
67770.538745048456
67642.768373043131
68341.181958591682
68441.023831820115
68586.550639573383
68014.055915833058
67218.655107123996
67456.125780844886
66921.094748236923
67327.167177585638
68099.465776895595
67767.478676398488
68237.393482763946
68324.664064720419
69244.410312638502
69366.942747661684
69466.850671655047
68893.941483785020
68798.975922431404
68668.197712940921
68583.216117380172
69152.946191226627
69932.960676420495
69724.277277356639
70288.795217386039
69819.464702953381
69015.941012920870
69361.513913549366
68921.909690845190
68781.171336176849
70671.683866575855
70997.059840866670
70568.350769089346
70442.244114210378
71130.850358383876
71229.148879950983
71372.363633233603
70808.534565338108
70023.228246312196
70257.925583030956
69728.850049260611
70130.498659281235
70892.725109374966
70565.331234155979
71028.629063482353
71114.584420569299
72018.858321709777
72139.110946618530
72237.122638787812
71674.629008818360
71581.281769595953
71452.681221376697
71369.082915364677
71929.062887564520
72693.947216813962
72489.509842630985
73042.214120117947
72582.778273468983
71794.504078150814
72133.784190874299
71702.114693920419
71563.777134551856
73427.127455143025
73745.908294161622
73325.811727269567
73202.116225648409
73876.881019907742
73973.070271437493
74113.153224690832
73561.249025453464
72790.706516923921
73021.220682122454
72501.294303519840
72896.089476069712
73643.728285930847
73322.850579671373
73776.818163195348
73860.960935434414
74744.656904766642
74861.969435390172
74957.550178663965
74408.582215573289
74317.378826912987
74191.684124345033
74109.945025385387
74657.026198288338
75402.639248146792
75203.535626306824
75741.519240309965
75294.387038004439
74525.661776016917
74856.773908102317
74435.431133654434
74300.272977592977
76127.400342584224
76437.840048354614
76028.664245151202
75908.071023798489
76565.288072765557
76658.852857485457
76795.059832325744
76258.053861730019
75506.601774830313
75731.618225172992
75223.828850291786
75609.494260170017
76338.370534840258
76025.777970165596
76467.923174079755
76549.799437000460
77408.310974381413
77522.094907879335
77614.769361189232
77082.107307250029
76993.521206534686
76871.390070140056
76791.941112902961
77323.288219783470
78045.959402817534
77853.147073829270
78373.861785403016
77941.142455646041
77195.788343489694
77517.056554380833
77108.180700130106
76976.903297005672
78757.660078791363
79058.226176332828
78661.999865859674
78545.120726895009
79181.532779923684
79272.025013498613
79403.710854650330
78884.195399242017
78155.672835103993
78374.016993847807
77881.044381919812
78255.535164170797
78961.953545483251
78659.203033472368
79087.336328277743
79166.550151383126
79995.911871566568
80105.667796168025
80195.033822418103
79681.045291088987
79595.483301486078
79477.482619016911
79400.696291867964
79913.874305392761
80610.508980682149
80424.788638568119
80926.114479138836
80509.560293959003
79790.811145908694
80100.808598286472
79706.224121477251
79579.430057346108
81302.549146254270
81591.973406427962
81210.378315160517
81097.724878227440
81710.632022487611
81797.685066901176
81924.324020136162
81424.426603768952
80722.053284446869
80932.731791644968
80456.852455494722
80818.428158138879
81499.298732925148
81207.683085982382
81619.990270849084
81696.216523717507
82493.225798978034
82598.557776387795
82684.297855920813
82190.868544523022
82108.658485747350
81995.246826964270
81921.425546092942
82414.473657204871
83082.639508865730
82904.633552416664
83384.934109823967
82985.895031173015
82296.304455843827
82593.895124206509
82215.057095483731
82093.231852528304
83746.320884548288
84023.640670513385
83657.956338148681
83549.922687402257
84137.270915345318
84220.610999922312
84341.812815296624
83863.129098298319
83189.395013543224
83391.630799654376
82934.636393027540
83281.923769753485
83934.866823727352
83655.372053898973
84050.473683555567
84123.468313962614
84885.779661520952
84986.405942346857
85068.295598216573
84596.777128110218
84518.158253175658
84409.672262593289
84339.039255626718
84810.527903545109
85448.518057790759
85278.655331475486
85736.816408617728
85356.208533556535
84697.582126310954
84981.952168403222
84619.905768941637
84503.403573717806
86072.960056995304
86337.547882445695
85988.612017079067
85885.461925305834
86445.906760338723
86525.360869732787
86640.881779814619
86184.428765186371
85541.012259193798
85734.271151285371
85297.405839012092
85629.447263314170
86252.870407960872
85986.144900688741
86363.138923208389
86432.746135763999
87158.933683269817
87254.693308088157
87332.606206347584
86883.783372129677
86808.900093604490
86705.545441373601
86638.238608954765
87087.306811963557
87694.177292786233
87532.684517685746
87968.135026575910
87606.423728368856
86979.777978896236
87250.455403023763
86905.810358944596
86794.844904131663
88266.280045250445
88517.860042748347
88186.046199848352
88087.905566051675
88620.847882383066
88696.347818415772
88806.096012251364
88372.287389136618
87760.005897956464
87944.013280226398
87527.933707818214
87844.218370268776
88437.362199670533
88183.699179809017
88542.184876969550
88608.340929402359
89297.927172503594
89388.782367945998
89462.692041676652
89036.770050341438
88965.669123843691
88867.516281853677
88803.585233847552
89229.957238613715
89805.538540186404
89652.438383043322
90065.153776679450
89722.351253803383
89127.899594801493
89384.761880968566
89057.682316046674
88952.322602614149
90309.973581676415
90548.624927068551
90233.837506019176
90140.692092863625
90646.286138636147
90717.868845905628
90821.904604807409
90410.547826556911
89829.342012251553
90004.089137087532
89608.848153853498
89909.325087110308
90472.276839160681
90231.610166553481
90571.693418960305
90634.427094868472
91287.879422786646
91373.914089001657
91443.892542033573
91040.502959984035
90973.133960120103
90880.118601495662
90819.524753005913
91223.507005777166
91768.391885860823
91623.507035995834
92013.997072755898
91689.672793259466
91126.836745200941
91370.107199611797
91060.315945008406
90960.486999435481
92187.586021226758
92413.734797311190
92115.419432779687
92027.117390246640
92506.254099154612
92574.058743924645
92672.589970092449
92282.902320770605
91731.850538121304
91897.591290150303
91522.643779728794
91807.717908292034
92341.396227018180
92113.308077235895
92435.590040745214
92495.020216443241
93113.720016717183
93195.134988263206
93261.348739393143
92879.570997369694
92815.789582877231
92727.716923043175
92670.336214746159
93052.797677620605
93568.309575879292
93431.271633953729
93800.555722323013
93493.857060238224
92961.297972756001
93191.532718887102
92898.327670559389
92803.815390836913
93882.364747491301
94096.767139793286
93813.932681954539
93730.190748208683
94184.462448437596
94248.725128405058
94342.099544533165
93972.738165471121
93450.094399426947
93607.334530491324
93251.560860199854
93522.075463314686
94028.192955372229
93811.930482797907
94117.483790421276
94173.814862961008
94760.007234148856
94837.113366311518
94899.817787181993
94538.211300087423
94477.784439089708
94394.336373627550
94339.963871058600
94702.304651456667
95190.453343812595
95060.714782515584
95410.289554768111
95119.968766521590
94615.633301520356
94833.701889358548
94555.980613532724
94466.439515427162
95376.903556741716
95580.624658913322
95311.871088428015
95232.282776961409
95663.938374491365
95724.985721433099
95813.681563470192
95462.780156149514
94966.024856915479
95115.506895880608
94777.246721367483
95034.457837082460
95515.471632869172
95309.968283479160
95600.306877369920
95653.823165894602
96210.558499502164
96283.769013186436
96343.302116196093
95999.942239979806
95942.554238158060
95863.297668702406
95811.652985836728
96155.768207701214
96619.201615171216
96496.048491981695
96827.853769336056
96552.296211856927
96073.466270407647
96280.529989382601
96016.817356788801
95931.779506165563
96652.412589067491
96846.806768129056
96590.351169747053
96514.394568851072
96926.297851553958
96984.541268837871
97069.158981628832
96734.361112352737
96260.250031892254
96402.938425692817
96080.024456150408
96325.575158340827
96784.639817849471
96588.535248127519
96865.586342402516
96916.647001322170
97447.729890824659
97517.553932953335
97574.331187390562
97246.839749072155
97192.097494482005
97116.491634237173
97067.223731361795
97395.472145384658
97837.436468563887
97719.998725974641
98036.390286563459
97773.636917384501
97316.971316110925
97514.464794747357
97262.936508486513
97181.819289996507
97687.181566412168
97873.883583191666
97627.572013952347
97554.613543424741
97950.224140171355
98006.157380661214
98087.416222312007
97765.889602317897
97310.477709679690
97447.551192288942
97137.326962768348
97373.233681521713
97814.178530148929
97625.827804633183
97891.919110198112
97940.955939593870
98450.925595760797
98517.966109797271
98572.478788420878
98258.034580607535
98205.469521290084
98132.868729662252
98085.557824509320
98400.750035852936
98825.077572584400
98712.331856015691
99016.074545572192
98763.827487104427
98325.375255563864
98515.000153334928
98273.490928521685
98195.599971027666
98452.769441790791
98633.716184634541
98394.995209467685
98324.281519932236
98707.700637126880
98761.906627694945
98840.654741743143
98529.052467034242
98087.644066054694
98220.510053853985
97919.798104305199
98148.474576107430
98575.852696632530
98393.304685844618
98651.195222082519
98698.718565021612
99192.914167575495
99257.877026449918
99310.699723693280
99005.996275236539
98955.057629636183
98884.702162562869
98838.853782639359
99144.293062508630
99555.461518848300
99446.214933781652
99740.527212629109
99496.112580864312
99071.252504514472
99255.003004882266
99020.974275387372
98945.493385050810
98897.505270896640
99075.086020649964
98840.804735256170
98771.404488522559
99147.692902776427
99200.889148909744
99278.169717579774
98972.369845882757
98539.156079631954
98669.558963304662
98374.416791161770
98598.859304381069
99018.299424096869
98839.145621017029
99092.239668068883
99138.878112302569
99623.856487100056
99687.606024634602
99739.441913116330
99440.427715404090
99390.439354857604
99321.395962231007
99276.402329118180
99576.143266434650
99979.628886651917
99872.424644095852
100161.23361181196
99921.389541310258
99504.466189265848
99684.785688394026
99455.126244891726
99381.053506555429


